ISO-10303-21;
HEADER;
/* Generated by software containing ST-Developer
 * from STEP Tools, Inc. (www.steptools.com) 
 */

FILE_DESCRIPTION(
/* description */ (''),
/* implementation_level */ '2;1');

FILE_NAME(
/* name */ '3 x 25 Allen Bolt.step',
/* time_stamp */ '2025-07-09T19:48:54+05:30',
/* author */ (''),
/* organization */ (''),
/* preprocessor_version */ 'ST-DEVELOPER v20.1',
/* originating_system */ 'Autodesk Translation Framework v14.10.0.0',
/* authorisation */ '');

FILE_SCHEMA (('AUTOMOTIVE_DESIGN { 1 0 10303 214 3 1 1 }'));
ENDSEC;

DATA;
#10=MECHANICAL_DESIGN_GEOMETRIC_PRESENTATION_REPRESENTATION('',(#13),#9382);
#11=SHAPE_REPRESENTATION_RELATIONSHIP('SRR','None',#9389,#12);
#12=ADVANCED_BREP_SHAPE_REPRESENTATION('',(#14),#9381);
#13=STYLED_ITEM('',(#9398),#14);
#14=MANIFOLD_SOLID_BREP('Body1',#2190);
#15=B_SPLINE_SURFACE_WITH_KNOTS('',3,3,((#6609,#6610,#6611,#6612,#6613,
#6614,#6615,#6616,#6617,#6618,#6619,#6620,#6621,#6622,#6623,#6624,#6625,
#6626,#6627,#6628,#6629,#6630,#6631,#6632,#6633,#6634,#6635,#6636,#6637,
#6638,#6639,#6640,#6641,#6642,#6643,#6644,#6645,#6646,#6647,#6648,#6649,
#6650,#6651,#6652,#6653,#6654,#6655,#6656,#6657,#6658,#6659,#6660,#6661,
#6662,#6663,#6664,#6665,#6666,#6667,#6668,#6669,#6670,#6671,#6672,#6673,
#6674,#6675,#6676,#6677,#6678,#6679,#6680,#6681,#6682,#6683,#6684,#6685,
#6686,#6687,#6688,#6689,#6690,#6691,#6692,#6693,#6694,#6695,#6696,#6697,
#6698,#6699,#6700,#6701,#6702,#6703,#6704,#6705,#6706,#6707,#6708,#6709,
#6710,#6711,#6712,#6713,#6714,#6715,#6716,#6717,#6718,#6719,#6720,#6721,
#6722,#6723,#6724,#6725,#6726,#6727,#6728,#6729,#6730,#6731,#6732,#6733,
#6734,#6735,#6736,#6737,#6738,#6739,#6740,#6741,#6742,#6743,#6744,#6745,
#6746,#6747,#6748,#6749,#6750,#6751,#6752,#6753,#6754,#6755,#6756,#6757,
#6758,#6759,#6760,#6761,#6762,#6763,#6764,#6765,#6766,#6767,#6768,#6769,
#6770,#6771,#6772,#6773,#6774,#6775,#6776,#6777,#6778,#6779,#6780,#6781,
#6782,#6783,#6784,#6785,#6786,#6787,#6788,#6789,#6790,#6791,#6792,#6793,
#6794,#6795,#6796,#6797,#6798,#6799,#6800,#6801,#6802,#6803,#6804,#6805,
#6806,#6807,#6808,#6809,#6810,#6811,#6812,#6813,#6814,#6815,#6816,#6817,
#6818,#6819,#6820,#6821,#6822,#6823,#6824,#6825,#6826,#6827,#6828,#6829,
#6830,#6831,#6832,#6833,#6834,#6835,#6836,#6837,#6838,#6839,#6840,#6841,
#6842,#6843,#6844,#6845,#6846,#6847,#6848,#6849,#6850,#6851,#6852,#6853,
#6854,#6855,#6856,#6857,#6858,#6859,#6860,#6861,#6862,#6863,#6864,#6865,
#6866,#6867,#6868,#6869,#6870,#6871,#6872,#6873,#6874,#6875,#6876,#6877,
#6878,#6879,#6880,#6881,#6882,#6883,#6884,#6885,#6886,#6887,#6888,#6889,
#6890,#6891,#6892,#6893,#6894,#6895,#6896,#6897,#6898,#6899,#6900,#6901,
#6902,#6903,#6904,#6905,#6906,#6907,#6908,#6909,#6910,#6911,#6912,#6913,
#6914,#6915,#6916,#6917,#6918,#6919,#6920,#6921,#6922,#6923,#6924,#6925,
#6926,#6927,#6928),(#6929,#6930,#6931,#6932,#6933,#6934,#6935,#6936,#6937,
#6938,#6939,#6940,#6941,#6942,#6943,#6944,#6945,#6946,#6947,#6948,#6949,
#6950,#6951,#6952,#6953,#6954,#6955,#6956,#6957,#6958,#6959,#6960,#6961,
#6962,#6963,#6964,#6965,#6966,#6967,#6968,#6969,#6970,#6971,#6972,#6973,
#6974,#6975,#6976,#6977,#6978,#6979,#6980,#6981,#6982,#6983,#6984,#6985,
#6986,#6987,#6988,#6989,#6990,#6991,#6992,#6993,#6994,#6995,#6996,#6997,
#6998,#6999,#7000,#7001,#7002,#7003,#7004,#7005,#7006,#7007,#7008,#7009,
#7010,#7011,#7012,#7013,#7014,#7015,#7016,#7017,#7018,#7019,#7020,#7021,
#7022,#7023,#7024,#7025,#7026,#7027,#7028,#7029,#7030,#7031,#7032,#7033,
#7034,#7035,#7036,#7037,#7038,#7039,#7040,#7041,#7042,#7043,#7044,#7045,
#7046,#7047,#7048,#7049,#7050,#7051,#7052,#7053,#7054,#7055,#7056,#7057,
#7058,#7059,#7060,#7061,#7062,#7063,#7064,#7065,#7066,#7067,#7068,#7069,
#7070,#7071,#7072,#7073,#7074,#7075,#7076,#7077,#7078,#7079,#7080,#7081,
#7082,#7083,#7084,#7085,#7086,#7087,#7088,#7089,#7090,#7091,#7092,#7093,
#7094,#7095,#7096,#7097,#7098,#7099,#7100,#7101,#7102,#7103,#7104,#7105,
#7106,#7107,#7108,#7109,#7110,#7111,#7112,#7113,#7114,#7115,#7116,#7117,
#7118,#7119,#7120,#7121,#7122,#7123,#7124,#7125,#7126,#7127,#7128,#7129,
#7130,#7131,#7132,#7133,#7134,#7135,#7136,#7137,#7138,#7139,#7140,#7141,
#7142,#7143,#7144,#7145,#7146,#7147,#7148,#7149,#7150,#7151,#7152,#7153,
#7154,#7155,#7156,#7157,#7158,#7159,#7160,#7161,#7162,#7163,#7164,#7165,
#7166,#7167,#7168,#7169,#7170,#7171,#7172,#7173,#7174,#7175,#7176,#7177,
#7178,#7179,#7180,#7181,#7182,#7183,#7184,#7185,#7186,#7187,#7188,#7189,
#7190,#7191,#7192,#7193,#7194,#7195,#7196,#7197,#7198,#7199,#7200,#7201,
#7202,#7203,#7204,#7205,#7206,#7207,#7208,#7209,#7210,#7211,#7212,#7213,
#7214,#7215,#7216,#7217,#7218,#7219,#7220,#7221,#7222,#7223,#7224,#7225,
#7226,#7227,#7228,#7229,#7230,#7231,#7232,#7233,#7234,#7235,#7236,#7237,
#7238,#7239,#7240,#7241,#7242,#7243,#7244,#7245,#7246,#7247,#7248),(#7249,
#7250,#7251,#7252,#7253,#7254,#7255,#7256,#7257,#7258,#7259,#7260,#7261,
#7262,#7263,#7264,#7265,#7266,#7267,#7268,#7269,#7270,#7271,#7272,#7273,
#7274,#7275,#7276,#7277,#7278,#7279,#7280,#7281,#7282,#7283,#7284,#7285,
#7286,#7287,#7288,#7289,#7290,#7291,#7292,#7293,#7294,#7295,#7296,#7297,
#7298,#7299,#7300,#7301,#7302,#7303,#7304,#7305,#7306,#7307,#7308,#7309,
#7310,#7311,#7312,#7313,#7314,#7315,#7316,#7317,#7318,#7319,#7320,#7321,
#7322,#7323,#7324,#7325,#7326,#7327,#7328,#7329,#7330,#7331,#7332,#7333,
#7334,#7335,#7336,#7337,#7338,#7339,#7340,#7341,#7342,#7343,#7344,#7345,
#7346,#7347,#7348,#7349,#7350,#7351,#7352,#7353,#7354,#7355,#7356,#7357,
#7358,#7359,#7360,#7361,#7362,#7363,#7364,#7365,#7366,#7367,#7368,#7369,
#7370,#7371,#7372,#7373,#7374,#7375,#7376,#7377,#7378,#7379,#7380,#7381,
#7382,#7383,#7384,#7385,#7386,#7387,#7388,#7389,#7390,#7391,#7392,#7393,
#7394,#7395,#7396,#7397,#7398,#7399,#7400,#7401,#7402,#7403,#7404,#7405,
#7406,#7407,#7408,#7409,#7410,#7411,#7412,#7413,#7414,#7415,#7416,#7417,
#7418,#7419,#7420,#7421,#7422,#7423,#7424,#7425,#7426,#7427,#7428,#7429,
#7430,#7431,#7432,#7433,#7434,#7435,#7436,#7437,#7438,#7439,#7440,#7441,
#7442,#7443,#7444,#7445,#7446,#7447,#7448,#7449,#7450,#7451,#7452,#7453,
#7454,#7455,#7456,#7457,#7458,#7459,#7460,#7461,#7462,#7463,#7464,#7465,
#7466,#7467,#7468,#7469,#7470,#7471,#7472,#7473,#7474,#7475,#7476,#7477,
#7478,#7479,#7480,#7481,#7482,#7483,#7484,#7485,#7486,#7487,#7488,#7489,
#7490,#7491,#7492,#7493,#7494,#7495,#7496,#7497,#7498,#7499,#7500,#7501,
#7502,#7503,#7504,#7505,#7506,#7507,#7508,#7509,#7510,#7511,#7512,#7513,
#7514,#7515,#7516,#7517,#7518,#7519,#7520,#7521,#7522,#7523,#7524,#7525,
#7526,#7527,#7528,#7529,#7530,#7531,#7532,#7533,#7534,#7535,#7536,#7537,
#7538,#7539,#7540,#7541,#7542,#7543,#7544,#7545,#7546,#7547,#7548,#7549,
#7550,#7551,#7552,#7553,#7554,#7555,#7556,#7557,#7558,#7559,#7560,#7561,
#7562,#7563,#7564,#7565,#7566,#7567,#7568),(#7569,#7570,#7571,#7572,#7573,
#7574,#7575,#7576,#7577,#7578,#7579,#7580,#7581,#7582,#7583,#7584,#7585,
#7586,#7587,#7588,#7589,#7590,#7591,#7592,#7593,#7594,#7595,#7596,#7597,
#7598,#7599,#7600,#7601,#7602,#7603,#7604,#7605,#7606,#7607,#7608,#7609,
#7610,#7611,#7612,#7613,#7614,#7615,#7616,#7617,#7618,#7619,#7620,#7621,
#7622,#7623,#7624,#7625,#7626,#7627,#7628,#7629,#7630,#7631,#7632,#7633,
#7634,#7635,#7636,#7637,#7638,#7639,#7640,#7641,#7642,#7643,#7644,#7645,
#7646,#7647,#7648,#7649,#7650,#7651,#7652,#7653,#7654,#7655,#7656,#7657,
#7658,#7659,#7660,#7661,#7662,#7663,#7664,#7665,#7666,#7667,#7668,#7669,
#7670,#7671,#7672,#7673,#7674,#7675,#7676,#7677,#7678,#7679,#7680,#7681,
#7682,#7683,#7684,#7685,#7686,#7687,#7688,#7689,#7690,#7691,#7692,#7693,
#7694,#7695,#7696,#7697,#7698,#7699,#7700,#7701,#7702,#7703,#7704,#7705,
#7706,#7707,#7708,#7709,#7710,#7711,#7712,#7713,#7714,#7715,#7716,#7717,
#7718,#7719,#7720,#7721,#7722,#7723,#7724,#7725,#7726,#7727,#7728,#7729,
#7730,#7731,#7732,#7733,#7734,#7735,#7736,#7737,#7738,#7739,#7740,#7741,
#7742,#7743,#7744,#7745,#7746,#7747,#7748,#7749,#7750,#7751,#7752,#7753,
#7754,#7755,#7756,#7757,#7758,#7759,#7760,#7761,#7762,#7763,#7764,#7765,
#7766,#7767,#7768,#7769,#7770,#7771,#7772,#7773,#7774,#7775,#7776,#7777,
#7778,#7779,#7780,#7781,#7782,#7783,#7784,#7785,#7786,#7787,#7788,#7789,
#7790,#7791,#7792,#7793,#7794,#7795,#7796,#7797,#7798,#7799,#7800,#7801,
#7802,#7803,#7804,#7805,#7806,#7807,#7808,#7809,#7810,#7811,#7812,#7813,
#7814,#7815,#7816,#7817,#7818,#7819,#7820,#7821,#7822,#7823,#7824,#7825,
#7826,#7827,#7828,#7829,#7830,#7831,#7832,#7833,#7834,#7835,#7836,#7837,
#7838,#7839,#7840,#7841,#7842,#7843,#7844,#7845,#7846,#7847,#7848,#7849,
#7850,#7851,#7852,#7853,#7854,#7855,#7856,#7857,#7858,#7859,#7860,#7861,
#7862,#7863,#7864,#7865,#7866,#7867,#7868,#7869,#7870,#7871,#7872,#7873,
#7874,#7875,#7876,#7877,#7878,#7879,#7880,#7881,#7882,#7883,#7884,#7885,
#7886,#7887,#7888)),.UNSPECIFIED.,.F.,.F.,.F.,(4,4),(4,1,1,1,1,1,1,1,1,
1,1,1,1,1,1,1,1,1,1,1,1,1,1,1,1,1,1,1,1,1,1,1,1,1,1,1,1,1,1,1,1,1,1,1,1,
1,1,1,1,1,1,1,1,1,1,1,1,1,1,1,1,1,1,1,1,1,1,1,1,1,1,1,1,1,1,1,1,1,1,1,1,
1,1,1,1,1,1,1,1,1,1,1,1,1,1,1,1,1,1,1,1,1,1,1,1,1,1,1,1,1,1,1,1,1,1,1,1,
1,1,1,1,1,1,1,1,1,1,1,1,1,1,1,1,1,1,1,1,1,1,1,1,1,1,1,1,1,1,1,1,1,1,1,1,
1,1,1,1,1,1,1,1,1,1,1,1,1,1,1,1,1,1,1,1,1,1,1,1,1,1,1,1,1,1,1,1,1,1,1,1,
1,1,1,1,1,1,1,1,1,1,1,1,1,1,1,1,1,1,1,1,1,1,1,1,1,1,1,1,1,1,1,1,1,1,1,1,
1,1,1,1,1,1,1,1,1,1,1,1,1,1,1,1,1,1,1,1,1,1,1,1,1,1,1,1,1,1,1,1,1,1,1,1,
1,1,1,1,1,1,1,1,1,1,1,1,1,1,1,1,1,1,1,1,1,1,1,1,1,1,1,1,1,1,1,1,1,1,1,1,
1,1,1,1,1,1,1,1,1,1,1,1,1,1,1,1,1,1,1,1,4),(0.,0.0329955678841871),(8.30203615430884,
9.29961482318045,10.2971934920521,11.2947721609237,12.2923508297953,13.2899294986669,
14.2875081675385,15.2850868364101,16.2826655052817,17.2802441741533,18.2778228430249,
19.2754015118965,20.2729801807681,21.2705588496397,22.2681375185113,23.2657161873829,
24.2632948562545,25.2608735251262,26.2584521939978,27.2560308628694,28.253609531741,
29.2511882006126,30.2487668694842,31.2463455383558,32.2439242072274,33.241502876099,
34.2390815449706,35.2366602138422,36.2342388827138,37.2318175515854,38.229396220457,
39.2269748893286,40.2245535582002,41.2221322270718,42.2197108959435,43.2172895648151,
44.2148682336867,45.2124469025583,46.2100255714299,47.2076042403015,48.2051829091731,
49.2027615780447,50.2003402469163,51.1979189157879,52.1954975846595,53.1930762535311,
54.1906549224027,55.1882335912743,56.1858122601459,57.1833909290175,58.1809695978892,
59.1785482667608,60.1761269356324,61.173705604504,62.1712842733756,63.1688629422472,
64.1664416111188,65.1640202799904,66.161598948862,67.1591776177336,68.1567562866052,
69.1543349554768,70.1519136243484,71.14949229322,72.1470709620916,73.1446496309632,
74.1422282998348,75.1398069687065,76.1373856375781,77.1349643064497,78.1325429753213,
79.1301216441929,80.1277003130645,81.1252789819361,82.1228576508077,83.1204363196793,
84.1180149885509,85.1155936574225,86.1131723262941,87.1107509951657,88.1083296640373,
89.1059083329089,90.1034870017806,91.1010656706521,92.0986443395238,93.0962230083954,
94.093801677267,95.0913803461386,96.0889590150102,97.0865376838818,98.0841163527534,
99.081695021625,100.079273690497,101.076852359368,102.07443102824,103.072009697111,
104.069588365983,105.067167034855,106.064745703726,107.062324372598,108.059903041469,
109.057481710341,110.055060379213,111.052639048084,112.050217716956,113.047796385827,
114.045375054699,115.042953723571,116.040532392442,117.038111061314,118.035689730186,
119.033268399057,120.030847067929,121.0284257368,122.026004405672,123.023583074544,
124.021161743415,125.018740412287,126.016319081158,127.01389775003,128.011476418902,
129.009055087773,130.006633756645,131.004212425516,132.001791094388,132.99936976326,
133.996948432131,134.994527101003,135.992105769874,136.989684438746,137.987263107618,
138.984841776489,139.982420445361,140.979999114232,141.977577783104,142.975156451976,
143.972735120847,144.970313789719,145.96789245859,146.965471127462,147.963049796334,
148.960628465205,149.958207134077,150.955785802949,151.95336447182,152.950943140692,
153.948521809563,154.946100478435,155.943679147307,156.941257816178,157.93883648505,
158.936415153921,159.933993822793,160.931572491665,161.929151160536,162.926729829408,
163.924308498279,164.921887167151,165.919465836023,166.917044504894,167.914623173766,
168.912201842637,169.909780511509,170.907359180381,171.904937849252,172.902516518124,
173.900095186995,174.897673855867,175.895252524739,176.89283119361,177.890409862482,
178.887988531353,179.885567200225,180.883145869097,181.880724537968,182.87830320684,
183.875881875712,184.873460544583,185.871039213455,186.868617882326,187.866196551198,
188.86377522007,189.861353888941,190.858932557813,191.856511226684,192.854089895556,
193.851668564428,194.849247233299,195.846825902171,196.844404571042,197.841983239914,
198.839561908786,199.837140577657,200.834719246529,201.8322979154,202.829876584272,
203.827455253144,204.825033922015,205.822612590887,206.820191259758,207.81776992863,
208.815348597502,209.812927266373,210.810505935245,211.808084604116,212.805663272988,
213.80324194186,214.800820610731,215.798399279603,216.795977948475,217.793556617346,
218.791135286218,219.788713955089,220.786292623961,221.783871292833,222.781449961704,
223.779028630576,224.776607299447,225.774185968319,226.771764637191,227.769343306062,
228.766921974934,229.764500643805,230.762079312677,231.759657981549,232.75723665042,
233.754815319292,234.752393988163,235.749972657035,236.747551325907,237.745129994778,
238.74270866365,239.740287332521,240.737866001393,241.735444670265,242.733023339136,
243.730602008008,244.72818067688,245.725759345751,246.723338014623,247.720916683494,
248.718495352366,249.716074021238,250.713652690109,251.711231358981,252.708810027852,
253.706388696724,254.703967365596,255.701546034467,256.699124703339,257.69670337221,
258.694282041082,259.691860709954,260.689439378825,261.687018047697,262.684596716568,
263.68217538544,264.679754054312,265.677332723183,266.674911392055,267.672490060926,
268.670068729798,269.66764739867,270.665226067541,271.662804736413,272.660383405284,
273.657962074156,274.655540743028,275.653119411899,276.650698080771,277.648276749642,
278.645855418514,279.643434087386,280.641012756257,281.638591425129,282.636170094001,
283.633748762872,284.631327431744,285.628906100615,286.626484769487,287.624063438359,
288.62164210723,289.619220776102,290.616799444973,291.614378113845,292.611956782717,
293.609535451588,294.60711412046,295.604692789331,296.602271458203,297.599850127075,
298.597428795946,299.595007464818,300.592586133689,301.590164802561,302.587743471433,
303.585322140304,304.582900809176,305.580479478047,306.578058146919,307.575636815791,
308.573215484662,309.570794153534,310.568372822406,311.565951491277,312.563530160149,
313.56110882902,314.558687497892,315.556266166764,316.553844835635,317.551423504507,
318.549002173378,319.54658084225,320.544159511122,321.541738179993,322.539316848865,
323.536895517736,324.534474186608),.UNSPECIFIED.);
#16=B_SPLINE_SURFACE_WITH_KNOTS('',3,3,((#8003,#8004,#8005,#8006,#8007,
#8008,#8009,#8010,#8011,#8012,#8013,#8014,#8015,#8016,#8017,#8018,#8019,
#8020,#8021,#8022,#8023,#8024,#8025,#8026,#8027,#8028,#8029,#8030,#8031,
#8032,#8033,#8034,#8035,#8036,#8037,#8038,#8039,#8040,#8041,#8042,#8043,
#8044,#8045,#8046,#8047,#8048,#8049,#8050,#8051,#8052,#8053,#8054,#8055,
#8056,#8057,#8058,#8059,#8060,#8061,#8062,#8063,#8064,#8065,#8066,#8067,
#8068,#8069,#8070,#8071,#8072,#8073,#8074,#8075,#8076,#8077,#8078,#8079,
#8080,#8081,#8082,#8083,#8084,#8085,#8086,#8087,#8088,#8089,#8090,#8091,
#8092,#8093,#8094,#8095,#8096,#8097,#8098,#8099,#8100,#8101,#8102,#8103,
#8104,#8105,#8106,#8107,#8108,#8109,#8110,#8111,#8112,#8113,#8114,#8115,
#8116,#8117,#8118,#8119,#8120,#8121,#8122,#8123,#8124,#8125,#8126,#8127,
#8128,#8129,#8130,#8131,#8132,#8133,#8134,#8135,#8136,#8137,#8138,#8139,
#8140,#8141,#8142,#8143,#8144,#8145,#8146,#8147,#8148,#8149,#8150,#8151,
#8152,#8153,#8154,#8155,#8156,#8157,#8158,#8159,#8160,#8161,#8162,#8163,
#8164,#8165,#8166,#8167,#8168,#8169,#8170,#8171,#8172,#8173,#8174,#8175,
#8176,#8177,#8178,#8179,#8180,#8181,#8182,#8183,#8184,#8185,#8186,#8187,
#8188,#8189,#8190,#8191,#8192,#8193,#8194,#8195,#8196,#8197,#8198,#8199,
#8200,#8201,#8202,#8203,#8204,#8205,#8206,#8207,#8208,#8209,#8210,#8211,
#8212,#8213,#8214,#8215,#8216,#8217,#8218,#8219,#8220,#8221,#8222,#8223,
#8224,#8225,#8226,#8227,#8228,#8229,#8230,#8231,#8232,#8233,#8234,#8235,
#8236,#8237,#8238,#8239,#8240,#8241,#8242,#8243,#8244,#8245,#8246,#8247,
#8248,#8249,#8250,#8251,#8252,#8253,#8254,#8255,#8256,#8257,#8258,#8259,
#8260,#8261,#8262,#8263,#8264,#8265,#8266,#8267,#8268,#8269,#8270,#8271,
#8272,#8273,#8274,#8275,#8276,#8277,#8278,#8279,#8280,#8281,#8282,#8283,
#8284,#8285,#8286,#8287,#8288,#8289,#8290,#8291,#8292,#8293,#8294,#8295,
#8296,#8297,#8298,#8299,#8300,#8301,#8302,#8303,#8304,#8305,#8306,#8307,
#8308,#8309,#8310,#8311,#8312,#8313,#8314,#8315,#8316,#8317,#8318,#8319,
#8320,#8321,#8322),(#8323,#8324,#8325,#8326,#8327,#8328,#8329,#8330,#8331,
#8332,#8333,#8334,#8335,#8336,#8337,#8338,#8339,#8340,#8341,#8342,#8343,
#8344,#8345,#8346,#8347,#8348,#8349,#8350,#8351,#8352,#8353,#8354,#8355,
#8356,#8357,#8358,#8359,#8360,#8361,#8362,#8363,#8364,#8365,#8366,#8367,
#8368,#8369,#8370,#8371,#8372,#8373,#8374,#8375,#8376,#8377,#8378,#8379,
#8380,#8381,#8382,#8383,#8384,#8385,#8386,#8387,#8388,#8389,#8390,#8391,
#8392,#8393,#8394,#8395,#8396,#8397,#8398,#8399,#8400,#8401,#8402,#8403,
#8404,#8405,#8406,#8407,#8408,#8409,#8410,#8411,#8412,#8413,#8414,#8415,
#8416,#8417,#8418,#8419,#8420,#8421,#8422,#8423,#8424,#8425,#8426,#8427,
#8428,#8429,#8430,#8431,#8432,#8433,#8434,#8435,#8436,#8437,#8438,#8439,
#8440,#8441,#8442,#8443,#8444,#8445,#8446,#8447,#8448,#8449,#8450,#8451,
#8452,#8453,#8454,#8455,#8456,#8457,#8458,#8459,#8460,#8461,#8462,#8463,
#8464,#8465,#8466,#8467,#8468,#8469,#8470,#8471,#8472,#8473,#8474,#8475,
#8476,#8477,#8478,#8479,#8480,#8481,#8482,#8483,#8484,#8485,#8486,#8487,
#8488,#8489,#8490,#8491,#8492,#8493,#8494,#8495,#8496,#8497,#8498,#8499,
#8500,#8501,#8502,#8503,#8504,#8505,#8506,#8507,#8508,#8509,#8510,#8511,
#8512,#8513,#8514,#8515,#8516,#8517,#8518,#8519,#8520,#8521,#8522,#8523,
#8524,#8525,#8526,#8527,#8528,#8529,#8530,#8531,#8532,#8533,#8534,#8535,
#8536,#8537,#8538,#8539,#8540,#8541,#8542,#8543,#8544,#8545,#8546,#8547,
#8548,#8549,#8550,#8551,#8552,#8553,#8554,#8555,#8556,#8557,#8558,#8559,
#8560,#8561,#8562,#8563,#8564,#8565,#8566,#8567,#8568,#8569,#8570,#8571,
#8572,#8573,#8574,#8575,#8576,#8577,#8578,#8579,#8580,#8581,#8582,#8583,
#8584,#8585,#8586,#8587,#8588,#8589,#8590,#8591,#8592,#8593,#8594,#8595,
#8596,#8597,#8598,#8599,#8600,#8601,#8602,#8603,#8604,#8605,#8606,#8607,
#8608,#8609,#8610,#8611,#8612,#8613,#8614,#8615,#8616,#8617,#8618,#8619,
#8620,#8621,#8622,#8623,#8624,#8625,#8626,#8627,#8628,#8629,#8630,#8631,
#8632,#8633,#8634,#8635,#8636,#8637,#8638,#8639,#8640,#8641,#8642),(#8643,
#8644,#8645,#8646,#8647,#8648,#8649,#8650,#8651,#8652,#8653,#8654,#8655,
#8656,#8657,#8658,#8659,#8660,#8661,#8662,#8663,#8664,#8665,#8666,#8667,
#8668,#8669,#8670,#8671,#8672,#8673,#8674,#8675,#8676,#8677,#8678,#8679,
#8680,#8681,#8682,#8683,#8684,#8685,#8686,#8687,#8688,#8689,#8690,#8691,
#8692,#8693,#8694,#8695,#8696,#8697,#8698,#8699,#8700,#8701,#8702,#8703,
#8704,#8705,#8706,#8707,#8708,#8709,#8710,#8711,#8712,#8713,#8714,#8715,
#8716,#8717,#8718,#8719,#8720,#8721,#8722,#8723,#8724,#8725,#8726,#8727,
#8728,#8729,#8730,#8731,#8732,#8733,#8734,#8735,#8736,#8737,#8738,#8739,
#8740,#8741,#8742,#8743,#8744,#8745,#8746,#8747,#8748,#8749,#8750,#8751,
#8752,#8753,#8754,#8755,#8756,#8757,#8758,#8759,#8760,#8761,#8762,#8763,
#8764,#8765,#8766,#8767,#8768,#8769,#8770,#8771,#8772,#8773,#8774,#8775,
#8776,#8777,#8778,#8779,#8780,#8781,#8782,#8783,#8784,#8785,#8786,#8787,
#8788,#8789,#8790,#8791,#8792,#8793,#8794,#8795,#8796,#8797,#8798,#8799,
#8800,#8801,#8802,#8803,#8804,#8805,#8806,#8807,#8808,#8809,#8810,#8811,
#8812,#8813,#8814,#8815,#8816,#8817,#8818,#8819,#8820,#8821,#8822,#8823,
#8824,#8825,#8826,#8827,#8828,#8829,#8830,#8831,#8832,#8833,#8834,#8835,
#8836,#8837,#8838,#8839,#8840,#8841,#8842,#8843,#8844,#8845,#8846,#8847,
#8848,#8849,#8850,#8851,#8852,#8853,#8854,#8855,#8856,#8857,#8858,#8859,
#8860,#8861,#8862,#8863,#8864,#8865,#8866,#8867,#8868,#8869,#8870,#8871,
#8872,#8873,#8874,#8875,#8876,#8877,#8878,#8879,#8880,#8881,#8882,#8883,
#8884,#8885,#8886,#8887,#8888,#8889,#8890,#8891,#8892,#8893,#8894,#8895,
#8896,#8897,#8898,#8899,#8900,#8901,#8902,#8903,#8904,#8905,#8906,#8907,
#8908,#8909,#8910,#8911,#8912,#8913,#8914,#8915,#8916,#8917,#8918,#8919,
#8920,#8921,#8922,#8923,#8924,#8925,#8926,#8927,#8928,#8929,#8930,#8931,
#8932,#8933,#8934,#8935,#8936,#8937,#8938,#8939,#8940,#8941,#8942,#8943,
#8944,#8945,#8946,#8947,#8948,#8949,#8950,#8951,#8952,#8953,#8954,#8955,
#8956,#8957,#8958,#8959,#8960,#8961,#8962),(#8963,#8964,#8965,#8966,#8967,
#8968,#8969,#8970,#8971,#8972,#8973,#8974,#8975,#8976,#8977,#8978,#8979,
#8980,#8981,#8982,#8983,#8984,#8985,#8986,#8987,#8988,#8989,#8990,#8991,
#8992,#8993,#8994,#8995,#8996,#8997,#8998,#8999,#9000,#9001,#9002,#9003,
#9004,#9005,#9006,#9007,#9008,#9009,#9010,#9011,#9012,#9013,#9014,#9015,
#9016,#9017,#9018,#9019,#9020,#9021,#9022,#9023,#9024,#9025,#9026,#9027,
#9028,#9029,#9030,#9031,#9032,#9033,#9034,#9035,#9036,#9037,#9038,#9039,
#9040,#9041,#9042,#9043,#9044,#9045,#9046,#9047,#9048,#9049,#9050,#9051,
#9052,#9053,#9054,#9055,#9056,#9057,#9058,#9059,#9060,#9061,#9062,#9063,
#9064,#9065,#9066,#9067,#9068,#9069,#9070,#9071,#9072,#9073,#9074,#9075,
#9076,#9077,#9078,#9079,#9080,#9081,#9082,#9083,#9084,#9085,#9086,#9087,
#9088,#9089,#9090,#9091,#9092,#9093,#9094,#9095,#9096,#9097,#9098,#9099,
#9100,#9101,#9102,#9103,#9104,#9105,#9106,#9107,#9108,#9109,#9110,#9111,
#9112,#9113,#9114,#9115,#9116,#9117,#9118,#9119,#9120,#9121,#9122,#9123,
#9124,#9125,#9126,#9127,#9128,#9129,#9130,#9131,#9132,#9133,#9134,#9135,
#9136,#9137,#9138,#9139,#9140,#9141,#9142,#9143,#9144,#9145,#9146,#9147,
#9148,#9149,#9150,#9151,#9152,#9153,#9154,#9155,#9156,#9157,#9158,#9159,
#9160,#9161,#9162,#9163,#9164,#9165,#9166,#9167,#9168,#9169,#9170,#9171,
#9172,#9173,#9174,#9175,#9176,#9177,#9178,#9179,#9180,#9181,#9182,#9183,
#9184,#9185,#9186,#9187,#9188,#9189,#9190,#9191,#9192,#9193,#9194,#9195,
#9196,#9197,#9198,#9199,#9200,#9201,#9202,#9203,#9204,#9205,#9206,#9207,
#9208,#9209,#9210,#9211,#9212,#9213,#9214,#9215,#9216,#9217,#9218,#9219,
#9220,#9221,#9222,#9223,#9224,#9225,#9226,#9227,#9228,#9229,#9230,#9231,
#9232,#9233,#9234,#9235,#9236,#9237,#9238,#9239,#9240,#9241,#9242,#9243,
#9244,#9245,#9246,#9247,#9248,#9249,#9250,#9251,#9252,#9253,#9254,#9255,
#9256,#9257,#9258,#9259,#9260,#9261,#9262,#9263,#9264,#9265,#9266,#9267,
#9268,#9269,#9270,#9271,#9272,#9273,#9274,#9275,#9276,#9277,#9278,#9279,
#9280,#9281,#9282)),.UNSPECIFIED.,.F.,.F.,.F.,(4,4),(4,1,1,1,1,1,1,1,1,
1,1,1,1,1,1,1,1,1,1,1,1,1,1,1,1,1,1,1,1,1,1,1,1,1,1,1,1,1,1,1,1,1,1,1,1,
1,1,1,1,1,1,1,1,1,1,1,1,1,1,1,1,1,1,1,1,1,1,1,1,1,1,1,1,1,1,1,1,1,1,1,1,
1,1,1,1,1,1,1,1,1,1,1,1,1,1,1,1,1,1,1,1,1,1,1,1,1,1,1,1,1,1,1,1,1,1,1,1,
1,1,1,1,1,1,1,1,1,1,1,1,1,1,1,1,1,1,1,1,1,1,1,1,1,1,1,1,1,1,1,1,1,1,1,1,
1,1,1,1,1,1,1,1,1,1,1,1,1,1,1,1,1,1,1,1,1,1,1,1,1,1,1,1,1,1,1,1,1,1,1,1,
1,1,1,1,1,1,1,1,1,1,1,1,1,1,1,1,1,1,1,1,1,1,1,1,1,1,1,1,1,1,1,1,1,1,1,1,
1,1,1,1,1,1,1,1,1,1,1,1,1,1,1,1,1,1,1,1,1,1,1,1,1,1,1,1,1,1,1,1,1,1,1,1,
1,1,1,1,1,1,1,1,1,1,1,1,1,1,1,1,1,1,1,1,1,1,1,1,1,1,1,1,1,1,1,1,1,1,1,1,
1,1,1,1,1,1,1,1,1,1,1,1,1,1,1,1,1,1,1,1,4),(0.,0.0329955678841871),(11.615939747501,
12.6135184163726,13.6110970852442,14.6086757541158,15.6062544229875,16.6038330918591,
17.6014117607307,18.5989904296023,19.5965690984739,20.5941477673455,21.5917264362171,
22.5893051050887,23.5868837739603,24.5844624428319,25.5820411117035,26.5796197805751,
27.5771984494467,28.5747771183183,29.5723557871899,30.5699344560615,31.5675131249331,
32.5650917938048,33.5626704626764,34.560249131548,35.5578278004196,36.5554064692912,
37.5529851381628,38.5505638070344,39.548142475906,40.5457211447776,41.5432998136492,
42.5408784825208,43.5384571513924,44.536035820264,45.5336144891356,46.5311931580072,
47.5287718268788,48.5263504957504,49.5239291646221,50.5215078334937,51.5190865023653,
52.5166651712369,53.5142438401085,54.5118225089801,55.5094011778517,56.5069798467233,
57.5045585155949,58.5021371844665,59.4997158533381,60.4972945222097,61.4948731910813,
62.4924518599529,63.4900305288245,64.4876091976961,65.4851878665677,66.4827665354394,
67.480345204311,68.4779238731826,69.4755025420542,70.4730812109258,71.4706598797974,
72.468238548669,73.4658172175406,74.4633958864122,75.4609745552838,76.4585532241554,
77.456131893027,78.4537105618986,79.4512892307702,80.4488678996418,81.4464465685134,
82.444025237385,83.4416039062566,84.4391825751283,85.4367612439999,86.4343399128715,
87.4319185817431,88.4294972506147,89.4270759194863,90.4246545883579,91.4222332572295,
92.4198119261011,93.4173905949727,94.4149692638443,95.4125479327159,96.4101266015875,
97.4077052704591,98.4052839393307,99.4028626082023,100.400441277074,101.398019945946,
102.395598614817,103.393177283689,104.39075595256,105.388334621432,106.385913290304,
107.383491959175,108.381070628047,109.378649296918,110.37622796579,111.373806634662,
112.371385303533,113.368963972405,114.366542641276,115.364121310148,116.36169997902,
117.359278647891,118.356857316763,119.354435985634,120.352014654506,121.349593323378,
122.347171992249,123.344750661121,124.342329329992,125.339907998864,126.337486667736,
127.335065336607,128.332644005479,129.330222674351,130.327801343222,131.325380012094,
132.322958680965,133.320537349837,134.318116018709,135.31569468758,136.313273356452,
137.310852025323,138.308430694195,139.306009363067,140.303588031938,141.30116670081,
142.298745369681,143.296324038553,144.293902707425,145.291481376296,146.289060045168,
147.286638714039,148.284217382911,149.281796051783,150.279374720654,151.276953389526,
152.274532058397,153.272110727269,154.269689396141,155.267268065012,156.264846733884,
157.262425402755,158.260004071627,159.257582740499,160.25516140937,161.252740078242,
162.250318747114,163.247897415985,164.245476084857,165.243054753728,166.2406334226,
167.238212091472,168.235790760343,169.233369429215,170.230948098086,171.228526766958,
172.22610543583,173.223684104701,174.221262773573,175.218841442444,176.216420111316,
177.213998780188,178.211577449059,179.209156117931,180.206734786802,181.204313455674,
182.201892124546,183.199470793417,184.197049462289,185.19462813116,186.192206800032,
187.189785468904,188.187364137775,189.184942806647,190.182521475518,191.18010014439,
192.177678813262,193.175257482133,194.172836151005,195.170414819876,196.167993488748,
197.16557215762,198.163150826491,199.160729495363,200.158308164235,201.155886833106,
202.153465501978,203.151044170849,204.148622839721,205.146201508593,206.143780177464,
207.141358846336,208.138937515207,209.136516184079,210.134094852951,211.131673521822,
212.129252190694,213.126830859565,214.124409528437,215.121988197309,216.11956686618,
217.117145535052,218.114724203923,219.112302872795,220.109881541667,221.107460210538,
222.10503887941,223.102617548281,224.100196217153,225.097774886025,226.095353554896,
227.092932223768,228.090510892639,229.088089561511,230.085668230383,231.083246899254,
232.080825568126,233.078404236998,234.075982905869,235.073561574741,236.071140243612,
237.068718912484,238.066297581356,239.063876250227,240.061454919099,241.05903358797,
242.056612256842,243.054190925714,244.051769594585,245.049348263457,246.046926932328,
247.0445056012,248.042084270072,249.039662938943,250.037241607815,251.034820276686,
252.032398945558,253.02997761443,254.027556283301,255.025134952173,256.022713621044,
257.020292289916,258.017870958788,259.015449627659,260.013028296531,261.010606965402,
262.008185634274,263.005764303146,264.003342972017,265.000921640889,265.998500309761,
266.996078978632,267.993657647504,268.991236316375,269.988814985247,270.986393654119,
271.98397232299,272.981550991862,273.979129660733,274.976708329605,275.974286998477,
276.971865667348,277.96944433622,278.967023005091,279.964601673963,280.962180342835,
281.959759011706,282.957337680578,283.954916349449,284.952495018321,285.950073687193,
286.947652356064,287.945231024936,288.942809693807,289.940388362679,290.937967031551,
291.935545700422,292.933124369294,293.930703038166,294.928281707037,295.925860375909,
296.92343904478,297.921017713652,298.918596382524,299.916175051395,300.913753720267,
301.911332389138,302.90891105801,303.906489726882,304.904068395753,305.901647064625,
306.899225733496,307.896804402368,308.89438307124,309.891961740111,310.889540408983,
311.887119077854,312.884697746726,313.882276415598,314.879855084469,315.877433753341,
316.875012422212,317.872591091084,318.870169759956,319.867748428827,320.865327097699,
321.86290576657,322.860484435442,323.858063104314,324.855641773185,325.853220442057,
326.850799110929,327.8483777798),.UNSPECIFIED.);
#17=FACE_BOUND('',#251,.T.);
#18=FACE_BOUND('',#254,.T.);
#19=PLANE('',#2313);
#20=PLANE('',#2317);
#21=PLANE('',#2318);
#22=PLANE('',#2319);
#23=PLANE('',#2320);
#24=PLANE('',#2321);
#25=PLANE('',#2322);
#26=PLANE('',#2323);
#27=PLANE('',#2324);
#28=PLANE('',#2328);
#29=CONICAL_SURFACE('',#2306,2.85,0.785398163397445);
#30=CONICAL_SURFACE('',#2315,2.85,0.785398163397449);
#31=FACE_OUTER_BOUND('',#148,.T.);
#32=FACE_OUTER_BOUND('',#149,.T.);
#33=FACE_OUTER_BOUND('',#150,.T.);
#34=FACE_OUTER_BOUND('',#151,.T.);
#35=FACE_OUTER_BOUND('',#152,.T.);
#36=FACE_OUTER_BOUND('',#153,.T.);
#37=FACE_OUTER_BOUND('',#154,.T.);
#38=FACE_OUTER_BOUND('',#155,.T.);
#39=FACE_OUTER_BOUND('',#156,.T.);
#40=FACE_OUTER_BOUND('',#157,.T.);
#41=FACE_OUTER_BOUND('',#158,.T.);
#42=FACE_OUTER_BOUND('',#159,.T.);
#43=FACE_OUTER_BOUND('',#160,.T.);
#44=FACE_OUTER_BOUND('',#161,.T.);
#45=FACE_OUTER_BOUND('',#162,.T.);
#46=FACE_OUTER_BOUND('',#163,.T.);
#47=FACE_OUTER_BOUND('',#164,.T.);
#48=FACE_OUTER_BOUND('',#165,.T.);
#49=FACE_OUTER_BOUND('',#166,.T.);
#50=FACE_OUTER_BOUND('',#167,.T.);
#51=FACE_OUTER_BOUND('',#168,.T.);
#52=FACE_OUTER_BOUND('',#169,.T.);
#53=FACE_OUTER_BOUND('',#170,.T.);
#54=FACE_OUTER_BOUND('',#171,.T.);
#55=FACE_OUTER_BOUND('',#172,.T.);
#56=FACE_OUTER_BOUND('',#173,.T.);
#57=FACE_OUTER_BOUND('',#174,.T.);
#58=FACE_OUTER_BOUND('',#175,.T.);
#59=FACE_OUTER_BOUND('',#176,.T.);
#60=FACE_OUTER_BOUND('',#177,.T.);
#61=FACE_OUTER_BOUND('',#178,.T.);
#62=FACE_OUTER_BOUND('',#179,.T.);
#63=FACE_OUTER_BOUND('',#180,.T.);
#64=FACE_OUTER_BOUND('',#181,.T.);
#65=FACE_OUTER_BOUND('',#182,.T.);
#66=FACE_OUTER_BOUND('',#183,.T.);
#67=FACE_OUTER_BOUND('',#184,.T.);
#68=FACE_OUTER_BOUND('',#185,.T.);
#69=FACE_OUTER_BOUND('',#186,.T.);
#70=FACE_OUTER_BOUND('',#187,.T.);
#71=FACE_OUTER_BOUND('',#188,.T.);
#72=FACE_OUTER_BOUND('',#189,.T.);
#73=FACE_OUTER_BOUND('',#190,.T.);
#74=FACE_OUTER_BOUND('',#191,.T.);
#75=FACE_OUTER_BOUND('',#192,.T.);
#76=FACE_OUTER_BOUND('',#193,.T.);
#77=FACE_OUTER_BOUND('',#194,.T.);
#78=FACE_OUTER_BOUND('',#195,.T.);
#79=FACE_OUTER_BOUND('',#196,.T.);
#80=FACE_OUTER_BOUND('',#197,.T.);
#81=FACE_OUTER_BOUND('',#198,.T.);
#82=FACE_OUTER_BOUND('',#199,.T.);
#83=FACE_OUTER_BOUND('',#200,.T.);
#84=FACE_OUTER_BOUND('',#201,.T.);
#85=FACE_OUTER_BOUND('',#202,.T.);
#86=FACE_OUTER_BOUND('',#203,.T.);
#87=FACE_OUTER_BOUND('',#204,.T.);
#88=FACE_OUTER_BOUND('',#205,.T.);
#89=FACE_OUTER_BOUND('',#206,.T.);
#90=FACE_OUTER_BOUND('',#207,.T.);
#91=FACE_OUTER_BOUND('',#208,.T.);
#92=FACE_OUTER_BOUND('',#209,.T.);
#93=FACE_OUTER_BOUND('',#210,.T.);
#94=FACE_OUTER_BOUND('',#211,.T.);
#95=FACE_OUTER_BOUND('',#212,.T.);
#96=FACE_OUTER_BOUND('',#213,.T.);
#97=FACE_OUTER_BOUND('',#214,.T.);
#98=FACE_OUTER_BOUND('',#215,.T.);
#99=FACE_OUTER_BOUND('',#216,.T.);
#100=FACE_OUTER_BOUND('',#217,.T.);
#101=FACE_OUTER_BOUND('',#218,.T.);
#102=FACE_OUTER_BOUND('',#219,.T.);
#103=FACE_OUTER_BOUND('',#220,.T.);
#104=FACE_OUTER_BOUND('',#221,.T.);
#105=FACE_OUTER_BOUND('',#222,.T.);
#106=FACE_OUTER_BOUND('',#223,.T.);
#107=FACE_OUTER_BOUND('',#224,.T.);
#108=FACE_OUTER_BOUND('',#225,.T.);
#109=FACE_OUTER_BOUND('',#226,.T.);
#110=FACE_OUTER_BOUND('',#227,.T.);
#111=FACE_OUTER_BOUND('',#228,.T.);
#112=FACE_OUTER_BOUND('',#229,.T.);
#113=FACE_OUTER_BOUND('',#230,.T.);
#114=FACE_OUTER_BOUND('',#231,.T.);
#115=FACE_OUTER_BOUND('',#232,.T.);
#116=FACE_OUTER_BOUND('',#233,.T.);
#117=FACE_OUTER_BOUND('',#234,.T.);
#118=FACE_OUTER_BOUND('',#235,.T.);
#119=FACE_OUTER_BOUND('',#236,.T.);
#120=FACE_OUTER_BOUND('',#237,.T.);
#121=FACE_OUTER_BOUND('',#238,.T.);
#122=FACE_OUTER_BOUND('',#239,.T.);
#123=FACE_OUTER_BOUND('',#240,.T.);
#124=FACE_OUTER_BOUND('',#241,.T.);
#125=FACE_OUTER_BOUND('',#242,.T.);
#126=FACE_OUTER_BOUND('',#243,.T.);
#127=FACE_OUTER_BOUND('',#244,.T.);
#128=FACE_OUTER_BOUND('',#245,.T.);
#129=FACE_OUTER_BOUND('',#246,.T.);
#130=FACE_OUTER_BOUND('',#247,.T.);
#131=FACE_OUTER_BOUND('',#248,.T.);
#132=FACE_OUTER_BOUND('',#249,.T.);
#133=FACE_OUTER_BOUND('',#250,.T.);
#134=FACE_OUTER_BOUND('',#252,.T.);
#135=FACE_OUTER_BOUND('',#253,.T.);
#136=FACE_OUTER_BOUND('',#255,.T.);
#137=FACE_OUTER_BOUND('',#256,.T.);
#138=FACE_OUTER_BOUND('',#257,.T.);
#139=FACE_OUTER_BOUND('',#258,.T.);
#140=FACE_OUTER_BOUND('',#259,.T.);
#141=FACE_OUTER_BOUND('',#260,.T.);
#142=FACE_OUTER_BOUND('',#261,.T.);
#143=FACE_OUTER_BOUND('',#262,.T.);
#144=FACE_OUTER_BOUND('',#263,.T.);
#145=FACE_OUTER_BOUND('',#264,.T.);
#146=FACE_OUTER_BOUND('',#265,.T.);
#147=FACE_OUTER_BOUND('',#266,.T.);
#148=EDGE_LOOP('',(#1292,#1293,#1294,#1295));
#149=EDGE_LOOP('',(#1296,#1297,#1298,#1299));
#150=EDGE_LOOP('',(#1300,#1301,#1302,#1303));
#151=EDGE_LOOP('',(#1304,#1305,#1306,#1307));
#152=EDGE_LOOP('',(#1308,#1309,#1310,#1311));
#153=EDGE_LOOP('',(#1312,#1313,#1314,#1315));
#154=EDGE_LOOP('',(#1316,#1317,#1318,#1319));
#155=EDGE_LOOP('',(#1320,#1321,#1322,#1323));
#156=EDGE_LOOP('',(#1324,#1325,#1326,#1327));
#157=EDGE_LOOP('',(#1328,#1329,#1330,#1331));
#158=EDGE_LOOP('',(#1332,#1333,#1334,#1335));
#159=EDGE_LOOP('',(#1336,#1337,#1338,#1339));
#160=EDGE_LOOP('',(#1340,#1341,#1342,#1343));
#161=EDGE_LOOP('',(#1344,#1345,#1346,#1347));
#162=EDGE_LOOP('',(#1348,#1349,#1350,#1351));
#163=EDGE_LOOP('',(#1352,#1353,#1354,#1355));
#164=EDGE_LOOP('',(#1356,#1357,#1358,#1359));
#165=EDGE_LOOP('',(#1360,#1361,#1362,#1363));
#166=EDGE_LOOP('',(#1364,#1365,#1366,#1367));
#167=EDGE_LOOP('',(#1368,#1369,#1370,#1371));
#168=EDGE_LOOP('',(#1372,#1373,#1374,#1375));
#169=EDGE_LOOP('',(#1376,#1377,#1378,#1379));
#170=EDGE_LOOP('',(#1380,#1381,#1382,#1383));
#171=EDGE_LOOP('',(#1384,#1385,#1386,#1387));
#172=EDGE_LOOP('',(#1388,#1389,#1390,#1391));
#173=EDGE_LOOP('',(#1392,#1393,#1394,#1395));
#174=EDGE_LOOP('',(#1396,#1397,#1398,#1399));
#175=EDGE_LOOP('',(#1400,#1401,#1402,#1403));
#176=EDGE_LOOP('',(#1404,#1405,#1406,#1407));
#177=EDGE_LOOP('',(#1408,#1409,#1410,#1411));
#178=EDGE_LOOP('',(#1412,#1413,#1414,#1415));
#179=EDGE_LOOP('',(#1416,#1417,#1418,#1419));
#180=EDGE_LOOP('',(#1420,#1421,#1422,#1423));
#181=EDGE_LOOP('',(#1424,#1425,#1426,#1427));
#182=EDGE_LOOP('',(#1428,#1429,#1430,#1431));
#183=EDGE_LOOP('',(#1432,#1433,#1434,#1435));
#184=EDGE_LOOP('',(#1436,#1437,#1438,#1439));
#185=EDGE_LOOP('',(#1440,#1441,#1442,#1443));
#186=EDGE_LOOP('',(#1444,#1445,#1446,#1447));
#187=EDGE_LOOP('',(#1448,#1449,#1450,#1451));
#188=EDGE_LOOP('',(#1452,#1453,#1454,#1455));
#189=EDGE_LOOP('',(#1456,#1457,#1458,#1459));
#190=EDGE_LOOP('',(#1460,#1461,#1462,#1463));
#191=EDGE_LOOP('',(#1464,#1465,#1466,#1467));
#192=EDGE_LOOP('',(#1468,#1469,#1470,#1471));
#193=EDGE_LOOP('',(#1472,#1473,#1474,#1475));
#194=EDGE_LOOP('',(#1476,#1477,#1478,#1479));
#195=EDGE_LOOP('',(#1480,#1481,#1482,#1483));
#196=EDGE_LOOP('',(#1484,#1485,#1486,#1487));
#197=EDGE_LOOP('',(#1488,#1489,#1490,#1491));
#198=EDGE_LOOP('',(#1492,#1493,#1494,#1495));
#199=EDGE_LOOP('',(#1496,#1497,#1498,#1499));
#200=EDGE_LOOP('',(#1500,#1501,#1502,#1503));
#201=EDGE_LOOP('',(#1504,#1505,#1506,#1507));
#202=EDGE_LOOP('',(#1508,#1509,#1510,#1511));
#203=EDGE_LOOP('',(#1512,#1513,#1514,#1515));
#204=EDGE_LOOP('',(#1516,#1517,#1518,#1519));
#205=EDGE_LOOP('',(#1520,#1521,#1522,#1523));
#206=EDGE_LOOP('',(#1524,#1525,#1526,#1527));
#207=EDGE_LOOP('',(#1528,#1529,#1530,#1531));
#208=EDGE_LOOP('',(#1532,#1533,#1534,#1535));
#209=EDGE_LOOP('',(#1536,#1537,#1538,#1539));
#210=EDGE_LOOP('',(#1540,#1541,#1542,#1543));
#211=EDGE_LOOP('',(#1544,#1545,#1546,#1547));
#212=EDGE_LOOP('',(#1548,#1549,#1550,#1551));
#213=EDGE_LOOP('',(#1552,#1553,#1554,#1555));
#214=EDGE_LOOP('',(#1556,#1557,#1558,#1559));
#215=EDGE_LOOP('',(#1560,#1561,#1562,#1563));
#216=EDGE_LOOP('',(#1564,#1565,#1566,#1567));
#217=EDGE_LOOP('',(#1568,#1569,#1570,#1571));
#218=EDGE_LOOP('',(#1572,#1573,#1574,#1575));
#219=EDGE_LOOP('',(#1576,#1577,#1578,#1579));
#220=EDGE_LOOP('',(#1580,#1581,#1582,#1583));
#221=EDGE_LOOP('',(#1584,#1585,#1586,#1587));
#222=EDGE_LOOP('',(#1588,#1589,#1590,#1591));
#223=EDGE_LOOP('',(#1592,#1593,#1594,#1595));
#224=EDGE_LOOP('',(#1596,#1597,#1598,#1599));
#225=EDGE_LOOP('',(#1600,#1601,#1602,#1603));
#226=EDGE_LOOP('',(#1604,#1605,#1606,#1607));
#227=EDGE_LOOP('',(#1608,#1609,#1610,#1611));
#228=EDGE_LOOP('',(#1612,#1613,#1614,#1615));
#229=EDGE_LOOP('',(#1616,#1617,#1618,#1619));
#230=EDGE_LOOP('',(#1620,#1621,#1622,#1623));
#231=EDGE_LOOP('',(#1624,#1625,#1626,#1627));
#232=EDGE_LOOP('',(#1628,#1629,#1630,#1631));
#233=EDGE_LOOP('',(#1632,#1633,#1634,#1635));
#234=EDGE_LOOP('',(#1636,#1637,#1638,#1639));
#235=EDGE_LOOP('',(#1640,#1641,#1642,#1643));
#236=EDGE_LOOP('',(#1644,#1645,#1646,#1647));
#237=EDGE_LOOP('',(#1648,#1649,#1650,#1651));
#238=EDGE_LOOP('',(#1652,#1653,#1654,#1655));
#239=EDGE_LOOP('',(#1656,#1657,#1658,#1659));
#240=EDGE_LOOP('',(#1660,#1661,#1662,#1663));
#241=EDGE_LOOP('',(#1664,#1665,#1666,#1667));
#242=EDGE_LOOP('',(#1668,#1669,#1670,#1671));
#243=EDGE_LOOP('',(#1672,#1673,#1674,#1675));
#244=EDGE_LOOP('',(#1676,#1677,#1678,#1679));
#245=EDGE_LOOP('',(#1680,#1681,#1682,#1683));
#246=EDGE_LOOP('',(#1684,#1685,#1686,#1687));
#247=EDGE_LOOP('',(#1688,#1689,#1690,#1691));
#248=EDGE_LOOP('',(#1692,#1693,#1694,#1695,#1696));
#249=EDGE_LOOP('',(#1697,#1698,#1699,#1700,#1701,#1702));
#250=EDGE_LOOP('',(#1703));
#251=EDGE_LOOP('',(#1704,#1705,#1706,#1707));
#252=EDGE_LOOP('',(#1708,#1709,#1710,#1711,#1712));
#253=EDGE_LOOP('',(#1713));
#254=EDGE_LOOP('',(#1714,#1715,#1716,#1717,#1718,#1719));
#255=EDGE_LOOP('',(#1720,#1721,#1722,#1723));
#256=EDGE_LOOP('',(#1724,#1725,#1726,#1727));
#257=EDGE_LOOP('',(#1728,#1729,#1730,#1731));
#258=EDGE_LOOP('',(#1732,#1733,#1734,#1735));
#259=EDGE_LOOP('',(#1736,#1737,#1738,#1739));
#260=EDGE_LOOP('',(#1740,#1741,#1742,#1743));
#261=EDGE_LOOP('',(#1744,#1745,#1746,#1747,#1748,#1749));
#262=EDGE_LOOP('',(#1750,#1751,#1752,#1753,#1754,#1755,#1756,#1757,#1758,
#1759,#1760,#1761,#1762,#1763,#1764,#1765,#1766,#1767,#1768,#1769,#1770,
#1771,#1772,#1773,#1774,#1775,#1776,#1777,#1778,#1779,#1780,#1781,#1782,
#1783,#1784,#1785,#1786,#1787,#1788,#1789,#1790,#1791,#1792,#1793,#1794,
#1795,#1796,#1797,#1798,#1799,#1800,#1801,#1802,#1803,#1804,#1805,#1806,
#1807,#1808,#1809,#1810,#1811,#1812,#1813,#1814,#1815,#1816,#1817,#1818,
#1819,#1820,#1821,#1822,#1823,#1824,#1825,#1826,#1827,#1828,#1829,#1830,
#1831,#1832,#1833,#1834,#1835,#1836,#1837,#1838,#1839,#1840,#1841,#1842,
#1843,#1844,#1845,#1846,#1847,#1848,#1849,#1850,#1851,#1852,#1853));
#263=EDGE_LOOP('',(#1854,#1855,#1856,#1857));
#264=EDGE_LOOP('',(#1858,#1859,#1860,#1861,#1862,#1863,#1864,#1865,#1866,
#1867,#1868,#1869,#1870,#1871,#1872,#1873,#1874,#1875,#1876,#1877,#1878,
#1879,#1880,#1881,#1882,#1883,#1884,#1885,#1886,#1887,#1888,#1889,#1890,
#1891,#1892,#1893,#1894,#1895,#1896,#1897,#1898,#1899,#1900,#1901,#1902,
#1903,#1904,#1905,#1906,#1907,#1908,#1909,#1910,#1911,#1912,#1913,#1914,
#1915,#1916,#1917,#1918,#1919,#1920,#1921,#1922,#1923,#1924,#1925,#1926,
#1927,#1928,#1929,#1930,#1931,#1932,#1933,#1934,#1935,#1936,#1937,#1938,
#1939,#1940,#1941,#1942,#1943,#1944,#1945,#1946,#1947,#1948,#1949,#1950,
#1951,#1952,#1953,#1954,#1955,#1956,#1957,#1958,#1959,#1960,#1961));
#265=EDGE_LOOP('',(#1962,#1963,#1964,#1965));
#266=EDGE_LOOP('',(#1966,#1967,#1968,#1969));
#267=CIRCLE('',#2205,1.4635);
#268=CIRCLE('',#2256,1.17775);
#269=CIRCLE('',#2307,2.7);
#270=CIRCLE('',#2308,3.);
#271=CIRCLE('',#2309,3.);
#272=CIRCLE('',#2311,3.);
#273=CIRCLE('',#2312,3.);
#274=CIRCLE('',#2314,1.17775);
#275=CIRCLE('',#2316,2.7);
#276=CIRCLE('',#2327,1.4635);
#277=B_SPLINE_CURVE_WITH_KNOTS('',3,(#2708,#2709,#2710,#2711,#2712,#2713,
#2714,#2715,#2716,#2717),.UNSPECIFIED.,.F.,.F.,(4,3,3,4),(-4.09202352044853,
-3.99031467548642,-2.99273600661482,-2.07317267331967),.UNSPECIFIED.);
#278=B_SPLINE_CURVE_WITH_KNOTS('',3,(#2720,#2721,#2722,#2723,#2724,#2725,
#2726),.UNSPECIFIED.,.F.,.F.,(4,3,4),(0.,0.997578668871638,1.12274180646178),
 .UNSPECIFIED.);
#279=B_SPLINE_CURVE_WITH_KNOTS('',3,(#2731,#2732,#2733,#2734,#2735,#2736,
#2737,#2738,#2739,#2740,#2741,#2742,#2743,#2744,#2745,#2746,#2747,#2748,
#2749,#2750,#2751,#2752),.UNSPECIFIED.,.F.,.F.,(4,3,3,3,3,3,3,4),(-10.3752088276281,
-9.97578668871606,-8.97820801984445,-7.98062935097285,-6.98305068210124,
-5.98547201322963,-4.98789334435803,-4.09202352044853),.UNSPECIFIED.);
#280=B_SPLINE_CURVE_WITH_KNOTS('',3,(#2753,#2754,#2755,#2756,#2757,#2758,
#2759,#2760,#2761,#2762,#2763,#2764,#2765,#2766,#2767,#2768,#2769,#2770,
#2771,#2772,#2773,#2774),.UNSPECIFIED.,.F.,.F.,(4,3,3,3,3,3,3,4),(1.12274180646178,
1.99515733774324,2.99273600661483,3.99031467548642,4.98789334435801,5.98547201322961,
6.9830506821012,7.40592711364137),.UNSPECIFIED.);
#281=B_SPLINE_CURVE_WITH_KNOTS('',3,(#2779,#2780,#2781,#2782,#2783,#2784,
#2785,#2786,#2787,#2788,#2789,#2790,#2791,#2792,#2793,#2794,#2795,#2796,
#2797,#2798,#2799,#2800),.UNSPECIFIED.,.F.,.F.,(4,3,3,3,3,3,3,4),(-16.6583941348077,
-15.9612587019457,-14.9636800330741,-13.9661013642025,-12.9685226953309,
-11.9709440264593,-10.9733653575877,-10.3752088276281),.UNSPECIFIED.);
#282=B_SPLINE_CURVE_WITH_KNOTS('',3,(#2801,#2802,#2803,#2804,#2805,#2806,
#2807,#2808,#2809,#2810,#2811,#2812,#2813,#2814,#2815,#2816,#2817,#2818,
#2819,#2820,#2821,#2822),.UNSPECIFIED.,.F.,.F.,(4,3,3,3,3,3,3,4),(7.40592711364137,
7.98062935097281,8.97820801984443,9.97578668871605,10.9733653575877,11.9709440264593,
12.9685226953309,13.689112420821),.UNSPECIFIED.);
#283=B_SPLINE_CURVE_WITH_KNOTS('',3,(#2827,#2828,#2829,#2830,#2831,#2832,
#2833,#2834,#2835,#2836,#2837,#2838,#2839,#2840,#2841,#2842,#2843,#2844,
#2845,#2846,#2847,#2848),.UNSPECIFIED.,.F.,.F.,(4,3,3,3,3,3,3,4),(-22.9415794419873,
-21.9467307151753,-20.9491520463037,-19.9515733774321,-18.9539947085605,
-17.9564160396889,-16.9588373708173,-16.6583941348077),.UNSPECIFIED.);
#284=B_SPLINE_CURVE_WITH_KNOTS('',3,(#2849,#2850,#2851,#2852,#2853,#2854,
#2855,#2856,#2857,#2858,#2859,#2860,#2861,#2862,#2863,#2864,#2865,#2866,
#2867,#2868,#2869,#2870,#2871,#2872,#2873),.UNSPECIFIED.,.F.,.F.,(4,3,3,
3,3,3,3,3,4),(13.689112420821,13.9661013642025,14.9636800330741,15.9612587019457,
16.9588373708173,17.9564160396889,18.9539947085605,19.9515733774321,19.9722977280005),
 .UNSPECIFIED.);
#285=B_SPLINE_CURVE_WITH_KNOTS('',3,(#2878,#2879,#2880,#2881,#2882,#2883,
#2884,#2885,#2886,#2887,#2888,#2889,#2890,#2891,#2892,#2893,#2894,#2895,
#2896,#2897,#2898,#2899),.UNSPECIFIED.,.F.,.F.,(4,3,3,3,3,3,3,4),(-29.2247647491669,
-28.9297813972766,-27.932202728405,-26.9346240595334,-25.9370453906618,
-24.9394667217902,-23.9418880529185,-22.9415794419873),.UNSPECIFIED.);
#286=B_SPLINE_CURVE_WITH_KNOTS('',3,(#2900,#2901,#2902,#2903,#2904,#2905,
#2906,#2907,#2908,#2909,#2910,#2911,#2912,#2913,#2914,#2915,#2916,#2917,
#2918,#2919,#2920,#2921),.UNSPECIFIED.,.F.,.F.,(4,3,3,3,3,3,3,4),(19.9722977280005,
20.9491520463037,21.9467307151753,22.9443093840469,23.9418880529185,24.9394667217901,
25.9370453906617,26.2554830351801),.UNSPECIFIED.);
#287=B_SPLINE_CURVE_WITH_KNOTS('',3,(#2926,#2927,#2928,#2929,#2930,#2931,
#2932,#2933,#2934,#2935,#2936,#2937,#2938,#2939,#2940,#2941,#2942,#2943,
#2944,#2945,#2946,#2947),.UNSPECIFIED.,.F.,.F.,(4,3,3,3,3,3,3,4),(-35.5079500563465,
-34.9152534105062,-33.9176747416346,-32.920096072763,-31.9225174038914,
-30.9249387350198,-29.9273600661482,-29.2247647491669),.UNSPECIFIED.);
#288=B_SPLINE_CURVE_WITH_KNOTS('',3,(#2948,#2949,#2950,#2951,#2952,#2953,
#2954,#2955,#2956,#2957,#2958,#2959,#2960,#2961,#2962,#2963,#2964,#2965,
#2966,#2967,#2968,#2969),.UNSPECIFIED.,.F.,.F.,(4,3,3,3,3,3,3,4),(26.2554830351801,
26.9346240595333,27.932202728405,28.9297813972766,29.9273600661482,30.9249387350198,
31.9225174038914,32.5386683423597),.UNSPECIFIED.);
#289=B_SPLINE_CURVE_WITH_KNOTS('',3,(#2974,#2975,#2976,#2977,#2978,#2979,
#2980,#2981,#2982,#2983,#2984,#2985,#2986,#2987,#2988,#2989,#2990,#2991,
#2992,#2993,#2994,#2995),.UNSPECIFIED.,.F.,.F.,(4,3,3,3,3,3,3,4),(-41.791135363526,
-40.9007254237358,-39.9031467548642,-38.9055680859926,-37.907989417121,
-36.9104107482494,-35.9128320793778,-35.5079500563465),.UNSPECIFIED.);
#290=B_SPLINE_CURVE_WITH_KNOTS('',3,(#2996,#2997,#2998,#2999,#3000,#3001,
#3002,#3003,#3004,#3005,#3006,#3007,#3008,#3009,#3010,#3011,#3012,#3013,
#3014,#3015,#3016,#3017),.UNSPECIFIED.,.F.,.F.,(4,3,3,3,3,3,3,4),(32.5386683423597,
32.920096072763,33.9176747416346,34.9152534105062,35.9128320793778,36.9104107482494,
37.907989417121,38.8218536495393),.UNSPECIFIED.);
#291=B_SPLINE_CURVE_WITH_KNOTS('',3,(#3022,#3023,#3024,#3025,#3026,#3027,
#3028,#3029,#3030,#3031,#3032,#3033,#3034,#3035,#3036,#3037,#3038,#3039,
#3040,#3041,#3042,#3043,#3044,#3045,#3046),.UNSPECIFIED.,.F.,.F.,(4,3,3,
3,3,3,3,3,4),(-48.0743206707056,-47.8837761058371,-46.8861974369655,-45.8886187680939,
-44.8910400992223,-43.8934614303507,-42.8958827614791,-41.8983040926075,
-41.791135363526),.UNSPECIFIED.);
#292=B_SPLINE_CURVE_WITH_KNOTS('',3,(#3047,#3048,#3049,#3050,#3051,#3052,
#3053,#3054,#3055,#3056,#3057,#3058,#3059,#3060,#3061,#3062,#3063,#3064,
#3065,#3066,#3067,#3068,#3069,#3070,#3071),.UNSPECIFIED.,.F.,.F.,(4,3,3,
3,3,3,3,3,4),(38.8218536495393,38.9055680859926,39.9031467548642,40.9007254237358,
41.8983040926075,42.8958827614791,43.8934614303507,44.8910400992223,45.1050389567189),
 .UNSPECIFIED.);
#293=B_SPLINE_CURVE_WITH_KNOTS('',3,(#3076,#3077,#3078,#3079,#3080,#3081,
#3082,#3083,#3084,#3085,#3086,#3087,#3088,#3089,#3090,#3091,#3092,#3093,
#3094,#3095,#3096,#3097),.UNSPECIFIED.,.F.,.F.,(4,3,3,3,3,3,3,4),(-54.3575059778852,
-53.8692481190667,-52.8716694501951,-51.8740907813235,-50.8765121124519,
-49.8789334435803,-48.8813547747087,-48.0743206707056),.UNSPECIFIED.);
#294=B_SPLINE_CURVE_WITH_KNOTS('',3,(#3098,#3099,#3100,#3101,#3102,#3103,
#3104,#3105,#3106,#3107,#3108,#3109,#3110,#3111,#3112,#3113,#3114,#3115,
#3116,#3117,#3118,#3119),.UNSPECIFIED.,.F.,.F.,(4,3,3,3,3,3,3,4),(45.1050389567189,
45.8886187680939,46.8861974369655,47.8837761058371,48.8813547747087,49.8789334435803,
50.8765121124519,51.3882242638985),.UNSPECIFIED.);
#295=B_SPLINE_CURVE_WITH_KNOTS('',3,(#3124,#3125,#3126,#3127,#3128,#3129,
#3130,#3131,#3132,#3133,#3134,#3135,#3136,#3137,#3138,#3139,#3140,#3141,
#3142,#3143,#3144,#3145),.UNSPECIFIED.,.F.,.F.,(4,3,3,3,3,3,3,4),(-60.6406912850648,
-59.8547201322964,-58.8571414634247,-57.8595627945531,-56.8619841256815,
-55.8644054568099,-54.8668267879383,-54.3575059778852),.UNSPECIFIED.);
#296=B_SPLINE_CURVE_WITH_KNOTS('',3,(#3146,#3147,#3148,#3149,#3150,#3151,
#3152,#3153,#3154,#3155,#3156,#3157,#3158,#3159,#3160,#3161,#3162,#3163,
#3164,#3165,#3166,#3167),.UNSPECIFIED.,.F.,.F.,(4,3,3,3,3,3,3,4),(51.3882242638985,
51.8740907813235,52.8716694501951,53.8692481190667,54.8668267879383,55.86440545681,
56.8619841256816,57.6714095710781),.UNSPECIFIED.);
#297=B_SPLINE_CURVE_WITH_KNOTS('',3,(#3172,#3173,#3174,#3175,#3176,#3177,
#3178,#3179,#3180,#3181,#3182,#3183,#3184,#3185,#3186,#3187,#3188,#3189,
#3190,#3191,#3192,#3193,#3194,#3195,#3196),.UNSPECIFIED.,.F.,.F.,(4,3,3,
3,3,3,3,3,4),(-66.9238765922444,-66.8377708143976,-65.840192145526,-64.8426134766544,
-63.8450348077828,-62.8474561389112,-61.8498774700396,-60.852298801168,
-60.6406912850648),.UNSPECIFIED.);
#298=B_SPLINE_CURVE_WITH_KNOTS('',3,(#3197,#3198,#3199,#3200,#3201,#3202,
#3203,#3204,#3205,#3206,#3207,#3208,#3209,#3210,#3211,#3212,#3213,#3214,
#3215,#3216,#3217,#3218,#3219,#3220,#3221),.UNSPECIFIED.,.F.,.F.,(4,3,3,
3,3,3,3,3,4),(57.6714095710781,57.8595627945532,58.8571414634248,59.8547201322964,
60.8522988011679,61.8498774700396,62.8474561389112,63.8450348077827,63.9545948782577),
 .UNSPECIFIED.);
#299=B_SPLINE_CURVE_WITH_KNOTS('',3,(#3226,#3227,#3228,#3229,#3230,#3231,
#3232,#3233,#3234,#3235,#3236,#3237,#3238,#3239,#3240,#3241,#3242,#3243,
#3244,#3245,#3246,#3247),.UNSPECIFIED.,.F.,.F.,(4,3,3,3,3,3,3,4),(-73.207061899424,
-72.8232428276272,-71.8256641587556,-70.828085489884,-69.8305068210124,
-68.8329281521408,-67.8353494832692,-66.9238765922444),.UNSPECIFIED.);
#300=B_SPLINE_CURVE_WITH_KNOTS('',3,(#3248,#3249,#3250,#3251,#3252,#3253,
#3254,#3255,#3256,#3257,#3258,#3259,#3260,#3261,#3262,#3263,#3264,#3265,
#3266,#3267,#3268,#3269),.UNSPECIFIED.,.F.,.F.,(4,3,3,3,3,3,3,4),(63.9545948782577,
64.8426134766544,65.840192145526,66.8377708143976,67.8353494832692,68.8329281521408,
69.8305068210124,70.2377801854373),.UNSPECIFIED.);
#301=B_SPLINE_CURVE_WITH_KNOTS('',3,(#3274,#3275,#3276,#3277,#3278,#3279,
#3280,#3281,#3282,#3283,#3284,#3285,#3286,#3287,#3288,#3289,#3290,#3291,
#3292,#3293,#3294,#3295),.UNSPECIFIED.,.F.,.F.,(4,3,3,3,3,3,3,4),(-79.4902472066036,
-78.8087148408569,-77.8111361719853,-76.8135575031137,-75.815978834242,
-74.8184001653704,-73.8208214964988,-73.207061899424),.UNSPECIFIED.);
#302=B_SPLINE_CURVE_WITH_KNOTS('',3,(#3296,#3297,#3298,#3299,#3300,#3301,
#3302,#3303,#3304,#3305,#3306,#3307,#3308,#3309,#3310,#3311,#3312,#3313,
#3314,#3315,#3316,#3317),.UNSPECIFIED.,.F.,.F.,(4,3,3,3,3,3,3,4),(70.2377801854373,
70.828085489884,71.8256641587557,72.8232428276273,73.8208214964989,74.8184001653705,
75.8159788342421,76.5209654926169),.UNSPECIFIED.);
#303=B_SPLINE_CURVE_WITH_KNOTS('',3,(#3322,#3323,#3324,#3325,#3326,#3327,
#3328,#3329,#3330,#3331,#3332,#3333,#3334,#3335,#3336,#3337,#3338,#3339,
#3340,#3341,#3342,#3343),.UNSPECIFIED.,.F.,.F.,(4,3,3,3,3,3,3,4),(-85.7734325137832,
-84.7941868540865,-83.7966081852149,-82.7990295163433,-81.8014508474717,
-80.8038721786001,-79.8062935097285,-79.4902472066036),.UNSPECIFIED.);
#304=B_SPLINE_CURVE_WITH_KNOTS('',3,(#3344,#3345,#3346,#3347,#3348,#3349,
#3350,#3351,#3352,#3353,#3354,#3355,#3356,#3357,#3358,#3359,#3360,#3361,
#3362,#3363,#3364,#3365,#3366,#3367,#3368),.UNSPECIFIED.,.F.,.F.,(4,3,3,
3,3,3,3,3,4),(76.5209654926169,76.8135575031137,77.8111361719853,78.8087148408569,
79.8062935097285,80.8038721786001,81.8014508474717,82.7990295163433,82.8041507997964),
 .UNSPECIFIED.);
#305=B_SPLINE_CURVE_WITH_KNOTS('',3,(#3373,#3374,#3375,#3376,#3377,#3378,
#3379,#3380,#3381,#3382,#3383,#3384,#3385,#3386,#3387,#3388,#3389,#3390,
#3391,#3392,#3393,#3394,#3395,#3396,#3397),.UNSPECIFIED.,.F.,.F.,(4,3,3,
3,3,3,3,3,4),(-92.0566178209628,-91.7772375361878,-90.7796588673161,-89.7820801984445,
-88.7845015295729,-87.7869228607013,-86.7893441918297,-85.7917655229581,
-85.7734325137832),.UNSPECIFIED.);
#306=B_SPLINE_CURVE_WITH_KNOTS('',3,(#3398,#3399,#3400,#3401,#3402,#3403,
#3404,#3405,#3406,#3407,#3408,#3409,#3410,#3411,#3412,#3413,#3414,#3415,
#3416,#3417,#3418,#3419),.UNSPECIFIED.,.F.,.F.,(4,3,3,3,3,3,3,4),(82.8041507997964,
83.796608185215,84.7941868540865,85.7917655229582,86.7893441918298,87.7869228607014,
88.7845015295729,89.0873361069761),.UNSPECIFIED.);
#307=B_SPLINE_CURVE_WITH_KNOTS('',3,(#3424,#3425,#3426,#3427,#3428,#3429,
#3430,#3431,#3432,#3433,#3434,#3435,#3436,#3437,#3438,#3439,#3440,#3441,
#3442,#3443,#3444,#3445),.UNSPECIFIED.,.F.,.F.,(4,3,3,3,3,3,3,4),(-98.3398031281424,
-97.7627095494174,-96.7651308805458,-95.7675522116742,-94.7699735428026,
-93.7723948739309,-92.7748162050593,-92.0566178209628),.UNSPECIFIED.);
#308=B_SPLINE_CURVE_WITH_KNOTS('',3,(#3446,#3447,#3448,#3449,#3450,#3451,
#3452,#3453,#3454,#3455,#3456,#3457,#3458,#3459,#3460,#3461,#3462,#3463,
#3464,#3465,#3466,#3467),.UNSPECIFIED.,.F.,.F.,(4,3,3,3,3,3,3,4),(89.0873361069761,
89.7820801984446,90.7796588673162,91.7772375361878,92.7748162050594,93.772394873931,
94.7699735428026,95.3705214141556),.UNSPECIFIED.);
#309=B_SPLINE_CURVE_WITH_KNOTS('',3,(#3472,#3473,#3474,#3475,#3476,#3477,
#3478,#3479,#3480,#3481,#3482,#3483,#3484,#3485,#3486,#3487,#3488,#3489,
#3490,#3491,#3492,#3493),.UNSPECIFIED.,.F.,.F.,(4,3,3,3,3,3,3,4),(-104.622988435322,
-103.748181562647,-102.750602893775,-101.753024224904,-100.755445556032,
-99.7578668871606,-98.760288218289,-98.3398031281424),.UNSPECIFIED.);
#310=B_SPLINE_CURVE_WITH_KNOTS('',3,(#3494,#3495,#3496,#3497,#3498,#3499,
#3500,#3501,#3502,#3503,#3504,#3505,#3506,#3507,#3508,#3509,#3510,#3511,
#3512,#3513,#3514,#3515),.UNSPECIFIED.,.F.,.F.,(4,3,3,3,3,3,3,4),(95.3705214141556,
95.7675522116742,96.7651308805458,97.7627095494174,98.760288218289,99.7578668871606,
100.755445556032,101.653706721335),.UNSPECIFIED.);
#311=B_SPLINE_CURVE_WITH_KNOTS('',3,(#3520,#3521,#3522,#3523,#3524,#3525,
#3526,#3527,#3528,#3529,#3530,#3531,#3532,#3533,#3534,#3535,#3536,#3537,
#3538,#3539,#3540,#3541,#3542,#3543,#3544),.UNSPECIFIED.,.F.,.F.,(4,3,3,
3,3,3,3,3,4),(-110.906173742502,-110.731232244748,-109.733653575877,-108.736074907005,
-107.738496238133,-106.740917569262,-105.74333890039,-104.745760231519,
-104.622988435322),.UNSPECIFIED.);
#312=B_SPLINE_CURVE_WITH_KNOTS('',3,(#3545,#3546,#3547,#3548,#3549,#3550,
#3551,#3552,#3553,#3554,#3555,#3556,#3557,#3558,#3559,#3560,#3561,#3562,
#3563,#3564,#3565,#3566,#3567,#3568,#3569),.UNSPECIFIED.,.F.,.F.,(4,3,3,
3,3,3,3,3,4),(101.653706721335,101.753024224904,102.750602893775,103.748181562647,
104.745760231519,105.74333890039,106.740917569262,107.738496238133,107.936892028515),
 .UNSPECIFIED.);
#313=B_SPLINE_CURVE_WITH_KNOTS('',3,(#3574,#3575,#3576,#3577,#3578,#3579,
#3580,#3581,#3582,#3583,#3584,#3585,#3586,#3587,#3588,#3589,#3590,#3591,
#3592,#3593,#3594,#3595),.UNSPECIFIED.,.F.,.F.,(4,3,3,3,3,3,3,4),(-117.189359049681,
-116.716704257978,-115.719125589106,-114.721546920235,-113.723968251363,
-112.726389582491,-111.72881091362,-110.906173742502),.UNSPECIFIED.);
#314=B_SPLINE_CURVE_WITH_KNOTS('',3,(#3596,#3597,#3598,#3599,#3600,#3601,
#3602,#3603,#3604,#3605,#3606,#3607,#3608,#3609,#3610,#3611,#3612,#3613,
#3614,#3615,#3616,#3617),.UNSPECIFIED.,.F.,.F.,(4,3,3,3,3,3,3,4),(107.936892028515,
108.736074907005,109.733653575877,110.731232244748,111.72881091362,112.726389582491,
113.723968251363,114.220077335694),.UNSPECIFIED.);
#315=B_SPLINE_CURVE_WITH_KNOTS('',3,(#3622,#3623,#3624,#3625,#3626,#3627,
#3628,#3629,#3630,#3631,#3632,#3633,#3634,#3635,#3636,#3637,#3638,#3639,
#3640,#3641,#3642,#3643),.UNSPECIFIED.,.F.,.F.,(4,3,3,3,3,3,3,4),(-123.472544356861,
-122.702176271208,-121.704597602336,-120.707018933464,-119.709440264593,
-118.711861595721,-117.714282926849,-117.189359049681),.UNSPECIFIED.);
#316=B_SPLINE_CURVE_WITH_KNOTS('',3,(#3644,#3645,#3646,#3647,#3648,#3649,
#3650,#3651,#3652,#3653,#3654,#3655,#3656,#3657,#3658,#3659,#3660,#3661,
#3662,#3663,#3664,#3665),.UNSPECIFIED.,.F.,.F.,(4,3,3,3,3,3,3,4),(114.220077335694,
114.721546920235,115.719125589106,116.716704257978,117.71428292685,118.711861595721,
119.709440264593,120.503262642874),.UNSPECIFIED.);
#317=B_SPLINE_CURVE_WITH_KNOTS('',3,(#3670,#3671,#3672,#3673,#3674,#3675,
#3676,#3677,#3678,#3679,#3680,#3681,#3682,#3683,#3684,#3685,#3686,#3687,
#3688,#3689,#3690,#3691,#3692,#3693,#3694),.UNSPECIFIED.,.F.,.F.,(4,3,3,
3,3,3,3,3,4),(-129.75572966404,-129.685226953309,-128.687648284437,-127.690069615566,
-126.692490946694,-125.694912277822,-124.697333608951,-123.699754940079,
-123.472544356861),.UNSPECIFIED.);
#318=B_SPLINE_CURVE_WITH_KNOTS('',3,(#3695,#3696,#3697,#3698,#3699,#3700,
#3701,#3702,#3703,#3704,#3705,#3706,#3707,#3708,#3709,#3710,#3711,#3712,
#3713,#3714,#3715,#3716,#3717,#3718,#3719),.UNSPECIFIED.,.F.,.F.,(4,3,3,
3,3,3,3,3,4),(120.503262642874,120.707018933464,121.704597602336,122.702176271208,
123.699754940079,124.697333608951,125.694912277822,126.692490946694,126.786447950054),
 .UNSPECIFIED.);
#319=B_SPLINE_CURVE_WITH_KNOTS('',3,(#3724,#3725,#3726,#3727,#3728,#3729,
#3730,#3731,#3732,#3733,#3734,#3735,#3736,#3737,#3738,#3739,#3740,#3741,
#3742,#3743,#3744,#3745),.UNSPECIFIED.,.F.,.F.,(4,3,3,3,3,3,3,4),(-136.03891497122,
-135.670698966538,-134.673120297667,-133.675541628795,-132.677962959924,
-131.680384291052,-130.68280562218,-129.75572966404),.UNSPECIFIED.);
#320=B_SPLINE_CURVE_WITH_KNOTS('',3,(#3746,#3747,#3748,#3749,#3750,#3751,
#3752,#3753,#3754,#3755,#3756,#3757,#3758,#3759,#3760,#3761,#3762,#3763,
#3764,#3765,#3766,#3767),.UNSPECIFIED.,.F.,.F.,(4,3,3,3,3,3,3,4),(126.786447950054,
127.690069615566,128.687648284437,129.685226953309,130.68280562218,131.680384291052,
132.677962959924,133.069633257233),.UNSPECIFIED.);
#321=B_SPLINE_CURVE_WITH_KNOTS('',3,(#3772,#3773,#3774,#3775,#3776,#3777,
#3778,#3779,#3780,#3781,#3782,#3783,#3784,#3785,#3786,#3787,#3788,#3789,
#3790,#3791,#3792,#3793),.UNSPECIFIED.,.F.,.F.,(4,3,3,3,3,3,3,4),(-142.322100278399,
-141.656170979768,-140.658592310896,-139.661013642025,-138.663434973153,
-137.665856304282,-136.66827763541,-136.03891497122),.UNSPECIFIED.);
#322=B_SPLINE_CURVE_WITH_KNOTS('',3,(#3794,#3795,#3796,#3797,#3798,#3799,
#3800,#3801,#3802,#3803,#3804,#3805,#3806,#3807,#3808,#3809,#3810,#3811,
#3812,#3813,#3814,#3815),.UNSPECIFIED.,.F.,.F.,(4,3,3,3,3,3,3,4),(133.069633257233,
133.675541628795,134.673120297667,135.670698966538,136.66827763541,137.665856304282,
138.663434973153,139.352818564413),.UNSPECIFIED.);
#323=B_SPLINE_CURVE_WITH_KNOTS('',3,(#3820,#3821,#3822,#3823,#3824,#3825,
#3826,#3827,#3828,#3829,#3830,#3831,#3832,#3833,#3834,#3835,#3836,#3837,
#3838,#3839,#3840,#3841),.UNSPECIFIED.,.F.,.F.,(4,3,3,3,3,3,3,4),(-148.605285585579,
-147.641642992998,-146.644064324126,-145.646485655254,-144.648906986383,
-143.651328317511,-142.65374964864,-142.322100278399),.UNSPECIFIED.);
#324=B_SPLINE_CURVE_WITH_KNOTS('',3,(#3842,#3843,#3844,#3845,#3846,#3847,
#3848,#3849,#3850,#3851,#3852,#3853,#3854,#3855,#3856,#3857,#3858,#3859,
#3860,#3861,#3862,#3863),.UNSPECIFIED.,.F.,.F.,(4,3,3,3,3,3,3,4),(139.352818564413,
139.661013642025,140.658592310896,141.656170979768,142.65374964864,143.651328317511,
144.648906986383,145.636003871592),.UNSPECIFIED.);
#325=B_SPLINE_CURVE_WITH_KNOTS('',3,(#3868,#3869,#3870,#3871,#3872,#3873,
#3874,#3875,#3876,#3877,#3878,#3879,#3880,#3881,#3882,#3883,#3884,#3885,
#3886,#3887,#3888,#3889,#3890,#3891,#3892),.UNSPECIFIED.,.F.,.F.,(4,3,3,
3,3,3,3,3,4),(-154.888470892759,-154.624693675099,-153.627115006227,-152.629536337356,
-151.631957668484,-150.634378999612,-149.636800330741,-148.639221661869,
-148.605285585579),.UNSPECIFIED.);
#326=B_SPLINE_CURVE_WITH_KNOTS('',3,(#3893,#3894,#3895,#3896,#3897,#3898,
#3899,#3900,#3901,#3902,#3903,#3904,#3905,#3906,#3907,#3908,#3909,#3910,
#3911,#3912,#3913,#3914,#3915,#3916,#3917),.UNSPECIFIED.,.F.,.F.,(4,3,3,
3,3,3,3,3,4),(145.636003871592,145.646485655255,146.644064324126,147.641642992998,
148.639221661869,149.636800330741,150.634378999612,151.631957668484,151.919189178772),
 .UNSPECIFIED.);
#327=B_SPLINE_CURVE_WITH_KNOTS('',3,(#3922,#3923,#3924,#3925,#3926,#3927,
#3928,#3929,#3930,#3931,#3932,#3933,#3934,#3935,#3936,#3937,#3938,#3939,
#3940,#3941,#3942,#3943),.UNSPECIFIED.,.F.,.F.,(4,3,3,3,3,3,3,4),(-161.171656199938,
-160.610165688329,-159.612587019457,-158.615008350585,-157.617429681714,
-156.619851012842,-155.622272343971,-154.888470892759),.UNSPECIFIED.);
#328=B_SPLINE_CURVE_WITH_KNOTS('',3,(#3944,#3945,#3946,#3947,#3948,#3949,
#3950,#3951,#3952,#3953,#3954,#3955,#3956,#3957,#3958,#3959,#3960,#3961,
#3962,#3963,#3964,#3965),.UNSPECIFIED.,.F.,.F.,(4,3,3,3,3,3,3,4),(151.919189178772,
152.629536337356,153.627115006227,154.624693675099,155.622272343971,156.619851012842,
157.617429681714,158.202374485951),.UNSPECIFIED.);
#329=B_SPLINE_CURVE_WITH_KNOTS('',3,(#3970,#3971,#3972,#3973,#3974,#3975,
#3976,#3977,#3978,#3979,#3980,#3981,#3982,#3983,#3984,#3985,#3986,#3987,
#3988,#3989,#3990,#3991),.UNSPECIFIED.,.F.,.F.,(4,3,3,3,3,3,3,4),(-167.454841507118,
-166.595637701558,-165.598059032687,-164.600480363815,-163.602901694943,
-162.605323026072,-161.6077443572,-161.171656199938),.UNSPECIFIED.);
#330=B_SPLINE_CURVE_WITH_KNOTS('',3,(#3992,#3993,#3994,#3995,#3996,#3997,
#3998,#3999,#4000,#4001,#4002,#4003,#4004,#4005,#4006,#4007,#4008,#4009,
#4010,#4011,#4012,#4013),.UNSPECIFIED.,.F.,.F.,(4,3,3,3,3,3,3,4),(158.202374485951,
158.615008350585,159.612587019457,160.610165688329,161.6077443572,162.605323026072,
163.602901694943,164.485559793131),.UNSPECIFIED.);
#331=B_SPLINE_CURVE_WITH_KNOTS('',3,(#4018,#4019,#4020,#4021,#4022,#4023,
#4024,#4025,#4026,#4027,#4028,#4029,#4030,#4031,#4032,#4033,#4034,#4035,
#4036,#4037,#4038,#4039,#4040,#4041,#4042),.UNSPECIFIED.,.F.,.F.,(4,3,3,
3,3,3,3,3,4),(-173.738026814297,-173.578688383659,-172.581109714788,-171.583531045916,
-170.585952377045,-169.588373708173,-168.590795039301,-167.59321637043,
-167.454841507118),.UNSPECIFIED.);
#332=B_SPLINE_CURVE_WITH_KNOTS('',3,(#4043,#4044,#4045,#4046,#4047,#4048,
#4049,#4050,#4051,#4052,#4053,#4054,#4055,#4056,#4057,#4058,#4059,#4060,
#4061,#4062,#4063,#4064,#4065,#4066,#4067),.UNSPECIFIED.,.F.,.F.,(4,3,3,
3,3,3,3,3,4),(164.485559793131,164.600480363815,165.598059032687,166.595637701558,
167.59321637043,168.590795039301,169.588373708173,170.585952377045,170.768745100311),
 .UNSPECIFIED.);
#333=B_SPLINE_CURVE_WITH_KNOTS('',3,(#4072,#4073,#4074,#4075,#4076,#4077,
#4078,#4079,#4080,#4081,#4082,#4083,#4084,#4085,#4086,#4087,#4088,#4089,
#4090,#4091,#4092,#4093),.UNSPECIFIED.,.F.,.F.,(4,3,3,3,3,3,3,4),(-180.021212121477,
-179.564160396889,-178.566581728017,-177.569003059146,-176.571424390274,
-175.573845721403,-174.576267052531,-173.738026814297),.UNSPECIFIED.);
#334=B_SPLINE_CURVE_WITH_KNOTS('',3,(#4094,#4095,#4096,#4097,#4098,#4099,
#4100,#4101,#4102,#4103,#4104,#4105,#4106,#4107,#4108,#4109,#4110,#4111,
#4112,#4113,#4114,#4115),.UNSPECIFIED.,.F.,.F.,(4,3,3,3,3,3,3,4),(170.768745100311,
171.583531045916,172.581109714788,173.578688383659,174.576267052531,175.573845721403,
176.571424390274,177.05193040749),.UNSPECIFIED.);
#335=B_SPLINE_CURVE_WITH_KNOTS('',3,(#4120,#4121,#4122,#4123,#4124,#4125,
#4126,#4127,#4128,#4129,#4130,#4131,#4132,#4133,#4134,#4135,#4136,#4137,
#4138,#4139,#4140,#4141),.UNSPECIFIED.,.F.,.F.,(4,3,3,3,3,3,3,4),(-186.304397428656,
-185.549632410119,-184.552053741247,-183.554475072375,-182.556896403504,
-181.559317734632,-180.561739065761,-180.021212121477),.UNSPECIFIED.);
#336=B_SPLINE_CURVE_WITH_KNOTS('',3,(#4142,#4143,#4144,#4145,#4146,#4147,
#4148,#4149,#4150,#4151,#4152,#4153,#4154,#4155,#4156,#4157,#4158,#4159,
#4160,#4161,#4162,#4163),.UNSPECIFIED.,.F.,.F.,(4,3,3,3,3,3,3,4),(177.05193040749,
177.569003059146,178.566581728018,179.564160396889,180.561739065761,181.559317734632,
182.556896403504,183.33511571467),.UNSPECIFIED.);
#337=B_SPLINE_CURVE_WITH_KNOTS('',3,(#4168,#4169,#4170,#4171,#4172,#4173,
#4174,#4175,#4176,#4177,#4178,#4179,#4180,#4181,#4182,#4183,#4184,#4185,
#4186,#4187,#4188,#4189,#4190,#4191,#4192),.UNSPECIFIED.,.F.,.F.,(4,3,3,
3,3,3,3,3,4),(-192.587582735836,-192.53268309222,-191.535104423348,-190.537525754477,
-189.539947085605,-188.542368416733,-187.544789747862,-186.54721107899,
-186.304397428656),.UNSPECIFIED.);
#338=B_SPLINE_CURVE_WITH_KNOTS('',3,(#4193,#4194,#4195,#4196,#4197,#4198,
#4199,#4200,#4201,#4202,#4203,#4204,#4205,#4206,#4207,#4208,#4209,#4210,
#4211,#4212,#4213,#4214,#4215,#4216,#4217),.UNSPECIFIED.,.F.,.F.,(4,3,3,
3,3,3,3,3,4),(183.33511571467,183.554475072376,184.552053741247,185.549632410119,
186.54721107899,187.544789747862,188.542368416734,189.539947085605,189.618301021849),
 .UNSPECIFIED.);
#339=B_SPLINE_CURVE_WITH_KNOTS('',3,(#4222,#4223,#4224,#4225,#4226,#4227,
#4228,#4229,#4230,#4231,#4232,#4233,#4234,#4235,#4236,#4237,#4238,#4239,
#4240,#4241,#4242,#4243),.UNSPECIFIED.,.F.,.F.,(4,3,3,3,3,3,3,4),(-198.870768043016,
-198.51815510545,-197.520576436578,-196.522997767706,-195.525419098835,
-194.527840429963,-193.530261761092,-192.587582735836),.UNSPECIFIED.);
#340=B_SPLINE_CURVE_WITH_KNOTS('',3,(#4244,#4245,#4246,#4247,#4248,#4249,
#4250,#4251,#4252,#4253,#4254,#4255,#4256,#4257,#4258,#4259,#4260,#4261,
#4262,#4263,#4264,#4265),.UNSPECIFIED.,.F.,.F.,(4,3,3,3,3,3,3,4),(189.618301021849,
190.537525754477,191.535104423348,192.53268309222,193.530261761092,194.527840429963,
195.525419098835,195.901486329029),.UNSPECIFIED.);
#341=B_SPLINE_CURVE_WITH_KNOTS('',3,(#4270,#4271,#4272,#4273,#4274,#4275,
#4276,#4277,#4278,#4279,#4280,#4281,#4282,#4283,#4284,#4285,#4286,#4287,
#4288,#4289,#4290,#4291),.UNSPECIFIED.,.F.,.F.,(4,3,3,3,3,3,3,4),(-205.153953350195,
-204.503627118679,-203.506048449808,-202.508469780936,-201.510891112064,
-200.513312443193,-199.515733774321,-198.870768043016),.UNSPECIFIED.);
#342=B_SPLINE_CURVE_WITH_KNOTS('',3,(#4292,#4293,#4294,#4295,#4296,#4297,
#4298,#4299,#4300,#4301,#4302,#4303,#4304,#4305,#4306,#4307,#4308,#4309,
#4310,#4311,#4312,#4313),.UNSPECIFIED.,.F.,.F.,(4,3,3,3,3,3,3,4),(195.901486329029,
196.522997767706,197.520576436578,198.51815510545,199.515733774321,200.513312443193,
201.510891112064,202.184671636208),.UNSPECIFIED.);
#343=B_SPLINE_CURVE_WITH_KNOTS('',3,(#4318,#4319,#4320,#4321,#4322,#4323,
#4324,#4325,#4326,#4327,#4328,#4329,#4330,#4331,#4332,#4333,#4334,#4335,
#4336,#4337,#4338,#4339),.UNSPECIFIED.,.F.,.F.,(4,3,3,3,3,3,3,4),(-211.437138657375,
-210.489099131909,-209.491520463037,-208.493941794166,-207.496363125294,
-206.498784456422,-205.501205787551,-205.153953350195),.UNSPECIFIED.);
#344=B_SPLINE_CURVE_WITH_KNOTS('',3,(#4340,#4341,#4342,#4343,#4344,#4345,
#4346,#4347,#4348,#4349,#4350,#4351,#4352,#4353,#4354,#4355,#4356,#4357,
#4358,#4359,#4360,#4361),.UNSPECIFIED.,.F.,.F.,(4,3,3,3,3,3,3,4),(202.184671636208,
202.508469780936,203.506048449808,204.503627118679,205.501205787551,206.498784456422,
207.496363125294,208.467856943388),.UNSPECIFIED.);
#345=B_SPLINE_CURVE_WITH_KNOTS('',3,(#4366,#4367,#4368,#4369,#4370,#4371,
#4372,#4373,#4374,#4375,#4376,#4377,#4378,#4379,#4380,#4381,#4382,#4383,
#4384,#4385,#4386,#4387,#4388,#4389,#4390),.UNSPECIFIED.,.F.,.F.,(4,3,3,
3,3,3,3,3,4),(-217.720323964554,-217.47214981401,-216.474571145138,-215.476992476267,
-214.479413807395,-213.481835138524,-212.484256469652,-211.48667780078,
-211.437138657375),.UNSPECIFIED.);
#346=B_SPLINE_CURVE_WITH_KNOTS('',3,(#4391,#4392,#4393,#4394,#4395,#4396,
#4397,#4398,#4399,#4400,#4401,#4402,#4403,#4404,#4405,#4406,#4407,#4408,
#4409,#4410,#4411,#4412,#4413,#4414,#4415),.UNSPECIFIED.,.F.,.F.,(4,3,3,
3,3,3,3,3,4),(208.467856943388,208.493941794166,209.491520463037,210.489099131909,
211.486677800781,212.484256469652,213.481835138524,214.479413807395,214.751042250568),
 .UNSPECIFIED.);
#347=B_SPLINE_CURVE_WITH_KNOTS('',3,(#4420,#4421,#4422,#4423,#4424,#4425,
#4426,#4427,#4428,#4429,#4430,#4431,#4432,#4433,#4434,#4435,#4436,#4437,
#4438,#4439,#4440,#4441),.UNSPECIFIED.,.F.,.F.,(4,3,3,3,3,3,3,4),(-224.003509271734,
-223.45762182724,-222.460043158368,-221.462464489497,-220.464885820625,
-219.467307151753,-218.469728482882,-217.720323964554),.UNSPECIFIED.);
#348=B_SPLINE_CURVE_WITH_KNOTS('',3,(#4442,#4443,#4444,#4445,#4446,#4447,
#4448,#4449,#4450,#4451,#4452,#4453,#4454,#4455,#4456,#4457,#4458,#4459,
#4460,#4461,#4462,#4463),.UNSPECIFIED.,.F.,.F.,(4,3,3,3,3,3,3,4),(214.751042250568,
215.476992476267,216.474571145139,217.47214981401,218.469728482882,219.467307151753,
220.464885820625,221.034227557747),.UNSPECIFIED.);
#349=B_SPLINE_CURVE_WITH_KNOTS('',3,(#4468,#4469,#4470,#4471,#4472,#4473,
#4474,#4475,#4476,#4477,#4478,#4479,#4480,#4481,#4482,#4483,#4484,#4485,
#4486,#4487,#4488,#4489),.UNSPECIFIED.,.F.,.F.,(4,3,3,3,3,3,3,4),(-230.286694578913,
-229.443093840469,-228.445515171598,-227.447936502726,-226.450357833855,
-225.452779164983,-224.455200496111,-224.003509271734),.UNSPECIFIED.);
#350=B_SPLINE_CURVE_WITH_KNOTS('',3,(#4490,#4491,#4492,#4493,#4494,#4495,
#4496,#4497,#4498,#4499,#4500,#4501,#4502,#4503,#4504,#4505,#4506,#4507,
#4508,#4509,#4510,#4511),.UNSPECIFIED.,.F.,.F.,(4,3,3,3,3,3,3,4),(221.034227557747,
221.462464489497,222.460043158368,223.45762182724,224.455200496111,225.452779164983,
226.450357833855,227.317412864927),.UNSPECIFIED.);
#351=B_SPLINE_CURVE_WITH_KNOTS('',3,(#4516,#4517,#4518,#4519,#4520,#4521,
#4522,#4523,#4524,#4525,#4526,#4527,#4528,#4529,#4530,#4531,#4532,#4533,
#4534,#4535,#4536,#4537,#4538,#4539,#4540),.UNSPECIFIED.,.F.,.F.,(4,3,3,
3,3,3,3,3,4),(-236.569879886093,-236.426144522571,-235.428565853699,-234.430987184827,
-233.433408515956,-232.435829847084,-231.438251178213,-230.440672509341,
-230.286694578913),.UNSPECIFIED.);
#352=B_SPLINE_CURVE_WITH_KNOTS('',3,(#4541,#4542,#4543,#4544,#4545,#4546,
#4547,#4548,#4549,#4550,#4551,#4552,#4553,#4554,#4555,#4556,#4557,#4558,
#4559,#4560,#4561,#4562,#4563,#4564,#4565),.UNSPECIFIED.,.F.,.F.,(4,3,3,
3,3,3,3,3,4),(227.317412864927,227.447936502726,228.445515171598,229.443093840469,
230.440672509341,231.438251178213,232.435829847084,233.433408515956,233.600598172106),
 .UNSPECIFIED.);
#353=B_SPLINE_CURVE_WITH_KNOTS('',3,(#4570,#4571,#4572,#4573,#4574,#4575,
#4576,#4577,#4578,#4579,#4580,#4581,#4582,#4583,#4584,#4585,#4586,#4587,
#4588,#4589,#4590,#4591),.UNSPECIFIED.,.F.,.F.,(4,3,3,3,3,3,3,4),(-242.853065193272,
-242.4116165358,-241.414037866929,-240.416459198057,-239.418880529185,-238.421301860314,
-237.423723191442,-236.569879886093),.UNSPECIFIED.);
#354=B_SPLINE_CURVE_WITH_KNOTS('',3,(#4592,#4593,#4594,#4595,#4596,#4597,
#4598,#4599,#4600,#4601,#4602,#4603,#4604,#4605,#4606,#4607,#4608,#4609,
#4610,#4611,#4612,#4613),.UNSPECIFIED.,.F.,.F.,(4,3,3,3,3,3,3,4),(233.600598172106,
234.430987184827,235.428565853699,236.426144522571,237.423723191442,238.421301860314,
239.418880529185,239.883783479286),.UNSPECIFIED.);
#355=B_SPLINE_CURVE_WITH_KNOTS('',3,(#4618,#4619,#4620,#4621,#4622,#4623,
#4624,#4625,#4626,#4627,#4628,#4629,#4630,#4631,#4632,#4633,#4634,#4635,
#4636,#4637,#4638,#4639),.UNSPECIFIED.,.F.,.F.,(4,3,3,3,3,3,3,4),(-249.136250500452,
-248.39708854903,-247.399509880158,-246.401931211287,-245.404352542415,
-244.406773873544,-243.409195204672,-242.853065193272),.UNSPECIFIED.);
#356=B_SPLINE_CURVE_WITH_KNOTS('',3,(#4640,#4641,#4642,#4643,#4644,#4645,
#4646,#4647,#4648,#4649,#4650,#4651,#4652,#4653,#4654,#4655,#4656,#4657,
#4658,#4659,#4660,#4661),.UNSPECIFIED.,.F.,.F.,(4,3,3,3,3,3,3,4),(239.883783479286,
240.416459198057,241.414037866929,242.4116165358,243.409195204672,244.406773873544,
245.404352542415,246.166968786465),.UNSPECIFIED.);
#357=B_SPLINE_CURVE_WITH_KNOTS('',3,(#4666,#4667,#4668,#4669,#4670,#4671,
#4672,#4673,#4674,#4675,#4676,#4677,#4678,#4679,#4680,#4681,#4682,#4683,
#4684,#4685,#4686,#4687,#4688,#4689,#4690),.UNSPECIFIED.,.F.,.F.,(4,3,3,
3,3,3,3,3,4),(-255.419435807632,-255.380139231131,-254.38256056226,-253.384981893388,
-252.387403224516,-251.389824555645,-250.392245886773,-249.394667217901,
-249.136250500452),.UNSPECIFIED.);
#358=B_SPLINE_CURVE_WITH_KNOTS('',3,(#4691,#4692,#4693,#4694,#4695,#4696,
#4697,#4698,#4699,#4700,#4701,#4702,#4703,#4704,#4705,#4706,#4707,#4708,
#4709,#4710,#4711,#4712,#4713,#4714,#4715),.UNSPECIFIED.,.F.,.F.,(4,3,3,
3,3,3,3,3,4),(246.166968786465,246.401931211287,247.399509880158,248.39708854903,
249.394667217902,250.392245886773,251.389824555645,252.387403224516,252.450154093645),
 .UNSPECIFIED.);
#359=B_SPLINE_CURVE_WITH_KNOTS('',3,(#4720,#4721,#4722,#4723,#4724,#4725,
#4726,#4727,#4728,#4729,#4730,#4731,#4732,#4733,#4734,#4735,#4736,#4737,
#4738,#4739,#4740,#4741),.UNSPECIFIED.,.F.,.F.,(4,3,3,3,3,3,3,4),(-261.702621114811,
-261.365611244361,-260.368032575489,-259.370453906618,-258.372875237746,
-257.375296568874,-256.377717900003,-255.419435807632),.UNSPECIFIED.);
#360=B_SPLINE_CURVE_WITH_KNOTS('',3,(#4742,#4743,#4744,#4745,#4746,#4747,
#4748,#4749,#4750,#4751,#4752,#4753,#4754,#4755,#4756,#4757,#4758,#4759,
#4760,#4761,#4762,#4763),.UNSPECIFIED.,.F.,.F.,(4,3,3,3,3,3,3,4),(252.450154093645,
253.384981893388,254.38256056226,255.380139231131,256.377717900003,257.375296568874,
258.372875237746,258.733339400824),.UNSPECIFIED.);
#361=B_SPLINE_CURVE_WITH_KNOTS('',3,(#4768,#4769,#4770,#4771,#4772,#4773,
#4774,#4775,#4776,#4777,#4778,#4779,#4780,#4781,#4782,#4783,#4784,#4785,
#4786,#4787,#4788,#4789),.UNSPECIFIED.,.F.,.F.,(4,3,3,3,3,3,3,4),(-267.985806421991,
-267.35108325759,-266.353504588719,-265.355925919847,-264.358347250976,
-263.360768582104,-262.363189913232,-261.702621114811),.UNSPECIFIED.);
#362=B_SPLINE_CURVE_WITH_KNOTS('',3,(#4790,#4791,#4792,#4793,#4794,#4795,
#4796,#4797,#4798,#4799,#4800,#4801,#4802,#4803,#4804,#4805,#4806,#4807,
#4808,#4809,#4810,#4811),.UNSPECIFIED.,.F.,.F.,(4,3,3,3,3,3,3,4),(258.733339400824,
259.370453906618,260.368032575489,261.365611244361,262.363189913232,263.360768582104,
264.358347250976,265.016524708004),.UNSPECIFIED.);
#363=B_SPLINE_CURVE_WITH_KNOTS('',3,(#4816,#4817,#4818,#4819,#4820,#4821,
#4822,#4823,#4824,#4825,#4826,#4827,#4828,#4829,#4830,#4831,#4832,#4833,
#4834,#4835,#4836,#4837),.UNSPECIFIED.,.F.,.F.,(4,3,3,3,3,3,3,4),(-274.26899172917,
-273.33655527082,-272.338976601948,-271.341397933077,-270.343819264205,
-269.346240595334,-268.348661926462,-267.985806421991),.UNSPECIFIED.);
#364=B_SPLINE_CURVE_WITH_KNOTS('',3,(#4838,#4839,#4840,#4841,#4842,#4843,
#4844,#4845,#4846,#4847,#4848,#4849,#4850,#4851,#4852,#4853,#4854,#4855,
#4856,#4857,#4858,#4859),.UNSPECIFIED.,.F.,.F.,(4,3,3,3,3,3,3,4),(265.016524708004,
265.355925919847,266.353504588719,267.351083257591,268.348661926462,269.346240595334,
270.343819264205,271.299710015184),.UNSPECIFIED.);
#365=B_SPLINE_CURVE_WITH_KNOTS('',3,(#4864,#4865,#4866,#4867,#4868,#4869,
#4870,#4871,#4872,#4873,#4874,#4875,#4876,#4877,#4878,#4879,#4880,#4881,
#4882,#4883,#4884,#4885,#4886,#4887,#4888),.UNSPECIFIED.,.F.,.F.,(4,3,3,
3,3,3,3,3,4),(-280.55217703635,-280.319605952921,-279.32202728405,-278.324448615178,
-277.326869946306,-276.329291277435,-275.331712608563,-274.334133939692,
-274.26899172917),.UNSPECIFIED.);
#366=B_SPLINE_CURVE_WITH_KNOTS('',3,(#4889,#4890,#4891,#4892,#4893,#4894,
#4895,#4896,#4897,#4898,#4899,#4900,#4901,#4902,#4903,#4904,#4905,#4906,
#4907,#4908,#4909,#4910,#4911,#4912,#4913),.UNSPECIFIED.,.F.,.F.,(4,3,3,
3,3,3,3,3,4),(271.299710015184,271.341397933077,272.338976601949,273.33655527082,
274.334133939692,275.331712608563,276.329291277435,277.326869946307,277.582895322363),
 .UNSPECIFIED.);
#367=B_SPLINE_CURVE_WITH_KNOTS('',3,(#4918,#4919,#4920,#4921,#4922,#4923,
#4924,#4925,#4926,#4927,#4928,#4929,#4930,#4931,#4932,#4933,#4934,#4935,
#4936,#4937,#4938,#4939),.UNSPECIFIED.,.F.,.F.,(4,3,3,3,3,3,3,4),(-286.835362343529,
-286.305077966151,-285.307499297279,-284.309920628408,-283.312341959536,
-282.314763290664,-281.317184621793,-280.55217703635),.UNSPECIFIED.);
#368=B_SPLINE_CURVE_WITH_KNOTS('',3,(#4940,#4941,#4942,#4943,#4944,#4945,
#4946,#4947,#4948,#4949,#4950,#4951,#4952,#4953,#4954,#4955,#4956,#4957,
#4958,#4959,#4960,#4961),.UNSPECIFIED.,.F.,.F.,(4,3,3,3,3,3,3,4),(277.582895322363,
278.324448615178,279.32202728405,280.319605952921,281.317184621793,282.314763290665,
283.312341959536,283.866080629543),.UNSPECIFIED.);
#369=B_SPLINE_CURVE_WITH_KNOTS('',3,(#4966,#4967,#4968,#4969,#4970,#4971,
#4972,#4973,#4974,#4975,#4976,#4977,#4978,#4979,#4980,#4981,#4982,#4983,
#4984,#4985,#4986,#4987),.UNSPECIFIED.,.F.,.F.,(4,3,3,3,3,3,3,4),(-293.118547650709,
-292.290549979381,-291.292971310509,-290.295392641637,-289.297813972766,
-288.300235303894,-287.302656635022,-286.835362343529),.UNSPECIFIED.);
#370=B_SPLINE_CURVE_WITH_KNOTS('',3,(#4988,#4989,#4990,#4991,#4992,#4993,
#4994,#4995,#4996,#4997,#4998,#4999,#5000,#5001,#5002,#5003,#5004,#5005,
#5006,#5007,#5008,#5009),.UNSPECIFIED.,.F.,.F.,(4,3,3,3,3,3,3,4),(283.866080629543,
284.309920628408,285.307499297279,286.305077966151,287.302656635023,288.300235303894,
289.297813972766,290.149265936722),.UNSPECIFIED.);
#371=B_SPLINE_CURVE_WITH_KNOTS('',3,(#5014,#5015,#5016,#5017,#5018,#5019,
#5020,#5021,#5022,#5023,#5024,#5025,#5026,#5027,#5028,#5029,#5030,#5031,
#5032,#5033,#5034,#5035,#5036,#5037,#5038),.UNSPECIFIED.,.F.,.F.,(4,3,3,
3,3,3,3,3,4),(-299.401732957888,-299.273600661482,-298.27602199261,-297.278443323739,
-296.280864654867,-295.283285985995,-294.285707317124,-293.288128648252,
-293.118547650709),.UNSPECIFIED.);
#372=B_SPLINE_CURVE_WITH_KNOTS('',3,(#5039,#5040,#5041,#5042,#5043,#5044,
#5045,#5046,#5047,#5048,#5049,#5050,#5051,#5052,#5053,#5054,#5055,#5056,
#5057,#5058,#5059,#5060,#5061,#5062,#5063),.UNSPECIFIED.,.F.,.F.,(4,3,3,
3,3,3,3,3,4),(290.149265936722,290.295392641637,291.292971310509,292.290549979381,
293.288128648252,294.285707317124,295.283285985995,296.280864654867,296.432451243902),
 .UNSPECIFIED.);
#373=B_SPLINE_CURVE_WITH_KNOTS('',3,(#5068,#5069,#5070,#5071,#5072,#5073,
#5074,#5075,#5076,#5077,#5078,#5079,#5080,#5081,#5082,#5083,#5084,#5085,
#5086,#5087,#5088,#5089),.UNSPECIFIED.,.F.,.F.,(4,3,3,3,3,3,3,4),(-305.684918265068,
-305.259072674711,-304.26149400584,-303.263915336968,-302.266336668097,
-301.268757999225,-300.271179330353,-299.401732957888),.UNSPECIFIED.);
#374=B_SPLINE_CURVE_WITH_KNOTS('',3,(#5090,#5091,#5092,#5093,#5094,#5095,
#5096,#5097,#5098,#5099,#5100,#5101,#5102,#5103,#5104,#5105,#5106,#5107,
#5108,#5109,#5110,#5111),.UNSPECIFIED.,.F.,.F.,(4,3,3,3,3,3,3,4),(296.432451243902,
297.278443323739,298.27602199261,299.273600661482,300.271179330353,301.268757999225,
302.266336668097,302.715636551081),.UNSPECIFIED.);
#375=B_SPLINE_CURVE_WITH_KNOTS('',3,(#5116,#5117,#5118,#5119,#5120,#5121,
#5122,#5123,#5124,#5125,#5126,#5127,#5128,#5129,#5130,#5131,#5132,#5133,
#5134,#5135,#5136,#5137),.UNSPECIFIED.,.F.,.F.,(4,3,3,3,3,3,3,4),(-311.968103572248,
-311.244544687941,-310.246966019069,-309.249387350198,-308.251808681326,
-307.254230012455,-306.256651343583,-305.684918265068),.UNSPECIFIED.);
#376=B_SPLINE_CURVE_WITH_KNOTS('',3,(#5138,#5139,#5140,#5141,#5142,#5143,
#5144,#5145,#5146,#5147,#5148,#5149,#5150,#5151,#5152,#5153,#5154,#5155,
#5156,#5157,#5158,#5159),.UNSPECIFIED.,.F.,.F.,(4,3,3,3,3,3,3,4),(302.715636551081,
303.263915336968,304.26149400584,305.259072674712,306.256651343583,307.254230012455,
308.251808681326,308.998821858261),.UNSPECIFIED.);
#377=B_SPLINE_CURVE_WITH_KNOTS('',3,(#5165,#5166,#5167,#5168,#5169,#5170),
 .UNSPECIFIED.,.F.,.F.,(4,1,1,4),(323.584043319749,323.858063104314,324.855641773185,
325.77520510648),.UNSPECIFIED.);
#378=B_SPLINE_CURVE_WITH_KNOTS('',3,(#5173,#5174,#5175,#5176),
 .UNSPECIFIED.,.F.,.F.,(4,4),(323.584043319749,324.534474186608),
 .UNSPECIFIED.);
#379=B_SPLINE_CURVE_WITH_KNOTS('',3,(#5181,#5182,#5183,#5184,#5185,#5186,
#5187,#5188,#5189,#5190),.UNSPECIFIED.,.F.,.F.,(4,1,1,1,1,1,1,4),(317.300858012569,
317.872591091084,318.870169759956,319.867748428827,320.865327097699,321.86290576657,
322.860484435442,323.584043319749),.UNSPECIFIED.);
#380=B_SPLINE_CURVE_WITH_KNOTS('',3,(#5191,#5192,#5193,#5194,#5195,#5196,
#5197,#5198,#5199,#5200,#5201),.UNSPECIFIED.,.F.,.F.,(4,1,1,1,1,1,1,1,4),
(317.300858012569,317.551423504507,318.549002173378,319.54658084225,320.544159511122,
321.541738179993,322.539316848865,323.536895517736,323.584043319749),
 .UNSPECIFIED.);
#381=B_SPLINE_CURVE_WITH_KNOTS('',3,(#5206,#5207,#5208,#5209,#5210,#5211,
#5212,#5213,#5214,#5215),.UNSPECIFIED.,.F.,.F.,(4,1,1,1,1,1,1,4),(311.017672705389,
311.887119077854,312.884697746726,313.882276415598,314.879855084469,315.877433753341,
316.875012422212,317.300858012569),.UNSPECIFIED.);
#382=B_SPLINE_CURVE_WITH_KNOTS('',3,(#5216,#5217,#5218,#5219,#5220,#5221,
#5222,#5223,#5224,#5225),.UNSPECIFIED.,.F.,.F.,(4,1,1,1,1,1,1,4),(311.017672705389,
311.565951491277,312.563530160149,313.56110882902,314.558687497892,315.556266166764,
316.553844835635,317.300858012569),.UNSPECIFIED.);
#383=B_SPLINE_CURVE_WITH_KNOTS('',3,(#5230,#5231,#5232,#5233,#5234,#5235,
#5236,#5237,#5238,#5239,#5240),.UNSPECIFIED.,.F.,.F.,(4,1,1,1,1,1,1,1,4),
(304.73448739821,304.904068395753,305.901647064625,306.899225733496,307.896804402368,
308.89438307124,309.891961740111,310.889540408983,311.017672705389),
 .UNSPECIFIED.);
#384=B_SPLINE_CURVE_WITH_KNOTS('',3,(#5241,#5242,#5243,#5244,#5245,#5246,
#5247,#5248,#5249,#5250),.UNSPECIFIED.,.F.,.F.,(4,1,1,1,1,1,1,4),(304.73448739821,
305.580479478047,306.578058146919,307.575636815791,308.573215484662,309.570794153534,
310.568372822406,311.017672705389),.UNSPECIFIED.);
#385=B_SPLINE_CURVE_WITH_KNOTS('',3,(#5255,#5256,#5257,#5258,#5259,#5260,
#5261,#5262,#5263,#5264),.UNSPECIFIED.,.F.,.F.,(4,1,1,1,1,1,1,4),(298.45130209103,
298.918596382524,299.916175051395,300.913753720267,301.911332389138,302.90891105801,
303.906489726882,304.73448739821),.UNSPECIFIED.);
#386=B_SPLINE_CURVE_WITH_KNOTS('',3,(#5265,#5266,#5267,#5268,#5269,#5270,
#5271,#5272,#5273,#5274,#5275),.UNSPECIFIED.,.F.,.F.,(4,1,1,1,1,1,1,1,4),
(298.45130209103,298.597428795946,299.595007464818,300.592586133689,301.590164802561,
302.587743471433,303.585322140304,304.582900809176,304.73448739821),
 .UNSPECIFIED.);
#387=B_SPLINE_CURVE_WITH_KNOTS('',3,(#5280,#5281,#5282,#5283,#5284,#5285,
#5286,#5287,#5288,#5289),.UNSPECIFIED.,.F.,.F.,(4,1,1,1,1,1,1,4),(292.168116783851,
292.933124369294,293.930703038166,294.928281707037,295.925860375909,296.92343904478,
297.921017713652,298.45130209103),.UNSPECIFIED.);
#388=B_SPLINE_CURVE_WITH_KNOTS('',3,(#5290,#5291,#5292,#5293,#5294,#5295,
#5296,#5297,#5298,#5299),.UNSPECIFIED.,.F.,.F.,(4,1,1,1,1,1,1,4),(292.168116783851,
292.611956782717,293.609535451588,294.60711412046,295.604692789331,296.602271458203,
297.599850127075,298.45130209103),.UNSPECIFIED.);
#389=B_SPLINE_CURVE_WITH_KNOTS('',3,(#5304,#5305,#5306,#5307,#5308,#5309,
#5310,#5311,#5312,#5313,#5314),.UNSPECIFIED.,.F.,.F.,(4,1,1,1,1,1,1,1,4),
(285.884931476671,285.950073687193,286.947652356064,287.945231024936,288.942809693807,
289.940388362679,290.937967031551,291.935545700422,292.168116783851),
 .UNSPECIFIED.);
#390=B_SPLINE_CURVE_WITH_KNOTS('',3,(#5315,#5316,#5317,#5318,#5319,#5320,
#5321,#5322,#5323,#5324),.UNSPECIFIED.,.F.,.F.,(4,1,1,1,1,1,1,4),(285.884931476671,
286.626484769487,287.624063438359,288.62164210723,289.619220776102,290.616799444973,
291.614378113845,292.168116783851),.UNSPECIFIED.);
#391=B_SPLINE_CURVE_WITH_KNOTS('',3,(#5329,#5330,#5331,#5332,#5333,#5334,
#5335,#5336,#5337,#5338),.UNSPECIFIED.,.F.,.F.,(4,1,1,1,1,1,1,4),(279.601746169491,
279.964601673963,280.962180342835,281.959759011706,282.957337680578,283.954916349449,
284.952495018321,285.884931476671),.UNSPECIFIED.);
#392=B_SPLINE_CURVE_WITH_KNOTS('',3,(#5339,#5340,#5341,#5342,#5343,#5344,
#5345,#5346,#5347,#5348,#5349),.UNSPECIFIED.,.F.,.F.,(4,1,1,1,1,1,1,1,4),
(279.601746169492,279.643434087386,280.641012756257,281.638591425129,282.636170094001,
283.633748762872,284.631327431744,285.628906100615,285.884931476671),
 .UNSPECIFIED.);
#393=B_SPLINE_CURVE_WITH_KNOTS('',3,(#5354,#5355,#5356,#5357,#5358,#5359,
#5360,#5361,#5362,#5363),.UNSPECIFIED.,.F.,.F.,(4,1,1,1,1,1,1,4),(273.318560862312,
273.979129660733,274.976708329605,275.974286998477,276.971865667348,277.96944433622,
278.967023005091,279.601746169491),.UNSPECIFIED.);
#394=B_SPLINE_CURVE_WITH_KNOTS('',3,(#5364,#5365,#5366,#5367,#5368,#5369,
#5370,#5371,#5372,#5373),.UNSPECIFIED.,.F.,.F.,(4,1,1,1,1,1,1,4),(273.318560862312,
273.657962074156,274.655540743028,275.653119411899,276.650698080771,277.648276749642,
278.645855418514,279.601746169492),.UNSPECIFIED.);
#395=B_SPLINE_CURVE_WITH_KNOTS('',3,(#5378,#5379,#5380,#5381,#5382,#5383,
#5384,#5385,#5386,#5387),.UNSPECIFIED.,.F.,.F.,(4,1,1,1,1,1,1,4),(267.035375555132,
267.993657647504,268.991236316375,269.988814985247,270.986393654119,271.98397232299,
272.981550991862,273.318560862312),.UNSPECIFIED.);
#396=B_SPLINE_CURVE_WITH_KNOTS('',3,(#5388,#5389,#5390,#5391,#5392,#5393,
#5394,#5395,#5396,#5397),.UNSPECIFIED.,.F.,.F.,(4,1,1,1,1,1,1,4),(267.035375555133,
267.672490060926,268.670068729798,269.66764739867,270.665226067541,271.662804736413,
272.660383405284,273.318560862312),.UNSPECIFIED.);
#397=B_SPLINE_CURVE_WITH_KNOTS('',3,(#5402,#5403,#5404,#5405,#5406,#5407,
#5408,#5409,#5410,#5411,#5412),.UNSPECIFIED.,.F.,.F.,(4,1,1,1,1,1,1,1,4),
(260.752190247953,261.010606965402,262.008185634274,263.005764303146,264.003342972017,
265.000921640889,265.998500309761,266.996078978632,267.035375555132),
 .UNSPECIFIED.);
#398=B_SPLINE_CURVE_WITH_KNOTS('',3,(#5413,#5414,#5415,#5416,#5417,#5418,
#5419,#5420,#5421,#5422),.UNSPECIFIED.,.F.,.F.,(4,1,1,1,1,1,1,4),(260.752190247953,
261.687018047697,262.684596716568,263.68217538544,264.679754054312,265.677332723183,
266.674911392055,267.035375555133),.UNSPECIFIED.);
#399=B_SPLINE_CURVE_WITH_KNOTS('',3,(#5427,#5428,#5429,#5430,#5431,#5432,
#5433,#5434,#5435,#5436),.UNSPECIFIED.,.F.,.F.,(4,1,1,1,1,1,1,4),(254.469004940773,
255.025134952173,256.022713621044,257.020292289916,258.017870958788,259.015449627659,
260.013028296531,260.752190247953),.UNSPECIFIED.);
#400=B_SPLINE_CURVE_WITH_KNOTS('',3,(#5437,#5438,#5439,#5440,#5441,#5442,
#5443,#5444,#5445,#5446,#5447),.UNSPECIFIED.,.F.,.F.,(4,1,1,1,1,1,1,1,4),
(254.469004940773,254.703967365596,255.701546034467,256.699124703339,257.69670337221,
258.694282041082,259.691860709954,260.689439378825,260.752190247953),
 .UNSPECIFIED.);
#401=B_SPLINE_CURVE_WITH_KNOTS('',3,(#5452,#5453,#5454,#5455,#5456,#5457,
#5458,#5459,#5460,#5461),.UNSPECIFIED.,.F.,.F.,(4,1,1,1,1,1,1,4),(248.185819633594,
249.039662938943,250.037241607815,251.034820276686,252.032398945558,253.02997761443,
254.027556283301,254.469004940773),.UNSPECIFIED.);
#402=B_SPLINE_CURVE_WITH_KNOTS('',3,(#5462,#5463,#5464,#5465,#5466,#5467,
#5468,#5469,#5470,#5471),.UNSPECIFIED.,.F.,.F.,(4,1,1,1,1,1,1,4),(248.185819633594,
248.718495352366,249.716074021238,250.713652690109,251.711231358981,252.708810027852,
253.706388696724,254.469004940773),.UNSPECIFIED.);
#403=B_SPLINE_CURVE_WITH_KNOTS('',3,(#5476,#5477,#5478,#5479,#5480,#5481,
#5482,#5483,#5484,#5485,#5486),.UNSPECIFIED.,.F.,.F.,(4,1,1,1,1,1,1,1,4),
(241.902634326414,242.056612256842,243.054190925714,244.051769594585,245.049348263457,
246.046926932328,247.0445056012,248.042084270072,248.185819633594),
 .UNSPECIFIED.);
#404=B_SPLINE_CURVE_WITH_KNOTS('',3,(#5487,#5488,#5489,#5490,#5491,#5492,
#5493,#5494,#5495,#5496),.UNSPECIFIED.,.F.,.F.,(4,1,1,1,1,1,1,4),(241.902634326414,
242.733023339136,243.730602008008,244.72818067688,245.725759345751,246.723338014623,
247.720916683494,248.185819633594),.UNSPECIFIED.);
#405=B_SPLINE_CURVE_WITH_KNOTS('',3,(#5501,#5502,#5503,#5504,#5505,#5506,
#5507,#5508,#5509,#5510),.UNSPECIFIED.,.F.,.F.,(4,1,1,1,1,1,1,4),(235.619449019235,
236.071140243612,237.068718912484,238.066297581356,239.063876250227,240.061454919099,
241.05903358797,241.902634326414),.UNSPECIFIED.);
#406=B_SPLINE_CURVE_WITH_KNOTS('',3,(#5511,#5512,#5513,#5514,#5515,#5516,
#5517,#5518,#5519,#5520,#5521),.UNSPECIFIED.,.F.,.F.,(4,1,1,1,1,1,1,1,4),
(235.619449019235,235.749972657035,236.747551325907,237.745129994778,238.74270866365,
239.740287332521,240.737866001393,241.735444670265,241.902634326414),
 .UNSPECIFIED.);
#407=B_SPLINE_CURVE_WITH_KNOTS('',3,(#5526,#5527,#5528,#5529,#5530,#5531,
#5532,#5533,#5534,#5535),.UNSPECIFIED.,.F.,.F.,(4,1,1,1,1,1,1,4),(229.336263712055,
230.085668230383,231.083246899254,232.080825568126,233.078404236998,234.075982905869,
235.073561574741,235.619449019235),.UNSPECIFIED.);
#408=B_SPLINE_CURVE_WITH_KNOTS('',3,(#5536,#5537,#5538,#5539,#5540,#5541,
#5542,#5543,#5544,#5545),.UNSPECIFIED.,.F.,.F.,(4,1,1,1,1,1,1,4),(229.336263712055,
229.764500643805,230.762079312677,231.759657981549,232.75723665042,233.754815319292,
234.752393988163,235.619449019235),.UNSPECIFIED.);
#409=B_SPLINE_CURVE_WITH_KNOTS('',3,(#5550,#5551,#5552,#5553,#5554,#5555,
#5556,#5557,#5558,#5559,#5560),.UNSPECIFIED.,.F.,.F.,(4,1,1,1,1,1,1,1,4),
(223.053078404875,223.102617548281,224.100196217153,225.097774886025,226.095353554896,
227.092932223768,228.090510892639,229.088089561511,229.336263712055),
 .UNSPECIFIED.);
#410=B_SPLINE_CURVE_WITH_KNOTS('',3,(#5561,#5562,#5563,#5564,#5565,#5566,
#5567,#5568,#5569,#5570),.UNSPECIFIED.,.F.,.F.,(4,1,1,1,1,1,1,4),(223.053078404876,
223.779028630576,224.776607299447,225.774185968319,226.771764637191,227.769343306062,
228.766921974934,229.336263712055),.UNSPECIFIED.);
#411=B_SPLINE_CURVE_WITH_KNOTS('',3,(#5575,#5576,#5577,#5578,#5579,#5580,
#5581,#5582,#5583,#5584),.UNSPECIFIED.,.F.,.F.,(4,1,1,1,1,1,1,4),(216.769893097696,
217.117145535052,218.114724203923,219.112302872795,220.109881541667,221.107460210538,
222.10503887941,223.053078404875),.UNSPECIFIED.);
#412=B_SPLINE_CURVE_WITH_KNOTS('',3,(#5585,#5586,#5587,#5588,#5589,#5590,
#5591,#5592,#5593,#5594,#5595),.UNSPECIFIED.,.F.,.F.,(4,1,1,1,1,1,1,1,4),
(216.769893097696,216.795977948475,217.793556617346,218.791135286218,219.788713955089,
220.786292623961,221.783871292833,222.781449961704,223.053078404876),
 .UNSPECIFIED.);
#413=B_SPLINE_CURVE_WITH_KNOTS('',3,(#5600,#5601,#5602,#5603,#5604,#5605,
#5606,#5607,#5608,#5609),.UNSPECIFIED.,.F.,.F.,(4,1,1,1,1,1,1,4),(210.486707790516,
211.131673521822,212.129252190694,213.126830859565,214.124409528437,215.121988197309,
216.11956686618,216.769893097696),.UNSPECIFIED.);
#414=B_SPLINE_CURVE_WITH_KNOTS('',3,(#5610,#5611,#5612,#5613,#5614,#5615,
#5616,#5617,#5618,#5619),.UNSPECIFIED.,.F.,.F.,(4,1,1,1,1,1,1,4),(210.486707790517,
210.810505935245,211.808084604116,212.805663272988,213.80324194186,214.800820610731,
215.798399279603,216.769893097696),.UNSPECIFIED.);
#415=B_SPLINE_CURVE_WITH_KNOTS('',3,(#5624,#5625,#5626,#5627,#5628,#5629,
#5630,#5631,#5632,#5633),.UNSPECIFIED.,.F.,.F.,(4,1,1,1,1,1,1,4),(204.203522483337,
205.146201508593,206.143780177464,207.141358846336,208.138937515207,209.136516184079,
210.134094852951,210.486707790516),.UNSPECIFIED.);
#416=B_SPLINE_CURVE_WITH_KNOTS('',3,(#5634,#5635,#5636,#5637,#5638,#5639,
#5640,#5641,#5642,#5643),.UNSPECIFIED.,.F.,.F.,(4,1,1,1,1,1,1,4),(204.203522483337,
204.825033922015,205.822612590887,206.820191259758,207.81776992863,208.815348597502,
209.812927266373,210.486707790517),.UNSPECIFIED.);
#417=B_SPLINE_CURVE_WITH_KNOTS('',3,(#5648,#5649,#5650,#5651,#5652,#5653,
#5654,#5655,#5656,#5657,#5658),.UNSPECIFIED.,.F.,.F.,(4,1,1,1,1,1,1,1,4),
(197.920337176157,198.163150826491,199.160729495363,200.158308164235,201.155886833106,
202.153465501978,203.151044170849,204.148622839721,204.203522483337),
 .UNSPECIFIED.);
#418=B_SPLINE_CURVE_WITH_KNOTS('',3,(#5659,#5660,#5661,#5662,#5663,#5664,
#5665,#5666,#5667,#5668),.UNSPECIFIED.,.F.,.F.,(4,1,1,1,1,1,1,4),(197.920337176157,
198.839561908786,199.837140577657,200.834719246529,201.8322979154,202.829876584272,
203.827455253144,204.203522483337),.UNSPECIFIED.);
#419=B_SPLINE_CURVE_WITH_KNOTS('',3,(#5673,#5674,#5675,#5676,#5677,#5678,
#5679,#5680,#5681,#5682),.UNSPECIFIED.,.F.,.F.,(4,1,1,1,1,1,1,4),(191.637151868978,
192.177678813262,193.175257482133,194.172836151005,195.170414819876,196.167993488748,
197.16557215762,197.920337176157),.UNSPECIFIED.);
#420=B_SPLINE_CURVE_WITH_KNOTS('',3,(#5683,#5684,#5685,#5686,#5687,#5688,
#5689,#5690,#5691,#5692,#5693),.UNSPECIFIED.,.F.,.F.,(4,1,1,1,1,1,1,1,4),
(191.637151868978,191.856511226684,192.854089895556,193.851668564428,194.849247233299,
195.846825902171,196.844404571042,197.841983239914,197.920337176157),
 .UNSPECIFIED.);
#421=B_SPLINE_CURVE_WITH_KNOTS('',3,(#5698,#5699,#5700,#5701,#5702,#5703,
#5704,#5705,#5706,#5707),.UNSPECIFIED.,.F.,.F.,(4,1,1,1,1,1,1,4),(185.353966561798,
186.192206800032,187.189785468904,188.187364137775,189.184942806647,190.182521475518,
191.18010014439,191.637151868978),.UNSPECIFIED.);
#422=B_SPLINE_CURVE_WITH_KNOTS('',3,(#5708,#5709,#5710,#5711,#5712,#5713,
#5714,#5715,#5716,#5717),.UNSPECIFIED.,.F.,.F.,(4,1,1,1,1,1,1,4),(185.353966561798,
185.871039213455,186.868617882326,187.866196551198,188.86377522007,189.861353888941,
190.858932557813,191.637151868978),.UNSPECIFIED.);
#423=B_SPLINE_CURVE_WITH_KNOTS('',3,(#5722,#5723,#5724,#5725,#5726,#5727,
#5728,#5729,#5730,#5731,#5732),.UNSPECIFIED.,.F.,.F.,(4,1,1,1,1,1,1,1,4),
(179.070781254618,179.209156117931,180.206734786802,181.204313455674,182.201892124546,
183.199470793417,184.197049462289,185.19462813116,185.353966561798),
 .UNSPECIFIED.);
#424=B_SPLINE_CURVE_WITH_KNOTS('',3,(#5733,#5734,#5735,#5736,#5737,#5738,
#5739,#5740,#5741,#5742),.UNSPECIFIED.,.F.,.F.,(4,1,1,1,1,1,1,4),(179.070781254619,
179.885567200225,180.883145869097,181.880724537968,182.87830320684,183.875881875712,
184.873460544583,185.353966561798),.UNSPECIFIED.);
#425=B_SPLINE_CURVE_WITH_KNOTS('',3,(#5747,#5748,#5749,#5750,#5751,#5752,
#5753,#5754,#5755,#5756),.UNSPECIFIED.,.F.,.F.,(4,1,1,1,1,1,1,4),(172.787595947439,
173.223684104701,174.221262773573,175.218841442444,176.216420111316,177.213998780188,
178.211577449059,179.070781254618),.UNSPECIFIED.);
#426=B_SPLINE_CURVE_WITH_KNOTS('',3,(#5757,#5758,#5759,#5760,#5761,#5762,
#5763,#5764,#5765,#5766,#5767),.UNSPECIFIED.,.F.,.F.,(4,1,1,1,1,1,1,1,4),
(172.787595947439,172.902516518124,173.900095186995,174.897673855867,175.895252524739,
176.89283119361,177.890409862482,178.887988531353,179.070781254619),
 .UNSPECIFIED.);
#427=B_SPLINE_CURVE_WITH_KNOTS('',3,(#5772,#5773,#5774,#5775,#5776,#5777,
#5778,#5779,#5780,#5781),.UNSPECIFIED.,.F.,.F.,(4,1,1,1,1,1,1,4),(166.504410640259,
167.238212091472,168.235790760343,169.233369429215,170.230948098086,171.228526766958,
172.22610543583,172.787595947439),.UNSPECIFIED.);
#428=B_SPLINE_CURVE_WITH_KNOTS('',3,(#5782,#5783,#5784,#5785,#5786,#5787,
#5788,#5789,#5790,#5791),.UNSPECIFIED.,.F.,.F.,(4,1,1,1,1,1,1,4),(166.50441064026,
166.917044504894,167.914623173766,168.912201842637,169.909780511509,170.907359180381,
171.904937849252,172.787595947439),.UNSPECIFIED.);
#429=B_SPLINE_CURVE_WITH_KNOTS('',3,(#5796,#5797,#5798,#5799,#5800,#5801,
#5802,#5803,#5804,#5805,#5806),.UNSPECIFIED.,.F.,.F.,(4,1,1,1,1,1,1,1,4),
(160.22122533308,160.25516140937,161.252740078242,162.250318747114,163.247897415985,
164.245476084857,165.243054753728,166.2406334226,166.504410640259),
 .UNSPECIFIED.);
#430=B_SPLINE_CURVE_WITH_KNOTS('',3,(#5807,#5808,#5809,#5810,#5811,#5812,
#5813,#5814,#5815,#5816),.UNSPECIFIED.,.F.,.F.,(4,1,1,1,1,1,1,4),(160.22122533308,
160.931572491665,161.929151160536,162.926729829408,163.924308498279,164.921887167151,
165.919465836023,166.50441064026),.UNSPECIFIED.);
#431=B_SPLINE_CURVE_WITH_KNOTS('',3,(#5821,#5822,#5823,#5824,#5825,#5826,
#5827,#5828,#5829,#5830),.UNSPECIFIED.,.F.,.F.,(4,1,1,1,1,1,1,4),(153.9380400259,
154.269689396141,155.267268065012,156.264846733884,157.262425402755,158.260004071627,
159.257582740499,160.22122533308),.UNSPECIFIED.);
#432=B_SPLINE_CURVE_WITH_KNOTS('',3,(#5831,#5832,#5833,#5834,#5835,#5836,
#5837,#5838,#5839,#5840,#5841),.UNSPECIFIED.,.F.,.F.,(4,1,1,1,1,1,1,1,4),
(153.9380400259,153.948521809563,154.946100478435,155.943679147307,156.941257816178,
157.93883648505,158.936415153921,159.933993822793,160.22122533308),
 .UNSPECIFIED.);
#433=B_SPLINE_CURVE_WITH_KNOTS('',3,(#5846,#5847,#5848,#5849,#5850,#5851,
#5852,#5853,#5854,#5855),.UNSPECIFIED.,.F.,.F.,(4,1,1,1,1,1,1,4),(147.654854718721,
148.284217382911,149.281796051783,150.279374720654,151.276953389526,152.274532058397,
153.272110727269,153.9380400259),.UNSPECIFIED.);
#434=B_SPLINE_CURVE_WITH_KNOTS('',3,(#5856,#5857,#5858,#5859,#5860,#5861,
#5862,#5863,#5864,#5865),.UNSPECIFIED.,.F.,.F.,(4,1,1,1,1,1,1,4),(147.654854718721,
147.963049796334,148.960628465205,149.958207134077,150.955785802949,151.95336447182,
152.950943140692,153.9380400259),.UNSPECIFIED.);
#435=B_SPLINE_CURVE_WITH_KNOTS('',3,(#5870,#5871,#5872,#5873,#5874,#5875,
#5876,#5877,#5878,#5879),.UNSPECIFIED.,.F.,.F.,(4,1,1,1,1,1,1,4),(141.371669411541,
142.298745369681,143.296324038553,144.293902707425,145.291481376296,146.289060045168,
147.286638714039,147.654854718721),.UNSPECIFIED.);
#436=B_SPLINE_CURVE_WITH_KNOTS('',3,(#5880,#5881,#5882,#5883,#5884,#5885,
#5886,#5887,#5888,#5889),.UNSPECIFIED.,.F.,.F.,(4,1,1,1,1,1,1,4),(141.371669411541,
141.977577783104,142.975156451976,143.972735120847,144.970313789719,145.96789245859,
146.965471127462,147.654854718721),.UNSPECIFIED.);
#437=B_SPLINE_CURVE_WITH_KNOTS('',3,(#5894,#5895,#5896,#5897,#5898,#5899,
#5900,#5901,#5902,#5903,#5904),.UNSPECIFIED.,.F.,.F.,(4,1,1,1,1,1,1,1,4),
(135.088484104362,135.31569468758,136.313273356452,137.310852025323,138.308430694195,
139.306009363067,140.303588031938,141.30116670081,141.371669411541),
 .UNSPECIFIED.);
#438=B_SPLINE_CURVE_WITH_KNOTS('',3,(#5905,#5906,#5907,#5908,#5909,#5910,
#5911,#5912,#5913,#5914),.UNSPECIFIED.,.F.,.F.,(4,1,1,1,1,1,1,4),(135.088484104362,
135.992105769874,136.989684438746,137.987263107618,138.984841776489,139.982420445361,
140.979999114232,141.371669411541),.UNSPECIFIED.);
#439=B_SPLINE_CURVE_WITH_KNOTS('',3,(#5919,#5920,#5921,#5922,#5923,#5924,
#5925,#5926,#5927,#5928),.UNSPECIFIED.,.F.,.F.,(4,1,1,1,1,1,1,4),(128.805298797182,
129.330222674351,130.327801343222,131.325380012094,132.322958680965,133.320537349837,
134.318116018709,135.088484104362),.UNSPECIFIED.);
#440=B_SPLINE_CURVE_WITH_KNOTS('',3,(#5929,#5930,#5931,#5932,#5933,#5934,
#5935,#5936,#5937,#5938,#5939),.UNSPECIFIED.,.F.,.F.,(4,1,1,1,1,1,1,1,4),
(128.805298797182,129.009055087773,130.006633756645,131.004212425516,132.001791094388,
132.99936976326,133.996948432131,134.994527101003,135.088484104362),
 .UNSPECIFIED.);
#441=B_SPLINE_CURVE_WITH_KNOTS('',3,(#5944,#5945,#5946,#5947,#5948,#5949,
#5950,#5951,#5952,#5953),.UNSPECIFIED.,.F.,.F.,(4,1,1,1,1,1,1,4),(122.522113490002,
123.344750661121,124.342329329992,125.339907998864,126.337486667736,127.335065336607,
128.332644005479,128.805298797182),.UNSPECIFIED.);
#442=B_SPLINE_CURVE_WITH_KNOTS('',3,(#5954,#5955,#5956,#5957,#5958,#5959,
#5960,#5961,#5962,#5963),.UNSPECIFIED.,.F.,.F.,(4,1,1,1,1,1,1,4),(122.522113490003,
123.023583074544,124.021161743415,125.018740412287,126.016319081158,127.01389775003,
128.011476418902,128.805298797182),.UNSPECIFIED.);
#443=B_SPLINE_CURVE_WITH_KNOTS('',3,(#5968,#5969,#5970,#5971,#5972,#5973,
#5974,#5975,#5976,#5977,#5978),.UNSPECIFIED.,.F.,.F.,(4,1,1,1,1,1,1,1,4),
(116.238928182823,116.36169997902,117.359278647891,118.356857316763,119.354435985634,
120.352014654506,121.349593323378,122.347171992249,122.522113490002),
 .UNSPECIFIED.);
#444=B_SPLINE_CURVE_WITH_KNOTS('',3,(#5979,#5980,#5981,#5982,#5983,#5984,
#5985,#5986,#5987,#5988),.UNSPECIFIED.,.F.,.F.,(4,1,1,1,1,1,1,4),(116.238928182823,
117.038111061314,118.035689730186,119.033268399057,120.030847067929,121.0284257368,
122.026004405672,122.522113490003),.UNSPECIFIED.);
#445=B_SPLINE_CURVE_WITH_KNOTS('',3,(#5993,#5994,#5995,#5996,#5997,#5998,
#5999,#6000,#6001,#6002),.UNSPECIFIED.,.F.,.F.,(4,1,1,1,1,1,1,4),(109.955742875643,
110.37622796579,111.373806634662,112.371385303533,113.368963972405,114.366542641276,
115.364121310148,116.238928182823),.UNSPECIFIED.);
#446=B_SPLINE_CURVE_WITH_KNOTS('',3,(#6003,#6004,#6005,#6006,#6007,#6008,
#6009,#6010,#6011,#6012,#6013),.UNSPECIFIED.,.F.,.F.,(4,1,1,1,1,1,1,1,4),
(109.955742875643,110.055060379213,111.052639048084,112.050217716956,113.047796385827,
114.045375054699,115.042953723571,116.040532392442,116.238928182823),
 .UNSPECIFIED.);
#447=B_SPLINE_CURVE_WITH_KNOTS('',3,(#6018,#6019,#6020,#6021,#6022,#6023,
#6024,#6025,#6026,#6027),.UNSPECIFIED.,.F.,.F.,(4,1,1,1,1,1,1,4),(103.672557568464,
104.39075595256,105.388334621432,106.385913290304,107.383491959175,108.381070628047,
109.378649296918,109.955742875643),.UNSPECIFIED.);
#448=B_SPLINE_CURVE_WITH_KNOTS('',3,(#6028,#6029,#6030,#6031,#6032,#6033,
#6034,#6035,#6036,#6037),.UNSPECIFIED.,.F.,.F.,(4,1,1,1,1,1,1,4),(103.672557568464,
104.069588365983,105.067167034855,106.064745703726,107.062324372598,108.059903041469,
109.057481710341,109.955742875643),.UNSPECIFIED.);
#449=B_SPLINE_CURVE_WITH_KNOTS('',3,(#6042,#6043,#6044,#6045,#6046,#6047,
#6048,#6049,#6050,#6051,#6052),.UNSPECIFIED.,.F.,.F.,(4,1,1,1,1,1,1,1,4),
(97.389372261284,97.4077052704591,98.4052839393307,99.4028626082023,100.400441277074,
101.398019945946,102.395598614817,103.393177283689,103.672557568464),
 .UNSPECIFIED.);
#450=B_SPLINE_CURVE_WITH_KNOTS('',3,(#6053,#6054,#6055,#6056,#6057,#6058,
#6059,#6060,#6061,#6062),.UNSPECIFIED.,.F.,.F.,(4,1,1,1,1,1,1,4),(97.3893722612842,
98.0841163527534,99.081695021625,100.079273690497,101.076852359368,102.07443102824,
103.072009697111,103.672557568464),.UNSPECIFIED.);
#451=B_SPLINE_CURVE_WITH_KNOTS('',3,(#6067,#6068,#6069,#6070,#6071,#6072,
#6073,#6074,#6075,#6076),.UNSPECIFIED.,.F.,.F.,(4,1,1,1,1,1,1,4),(91.1061869541044,
91.4222332572295,92.4198119261011,93.4173905949727,94.4149692638443,95.4125479327159,
96.4101266015875,97.389372261284),.UNSPECIFIED.);
#452=B_SPLINE_CURVE_WITH_KNOTS('',3,(#6077,#6078,#6079,#6080,#6081,#6082,
#6083,#6084,#6085,#6086),.UNSPECIFIED.,.F.,.F.,(4,1,1,1,1,1,1,4),(91.1061869541046,
92.0986443395238,93.0962230083954,94.093801677267,95.0913803461386,96.0889590150102,
97.0865376838818,97.3893722612842),.UNSPECIFIED.);
#453=B_SPLINE_CURVE_WITH_KNOTS('',3,(#6091,#6092,#6093,#6094,#6095,#6096,
#6097,#6098,#6099,#6100),.UNSPECIFIED.,.F.,.F.,(4,1,1,1,1,1,1,4),(84.8230016469248,
85.4367612439999,86.4343399128715,87.4319185817431,88.4294972506147,89.4270759194863,
90.4246545883579,91.1061869541044),.UNSPECIFIED.);
#454=B_SPLINE_CURVE_WITH_KNOTS('',3,(#6101,#6102,#6103,#6104,#6105,#6106,
#6107,#6108,#6109,#6110,#6111),.UNSPECIFIED.,.F.,.F.,(4,1,1,1,1,1,1,1,4),
(84.823001646925,85.1155936574225,86.1131723262941,87.1107509951657,88.1083296640373,
89.1059083329089,90.1034870017806,91.1010656706521,91.1061869541046),
 .UNSPECIFIED.);
#455=B_SPLINE_CURVE_WITH_KNOTS('',3,(#6116,#6117,#6118,#6119,#6120,#6121,
#6122,#6123,#6124,#6125),.UNSPECIFIED.,.F.,.F.,(4,1,1,1,1,1,1,4),(78.5398163397452,
79.4512892307702,80.4488678996418,81.4464465685134,82.444025237385,83.4416039062566,
84.4391825751283,84.8230016469248),.UNSPECIFIED.);
#456=B_SPLINE_CURVE_WITH_KNOTS('',3,(#6126,#6127,#6128,#6129,#6130,#6131,
#6132,#6133,#6134,#6135),.UNSPECIFIED.,.F.,.F.,(4,1,1,1,1,1,1,4),(78.5398163397454,
79.1301216441929,80.1277003130645,81.1252789819361,82.1228576508077,83.1204363196793,
84.1180149885509,84.823001646925),.UNSPECIFIED.);
#457=B_SPLINE_CURVE_WITH_KNOTS('',3,(#6140,#6141,#6142,#6143,#6144,#6145,
#6146,#6147,#6148,#6149,#6150),.UNSPECIFIED.,.F.,.F.,(4,1,1,1,1,1,1,1,4),
(72.2566310325657,72.468238548669,73.4658172175406,74.4633958864122,75.4609745552838,
76.4585532241554,77.456131893027,78.4537105618986,78.5398163397452),
 .UNSPECIFIED.);
#458=B_SPLINE_CURVE_WITH_KNOTS('',3,(#6151,#6152,#6153,#6154,#6155,#6156,
#6157,#6158,#6159,#6160),.UNSPECIFIED.,.F.,.F.,(4,1,1,1,1,1,1,4),(72.2566310325658,
73.1446496309632,74.1422282998348,75.1398069687065,76.1373856375781,77.1349643064497,
78.1325429753213,78.5398163397454),.UNSPECIFIED.);
#459=B_SPLINE_CURVE_WITH_KNOTS('',3,(#6165,#6166,#6167,#6168,#6169,#6170,
#6171,#6172,#6173,#6174),.UNSPECIFIED.,.F.,.F.,(4,1,1,1,1,1,1,4),(65.973445725386,
66.4827665354394,67.480345204311,68.4779238731826,69.4755025420542,70.4730812109258,
71.4706598797974,72.2566310325657),.UNSPECIFIED.);
#460=B_SPLINE_CURVE_WITH_KNOTS('',3,(#6175,#6176,#6177,#6178,#6179,#6180,
#6181,#6182,#6183,#6184,#6185),.UNSPECIFIED.,.F.,.F.,(4,1,1,1,1,1,1,1,4),
(65.9734457253862,66.161598948862,67.1591776177336,68.1567562866052,69.1543349554768,
70.1519136243484,71.14949229322,72.1470709620916,72.2566310325658),
 .UNSPECIFIED.);
#461=B_SPLINE_CURVE_WITH_KNOTS('',3,(#6190,#6191,#6192,#6193,#6194,#6195,
#6196,#6197,#6198,#6199),.UNSPECIFIED.,.F.,.F.,(4,1,1,1,1,1,1,4),(59.6902604182065,
60.4972945222097,61.4948731910813,62.4924518599529,63.4900305288245,64.4876091976961,
65.4851878665677,65.973445725386),.UNSPECIFIED.);
#462=B_SPLINE_CURVE_WITH_KNOTS('',3,(#6200,#6201,#6202,#6203,#6204,#6205,
#6206,#6207,#6208,#6209),.UNSPECIFIED.,.F.,.F.,(4,1,1,1,1,1,1,4),(59.6902604182066,
60.1761269356324,61.173705604504,62.1712842733756,63.1688629422472,64.1664416111188,
65.1640202799904,65.9734457253862),.UNSPECIFIED.);
#463=B_SPLINE_CURVE_WITH_KNOTS('',3,(#6214,#6215,#6216,#6217,#6218,#6219,
#6220,#6221,#6222,#6223,#6224),.UNSPECIFIED.,.F.,.F.,(4,1,1,1,1,1,1,1,4),
(53.4070751110269,53.5142438401085,54.5118225089801,55.5094011778517,56.5069798467233,
57.5045585155949,58.5021371844665,59.4997158533381,59.6902604182065),
 .UNSPECIFIED.);
#464=B_SPLINE_CURVE_WITH_KNOTS('',3,(#6225,#6226,#6227,#6228,#6229,#6230,
#6231,#6232,#6233,#6234),.UNSPECIFIED.,.F.,.F.,(4,1,1,1,1,1,1,4),(53.407075111027,
54.1906549224027,55.1882335912743,56.1858122601459,57.1833909290175,58.1809695978892,
59.1785482667608,59.6902604182066),.UNSPECIFIED.);
#465=B_SPLINE_CURVE_WITH_KNOTS('',3,(#6239,#6240,#6241,#6242,#6243,#6244,
#6245,#6246,#6247,#6248),.UNSPECIFIED.,.F.,.F.,(4,1,1,1,1,1,1,4),(47.1238898038473,
47.5287718268788,48.5263504957504,49.5239291646221,50.5215078334937,51.5190865023653,
52.5166651712369,53.4070751110269),.UNSPECIFIED.);
#466=B_SPLINE_CURVE_WITH_KNOTS('',3,(#6249,#6250,#6251,#6252,#6253,#6254,
#6255,#6256,#6257,#6258,#6259),.UNSPECIFIED.,.F.,.F.,(4,1,1,1,1,1,1,1,4),
(47.1238898038474,47.2076042403015,48.2051829091731,49.2027615780447,50.2003402469163,
51.1979189157879,52.1954975846595,53.1930762535311,53.407075111027),
 .UNSPECIFIED.);
#467=B_SPLINE_CURVE_WITH_KNOTS('',3,(#6264,#6265,#6266,#6267,#6268,#6269,
#6270,#6271,#6272,#6273),.UNSPECIFIED.,.F.,.F.,(4,1,1,1,1,1,1,4),(40.8407044966677,
41.5432998136492,42.5408784825208,43.5384571513924,44.536035820264,45.5336144891356,
46.5311931580072,47.1238898038473),.UNSPECIFIED.);
#468=B_SPLINE_CURVE_WITH_KNOTS('',3,(#6274,#6275,#6276,#6277,#6278,#6279,
#6280,#6281,#6282,#6283),.UNSPECIFIED.,.F.,.F.,(4,1,1,1,1,1,1,4),(40.8407044966679,
41.2221322270718,42.2197108959435,43.2172895648151,44.2148682336867,45.2124469025583,
46.2100255714299,47.1238898038474),.UNSPECIFIED.);
#469=B_SPLINE_CURVE_WITH_KNOTS('',3,(#6288,#6289,#6290,#6291,#6292,#6293,
#6294,#6295,#6296,#6297,#6298),.UNSPECIFIED.,.F.,.F.,(4,1,1,1,1,1,1,1,4),
(34.5575191894881,34.560249131548,35.5578278004196,36.5554064692912,37.5529851381628,
38.5505638070344,39.548142475906,40.5457211447776,40.8407044966677),
 .UNSPECIFIED.);
#470=B_SPLINE_CURVE_WITH_KNOTS('',3,(#6299,#6300,#6301,#6302,#6303,#6304,
#6305,#6306,#6307,#6308),.UNSPECIFIED.,.F.,.F.,(4,1,1,1,1,1,1,4),(34.5575191894883,
35.2366602138422,36.2342388827138,37.2318175515854,38.229396220457,39.2269748893286,
40.2245535582002,40.8407044966679),.UNSPECIFIED.);
#471=B_SPLINE_CURVE_WITH_KNOTS('',3,(#6313,#6314,#6315,#6316,#6317,#6318,
#6319,#6320,#6321,#6322),.UNSPECIFIED.,.F.,.F.,(4,1,1,1,1,1,1,4),(28.2743338823085,
28.5747771183183,29.5723557871899,30.5699344560615,31.5675131249331,32.5650917938048,
33.5626704626764,34.5575191894881),.UNSPECIFIED.);
#472=B_SPLINE_CURVE_WITH_KNOTS('',3,(#6323,#6324,#6325,#6326,#6327,#6328,
#6329,#6330,#6331,#6332),.UNSPECIFIED.,.F.,.F.,(4,1,1,1,1,1,1,4),(28.2743338823087,
29.2511882006126,30.2487668694842,31.2463455383558,32.2439242072274,33.241502876099,
34.2390815449706,34.5575191894883),.UNSPECIFIED.);
#473=B_SPLINE_CURVE_WITH_KNOTS('',3,(#6337,#6338,#6339,#6340,#6341,#6342,
#6343,#6344,#6345,#6346),.UNSPECIFIED.,.F.,.F.,(4,1,1,1,1,1,1,4),(21.9911485751289,
22.5893051050887,23.5868837739603,24.5844624428319,25.5820411117035,26.5796197805751,
27.5771984494467,28.2743338823085),.UNSPECIFIED.);
#474=B_SPLINE_CURVE_WITH_KNOTS('',3,(#6347,#6348,#6349,#6350,#6351,#6352,
#6353,#6354,#6355,#6356,#6357),.UNSPECIFIED.,.F.,.F.,(4,1,1,1,1,1,1,1,4),
(21.9911485751291,22.2681375185113,23.2657161873829,24.2632948562545,25.2608735251262,
26.2584521939978,27.2560308628694,28.253609531741,28.2743338823087),
 .UNSPECIFIED.);
#475=B_SPLINE_CURVE_WITH_KNOTS('',3,(#6362,#6363,#6364,#6365,#6366,#6367,
#6368,#6369,#6370,#6371),.UNSPECIFIED.,.F.,.F.,(4,1,1,1,1,1,1,4),(15.7079632679493,
16.6038330918591,17.6014117607307,18.5989904296023,19.5965690984739,20.5941477673455,
21.5917264362171,21.9911485751289),.UNSPECIFIED.);
#476=B_SPLINE_CURVE_WITH_KNOTS('',3,(#6372,#6373,#6374,#6375,#6376,#6377,
#6378,#6379,#6380,#6381),.UNSPECIFIED.,.F.,.F.,(4,1,1,1,1,1,1,4),(15.7079632679495,
16.2826655052817,17.2802441741533,18.2778228430249,19.2754015118965,20.2729801807681,
21.2705588496397,21.9911485751291),.UNSPECIFIED.);
#477=B_SPLINE_CURVE_WITH_KNOTS('',3,(#6398,#6399,#6400,#6401,#6402,#6403,
#6404,#6405,#6406,#6407,#6408,#6409,#6410,#6411,#6412,#6413,#6414,#6415,
#6416,#6417,#6418,#6419,#6420,#6421,#6422,#6423,#6424,#6425,#6426,#6427,
#6428,#6429,#6430,#6431,#6432,#6433,#6434,#6435,#6436,#6437,#6438,#6439,
#6440,#6441,#6442,#6443,#6444,#6445,#6446,#6447,#6448,#6449,#6450,#6451,
#6452,#6453,#6454,#6455,#6456,#6457,#6458,#6459,#6460,#6461,#6462,#6463,
#6464,#6465,#6466,#6467,#6468,#6469,#6470,#6471,#6472,#6473,#6474,#6475,
#6476,#6477,#6478,#6479),.UNSPECIFIED.,.F.,.F.,(4,3,3,3,3,3,3,3,3,3,3,3,
3,3,3,3,3,3,3,3,3,3,3,3,3,3,3,4),(-0.275362278356908,-0.263970039065795,
-0.246643457380643,-0.237165336540826,-0.233178309959275,-0.215976572844167,
-0.204649174436718,-0.199534883684834,-0.196469198541767,-0.17971813989324,
-0.163393642780665,-0.153884578481643,-0.146777527323759,-0.144124573933521,
-0.128273142781286,-0.125357385584575,-0.108748154467308,-0.101093115696216,
-0.0956977688483427,-0.0926131993407673,-0.0768444557169276,-0.0611546589167932,
-0.0532962065582204,-0.0475063492923573,-0.0447081123242255,-0.0296002684171358,
-0.0148001342085679,0.),.UNSPECIFIED.);
#478=B_SPLINE_CURVE_WITH_KNOTS('',3,(#6482,#6483,#6484,#6485,#6486,#6487,
#6488,#6489,#6490,#6491,#6492,#6493,#6494,#6495,#6496,#6497,#6498,#6499,
#6500,#6501,#6502,#6503,#6504,#6505,#6506,#6507,#6508,#6509,#6510,#6511,
#6512,#6513,#6514,#6515,#6516,#6517,#6518,#6519,#6520,#6521,#6522,#6523,
#6524,#6525,#6526,#6527,#6528,#6529,#6530,#6531,#6532,#6533,#6534,#6535,
#6536,#6537,#6538,#6539,#6540,#6541,#6542,#6543,#6544,#6545,#6546,#6547,
#6548,#6549,#6550,#6551,#6552,#6553,#6554,#6555,#6556,#6557,#6558,#6559,
#6560,#6561,#6562,#6563,#6564,#6565,#6566),.UNSPECIFIED.,.F.,.F.,(4,3,3,
3,3,3,3,3,3,3,3,3,3,3,3,3,3,3,3,3,3,3,3,3,3,3,3,3,4),(-0.276631791712702,
-0.267292531204265,-0.25267139158145,-0.246403933070442,-0.242092460667248,
-0.22682088305592,-0.216020266024261,-0.212316471534425,-0.209201048125899,
-0.193446620462267,-0.177395042444758,-0.16815026853423,-0.162596683967996,
-0.159661068092112,-0.143133587619097,-0.140415946802648,-0.124467971178928,
-0.116145324641376,-0.111128655121673,-0.10800182818539,-0.0914541628612043,
-0.0745437225602839,-0.0650267309477791,-0.0590762336163262,-0.0560750097214117,
-0.0528975239418941,-0.0354278729709386,-0.0177139364854693,0.),
 .UNSPECIFIED.);
#479=B_SPLINE_CURVE_WITH_KNOTS('',3,(#7890,#7891,#7892,#7893,#7894,#7895,
#7896,#7897,#7898,#7899,#7900,#7901,#7902,#7903,#7904,#7905,#7906,#7907,
#7908,#7909,#7910,#7911,#7912,#7913,#7914,#7915,#7916,#7917,#7918,#7919,
#7920,#7921,#7922,#7923,#7924,#7925,#7926,#7927,#7928,#7929,#7930,#7931,
#7932,#7933,#7934,#7935,#7936,#7937,#7938,#7939,#7940,#7941,#7942,#7943,
#7944,#7945,#7946,#7947,#7948,#7949,#7950,#7951,#7952,#7953,#7954,#7955,
#7956,#7957,#7958,#7959,#7960,#7961,#7962,#7963,#7964,#7965),
 .UNSPECIFIED.,.F.,.F.,(4,3,3,3,3,3,3,3,3,3,3,3,3,3,3,3,3,3,3,3,3,3,3,3,
3,4),(0.,0.0114469800990708,0.0288970742474804,0.044139847252995,0.0510027954658622,
0.0556860585837294,0.058869324840466,0.0759023865828968,0.0928023723487853,
0.107311593834488,0.110229806963257,0.126571655583726,0.1423997440128,0.150839258291597,
0.159087288766511,0.162012928289739,0.177948228743533,0.193985380929776,
0.204316182277636,0.211317311645078,0.214457871505575,0.230001351557345,
0.242022001945443,0.246875806040134,0.261753798876394,0.276631791712655),
 .UNSPECIFIED.);
#480=B_SPLINE_CURVE_WITH_KNOTS('',3,(#7966,#7967,#7968,#7969,#7970,#7971,
#7972,#7973,#7974,#7975,#7976,#7977,#7978,#7979,#7980,#7981,#7982,#7983,
#7984),.UNSPECIFIED.,.F.,.F.,(4,3,3,3,3,3,4),(308.998821858261,309.249387350198,
310.24696601907,311.244544687941,312.242123356813,313.239702025684,314.159265358979),
 .UNSPECIFIED.);
#481=B_SPLINE_CURVE_WITH_KNOTS('',3,(#7985,#7986,#7987,#7988,#7989,#7990,
#7991,#7992,#7993),.UNSPECIFIED.,.F.,.F.,(4,1,1,1,1,1,4),(10.3752088276287,
11.2947721609237,12.2923508297953,13.2899294986669,14.2875081675385,15.2850868364101,
15.7079632679495),.UNSPECIFIED.);
#482=B_SPLINE_CURVE_WITH_KNOTS('',3,(#7995,#7996,#7997,#7998,#7999,#8000,
#8001,#8002),.UNSPECIFIED.,.F.,.F.,(4,1,1,1,1,4),(11.615939747501,12.6135184163726,
13.6110970852442,14.6086757541158,15.6062544229875,15.7079632679493),
 .UNSPECIFIED.);
#483=B_SPLINE_CURVE_WITH_KNOTS('',3,(#9284,#9285,#9286,#9287,#9288,#9289,
#9290,#9291,#9292,#9293,#9294,#9295,#9296,#9297,#9298,#9299,#9300,#9301,
#9302,#9303,#9304,#9305,#9306,#9307,#9308,#9309,#9310,#9311,#9312,#9313,
#9314,#9315,#9316,#9317,#9318,#9319,#9320,#9321,#9322,#9323,#9324,#9325,
#9326,#9327,#9328,#9329,#9330,#9331,#9332,#9333,#9334,#9335,#9336,#9337,
#9338,#9339,#9340,#9341,#9342,#9343,#9344,#9345,#9346,#9347,#9348,#9349,
#9350,#9351,#9352,#9353,#9354,#9355,#9356,#9357,#9358,#9359),
 .UNSPECIFIED.,.F.,.F.,(4,3,3,3,3,3,3,3,3,3,3,3,3,3,3,3,3,3,3,3,3,3,3,3,
3,4),(0.,0.009306675432749,0.0237812718521948,0.0377752070418406,0.0445172252916746,
0.0487029985091522,0.0640678819091484,0.0797812590082489,0.0937691325985269,
0.0974520582459557,0.113683137592954,0.12983554930682,0.135732753369361,
0.145635085494539,0.148285272905813,0.16444002801096,0.180985461076727,
0.192782563236748,0.198325036674591,0.201188086971991,0.218230421605464,
0.232513385793321,0.23639393122477,0.240184205913794,0.257773242135344,
0.275362278356894),.UNSPECIFIED.);
#484=B_SPLINE_CURVE_WITH_KNOTS('',3,(#9360,#9361,#9362,#9363,#9364,#9365,
#9366,#9367,#9368,#9369,#9370,#9371,#9372,#9373,#9374,#9375),
 .UNSPECIFIED.,.F.,.F.,(4,3,3,3,3,4),(-316.232438032299,-315.234859363427,
-314.237280694556,-313.239702025684,-312.242123356813,-311.968103572248),
 .UNSPECIFIED.);
#485=LINE('',#2706,#606);
#486=LINE('',#2730,#607);
#487=LINE('',#2778,#608);
#488=LINE('',#2826,#609);
#489=LINE('',#2877,#610);
#490=LINE('',#2925,#611);
#491=LINE('',#2973,#612);
#492=LINE('',#3021,#613);
#493=LINE('',#3075,#614);
#494=LINE('',#3123,#615);
#495=LINE('',#3171,#616);
#496=LINE('',#3225,#617);
#497=LINE('',#3273,#618);
#498=LINE('',#3321,#619);
#499=LINE('',#3372,#620);
#500=LINE('',#3423,#621);
#501=LINE('',#3471,#622);
#502=LINE('',#3519,#623);
#503=LINE('',#3573,#624);
#504=LINE('',#3621,#625);
#505=LINE('',#3669,#626);
#506=LINE('',#3723,#627);
#507=LINE('',#3771,#628);
#508=LINE('',#3819,#629);
#509=LINE('',#3867,#630);
#510=LINE('',#3921,#631);
#511=LINE('',#3969,#632);
#512=LINE('',#4017,#633);
#513=LINE('',#4071,#634);
#514=LINE('',#4119,#635);
#515=LINE('',#4167,#636);
#516=LINE('',#4221,#637);
#517=LINE('',#4269,#638);
#518=LINE('',#4317,#639);
#519=LINE('',#4365,#640);
#520=LINE('',#4419,#641);
#521=LINE('',#4467,#642);
#522=LINE('',#4515,#643);
#523=LINE('',#4569,#644);
#524=LINE('',#4617,#645);
#525=LINE('',#4665,#646);
#526=LINE('',#4719,#647);
#527=LINE('',#4767,#648);
#528=LINE('',#4815,#649);
#529=LINE('',#4863,#650);
#530=LINE('',#4917,#651);
#531=LINE('',#4965,#652);
#532=LINE('',#5013,#653);
#533=LINE('',#5067,#654);
#534=LINE('',#5115,#655);
#535=LINE('',#5163,#656);
#536=LINE('',#5180,#657);
#537=LINE('',#5205,#658);
#538=LINE('',#5229,#659);
#539=LINE('',#5254,#660);
#540=LINE('',#5279,#661);
#541=LINE('',#5303,#662);
#542=LINE('',#5328,#663);
#543=LINE('',#5353,#664);
#544=LINE('',#5377,#665);
#545=LINE('',#5401,#666);
#546=LINE('',#5426,#667);
#547=LINE('',#5451,#668);
#548=LINE('',#5475,#669);
#549=LINE('',#5500,#670);
#550=LINE('',#5525,#671);
#551=LINE('',#5549,#672);
#552=LINE('',#5574,#673);
#553=LINE('',#5599,#674);
#554=LINE('',#5623,#675);
#555=LINE('',#5647,#676);
#556=LINE('',#5672,#677);
#557=LINE('',#5697,#678);
#558=LINE('',#5721,#679);
#559=LINE('',#5746,#680);
#560=LINE('',#5771,#681);
#561=LINE('',#5795,#682);
#562=LINE('',#5820,#683);
#563=LINE('',#5845,#684);
#564=LINE('',#5869,#685);
#565=LINE('',#5893,#686);
#566=LINE('',#5918,#687);
#567=LINE('',#5943,#688);
#568=LINE('',#5967,#689);
#569=LINE('',#5992,#690);
#570=LINE('',#6017,#691);
#571=LINE('',#6041,#692);
#572=LINE('',#6066,#693);
#573=LINE('',#6090,#694);
#574=LINE('',#6115,#695);
#575=LINE('',#6139,#696);
#576=LINE('',#6164,#697);
#577=LINE('',#6189,#698);
#578=LINE('',#6213,#699);
#579=LINE('',#6238,#700);
#580=LINE('',#6263,#701);
#581=LINE('',#6287,#702);
#582=LINE('',#6312,#703);
#583=LINE('',#6336,#704);
#584=LINE('',#6361,#705);
#585=LINE('',#6386,#706);
#586=LINE('',#6392,#707);
#587=LINE('',#6569,#708);
#588=LINE('',#6574,#709);
#589=LINE('',#6576,#710);
#590=LINE('',#6578,#711);
#591=LINE('',#6580,#712);
#592=LINE('',#6582,#713);
#593=LINE('',#6583,#714);
#594=LINE('',#6586,#715);
#595=LINE('',#6588,#716);
#596=LINE('',#6589,#717);
#597=LINE('',#6592,#718);
#598=LINE('',#6593,#719);
#599=LINE('',#6596,#720);
#600=LINE('',#6597,#721);
#601=LINE('',#6600,#722);
#602=LINE('',#6601,#723);
#603=LINE('',#6604,#724);
#604=LINE('',#6605,#725);
#605=LINE('',#6607,#726);
#606=VECTOR('',#2333,1.5);
#607=VECTOR('',#2338,1.5);
#608=VECTOR('',#2341,1.5);
#609=VECTOR('',#2344,1.5);
#610=VECTOR('',#2347,1.5);
#611=VECTOR('',#2350,1.5);
#612=VECTOR('',#2353,1.5);
#613=VECTOR('',#2356,1.5);
#614=VECTOR('',#2359,1.5);
#615=VECTOR('',#2362,1.5);
#616=VECTOR('',#2365,1.5);
#617=VECTOR('',#2368,1.5);
#618=VECTOR('',#2371,1.5);
#619=VECTOR('',#2374,1.5);
#620=VECTOR('',#2377,1.5);
#621=VECTOR('',#2380,1.5);
#622=VECTOR('',#2383,1.5);
#623=VECTOR('',#2386,1.5);
#624=VECTOR('',#2389,1.5);
#625=VECTOR('',#2392,1.5);
#626=VECTOR('',#2395,1.5);
#627=VECTOR('',#2398,1.5);
#628=VECTOR('',#2401,1.5);
#629=VECTOR('',#2404,1.5);
#630=VECTOR('',#2407,1.5);
#631=VECTOR('',#2410,1.5);
#632=VECTOR('',#2413,1.5);
#633=VECTOR('',#2416,1.5);
#634=VECTOR('',#2419,1.5);
#635=VECTOR('',#2422,1.5);
#636=VECTOR('',#2425,1.5);
#637=VECTOR('',#2428,1.5);
#638=VECTOR('',#2431,1.5);
#639=VECTOR('',#2434,1.5);
#640=VECTOR('',#2437,1.5);
#641=VECTOR('',#2440,1.5);
#642=VECTOR('',#2443,1.5);
#643=VECTOR('',#2446,1.5);
#644=VECTOR('',#2449,1.5);
#645=VECTOR('',#2452,1.5);
#646=VECTOR('',#2455,1.5);
#647=VECTOR('',#2458,1.5);
#648=VECTOR('',#2461,1.5);
#649=VECTOR('',#2464,1.5);
#650=VECTOR('',#2467,1.5);
#651=VECTOR('',#2470,1.5);
#652=VECTOR('',#2473,1.5);
#653=VECTOR('',#2476,1.5);
#654=VECTOR('',#2479,1.5);
#655=VECTOR('',#2482,1.5);
#656=VECTOR('',#2485,1.17775);
#657=VECTOR('',#2490,1.17775);
#658=VECTOR('',#2493,1.17775);
#659=VECTOR('',#2496,1.17775);
#660=VECTOR('',#2499,1.17775);
#661=VECTOR('',#2502,1.17775);
#662=VECTOR('',#2505,1.17775);
#663=VECTOR('',#2508,1.17775);
#664=VECTOR('',#2511,1.17775);
#665=VECTOR('',#2514,1.17775);
#666=VECTOR('',#2517,1.17775);
#667=VECTOR('',#2520,1.17775);
#668=VECTOR('',#2523,1.17775);
#669=VECTOR('',#2526,1.17775);
#670=VECTOR('',#2529,1.17775);
#671=VECTOR('',#2532,1.17775);
#672=VECTOR('',#2535,1.17775);
#673=VECTOR('',#2538,1.17775);
#674=VECTOR('',#2541,1.17775);
#675=VECTOR('',#2544,1.17775);
#676=VECTOR('',#2547,1.17775);
#677=VECTOR('',#2550,1.17775);
#678=VECTOR('',#2553,1.17775);
#679=VECTOR('',#2556,1.17775);
#680=VECTOR('',#2559,1.17775);
#681=VECTOR('',#2562,1.17775);
#682=VECTOR('',#2565,1.17775);
#683=VECTOR('',#2568,1.17775);
#684=VECTOR('',#2571,1.17775);
#685=VECTOR('',#2574,1.17775);
#686=VECTOR('',#2577,1.17775);
#687=VECTOR('',#2580,1.17775);
#688=VECTOR('',#2583,1.17775);
#689=VECTOR('',#2586,1.17775);
#690=VECTOR('',#2589,1.17775);
#691=VECTOR('',#2592,1.17775);
#692=VECTOR('',#2595,1.17775);
#693=VECTOR('',#2598,1.17775);
#694=VECTOR('',#2601,1.17775);
#695=VECTOR('',#2604,1.17775);
#696=VECTOR('',#2607,1.17775);
#697=VECTOR('',#2610,1.17775);
#698=VECTOR('',#2613,1.17775);
#699=VECTOR('',#2616,1.17775);
#700=VECTOR('',#2619,1.17775);
#701=VECTOR('',#2622,1.17775);
#702=VECTOR('',#2625,1.17775);
#703=VECTOR('',#2628,1.17775);
#704=VECTOR('',#2631,1.17775);
#705=VECTOR('',#2634,1.17775);
#706=VECTOR('',#2639,2.85);
#707=VECTOR('',#2646,3.);
#708=VECTOR('',#2657,2.85);
#709=VECTOR('',#2662,10.);
#710=VECTOR('',#2663,10.);
#711=VECTOR('',#2664,10.);
#712=VECTOR('',#2665,10.);
#713=VECTOR('',#2666,10.);
#714=VECTOR('',#2667,10.);
#715=VECTOR('',#2670,10.);
#716=VECTOR('',#2671,10.);
#717=VECTOR('',#2672,10.);
#718=VECTOR('',#2675,10.);
#719=VECTOR('',#2676,10.);
#720=VECTOR('',#2679,10.);
#721=VECTOR('',#2680,10.);
#722=VECTOR('',#2683,10.);
#723=VECTOR('',#2684,10.);
#724=VECTOR('',#2687,10.);
#725=VECTOR('',#2688,10.);
#726=VECTOR('',#2691,10.);
#727=VERTEX_POINT('',#2704);
#728=VERTEX_POINT('',#2705);
#729=VERTEX_POINT('',#2707);
#730=VERTEX_POINT('',#2718);
#731=VERTEX_POINT('',#2728);
#732=VERTEX_POINT('',#2729);
#733=VERTEX_POINT('',#2776);
#734=VERTEX_POINT('',#2777);
#735=VERTEX_POINT('',#2824);
#736=VERTEX_POINT('',#2825);
#737=VERTEX_POINT('',#2875);
#738=VERTEX_POINT('',#2876);
#739=VERTEX_POINT('',#2923);
#740=VERTEX_POINT('',#2924);
#741=VERTEX_POINT('',#2971);
#742=VERTEX_POINT('',#2972);
#743=VERTEX_POINT('',#3019);
#744=VERTEX_POINT('',#3020);
#745=VERTEX_POINT('',#3073);
#746=VERTEX_POINT('',#3074);
#747=VERTEX_POINT('',#3121);
#748=VERTEX_POINT('',#3122);
#749=VERTEX_POINT('',#3169);
#750=VERTEX_POINT('',#3170);
#751=VERTEX_POINT('',#3223);
#752=VERTEX_POINT('',#3224);
#753=VERTEX_POINT('',#3271);
#754=VERTEX_POINT('',#3272);
#755=VERTEX_POINT('',#3319);
#756=VERTEX_POINT('',#3320);
#757=VERTEX_POINT('',#3370);
#758=VERTEX_POINT('',#3371);
#759=VERTEX_POINT('',#3421);
#760=VERTEX_POINT('',#3422);
#761=VERTEX_POINT('',#3469);
#762=VERTEX_POINT('',#3470);
#763=VERTEX_POINT('',#3517);
#764=VERTEX_POINT('',#3518);
#765=VERTEX_POINT('',#3571);
#766=VERTEX_POINT('',#3572);
#767=VERTEX_POINT('',#3619);
#768=VERTEX_POINT('',#3620);
#769=VERTEX_POINT('',#3667);
#770=VERTEX_POINT('',#3668);
#771=VERTEX_POINT('',#3721);
#772=VERTEX_POINT('',#3722);
#773=VERTEX_POINT('',#3769);
#774=VERTEX_POINT('',#3770);
#775=VERTEX_POINT('',#3817);
#776=VERTEX_POINT('',#3818);
#777=VERTEX_POINT('',#3865);
#778=VERTEX_POINT('',#3866);
#779=VERTEX_POINT('',#3919);
#780=VERTEX_POINT('',#3920);
#781=VERTEX_POINT('',#3967);
#782=VERTEX_POINT('',#3968);
#783=VERTEX_POINT('',#4015);
#784=VERTEX_POINT('',#4016);
#785=VERTEX_POINT('',#4069);
#786=VERTEX_POINT('',#4070);
#787=VERTEX_POINT('',#4117);
#788=VERTEX_POINT('',#4118);
#789=VERTEX_POINT('',#4165);
#790=VERTEX_POINT('',#4166);
#791=VERTEX_POINT('',#4219);
#792=VERTEX_POINT('',#4220);
#793=VERTEX_POINT('',#4267);
#794=VERTEX_POINT('',#4268);
#795=VERTEX_POINT('',#4315);
#796=VERTEX_POINT('',#4316);
#797=VERTEX_POINT('',#4363);
#798=VERTEX_POINT('',#4364);
#799=VERTEX_POINT('',#4417);
#800=VERTEX_POINT('',#4418);
#801=VERTEX_POINT('',#4465);
#802=VERTEX_POINT('',#4466);
#803=VERTEX_POINT('',#4513);
#804=VERTEX_POINT('',#4514);
#805=VERTEX_POINT('',#4567);
#806=VERTEX_POINT('',#4568);
#807=VERTEX_POINT('',#4615);
#808=VERTEX_POINT('',#4616);
#809=VERTEX_POINT('',#4663);
#810=VERTEX_POINT('',#4664);
#811=VERTEX_POINT('',#4717);
#812=VERTEX_POINT('',#4718);
#813=VERTEX_POINT('',#4765);
#814=VERTEX_POINT('',#4766);
#815=VERTEX_POINT('',#4813);
#816=VERTEX_POINT('',#4814);
#817=VERTEX_POINT('',#4861);
#818=VERTEX_POINT('',#4862);
#819=VERTEX_POINT('',#4915);
#820=VERTEX_POINT('',#4916);
#821=VERTEX_POINT('',#4963);
#822=VERTEX_POINT('',#4964);
#823=VERTEX_POINT('',#5011);
#824=VERTEX_POINT('',#5012);
#825=VERTEX_POINT('',#5065);
#826=VERTEX_POINT('',#5066);
#827=VERTEX_POINT('',#5113);
#828=VERTEX_POINT('',#5114);
#829=VERTEX_POINT('',#5161);
#830=VERTEX_POINT('',#5162);
#831=VERTEX_POINT('',#5164);
#832=VERTEX_POINT('',#5171);
#833=VERTEX_POINT('',#5178);
#834=VERTEX_POINT('',#5179);
#835=VERTEX_POINT('',#5203);
#836=VERTEX_POINT('',#5204);
#837=VERTEX_POINT('',#5227);
#838=VERTEX_POINT('',#5228);
#839=VERTEX_POINT('',#5252);
#840=VERTEX_POINT('',#5253);
#841=VERTEX_POINT('',#5277);
#842=VERTEX_POINT('',#5278);
#843=VERTEX_POINT('',#5301);
#844=VERTEX_POINT('',#5302);
#845=VERTEX_POINT('',#5326);
#846=VERTEX_POINT('',#5327);
#847=VERTEX_POINT('',#5351);
#848=VERTEX_POINT('',#5352);
#849=VERTEX_POINT('',#5375);
#850=VERTEX_POINT('',#5376);
#851=VERTEX_POINT('',#5399);
#852=VERTEX_POINT('',#5400);
#853=VERTEX_POINT('',#5424);
#854=VERTEX_POINT('',#5425);
#855=VERTEX_POINT('',#5449);
#856=VERTEX_POINT('',#5450);
#857=VERTEX_POINT('',#5473);
#858=VERTEX_POINT('',#5474);
#859=VERTEX_POINT('',#5498);
#860=VERTEX_POINT('',#5499);
#861=VERTEX_POINT('',#5523);
#862=VERTEX_POINT('',#5524);
#863=VERTEX_POINT('',#5547);
#864=VERTEX_POINT('',#5548);
#865=VERTEX_POINT('',#5572);
#866=VERTEX_POINT('',#5573);
#867=VERTEX_POINT('',#5597);
#868=VERTEX_POINT('',#5598);
#869=VERTEX_POINT('',#5621);
#870=VERTEX_POINT('',#5622);
#871=VERTEX_POINT('',#5645);
#872=VERTEX_POINT('',#5646);
#873=VERTEX_POINT('',#5670);
#874=VERTEX_POINT('',#5671);
#875=VERTEX_POINT('',#5695);
#876=VERTEX_POINT('',#5696);
#877=VERTEX_POINT('',#5719);
#878=VERTEX_POINT('',#5720);
#879=VERTEX_POINT('',#5744);
#880=VERTEX_POINT('',#5745);
#881=VERTEX_POINT('',#5769);
#882=VERTEX_POINT('',#5770);
#883=VERTEX_POINT('',#5793);
#884=VERTEX_POINT('',#5794);
#885=VERTEX_POINT('',#5818);
#886=VERTEX_POINT('',#5819);
#887=VERTEX_POINT('',#5843);
#888=VERTEX_POINT('',#5844);
#889=VERTEX_POINT('',#5867);
#890=VERTEX_POINT('',#5868);
#891=VERTEX_POINT('',#5891);
#892=VERTEX_POINT('',#5892);
#893=VERTEX_POINT('',#5916);
#894=VERTEX_POINT('',#5917);
#895=VERTEX_POINT('',#5941);
#896=VERTEX_POINT('',#5942);
#897=VERTEX_POINT('',#5965);
#898=VERTEX_POINT('',#5966);
#899=VERTEX_POINT('',#5990);
#900=VERTEX_POINT('',#5991);
#901=VERTEX_POINT('',#6015);
#902=VERTEX_POINT('',#6016);
#903=VERTEX_POINT('',#6039);
#904=VERTEX_POINT('',#6040);
#905=VERTEX_POINT('',#6064);
#906=VERTEX_POINT('',#6065);
#907=VERTEX_POINT('',#6088);
#908=VERTEX_POINT('',#6089);
#909=VERTEX_POINT('',#6113);
#910=VERTEX_POINT('',#6114);
#911=VERTEX_POINT('',#6137);
#912=VERTEX_POINT('',#6138);
#913=VERTEX_POINT('',#6162);
#914=VERTEX_POINT('',#6163);
#915=VERTEX_POINT('',#6187);
#916=VERTEX_POINT('',#6188);
#917=VERTEX_POINT('',#6211);
#918=VERTEX_POINT('',#6212);
#919=VERTEX_POINT('',#6236);
#920=VERTEX_POINT('',#6237);
#921=VERTEX_POINT('',#6261);
#922=VERTEX_POINT('',#6262);
#923=VERTEX_POINT('',#6285);
#924=VERTEX_POINT('',#6286);
#925=VERTEX_POINT('',#6310);
#926=VERTEX_POINT('',#6311);
#927=VERTEX_POINT('',#6334);
#928=VERTEX_POINT('',#6335);
#929=VERTEX_POINT('',#6359);
#930=VERTEX_POINT('',#6360);
#931=VERTEX_POINT('',#6383);
#932=VERTEX_POINT('',#6385);
#933=VERTEX_POINT('',#6387);
#934=VERTEX_POINT('',#6391);
#935=VERTEX_POINT('',#6393);
#936=VERTEX_POINT('',#6397);
#937=VERTEX_POINT('',#6480);
#938=VERTEX_POINT('',#6568);
#939=VERTEX_POINT('',#6572);
#940=VERTEX_POINT('',#6573);
#941=VERTEX_POINT('',#6575);
#942=VERTEX_POINT('',#6577);
#943=VERTEX_POINT('',#6579);
#944=VERTEX_POINT('',#6581);
#945=VERTEX_POINT('',#6585);
#946=VERTEX_POINT('',#6587);
#947=VERTEX_POINT('',#6591);
#948=VERTEX_POINT('',#6595);
#949=VERTEX_POINT('',#6599);
#950=VERTEX_POINT('',#6603);
#951=VERTEX_POINT('',#7889);
#952=VERTEX_POINT('',#9283);
#953=EDGE_CURVE('',#727,#728,#485,.T.);
#954=EDGE_CURVE('',#727,#729,#277,.T.);
#955=EDGE_CURVE('',#729,#730,#267,.F.);
#956=EDGE_CURVE('',#730,#728,#278,.T.);
#957=EDGE_CURVE('',#731,#732,#486,.T.);
#958=EDGE_CURVE('',#731,#727,#279,.T.);
#959=EDGE_CURVE('',#728,#732,#280,.T.);
#960=EDGE_CURVE('',#733,#734,#487,.T.);
#961=EDGE_CURVE('',#733,#731,#281,.T.);
#962=EDGE_CURVE('',#732,#734,#282,.T.);
#963=EDGE_CURVE('',#735,#736,#488,.T.);
#964=EDGE_CURVE('',#735,#733,#283,.T.);
#965=EDGE_CURVE('',#734,#736,#284,.T.);
#966=EDGE_CURVE('',#737,#738,#489,.T.);
#967=EDGE_CURVE('',#737,#735,#285,.T.);
#968=EDGE_CURVE('',#736,#738,#286,.T.);
#969=EDGE_CURVE('',#739,#740,#490,.T.);
#970=EDGE_CURVE('',#739,#737,#287,.T.);
#971=EDGE_CURVE('',#738,#740,#288,.T.);
#972=EDGE_CURVE('',#741,#742,#491,.T.);
#973=EDGE_CURVE('',#741,#739,#289,.T.);
#974=EDGE_CURVE('',#740,#742,#290,.T.);
#975=EDGE_CURVE('',#743,#744,#492,.T.);
#976=EDGE_CURVE('',#743,#741,#291,.T.);
#977=EDGE_CURVE('',#742,#744,#292,.T.);
#978=EDGE_CURVE('',#745,#746,#493,.T.);
#979=EDGE_CURVE('',#745,#743,#293,.T.);
#980=EDGE_CURVE('',#744,#746,#294,.T.);
#981=EDGE_CURVE('',#747,#748,#494,.T.);
#982=EDGE_CURVE('',#747,#745,#295,.T.);
#983=EDGE_CURVE('',#746,#748,#296,.T.);
#984=EDGE_CURVE('',#749,#750,#495,.T.);
#985=EDGE_CURVE('',#749,#747,#297,.T.);
#986=EDGE_CURVE('',#748,#750,#298,.T.);
#987=EDGE_CURVE('',#751,#752,#496,.T.);
#988=EDGE_CURVE('',#751,#749,#299,.T.);
#989=EDGE_CURVE('',#750,#752,#300,.T.);
#990=EDGE_CURVE('',#753,#754,#497,.T.);
#991=EDGE_CURVE('',#753,#751,#301,.T.);
#992=EDGE_CURVE('',#752,#754,#302,.T.);
#993=EDGE_CURVE('',#755,#756,#498,.T.);
#994=EDGE_CURVE('',#755,#753,#303,.T.);
#995=EDGE_CURVE('',#754,#756,#304,.T.);
#996=EDGE_CURVE('',#757,#758,#499,.T.);
#997=EDGE_CURVE('',#757,#755,#305,.T.);
#998=EDGE_CURVE('',#756,#758,#306,.T.);
#999=EDGE_CURVE('',#759,#760,#500,.T.);
#1000=EDGE_CURVE('',#759,#757,#307,.T.);
#1001=EDGE_CURVE('',#758,#760,#308,.T.);
#1002=EDGE_CURVE('',#761,#762,#501,.T.);
#1003=EDGE_CURVE('',#761,#759,#309,.T.);
#1004=EDGE_CURVE('',#760,#762,#310,.T.);
#1005=EDGE_CURVE('',#763,#764,#502,.T.);
#1006=EDGE_CURVE('',#763,#761,#311,.T.);
#1007=EDGE_CURVE('',#762,#764,#312,.T.);
#1008=EDGE_CURVE('',#765,#766,#503,.T.);
#1009=EDGE_CURVE('',#765,#763,#313,.T.);
#1010=EDGE_CURVE('',#764,#766,#314,.T.);
#1011=EDGE_CURVE('',#767,#768,#504,.T.);
#1012=EDGE_CURVE('',#767,#765,#315,.T.);
#1013=EDGE_CURVE('',#766,#768,#316,.T.);
#1014=EDGE_CURVE('',#769,#770,#505,.T.);
#1015=EDGE_CURVE('',#769,#767,#317,.T.);
#1016=EDGE_CURVE('',#768,#770,#318,.T.);
#1017=EDGE_CURVE('',#771,#772,#506,.T.);
#1018=EDGE_CURVE('',#771,#769,#319,.T.);
#1019=EDGE_CURVE('',#770,#772,#320,.T.);
#1020=EDGE_CURVE('',#773,#774,#507,.T.);
#1021=EDGE_CURVE('',#773,#771,#321,.T.);
#1022=EDGE_CURVE('',#772,#774,#322,.T.);
#1023=EDGE_CURVE('',#775,#776,#508,.T.);
#1024=EDGE_CURVE('',#775,#773,#323,.T.);
#1025=EDGE_CURVE('',#774,#776,#324,.T.);
#1026=EDGE_CURVE('',#777,#778,#509,.T.);
#1027=EDGE_CURVE('',#777,#775,#325,.T.);
#1028=EDGE_CURVE('',#776,#778,#326,.T.);
#1029=EDGE_CURVE('',#779,#780,#510,.T.);
#1030=EDGE_CURVE('',#779,#777,#327,.T.);
#1031=EDGE_CURVE('',#778,#780,#328,.T.);
#1032=EDGE_CURVE('',#781,#782,#511,.T.);
#1033=EDGE_CURVE('',#781,#779,#329,.T.);
#1034=EDGE_CURVE('',#780,#782,#330,.T.);
#1035=EDGE_CURVE('',#783,#784,#512,.T.);
#1036=EDGE_CURVE('',#783,#781,#331,.T.);
#1037=EDGE_CURVE('',#782,#784,#332,.T.);
#1038=EDGE_CURVE('',#785,#786,#513,.T.);
#1039=EDGE_CURVE('',#785,#783,#333,.T.);
#1040=EDGE_CURVE('',#784,#786,#334,.T.);
#1041=EDGE_CURVE('',#787,#788,#514,.T.);
#1042=EDGE_CURVE('',#787,#785,#335,.T.);
#1043=EDGE_CURVE('',#786,#788,#336,.T.);
#1044=EDGE_CURVE('',#789,#790,#515,.T.);
#1045=EDGE_CURVE('',#789,#787,#337,.T.);
#1046=EDGE_CURVE('',#788,#790,#338,.T.);
#1047=EDGE_CURVE('',#791,#792,#516,.T.);
#1048=EDGE_CURVE('',#791,#789,#339,.T.);
#1049=EDGE_CURVE('',#790,#792,#340,.T.);
#1050=EDGE_CURVE('',#793,#794,#517,.T.);
#1051=EDGE_CURVE('',#793,#791,#341,.T.);
#1052=EDGE_CURVE('',#792,#794,#342,.T.);
#1053=EDGE_CURVE('',#795,#796,#518,.T.);
#1054=EDGE_CURVE('',#795,#793,#343,.T.);
#1055=EDGE_CURVE('',#794,#796,#344,.T.);
#1056=EDGE_CURVE('',#797,#798,#519,.T.);
#1057=EDGE_CURVE('',#797,#795,#345,.T.);
#1058=EDGE_CURVE('',#796,#798,#346,.T.);
#1059=EDGE_CURVE('',#799,#800,#520,.T.);
#1060=EDGE_CURVE('',#799,#797,#347,.T.);
#1061=EDGE_CURVE('',#798,#800,#348,.T.);
#1062=EDGE_CURVE('',#801,#802,#521,.T.);
#1063=EDGE_CURVE('',#801,#799,#349,.T.);
#1064=EDGE_CURVE('',#800,#802,#350,.T.);
#1065=EDGE_CURVE('',#803,#804,#522,.T.);
#1066=EDGE_CURVE('',#803,#801,#351,.T.);
#1067=EDGE_CURVE('',#802,#804,#352,.T.);
#1068=EDGE_CURVE('',#805,#806,#523,.T.);
#1069=EDGE_CURVE('',#805,#803,#353,.T.);
#1070=EDGE_CURVE('',#804,#806,#354,.T.);
#1071=EDGE_CURVE('',#807,#808,#524,.T.);
#1072=EDGE_CURVE('',#807,#805,#355,.T.);
#1073=EDGE_CURVE('',#806,#808,#356,.T.);
#1074=EDGE_CURVE('',#809,#810,#525,.T.);
#1075=EDGE_CURVE('',#809,#807,#357,.T.);
#1076=EDGE_CURVE('',#808,#810,#358,.T.);
#1077=EDGE_CURVE('',#811,#812,#526,.T.);
#1078=EDGE_CURVE('',#811,#809,#359,.T.);
#1079=EDGE_CURVE('',#810,#812,#360,.T.);
#1080=EDGE_CURVE('',#813,#814,#527,.T.);
#1081=EDGE_CURVE('',#813,#811,#361,.T.);
#1082=EDGE_CURVE('',#812,#814,#362,.T.);
#1083=EDGE_CURVE('',#815,#816,#528,.T.);
#1084=EDGE_CURVE('',#815,#813,#363,.T.);
#1085=EDGE_CURVE('',#814,#816,#364,.T.);
#1086=EDGE_CURVE('',#817,#818,#529,.T.);
#1087=EDGE_CURVE('',#817,#815,#365,.T.);
#1088=EDGE_CURVE('',#816,#818,#366,.T.);
#1089=EDGE_CURVE('',#819,#820,#530,.T.);
#1090=EDGE_CURVE('',#819,#817,#367,.T.);
#1091=EDGE_CURVE('',#818,#820,#368,.T.);
#1092=EDGE_CURVE('',#821,#822,#531,.T.);
#1093=EDGE_CURVE('',#821,#819,#369,.T.);
#1094=EDGE_CURVE('',#820,#822,#370,.T.);
#1095=EDGE_CURVE('',#823,#824,#532,.T.);
#1096=EDGE_CURVE('',#823,#821,#371,.T.);
#1097=EDGE_CURVE('',#822,#824,#372,.T.);
#1098=EDGE_CURVE('',#825,#826,#533,.T.);
#1099=EDGE_CURVE('',#825,#823,#373,.T.);
#1100=EDGE_CURVE('',#824,#826,#374,.T.);
#1101=EDGE_CURVE('',#827,#828,#534,.T.);
#1102=EDGE_CURVE('',#827,#825,#375,.T.);
#1103=EDGE_CURVE('',#826,#828,#376,.T.);
#1104=EDGE_CURVE('',#829,#830,#535,.T.);
#1105=EDGE_CURVE('',#829,#831,#377,.T.);
#1106=EDGE_CURVE('',#832,#831,#268,.T.);
#1107=EDGE_CURVE('',#830,#832,#378,.T.);
#1108=EDGE_CURVE('',#833,#834,#536,.T.);
#1109=EDGE_CURVE('',#833,#829,#379,.T.);
#1110=EDGE_CURVE('',#834,#830,#380,.T.);
#1111=EDGE_CURVE('',#835,#836,#537,.T.);
#1112=EDGE_CURVE('',#835,#833,#381,.T.);
#1113=EDGE_CURVE('',#836,#834,#382,.T.);
#1114=EDGE_CURVE('',#837,#838,#538,.T.);
#1115=EDGE_CURVE('',#837,#835,#383,.T.);
#1116=EDGE_CURVE('',#838,#836,#384,.T.);
#1117=EDGE_CURVE('',#839,#840,#539,.T.);
#1118=EDGE_CURVE('',#839,#837,#385,.T.);
#1119=EDGE_CURVE('',#840,#838,#386,.T.);
#1120=EDGE_CURVE('',#841,#842,#540,.T.);
#1121=EDGE_CURVE('',#841,#839,#387,.T.);
#1122=EDGE_CURVE('',#842,#840,#388,.T.);
#1123=EDGE_CURVE('',#843,#844,#541,.T.);
#1124=EDGE_CURVE('',#843,#841,#389,.T.);
#1125=EDGE_CURVE('',#844,#842,#390,.T.);
#1126=EDGE_CURVE('',#845,#846,#542,.T.);
#1127=EDGE_CURVE('',#845,#843,#391,.T.);
#1128=EDGE_CURVE('',#846,#844,#392,.T.);
#1129=EDGE_CURVE('',#847,#848,#543,.T.);
#1130=EDGE_CURVE('',#847,#845,#393,.T.);
#1131=EDGE_CURVE('',#848,#846,#394,.T.);
#1132=EDGE_CURVE('',#849,#850,#544,.T.);
#1133=EDGE_CURVE('',#849,#847,#395,.T.);
#1134=EDGE_CURVE('',#850,#848,#396,.T.);
#1135=EDGE_CURVE('',#851,#852,#545,.T.);
#1136=EDGE_CURVE('',#851,#849,#397,.T.);
#1137=EDGE_CURVE('',#852,#850,#398,.T.);
#1138=EDGE_CURVE('',#853,#854,#546,.T.);
#1139=EDGE_CURVE('',#853,#851,#399,.T.);
#1140=EDGE_CURVE('',#854,#852,#400,.T.);
#1141=EDGE_CURVE('',#855,#856,#547,.T.);
#1142=EDGE_CURVE('',#855,#853,#401,.T.);
#1143=EDGE_CURVE('',#856,#854,#402,.T.);
#1144=EDGE_CURVE('',#857,#858,#548,.T.);
#1145=EDGE_CURVE('',#857,#855,#403,.T.);
#1146=EDGE_CURVE('',#858,#856,#404,.T.);
#1147=EDGE_CURVE('',#859,#860,#549,.T.);
#1148=EDGE_CURVE('',#859,#857,#405,.T.);
#1149=EDGE_CURVE('',#860,#858,#406,.T.);
#1150=EDGE_CURVE('',#861,#862,#550,.T.);
#1151=EDGE_CURVE('',#861,#859,#407,.T.);
#1152=EDGE_CURVE('',#862,#860,#408,.T.);
#1153=EDGE_CURVE('',#863,#864,#551,.T.);
#1154=EDGE_CURVE('',#863,#861,#409,.T.);
#1155=EDGE_CURVE('',#864,#862,#410,.T.);
#1156=EDGE_CURVE('',#865,#866,#552,.T.);
#1157=EDGE_CURVE('',#865,#863,#411,.T.);
#1158=EDGE_CURVE('',#866,#864,#412,.T.);
#1159=EDGE_CURVE('',#867,#868,#553,.T.);
#1160=EDGE_CURVE('',#867,#865,#413,.T.);
#1161=EDGE_CURVE('',#868,#866,#414,.T.);
#1162=EDGE_CURVE('',#869,#870,#554,.T.);
#1163=EDGE_CURVE('',#869,#867,#415,.T.);
#1164=EDGE_CURVE('',#870,#868,#416,.T.);
#1165=EDGE_CURVE('',#871,#872,#555,.T.);
#1166=EDGE_CURVE('',#871,#869,#417,.T.);
#1167=EDGE_CURVE('',#872,#870,#418,.T.);
#1168=EDGE_CURVE('',#873,#874,#556,.T.);
#1169=EDGE_CURVE('',#873,#871,#419,.T.);
#1170=EDGE_CURVE('',#874,#872,#420,.T.);
#1171=EDGE_CURVE('',#875,#876,#557,.T.);
#1172=EDGE_CURVE('',#875,#873,#421,.T.);
#1173=EDGE_CURVE('',#876,#874,#422,.T.);
#1174=EDGE_CURVE('',#877,#878,#558,.T.);
#1175=EDGE_CURVE('',#877,#875,#423,.T.);
#1176=EDGE_CURVE('',#878,#876,#424,.T.);
#1177=EDGE_CURVE('',#879,#880,#559,.T.);
#1178=EDGE_CURVE('',#879,#877,#425,.T.);
#1179=EDGE_CURVE('',#880,#878,#426,.T.);
#1180=EDGE_CURVE('',#881,#882,#560,.T.);
#1181=EDGE_CURVE('',#881,#879,#427,.T.);
#1182=EDGE_CURVE('',#882,#880,#428,.T.);
#1183=EDGE_CURVE('',#883,#884,#561,.T.);
#1184=EDGE_CURVE('',#883,#881,#429,.T.);
#1185=EDGE_CURVE('',#884,#882,#430,.T.);
#1186=EDGE_CURVE('',#885,#886,#562,.T.);
#1187=EDGE_CURVE('',#885,#883,#431,.T.);
#1188=EDGE_CURVE('',#886,#884,#432,.T.);
#1189=EDGE_CURVE('',#887,#888,#563,.T.);
#1190=EDGE_CURVE('',#887,#885,#433,.T.);
#1191=EDGE_CURVE('',#888,#886,#434,.T.);
#1192=EDGE_CURVE('',#889,#890,#564,.T.);
#1193=EDGE_CURVE('',#889,#887,#435,.T.);
#1194=EDGE_CURVE('',#890,#888,#436,.T.);
#1195=EDGE_CURVE('',#891,#892,#565,.T.);
#1196=EDGE_CURVE('',#891,#889,#437,.T.);
#1197=EDGE_CURVE('',#892,#890,#438,.T.);
#1198=EDGE_CURVE('',#893,#894,#566,.T.);
#1199=EDGE_CURVE('',#893,#891,#439,.T.);
#1200=EDGE_CURVE('',#894,#892,#440,.T.);
#1201=EDGE_CURVE('',#895,#896,#567,.T.);
#1202=EDGE_CURVE('',#895,#893,#441,.T.);
#1203=EDGE_CURVE('',#896,#894,#442,.T.);
#1204=EDGE_CURVE('',#897,#898,#568,.T.);
#1205=EDGE_CURVE('',#897,#895,#443,.T.);
#1206=EDGE_CURVE('',#898,#896,#444,.T.);
#1207=EDGE_CURVE('',#899,#900,#569,.T.);
#1208=EDGE_CURVE('',#899,#897,#445,.T.);
#1209=EDGE_CURVE('',#900,#898,#446,.T.);
#1210=EDGE_CURVE('',#901,#902,#570,.T.);
#1211=EDGE_CURVE('',#901,#899,#447,.T.);
#1212=EDGE_CURVE('',#902,#900,#448,.T.);
#1213=EDGE_CURVE('',#903,#904,#571,.T.);
#1214=EDGE_CURVE('',#903,#901,#449,.T.);
#1215=EDGE_CURVE('',#904,#902,#450,.T.);
#1216=EDGE_CURVE('',#905,#906,#572,.T.);
#1217=EDGE_CURVE('',#905,#903,#451,.T.);
#1218=EDGE_CURVE('',#906,#904,#452,.T.);
#1219=EDGE_CURVE('',#907,#908,#573,.T.);
#1220=EDGE_CURVE('',#907,#905,#453,.T.);
#1221=EDGE_CURVE('',#908,#906,#454,.T.);
#1222=EDGE_CURVE('',#909,#910,#574,.T.);
#1223=EDGE_CURVE('',#909,#907,#455,.T.);
#1224=EDGE_CURVE('',#910,#908,#456,.T.);
#1225=EDGE_CURVE('',#911,#912,#575,.T.);
#1226=EDGE_CURVE('',#911,#909,#457,.T.);
#1227=EDGE_CURVE('',#912,#910,#458,.T.);
#1228=EDGE_CURVE('',#913,#914,#576,.T.);
#1229=EDGE_CURVE('',#913,#911,#459,.T.);
#1230=EDGE_CURVE('',#914,#912,#460,.T.);
#1231=EDGE_CURVE('',#915,#916,#577,.T.);
#1232=EDGE_CURVE('',#915,#913,#461,.T.);
#1233=EDGE_CURVE('',#916,#914,#462,.T.);
#1234=EDGE_CURVE('',#917,#918,#578,.T.);
#1235=EDGE_CURVE('',#917,#915,#463,.T.);
#1236=EDGE_CURVE('',#918,#916,#464,.T.);
#1237=EDGE_CURVE('',#919,#920,#579,.T.);
#1238=EDGE_CURVE('',#919,#917,#465,.T.);
#1239=EDGE_CURVE('',#920,#918,#466,.T.);
#1240=EDGE_CURVE('',#921,#922,#580,.T.);
#1241=EDGE_CURVE('',#921,#919,#467,.T.);
#1242=EDGE_CURVE('',#922,#920,#468,.T.);
#1243=EDGE_CURVE('',#923,#924,#581,.T.);
#1244=EDGE_CURVE('',#923,#921,#469,.T.);
#1245=EDGE_CURVE('',#924,#922,#470,.T.);
#1246=EDGE_CURVE('',#925,#926,#582,.T.);
#1247=EDGE_CURVE('',#925,#923,#471,.T.);
#1248=EDGE_CURVE('',#926,#924,#472,.T.);
#1249=EDGE_CURVE('',#927,#928,#583,.T.);
#1250=EDGE_CURVE('',#927,#925,#473,.T.);
#1251=EDGE_CURVE('',#928,#926,#474,.T.);
#1252=EDGE_CURVE('',#929,#930,#584,.T.);
#1253=EDGE_CURVE('',#929,#927,#475,.T.);
#1254=EDGE_CURVE('',#930,#928,#476,.T.);
#1255=EDGE_CURVE('',#931,#931,#269,.T.);
#1256=EDGE_CURVE('',#931,#932,#585,.T.);
#1257=EDGE_CURVE('',#932,#933,#270,.T.);
#1258=EDGE_CURVE('',#933,#932,#271,.T.);
#1259=EDGE_CURVE('',#933,#934,#586,.T.);
#1260=EDGE_CURVE('',#935,#934,#272,.T.);
#1261=EDGE_CURVE('',#934,#935,#273,.T.);
#1262=EDGE_CURVE('',#729,#936,#477,.T.);
#1263=EDGE_CURVE('',#936,#937,#274,.T.);
#1264=EDGE_CURVE('',#937,#730,#478,.T.);
#1265=EDGE_CURVE('',#935,#938,#587,.T.);
#1266=EDGE_CURVE('',#938,#938,#275,.T.);
#1267=EDGE_CURVE('',#939,#940,#588,.T.);
#1268=EDGE_CURVE('',#940,#941,#589,.T.);
#1269=EDGE_CURVE('',#941,#942,#590,.T.);
#1270=EDGE_CURVE('',#942,#943,#591,.T.);
#1271=EDGE_CURVE('',#943,#944,#592,.T.);
#1272=EDGE_CURVE('',#944,#939,#593,.T.);
#1273=EDGE_CURVE('',#939,#945,#594,.T.);
#1274=EDGE_CURVE('',#945,#946,#595,.T.);
#1275=EDGE_CURVE('',#940,#946,#596,.T.);
#1276=EDGE_CURVE('',#944,#947,#597,.T.);
#1277=EDGE_CURVE('',#947,#945,#598,.T.);
#1278=EDGE_CURVE('',#943,#948,#599,.T.);
#1279=EDGE_CURVE('',#948,#947,#600,.T.);
#1280=EDGE_CURVE('',#942,#949,#601,.T.);
#1281=EDGE_CURVE('',#949,#948,#602,.T.);
#1282=EDGE_CURVE('',#941,#950,#603,.T.);
#1283=EDGE_CURVE('',#950,#949,#604,.T.);
#1284=EDGE_CURVE('',#946,#950,#605,.T.);
#1285=EDGE_CURVE('',#951,#832,#479,.T.);
#1286=EDGE_CURVE('',#828,#951,#480,.T.);
#1287=EDGE_CURVE('',#937,#930,#481,.T.);
#1288=EDGE_CURVE('',#936,#929,#482,.T.);
#1289=EDGE_CURVE('',#831,#952,#483,.T.);
#1290=EDGE_CURVE('',#952,#827,#484,.T.);
#1291=EDGE_CURVE('',#952,#951,#276,.F.);
#1292=ORIENTED_EDGE('',*,*,#953,.F.);
#1293=ORIENTED_EDGE('',*,*,#954,.T.);
#1294=ORIENTED_EDGE('',*,*,#955,.T.);
#1295=ORIENTED_EDGE('',*,*,#956,.T.);
#1296=ORIENTED_EDGE('',*,*,#957,.F.);
#1297=ORIENTED_EDGE('',*,*,#958,.T.);
#1298=ORIENTED_EDGE('',*,*,#953,.T.);
#1299=ORIENTED_EDGE('',*,*,#959,.T.);
#1300=ORIENTED_EDGE('',*,*,#960,.F.);
#1301=ORIENTED_EDGE('',*,*,#961,.T.);
#1302=ORIENTED_EDGE('',*,*,#957,.T.);
#1303=ORIENTED_EDGE('',*,*,#962,.T.);
#1304=ORIENTED_EDGE('',*,*,#963,.F.);
#1305=ORIENTED_EDGE('',*,*,#964,.T.);
#1306=ORIENTED_EDGE('',*,*,#960,.T.);
#1307=ORIENTED_EDGE('',*,*,#965,.T.);
#1308=ORIENTED_EDGE('',*,*,#966,.F.);
#1309=ORIENTED_EDGE('',*,*,#967,.T.);
#1310=ORIENTED_EDGE('',*,*,#963,.T.);
#1311=ORIENTED_EDGE('',*,*,#968,.T.);
#1312=ORIENTED_EDGE('',*,*,#969,.F.);
#1313=ORIENTED_EDGE('',*,*,#970,.T.);
#1314=ORIENTED_EDGE('',*,*,#966,.T.);
#1315=ORIENTED_EDGE('',*,*,#971,.T.);
#1316=ORIENTED_EDGE('',*,*,#972,.F.);
#1317=ORIENTED_EDGE('',*,*,#973,.T.);
#1318=ORIENTED_EDGE('',*,*,#969,.T.);
#1319=ORIENTED_EDGE('',*,*,#974,.T.);
#1320=ORIENTED_EDGE('',*,*,#975,.F.);
#1321=ORIENTED_EDGE('',*,*,#976,.T.);
#1322=ORIENTED_EDGE('',*,*,#972,.T.);
#1323=ORIENTED_EDGE('',*,*,#977,.T.);
#1324=ORIENTED_EDGE('',*,*,#978,.F.);
#1325=ORIENTED_EDGE('',*,*,#979,.T.);
#1326=ORIENTED_EDGE('',*,*,#975,.T.);
#1327=ORIENTED_EDGE('',*,*,#980,.T.);
#1328=ORIENTED_EDGE('',*,*,#981,.F.);
#1329=ORIENTED_EDGE('',*,*,#982,.T.);
#1330=ORIENTED_EDGE('',*,*,#978,.T.);
#1331=ORIENTED_EDGE('',*,*,#983,.T.);
#1332=ORIENTED_EDGE('',*,*,#984,.F.);
#1333=ORIENTED_EDGE('',*,*,#985,.T.);
#1334=ORIENTED_EDGE('',*,*,#981,.T.);
#1335=ORIENTED_EDGE('',*,*,#986,.T.);
#1336=ORIENTED_EDGE('',*,*,#987,.F.);
#1337=ORIENTED_EDGE('',*,*,#988,.T.);
#1338=ORIENTED_EDGE('',*,*,#984,.T.);
#1339=ORIENTED_EDGE('',*,*,#989,.T.);
#1340=ORIENTED_EDGE('',*,*,#990,.F.);
#1341=ORIENTED_EDGE('',*,*,#991,.T.);
#1342=ORIENTED_EDGE('',*,*,#987,.T.);
#1343=ORIENTED_EDGE('',*,*,#992,.T.);
#1344=ORIENTED_EDGE('',*,*,#993,.F.);
#1345=ORIENTED_EDGE('',*,*,#994,.T.);
#1346=ORIENTED_EDGE('',*,*,#990,.T.);
#1347=ORIENTED_EDGE('',*,*,#995,.T.);
#1348=ORIENTED_EDGE('',*,*,#996,.F.);
#1349=ORIENTED_EDGE('',*,*,#997,.T.);
#1350=ORIENTED_EDGE('',*,*,#993,.T.);
#1351=ORIENTED_EDGE('',*,*,#998,.T.);
#1352=ORIENTED_EDGE('',*,*,#999,.F.);
#1353=ORIENTED_EDGE('',*,*,#1000,.T.);
#1354=ORIENTED_EDGE('',*,*,#996,.T.);
#1355=ORIENTED_EDGE('',*,*,#1001,.T.);
#1356=ORIENTED_EDGE('',*,*,#1002,.F.);
#1357=ORIENTED_EDGE('',*,*,#1003,.T.);
#1358=ORIENTED_EDGE('',*,*,#999,.T.);
#1359=ORIENTED_EDGE('',*,*,#1004,.T.);
#1360=ORIENTED_EDGE('',*,*,#1005,.F.);
#1361=ORIENTED_EDGE('',*,*,#1006,.T.);
#1362=ORIENTED_EDGE('',*,*,#1002,.T.);
#1363=ORIENTED_EDGE('',*,*,#1007,.T.);
#1364=ORIENTED_EDGE('',*,*,#1008,.F.);
#1365=ORIENTED_EDGE('',*,*,#1009,.T.);
#1366=ORIENTED_EDGE('',*,*,#1005,.T.);
#1367=ORIENTED_EDGE('',*,*,#1010,.T.);
#1368=ORIENTED_EDGE('',*,*,#1011,.F.);
#1369=ORIENTED_EDGE('',*,*,#1012,.T.);
#1370=ORIENTED_EDGE('',*,*,#1008,.T.);
#1371=ORIENTED_EDGE('',*,*,#1013,.T.);
#1372=ORIENTED_EDGE('',*,*,#1014,.F.);
#1373=ORIENTED_EDGE('',*,*,#1015,.T.);
#1374=ORIENTED_EDGE('',*,*,#1011,.T.);
#1375=ORIENTED_EDGE('',*,*,#1016,.T.);
#1376=ORIENTED_EDGE('',*,*,#1017,.F.);
#1377=ORIENTED_EDGE('',*,*,#1018,.T.);
#1378=ORIENTED_EDGE('',*,*,#1014,.T.);
#1379=ORIENTED_EDGE('',*,*,#1019,.T.);
#1380=ORIENTED_EDGE('',*,*,#1020,.F.);
#1381=ORIENTED_EDGE('',*,*,#1021,.T.);
#1382=ORIENTED_EDGE('',*,*,#1017,.T.);
#1383=ORIENTED_EDGE('',*,*,#1022,.T.);
#1384=ORIENTED_EDGE('',*,*,#1023,.F.);
#1385=ORIENTED_EDGE('',*,*,#1024,.T.);
#1386=ORIENTED_EDGE('',*,*,#1020,.T.);
#1387=ORIENTED_EDGE('',*,*,#1025,.T.);
#1388=ORIENTED_EDGE('',*,*,#1026,.F.);
#1389=ORIENTED_EDGE('',*,*,#1027,.T.);
#1390=ORIENTED_EDGE('',*,*,#1023,.T.);
#1391=ORIENTED_EDGE('',*,*,#1028,.T.);
#1392=ORIENTED_EDGE('',*,*,#1029,.F.);
#1393=ORIENTED_EDGE('',*,*,#1030,.T.);
#1394=ORIENTED_EDGE('',*,*,#1026,.T.);
#1395=ORIENTED_EDGE('',*,*,#1031,.T.);
#1396=ORIENTED_EDGE('',*,*,#1032,.F.);
#1397=ORIENTED_EDGE('',*,*,#1033,.T.);
#1398=ORIENTED_EDGE('',*,*,#1029,.T.);
#1399=ORIENTED_EDGE('',*,*,#1034,.T.);
#1400=ORIENTED_EDGE('',*,*,#1035,.F.);
#1401=ORIENTED_EDGE('',*,*,#1036,.T.);
#1402=ORIENTED_EDGE('',*,*,#1032,.T.);
#1403=ORIENTED_EDGE('',*,*,#1037,.T.);
#1404=ORIENTED_EDGE('',*,*,#1038,.F.);
#1405=ORIENTED_EDGE('',*,*,#1039,.T.);
#1406=ORIENTED_EDGE('',*,*,#1035,.T.);
#1407=ORIENTED_EDGE('',*,*,#1040,.T.);
#1408=ORIENTED_EDGE('',*,*,#1041,.F.);
#1409=ORIENTED_EDGE('',*,*,#1042,.T.);
#1410=ORIENTED_EDGE('',*,*,#1038,.T.);
#1411=ORIENTED_EDGE('',*,*,#1043,.T.);
#1412=ORIENTED_EDGE('',*,*,#1044,.F.);
#1413=ORIENTED_EDGE('',*,*,#1045,.T.);
#1414=ORIENTED_EDGE('',*,*,#1041,.T.);
#1415=ORIENTED_EDGE('',*,*,#1046,.T.);
#1416=ORIENTED_EDGE('',*,*,#1047,.F.);
#1417=ORIENTED_EDGE('',*,*,#1048,.T.);
#1418=ORIENTED_EDGE('',*,*,#1044,.T.);
#1419=ORIENTED_EDGE('',*,*,#1049,.T.);
#1420=ORIENTED_EDGE('',*,*,#1050,.F.);
#1421=ORIENTED_EDGE('',*,*,#1051,.T.);
#1422=ORIENTED_EDGE('',*,*,#1047,.T.);
#1423=ORIENTED_EDGE('',*,*,#1052,.T.);
#1424=ORIENTED_EDGE('',*,*,#1053,.F.);
#1425=ORIENTED_EDGE('',*,*,#1054,.T.);
#1426=ORIENTED_EDGE('',*,*,#1050,.T.);
#1427=ORIENTED_EDGE('',*,*,#1055,.T.);
#1428=ORIENTED_EDGE('',*,*,#1056,.F.);
#1429=ORIENTED_EDGE('',*,*,#1057,.T.);
#1430=ORIENTED_EDGE('',*,*,#1053,.T.);
#1431=ORIENTED_EDGE('',*,*,#1058,.T.);
#1432=ORIENTED_EDGE('',*,*,#1059,.F.);
#1433=ORIENTED_EDGE('',*,*,#1060,.T.);
#1434=ORIENTED_EDGE('',*,*,#1056,.T.);
#1435=ORIENTED_EDGE('',*,*,#1061,.T.);
#1436=ORIENTED_EDGE('',*,*,#1062,.F.);
#1437=ORIENTED_EDGE('',*,*,#1063,.T.);
#1438=ORIENTED_EDGE('',*,*,#1059,.T.);
#1439=ORIENTED_EDGE('',*,*,#1064,.T.);
#1440=ORIENTED_EDGE('',*,*,#1065,.F.);
#1441=ORIENTED_EDGE('',*,*,#1066,.T.);
#1442=ORIENTED_EDGE('',*,*,#1062,.T.);
#1443=ORIENTED_EDGE('',*,*,#1067,.T.);
#1444=ORIENTED_EDGE('',*,*,#1068,.F.);
#1445=ORIENTED_EDGE('',*,*,#1069,.T.);
#1446=ORIENTED_EDGE('',*,*,#1065,.T.);
#1447=ORIENTED_EDGE('',*,*,#1070,.T.);
#1448=ORIENTED_EDGE('',*,*,#1071,.F.);
#1449=ORIENTED_EDGE('',*,*,#1072,.T.);
#1450=ORIENTED_EDGE('',*,*,#1068,.T.);
#1451=ORIENTED_EDGE('',*,*,#1073,.T.);
#1452=ORIENTED_EDGE('',*,*,#1074,.F.);
#1453=ORIENTED_EDGE('',*,*,#1075,.T.);
#1454=ORIENTED_EDGE('',*,*,#1071,.T.);
#1455=ORIENTED_EDGE('',*,*,#1076,.T.);
#1456=ORIENTED_EDGE('',*,*,#1077,.F.);
#1457=ORIENTED_EDGE('',*,*,#1078,.T.);
#1458=ORIENTED_EDGE('',*,*,#1074,.T.);
#1459=ORIENTED_EDGE('',*,*,#1079,.T.);
#1460=ORIENTED_EDGE('',*,*,#1080,.F.);
#1461=ORIENTED_EDGE('',*,*,#1081,.T.);
#1462=ORIENTED_EDGE('',*,*,#1077,.T.);
#1463=ORIENTED_EDGE('',*,*,#1082,.T.);
#1464=ORIENTED_EDGE('',*,*,#1083,.F.);
#1465=ORIENTED_EDGE('',*,*,#1084,.T.);
#1466=ORIENTED_EDGE('',*,*,#1080,.T.);
#1467=ORIENTED_EDGE('',*,*,#1085,.T.);
#1468=ORIENTED_EDGE('',*,*,#1086,.F.);
#1469=ORIENTED_EDGE('',*,*,#1087,.T.);
#1470=ORIENTED_EDGE('',*,*,#1083,.T.);
#1471=ORIENTED_EDGE('',*,*,#1088,.T.);
#1472=ORIENTED_EDGE('',*,*,#1089,.F.);
#1473=ORIENTED_EDGE('',*,*,#1090,.T.);
#1474=ORIENTED_EDGE('',*,*,#1086,.T.);
#1475=ORIENTED_EDGE('',*,*,#1091,.T.);
#1476=ORIENTED_EDGE('',*,*,#1092,.F.);
#1477=ORIENTED_EDGE('',*,*,#1093,.T.);
#1478=ORIENTED_EDGE('',*,*,#1089,.T.);
#1479=ORIENTED_EDGE('',*,*,#1094,.T.);
#1480=ORIENTED_EDGE('',*,*,#1095,.F.);
#1481=ORIENTED_EDGE('',*,*,#1096,.T.);
#1482=ORIENTED_EDGE('',*,*,#1092,.T.);
#1483=ORIENTED_EDGE('',*,*,#1097,.T.);
#1484=ORIENTED_EDGE('',*,*,#1098,.F.);
#1485=ORIENTED_EDGE('',*,*,#1099,.T.);
#1486=ORIENTED_EDGE('',*,*,#1095,.T.);
#1487=ORIENTED_EDGE('',*,*,#1100,.T.);
#1488=ORIENTED_EDGE('',*,*,#1101,.F.);
#1489=ORIENTED_EDGE('',*,*,#1102,.T.);
#1490=ORIENTED_EDGE('',*,*,#1098,.T.);
#1491=ORIENTED_EDGE('',*,*,#1103,.T.);
#1492=ORIENTED_EDGE('',*,*,#1104,.F.);
#1493=ORIENTED_EDGE('',*,*,#1105,.T.);
#1494=ORIENTED_EDGE('',*,*,#1106,.F.);
#1495=ORIENTED_EDGE('',*,*,#1107,.F.);
#1496=ORIENTED_EDGE('',*,*,#1108,.F.);
#1497=ORIENTED_EDGE('',*,*,#1109,.T.);
#1498=ORIENTED_EDGE('',*,*,#1104,.T.);
#1499=ORIENTED_EDGE('',*,*,#1110,.F.);
#1500=ORIENTED_EDGE('',*,*,#1111,.F.);
#1501=ORIENTED_EDGE('',*,*,#1112,.T.);
#1502=ORIENTED_EDGE('',*,*,#1108,.T.);
#1503=ORIENTED_EDGE('',*,*,#1113,.F.);
#1504=ORIENTED_EDGE('',*,*,#1114,.F.);
#1505=ORIENTED_EDGE('',*,*,#1115,.T.);
#1506=ORIENTED_EDGE('',*,*,#1111,.T.);
#1507=ORIENTED_EDGE('',*,*,#1116,.F.);
#1508=ORIENTED_EDGE('',*,*,#1117,.F.);
#1509=ORIENTED_EDGE('',*,*,#1118,.T.);
#1510=ORIENTED_EDGE('',*,*,#1114,.T.);
#1511=ORIENTED_EDGE('',*,*,#1119,.F.);
#1512=ORIENTED_EDGE('',*,*,#1120,.F.);
#1513=ORIENTED_EDGE('',*,*,#1121,.T.);
#1514=ORIENTED_EDGE('',*,*,#1117,.T.);
#1515=ORIENTED_EDGE('',*,*,#1122,.F.);
#1516=ORIENTED_EDGE('',*,*,#1123,.F.);
#1517=ORIENTED_EDGE('',*,*,#1124,.T.);
#1518=ORIENTED_EDGE('',*,*,#1120,.T.);
#1519=ORIENTED_EDGE('',*,*,#1125,.F.);
#1520=ORIENTED_EDGE('',*,*,#1126,.F.);
#1521=ORIENTED_EDGE('',*,*,#1127,.T.);
#1522=ORIENTED_EDGE('',*,*,#1123,.T.);
#1523=ORIENTED_EDGE('',*,*,#1128,.F.);
#1524=ORIENTED_EDGE('',*,*,#1129,.F.);
#1525=ORIENTED_EDGE('',*,*,#1130,.T.);
#1526=ORIENTED_EDGE('',*,*,#1126,.T.);
#1527=ORIENTED_EDGE('',*,*,#1131,.F.);
#1528=ORIENTED_EDGE('',*,*,#1132,.F.);
#1529=ORIENTED_EDGE('',*,*,#1133,.T.);
#1530=ORIENTED_EDGE('',*,*,#1129,.T.);
#1531=ORIENTED_EDGE('',*,*,#1134,.F.);
#1532=ORIENTED_EDGE('',*,*,#1135,.F.);
#1533=ORIENTED_EDGE('',*,*,#1136,.T.);
#1534=ORIENTED_EDGE('',*,*,#1132,.T.);
#1535=ORIENTED_EDGE('',*,*,#1137,.F.);
#1536=ORIENTED_EDGE('',*,*,#1138,.F.);
#1537=ORIENTED_EDGE('',*,*,#1139,.T.);
#1538=ORIENTED_EDGE('',*,*,#1135,.T.);
#1539=ORIENTED_EDGE('',*,*,#1140,.F.);
#1540=ORIENTED_EDGE('',*,*,#1141,.F.);
#1541=ORIENTED_EDGE('',*,*,#1142,.T.);
#1542=ORIENTED_EDGE('',*,*,#1138,.T.);
#1543=ORIENTED_EDGE('',*,*,#1143,.F.);
#1544=ORIENTED_EDGE('',*,*,#1144,.F.);
#1545=ORIENTED_EDGE('',*,*,#1145,.T.);
#1546=ORIENTED_EDGE('',*,*,#1141,.T.);
#1547=ORIENTED_EDGE('',*,*,#1146,.F.);
#1548=ORIENTED_EDGE('',*,*,#1147,.F.);
#1549=ORIENTED_EDGE('',*,*,#1148,.T.);
#1550=ORIENTED_EDGE('',*,*,#1144,.T.);
#1551=ORIENTED_EDGE('',*,*,#1149,.F.);
#1552=ORIENTED_EDGE('',*,*,#1150,.F.);
#1553=ORIENTED_EDGE('',*,*,#1151,.T.);
#1554=ORIENTED_EDGE('',*,*,#1147,.T.);
#1555=ORIENTED_EDGE('',*,*,#1152,.F.);
#1556=ORIENTED_EDGE('',*,*,#1153,.F.);
#1557=ORIENTED_EDGE('',*,*,#1154,.T.);
#1558=ORIENTED_EDGE('',*,*,#1150,.T.);
#1559=ORIENTED_EDGE('',*,*,#1155,.F.);
#1560=ORIENTED_EDGE('',*,*,#1156,.F.);
#1561=ORIENTED_EDGE('',*,*,#1157,.T.);
#1562=ORIENTED_EDGE('',*,*,#1153,.T.);
#1563=ORIENTED_EDGE('',*,*,#1158,.F.);
#1564=ORIENTED_EDGE('',*,*,#1159,.F.);
#1565=ORIENTED_EDGE('',*,*,#1160,.T.);
#1566=ORIENTED_EDGE('',*,*,#1156,.T.);
#1567=ORIENTED_EDGE('',*,*,#1161,.F.);
#1568=ORIENTED_EDGE('',*,*,#1162,.F.);
#1569=ORIENTED_EDGE('',*,*,#1163,.T.);
#1570=ORIENTED_EDGE('',*,*,#1159,.T.);
#1571=ORIENTED_EDGE('',*,*,#1164,.F.);
#1572=ORIENTED_EDGE('',*,*,#1165,.F.);
#1573=ORIENTED_EDGE('',*,*,#1166,.T.);
#1574=ORIENTED_EDGE('',*,*,#1162,.T.);
#1575=ORIENTED_EDGE('',*,*,#1167,.F.);
#1576=ORIENTED_EDGE('',*,*,#1168,.F.);
#1577=ORIENTED_EDGE('',*,*,#1169,.T.);
#1578=ORIENTED_EDGE('',*,*,#1165,.T.);
#1579=ORIENTED_EDGE('',*,*,#1170,.F.);
#1580=ORIENTED_EDGE('',*,*,#1171,.F.);
#1581=ORIENTED_EDGE('',*,*,#1172,.T.);
#1582=ORIENTED_EDGE('',*,*,#1168,.T.);
#1583=ORIENTED_EDGE('',*,*,#1173,.F.);
#1584=ORIENTED_EDGE('',*,*,#1174,.F.);
#1585=ORIENTED_EDGE('',*,*,#1175,.T.);
#1586=ORIENTED_EDGE('',*,*,#1171,.T.);
#1587=ORIENTED_EDGE('',*,*,#1176,.F.);
#1588=ORIENTED_EDGE('',*,*,#1177,.F.);
#1589=ORIENTED_EDGE('',*,*,#1178,.T.);
#1590=ORIENTED_EDGE('',*,*,#1174,.T.);
#1591=ORIENTED_EDGE('',*,*,#1179,.F.);
#1592=ORIENTED_EDGE('',*,*,#1180,.F.);
#1593=ORIENTED_EDGE('',*,*,#1181,.T.);
#1594=ORIENTED_EDGE('',*,*,#1177,.T.);
#1595=ORIENTED_EDGE('',*,*,#1182,.F.);
#1596=ORIENTED_EDGE('',*,*,#1183,.F.);
#1597=ORIENTED_EDGE('',*,*,#1184,.T.);
#1598=ORIENTED_EDGE('',*,*,#1180,.T.);
#1599=ORIENTED_EDGE('',*,*,#1185,.F.);
#1600=ORIENTED_EDGE('',*,*,#1186,.F.);
#1601=ORIENTED_EDGE('',*,*,#1187,.T.);
#1602=ORIENTED_EDGE('',*,*,#1183,.T.);
#1603=ORIENTED_EDGE('',*,*,#1188,.F.);
#1604=ORIENTED_EDGE('',*,*,#1189,.F.);
#1605=ORIENTED_EDGE('',*,*,#1190,.T.);
#1606=ORIENTED_EDGE('',*,*,#1186,.T.);
#1607=ORIENTED_EDGE('',*,*,#1191,.F.);
#1608=ORIENTED_EDGE('',*,*,#1192,.F.);
#1609=ORIENTED_EDGE('',*,*,#1193,.T.);
#1610=ORIENTED_EDGE('',*,*,#1189,.T.);
#1611=ORIENTED_EDGE('',*,*,#1194,.F.);
#1612=ORIENTED_EDGE('',*,*,#1195,.F.);
#1613=ORIENTED_EDGE('',*,*,#1196,.T.);
#1614=ORIENTED_EDGE('',*,*,#1192,.T.);
#1615=ORIENTED_EDGE('',*,*,#1197,.F.);
#1616=ORIENTED_EDGE('',*,*,#1198,.F.);
#1617=ORIENTED_EDGE('',*,*,#1199,.T.);
#1618=ORIENTED_EDGE('',*,*,#1195,.T.);
#1619=ORIENTED_EDGE('',*,*,#1200,.F.);
#1620=ORIENTED_EDGE('',*,*,#1201,.F.);
#1621=ORIENTED_EDGE('',*,*,#1202,.T.);
#1622=ORIENTED_EDGE('',*,*,#1198,.T.);
#1623=ORIENTED_EDGE('',*,*,#1203,.F.);
#1624=ORIENTED_EDGE('',*,*,#1204,.F.);
#1625=ORIENTED_EDGE('',*,*,#1205,.T.);
#1626=ORIENTED_EDGE('',*,*,#1201,.T.);
#1627=ORIENTED_EDGE('',*,*,#1206,.F.);
#1628=ORIENTED_EDGE('',*,*,#1207,.F.);
#1629=ORIENTED_EDGE('',*,*,#1208,.T.);
#1630=ORIENTED_EDGE('',*,*,#1204,.T.);
#1631=ORIENTED_EDGE('',*,*,#1209,.F.);
#1632=ORIENTED_EDGE('',*,*,#1210,.F.);
#1633=ORIENTED_EDGE('',*,*,#1211,.T.);
#1634=ORIENTED_EDGE('',*,*,#1207,.T.);
#1635=ORIENTED_EDGE('',*,*,#1212,.F.);
#1636=ORIENTED_EDGE('',*,*,#1213,.F.);
#1637=ORIENTED_EDGE('',*,*,#1214,.T.);
#1638=ORIENTED_EDGE('',*,*,#1210,.T.);
#1639=ORIENTED_EDGE('',*,*,#1215,.F.);
#1640=ORIENTED_EDGE('',*,*,#1216,.F.);
#1641=ORIENTED_EDGE('',*,*,#1217,.T.);
#1642=ORIENTED_EDGE('',*,*,#1213,.T.);
#1643=ORIENTED_EDGE('',*,*,#1218,.F.);
#1644=ORIENTED_EDGE('',*,*,#1219,.F.);
#1645=ORIENTED_EDGE('',*,*,#1220,.T.);
#1646=ORIENTED_EDGE('',*,*,#1216,.T.);
#1647=ORIENTED_EDGE('',*,*,#1221,.F.);
#1648=ORIENTED_EDGE('',*,*,#1222,.F.);
#1649=ORIENTED_EDGE('',*,*,#1223,.T.);
#1650=ORIENTED_EDGE('',*,*,#1219,.T.);
#1651=ORIENTED_EDGE('',*,*,#1224,.F.);
#1652=ORIENTED_EDGE('',*,*,#1225,.F.);
#1653=ORIENTED_EDGE('',*,*,#1226,.T.);
#1654=ORIENTED_EDGE('',*,*,#1222,.T.);
#1655=ORIENTED_EDGE('',*,*,#1227,.F.);
#1656=ORIENTED_EDGE('',*,*,#1228,.F.);
#1657=ORIENTED_EDGE('',*,*,#1229,.T.);
#1658=ORIENTED_EDGE('',*,*,#1225,.T.);
#1659=ORIENTED_EDGE('',*,*,#1230,.F.);
#1660=ORIENTED_EDGE('',*,*,#1231,.F.);
#1661=ORIENTED_EDGE('',*,*,#1232,.T.);
#1662=ORIENTED_EDGE('',*,*,#1228,.T.);
#1663=ORIENTED_EDGE('',*,*,#1233,.F.);
#1664=ORIENTED_EDGE('',*,*,#1234,.F.);
#1665=ORIENTED_EDGE('',*,*,#1235,.T.);
#1666=ORIENTED_EDGE('',*,*,#1231,.T.);
#1667=ORIENTED_EDGE('',*,*,#1236,.F.);
#1668=ORIENTED_EDGE('',*,*,#1237,.F.);
#1669=ORIENTED_EDGE('',*,*,#1238,.T.);
#1670=ORIENTED_EDGE('',*,*,#1234,.T.);
#1671=ORIENTED_EDGE('',*,*,#1239,.F.);
#1672=ORIENTED_EDGE('',*,*,#1240,.F.);
#1673=ORIENTED_EDGE('',*,*,#1241,.T.);
#1674=ORIENTED_EDGE('',*,*,#1237,.T.);
#1675=ORIENTED_EDGE('',*,*,#1242,.F.);
#1676=ORIENTED_EDGE('',*,*,#1243,.F.);
#1677=ORIENTED_EDGE('',*,*,#1244,.T.);
#1678=ORIENTED_EDGE('',*,*,#1240,.T.);
#1679=ORIENTED_EDGE('',*,*,#1245,.F.);
#1680=ORIENTED_EDGE('',*,*,#1246,.F.);
#1681=ORIENTED_EDGE('',*,*,#1247,.T.);
#1682=ORIENTED_EDGE('',*,*,#1243,.T.);
#1683=ORIENTED_EDGE('',*,*,#1248,.F.);
#1684=ORIENTED_EDGE('',*,*,#1249,.F.);
#1685=ORIENTED_EDGE('',*,*,#1250,.T.);
#1686=ORIENTED_EDGE('',*,*,#1246,.T.);
#1687=ORIENTED_EDGE('',*,*,#1251,.F.);
#1688=ORIENTED_EDGE('',*,*,#1252,.F.);
#1689=ORIENTED_EDGE('',*,*,#1253,.T.);
#1690=ORIENTED_EDGE('',*,*,#1249,.T.);
#1691=ORIENTED_EDGE('',*,*,#1254,.F.);
#1692=ORIENTED_EDGE('',*,*,#1255,.T.);
#1693=ORIENTED_EDGE('',*,*,#1256,.T.);
#1694=ORIENTED_EDGE('',*,*,#1257,.T.);
#1695=ORIENTED_EDGE('',*,*,#1258,.T.);
#1696=ORIENTED_EDGE('',*,*,#1256,.F.);
#1697=ORIENTED_EDGE('',*,*,#1257,.F.);
#1698=ORIENTED_EDGE('',*,*,#1258,.F.);
#1699=ORIENTED_EDGE('',*,*,#1259,.T.);
#1700=ORIENTED_EDGE('',*,*,#1260,.F.);
#1701=ORIENTED_EDGE('',*,*,#1261,.F.);
#1702=ORIENTED_EDGE('',*,*,#1259,.F.);
#1703=ORIENTED_EDGE('',*,*,#1255,.F.);
#1704=ORIENTED_EDGE('',*,*,#1262,.T.);
#1705=ORIENTED_EDGE('',*,*,#1263,.T.);
#1706=ORIENTED_EDGE('',*,*,#1264,.T.);
#1707=ORIENTED_EDGE('',*,*,#955,.F.);
#1708=ORIENTED_EDGE('',*,*,#1260,.T.);
#1709=ORIENTED_EDGE('',*,*,#1261,.T.);
#1710=ORIENTED_EDGE('',*,*,#1265,.T.);
#1711=ORIENTED_EDGE('',*,*,#1266,.T.);
#1712=ORIENTED_EDGE('',*,*,#1265,.F.);
#1713=ORIENTED_EDGE('',*,*,#1266,.F.);
#1714=ORIENTED_EDGE('',*,*,#1267,.T.);
#1715=ORIENTED_EDGE('',*,*,#1268,.T.);
#1716=ORIENTED_EDGE('',*,*,#1269,.T.);
#1717=ORIENTED_EDGE('',*,*,#1270,.T.);
#1718=ORIENTED_EDGE('',*,*,#1271,.T.);
#1719=ORIENTED_EDGE('',*,*,#1272,.T.);
#1720=ORIENTED_EDGE('',*,*,#1267,.F.);
#1721=ORIENTED_EDGE('',*,*,#1273,.T.);
#1722=ORIENTED_EDGE('',*,*,#1274,.T.);
#1723=ORIENTED_EDGE('',*,*,#1275,.F.);
#1724=ORIENTED_EDGE('',*,*,#1272,.F.);
#1725=ORIENTED_EDGE('',*,*,#1276,.T.);
#1726=ORIENTED_EDGE('',*,*,#1277,.T.);
#1727=ORIENTED_EDGE('',*,*,#1273,.F.);
#1728=ORIENTED_EDGE('',*,*,#1271,.F.);
#1729=ORIENTED_EDGE('',*,*,#1278,.T.);
#1730=ORIENTED_EDGE('',*,*,#1279,.T.);
#1731=ORIENTED_EDGE('',*,*,#1276,.F.);
#1732=ORIENTED_EDGE('',*,*,#1270,.F.);
#1733=ORIENTED_EDGE('',*,*,#1280,.T.);
#1734=ORIENTED_EDGE('',*,*,#1281,.T.);
#1735=ORIENTED_EDGE('',*,*,#1278,.F.);
#1736=ORIENTED_EDGE('',*,*,#1269,.F.);
#1737=ORIENTED_EDGE('',*,*,#1282,.T.);
#1738=ORIENTED_EDGE('',*,*,#1283,.T.);
#1739=ORIENTED_EDGE('',*,*,#1280,.F.);
#1740=ORIENTED_EDGE('',*,*,#1268,.F.);
#1741=ORIENTED_EDGE('',*,*,#1275,.T.);
#1742=ORIENTED_EDGE('',*,*,#1284,.T.);
#1743=ORIENTED_EDGE('',*,*,#1282,.F.);
#1744=ORIENTED_EDGE('',*,*,#1284,.F.);
#1745=ORIENTED_EDGE('',*,*,#1274,.F.);
#1746=ORIENTED_EDGE('',*,*,#1277,.F.);
#1747=ORIENTED_EDGE('',*,*,#1279,.F.);
#1748=ORIENTED_EDGE('',*,*,#1281,.F.);
#1749=ORIENTED_EDGE('',*,*,#1283,.F.);
#1750=ORIENTED_EDGE('',*,*,#1285,.F.);
#1751=ORIENTED_EDGE('',*,*,#1286,.F.);
#1752=ORIENTED_EDGE('',*,*,#1103,.F.);
#1753=ORIENTED_EDGE('',*,*,#1100,.F.);
#1754=ORIENTED_EDGE('',*,*,#1097,.F.);
#1755=ORIENTED_EDGE('',*,*,#1094,.F.);
#1756=ORIENTED_EDGE('',*,*,#1091,.F.);
#1757=ORIENTED_EDGE('',*,*,#1088,.F.);
#1758=ORIENTED_EDGE('',*,*,#1085,.F.);
#1759=ORIENTED_EDGE('',*,*,#1082,.F.);
#1760=ORIENTED_EDGE('',*,*,#1079,.F.);
#1761=ORIENTED_EDGE('',*,*,#1076,.F.);
#1762=ORIENTED_EDGE('',*,*,#1073,.F.);
#1763=ORIENTED_EDGE('',*,*,#1070,.F.);
#1764=ORIENTED_EDGE('',*,*,#1067,.F.);
#1765=ORIENTED_EDGE('',*,*,#1064,.F.);
#1766=ORIENTED_EDGE('',*,*,#1061,.F.);
#1767=ORIENTED_EDGE('',*,*,#1058,.F.);
#1768=ORIENTED_EDGE('',*,*,#1055,.F.);
#1769=ORIENTED_EDGE('',*,*,#1052,.F.);
#1770=ORIENTED_EDGE('',*,*,#1049,.F.);
#1771=ORIENTED_EDGE('',*,*,#1046,.F.);
#1772=ORIENTED_EDGE('',*,*,#1043,.F.);
#1773=ORIENTED_EDGE('',*,*,#1040,.F.);
#1774=ORIENTED_EDGE('',*,*,#1037,.F.);
#1775=ORIENTED_EDGE('',*,*,#1034,.F.);
#1776=ORIENTED_EDGE('',*,*,#1031,.F.);
#1777=ORIENTED_EDGE('',*,*,#1028,.F.);
#1778=ORIENTED_EDGE('',*,*,#1025,.F.);
#1779=ORIENTED_EDGE('',*,*,#1022,.F.);
#1780=ORIENTED_EDGE('',*,*,#1019,.F.);
#1781=ORIENTED_EDGE('',*,*,#1016,.F.);
#1782=ORIENTED_EDGE('',*,*,#1013,.F.);
#1783=ORIENTED_EDGE('',*,*,#1010,.F.);
#1784=ORIENTED_EDGE('',*,*,#1007,.F.);
#1785=ORIENTED_EDGE('',*,*,#1004,.F.);
#1786=ORIENTED_EDGE('',*,*,#1001,.F.);
#1787=ORIENTED_EDGE('',*,*,#998,.F.);
#1788=ORIENTED_EDGE('',*,*,#995,.F.);
#1789=ORIENTED_EDGE('',*,*,#992,.F.);
#1790=ORIENTED_EDGE('',*,*,#989,.F.);
#1791=ORIENTED_EDGE('',*,*,#986,.F.);
#1792=ORIENTED_EDGE('',*,*,#983,.F.);
#1793=ORIENTED_EDGE('',*,*,#980,.F.);
#1794=ORIENTED_EDGE('',*,*,#977,.F.);
#1795=ORIENTED_EDGE('',*,*,#974,.F.);
#1796=ORIENTED_EDGE('',*,*,#971,.F.);
#1797=ORIENTED_EDGE('',*,*,#968,.F.);
#1798=ORIENTED_EDGE('',*,*,#965,.F.);
#1799=ORIENTED_EDGE('',*,*,#962,.F.);
#1800=ORIENTED_EDGE('',*,*,#959,.F.);
#1801=ORIENTED_EDGE('',*,*,#956,.F.);
#1802=ORIENTED_EDGE('',*,*,#1264,.F.);
#1803=ORIENTED_EDGE('',*,*,#1287,.T.);
#1804=ORIENTED_EDGE('',*,*,#1254,.T.);
#1805=ORIENTED_EDGE('',*,*,#1251,.T.);
#1806=ORIENTED_EDGE('',*,*,#1248,.T.);
#1807=ORIENTED_EDGE('',*,*,#1245,.T.);
#1808=ORIENTED_EDGE('',*,*,#1242,.T.);
#1809=ORIENTED_EDGE('',*,*,#1239,.T.);
#1810=ORIENTED_EDGE('',*,*,#1236,.T.);
#1811=ORIENTED_EDGE('',*,*,#1233,.T.);
#1812=ORIENTED_EDGE('',*,*,#1230,.T.);
#1813=ORIENTED_EDGE('',*,*,#1227,.T.);
#1814=ORIENTED_EDGE('',*,*,#1224,.T.);
#1815=ORIENTED_EDGE('',*,*,#1221,.T.);
#1816=ORIENTED_EDGE('',*,*,#1218,.T.);
#1817=ORIENTED_EDGE('',*,*,#1215,.T.);
#1818=ORIENTED_EDGE('',*,*,#1212,.T.);
#1819=ORIENTED_EDGE('',*,*,#1209,.T.);
#1820=ORIENTED_EDGE('',*,*,#1206,.T.);
#1821=ORIENTED_EDGE('',*,*,#1203,.T.);
#1822=ORIENTED_EDGE('',*,*,#1200,.T.);
#1823=ORIENTED_EDGE('',*,*,#1197,.T.);
#1824=ORIENTED_EDGE('',*,*,#1194,.T.);
#1825=ORIENTED_EDGE('',*,*,#1191,.T.);
#1826=ORIENTED_EDGE('',*,*,#1188,.T.);
#1827=ORIENTED_EDGE('',*,*,#1185,.T.);
#1828=ORIENTED_EDGE('',*,*,#1182,.T.);
#1829=ORIENTED_EDGE('',*,*,#1179,.T.);
#1830=ORIENTED_EDGE('',*,*,#1176,.T.);
#1831=ORIENTED_EDGE('',*,*,#1173,.T.);
#1832=ORIENTED_EDGE('',*,*,#1170,.T.);
#1833=ORIENTED_EDGE('',*,*,#1167,.T.);
#1834=ORIENTED_EDGE('',*,*,#1164,.T.);
#1835=ORIENTED_EDGE('',*,*,#1161,.T.);
#1836=ORIENTED_EDGE('',*,*,#1158,.T.);
#1837=ORIENTED_EDGE('',*,*,#1155,.T.);
#1838=ORIENTED_EDGE('',*,*,#1152,.T.);
#1839=ORIENTED_EDGE('',*,*,#1149,.T.);
#1840=ORIENTED_EDGE('',*,*,#1146,.T.);
#1841=ORIENTED_EDGE('',*,*,#1143,.T.);
#1842=ORIENTED_EDGE('',*,*,#1140,.T.);
#1843=ORIENTED_EDGE('',*,*,#1137,.T.);
#1844=ORIENTED_EDGE('',*,*,#1134,.T.);
#1845=ORIENTED_EDGE('',*,*,#1131,.T.);
#1846=ORIENTED_EDGE('',*,*,#1128,.T.);
#1847=ORIENTED_EDGE('',*,*,#1125,.T.);
#1848=ORIENTED_EDGE('',*,*,#1122,.T.);
#1849=ORIENTED_EDGE('',*,*,#1119,.T.);
#1850=ORIENTED_EDGE('',*,*,#1116,.T.);
#1851=ORIENTED_EDGE('',*,*,#1113,.T.);
#1852=ORIENTED_EDGE('',*,*,#1110,.T.);
#1853=ORIENTED_EDGE('',*,*,#1107,.T.);
#1854=ORIENTED_EDGE('',*,*,#1252,.T.);
#1855=ORIENTED_EDGE('',*,*,#1287,.F.);
#1856=ORIENTED_EDGE('',*,*,#1263,.F.);
#1857=ORIENTED_EDGE('',*,*,#1288,.T.);
#1858=ORIENTED_EDGE('',*,*,#1289,.F.);
#1859=ORIENTED_EDGE('',*,*,#1105,.F.);
#1860=ORIENTED_EDGE('',*,*,#1109,.F.);
#1861=ORIENTED_EDGE('',*,*,#1112,.F.);
#1862=ORIENTED_EDGE('',*,*,#1115,.F.);
#1863=ORIENTED_EDGE('',*,*,#1118,.F.);
#1864=ORIENTED_EDGE('',*,*,#1121,.F.);
#1865=ORIENTED_EDGE('',*,*,#1124,.F.);
#1866=ORIENTED_EDGE('',*,*,#1127,.F.);
#1867=ORIENTED_EDGE('',*,*,#1130,.F.);
#1868=ORIENTED_EDGE('',*,*,#1133,.F.);
#1869=ORIENTED_EDGE('',*,*,#1136,.F.);
#1870=ORIENTED_EDGE('',*,*,#1139,.F.);
#1871=ORIENTED_EDGE('',*,*,#1142,.F.);
#1872=ORIENTED_EDGE('',*,*,#1145,.F.);
#1873=ORIENTED_EDGE('',*,*,#1148,.F.);
#1874=ORIENTED_EDGE('',*,*,#1151,.F.);
#1875=ORIENTED_EDGE('',*,*,#1154,.F.);
#1876=ORIENTED_EDGE('',*,*,#1157,.F.);
#1877=ORIENTED_EDGE('',*,*,#1160,.F.);
#1878=ORIENTED_EDGE('',*,*,#1163,.F.);
#1879=ORIENTED_EDGE('',*,*,#1166,.F.);
#1880=ORIENTED_EDGE('',*,*,#1169,.F.);
#1881=ORIENTED_EDGE('',*,*,#1172,.F.);
#1882=ORIENTED_EDGE('',*,*,#1175,.F.);
#1883=ORIENTED_EDGE('',*,*,#1178,.F.);
#1884=ORIENTED_EDGE('',*,*,#1181,.F.);
#1885=ORIENTED_EDGE('',*,*,#1184,.F.);
#1886=ORIENTED_EDGE('',*,*,#1187,.F.);
#1887=ORIENTED_EDGE('',*,*,#1190,.F.);
#1888=ORIENTED_EDGE('',*,*,#1193,.F.);
#1889=ORIENTED_EDGE('',*,*,#1196,.F.);
#1890=ORIENTED_EDGE('',*,*,#1199,.F.);
#1891=ORIENTED_EDGE('',*,*,#1202,.F.);
#1892=ORIENTED_EDGE('',*,*,#1205,.F.);
#1893=ORIENTED_EDGE('',*,*,#1208,.F.);
#1894=ORIENTED_EDGE('',*,*,#1211,.F.);
#1895=ORIENTED_EDGE('',*,*,#1214,.F.);
#1896=ORIENTED_EDGE('',*,*,#1217,.F.);
#1897=ORIENTED_EDGE('',*,*,#1220,.F.);
#1898=ORIENTED_EDGE('',*,*,#1223,.F.);
#1899=ORIENTED_EDGE('',*,*,#1226,.F.);
#1900=ORIENTED_EDGE('',*,*,#1229,.F.);
#1901=ORIENTED_EDGE('',*,*,#1232,.F.);
#1902=ORIENTED_EDGE('',*,*,#1235,.F.);
#1903=ORIENTED_EDGE('',*,*,#1238,.F.);
#1904=ORIENTED_EDGE('',*,*,#1241,.F.);
#1905=ORIENTED_EDGE('',*,*,#1244,.F.);
#1906=ORIENTED_EDGE('',*,*,#1247,.F.);
#1907=ORIENTED_EDGE('',*,*,#1250,.F.);
#1908=ORIENTED_EDGE('',*,*,#1253,.F.);
#1909=ORIENTED_EDGE('',*,*,#1288,.F.);
#1910=ORIENTED_EDGE('',*,*,#1262,.F.);
#1911=ORIENTED_EDGE('',*,*,#954,.F.);
#1912=ORIENTED_EDGE('',*,*,#958,.F.);
#1913=ORIENTED_EDGE('',*,*,#961,.F.);
#1914=ORIENTED_EDGE('',*,*,#964,.F.);
#1915=ORIENTED_EDGE('',*,*,#967,.F.);
#1916=ORIENTED_EDGE('',*,*,#970,.F.);
#1917=ORIENTED_EDGE('',*,*,#973,.F.);
#1918=ORIENTED_EDGE('',*,*,#976,.F.);
#1919=ORIENTED_EDGE('',*,*,#979,.F.);
#1920=ORIENTED_EDGE('',*,*,#982,.F.);
#1921=ORIENTED_EDGE('',*,*,#985,.F.);
#1922=ORIENTED_EDGE('',*,*,#988,.F.);
#1923=ORIENTED_EDGE('',*,*,#991,.F.);
#1924=ORIENTED_EDGE('',*,*,#994,.F.);
#1925=ORIENTED_EDGE('',*,*,#997,.F.);
#1926=ORIENTED_EDGE('',*,*,#1000,.F.);
#1927=ORIENTED_EDGE('',*,*,#1003,.F.);
#1928=ORIENTED_EDGE('',*,*,#1006,.F.);
#1929=ORIENTED_EDGE('',*,*,#1009,.F.);
#1930=ORIENTED_EDGE('',*,*,#1012,.F.);
#1931=ORIENTED_EDGE('',*,*,#1015,.F.);
#1932=ORIENTED_EDGE('',*,*,#1018,.F.);
#1933=ORIENTED_EDGE('',*,*,#1021,.F.);
#1934=ORIENTED_EDGE('',*,*,#1024,.F.);
#1935=ORIENTED_EDGE('',*,*,#1027,.F.);
#1936=ORIENTED_EDGE('',*,*,#1030,.F.);
#1937=ORIENTED_EDGE('',*,*,#1033,.F.);
#1938=ORIENTED_EDGE('',*,*,#1036,.F.);
#1939=ORIENTED_EDGE('',*,*,#1039,.F.);
#1940=ORIENTED_EDGE('',*,*,#1042,.F.);
#1941=ORIENTED_EDGE('',*,*,#1045,.F.);
#1942=ORIENTED_EDGE('',*,*,#1048,.F.);
#1943=ORIENTED_EDGE('',*,*,#1051,.F.);
#1944=ORIENTED_EDGE('',*,*,#1054,.F.);
#1945=ORIENTED_EDGE('',*,*,#1057,.F.);
#1946=ORIENTED_EDGE('',*,*,#1060,.F.);
#1947=ORIENTED_EDGE('',*,*,#1063,.F.);
#1948=ORIENTED_EDGE('',*,*,#1066,.F.);
#1949=ORIENTED_EDGE('',*,*,#1069,.F.);
#1950=ORIENTED_EDGE('',*,*,#1072,.F.);
#1951=ORIENTED_EDGE('',*,*,#1075,.F.);
#1952=ORIENTED_EDGE('',*,*,#1078,.F.);
#1953=ORIENTED_EDGE('',*,*,#1081,.F.);
#1954=ORIENTED_EDGE('',*,*,#1084,.F.);
#1955=ORIENTED_EDGE('',*,*,#1087,.F.);
#1956=ORIENTED_EDGE('',*,*,#1090,.F.);
#1957=ORIENTED_EDGE('',*,*,#1093,.F.);
#1958=ORIENTED_EDGE('',*,*,#1096,.F.);
#1959=ORIENTED_EDGE('',*,*,#1099,.F.);
#1960=ORIENTED_EDGE('',*,*,#1102,.F.);
#1961=ORIENTED_EDGE('',*,*,#1290,.F.);
#1962=ORIENTED_EDGE('',*,*,#1101,.T.);
#1963=ORIENTED_EDGE('',*,*,#1286,.T.);
#1964=ORIENTED_EDGE('',*,*,#1291,.F.);
#1965=ORIENTED_EDGE('',*,*,#1290,.T.);
#1966=ORIENTED_EDGE('',*,*,#1289,.T.);
#1967=ORIENTED_EDGE('',*,*,#1291,.T.);
#1968=ORIENTED_EDGE('',*,*,#1285,.T.);
#1969=ORIENTED_EDGE('',*,*,#1106,.T.);
#1970=CYLINDRICAL_SURFACE('',#2204,1.4635);
#1971=CYLINDRICAL_SURFACE('',#2206,1.4635);
#1972=CYLINDRICAL_SURFACE('',#2207,1.4635);
#1973=CYLINDRICAL_SURFACE('',#2208,1.4635);
#1974=CYLINDRICAL_SURFACE('',#2209,1.4635);
#1975=CYLINDRICAL_SURFACE('',#2210,1.4635);
#1976=CYLINDRICAL_SURFACE('',#2211,1.4635);
#1977=CYLINDRICAL_SURFACE('',#2212,1.4635);
#1978=CYLINDRICAL_SURFACE('',#2213,1.4635);
#1979=CYLINDRICAL_SURFACE('',#2214,1.4635);
#1980=CYLINDRICAL_SURFACE('',#2215,1.4635);
#1981=CYLINDRICAL_SURFACE('',#2216,1.4635);
#1982=CYLINDRICAL_SURFACE('',#2217,1.4635);
#1983=CYLINDRICAL_SURFACE('',#2218,1.4635);
#1984=CYLINDRICAL_SURFACE('',#2219,1.4635);
#1985=CYLINDRICAL_SURFACE('',#2220,1.4635);
#1986=CYLINDRICAL_SURFACE('',#2221,1.4635);
#1987=CYLINDRICAL_SURFACE('',#2222,1.4635);
#1988=CYLINDRICAL_SURFACE('',#2223,1.4635);
#1989=CYLINDRICAL_SURFACE('',#2224,1.4635);
#1990=CYLINDRICAL_SURFACE('',#2225,1.4635);
#1991=CYLINDRICAL_SURFACE('',#2226,1.4635);
#1992=CYLINDRICAL_SURFACE('',#2227,1.4635);
#1993=CYLINDRICAL_SURFACE('',#2228,1.4635);
#1994=CYLINDRICAL_SURFACE('',#2229,1.4635);
#1995=CYLINDRICAL_SURFACE('',#2230,1.4635);
#1996=CYLINDRICAL_SURFACE('',#2231,1.4635);
#1997=CYLINDRICAL_SURFACE('',#2232,1.4635);
#1998=CYLINDRICAL_SURFACE('',#2233,1.4635);
#1999=CYLINDRICAL_SURFACE('',#2234,1.4635);
#2000=CYLINDRICAL_SURFACE('',#2235,1.4635);
#2001=CYLINDRICAL_SURFACE('',#2236,1.4635);
#2002=CYLINDRICAL_SURFACE('',#2237,1.4635);
#2003=CYLINDRICAL_SURFACE('',#2238,1.4635);
#2004=CYLINDRICAL_SURFACE('',#2239,1.4635);
#2005=CYLINDRICAL_SURFACE('',#2240,1.4635);
#2006=CYLINDRICAL_SURFACE('',#2241,1.4635);
#2007=CYLINDRICAL_SURFACE('',#2242,1.4635);
#2008=CYLINDRICAL_SURFACE('',#2243,1.4635);
#2009=CYLINDRICAL_SURFACE('',#2244,1.4635);
#2010=CYLINDRICAL_SURFACE('',#2245,1.4635);
#2011=CYLINDRICAL_SURFACE('',#2246,1.4635);
#2012=CYLINDRICAL_SURFACE('',#2247,1.4635);
#2013=CYLINDRICAL_SURFACE('',#2248,1.4635);
#2014=CYLINDRICAL_SURFACE('',#2249,1.4635);
#2015=CYLINDRICAL_SURFACE('',#2250,1.4635);
#2016=CYLINDRICAL_SURFACE('',#2251,1.4635);
#2017=CYLINDRICAL_SURFACE('',#2252,1.4635);
#2018=CYLINDRICAL_SURFACE('',#2253,1.4635);
#2019=CYLINDRICAL_SURFACE('',#2254,1.4635);
#2020=CYLINDRICAL_SURFACE('',#2255,1.17775);
#2021=CYLINDRICAL_SURFACE('',#2257,1.17775);
#2022=CYLINDRICAL_SURFACE('',#2258,1.17775);
#2023=CYLINDRICAL_SURFACE('',#2259,1.17775);
#2024=CYLINDRICAL_SURFACE('',#2260,1.17775);
#2025=CYLINDRICAL_SURFACE('',#2261,1.17775);
#2026=CYLINDRICAL_SURFACE('',#2262,1.17775);
#2027=CYLINDRICAL_SURFACE('',#2263,1.17775);
#2028=CYLINDRICAL_SURFACE('',#2264,1.17775);
#2029=CYLINDRICAL_SURFACE('',#2265,1.17775);
#2030=CYLINDRICAL_SURFACE('',#2266,1.17775);
#2031=CYLINDRICAL_SURFACE('',#2267,1.17775);
#2032=CYLINDRICAL_SURFACE('',#2268,1.17775);
#2033=CYLINDRICAL_SURFACE('',#2269,1.17775);
#2034=CYLINDRICAL_SURFACE('',#2270,1.17775);
#2035=CYLINDRICAL_SURFACE('',#2271,1.17775);
#2036=CYLINDRICAL_SURFACE('',#2272,1.17775);
#2037=CYLINDRICAL_SURFACE('',#2273,1.17775);
#2038=CYLINDRICAL_SURFACE('',#2274,1.17775);
#2039=CYLINDRICAL_SURFACE('',#2275,1.17775);
#2040=CYLINDRICAL_SURFACE('',#2276,1.17775);
#2041=CYLINDRICAL_SURFACE('',#2277,1.17775);
#2042=CYLINDRICAL_SURFACE('',#2278,1.17775);
#2043=CYLINDRICAL_SURFACE('',#2279,1.17775);
#2044=CYLINDRICAL_SURFACE('',#2280,1.17775);
#2045=CYLINDRICAL_SURFACE('',#2281,1.17775);
#2046=CYLINDRICAL_SURFACE('',#2282,1.17775);
#2047=CYLINDRICAL_SURFACE('',#2283,1.17775);
#2048=CYLINDRICAL_SURFACE('',#2284,1.17775);
#2049=CYLINDRICAL_SURFACE('',#2285,1.17775);
#2050=CYLINDRICAL_SURFACE('',#2286,1.17775);
#2051=CYLINDRICAL_SURFACE('',#2287,1.17775);
#2052=CYLINDRICAL_SURFACE('',#2288,1.17775);
#2053=CYLINDRICAL_SURFACE('',#2289,1.17775);
#2054=CYLINDRICAL_SURFACE('',#2290,1.17775);
#2055=CYLINDRICAL_SURFACE('',#2291,1.17775);
#2056=CYLINDRICAL_SURFACE('',#2292,1.17775);
#2057=CYLINDRICAL_SURFACE('',#2293,1.17775);
#2058=CYLINDRICAL_SURFACE('',#2294,1.17775);
#2059=CYLINDRICAL_SURFACE('',#2295,1.17775);
#2060=CYLINDRICAL_SURFACE('',#2296,1.17775);
#2061=CYLINDRICAL_SURFACE('',#2297,1.17775);
#2062=CYLINDRICAL_SURFACE('',#2298,1.17775);
#2063=CYLINDRICAL_SURFACE('',#2299,1.17775);
#2064=CYLINDRICAL_SURFACE('',#2300,1.17775);
#2065=CYLINDRICAL_SURFACE('',#2301,1.17775);
#2066=CYLINDRICAL_SURFACE('',#2302,1.17775);
#2067=CYLINDRICAL_SURFACE('',#2303,1.17775);
#2068=CYLINDRICAL_SURFACE('',#2304,1.17775);
#2069=CYLINDRICAL_SURFACE('',#2305,1.17775);
#2070=CYLINDRICAL_SURFACE('',#2310,3.);
#2071=CYLINDRICAL_SURFACE('',#2325,1.17775);
#2072=CYLINDRICAL_SURFACE('',#2326,1.4635);
#2073=ADVANCED_FACE('',(#31),#1970,.T.);
#2074=ADVANCED_FACE('',(#32),#1971,.T.);
#2075=ADVANCED_FACE('',(#33),#1972,.T.);
#2076=ADVANCED_FACE('',(#34),#1973,.T.);
#2077=ADVANCED_FACE('',(#35),#1974,.T.);
#2078=ADVANCED_FACE('',(#36),#1975,.T.);
#2079=ADVANCED_FACE('',(#37),#1976,.T.);
#2080=ADVANCED_FACE('',(#38),#1977,.T.);
#2081=ADVANCED_FACE('',(#39),#1978,.T.);
#2082=ADVANCED_FACE('',(#40),#1979,.T.);
#2083=ADVANCED_FACE('',(#41),#1980,.T.);
#2084=ADVANCED_FACE('',(#42),#1981,.T.);
#2085=ADVANCED_FACE('',(#43),#1982,.T.);
#2086=ADVANCED_FACE('',(#44),#1983,.T.);
#2087=ADVANCED_FACE('',(#45),#1984,.T.);
#2088=ADVANCED_FACE('',(#46),#1985,.T.);
#2089=ADVANCED_FACE('',(#47),#1986,.T.);
#2090=ADVANCED_FACE('',(#48),#1987,.T.);
#2091=ADVANCED_FACE('',(#49),#1988,.T.);
#2092=ADVANCED_FACE('',(#50),#1989,.T.);
#2093=ADVANCED_FACE('',(#51),#1990,.T.);
#2094=ADVANCED_FACE('',(#52),#1991,.T.);
#2095=ADVANCED_FACE('',(#53),#1992,.T.);
#2096=ADVANCED_FACE('',(#54),#1993,.T.);
#2097=ADVANCED_FACE('',(#55),#1994,.T.);
#2098=ADVANCED_FACE('',(#56),#1995,.T.);
#2099=ADVANCED_FACE('',(#57),#1996,.T.);
#2100=ADVANCED_FACE('',(#58),#1997,.T.);
#2101=ADVANCED_FACE('',(#59),#1998,.T.);
#2102=ADVANCED_FACE('',(#60),#1999,.T.);
#2103=ADVANCED_FACE('',(#61),#2000,.T.);
#2104=ADVANCED_FACE('',(#62),#2001,.T.);
#2105=ADVANCED_FACE('',(#63),#2002,.T.);
#2106=ADVANCED_FACE('',(#64),#2003,.T.);
#2107=ADVANCED_FACE('',(#65),#2004,.T.);
#2108=ADVANCED_FACE('',(#66),#2005,.T.);
#2109=ADVANCED_FACE('',(#67),#2006,.T.);
#2110=ADVANCED_FACE('',(#68),#2007,.T.);
#2111=ADVANCED_FACE('',(#69),#2008,.T.);
#2112=ADVANCED_FACE('',(#70),#2009,.T.);
#2113=ADVANCED_FACE('',(#71),#2010,.T.);
#2114=ADVANCED_FACE('',(#72),#2011,.T.);
#2115=ADVANCED_FACE('',(#73),#2012,.T.);
#2116=ADVANCED_FACE('',(#74),#2013,.T.);
#2117=ADVANCED_FACE('',(#75),#2014,.T.);
#2118=ADVANCED_FACE('',(#76),#2015,.T.);
#2119=ADVANCED_FACE('',(#77),#2016,.T.);
#2120=ADVANCED_FACE('',(#78),#2017,.T.);
#2121=ADVANCED_FACE('',(#79),#2018,.T.);
#2122=ADVANCED_FACE('',(#80),#2019,.T.);
#2123=ADVANCED_FACE('',(#81),#2020,.T.);
#2124=ADVANCED_FACE('',(#82),#2021,.T.);
#2125=ADVANCED_FACE('',(#83),#2022,.T.);
#2126=ADVANCED_FACE('',(#84),#2023,.T.);
#2127=ADVANCED_FACE('',(#85),#2024,.T.);
#2128=ADVANCED_FACE('',(#86),#2025,.T.);
#2129=ADVANCED_FACE('',(#87),#2026,.T.);
#2130=ADVANCED_FACE('',(#88),#2027,.T.);
#2131=ADVANCED_FACE('',(#89),#2028,.T.);
#2132=ADVANCED_FACE('',(#90),#2029,.T.);
#2133=ADVANCED_FACE('',(#91),#2030,.T.);
#2134=ADVANCED_FACE('',(#92),#2031,.T.);
#2135=ADVANCED_FACE('',(#93),#2032,.T.);
#2136=ADVANCED_FACE('',(#94),#2033,.T.);
#2137=ADVANCED_FACE('',(#95),#2034,.T.);
#2138=ADVANCED_FACE('',(#96),#2035,.T.);
#2139=ADVANCED_FACE('',(#97),#2036,.T.);
#2140=ADVANCED_FACE('',(#98),#2037,.T.);
#2141=ADVANCED_FACE('',(#99),#2038,.T.);
#2142=ADVANCED_FACE('',(#100),#2039,.T.);
#2143=ADVANCED_FACE('',(#101),#2040,.T.);
#2144=ADVANCED_FACE('',(#102),#2041,.T.);
#2145=ADVANCED_FACE('',(#103),#2042,.T.);
#2146=ADVANCED_FACE('',(#104),#2043,.T.);
#2147=ADVANCED_FACE('',(#105),#2044,.T.);
#2148=ADVANCED_FACE('',(#106),#2045,.T.);
#2149=ADVANCED_FACE('',(#107),#2046,.T.);
#2150=ADVANCED_FACE('',(#108),#2047,.T.);
#2151=ADVANCED_FACE('',(#109),#2048,.T.);
#2152=ADVANCED_FACE('',(#110),#2049,.T.);
#2153=ADVANCED_FACE('',(#111),#2050,.T.);
#2154=ADVANCED_FACE('',(#112),#2051,.T.);
#2155=ADVANCED_FACE('',(#113),#2052,.T.);
#2156=ADVANCED_FACE('',(#114),#2053,.T.);
#2157=ADVANCED_FACE('',(#115),#2054,.T.);
#2158=ADVANCED_FACE('',(#116),#2055,.T.);
#2159=ADVANCED_FACE('',(#117),#2056,.T.);
#2160=ADVANCED_FACE('',(#118),#2057,.T.);
#2161=ADVANCED_FACE('',(#119),#2058,.T.);
#2162=ADVANCED_FACE('',(#120),#2059,.T.);
#2163=ADVANCED_FACE('',(#121),#2060,.T.);
#2164=ADVANCED_FACE('',(#122),#2061,.T.);
#2165=ADVANCED_FACE('',(#123),#2062,.T.);
#2166=ADVANCED_FACE('',(#124),#2063,.T.);
#2167=ADVANCED_FACE('',(#125),#2064,.T.);
#2168=ADVANCED_FACE('',(#126),#2065,.T.);
#2169=ADVANCED_FACE('',(#127),#2066,.T.);
#2170=ADVANCED_FACE('',(#128),#2067,.T.);
#2171=ADVANCED_FACE('',(#129),#2068,.T.);
#2172=ADVANCED_FACE('',(#130),#2069,.T.);
#2173=ADVANCED_FACE('',(#131),#29,.T.);
#2174=ADVANCED_FACE('',(#132),#2070,.T.);
#2175=ADVANCED_FACE('',(#133,#17),#19,.T.);
#2176=ADVANCED_FACE('',(#134),#30,.T.);
#2177=ADVANCED_FACE('',(#135,#18),#20,.T.);
#2178=ADVANCED_FACE('',(#136),#21,.F.);
#2179=ADVANCED_FACE('',(#137),#22,.F.);
#2180=ADVANCED_FACE('',(#138),#23,.F.);
#2181=ADVANCED_FACE('',(#139),#24,.F.);
#2182=ADVANCED_FACE('',(#140),#25,.F.);
#2183=ADVANCED_FACE('',(#141),#26,.F.);
#2184=ADVANCED_FACE('',(#142),#27,.F.);
#2185=ADVANCED_FACE('',(#143),#15,.F.);
#2186=ADVANCED_FACE('',(#144),#2071,.T.);
#2187=ADVANCED_FACE('',(#145),#16,.F.);
#2188=ADVANCED_FACE('',(#146),#2072,.T.);
#2189=ADVANCED_FACE('',(#147),#28,.T.);
#2190=CLOSED_SHELL('',(#2073,#2074,#2075,#2076,#2077,#2078,#2079,#2080,
#2081,#2082,#2083,#2084,#2085,#2086,#2087,#2088,#2089,#2090,#2091,#2092,
#2093,#2094,#2095,#2096,#2097,#2098,#2099,#2100,#2101,#2102,#2103,#2104,
#2105,#2106,#2107,#2108,#2109,#2110,#2111,#2112,#2113,#2114,#2115,#2116,
#2117,#2118,#2119,#2120,#2121,#2122,#2123,#2124,#2125,#2126,#2127,#2128,
#2129,#2130,#2131,#2132,#2133,#2134,#2135,#2136,#2137,#2138,#2139,#2140,
#2141,#2142,#2143,#2144,#2145,#2146,#2147,#2148,#2149,#2150,#2151,#2152,
#2153,#2154,#2155,#2156,#2157,#2158,#2159,#2160,#2161,#2162,#2163,#2164,
#2165,#2166,#2167,#2168,#2169,#2170,#2171,#2172,#2173,#2174,#2175,#2176,
#2177,#2178,#2179,#2180,#2181,#2182,#2183,#2184,#2185,#2186,#2187,#2188,
#2189));
#2191=DERIVED_UNIT_ELEMENT(#2193,1.);
#2192=DERIVED_UNIT_ELEMENT(#9384,-3.);
#2193=(
MASS_UNIT()
NAMED_UNIT(*)
SI_UNIT(.KILO.,.GRAM.)
);
#2194=DERIVED_UNIT((#2191,#2192));
#2195=MEASURE_REPRESENTATION_ITEM('density measure',
POSITIVE_RATIO_MEASURE(7850.),#2194);
#2196=PROPERTY_DEFINITION_REPRESENTATION(#2201,#2198);
#2197=PROPERTY_DEFINITION_REPRESENTATION(#2202,#2199);
#2198=REPRESENTATION('material name',(#2200),#9381);
#2199=REPRESENTATION('density',(#2195),#9381);
#2200=DESCRIPTIVE_REPRESENTATION_ITEM('Steel','Steel');
#2201=PROPERTY_DEFINITION('material property','material name',#9391);
#2202=PROPERTY_DEFINITION('material property','density of part',#9391);
#2203=AXIS2_PLACEMENT_3D('',#2702,#2329,#2330);
#2204=AXIS2_PLACEMENT_3D('',#2703,#2331,#2332);
#2205=AXIS2_PLACEMENT_3D('',#2719,#2334,#2335);
#2206=AXIS2_PLACEMENT_3D('',#2727,#2336,#2337);
#2207=AXIS2_PLACEMENT_3D('',#2775,#2339,#2340);
#2208=AXIS2_PLACEMENT_3D('',#2823,#2342,#2343);
#2209=AXIS2_PLACEMENT_3D('',#2874,#2345,#2346);
#2210=AXIS2_PLACEMENT_3D('',#2922,#2348,#2349);
#2211=AXIS2_PLACEMENT_3D('',#2970,#2351,#2352);
#2212=AXIS2_PLACEMENT_3D('',#3018,#2354,#2355);
#2213=AXIS2_PLACEMENT_3D('',#3072,#2357,#2358);
#2214=AXIS2_PLACEMENT_3D('',#3120,#2360,#2361);
#2215=AXIS2_PLACEMENT_3D('',#3168,#2363,#2364);
#2216=AXIS2_PLACEMENT_3D('',#3222,#2366,#2367);
#2217=AXIS2_PLACEMENT_3D('',#3270,#2369,#2370);
#2218=AXIS2_PLACEMENT_3D('',#3318,#2372,#2373);
#2219=AXIS2_PLACEMENT_3D('',#3369,#2375,#2376);
#2220=AXIS2_PLACEMENT_3D('',#3420,#2378,#2379);
#2221=AXIS2_PLACEMENT_3D('',#3468,#2381,#2382);
#2222=AXIS2_PLACEMENT_3D('',#3516,#2384,#2385);
#2223=AXIS2_PLACEMENT_3D('',#3570,#2387,#2388);
#2224=AXIS2_PLACEMENT_3D('',#3618,#2390,#2391);
#2225=AXIS2_PLACEMENT_3D('',#3666,#2393,#2394);
#2226=AXIS2_PLACEMENT_3D('',#3720,#2396,#2397);
#2227=AXIS2_PLACEMENT_3D('',#3768,#2399,#2400);
#2228=AXIS2_PLACEMENT_3D('',#3816,#2402,#2403);
#2229=AXIS2_PLACEMENT_3D('',#3864,#2405,#2406);
#2230=AXIS2_PLACEMENT_3D('',#3918,#2408,#2409);
#2231=AXIS2_PLACEMENT_3D('',#3966,#2411,#2412);
#2232=AXIS2_PLACEMENT_3D('',#4014,#2414,#2415);
#2233=AXIS2_PLACEMENT_3D('',#4068,#2417,#2418);
#2234=AXIS2_PLACEMENT_3D('',#4116,#2420,#2421);
#2235=AXIS2_PLACEMENT_3D('',#4164,#2423,#2424);
#2236=AXIS2_PLACEMENT_3D('',#4218,#2426,#2427);
#2237=AXIS2_PLACEMENT_3D('',#4266,#2429,#2430);
#2238=AXIS2_PLACEMENT_3D('',#4314,#2432,#2433);
#2239=AXIS2_PLACEMENT_3D('',#4362,#2435,#2436);
#2240=AXIS2_PLACEMENT_3D('',#4416,#2438,#2439);
#2241=AXIS2_PLACEMENT_3D('',#4464,#2441,#2442);
#2242=AXIS2_PLACEMENT_3D('',#4512,#2444,#2445);
#2243=AXIS2_PLACEMENT_3D('',#4566,#2447,#2448);
#2244=AXIS2_PLACEMENT_3D('',#4614,#2450,#2451);
#2245=AXIS2_PLACEMENT_3D('',#4662,#2453,#2454);
#2246=AXIS2_PLACEMENT_3D('',#4716,#2456,#2457);
#2247=AXIS2_PLACEMENT_3D('',#4764,#2459,#2460);
#2248=AXIS2_PLACEMENT_3D('',#4812,#2462,#2463);
#2249=AXIS2_PLACEMENT_3D('',#4860,#2465,#2466);
#2250=AXIS2_PLACEMENT_3D('',#4914,#2468,#2469);
#2251=AXIS2_PLACEMENT_3D('',#4962,#2471,#2472);
#2252=AXIS2_PLACEMENT_3D('',#5010,#2474,#2475);
#2253=AXIS2_PLACEMENT_3D('',#5064,#2477,#2478);
#2254=AXIS2_PLACEMENT_3D('',#5112,#2480,#2481);
#2255=AXIS2_PLACEMENT_3D('',#5160,#2483,#2484);
#2256=AXIS2_PLACEMENT_3D('',#5172,#2486,#2487);
#2257=AXIS2_PLACEMENT_3D('',#5177,#2488,#2489);
#2258=AXIS2_PLACEMENT_3D('',#5202,#2491,#2492);
#2259=AXIS2_PLACEMENT_3D('',#5226,#2494,#2495);
#2260=AXIS2_PLACEMENT_3D('',#5251,#2497,#2498);
#2261=AXIS2_PLACEMENT_3D('',#5276,#2500,#2501);
#2262=AXIS2_PLACEMENT_3D('',#5300,#2503,#2504);
#2263=AXIS2_PLACEMENT_3D('',#5325,#2506,#2507);
#2264=AXIS2_PLACEMENT_3D('',#5350,#2509,#2510);
#2265=AXIS2_PLACEMENT_3D('',#5374,#2512,#2513);
#2266=AXIS2_PLACEMENT_3D('',#5398,#2515,#2516);
#2267=AXIS2_PLACEMENT_3D('',#5423,#2518,#2519);
#2268=AXIS2_PLACEMENT_3D('',#5448,#2521,#2522);
#2269=AXIS2_PLACEMENT_3D('',#5472,#2524,#2525);
#2270=AXIS2_PLACEMENT_3D('',#5497,#2527,#2528);
#2271=AXIS2_PLACEMENT_3D('',#5522,#2530,#2531);
#2272=AXIS2_PLACEMENT_3D('',#5546,#2533,#2534);
#2273=AXIS2_PLACEMENT_3D('',#5571,#2536,#2537);
#2274=AXIS2_PLACEMENT_3D('',#5596,#2539,#2540);
#2275=AXIS2_PLACEMENT_3D('',#5620,#2542,#2543);
#2276=AXIS2_PLACEMENT_3D('',#5644,#2545,#2546);
#2277=AXIS2_PLACEMENT_3D('',#5669,#2548,#2549);
#2278=AXIS2_PLACEMENT_3D('',#5694,#2551,#2552);
#2279=AXIS2_PLACEMENT_3D('',#5718,#2554,#2555);
#2280=AXIS2_PLACEMENT_3D('',#5743,#2557,#2558);
#2281=AXIS2_PLACEMENT_3D('',#5768,#2560,#2561);
#2282=AXIS2_PLACEMENT_3D('',#5792,#2563,#2564);
#2283=AXIS2_PLACEMENT_3D('',#5817,#2566,#2567);
#2284=AXIS2_PLACEMENT_3D('',#5842,#2569,#2570);
#2285=AXIS2_PLACEMENT_3D('',#5866,#2572,#2573);
#2286=AXIS2_PLACEMENT_3D('',#5890,#2575,#2576);
#2287=AXIS2_PLACEMENT_3D('',#5915,#2578,#2579);
#2288=AXIS2_PLACEMENT_3D('',#5940,#2581,#2582);
#2289=AXIS2_PLACEMENT_3D('',#5964,#2584,#2585);
#2290=AXIS2_PLACEMENT_3D('',#5989,#2587,#2588);
#2291=AXIS2_PLACEMENT_3D('',#6014,#2590,#2591);
#2292=AXIS2_PLACEMENT_3D('',#6038,#2593,#2594);
#2293=AXIS2_PLACEMENT_3D('',#6063,#2596,#2597);
#2294=AXIS2_PLACEMENT_3D('',#6087,#2599,#2600);
#2295=AXIS2_PLACEMENT_3D('',#6112,#2602,#2603);
#2296=AXIS2_PLACEMENT_3D('',#6136,#2605,#2606);
#2297=AXIS2_PLACEMENT_3D('',#6161,#2608,#2609);
#2298=AXIS2_PLACEMENT_3D('',#6186,#2611,#2612);
#2299=AXIS2_PLACEMENT_3D('',#6210,#2614,#2615);
#2300=AXIS2_PLACEMENT_3D('',#6235,#2617,#2618);
#2301=AXIS2_PLACEMENT_3D('',#6260,#2620,#2621);
#2302=AXIS2_PLACEMENT_3D('',#6284,#2623,#2624);
#2303=AXIS2_PLACEMENT_3D('',#6309,#2626,#2627);
#2304=AXIS2_PLACEMENT_3D('',#6333,#2629,#2630);
#2305=AXIS2_PLACEMENT_3D('',#6358,#2632,#2633);
#2306=AXIS2_PLACEMENT_3D('',#6382,#2635,#2636);
#2307=AXIS2_PLACEMENT_3D('',#6384,#2637,#2638);
#2308=AXIS2_PLACEMENT_3D('',#6388,#2640,#2641);
#2309=AXIS2_PLACEMENT_3D('',#6389,#2642,#2643);
#2310=AXIS2_PLACEMENT_3D('',#6390,#2644,#2645);
#2311=AXIS2_PLACEMENT_3D('',#6394,#2647,#2648);
#2312=AXIS2_PLACEMENT_3D('',#6395,#2649,#2650);
#2313=AXIS2_PLACEMENT_3D('',#6396,#2651,#2652);
#2314=AXIS2_PLACEMENT_3D('',#6481,#2653,#2654);
#2315=AXIS2_PLACEMENT_3D('',#6567,#2655,#2656);
#2316=AXIS2_PLACEMENT_3D('',#6570,#2658,#2659);
#2317=AXIS2_PLACEMENT_3D('',#6571,#2660,#2661);
#2318=AXIS2_PLACEMENT_3D('',#6584,#2668,#2669);
#2319=AXIS2_PLACEMENT_3D('',#6590,#2673,#2674);
#2320=AXIS2_PLACEMENT_3D('',#6594,#2677,#2678);
#2321=AXIS2_PLACEMENT_3D('',#6598,#2681,#2682);
#2322=AXIS2_PLACEMENT_3D('',#6602,#2685,#2686);
#2323=AXIS2_PLACEMENT_3D('',#6606,#2689,#2690);
#2324=AXIS2_PLACEMENT_3D('',#6608,#2692,#2693);
#2325=AXIS2_PLACEMENT_3D('',#7994,#2694,#2695);
#2326=AXIS2_PLACEMENT_3D('',#9376,#2696,#2697);
#2327=AXIS2_PLACEMENT_3D('',#9377,#2698,#2699);
#2328=AXIS2_PLACEMENT_3D('',#9378,#2700,#2701);
#2329=DIRECTION('axis',(0.,0.,1.));
#2330=DIRECTION('refdir',(1.,0.,0.));
#2331=DIRECTION('center_axis',(0.,0.,-1.));
#2332=DIRECTION('ref_axis',(-1.,0.,0.));
#2333=DIRECTION('',(0.,0.,1.));
#2334=DIRECTION('center_axis',(0.,0.,1.));
#2335=DIRECTION('ref_axis',(-1.,0.,0.));
#2336=DIRECTION('center_axis',(0.,0.,-1.));
#2337=DIRECTION('ref_axis',(-1.,0.,0.));
#2338=DIRECTION('',(0.,0.,1.));
#2339=DIRECTION('center_axis',(0.,0.,-1.));
#2340=DIRECTION('ref_axis',(-1.,0.,0.));
#2341=DIRECTION('',(0.,0.,1.));
#2342=DIRECTION('center_axis',(0.,0.,-1.));
#2343=DIRECTION('ref_axis',(-1.,0.,0.));
#2344=DIRECTION('',(0.,0.,1.));
#2345=DIRECTION('center_axis',(0.,0.,-1.));
#2346=DIRECTION('ref_axis',(-1.,0.,0.));
#2347=DIRECTION('',(0.,0.,1.));
#2348=DIRECTION('center_axis',(0.,0.,-1.));
#2349=DIRECTION('ref_axis',(-1.,0.,0.));
#2350=DIRECTION('',(0.,0.,1.));
#2351=DIRECTION('center_axis',(0.,0.,-1.));
#2352=DIRECTION('ref_axis',(-1.,0.,0.));
#2353=DIRECTION('',(0.,0.,1.));
#2354=DIRECTION('center_axis',(0.,0.,-1.));
#2355=DIRECTION('ref_axis',(-1.,0.,0.));
#2356=DIRECTION('',(0.,0.,1.));
#2357=DIRECTION('center_axis',(0.,0.,-1.));
#2358=DIRECTION('ref_axis',(-1.,0.,0.));
#2359=DIRECTION('',(0.,0.,1.));
#2360=DIRECTION('center_axis',(0.,0.,-1.));
#2361=DIRECTION('ref_axis',(-1.,0.,0.));
#2362=DIRECTION('',(0.,0.,1.));
#2363=DIRECTION('center_axis',(0.,0.,-1.));
#2364=DIRECTION('ref_axis',(-1.,0.,0.));
#2365=DIRECTION('',(0.,0.,1.));
#2366=DIRECTION('center_axis',(0.,0.,-1.));
#2367=DIRECTION('ref_axis',(-1.,0.,0.));
#2368=DIRECTION('',(0.,0.,1.));
#2369=DIRECTION('center_axis',(0.,0.,-1.));
#2370=DIRECTION('ref_axis',(-1.,0.,0.));
#2371=DIRECTION('',(0.,0.,1.));
#2372=DIRECTION('center_axis',(0.,0.,-1.));
#2373=DIRECTION('ref_axis',(-1.,0.,0.));
#2374=DIRECTION('',(0.,0.,1.));
#2375=DIRECTION('center_axis',(0.,0.,-1.));
#2376=DIRECTION('ref_axis',(-1.,0.,0.));
#2377=DIRECTION('',(0.,0.,1.));
#2378=DIRECTION('center_axis',(0.,0.,-1.));
#2379=DIRECTION('ref_axis',(-1.,0.,0.));
#2380=DIRECTION('',(0.,0.,1.));
#2381=DIRECTION('center_axis',(0.,0.,-1.));
#2382=DIRECTION('ref_axis',(-1.,0.,0.));
#2383=DIRECTION('',(0.,0.,1.));
#2384=DIRECTION('center_axis',(0.,0.,-1.));
#2385=DIRECTION('ref_axis',(-1.,0.,0.));
#2386=DIRECTION('',(0.,0.,1.));
#2387=DIRECTION('center_axis',(0.,0.,-1.));
#2388=DIRECTION('ref_axis',(-1.,0.,0.));
#2389=DIRECTION('',(0.,0.,1.));
#2390=DIRECTION('center_axis',(0.,0.,-1.));
#2391=DIRECTION('ref_axis',(-1.,0.,0.));
#2392=DIRECTION('',(0.,0.,1.));
#2393=DIRECTION('center_axis',(0.,0.,-1.));
#2394=DIRECTION('ref_axis',(-1.,0.,0.));
#2395=DIRECTION('',(0.,0.,1.));
#2396=DIRECTION('center_axis',(0.,0.,-1.));
#2397=DIRECTION('ref_axis',(-1.,0.,0.));
#2398=DIRECTION('',(0.,0.,1.));
#2399=DIRECTION('center_axis',(0.,0.,-1.));
#2400=DIRECTION('ref_axis',(-1.,0.,0.));
#2401=DIRECTION('',(0.,0.,1.));
#2402=DIRECTION('center_axis',(0.,0.,-1.));
#2403=DIRECTION('ref_axis',(-1.,0.,0.));
#2404=DIRECTION('',(0.,0.,1.));
#2405=DIRECTION('center_axis',(0.,0.,-1.));
#2406=DIRECTION('ref_axis',(-1.,0.,0.));
#2407=DIRECTION('',(0.,0.,1.));
#2408=DIRECTION('center_axis',(0.,0.,-1.));
#2409=DIRECTION('ref_axis',(-1.,0.,0.));
#2410=DIRECTION('',(0.,0.,1.));
#2411=DIRECTION('center_axis',(0.,0.,-1.));
#2412=DIRECTION('ref_axis',(-1.,0.,0.));
#2413=DIRECTION('',(0.,0.,1.));
#2414=DIRECTION('center_axis',(0.,0.,-1.));
#2415=DIRECTION('ref_axis',(-1.,0.,0.));
#2416=DIRECTION('',(0.,0.,1.));
#2417=DIRECTION('center_axis',(0.,0.,-1.));
#2418=DIRECTION('ref_axis',(-1.,0.,0.));
#2419=DIRECTION('',(0.,0.,1.));
#2420=DIRECTION('center_axis',(0.,0.,-1.));
#2421=DIRECTION('ref_axis',(-1.,0.,0.));
#2422=DIRECTION('',(0.,0.,1.));
#2423=DIRECTION('center_axis',(0.,0.,-1.));
#2424=DIRECTION('ref_axis',(-1.,0.,0.));
#2425=DIRECTION('',(0.,0.,1.));
#2426=DIRECTION('center_axis',(0.,0.,-1.));
#2427=DIRECTION('ref_axis',(-1.,0.,0.));
#2428=DIRECTION('',(0.,0.,1.));
#2429=DIRECTION('center_axis',(0.,0.,-1.));
#2430=DIRECTION('ref_axis',(-1.,0.,0.));
#2431=DIRECTION('',(0.,0.,1.));
#2432=DIRECTION('center_axis',(0.,0.,-1.));
#2433=DIRECTION('ref_axis',(-1.,0.,0.));
#2434=DIRECTION('',(0.,0.,1.));
#2435=DIRECTION('center_axis',(0.,0.,-1.));
#2436=DIRECTION('ref_axis',(-1.,0.,0.));
#2437=DIRECTION('',(0.,0.,1.));
#2438=DIRECTION('center_axis',(0.,0.,-1.));
#2439=DIRECTION('ref_axis',(-1.,0.,0.));
#2440=DIRECTION('',(0.,0.,1.));
#2441=DIRECTION('center_axis',(0.,0.,-1.));
#2442=DIRECTION('ref_axis',(-1.,0.,0.));
#2443=DIRECTION('',(0.,0.,1.));
#2444=DIRECTION('center_axis',(0.,0.,-1.));
#2445=DIRECTION('ref_axis',(-1.,0.,0.));
#2446=DIRECTION('',(0.,0.,1.));
#2447=DIRECTION('center_axis',(0.,0.,-1.));
#2448=DIRECTION('ref_axis',(-1.,0.,0.));
#2449=DIRECTION('',(0.,0.,1.));
#2450=DIRECTION('center_axis',(0.,0.,-1.));
#2451=DIRECTION('ref_axis',(-1.,0.,0.));
#2452=DIRECTION('',(0.,0.,1.));
#2453=DIRECTION('center_axis',(0.,0.,-1.));
#2454=DIRECTION('ref_axis',(-1.,0.,0.));
#2455=DIRECTION('',(0.,0.,1.));
#2456=DIRECTION('center_axis',(0.,0.,-1.));
#2457=DIRECTION('ref_axis',(-1.,0.,0.));
#2458=DIRECTION('',(0.,0.,1.));
#2459=DIRECTION('center_axis',(0.,0.,-1.));
#2460=DIRECTION('ref_axis',(-1.,0.,0.));
#2461=DIRECTION('',(0.,0.,1.));
#2462=DIRECTION('center_axis',(0.,0.,-1.));
#2463=DIRECTION('ref_axis',(-1.,0.,0.));
#2464=DIRECTION('',(0.,0.,1.));
#2465=DIRECTION('center_axis',(0.,0.,-1.));
#2466=DIRECTION('ref_axis',(-1.,0.,0.));
#2467=DIRECTION('',(0.,0.,1.));
#2468=DIRECTION('center_axis',(0.,0.,-1.));
#2469=DIRECTION('ref_axis',(-1.,0.,0.));
#2470=DIRECTION('',(0.,0.,1.));
#2471=DIRECTION('center_axis',(0.,0.,-1.));
#2472=DIRECTION('ref_axis',(-1.,0.,0.));
#2473=DIRECTION('',(0.,0.,1.));
#2474=DIRECTION('center_axis',(0.,0.,-1.));
#2475=DIRECTION('ref_axis',(-1.,0.,0.));
#2476=DIRECTION('',(0.,0.,1.));
#2477=DIRECTION('center_axis',(0.,0.,-1.));
#2478=DIRECTION('ref_axis',(-1.,0.,0.));
#2479=DIRECTION('',(0.,0.,1.));
#2480=DIRECTION('center_axis',(0.,0.,-1.));
#2481=DIRECTION('ref_axis',(-1.,0.,0.));
#2482=DIRECTION('',(0.,0.,1.));
#2483=DIRECTION('center_axis',(0.,0.,-1.));
#2484=DIRECTION('ref_axis',(0.457388680298616,-0.889266886336543,0.));
#2485=DIRECTION('',(0.,0.,-1.));
#2486=DIRECTION('center_axis',(0.,0.,-1.));
#2487=DIRECTION('ref_axis',(-1.,-7.36948211583347E-13,0.));
#2488=DIRECTION('center_axis',(0.,0.,-1.));
#2489=DIRECTION('ref_axis',(-1.,-7.36948211583347E-13,0.));
#2490=DIRECTION('',(0.,0.,-1.));
#2491=DIRECTION('center_axis',(0.,0.,-1.));
#2492=DIRECTION('ref_axis',(-1.,-7.36948211583347E-13,0.));
#2493=DIRECTION('',(0.,0.,-1.));
#2494=DIRECTION('center_axis',(0.,0.,-1.));
#2495=DIRECTION('ref_axis',(-1.,-7.36948211583347E-13,0.));
#2496=DIRECTION('',(0.,0.,-1.));
#2497=DIRECTION('center_axis',(0.,0.,-1.));
#2498=DIRECTION('ref_axis',(-1.,-7.36948211583347E-13,0.));
#2499=DIRECTION('',(0.,0.,-1.));
#2500=DIRECTION('center_axis',(0.,0.,-1.));
#2501=DIRECTION('ref_axis',(-1.,-7.36948211583347E-13,0.));
#2502=DIRECTION('',(0.,0.,-1.));
#2503=DIRECTION('center_axis',(0.,0.,-1.));
#2504=DIRECTION('ref_axis',(-1.,-7.36948211583347E-13,0.));
#2505=DIRECTION('',(0.,0.,-1.));
#2506=DIRECTION('center_axis',(0.,0.,-1.));
#2507=DIRECTION('ref_axis',(-1.,-7.36948211583347E-13,0.));
#2508=DIRECTION('',(0.,0.,-1.));
#2509=DIRECTION('center_axis',(0.,0.,-1.));
#2510=DIRECTION('ref_axis',(-1.,-7.36948211583347E-13,0.));
#2511=DIRECTION('',(0.,0.,-1.));
#2512=DIRECTION('center_axis',(0.,0.,-1.));
#2513=DIRECTION('ref_axis',(-1.,-7.36948211583347E-13,0.));
#2514=DIRECTION('',(0.,0.,-1.));
#2515=DIRECTION('center_axis',(0.,0.,-1.));
#2516=DIRECTION('ref_axis',(-1.,-7.36948211583347E-13,0.));
#2517=DIRECTION('',(0.,0.,-1.));
#2518=DIRECTION('center_axis',(0.,0.,-1.));
#2519=DIRECTION('ref_axis',(-1.,-7.36948211583347E-13,0.));
#2520=DIRECTION('',(0.,0.,-1.));
#2521=DIRECTION('center_axis',(0.,0.,-1.));
#2522=DIRECTION('ref_axis',(-1.,-7.36948211583347E-13,0.));
#2523=DIRECTION('',(0.,0.,-1.));
#2524=DIRECTION('center_axis',(0.,0.,-1.));
#2525=DIRECTION('ref_axis',(-1.,-7.36948211583347E-13,0.));
#2526=DIRECTION('',(0.,0.,-1.));
#2527=DIRECTION('center_axis',(0.,0.,-1.));
#2528=DIRECTION('ref_axis',(-1.,-7.36948211583347E-13,0.));
#2529=DIRECTION('',(0.,0.,-1.));
#2530=DIRECTION('center_axis',(0.,0.,-1.));
#2531=DIRECTION('ref_axis',(-1.,-7.36948211583347E-13,0.));
#2532=DIRECTION('',(0.,0.,-1.));
#2533=DIRECTION('center_axis',(0.,0.,-1.));
#2534=DIRECTION('ref_axis',(-1.,-7.36948211583347E-13,0.));
#2535=DIRECTION('',(0.,0.,-1.));
#2536=DIRECTION('center_axis',(0.,0.,-1.));
#2537=DIRECTION('ref_axis',(-1.,-7.36948211583347E-13,0.));
#2538=DIRECTION('',(0.,0.,-1.));
#2539=DIRECTION('center_axis',(0.,0.,-1.));
#2540=DIRECTION('ref_axis',(-1.,-7.36948211583347E-13,0.));
#2541=DIRECTION('',(0.,0.,-1.));
#2542=DIRECTION('center_axis',(0.,0.,-1.));
#2543=DIRECTION('ref_axis',(-1.,-7.36948211583347E-13,0.));
#2544=DIRECTION('',(0.,0.,-1.));
#2545=DIRECTION('center_axis',(0.,0.,-1.));
#2546=DIRECTION('ref_axis',(-1.,-7.36948211583347E-13,0.));
#2547=DIRECTION('',(0.,0.,-1.));
#2548=DIRECTION('center_axis',(0.,0.,-1.));
#2549=DIRECTION('ref_axis',(-1.,-7.36948211583347E-13,0.));
#2550=DIRECTION('',(0.,0.,-1.));
#2551=DIRECTION('center_axis',(0.,0.,-1.));
#2552=DIRECTION('ref_axis',(-1.,-7.36948211583347E-13,0.));
#2553=DIRECTION('',(0.,0.,-1.));
#2554=DIRECTION('center_axis',(0.,0.,-1.));
#2555=DIRECTION('ref_axis',(-1.,-7.36948211583347E-13,0.));
#2556=DIRECTION('',(0.,0.,-1.));
#2557=DIRECTION('center_axis',(0.,0.,-1.));
#2558=DIRECTION('ref_axis',(-1.,-7.36948211583347E-13,0.));
#2559=DIRECTION('',(0.,0.,-1.));
#2560=DIRECTION('center_axis',(0.,0.,-1.));
#2561=DIRECTION('ref_axis',(-1.,-7.36948211583347E-13,0.));
#2562=DIRECTION('',(0.,0.,-1.));
#2563=DIRECTION('center_axis',(0.,0.,-1.));
#2564=DIRECTION('ref_axis',(-1.,-7.36948211583347E-13,0.));
#2565=DIRECTION('',(0.,0.,-1.));
#2566=DIRECTION('center_axis',(0.,0.,-1.));
#2567=DIRECTION('ref_axis',(-1.,-7.36948211583347E-13,0.));
#2568=DIRECTION('',(0.,0.,-1.));
#2569=DIRECTION('center_axis',(0.,0.,-1.));
#2570=DIRECTION('ref_axis',(-1.,-7.36948211583347E-13,0.));
#2571=DIRECTION('',(0.,0.,-1.));
#2572=DIRECTION('center_axis',(0.,0.,-1.));
#2573=DIRECTION('ref_axis',(-1.,-7.36948211583347E-13,0.));
#2574=DIRECTION('',(0.,0.,-1.));
#2575=DIRECTION('center_axis',(0.,0.,-1.));
#2576=DIRECTION('ref_axis',(-1.,-7.36948211583347E-13,0.));
#2577=DIRECTION('',(0.,0.,-1.));
#2578=DIRECTION('center_axis',(0.,0.,-1.));
#2579=DIRECTION('ref_axis',(-1.,-7.36948211583347E-13,0.));
#2580=DIRECTION('',(0.,0.,-1.));
#2581=DIRECTION('center_axis',(0.,0.,-1.));
#2582=DIRECTION('ref_axis',(-1.,-7.36948211583347E-13,0.));
#2583=DIRECTION('',(0.,0.,-1.));
#2584=DIRECTION('center_axis',(0.,0.,-1.));
#2585=DIRECTION('ref_axis',(-1.,-7.36948211583347E-13,0.));
#2586=DIRECTION('',(0.,0.,-1.));
#2587=DIRECTION('center_axis',(0.,0.,-1.));
#2588=DIRECTION('ref_axis',(-1.,-7.36948211583347E-13,0.));
#2589=DIRECTION('',(0.,0.,-1.));
#2590=DIRECTION('center_axis',(0.,0.,-1.));
#2591=DIRECTION('ref_axis',(-1.,-7.36948211583347E-13,0.));
#2592=DIRECTION('',(0.,0.,-1.));
#2593=DIRECTION('center_axis',(0.,0.,-1.));
#2594=DIRECTION('ref_axis',(-1.,-7.36948211583347E-13,0.));
#2595=DIRECTION('',(0.,0.,-1.));
#2596=DIRECTION('center_axis',(0.,0.,-1.));
#2597=DIRECTION('ref_axis',(-1.,-7.36948211583347E-13,0.));
#2598=DIRECTION('',(0.,0.,-1.));
#2599=DIRECTION('center_axis',(0.,0.,-1.));
#2600=DIRECTION('ref_axis',(-1.,-7.36948211583347E-13,0.));
#2601=DIRECTION('',(0.,0.,-1.));
#2602=DIRECTION('center_axis',(0.,0.,-1.));
#2603=DIRECTION('ref_axis',(-1.,-7.36948211583347E-13,0.));
#2604=DIRECTION('',(0.,0.,-1.));
#2605=DIRECTION('center_axis',(0.,0.,-1.));
#2606=DIRECTION('ref_axis',(-1.,-7.36948211583347E-13,0.));
#2607=DIRECTION('',(0.,0.,-1.));
#2608=DIRECTION('center_axis',(0.,0.,-1.));
#2609=DIRECTION('ref_axis',(-1.,-7.36948211583347E-13,0.));
#2610=DIRECTION('',(0.,0.,-1.));
#2611=DIRECTION('center_axis',(0.,0.,-1.));
#2612=DIRECTION('ref_axis',(-1.,-7.36948211583347E-13,0.));
#2613=DIRECTION('',(0.,0.,-1.));
#2614=DIRECTION('center_axis',(0.,0.,-1.));
#2615=DIRECTION('ref_axis',(-1.,-7.36948211583347E-13,0.));
#2616=DIRECTION('',(0.,0.,-1.));
#2617=DIRECTION('center_axis',(0.,0.,-1.));
#2618=DIRECTION('ref_axis',(-1.,-7.36948211583347E-13,0.));
#2619=DIRECTION('',(0.,0.,-1.));
#2620=DIRECTION('center_axis',(0.,0.,-1.));
#2621=DIRECTION('ref_axis',(-1.,-7.36948211583347E-13,0.));
#2622=DIRECTION('',(0.,0.,-1.));
#2623=DIRECTION('center_axis',(0.,0.,-1.));
#2624=DIRECTION('ref_axis',(-1.,-7.36948211583347E-13,0.));
#2625=DIRECTION('',(0.,0.,-1.));
#2626=DIRECTION('center_axis',(0.,0.,-1.));
#2627=DIRECTION('ref_axis',(-1.,-7.36948211583347E-13,0.));
#2628=DIRECTION('',(0.,0.,-1.));
#2629=DIRECTION('center_axis',(0.,0.,-1.));
#2630=DIRECTION('ref_axis',(-1.,-7.36948211583347E-13,0.));
#2631=DIRECTION('',(0.,0.,-1.));
#2632=DIRECTION('center_axis',(0.,0.,-1.));
#2633=DIRECTION('ref_axis',(-1.,-7.36948211583347E-13,0.));
#2634=DIRECTION('',(0.,0.,-1.));
#2635=DIRECTION('center_axis',(0.,0.,1.));
#2636=DIRECTION('ref_axis',(1.,0.,0.));
#2637=DIRECTION('center_axis',(0.,0.,1.));
#2638=DIRECTION('ref_axis',(1.,0.,0.));
#2639=DIRECTION('',(-0.707106781186545,8.6595605623549E-17,0.70710678118655));
#2640=DIRECTION('center_axis',(0.,0.,-1.));
#2641=DIRECTION('ref_axis',(1.,0.,0.));
#2642=DIRECTION('center_axis',(0.,0.,-1.));
#2643=DIRECTION('ref_axis',(1.,0.,0.));
#2644=DIRECTION('center_axis',(0.,0.,-1.));
#2645=DIRECTION('ref_axis',(-1.,0.,0.));
#2646=DIRECTION('',(0.,0.,1.));
#2647=DIRECTION('center_axis',(0.,0.,1.));
#2648=DIRECTION('ref_axis',(1.,0.,0.));
#2649=DIRECTION('center_axis',(0.,0.,1.));
#2650=DIRECTION('ref_axis',(1.,0.,0.));
#2651=DIRECTION('center_axis',(0.,0.,-1.));
#2652=DIRECTION('ref_axis',(-1.,0.,0.));
#2653=DIRECTION('center_axis',(0.,0.,1.));
#2654=DIRECTION('ref_axis',(-1.,-7.36948211583347E-13,0.));
#2655=DIRECTION('center_axis',(0.,0.,-1.));
#2656=DIRECTION('ref_axis',(1.,0.,0.));
#2657=DIRECTION('',(0.707106781186548,-8.65956056235494E-17,0.707106781186547));
#2658=DIRECTION('center_axis',(0.,0.,-1.));
#2659=DIRECTION('ref_axis',(1.,0.,0.));
#2660=DIRECTION('center_axis',(0.,0.,1.));
#2661=DIRECTION('ref_axis',(1.,0.,0.));
#2662=DIRECTION('',(-0.123045495139364,-0.992401030897242,0.));
#2663=DIRECTION('',(-0.920967251068559,-0.389639990836697,0.));
#2664=DIRECTION('',(-0.797921755929195,0.602761040060545,0.));
#2665=DIRECTION('',(0.123045495139364,0.992401030897242,0.));
#2666=DIRECTION('',(0.920967251068559,0.389639990836697,0.));
#2667=DIRECTION('',(0.797921755929195,-0.602761040060545,0.));
#2668=DIRECTION('center_axis',(0.992401030897242,-0.123045495139364,0.));
#2669=DIRECTION('ref_axis',(-0.123045495139364,-0.992401030897242,0.));
#2670=DIRECTION('',(0.,0.,-1.));
#2671=DIRECTION('',(-0.123045495139364,-0.992401030897242,0.));
#2672=DIRECTION('',(0.,0.,-1.));
#2673=DIRECTION('center_axis',(0.602761040060545,0.797921755929195,0.));
#2674=DIRECTION('ref_axis',(0.797921755929195,-0.602761040060545,0.));
#2675=DIRECTION('',(0.,0.,-1.));
#2676=DIRECTION('',(0.797921755929195,-0.602761040060545,0.));
#2677=DIRECTION('center_axis',(-0.389639990836697,0.920967251068559,0.));
#2678=DIRECTION('ref_axis',(0.920967251068559,0.389639990836697,0.));
#2679=DIRECTION('',(0.,0.,-1.));
#2680=DIRECTION('',(0.920967251068559,0.389639990836697,0.));
#2681=DIRECTION('center_axis',(-0.992401030897242,0.123045495139364,0.));
#2682=DIRECTION('ref_axis',(0.123045495139364,0.992401030897242,0.));
#2683=DIRECTION('',(0.,0.,-1.));
#2684=DIRECTION('',(0.123045495139364,0.992401030897242,0.));
#2685=DIRECTION('center_axis',(-0.602761040060545,-0.797921755929195,0.));
#2686=DIRECTION('ref_axis',(-0.797921755929195,0.602761040060545,0.));
#2687=DIRECTION('',(0.,0.,-1.));
#2688=DIRECTION('',(-0.797921755929195,0.602761040060545,0.));
#2689=DIRECTION('center_axis',(0.389639990836697,-0.920967251068559,0.));
#2690=DIRECTION('ref_axis',(-0.920967251068559,-0.389639990836697,0.));
#2691=DIRECTION('',(-0.920967251068559,-0.389639990836697,0.));
#2692=DIRECTION('center_axis',(0.,0.,-1.));
#2693=DIRECTION('ref_axis',(-1.,0.,0.));
#2694=DIRECTION('center_axis',(0.,0.,-1.));
#2695=DIRECTION('ref_axis',(-1.,-7.36948211583347E-13,0.));
#2696=DIRECTION('center_axis',(0.,0.,-1.));
#2697=DIRECTION('ref_axis',(-1.,0.,0.));
#2698=DIRECTION('center_axis',(0.,0.,1.));
#2699=DIRECTION('ref_axis',(-1.,0.,0.));
#2700=DIRECTION('center_axis',(0.,0.,-1.));
#2701=DIRECTION('ref_axis',(-1.,0.,0.));
#2702=CARTESIAN_POINT('',(0.,0.,0.));
#2703=CARTESIAN_POINT('Origin',(0.,0.,-15.5));
#2704=CARTESIAN_POINT('',(1.46526727230437,0.000945706404995427,-3.16065504584291));
#2705=CARTESIAN_POINT('',(1.46478991385775,0.00161916878940838,-3.08934495415714));
#2706=CARTESIAN_POINT('',(1.4635,-1.79227059055215E-16,-15.5));
#2707=CARTESIAN_POINT('',(-0.634007094575214,1.31904027763685,-3.));
#2708=CARTESIAN_POINT('Ctrl Pts',(1.46526727230437,0.000945706404995427,
-3.16065504584291));
#2709=CARTESIAN_POINT('Ctrl Pts',(1.46560730768322,0.050388271881585,-3.15795713493759));
#2710=CARTESIAN_POINT('Ctrl Pts',(1.46332227446446,0.0997969251814383,-3.15525922403228));
#2711=CARTESIAN_POINT('Ctrl Pts',(1.45830876209819,0.148924519113711,-3.15256131312696));
#2712=CARTESIAN_POINT('Ctrl Pts',(1.40913532988994,0.630776808146016,-3.12609971708131));
#2713=CARTESIAN_POINT('Ctrl Pts',(1.09748112097442,1.0855910744871,-3.09963812103565));
#2714=CARTESIAN_POINT('Ctrl Pts',(0.665884317423582,1.30578329628814,-3.07317652498999));
#2715=CARTESIAN_POINT('Ctrl Pts',(0.26804041027422,1.50875545253329,-3.04878434999332));
#2716=CARTESIAN_POINT('Ctrl Pts',(-0.231719509268588,1.51236771272297,-3.02439217499666));
#2717=CARTESIAN_POINT('Ctrl Pts',(-0.635547214197194,1.32091990831676,-3.));
#2718=CARTESIAN_POINT('',(0.634007094575012,1.31904027763695,-3.));
#2719=CARTESIAN_POINT('Origin',(0.,0.,-3.));
#2720=CARTESIAN_POINT('Ctrl Pts',(0.634007094575012,1.31904027763695,-2.99999999999999));
#2721=CARTESIAN_POINT('Ctrl Pts',(1.07262257602604,1.10821629314985,-3.02646159604565));
#2722=CARTESIAN_POINT('Ctrl Pts',(1.39403631163972,0.663273601761195,-3.0529231920913));
#2723=CARTESIAN_POINT('Ctrl Pts',(1.45427156295307,0.18341666785618,-3.07938478813696));
#2724=CARTESIAN_POINT('Ctrl Pts',(1.46182909528928,0.123210489320033,-3.08270484347702));
#2725=CARTESIAN_POINT('Ctrl Pts',(1.46527516854734,0.0624546924654576,-3.08602489881708));
#2726=CARTESIAN_POINT('Ctrl Pts',(1.46478991385775,0.00161916878940838,
-3.08934495415714));
#2727=CARTESIAN_POINT('Origin',(0.,0.,-15.5));
#2728=CARTESIAN_POINT('',(1.46148394311252,0.000755256613291441,-3.66065504584291));
#2729=CARTESIAN_POINT('',(1.46132156952,0.00060107834446768,-3.58934495415715));
#2730=CARTESIAN_POINT('',(1.4635,-1.79227059055215E-16,-15.5));
#2731=CARTESIAN_POINT('Ctrl Pts',(1.46148394311252,0.000755256613291441,
-3.66065504584291));
#2732=CARTESIAN_POINT('Ctrl Pts',(1.46239576662321,0.196228479167637,-3.65006004454488));
#2733=CARTESIAN_POINT('Ctrl Pts',(1.4259408468188,0.391375177633986,-3.63946504324684));
#2734=CARTESIAN_POINT('Ctrl Pts',(1.35051164044439,0.570069460123138,-3.62887004194881));
#2735=CARTESIAN_POINT('Ctrl Pts',(1.16212306615559,1.01636821798879,-3.60240844590315));
#2736=CARTESIAN_POINT('Ctrl Pts',(0.730621472958256,1.36004042721007,-3.57594684985749));
#2737=CARTESIAN_POINT('Ctrl Pts',(0.253486652868615,1.44381240958305,-3.54948525381183));
#2738=CARTESIAN_POINT('Ctrl Pts',(-0.223648167221027,1.52758439195604,-3.52302365776618));
#2739=CARTESIAN_POINT('Ctrl Pts',(-0.746416214202977,1.35145614748071,-3.49656206172052));
#2740=CARTESIAN_POINT('Ctrl Pts',(-1.07556271692111,0.996012123982386,-3.47010046567486));
#2741=CARTESIAN_POINT('Ctrl Pts',(-1.40470921963923,0.64056810048406,-3.4436388696292));
#2742=CARTESIAN_POINT('Ctrl Pts',(-1.54023417809354,0.105808297962728,-3.41717727358354));
#2743=CARTESIAN_POINT('Ctrl Pts',(-1.42012022372006,-0.363484996037106,
-3.39071567753789));
#2744=CARTESIAN_POINT('Ctrl Pts',(-1.30000626934657,-0.832778290036942,
-3.36425408149223));
#2745=CARTESIAN_POINT('Ctrl Pts',(-0.924253402145292,-1.23660507551528,
-3.33779248544657));
#2746=CARTESIAN_POINT('Ctrl Pts',(-0.464815628502591,-1.39023122364979,
-3.31133088940091));
#2747=CARTESIAN_POINT('Ctrl Pts',(-0.00537785485989289,-1.54385737178429,
-3.28486929335526));
#2748=CARTESIAN_POINT('Ctrl Pts',(0.537744825224226,-1.44728288257497,-3.2584076973096));
#2749=CARTESIAN_POINT('Ctrl Pts',(0.915959837515806,-1.14455048210854,-3.23194610126394));
#2750=CARTESIAN_POINT('Ctrl Pts',(1.25561366837092,-0.872683379532734,-3.20818241612359));
#2751=CARTESIAN_POINT('Ctrl Pts',(1.46227217944805,-0.434553314782887,-3.18441873098325));
#2752=CARTESIAN_POINT('Ctrl Pts',(1.46526727230437,0.000945706404995427,
-3.16065504584291));
#2753=CARTESIAN_POINT('Ctrl Pts',(1.46478991385775,0.00161916878940838,
-3.08934495415714));
#2754=CARTESIAN_POINT('Ctrl Pts',(1.46140757832368,-0.422418265318567,-3.11248649486274));
#2755=CARTESIAN_POINT('Ctrl Pts',(1.26702533047851,-0.850329152904141,-3.13562803556834));
#2756=CARTESIAN_POINT('Ctrl Pts',(0.942643139530679,-1.12298849005245,-3.15876957627394));
#2757=CARTESIAN_POINT('Ctrl Pts',(0.571722697781934,-1.43476553763469,-3.1852311723196));
#2758=CARTESIAN_POINT('Ctrl Pts',(0.0308250472714321,-1.5435484563778,-3.21169276836525));
#2759=CARTESIAN_POINT('Ctrl Pts',(-0.432134378052797,-1.40061842415287,
-3.23815436441091));
#2760=CARTESIAN_POINT('Ctrl Pts',(-0.895093803377028,-1.25768839192794,
-3.26461596045657));
#2761=CARTESIAN_POINT('Ctrl Pts',(-1.28011500351498,-0.863045408734964,
-3.29107755650223));
#2762=CARTESIAN_POINT('Ctrl Pts',(-1.4111783947911,-0.396760026596855,-3.31753915254789));
#2763=CARTESIAN_POINT('Ctrl Pts',(-1.54224178606721,0.0695253555412524,
-3.34400074859355));
#2764=CARTESIAN_POINT('Ctrl Pts',(-1.41934736848147,0.607453136624496,-3.3704623446392));
#2765=CARTESIAN_POINT('Ctrl Pts',(-1.09863963087589,0.970550984498333,-3.39692394068486));
#2766=CARTESIAN_POINT('Ctrl Pts',(-0.777931893270308,1.33364883237217,-3.42338553673052));
#2767=CARTESIAN_POINT('Ctrl Pts',(-0.259410835644873,1.5219167470366,-3.44984713277618));
#2768=CARTESIAN_POINT('Ctrl Pts',(0.219563871776925,1.44934060828163,-3.47630872882184));
#2769=CARTESIAN_POINT('Ctrl Pts',(0.698538579198719,1.37676446952667,-3.50277032486749));
#2770=CARTESIAN_POINT('Ctrl Pts',(1.13796693641688,1.04334427735231,-3.52923192091315));
#2771=CARTESIAN_POINT('Ctrl Pts',(1.33676694895031,0.601595343688359,-3.55569351695881));
#2772=CARTESIAN_POINT('Ctrl Pts',(1.42103883899119,0.414336715839199,-3.56691066269159));
#2773=CARTESIAN_POINT('Ctrl Pts',(1.46207135110057,0.207612104461583,-3.57812780842437));
#2774=CARTESIAN_POINT('Ctrl Pts',(1.46132156952,0.00060107834446768,-3.58934495415715));
#2775=CARTESIAN_POINT('Origin',(0.,0.,-15.5));
#2776=CARTESIAN_POINT('',(1.46253545485387,-0.00124767106596327,-4.16065504584291));
#2777=CARTESIAN_POINT('',(1.46285340816621,-0.00130442438779016,-4.08934495415714));
#2778=CARTESIAN_POINT('',(1.4635,-1.79227059055215E-16,-15.5));
#2779=CARTESIAN_POINT('Ctrl Pts',(1.46253545485387,-0.00124767106596327,
-4.16065504584291));
#2780=CARTESIAN_POINT('Ctrl Pts',(1.45977298943184,0.339305983859099,-4.14216295415216));
#2781=CARTESIAN_POINT('Ctrl Pts',(1.34122915220002,0.681593416469876,-4.12367086246141));
#2782=CARTESIAN_POINT('Ctrl Pts',(1.12388189345774,0.941142474120196,-4.10517877077066));
#2783=CARTESIAN_POINT('Ctrl Pts',(0.812864867441874,1.3125489343753,-4.078717174725));
#2784=CARTESIAN_POINT('Ctrl Pts',(0.299531026819462,1.51453449592245,-4.05225557867934));
#2785=CARTESIAN_POINT('Ctrl Pts',(-0.181186381566158,1.45465833801327,-4.02579398263368));
#2786=CARTESIAN_POINT('Ctrl Pts',(-0.661903789951773,1.3947821801041,-3.99933238658803));
#2787=CARTESIAN_POINT('Ctrl Pts',(-1.1100047661006,1.0730443027386,-3.97287079054237));
#2788=CARTESIAN_POINT('Ctrl Pts',(-1.32041052954888,0.636691357844028,-3.94640919449671));
#2789=CARTESIAN_POINT('Ctrl Pts',(-1.53081629299717,0.200338412949457,-3.91994759845105));
#2790=CARTESIAN_POINT('Ctrl Pts',(-1.50352684374492,-0.350629599474187,
-3.89348600240539));
#2791=CARTESIAN_POINT('Ctrl Pts',(-1.25103167428309,-0.764054747507889,
-3.86702440635973));
#2792=CARTESIAN_POINT('Ctrl Pts',(-0.998536504821264,-1.17747989554159,
-3.84056281031408));
#2793=CARTESIAN_POINT('Ctrl Pts',(-0.520835615149868,-1.45336217918535,
-3.81410121426842));
#2794=CARTESIAN_POINT('Ctrl Pts',(-0.0365541618188029,-1.46544256232947,
-3.78763961822276));
#2795=CARTESIAN_POINT('Ctrl Pts',(0.447727291512263,-1.47752294547359,-3.7611780221771));
#2796=CARTESIAN_POINT('Ctrl Pts',(0.938589308502996,-1.22580142811807,-3.73471642613144));
#2797=CARTESIAN_POINT('Ctrl Pts',(1.21138253930823,-0.825478016185302,-3.70825483008578));
#2798=CARTESIAN_POINT('Ctrl Pts',(1.3749516466143,-0.585440743521755,-3.69238823533816));
#2799=CARTESIAN_POINT('Ctrl Pts',(1.46011843746335,-0.291976600518092,-3.67652164059053));
#2800=CARTESIAN_POINT('Ctrl Pts',(1.46148394311252,0.000755256613291441,
-3.66065504584291));
#2801=CARTESIAN_POINT('Ctrl Pts',(1.46132156952,0.00060107834446768,-3.58934495415715));
#2802=CARTESIAN_POINT('Ctrl Pts',(1.46030259300647,-0.280733351735915,-3.60458940447003));
#2803=CARTESIAN_POINT('Ctrl Pts',(1.38211315611238,-0.56259677999603,-3.61983385478291));
#2804=CARTESIAN_POINT('Ctrl Pts',(1.23041066238601,-0.79684688154935,-3.63507830509578));
#2805=CARTESIAN_POINT('Ctrl Pts',(0.967082695439585,-1.20346249796957,-3.66153990114144));
#2806=CARTESIAN_POINT('Ctrl Pts',(0.48225509369803,-1.46661605565647,-3.6880014971871));
#2807=CARTESIAN_POINT('Ctrl Pts',(-0.00217742499598338,-1.4658939480032,
-3.71446309323276));
#2808=CARTESIAN_POINT('Ctrl Pts',(-0.486609943689998,-1.46517184034994,
-3.74092468927842));
#2809=CARTESIAN_POINT('Ctrl Pts',(-0.97064737933647,-1.2005740673565,-3.76738628532408));
#2810=CARTESIAN_POINT('Ctrl Pts',(-1.23276831298833,-0.793185483944203,
-3.79384788136973));
#2811=CARTESIAN_POINT('Ctrl Pts',(-1.49488924664019,-0.385796900531912,
-3.82030947741539));
#2812=CARTESIAN_POINT('Ctrl Pts',(-1.53509367829744,0.164382493299234,-3.84677107346105));
#2813=CARTESIAN_POINT('Ctrl Pts',(-1.33497945608163,0.605550583413798,-3.87323266950671));
#2814=CARTESIAN_POINT('Ctrl Pts',(-1.13486523386581,1.04671867352836,-3.89969426555237));
#2815=CARTESIAN_POINT('Ctrl Pts',(-0.694432357776926,1.37887545992635,-3.92615586159803));
#2816=CARTESIAN_POINT('Ctrl Pts',(-0.215251246558636,1.45000864072112,-3.95261745764368));
#2817=CARTESIAN_POINT('Ctrl Pts',(0.263929864659656,1.5211418215159,-3.97907905368934));
#2818=CARTESIAN_POINT('Ctrl Pts',(0.781859211007354,1.33125139670746,-4.005540649735));
#2819=CARTESIAN_POINT('Ctrl Pts',(1.10150090303397,0.967241290406576,-4.03200224578066));
#2820=CARTESIAN_POINT('Ctrl Pts',(1.33239048227203,0.704302686404901,-4.05111648190615));
#2821=CARTESIAN_POINT('Ctrl Pts',(1.4598188646852,0.350513087672075,-4.07023071803165));
#2822=CARTESIAN_POINT('Ctrl Pts',(1.46285340816621,-0.00130442438779016,
-4.08934495415714));
#2823=CARTESIAN_POINT('Origin',(0.,0.,-15.5));
#2824=CARTESIAN_POINT('',(1.46589837644071,-2.4773989336091E-5,-4.66065504584291));
#2825=CARTESIAN_POINT('',(1.46586924089582,0.000187317163106571,-4.58934495415715));
#2826=CARTESIAN_POINT('',(1.4635,-1.79227059055215E-16,-15.5));
#2827=CARTESIAN_POINT('Ctrl Pts',(1.46589837644071,-2.4773989336091E-5,
-4.66065504584291));
#2828=CARTESIAN_POINT('Ctrl Pts',(1.46577780141963,0.483082034936372,-4.63426586375944));
#2829=CARTESIAN_POINT('Ctrl Pts',(1.20354214995336,0.966301006005811,-4.60787668167597));
#2830=CARTESIAN_POINT('Ctrl Pts',(0.798372177497772,1.22941509495105,-4.58148749959251));
#2831=CARTESIAN_POINT('Ctrl Pts',(0.39209038721571,1.49325118936158,-4.55502590354685));
#2832=CARTESIAN_POINT('Ctrl Pts',(-0.15791124606912,1.53577277453402,-4.52856430750119));
#2833=CARTESIAN_POINT('Ctrl Pts',(-0.599917985726733,1.33751935068846,-4.50210271145553));
#2834=CARTESIAN_POINT('Ctrl Pts',(-1.04192472538435,1.13926592684291,-4.47564111540987));
#2835=CARTESIAN_POINT('Ctrl Pts',(-1.37593657141475,0.700237493979357,-4.44917951936421));
#2836=CARTESIAN_POINT('Ctrl Pts',(-1.44908905938509,0.221360584653786,-4.42271792331856));
#2837=CARTESIAN_POINT('Ctrl Pts',(-1.52224154735543,-0.257516324671782,
-4.3962563272729));
#2838=CARTESIAN_POINT('Ctrl Pts',(-1.33453467726572,-0.77624171045937,-4.36979473122724));
#2839=CARTESIAN_POINT('Ctrl Pts',(-0.971874716452068,-1.09741475930313,
-4.34333313518158));
#2840=CARTESIAN_POINT('Ctrl Pts',(-0.609214755638417,-1.41858780814689,
-4.31687153913592));
#2841=CARTESIAN_POINT('Ctrl Pts',(-0.0716017041008209,-1.54220852004682,
-4.29040994309026));
#2842=CARTESIAN_POINT('Ctrl Pts',(0.394919487477216,-1.4117004546825,-4.26394834704461));
#2843=CARTESIAN_POINT('Ctrl Pts',(0.861440679055251,-1.28119238931817,-4.23748675099895));
#2844=CARTESIAN_POINT('Ctrl Pts',(1.25687001067373,-0.896555546689603,-4.21102515495329));
#2845=CARTESIAN_POINT('Ctrl Pts',(1.40023457077832,-0.433823445893789,-4.18456355890763));
#2846=CARTESIAN_POINT('Ctrl Pts',(1.44341203007147,-0.294461274160631,-4.17659405455272));
#2847=CARTESIAN_POINT('Ctrl Pts',(1.46372598973652,-0.14801548302545,-4.16862455019781));
#2848=CARTESIAN_POINT('Ctrl Pts',(1.46253545485387,-0.00124767106596327,
-4.16065504584291));
#2849=CARTESIAN_POINT('Ctrl Pts',(1.46285340816621,-0.00130442438779016,
-4.08934495415714));
#2850=CARTESIAN_POINT('Ctrl Pts',(1.46401986247817,-0.136540270086709,-4.09669231407731));
#2851=CARTESIAN_POINT('Ctrl Pts',(1.44680622791157,-0.271484725724542,-4.10403967399747));
#2852=CARTESIAN_POINT('Ctrl Pts',(1.41002359946875,-0.400865746577295,-4.11138703391764));
#2853=CARTESIAN_POINT('Ctrl Pts',(1.27755056617137,-0.866832889466961,-4.13784862996329));
#2854=CARTESIAN_POINT('Ctrl Pts',(0.891250461871082,-1.26063738745297,-4.16431022600895));
#2855=CARTESIAN_POINT('Ctrl Pts',(0.427918250547335,-1.4020504279312,-4.19077182205461));
#2856=CARTESIAN_POINT('Ctrl Pts',(-0.0354139607764108,-1.54346346840942,
-4.21723341810026));
#2857=CARTESIAN_POINT('Ctrl Pts',(-0.575778279123614,-1.43248505137987,
-4.24369501414592));
#2858=CARTESIAN_POINT('Ctrl Pts',(-0.945870683611372,-1.11990551526502,
-4.27015661019158));
#2859=CARTESIAN_POINT('Ctrl Pts',(-1.31596308809913,-0.807325979150157,
-4.29661820623724));
#2860=CARTESIAN_POINT('Ctrl Pts',(-1.51578357872745,-0.293145323949994,
-4.3230798022829));
#2861=CARTESIAN_POINT('Ctrl Pts',(-1.45388190490979,0.18731547780176,-4.34954139832856));
#2862=CARTESIAN_POINT('Ctrl Pts',(-1.39198023109213,0.667776279553509,-4.37600299437421));
#2863=CARTESIAN_POINT('Ctrl Pts',(-1.0683563928285,1.11451722785685,-4.40246459041987));
#2864=CARTESIAN_POINT('Ctrl Pts',(-0.631120682262628,1.32308212369341,-4.42892618646553));
#2865=CARTESIAN_POINT('Ctrl Pts',(-0.193884971696762,1.53164701952996,-4.45538778251119));
#2866=CARTESIAN_POINT('Ctrl Pts',(0.356962611171344,1.50203586289974,-4.48184937855685));
#2867=CARTESIAN_POINT('Ctrl Pts',(0.769320182509539,1.24780051348007,-4.50831097460251));
#2868=CARTESIAN_POINT('Ctrl Pts',(1.18167775384773,0.993565164060398,-4.53477257064816));
#2869=CARTESIAN_POINT('Ctrl Pts',(1.45554531365602,0.514705621851279,-4.56123416669382));
#2870=CARTESIAN_POINT('Ctrl Pts',(1.46558413493677,0.0303776256565169,-4.58769576273948));
#2871=CARTESIAN_POINT('Ctrl Pts',(1.46579268796422,0.0203158796544816,-4.58824549321204));
#2872=CARTESIAN_POINT('Ctrl Pts',(1.46588737614833,0.0102517735431578,-4.58879522368459));
#2873=CARTESIAN_POINT('Ctrl Pts',(1.46586924089582,0.000187317163106571,
-4.58934495415715));
#2874=CARTESIAN_POINT('Origin',(0.,0.,-15.5));
#2875=CARTESIAN_POINT('',(1.4626077455938,0.00126323793791065,-5.16065504584291));
#2876=CARTESIAN_POINT('',(1.46230581713017,0.00118672960259511,-5.08934495415715));
#2877=CARTESIAN_POINT('',(1.4635,-1.79227059055215E-16,-15.5));
#2878=CARTESIAN_POINT('Ctrl Pts',(1.4626077455938,0.00126323793791065,-5.16065504584291));
#2879=CARTESIAN_POINT('Ctrl Pts',(1.46379550221736,0.145345840686084,-5.15283036941238));
#2880=CARTESIAN_POINT('Ctrl Pts',(1.44422741512578,0.289112888754438,-5.14500569298185));
#2881=CARTESIAN_POINT('Ctrl Pts',(1.40258231048461,0.426171878432376,-5.13718101655133));
#2882=CARTESIAN_POINT('Ctrl Pts',(1.26174633521098,0.889679814062072,-5.11071942050567));
#2883=CARTESIAN_POINT('Ctrl Pts',(0.868422966631796,1.27646995149583,-5.08425782446001));
#2884=CARTESIAN_POINT('Ctrl Pts',(0.402621285637506,1.40952322011885,-5.05779622841435));
#2885=CARTESIAN_POINT('Ctrl Pts',(-0.063180395356781,1.54257648874187,-5.0313346323687));
#2886=CARTESIAN_POINT('Ctrl Pts',(-0.60146038876617,1.42189288855415,-5.00487303632304));
#2887=CARTESIAN_POINT('Ctrl Pts',(-0.965868503875486,1.10270469337437,-4.97841144027738));
#2888=CARTESIAN_POINT('Ctrl Pts',(-1.3302766189848,0.783516498194582,-4.95194984423172));
#2889=CARTESIAN_POINT('Ctrl Pts',(-1.52081285579404,0.26582370802272,-4.92548824818606));
#2890=CARTESIAN_POINT('Ctrl Pts',(-1.45027605714646,-0.213445463118955,
-4.8990266521404));
#2891=CARTESIAN_POINT('Ctrl Pts',(-1.37973925849887,-0.692714634260631,
-4.87256505609474));
#2892=CARTESIAN_POINT('Ctrl Pts',(-1.04812942439447,-1.13356018637212,-4.84610346004909));
#2893=CARTESIAN_POINT('Ctrl Pts',(-0.607211708505955,-1.33422395009616,
-4.81964186400343));
#2894=CARTESIAN_POINT('Ctrl Pts',(-0.16629399261744,-1.5348877138202,-4.79318026795777));
#2895=CARTESIAN_POINT('Ctrl Pts',(0.383931605055177,-1.49536968915678,-4.76671867191211));
#2896=CARTESIAN_POINT('Ctrl Pts',(0.791647847159925,-1.2337557672023,-4.74025707586645));
#2897=CARTESIAN_POINT('Ctrl Pts',(1.20047983256638,-0.971425920908999,-4.7137230658586));
#2898=CARTESIAN_POINT('Ctrl Pts',(1.46601961319621,-0.485782948014969,-4.68718905585075));
#2899=CARTESIAN_POINT('Ctrl Pts',(1.46589837644071,-2.4773989336091E-5,
-4.66065504584291));
#2900=CARTESIAN_POINT('Ctrl Pts',(1.46586924089582,0.000187317163106571,
-4.58934495415715));
#2901=CARTESIAN_POINT('Ctrl Pts',(1.46501442522009,-0.474206688273883,-4.61525681973025));
#2902=CARTESIAN_POINT('Ctrl Pts',(1.21349266604501,-0.949378907829336,-4.64116868530335));
#2903=CARTESIAN_POINT('Ctrl Pts',(0.820364337037384,-1.21485060967927,-4.66708055087645));
#2904=CARTESIAN_POINT('Ctrl Pts',(0.418895635104067,-1.48595439863989,-4.69354214692211));
#2905=CARTESIAN_POINT('Ctrl Pts',(-0.130251851515761,-1.53836552638072,
-4.72000374296777));
#2906=CARTESIAN_POINT('Ctrl Pts',(-0.575754297409385,-1.34809741664365,
-4.74646533901343));
#2907=CARTESIAN_POINT('Ctrl Pts',(-1.02125674330301,-1.15782930690659,-4.77292693505909));
#2908=CARTESIAN_POINT('Ctrl Pts',(-1.36311414847043,-0.724881959691625,
-4.79938853110475));
#2909=CARTESIAN_POINT('Ctrl Pts',(-1.44487143652771,-0.247398840001558,
-4.8258501271504));
#2910=CARTESIAN_POINT('Ctrl Pts',(-1.526628724585,0.230084279688513,-4.85231172319606));
#2911=CARTESIAN_POINT('Ctrl Pts',(-1.34828589553214,0.752103171853688,-4.87877331924172));
#2912=CARTESIAN_POINT('Ctrl Pts',(-0.991463650052562,1.07974973206545,-4.90523491528738));
#2913=CARTESIAN_POINT('Ctrl Pts',(-0.634641404572985,1.40739629227722,-4.93169651133304));
#2914=CARTESIAN_POINT('Ctrl Pts',(-0.0993397426666879,1.54067052053557,
-4.95815810737869));
#2915=CARTESIAN_POINT('Ctrl Pts',(0.36945421375539,1.41857789287281,-4.98461970342435));
#2916=CARTESIAN_POINT('Ctrl Pts',(0.838248170177469,1.29648526521005,-5.01108129947001));
#2917=CARTESIAN_POINT('Ctrl Pts',(1.24053442111533,0.919025781626178,-5.03754289551567));
#2918=CARTESIAN_POINT('Ctrl Pts',(1.39220191667408,0.458948229237085,-5.06400449156133));
#2919=CARTESIAN_POINT('Ctrl Pts',(1.4406157827107,0.312086616564179,-5.0724513124266));
#2920=CARTESIAN_POINT('Ctrl Pts',(1.46349275519094,0.156806604295753,-5.08089813329188));
#2921=CARTESIAN_POINT('Ctrl Pts',(1.46230581713017,0.00118672960259511,
-5.08934495415715));
#2922=CARTESIAN_POINT('Origin',(0.,0.,-15.5));
#2923=CARTESIAN_POINT('',(1.46144377633804,-0.000716585244428386,-5.66065504584291));
#2924=CARTESIAN_POINT('',(1.4616321108538,-0.000869139122660476,-5.58934495415714));
#2925=CARTESIAN_POINT('',(1.4635,-1.79227059055215E-16,-15.5));
#2926=CARTESIAN_POINT('Ctrl Pts',(1.46144377633804,-0.000716585244428386,
-5.66065504584291));
#2927=CARTESIAN_POINT('Ctrl Pts',(1.46015893561338,0.289362599651014,-5.64493327901966));
#2928=CARTESIAN_POINT('Ctrl Pts',(1.37664644467332,0.580123652650713,-5.62921151219642));
#2929=CARTESIAN_POINT('Ctrl Pts',(1.21587130688819,0.818850763411925,-5.61348974537318));
#2930=CARTESIAN_POINT('Ctrl Pts',(0.945267703738118,1.22065677167626,-5.58702814932752));
#2931=CARTESIAN_POINT('Ctrl Pts',(0.455787693427161,1.47505646145897,-5.56056655328186));
#2932=CARTESIAN_POINT('Ctrl Pts',(-0.02855242141894,1.46562081279121,-5.5341049572362));
#2933=CARTESIAN_POINT('Ctrl Pts',(-0.512892536265041,1.45618516412346,-5.50764336119054));
#2934=CARTESIAN_POINT('Ctrl Pts',(-0.992092755646288,1.18291417700524,-5.48118176514489));
#2935=CARTESIAN_POINT('Ctrl Pts',(-1.24684144455898,0.770873543315115,-5.45472016909923));
#2936=CARTESIAN_POINT('Ctrl Pts',(-1.50159013347167,0.358832909624983,-5.42825857305357));
#2937=CARTESIAN_POINT('Ctrl Pts',(-1.5318872919158,-0.191977370637066,-5.40179697700791));
#2938=CARTESIAN_POINT('Ctrl Pts',(-1.32386706781952,-0.629472473104551,
-5.37533538096225));
#2939=CARTESIAN_POINT('Ctrl Pts',(-1.11584684372324,-1.06696757557203,-5.34887378491659));
#2940=CARTESIAN_POINT('Ctrl Pts',(-0.669509237086564,-1.39114750024495,
-5.32241218887093));
#2941=CARTESIAN_POINT('Ctrl Pts',(-0.189125920410845,-1.45364747923653,
-5.29595059282527));
#2942=CARTESIAN_POINT('Ctrl Pts',(0.291257396264874,-1.51614745822811,-5.26948899677962));
#2943=CARTESIAN_POINT('Ctrl Pts',(0.805686422979633,-1.31696749153834,-5.24302740073396));
#2944=CARTESIAN_POINT('Ctrl Pts',(1.11872664535297,-0.947264641280645,-5.21656580468831));
#2945=CARTESIAN_POINT('Ctrl Pts',(1.33920108123388,-0.686882679064562,-5.19792888507317));
#2946=CARTESIAN_POINT('Ctrl Pts',(1.45977873088473,-0.341914644137909,-5.17929196545804));
#2947=CARTESIAN_POINT('Ctrl Pts',(1.4626077455938,0.00126323793791065,-5.16065504584291));
#2948=CARTESIAN_POINT('Ctrl Pts',(1.46230581713017,0.00118672960259511,
-5.08934495415715));
#2949=CARTESIAN_POINT('Ctrl Pts',(1.45977440055832,-0.330708204706029,-5.10735972933753));
#2950=CARTESIAN_POINT('Ctrl Pts',(1.34778754942894,-0.664149013668967,-5.12537450451791));
#2951=CARTESIAN_POINT('Ctrl Pts',(1.14063434897723,-0.920767579660793,-5.1433892796983));
#2952=CARTESIAN_POINT('Ctrl Pts',(0.836350545541964,-1.29771021497527,-5.16985087574396));
#2953=CARTESIAN_POINT('Ctrl Pts',(0.326734198491775,-1.5088998644099,-5.19631247178962));
#2954=CARTESIAN_POINT('Ctrl Pts',(-0.154982757467496,-1.45768309273408,
-5.22277406783528));
#2955=CARTESIAN_POINT('Ctrl Pts',(-0.636699713426764,-1.40646632105827,
-5.24923566388094));
#2956=CARTESIAN_POINT('Ctrl Pts',(-1.09051727829512,-1.09284312827201,-5.27569725992659));
#2957=CARTESIAN_POINT('Ctrl Pts',(-1.3087404884033,-0.660346869393132,-5.30215885597225));
#2958=CARTESIAN_POINT('Ctrl Pts',(-1.52696369851149,-0.227850610514258,
-5.32862045201791));
#2959=CARTESIAN_POINT('Ctrl Pts',(-1.50959255385951,0.323518714457228,-5.35508204806357));
#2960=CARTESIAN_POINT('Ctrl Pts',(-1.26457716378915,0.741420427772774,-5.38154364410923));
#2961=CARTESIAN_POINT('Ctrl Pts',(-1.01956177371879,1.15932214108832,-5.40800524015489));
#2962=CARTESIAN_POINT('Ctrl Pts',(-0.546902138230051,1.44375624274793,-5.43446683620054));
#2963=CARTESIAN_POINT('Ctrl Pts',(-0.0629165169235023,1.46454810976378,
-5.4609284322462));
#2964=CARTESIAN_POINT('Ctrl Pts',(0.421069104383052,1.48533997677964,-5.48739002829186));
#2965=CARTESIAN_POINT('Ctrl Pts',(0.916380711507413,1.24248960915173,-5.51385162433752));
#2966=CARTESIAN_POINT('Ctrl Pts',(1.19633310272607,0.847140343288955,-5.54031322038318));
#2967=CARTESIAN_POINT('Ctrl Pts',(1.36924470755311,0.602954266756627,-5.55665713164117));
#2968=CARTESIAN_POINT('Ctrl Pts',(1.45999953762326,0.300591819270003,-5.57300104289915));
#2969=CARTESIAN_POINT('Ctrl Pts',(1.4616321108538,-0.000869139122660476,
-5.58934495415714));
#2970=CARTESIAN_POINT('Origin',(0.,0.,-15.5));
#2971=CARTESIAN_POINT('',(1.4652241638469,-0.000879808762700995,-6.16065504584291));
#2972=CARTESIAN_POINT('',(1.46546770107034,-0.00071391990187374,-6.08934495415715));
#2973=CARTESIAN_POINT('',(1.4635,-1.79227059055215E-16,-15.5));
#2974=CARTESIAN_POINT('Ctrl Pts',(1.4652241638469,-0.000879808762700995,
-6.16065504584291));
#2975=CARTESIAN_POINT('Ctrl Pts',(1.46215035697284,0.432038883771501,-6.13703618862695));
#2976=CARTESIAN_POINT('Ctrl Pts',(1.25829698171246,0.867473032290272,-6.11341733141099));
#2977=CARTESIAN_POINT('Ctrl Pts',(0.922187358795804,1.13948676294714,-6.08979847419503));
#2978=CARTESIAN_POINT('Ctrl Pts',(0.54562396339712,1.44423975728974,-6.06333687814937));
#2979=CARTESIAN_POINT('Ctrl Pts',(0.00305199893455781,1.54386679194549,
-6.0368752821037));
#2980=CARTESIAN_POINT('Ctrl Pts',(-0.457214072659189,1.39277237889648,-6.01041368605804));
#2981=CARTESIAN_POINT('Ctrl Pts',(-0.917480144252939,1.24167796584747,-5.98395209001238));
#2982=CARTESIAN_POINT('Ctrl Pts',(-1.29544032297788,0.839862105093697,-5.95749049396673));
#2983=CARTESIAN_POINT('Ctrl Pts',(-1.41811667307754,0.371220566771304,-5.93102889792107));
#2984=CARTESIAN_POINT('Ctrl Pts',(-1.5407930231772,-0.097420971551085,-5.90456730187542));
#2985=CARTESIAN_POINT('Ctrl Pts',(-1.4081855446516,-0.632888187442088,-5.87810570582976));
#2986=CARTESIAN_POINT('Ctrl Pts',(-1.08098361482774,-0.99011819098956,-5.8516441097841));
#2987=CARTESIAN_POINT('Ctrl Pts',(-0.753781685003879,-1.34734819453703,
-5.82518251373844));
#2988=CARTESIAN_POINT('Ctrl Pts',(-0.231985303881756,-1.52634098574097,
-5.79872091769278));
#2989=CARTESIAN_POINT('Ctrl Pts',(0.245599257475349,-1.44517840157617,-5.77225932164712));
#2990=CARTESIAN_POINT('Ctrl Pts',(0.723183818832455,-1.36401581741138,-5.74579772560147));
#2991=CARTESIAN_POINT('Ctrl Pts',(1.15655656042455,-1.02269785787786,-5.7193361295558));
#2992=CARTESIAN_POINT('Ctrl Pts',(1.347379333226,-0.577432714738114,-5.69287453351015));
#2993=CARTESIAN_POINT('Ctrl Pts',(1.42482757134811,-0.396715286062859,-5.68213470428773));
#2994=CARTESIAN_POINT('Ctrl Pts',(1.46232147476189,-0.198875032814597,-5.67139487506532));
#2995=CARTESIAN_POINT('Ctrl Pts',(1.46144377633804,-0.000716585244428386,
-5.66065504584291));
#2996=CARTESIAN_POINT('Ctrl Pts',(1.4616321108538,-0.000869139122660476,
-5.58934495415714));
#2997=CARTESIAN_POINT('Ctrl Pts',(1.462642753966,-0.187488296841977,-5.59946263894481));
#2998=CARTESIAN_POINT('Ctrl Pts',(1.42949979811891,-0.373761984214462,-5.60958032373248));
#2999=CARTESIAN_POINT('Ctrl Pts',(1.36055079977941,-0.545674972053168,-5.61969800852015));
#3000=CARTESIAN_POINT('Ctrl Pts',(1.18022293030115,-0.995292857434871,-5.64615960456581));
#3001=CARTESIAN_POINT('Ctrl Pts',(0.754974016031709,-1.34668046410063,-5.67262120061147));
#3002=CARTESIAN_POINT('Ctrl Pts',(0.279424240559846,-1.43902110745315,-5.69908279665713));
#3003=CARTESIAN_POINT('Ctrl Pts',(-0.196125534912015,-1.53136175080568,
-5.72554439270278));
#3004=CARTESIAN_POINT('Ctrl Pts',(-0.721976171586289,-1.36465543084499,
-5.75200598874844));
#3005=CARTESIAN_POINT('Ctrl Pts',(-1.05746592050529,-1.0151972620514,-5.7784675847941));
#3006=CARTESIAN_POINT('Ctrl Pts',(-1.3929556694243,-0.665739093257825,-5.80492918083976));
#3007=CARTESIAN_POINT('Ctrl Pts',(-1.53808453058803,-0.133529075631363,
-5.83139077688542));
#3008=CARTESIAN_POINT('Ctrl Pts',(-1.42643256815195,0.337860596137372,-5.85785237293107));
#3009=CARTESIAN_POINT('Ctrl Pts',(-1.31478060571586,0.80925026790611,-5.88431396897673));
#3010=CARTESIAN_POINT('Ctrl Pts',(-0.946347819679961,1.21981959381712,-5.91077556502239));
#3011=CARTESIAN_POINT('Ctrl Pts',(-0.48975182211239,1.38166667711311,-5.93723716106805));
#3012=CARTESIAN_POINT('Ctrl Pts',(-0.0331558245448149,1.5435137604091,-5.96369875711371));
#3013=CARTESIAN_POINT('Ctrl Pts',(0.511603384554429,1.45663860109006,-5.99016035315937));
#3014=CARTESIAN_POINT('Ctrl Pts',(0.895210324934942,1.16080064095298,-6.01662194920503));
#3015=CARTESIAN_POINT('Ctrl Pts',(1.24662588047976,0.889788700945605,-6.04086295085573));
#3016=CARTESIAN_POINT('Ctrl Pts',(1.46280133842689,0.44341373439444,-6.06510395250644));
#3017=CARTESIAN_POINT('Ctrl Pts',(1.46546770107034,-0.00071391990187374,
-6.08934495415715));
#3018=CARTESIAN_POINT('Origin',(0.,0.,-15.5));
#3019=CARTESIAN_POINT('',(1.46411565686158,0.00127240092775024,-6.66065504584291));
#3020=CARTESIAN_POINT('',(1.46376966712585,0.00131979286805603,-6.58934495415714));
#3021=CARTESIAN_POINT('',(1.4635,-1.79227059055215E-16,-15.5));
#3022=CARTESIAN_POINT('Ctrl Pts',(1.46411565686158,0.00127240092775024,
-6.66065504584291));
#3023=CARTESIAN_POINT('Ctrl Pts',(1.46496385221198,0.0940980150194604,-6.65560069427989));
#3024=CARTESIAN_POINT('Ctrl Pts',(1.45689254061628,0.186776661592122,-6.65054634271687));
#3025=CARTESIAN_POINT('Ctrl Pts',(1.43936796047612,0.277631918210702,-6.64549199115385));
#3026=CARTESIAN_POINT('Ctrl Pts',(1.34761962149403,0.753296317350469,-6.61903039510818));
#3027=CARTESIAN_POINT('Ctrl Pts',(0.996761880072244,1.17898250216207,-6.59256879906252));
#3028=CARTESIAN_POINT('Ctrl Pts',(0.547368921724313,1.35987016703246,-6.56610720301687));
#3029=CARTESIAN_POINT('Ctrl Pts',(0.0979759633763849,1.54075783190285,-6.53964560697121));
#3030=CARTESIAN_POINT('Ctrl Pts',(-0.449952211897683,1.47684697683202,-6.51318401092556));
#3031=CARTESIAN_POINT('Ctrl Pts',(-0.845649809083566,1.1973871587968,-6.4867224148799));
#3032=CARTESIAN_POINT('Ctrl Pts',(-1.24134740626945,0.917927340761572,-6.46026081883424));
#3033=CARTESIAN_POINT('Ctrl Pts',(-1.48481442536715,0.422918559761952,-6.43379922278857));
#3034=CARTESIAN_POINT('Ctrl Pts',(-1.46462531215459,-0.0610925744309002,
-6.40733762674292));
#3035=CARTESIAN_POINT('Ctrl Pts',(-1.44443619894204,-0.545103708623759,
-6.38087603069726));
#3036=CARTESIAN_POINT('Ctrl Pts',(-1.16059095341922,-1.01811719600985,-6.35441443465161));
#3037=CARTESIAN_POINT('Ctrl Pts',(-0.742994701598261,-1.26365283248661,
-6.32795283860595));
#3038=CARTESIAN_POINT('Ctrl Pts',(-0.325398449777301,-1.50918846896338,
-6.30149124256029));
#3039=CARTESIAN_POINT('Ctrl Pts',(0.225948808341804,-1.52724625453082,-6.27502964651463));
#3040=CARTESIAN_POINT('Ctrl Pts',(0.658716494135223,-1.30956183054056,-6.24856805046897));
#3041=CARTESIAN_POINT('Ctrl Pts',(1.09148417992864,-1.0918774065503,-6.22210645442331));
#3042=CARTESIAN_POINT('Ctrl Pts',(1.40567229339637,-0.638450773002326,-6.19564485837765));
#3043=CARTESIAN_POINT('Ctrl Pts',(1.45748893696284,-0.156797979213618,-6.169183262332));
#3044=CARTESIAN_POINT('Ctrl Pts',(1.46305553938685,-0.105054573525891,-6.1663405235023));
#3045=CARTESIAN_POINT('Ctrl Pts',(1.46559412375122,-0.0529854109142306,
-6.1634977846726));
#3046=CARTESIAN_POINT('Ctrl Pts',(1.4652241638469,-0.000879808762700995,
-6.16065504584291));
#3047=CARTESIAN_POINT('Ctrl Pts',(1.46546770107034,-0.00071391990187374,
-6.08934495415715));
#3048=CARTESIAN_POINT('Ctrl Pts',(1.46571195293857,-0.0413981867478953,
-6.0915655485521));
#3049=CARTESIAN_POINT('Ctrl Pts',(1.46416455248548,-0.0820635953705134,
-6.09378614294705));
#3050=CARTESIAN_POINT('Ctrl Pts',(1.46076533444981,-0.122573616968461,-6.096006737342));
#3051=CARTESIAN_POINT('Ctrl Pts',(1.4202587319224,-0.605309153797705,-6.12246833338766));
#3052=CARTESIAN_POINT('Ctrl Pts',(1.11679085520579,-1.06597946650107,-6.14892992943332));
#3053=CARTESIAN_POINT('Ctrl Pts',(0.689247359026673,-1.29375335052003,-6.17539152547898));
#3054=CARTESIAN_POINT('Ctrl Pts',(0.261703862847558,-1.521527234539,-6.20185312152464));
#3055=CARTESIAN_POINT('Ctrl Pts',(-0.289915252794064,-1.51640468987356,
-6.22831471757029));
#3056=CARTESIAN_POINT('Ctrl Pts',(-0.713154990471223,-1.28073010953635,
-6.25477631361594));
#3057=CARTESIAN_POINT('Ctrl Pts',(-1.13639472814838,-1.04505552919915,-6.2812379096616));
#3058=CARTESIAN_POINT('Ctrl Pts',(-1.43125508786109,-0.578828913190181,
-6.30769950570727));
#3059=CARTESIAN_POINT('Ctrl Pts',(-1.46278974660891,-0.09542437384058,-6.33416110175293));
#3060=CARTESIAN_POINT('Ctrl Pts',(-1.49432440535673,0.387980165509018,-6.36062269779858));
#3061=CARTESIAN_POINT('Ctrl Pts',(-1.26253336313969,0.888562628199246,-6.38708429384424));
#3062=CARTESIAN_POINT('Ctrl Pts',(-0.873498525582868,1.1772255432633,-6.41354588988989));
#3063=CARTESIAN_POINT('Ctrl Pts',(-0.484463688026048,1.46588845832736,-6.44000748593555));
#3064=CARTESIAN_POINT('Ctrl Pts',(0.0618149448705528,1.54263182576525,-6.46646908198121));
#3065=CARTESIAN_POINT('Ctrl Pts',(0.515326510626393,1.3723331378906,-6.49293067802687));
#3066=CARTESIAN_POINT('Ctrl Pts',(0.96883807638224,1.20203445001594,-6.51939227407253));
#3067=CARTESIAN_POINT('Ctrl Pts',(1.32958257499732,0.784693706828757,-6.54585387011818));
#3068=CARTESIAN_POINT('Ctrl Pts',(1.43246102986398,0.311311824105732,-6.57231546616384));
#3069=CARTESIAN_POINT('Ctrl Pts',(1.4545303387711,0.209762758128912,-6.57799196216161));
#3070=CARTESIAN_POINT('Ctrl Pts',(1.46473314453726,0.105634785877116,-6.58366845815938));
#3071=CARTESIAN_POINT('Ctrl Pts',(1.46376966712585,0.00131979286805603,
-6.58934495415714));
#3072=CARTESIAN_POINT('Origin',(0.,0.,-15.5));
#3073=CARTESIAN_POINT('',(1.4611023206579,8.46042540919578E-5,-7.16065504584291));
#3074=CARTESIAN_POINT('',(1.46110457882261,-0.000103781122986842,-7.08934495415715));
#3075=CARTESIAN_POINT('',(1.4635,-1.79227059055215E-16,-15.5));
#3076=CARTESIAN_POINT('Ctrl Pts',(1.4611023206579,8.46042540919578E-5,-7.16065504584291));
#3077=CARTESIAN_POINT('Ctrl Pts',(1.461225626128,0.239188613772784,-7.14770360388717));
#3078=CARTESIAN_POINT('Ctrl Pts',(1.40583233068182,0.478238798811128,-7.13475216193143));
#3079=CARTESIAN_POINT('Ctrl Pts',(1.2946106960244,0.687635625454178,-7.12180071997569));
#3080=CARTESIAN_POINT('Ctrl Pts',(1.06736943764557,1.11546244649907,-7.09533912393003));
#3081=CARTESIAN_POINT('Ctrl Pts',(0.607077414590855,1.41950378606863,-7.06887752788438));
#3082=CARTESIAN_POINT('Ctrl Pts',(0.124392702697171,1.4606115373946,-7.04241593183872));
#3083=CARTESIAN_POINT('Ctrl Pts',(-0.358292009196507,1.50171928872057,-7.01595433579306));
#3084=CARTESIAN_POINT('Ctrl Pts',(-0.863369409929153,1.27989345180295,-6.9894927397474));
#3085=CARTESIAN_POINT('Ctrl Pts',(-1.1596848670982,0.89665523847127,-6.96303114370174));
#3086=CARTESIAN_POINT('Ctrl Pts',(-1.45600032426724,0.513417025139584,-6.93656954765608));
#3087=CARTESIAN_POINT('Ctrl Pts',(-1.54355383787268,-0.0312335646061681,
-6.91010795161043));
#3088=CARTESIAN_POINT('Ctrl Pts',(-1.38227550927391,-0.488030761444491,
-6.88364635556477));
#3089=CARTESIAN_POINT('Ctrl Pts',(-1.22099718067513,-0.944827958282814,
-6.85718475951912));
#3090=CARTESIAN_POINT('Ctrl Pts',(-0.810887009872145,-1.31377176221371,
-6.83072316347345));
#3091=CARTESIAN_POINT('Ctrl Pts',(-0.339636755868632,-1.42601068779921,
-6.80426156742779));
#3092=CARTESIAN_POINT('Ctrl Pts',(0.131613498134886,-1.53824961338471,-6.77779997138213));
#3093=CARTESIAN_POINT('Ctrl Pts',(0.664003835338928,-1.39378366062481,-6.75133837533648));
#3094=CARTESIAN_POINT('Ctrl Pts',(1.01387953566976,-1.0587293775109,-6.72487677929082));
#3095=CARTESIAN_POINT('Ctrl Pts',(1.29692650844466,-0.7876728266816,-6.70346953480819));
#3096=CARTESIAN_POINT('Ctrl Pts',(1.46052320291204,-0.391882010738161,-6.68206229032555));
#3097=CARTESIAN_POINT('Ctrl Pts',(1.46411565686158,0.00127240092775024,
-6.66065504584291));
#3098=CARTESIAN_POINT('Ctrl Pts',(1.46376966712585,0.00131979286805603,
-6.58934495415714));
#3099=CARTESIAN_POINT('Ctrl Pts',(1.46024179105619,-0.380640762911676,-6.61013005420504));
#3100=CARTESIAN_POINT('Ctrl Pts',(1.30700343456886,-0.76510877501983,-6.63091515425293));
#3101=CARTESIAN_POINT('Ctrl Pts',(1.03843016213746,-1.03466054929633,-6.65170025430082));
#3102=CARTESIAN_POINT('Ctrl Pts',(0.696508428426048,-1.37782801771652,-6.67816185034648));
#3103=CARTESIAN_POINT('Ctrl Pts',(0.16765254988499,-1.53473993229805,-6.70462344639214));
#3104=CARTESIAN_POINT('Ctrl Pts',(-0.306100340126018,-1.43358370375844,
-6.73108504243779));
#3105=CARTESIAN_POINT('Ctrl Pts',(-0.779853230137035,-1.33242747521882,
-6.75754663848345));
#3106=CARTESIAN_POINT('Ctrl Pts',(-1.198503131618,-0.973203103558048,-6.78400823452911));
#3107=CARTESIAN_POINT('Ctrl Pts',(-1.37044997705087,-0.520313861345523,
-6.81046983057477));
#3108=CARTESIAN_POINT('Ctrl Pts',(-1.54239682248374,-0.067424619133009,
-6.83693142662043));
#3109=CARTESIAN_POINT('Ctrl Pts',(-1.46764061186853,0.479129493631253,-6.86339302266609));
#3110=CARTESIAN_POINT('Ctrl Pts',(-1.18039440712308,0.869211537854614,-6.88985461871174));
#3111=CARTESIAN_POINT('Ctrl Pts',(-0.893148202377627,1.25929358207798,-6.9163162147574));
#3112=CARTESIAN_POINT('Ctrl Pts',(-0.393412003501938,1.49290355776043,-6.94277781080306));
#3113=CARTESIAN_POINT('Ctrl Pts',(0.0901040211579013,1.46312710291287,-6.96923940684871));
#3114=CARTESIAN_POINT('Ctrl Pts',(0.573620045817737,1.4333506480653,-6.99570100289437));
#3115=CARTESIAN_POINT('Ctrl Pts',(1.04091589626173,1.14018776268771,-7.02216259894004));
#3116=CARTESIAN_POINT('Ctrl Pts',(1.27812811240247,0.717807900620713,-7.0486241949857));
#3117=CARTESIAN_POINT('Ctrl Pts',(1.3998071110203,0.501146383398712,-7.06219778137618));
#3118=CARTESIAN_POINT('Ctrl Pts',(1.46094604493706,0.250485037579857,-7.07577136776667));
#3119=CARTESIAN_POINT('Ctrl Pts',(1.46110457882261,-0.000103781122986842,
-7.08934495415715));
#3120=CARTESIAN_POINT('Origin',(0.,0.,-15.5));
#3121=CARTESIAN_POINT('',(1.46380509974459,-0.00131628878098158,-7.66065504584291));
#3122=CARTESIAN_POINT('',(1.46415060534138,-0.00126594598389521,-7.58934495415714));
#3123=CARTESIAN_POINT('',(1.4635,-1.79227059055215E-16,-15.5));
#3124=CARTESIAN_POINT('Ctrl Pts',(1.46380509974459,-0.00131628878098158,
-7.66065504584291));
#3125=CARTESIAN_POINT('Ctrl Pts',(1.46026720686929,0.381786123021267,-7.63980651349445));
#3126=CARTESIAN_POINT('Ctrl Pts',(1.30599164994844,0.767411407521011,-7.61895798114599));
#3127=CARTESIAN_POINT('Ctrl Pts',(1.03595295761043,1.0371408184392,-7.59810944879754));
#3128=CARTESIAN_POINT('Ctrl Pts',(0.693211575439445,1.37948965115591,-7.57164785275188));
#3129=CARTESIAN_POINT('Ctrl Pts',(0.163981985129324,1.53513644166326,-7.54518625670622));
#3130=CARTESIAN_POINT('Ctrl Pts',(-0.309527646359293,1.4328475996399,-7.51872466066057));
#3131=CARTESIAN_POINT('Ctrl Pts',(-0.783037277847902,1.33055875761653,-7.49226306461491));
#3132=CARTESIAN_POINT('Ctrl Pts',(-1.20082695051501,0.970334283062451,-7.46580146856925));
#3133=CARTESIAN_POINT('Ctrl Pts',(-1.37169029071002,0.517035157437479,-7.43933987252359));
#3134=CARTESIAN_POINT('Ctrl Pts',(-1.54255363090503,0.0637360318124994,
-7.41287827647793));
#3135=CARTESIAN_POINT('Ctrl Pts',(-1.46649063862794,-0.482637744883376,
-7.38641668043228));
#3136=CARTESIAN_POINT('Ctrl Pts',(-1.17831243984429,-0.87203176648717,-7.35995508438662));
#3137=CARTESIAN_POINT('Ctrl Pts',(-0.890134241060635,-1.26142578809096,
-7.33349348834096));
#3138=CARTESIAN_POINT('Ctrl Pts',(-0.389840835770417,-1.49384005460267,
-7.3070318922953));
#3139=CARTESIAN_POINT('Ctrl Pts',(0.0936025955895783,-1.46290743444465,
-7.28057029624964));
#3140=CARTESIAN_POINT('Ctrl Pts',(0.577046026949567,-1.43197481428663,-7.25410870020398));
#3141=CARTESIAN_POINT('Ctrl Pts',(1.04363948437933,-1.13769530745887,-7.22764710415833));
#3142=CARTESIAN_POINT('Ctrl Pts',(1.27984096624275,-0.714749402784896,-7.20118550811267));
#3143=CARTESIAN_POINT('Ctrl Pts',(1.40043529512359,-0.498811394586657,-7.18767535402275));
#3144=CARTESIAN_POINT('Ctrl Pts',(1.46097369591427,-0.249334110909411,-7.17416519993283));
#3145=CARTESIAN_POINT('Ctrl Pts',(1.4611023206579,8.46042540919578E-5,-7.16065504584291));
#3146=CARTESIAN_POINT('Ctrl Pts',(1.46110457882261,-0.000103781122986842,
-7.08934495415715));
#3147=CARTESIAN_POINT('Ctrl Pts',(1.46125510545492,-0.238035822221879,-7.10223296381232));
#3148=CARTESIAN_POINT('Ctrl Pts',(1.40642968095625,-0.475902477603656,-7.11512097346749));
#3149=CARTESIAN_POINT('Ctrl Pts',(1.29625137831917,-0.684537813500957,-7.12800898312266));
#3150=CARTESIAN_POINT('Ctrl Pts',(1.07003384625762,-1.11290682679922,-7.15447057916832));
#3151=CARTESIAN_POINT('Ctrl Pts',(0.610470200296987,-1.41804801463932,-7.18093217521398));
#3152=CARTESIAN_POINT('Ctrl Pts',(0.127885165902194,-1.46030991171367,-7.20739377125964));
#3153=CARTESIAN_POINT('Ctrl Pts',(-0.354699868492593,-1.50257180878802,
-7.2338553673053));
#3154=CARTESIAN_POINT('Ctrl Pts',(-0.860306291321546,-1.28195441509663,
-7.26031696335096));
#3155=CARTESIAN_POINT('Ctrl Pts',(-1.15753735697722,-0.899425884166795,
-7.28677855939662));
#3156=CARTESIAN_POINT('Ctrl Pts',(-1.45476842263289,-0.516897353236961,
-7.31324015544227));
#3157=CARTESIAN_POINT('Ctrl Pts',(-1.54362413111528,0.0275423149312957,
-7.33970175148793));
#3158=CARTESIAN_POINT('Ctrl Pts',(-1.38343861893232,0.484723881765335,-7.36616334753359));
#3159=CARTESIAN_POINT('Ctrl Pts',(-1.22325310674937,0.941905448599371,-7.39262494357925));
#3160=CARTESIAN_POINT('Ctrl Pts',(-0.814026373901057,1.31182891409919,-7.4190865396249));
#3161=CARTESIAN_POINT('Ctrl Pts',(-0.343045863586497,1.4251944391497,-7.44554813567057));
#3162=CARTESIAN_POINT('Ctrl Pts',(0.12793464672807,1.5385599642002,-7.47200973171623));
#3163=CARTESIAN_POINT('Ctrl Pts',(0.660668934508894,1.39536754880141,-7.49847132776189));
#3164=CARTESIAN_POINT('Ctrl Pts',(1.01134486664213,1.06115089154353,-7.52493292380754));
#3165=CARTESIAN_POINT('Ctrl Pts',(1.2958798425933,0.789970808106218,-7.54640360059074));
#3166=CARTESIAN_POINT('Ctrl Pts',(1.46055599420862,0.393029174382268,-7.56787427737394));
#3167=CARTESIAN_POINT('Ctrl Pts',(1.46415060534138,-0.00126594598389521,
-7.58934495415714));
#3168=CARTESIAN_POINT('Origin',(0.,0.,-15.5));
#3169=CARTESIAN_POINT('',(1.46544480950797,0.000731760131383909,-8.16065504584291));
#3170=CARTESIAN_POINT('',(1.46519711864664,0.000895521584491276,-8.08934495415716));
#3171=CARTESIAN_POINT('',(1.4635,-1.79227059055215E-16,-15.5));
#3172=CARTESIAN_POINT('Ctrl Pts',(1.46544480950797,0.000731760131383909,
-8.16065504584291));
#3173=CARTESIAN_POINT('Ctrl Pts',(1.46570119831054,0.0425799176709613,-8.1583710191474));
#3174=CARTESIAN_POINT('Ctrl Pts',(1.46406397560017,0.0844077218875595,-8.15608699245188));
#3175=CARTESIAN_POINT('Ctrl Pts',(1.46046802694629,0.126066450422601,-8.15380296575636));
#3176=CARTESIAN_POINT('Ctrl Pts',(1.41880715631518,0.608703736770453,-8.12734136971071));
#3177=CARTESIAN_POINT('Ctrl Pts',(1.11423853163128,1.06864703274639,-8.10087977366505));
#3178=CARTESIAN_POINT('Ctrl Pts',(0.68615157791744,1.2953978615761,-8.07441817761939));
#3179=CARTESIAN_POINT('Ctrl Pts',(0.258064624203592,1.52214869040582,-8.04795658157373));
#3180=CARTESIAN_POINT('Ctrl Pts',(-0.293540658540199,1.51570705208932,-8.02149498552807));
#3181=CARTESIAN_POINT('Ctrl Pts',(-0.7162156036759,1.27902103841403,-7.99503338948241));
#3182=CARTESIAN_POINT('Ctrl Pts',(-1.1388905488116,1.04233502473874,-7.96857179343676));
#3183=CARTESIAN_POINT('Ctrl Pts',(-1.43263515633921,0.57540463570467,-7.9421101973911));
#3184=CARTESIAN_POINT('Ctrl Pts',(-1.46301374041179,0.0919260736724805,
-7.91564860134544));
#3185=CARTESIAN_POINT('Ctrl Pts',(-1.49339232448437,-0.391552488359698,
-7.88918700529978));
#3186=CARTESIAN_POINT('Ctrl Pts',(-1.26040488510192,-0.89157922339,-7.86272540925412));
#3187=CARTESIAN_POINT('Ctrl Pts',(-0.870680873169881,-1.17931099577281,
-7.83626381320846));
#3188=CARTESIAN_POINT('Ctrl Pts',(-0.480956861237837,-1.46704276815564,
-7.8098022171628));
#3189=CARTESIAN_POINT('Ctrl Pts',(0.0655037232438003,-1.54247957789097,
-7.78334062111715));
#3190=CARTESIAN_POINT('Ctrl Pts',(0.518606745504562,-1.37109687884252,-7.75687902507149));
#3191=CARTESIAN_POINT('Ctrl Pts',(0.971709767765324,-1.19971417979407,-7.73041742902583));
#3192=CARTESIAN_POINT('Ctrl Pts',(1.33145522780521,-0.781511971961841,-7.70395583298017));
#3193=CARTESIAN_POINT('Ctrl Pts',(1.43320137080923,-0.307885430582694,-7.67749423693451));
#3194=CARTESIAN_POINT('Ctrl Pts',(1.45478387779938,-0.207419232668583,-7.67188117323731));
#3195=CARTESIAN_POINT('Ctrl Pts',(1.46475760890596,-0.104459196111661,-7.66626810954011));
#3196=CARTESIAN_POINT('Ctrl Pts',(1.46380509974459,-0.00131628878098158,
-7.66065504584291));
#3197=CARTESIAN_POINT('Ctrl Pts',(1.46415060534138,-0.00126594598389521,
-7.58934495415714));
#3198=CARTESIAN_POINT('Ctrl Pts',(1.46498618281874,-0.0929209567317415,
-7.5943358734196));
#3199=CARTESIAN_POINT('Ctrl Pts',(1.45711783019404,-0.184432964952967,-7.59932679268206));
#3200=CARTESIAN_POINT('Ctrl Pts',(1.44002777251835,-0.274189110438138,-7.60431771194451));
#3201=CARTESIAN_POINT('Ctrl Pts',(1.34941716977569,-0.750071556044988,-7.63077930799017));
#3202=CARTESIAN_POINT('Ctrl Pts',(0.999578387804695,-1.17659554814173,-7.65724090403584));
#3203=CARTESIAN_POINT('Ctrl Pts',(0.550619273302477,-1.35855734872506,-7.68370250008149));
#3204=CARTESIAN_POINT('Ctrl Pts',(0.101660158800258,-1.5405191493084,-7.71016409612715));
#3205=CARTESIAN_POINT('Ctrl Pts',(-0.446419288233188,-1.47791875837833,
-7.73662569217281));
#3206=CARTESIAN_POINT('Ctrl Pts',(-0.842784041477837,-1.19940598353406,
-7.76308728821846));
#3207=CARTESIAN_POINT('Ctrl Pts',(-1.23914879472247,-0.9208932086898,-7.78954888426412));
#3208=CARTESIAN_POINT('Ctrl Pts',(-1.48379885417832,-0.426468049931351,
-7.81601048030978));
#3209=CARTESIAN_POINT('Ctrl Pts',(-1.46476723324343,0.0575899845755896,
-7.84247207635544));
#3210=CARTESIAN_POINT('Ctrl Pts',(-1.44573561230853,0.541648019082551,-7.8689336724011));
#3211=CARTESIAN_POINT('Ctrl Pts',(-1.16302231098287,1.01533892933801,-7.89539526844675));
#3212=CARTESIAN_POINT('Ctrl Pts',(-0.746014407659685,1.26187248066958,-7.92185686449241));
#3213=CARTESIAN_POINT('Ctrl Pts',(-0.329006504336503,1.50840603200115,-7.94831846053807));
#3214=CARTESIAN_POINT('Ctrl Pts',(0.222296000984194,1.52778222440884,-7.97478005658373));
#3215=CARTESIAN_POINT('Ctrl Pts',(0.655583011324846,1.31113331479651,-8.00124165262939));
#3216=CARTESIAN_POINT('Ctrl Pts',(1.08887002166548,1.09448440518418,-8.02770324867505));
#3217=CARTESIAN_POINT('Ctrl Pts',(1.40414153702608,0.641810393551863,-8.05416484472071));
#3218=CARTESIAN_POINT('Ctrl Pts',(1.45710982817056,0.160282882915797,-8.08062644076637));
#3219=CARTESIAN_POINT('Ctrl Pts',(1.4629271234795,0.107398644662601,-8.08353261189663));
#3220=CARTESIAN_POINT('Ctrl Pts',(1.4655805830562,0.0541663827378678,-8.08643878302689));
#3221=CARTESIAN_POINT('Ctrl Pts',(1.46519711864664,0.000895521584491276,
-8.08934495415716));
#3222=CARTESIAN_POINT('Origin',(0.,0.,-15.5));
#3223=CARTESIAN_POINT('',(1.46161119584799,0.000854314910410173,-8.66065504584291));
#3224=CARTESIAN_POINT('',(1.46142672915494,0.000700194088212443,-8.58934495415715));
#3225=CARTESIAN_POINT('',(1.4635,-1.79227059055215E-16,-15.5));
#3226=CARTESIAN_POINT('Ctrl Pts',(1.46161119584799,0.000854314910410173,
-8.66065504584291));
#3227=CARTESIAN_POINT('Ctrl Pts',(1.46260996229191,0.188650199734103,-8.65047392875467));
#3228=CARTESIAN_POINT('Ctrl Pts',(1.42903675210351,0.376102567487328,-8.64029281166644));
#3229=CARTESIAN_POINT('Ctrl Pts',(1.35924200108502,0.548926944265742,-8.63011169457821));
#3230=CARTESIAN_POINT('Ctrl Pts',(1.17783946032718,0.998112314153908,-8.60365009853255));
#3231=CARTESIAN_POINT('Ctrl Pts',(0.751751479610279,1.34848199797893,-8.57718850248689));
#3232=CARTESIAN_POINT('Ctrl Pts',(0.275982251184647,1.43968517554554,-8.55072690644123));
#3233=CARTESIAN_POINT('Ctrl Pts',(-0.199786977240979,1.53088835311214,-8.52426531039558));
#3234=CARTESIAN_POINT('Ctrl Pts',(-0.725237453375329,1.36292502442033,-8.49780371434992));
#3235=CARTESIAN_POINT('Ctrl Pts',(-1.05989056645418,1.01266558882781,-8.47134211830426));
#3236=CARTESIAN_POINT('Ctrl Pts',(-1.39454367953304,0.662406153235277,-8.4448805222586));
#3237=CARTESIAN_POINT('Ctrl Pts',(-1.53839942955639,0.12985061074203,-8.41841892621293));
#3238=CARTESIAN_POINT('Ctrl Pts',(-1.42562053501568,-0.341270710428157,
-8.39195733016728));
#3239=CARTESIAN_POINT('Ctrl Pts',(-1.31284164047497,-0.812392031598338,
-8.36549573412162));
#3240=CARTESIAN_POINT('Ctrl Pts',(-0.943428101370214,-1.22207913144546,
-8.33903413807598));
#3241=CARTESIAN_POINT('Ctrl Pts',(-0.486446382984599,-1.38283387438106,
-8.31257254203032));
#3242=CARTESIAN_POINT('Ctrl Pts',(-0.0294646645989845,-1.54358861731666,
-8.28611094598466));
#3243=CARTESIAN_POINT('Ctrl Pts',(0.515085233067485,-1.45541100334074,-8.25964934993899));
#3244=CARTESIAN_POINT('Ctrl Pts',(0.897983623611576,-1.1586565579929,-8.23318775389333));
#3245=CARTESIAN_POINT('Ctrl Pts',(1.24783222592054,-0.887516405676283,-8.20901018454319));
#3246=CARTESIAN_POINT('Ctrl Pts',(1.46273080530354,-0.442251998804131,-8.18483261519305));
#3247=CARTESIAN_POINT('Ctrl Pts',(1.46544480950797,0.000731760131383909,
-8.16065504584291));
#3248=CARTESIAN_POINT('Ctrl Pts',(1.46519711864664,0.000895521584491276,
-8.08934495415716));
#3249=CARTESIAN_POINT('Ctrl Pts',(1.46208901981067,-0.430881450187576,-8.11290037907255));
#3250=CARTESIAN_POINT('Ctrl Pts',(1.25946689189467,-0.865194240327336,-8.13645580398794));
#3251=CARTESIAN_POINT('Ctrl Pts',(0.924909631246245,-1.13727825440169,-8.16001122890333));
#3252=CARTESIAN_POINT('Ctrl Pts',(0.549076076249123,-1.44293087144327,-8.18647282494899));
#3253=CARTESIAN_POINT('Ctrl Pts',(0.00674389932654208,-1.5438550958866,
-8.21293442099466));
#3254=CARTESIAN_POINT('Ctrl Pts',(-0.453882179186005,-1.39386176550058,
-8.23939601704032));
#3255=CARTESIAN_POINT('Ctrl Pts',(-0.914508257698553,-1.24386843511455,
-8.26585761308598));
#3256=CARTESIAN_POINT('Ctrl Pts',(-1.29342823780106,-0.842957549899159,
-8.29231920913162));
#3257=CARTESIAN_POINT('Ctrl Pts',(-1.41722491931089,-0.374610707256558,
-8.31878080517728));
#3258=CARTESIAN_POINT('Ctrl Pts',(-1.54102160082072,0.093736135386057,-8.34524240122294));
#3259=CARTESIAN_POINT('Ctrl Pts',(-1.40969498373785,0.629518935455886,-8.37170399726861));
#3260=CARTESIAN_POINT('Ctrl Pts',(-1.08334824403577,0.987530372217301,-8.39816559331426));
#3261=CARTESIAN_POINT('Ctrl Pts',(-0.757001504333694,1.34554180897871,-8.42462718935992));
#3262=CARTESIAN_POINT('Ctrl Pts',(-0.235634642012417,1.52578188243171,-8.45108878540558));
#3263=CARTESIAN_POINT('Ctrl Pts',(0.242142646212389,1.44576159611199,-8.47755038145123));
#3264=CARTESIAN_POINT('Ctrl Pts',(0.719919934437195,1.36574130979227,-8.50401197749689));
#3265=CARTESIAN_POINT('Ctrl Pts',(1.15410764856553,1.02546066369983,-8.53047357354255));
#3266=CARTESIAN_POINT('Ctrl Pts',(1.34599465777376,0.580653110860112,-8.55693516958821));
#3267=CARTESIAN_POINT('Ctrl Pts',(1.42433481306001,0.399055133457971,-8.56773843111119));
#3268=CARTESIAN_POINT('Ctrl Pts',(1.46228882467051,0.200034843251285,-8.57854169263417));
#3269=CARTESIAN_POINT('Ctrl Pts',(1.46142672915494,0.000700194088212443,
-8.58934495415715));
#3270=CARTESIAN_POINT('Origin',(0.,0.,-15.5));
#3271=CARTESIAN_POINT('',(1.46233551029242,-0.00119566406732718,-9.16065504584291));
#3272=CARTESIAN_POINT('',(1.46263977298587,-0.00126961140704493,-9.08934495415716));
#3273=CARTESIAN_POINT('',(1.4635,-1.79227059055215E-16,-15.5));
#3274=CARTESIAN_POINT('Ctrl Pts',(1.46233551029242,-0.00119566406732718,
-9.16065504584291));
#3275=CARTESIAN_POINT('Ctrl Pts',(1.45977245061868,0.331850833986391,-9.14257683836196));
#3276=CARTESIAN_POINT('Ctrl Pts',(1.34692704705509,0.666468285069431,-9.12449863088101));
#3277=CARTESIAN_POINT('Ctrl Pts',(1.13842920784387,0.92349258057795,-9.10642042340006));
#3278=CARTESIAN_POINT('Ctrl Pts',(0.833244880060618,1.29970648833584,-9.0799588273544));
#3279=CARTESIAN_POINT('Ctrl Pts',(0.323124969532588,1.50967686609886,-9.05349723130874));
#3280=CARTESIAN_POINT('Ctrl Pts',(-0.158468127227726,1.45730829281503,-9.02703563526308));
#3281=CARTESIAN_POINT('Ctrl Pts',(-0.640061223988026,1.40493971953121,-9.00057403921742));
#3282=CARTESIAN_POINT('Ctrl Pts',(-1.09312750698062,1.09023219520056,-8.97411244317176));
#3283=CARTESIAN_POINT('Ctrl Pts',(-1.31031584557238,0.657215331909174,-8.9476508471261));
#3284=CARTESIAN_POINT('Ctrl Pts',(-1.52750418416413,0.224198468617781,-8.92118925108045));
#3285=CARTESIAN_POINT('Ctrl Pts',(-1.50881457835506,-0.327127733634335,
-8.89472765503479));
#3286=CARTESIAN_POINT('Ctrl Pts',(-1.26280054678265,-0.744442332689357,
-8.86826605898914));
#3287=CARTESIAN_POINT('Ctrl Pts',(-1.01678651521024,-1.16175693174438,-8.84180446294348));
#3288=CARTESIAN_POINT('Ctrl Pts',(-0.543448057874486,-1.44505992760229,
-8.81534286689781));
#3289=CARTESIAN_POINT('Ctrl Pts',(-0.0594141052100884,-1.46469436120872,
-8.78888127085215));
#3290=CARTESIAN_POINT('Ctrl Pts',(0.424619847454303,-1.48432879481514,-8.7624196748065));
#3291=CARTESIAN_POINT('Ctrl Pts',(0.919349295447344,-1.24029466617009,-8.73595807876085));
#3292=CARTESIAN_POINT('Ctrl Pts',(1.19835546904448,-0.844277073871912,-8.70949648271519));
#3293=CARTESIAN_POINT('Ctrl Pts',(1.37001382745953,-0.6006275197386,-8.69321600375776));
#3294=CARTESIAN_POINT('Ctrl Pts',(1.4600140826891,-0.299447402933151,-8.67693552480034));
#3295=CARTESIAN_POINT('Ctrl Pts',(1.46161119584799,0.000854314910410173,
-8.66065504584291));
#3296=CARTESIAN_POINT('Ctrl Pts',(1.46142672915494,0.000700194088212443,
-8.58934495415715));
#3297=CARTESIAN_POINT('Ctrl Pts',(1.46017720095047,-0.288217056680638,-8.60500328867983));
#3298=CARTESIAN_POINT('Ctrl Pts',(1.37738342459959,-0.577794707645311,-8.62066162320251));
#3299=CARTESIAN_POINT('Ctrl Pts',(1.21782599336665,-0.815940870276486,-8.63631995772519));
#3300=CARTESIAN_POINT('Ctrl Pts',(0.948184015463195,-1.21839283898637,-8.66278155377084));
#3301=CARTESIAN_POINT('Ctrl Pts',(0.459313755368145,-1.47396231681912,-8.6892431498165));
#3302=CARTESIAN_POINT('Ctrl Pts',(-0.0250475436743634,-1.46568491650249,
-8.71570474586215));
#3303=CARTESIAN_POINT('Ctrl Pts',(-0.509408842716872,-1.45740751618586,
-8.74216634190781));
#3304=CARTESIAN_POINT('Ctrl Pts',(-0.989261180706842,-1.18528323771986,
-8.76862793795348));
#3305=CARTESIAN_POINT('Ctrl Pts',(-1.24499447286383,-0.773852968234621,
-8.79508953399914));
#3306=CARTESIAN_POINT('Ctrl Pts',(-1.50072776502082,-0.362422698749386,
-8.82155113004479));
#3307=CARTESIAN_POINT('Ctrl Pts',(-1.53234201134482,0.188313561755095,-8.84801272609045));
#3308=CARTESIAN_POINT('Ctrl Pts',(-1.32536857895479,0.626304864923131,-8.87447432213611));
#3309=CARTESIAN_POINT('Ctrl Pts',(-1.11839514656477,1.06429616809117,-8.90093591818177));
#3310=CARTESIAN_POINT('Ctrl Pts',(-0.67283403546073,1.38954251392276,-8.92739751422743));
#3311=CARTESIAN_POINT('Ctrl Pts',(-0.192601545799314,1.45319107431292,-8.95385911027308));
#3312=CARTESIAN_POINT('Ctrl Pts',(0.287630943862103,1.51683963470308,-8.98032070631874));
#3313=CARTESIAN_POINT('Ctrl Pts',(0.802534812080902,1.31889040965178,-9.00678230236439));
#3314=CARTESIAN_POINT('Ctrl Pts',(1.11645822765629,0.94993719782184,-9.03324389841005));
#3315=CARTESIAN_POINT('Ctrl Pts',(1.3383072172527,0.689198771850023,-9.05194425032575));
#3316=CARTESIAN_POINT('Ctrl Pts',(1.4597821891306,0.343057228445151,-9.07064460224146));
#3317=CARTESIAN_POINT('Ctrl Pts',(1.46263977298587,-0.00126961140704493,
-9.08934495415716));
#3318=CARTESIAN_POINT('Origin',(0.,0.,-15.5));
#3319=CARTESIAN_POINT('',(1.46587558161764,-0.000165850455009497,-9.66065504584291));
#3320=CARTESIAN_POINT('',(1.46589706115601,4.64659836753336E-5,-9.58934495415715));
#3321=CARTESIAN_POINT('',(1.4635,-1.79227059055215E-16,-15.5));
#3322=CARTESIAN_POINT('Ctrl Pts',(1.46587558161764,-0.000165850455009497,
-9.66065504584291));
#3323=CARTESIAN_POINT('Ctrl Pts',(1.46511239554914,0.475383915969818,-9.63467974796924));
#3324=CARTESIAN_POINT('Ctrl Pts',(1.21218282675836,0.95163048372411,-9.60870445009557));
#3325=CARTESIAN_POINT('Ctrl Pts',(0.817456863361492,1.2168088938686,-9.5827291522219));
#3326=CARTESIAN_POINT('Ctrl Pts',(0.415341013027789,1.48695185828814,-9.55626755617624));
#3327=CARTESIAN_POINT('Ctrl Pts',(-0.133930231341341,1.53804963479803,-9.52980596013058));
#3328=CARTESIAN_POINT('Ctrl Pts',(-0.578976403311883,1.34671672302031,-9.50334436408493));
#3329=CARTESIAN_POINT('Ctrl Pts',(-1.02402257528241,1.1553838112426,-9.47688276803927));
#3330=CARTESIAN_POINT('Ctrl Pts',(-1.36484367485435,0.721620211177288,-9.45042117199361));
#3331=CARTESIAN_POINT('Ctrl Pts',(-1.44545890408998,0.24394295284249,-9.42395957594795));
#3332=CARTESIAN_POINT('Ctrl Pts',(-1.52607413332561,-0.233734305492301,
-9.3974979799023));
#3333=CARTESIAN_POINT('Ctrl Pts',(-1.34648349222492,-0.75532522209659,-9.37103638385663));
#3334=CARTESIAN_POINT('Ctrl Pts',(-0.988878756872847,-1.0821175591682,-9.34457478781098));
#3335=CARTESIAN_POINT('Ctrl Pts',(-0.631274021520755,-1.40890989623983,
-9.31811319176532));
#3336=CARTESIAN_POINT('Ctrl Pts',(-0.0956551919172612,-1.54090365377878,
-9.29165159571966));
#3337=CARTESIAN_POINT('Ctrl Pts',(0.372845454220796,-1.41769033110952,-9.26518999967401));
#3338=CARTESIAN_POINT('Ctrl Pts',(0.841346100358846,-1.29447700844027,-9.23872840362835));
#3339=CARTESIAN_POINT('Ctrl Pts',(1.24272856303146,-0.916056605562821,-9.21226680758269));
#3340=CARTESIAN_POINT('Ctrl Pts',(1.39329542184852,-0.455617685247726,-9.18580521153703));
#3341=CARTESIAN_POINT('Ctrl Pts',(1.44099702232087,-0.309744459284519,-9.17742182297232));
#3342=CARTESIAN_POINT('Ctrl Pts',(1.46352407531924,-0.155638974126751,-9.16903843440762));
#3343=CARTESIAN_POINT('Ctrl Pts',(1.46233551029242,-0.00119566406732718,
-9.16065504584291));
#3344=CARTESIAN_POINT('Ctrl Pts',(1.46263977298586,-0.00126961140704487,
-9.08934495415716));
#3345=CARTESIAN_POINT('Ctrl Pts',(1.46382576167862,-0.144176262396171,-9.09710619828712));
#3346=CARTESIAN_POINT('Ctrl Pts',(1.44457972183799,-0.28677032789184,-9.10486744241708));
#3347=CARTESIAN_POINT('Ctrl Pts',(1.40359743672961,-0.422816614518752,-9.11262868654704));
#3348=CARTESIAN_POINT('Ctrl Pts',(1.26387026729557,-0.886660016420832,-9.13909028259269));
#3349=CARTESIAN_POINT('Ctrl Pts',(0.871472965495507,-1.27438962161642,-9.16555187863834));
#3350=CARTESIAN_POINT('Ctrl Pts',(0.405990786820537,-1.40855640104465,-9.192013474684));
#3351=CARTESIAN_POINT('Ctrl Pts',(-0.0594913918544467,-1.54272318047289,
-9.21847507072966));
#3352=CARTESIAN_POINT('Ctrl Pts',(-0.598058447404339,-1.42332713413379,
-9.24493666677533));
#3353=CARTESIAN_POINT('Ctrl Pts',(-0.963228811718616,-1.10501127151815,
-9.27139826282099));
#3354=CARTESIAN_POINT('Ctrl Pts',(-1.32839917603287,-0.786695408902541,
-9.29785985886665));
#3355=CARTESIAN_POINT('Ctrl Pts',(-1.52017284911153,-0.26945973001044,-9.3243214549123));
#3356=CARTESIAN_POINT('Ctrl Pts',(-1.45078234652411,0.209976753287186,-9.35078305095795));
#3357=CARTESIAN_POINT('Ctrl Pts',(-1.38139184393669,0.689413236584832,-9.37724464700361));
#3358=CARTESIAN_POINT('Ctrl Pts',(-1.05083716568316,1.131050524288,-9.40370624304928));
#3359=CARTESIAN_POINT('Ctrl Pts',(-0.610400560840232,1.33276810032089,-9.43016783909493));
#3360=CARTESIAN_POINT('Ctrl Pts',(-0.169963955997312,1.53448567635378,-9.45662943514059));
#3361=CARTESIAN_POINT('Ctrl Pts',(0.380354575435017,1.4962835407164,-9.48309103118624));
#3362=CARTESIAN_POINT('Ctrl Pts',(0.788695263740177,1.23564535157174,-9.5095526272319));
#3363=CARTESIAN_POINT('Ctrl Pts',(1.19703595204534,0.975007162427068,-9.53601422327756));
#3364=CARTESIAN_POINT('Ctrl Pts',(1.46339879722333,0.491932919775119,-9.56247581932322));
#3365=CARTESIAN_POINT('Ctrl Pts',(1.46587970007371,0.00750725108363648,
-9.58893741536888));
#3366=CARTESIAN_POINT('Ctrl Pts',(1.46589243631909,0.00502034830720063,
-9.58907326163164));
#3367=CARTESIAN_POINT('Ctrl Pts',(1.4658982179511,0.00253340991390687,-9.58920910789439));
#3368=CARTESIAN_POINT('Ctrl Pts',(1.46589706115601,4.64659836753835E-5,
-9.58934495415715));
#3369=CARTESIAN_POINT('Origin',(0.,0.,-15.5));
#3370=CARTESIAN_POINT('',(1.46282015652927,0.00129988111855279,-10.1606550458429));
#3371=CARTESIAN_POINT('',(1.4625041730753,0.00124042571435185,-10.0893449541572));
#3372=CARTESIAN_POINT('',(1.4635,-1.79227059055215E-16,-15.5));
#3373=CARTESIAN_POINT('Ctrl Pts',(1.46282015652927,0.0012998811185528,-10.1606550458429));
#3374=CARTESIAN_POINT('Ctrl Pts',(1.46399046882733,0.137711061463436,-10.1532442536222));
#3375=CARTESIAN_POINT('Ctrl Pts',(1.44647305495325,0.273827419471666,-10.1458334614015));
#3376=CARTESIAN_POINT('Ctrl Pts',(1.40906089922725,0.404236304558898,-10.1384226691807));
#3377=CARTESIAN_POINT('Ctrl Pts',(1.27547391924828,0.869885203510757,-10.1119610731351));
#3378=CARTESIAN_POINT('Ctrl Pts',(0.888233295708178,1.26276506063674,-10.0854994770894));
#3379=CARTESIAN_POINT('Ctrl Pts',(0.424564269443111,1.40306977330665,-10.0590378810437));
#3380=CARTESIAN_POINT('Ctrl Pts',(-0.0391047568219353,1.54337448597655,
-10.0325762849981));
#3381=CARTESIAN_POINT('Ctrl Pts',(-0.579202185811944,1.43110405419039,-10.0061146889524));
#3382=CARTESIAN_POINT('Ctrl Pts',(-0.948546055952949,1.11764036585596,-9.97965309290677));
#3383=CARTESIAN_POINT('Ctrl Pts',(-1.31788992609395,0.804176677521528,-9.95319149686112));
#3384=CARTESIAN_POINT('Ctrl Pts',(-1.51648023738598,0.289519732638834,-9.92672990081547));
#3385=CARTESIAN_POINT('Ctrl Pts',(-1.45342979048327,-0.190791644969826,
-9.90026830476981));
#3386=CARTESIAN_POINT('Ctrl Pts',(-1.39037934358056,-0.6711030225785,-9.87380670872415));
#3387=CARTESIAN_POINT('Ctrl Pts',(-1.06568813848311,-1.11706883291314,-9.84734511267848));
#3388=CARTESIAN_POINT('Ctrl Pts',(-0.627954936588233,-1.32458756043872,
-9.82088351663282));
#3389=CARTESIAN_POINT('Ctrl Pts',(-0.190221734693379,-1.53210628796429,
-9.79442192058717));
#3390=CARTESIAN_POINT('Ctrl Pts',(0.36055346399888,-1.50117793268083,-9.76796032454151));
#3391=CARTESIAN_POINT('Ctrl Pts',(0.772301890611771,-1.24595722134109,-9.74149872849586));
#3392=CARTESIAN_POINT('Ctrl Pts',(1.18405031722467,-0.990736510001348,-9.7150371324502));
#3393=CARTESIAN_POINT('Ctrl Pts',(1.4567719717582,-0.511223442605311,-9.68857553640454));
#3394=CARTESIAN_POINT('Ctrl Pts',(1.46565257087583,-0.0268728327427039,
-9.66211394035888));
#3395=CARTESIAN_POINT('Ctrl Pts',(1.4658157741501,-0.0179716759201263,-9.66162764218689));
#3396=CARTESIAN_POINT('Ctrl Pts',(1.4658898696536,-0.0090688853009265,-9.6611413440149));
#3397=CARTESIAN_POINT('Ctrl Pts',(1.46587558161764,-0.000165850455009497,
-9.66065504584291));
#3398=CARTESIAN_POINT('Ctrl Pts',(1.46589706115601,4.64659836753336E-5,
-9.58934495415715));
#3399=CARTESIAN_POINT('Ctrl Pts',(1.46567288496147,-0.481900275156481,-9.61567070394005));
#3400=CARTESIAN_POINT('Ctrl Pts',(1.20487707389463,-0.96405495520133,-9.64199645372295));
#3401=CARTESIAN_POINT('Ctrl Pts',(0.801309851913744,-1.22750241349376,-9.66832220350585));
#3402=CARTESIAN_POINT('Ctrl Pts',(0.395660140380655,-1.49230931464865,-9.69478379955151));
#3403=CARTESIAN_POINT('Ctrl Pts',(-0.154238243208293,-1.53614602222744,
-9.72124539559717));
#3404=CARTESIAN_POINT('Ctrl Pts',(-0.596717814754822,-1.33895014972973,
-9.74770699164283));
#3405=CARTESIAN_POINT('Ctrl Pts',(-1.03919738630137,-1.14175427723201,-9.77416858768849));
#3406=CARTESIAN_POINT('Ctrl Pts',(-1.3742581458055,-0.703525824657771,-9.80063018373415));
#3407=CARTESIAN_POINT('Ctrl Pts',(-1.44855558293404,-0.224825214461496,
-9.8270917797798));
#3408=CARTESIAN_POINT('Ctrl Pts',(-1.52285302006257,0.253875395734766,-9.85355337582546));
#3409=CARTESIAN_POINT('Ctrl Pts',(-1.33638713481551,0.773048163553056,-9.88001497187112));
#3410=CARTESIAN_POINT('Ctrl Pts',(-0.974496239889853,1.09508754551751,-9.90647656791678));
#3411=CARTESIAN_POINT('Ctrl Pts',(-0.612605344964194,1.41712692748196,-9.93293816396244));
#3412=CARTESIAN_POINT('Ctrl Pts',(-0.0752894403599387,1.54203292359257,
-9.95939976000809));
#3413=CARTESIAN_POINT('Ctrl Pts',(0.391542509806357,1.4126408308277,-9.98586135605375));
#3414=CARTESIAN_POINT('Ctrl Pts',(0.858374459972652,1.28324873806282,-10.0123229520994));
#3415=CARTESIAN_POINT('Ctrl Pts',(1.25472245570099,0.899558556422446,-10.0387845481451));
#3416=CARTESIAN_POINT('Ctrl Pts',(1.39919315980545,0.437170625111836,-10.0652461441907));
#3417=CARTESIAN_POINT('Ctrl Pts',(1.44305007654775,0.296803696523503,-10.0732790808462));
#3418=CARTESIAN_POINT('Ctrl Pts',(1.46369536384978,0.149184415047968,-10.0813120175017));
#3419=CARTESIAN_POINT('Ctrl Pts',(1.4625041730753,0.00124042571435185,-10.0893449541572));
#3420=CARTESIAN_POINT('Origin',(0.,0.,-15.5));
#3421=CARTESIAN_POINT('',(1.46133984335268,-0.000607176638604962,-10.6606550458429));
#3422=CARTESIAN_POINT('',(1.46150263866911,-0.000769362345729307,-10.5893449541571));
#3423=CARTESIAN_POINT('',(1.4635,-1.79227059055215E-16,-15.5));
#3424=CARTESIAN_POINT('Ctrl Pts',(1.46133984335268,-0.000607176638604962,
-10.6606550458429));
#3425=CARTESIAN_POINT('Ctrl Pts',(1.4602842223881,0.281885753922404,-10.6453471632295));
#3426=CARTESIAN_POINT('Ctrl Pts',(1.38139628903875,0.56492389704993,-10.630039280616));
#3427=CARTESIAN_POINT('Ctrl Pts',(1.22849936949194,0.799780536655171,-10.6147313980026));
#3428=CARTESIAN_POINT('Ctrl Pts',(0.964197857399156,1.20575970979145,-10.5882698019569));
#3429=CARTESIAN_POINT('Ctrl Pts',(0.47874668360257,1.46776551223587,-10.5618082059113));
#3430=CARTESIAN_POINT('Ctrl Pts',(-0.00568169384372809,1.46588789680848,
-10.5353466098656));
#3431=CARTESIAN_POINT('Ctrl Pts',(-0.490110071290054,1.4640102813811,-10.5088850138199));
#3432=CARTESIAN_POINT('Ctrl Pts',(-0.973515652386093,1.19824924808188,-10.4824234177743));
#3433=CARTESIAN_POINT('Ctrl Pts',(-1.23466216871531,0.79023346980353,-10.4559618217286));
#3434=CARTESIAN_POINT('Ctrl Pts',(-1.49580868504453,0.382217691525195,-10.429500225683));
#3435=CARTESIAN_POINT('Ctrl Pts',(-1.53469613660694,-0.168052831732257,
-10.4030386296373));
#3436=CARTESIAN_POINT('Ctrl Pts',(-1.33352722231969,-0.608740301759998,
-10.3765770335916));
#3437=CARTESIAN_POINT('Ctrl Pts',(-1.13235830803245,-1.04942777178775,-10.350115437546));
#3438=CARTESIAN_POINT('Ctrl Pts',(-0.691133027895539,-1.38053218858578,
-10.3236538415003));
#3439=CARTESIAN_POINT('Ctrl Pts',(-0.211783337860328,-1.45051970874555,
-10.2971922454547));
#3440=CARTESIAN_POINT('Ctrl Pts',(0.267566352174883,-1.52050722890532,-10.270730649409));
#3441=CARTESIAN_POINT('Ctrl Pts',(0.785040452108395,-1.32937785242682,-10.2442690533634));
#3442=CARTESIAN_POINT('Ctrl Pts',(1.10381083386623,-0.964604193798717,-10.2178074573177));
#3443=CARTESIAN_POINT('Ctrl Pts',(1.33330689289411,-0.701988461964736,-10.1987566534928));
#3444=CARTESIAN_POINT('Ctrl Pts',(1.45981165361349,-0.349370136185217,-10.1797058496678));
#3445=CARTESIAN_POINT('Ctrl Pts',(1.46282015652927,0.0012998811185528,-10.1606550458429));
#3446=CARTESIAN_POINT('Ctrl Pts',(1.4625041730753,0.00124042571435185,-10.0893449541572));
#3447=CARTESIAN_POINT('Ctrl Pts',(1.45977141792074,-0.338163394480837,-10.1077736135473));
#3448=CARTESIAN_POINT('Ctrl Pts',(1.34211184124648,-0.679276173507235,-10.1262022729375));
#3449=CARTESIAN_POINT('Ctrl Pts',(1.12612928943252,-0.938452171071727,-10.1446309323277));
#3450=CARTESIAN_POINT('Ctrl Pts',(0.816001302474562,-1.31060135496381,-10.1710925283734));
#3451=CARTESIAN_POINT('Ctrl Pts',(0.303151916078078,-1.51381404176714,-10.197554124419));
#3452=CARTESIAN_POINT('Ctrl Pts',(-0.177707296405201,-1.45508754743877,
-10.2240157204647));
#3453=CARTESIAN_POINT('Ctrl Pts',(-0.658566508888488,-1.3963610531104,-10.2504773165103));
#3454=CARTESIAN_POINT('Ctrl Pts',(-1.10743554745857,-1.07569537765034,-10.276938912556));
#3455=CARTESIAN_POINT('Ctrl Pts',(-1.31888419992013,-0.639846951315755,
-10.3034005086016));
#3456=CARTESIAN_POINT('Ctrl Pts',(-1.53033285238169,-0.203998524981168,
-10.3298621046473));
#3457=CARTESIAN_POINT('Ctrl Pts',(-1.50436111873473,0.347032652227943,-10.356323700693));
#3458=CARTESIAN_POINT('Ctrl Pts',(-1.2528552693515,0.761060659845986,-10.3827852967386));
#3459=CARTESIAN_POINT('Ctrl Pts',(-1.00134941996827,1.17508866746402,-10.4092468927843));
#3460=CARTESIAN_POINT('Ctrl Pts',(-0.524309454848779,1.45211350549099,-10.4357084888299));
#3461=CARTESIAN_POINT('Ctrl Pts',(-0.0400583431430536,1.46535148788666,
-10.4621700848756));
#3462=CARTESIAN_POINT('Ctrl Pts',(0.444192768562679,1.47858947028233,-10.4886316809213));
#3463=CARTESIAN_POINT('Ctrl Pts',(0.935655026854645,1.2280405970467,-10.5150932769669));
#3464=CARTESIAN_POINT('Ctrl Pts',(1.20940492992811,0.828371516514545,-10.5415548730126));
#3465=CARTESIAN_POINT('Ctrl Pts',(1.37420388434022,0.587768521433767,-10.5574849000608));
#3466=CARTESIAN_POINT('Ctrl Pts',(1.46010156183952,0.293122774588214,-10.573414927109));
#3467=CARTESIAN_POINT('Ctrl Pts',(1.46150263866911,-0.000769362345729307,
-10.5893449541571));
#3468=CARTESIAN_POINT('Origin',(0.,0.,-15.5));
#3469=CARTESIAN_POINT('',(1.46504105353717,-0.000978003562185359,-11.1606550458429));
#3470=CARTESIAN_POINT('',(1.46531026334605,-0.000826604793267606,-11.0893449541572));
#3471=CARTESIAN_POINT('',(1.4635,-1.79227059055215E-16,-15.5));
#3472=CARTESIAN_POINT('Ctrl Pts',(1.46504105353717,-0.000978003562185359,
-11.1606550458429));
#3473=CARTESIAN_POINT('Ctrl Pts',(1.46176638195021,0.424493889959481,-11.1374500728367));
#3474=CARTESIAN_POINT('Ctrl Pts',(1.26586378853613,0.85259288125047,-11.1142450998306));
#3475=CARTESIAN_POINT('Ctrl Pts',(0.939853872215571,1.12495969107161,-11.0910401268244));
#3476=CARTESIAN_POINT('Ctrl Pts',(0.568091202624795,1.43555089476821,-11.0645785307788));
#3477=CARTESIAN_POINT('Ctrl Pts',(0.0271397071761256,1.54363124555831,-11.0381169347331));
#3478=CARTESIAN_POINT('Ctrl Pts',(-0.435427778963626,1.39973649554526,-11.0116553386874));
#3479=CARTESIAN_POINT('Ctrl Pts',(-0.897995265103377,1.25584174553222,-10.9851937426418));
#3480=CARTESIAN_POINT('Ctrl Pts',(-1.28217874193421,0.859971894716054,-10.9587321465961));
#3481=CARTESIAN_POINT('Ctrl Pts',(-1.41215210788604,0.393301451621448,-10.9322705505505));
#3482=CARTESIAN_POINT('Ctrl Pts',(-1.54212547383788,-0.0733689914731521,
-10.9058089545048));
#3483=CARTESIAN_POINT('Ctrl Pts',(-1.41788872891072,-0.610840026846179,
-10.8793473584591));
#3484=CARTESIAN_POINT('Ctrl Pts',(-1.09630028542488,-0.973131692954181,
-10.8528857624135));
#3485=CARTESIAN_POINT('Ctrl Pts',(-0.774711841939034,-1.33542335906218,
-10.8264241663678));
#3486=CARTESIAN_POINT('Ctrl Pts',(-0.255771699894505,-1.52253565590516,
-10.7999625703222));
#3487=CARTESIAN_POINT('Ctrl Pts',(0.223021061163196,-1.44883443289155,-10.7735009742765));
#3488=CARTESIAN_POINT('Ctrl Pts',(0.70181382222091,-1.37513320987793,-10.7470393782309));
#3489=CARTESIAN_POINT('Ctrl Pts',(1.1404592022918,-1.0406184670077,-10.7205777821852));
#3490=CARTESIAN_POINT('Ctrl Pts',(1.33820596713276,-0.5983848236585,-10.6941161861395));
#3491=CARTESIAN_POINT('Ctrl Pts',(1.42155735468237,-0.411980824463255,-10.6829624727073));
#3492=CARTESIAN_POINT('Ctrl Pts',(1.46210899569263,-0.206438725891233,-10.6718087592751));
#3493=CARTESIAN_POINT('Ctrl Pts',(1.46133984335268,-0.000607176638604962,
-10.6606550458429));
#3494=CARTESIAN_POINT('Ctrl Pts',(1.46150263866911,-0.000769362345729307,
-10.5893449541571));
#3495=CARTESIAN_POINT('Ctrl Pts',(1.46242891062439,-0.195065662569781,-10.5998765231546));
#3496=CARTESIAN_POINT('Ctrl Pts',(1.42642407216962,-0.389032580894074,-10.6104080921521));
#3497=CARTESIAN_POINT('Ctrl Pts',(1.35187132846924,-0.566836453635299,-10.6209396611496));
#3498=CARTESIAN_POINT('Ctrl Pts',(1.16455027608194,-1.01358605542433,-10.6474012571952));
#3499=CARTESIAN_POINT('Ctrl Pts',(0.733870623452379,-1.35829597117373,-10.6738628532409));
#3500=CARTESIAN_POINT('Ctrl Pts',(0.256937995663854,-1.44320564033379,-10.7003244492865));
#3501=CARTESIAN_POINT('Ctrl Pts',(-0.219994632124678,-1.52811530949385,
-10.7267860453322));
#3502=CARTESIAN_POINT('Ctrl Pts',(-0.743180235072176,-1.35322473206457,
-10.7532476413778));
#3503=CARTESIAN_POINT('Ctrl Pts',(-1.07317674835408,-0.998574644530487,
-10.7797092374235));
#3504=CARTESIAN_POINT('Ctrl Pts',(-1.40317326163598,-0.643924556996403,
-10.8061708334692));
#3505=CARTESIAN_POINT('Ctrl Pts',(-1.53998068525228,-0.109514959357517,
-10.8326324295148));
#3506=CARTESIAN_POINT('Ctrl Pts',(-1.42098748744548,0.360075289946977,-10.8590940255605));
#3507=CARTESIAN_POINT('Ctrl Pts',(-1.30199428963868,0.829665539251465,-10.8855556216061));
#3508=CARTESIAN_POINT('Ctrl Pts',(-0.927200470408787,1.23443644022156,-10.9120172176518));
#3509=CARTESIAN_POINT('Ctrl Pts',(-0.468134843726035,1.38913981369646,-10.9384788136975));
#3510=CARTESIAN_POINT('Ctrl Pts',(-0.00906921704327782,1.54384318717135,
-10.9649404097431));
#3511=CARTESIAN_POINT('Ctrl Pts',(0.534268217092337,1.44847903315103,-10.9914020057888));
#3512=CARTESIAN_POINT('Ctrl Pts',(0.913212670519643,1.14669188202821,-11.0178636018344));
#3513=CARTESIAN_POINT('Ctrl Pts',(1.25442995687737,0.874950227460068,-11.0416907192753));
#3514=CARTESIAN_POINT('Ctrl Pts',(1.46235827379639,0.435841885861289,-11.0655178367162));
#3515=CARTESIAN_POINT('Ctrl Pts',(1.46531026334605,-0.000826604793267606,
-11.0893449541572));
#3516=CARTESIAN_POINT('Origin',(0.,0.,-15.5));
#3517=CARTESIAN_POINT('',(1.46434166353818,0.00122493073722356,-11.6606550458429));
#3518=CARTESIAN_POINT('',(1.4640004142186,0.00129148900485736,-11.5893449541571));
#3519=CARTESIAN_POINT('',(1.4635,-1.79227059055215E-16,-15.5));
#3520=CARTESIAN_POINT('Ctrl Pts',(1.46434166353818,0.00122493073722356,
-11.6606550458429));
#3521=CARTESIAN_POINT('Ctrl Pts',(1.46510522872676,0.0864153982045193,-11.6560145784897));
#3522=CARTESIAN_POINT('Ctrl Pts',(1.4583105944376,0.171484178603135,-11.6513741111365));
#3523=CARTESIAN_POINT('Ctrl Pts',(1.44352448654512,0.255140479734554,-11.6467336437832));
#3524=CARTESIAN_POINT('Ctrl Pts',(1.35920883806492,0.732178475848418,-11.6202720477376));
#3525=CARTESIAN_POINT('Ctrl Pts',(1.01503554554486,1.16328707860526,-11.5938104516919));
#3526=CARTESIAN_POINT('Ctrl Pts',(0.568519577581536,1.35116434883438,-11.5673488556463));
#3527=CARTESIAN_POINT('Ctrl Pts',(0.122003609618217,1.53904161906351,-11.5408872596006));
#3528=CARTESIAN_POINT('Ctrl Pts',(-0.426855033788351,1.48368755676492,-11.514425663555));
#3529=CARTESIAN_POINT('Ctrl Pts',(-0.826864717903406,1.21043560173231,-11.4879640675093));
#3530=CARTESIAN_POINT('Ctrl Pts',(-1.22687440201845,0.937183646699702,-11.4615024714636));
#3531=CARTESIAN_POINT('Ctrl Pts',(-1.47803512684199,0.44603379893309,-11.435040875418));
#3532=CARTESIAN_POINT('Ctrl Pts',(-1.46540022294011,-0.0382334181262006,
-11.4085792793723));
#3533=CARTESIAN_POINT('Ctrl Pts',(-1.45276531903823,-0.522500635185499,
-11.3821176833267));
#3534=CARTESIAN_POINT('Ctrl Pts',(-1.17633478641092,-0.99988522153749,-11.355656087281));
#3535=CARTESIAN_POINT('Ctrl Pts',(-0.762620320219422,-1.2519064880585,-11.3291944912353));
#3536=CARTESIAN_POINT('Ctrl Pts',(-0.348905854027924,-1.5039277545795,-11.3027328951897));
#3537=CARTESIAN_POINT('Ctrl Pts',(0.202092545727762,-1.53058570126954,-11.276271299144));
#3538=CARTESIAN_POINT('Ctrl Pts',(0.638203959570388,-1.31968000425983,-11.2498097030984));
#3539=CARTESIAN_POINT('Ctrl Pts',(1.074315373413,-1.10877430725012,-11.2233481070527));
#3540=CARTESIAN_POINT('Ctrl Pts',(1.39553980134256,-0.660304966540666,-11.196886511007));
#3541=CARTESIAN_POINT('Ctrl Pts',(1.4548650934409,-0.179519267884392,-11.1704249149614));
#3542=CARTESIAN_POINT('Ctrl Pts',(1.46216624461631,-0.120349073441022,-11.1671682919219));
#3543=CARTESIAN_POINT('Ctrl Pts',(1.46550062618714,-0.0606894098513436,
-11.1639116688824));
#3544=CARTESIAN_POINT('Ctrl Pts',(1.46504105353717,-0.000978003562185359,
-11.1606550458429));
#3545=CARTESIAN_POINT('Ctrl Pts',(1.46531026334605,-0.000826604793267606,
-11.0893449541572));
#3546=CARTESIAN_POINT('Ctrl Pts',(1.46563665420425,-0.0491074679253643,
-11.0919794327619));
#3547=CARTESIAN_POINT('Ctrl Pts',(1.46345722403966,-0.0973585040532072,
-11.0946139113666));
#3548=CARTESIAN_POINT('Ctrl Pts',(1.45867507546073,-0.145350191388424,-11.0972483899714));
#3549=CARTESIAN_POINT('Ctrl Pts',(1.41064155425553,-0.627394965456947,-11.1237099860171));
#3550=CARTESIAN_POINT('Ctrl Pts',(1.10002303912611,-1.08327436536869,-11.1501715820627));
#3551=CARTESIAN_POINT('Ctrl Pts',(0.668977758846972,-1.30434980433744,-11.1766331781084));
#3552=CARTESIAN_POINT('Ctrl Pts',(0.237932478567837,-1.52542524330619,-11.203094774154));
#3553=CARTESIAN_POINT('Ctrl Pts',(-0.313539566861003,-1.51169672133195,
-11.2295563701997));
#3554=CARTESIAN_POINT('Ctrl Pts',(-0.733050688430943,-1.269447258494,-11.2560179662453));
#3555=CARTESIAN_POINT('Ctrl Pts',(-1.15256181000088,-1.02719779565605,-11.282479562291));
#3556=CARTESIAN_POINT('Ctrl Pts',(-1.44011200771191,-0.556427391954375,
-11.3089411583367));
#3557=CARTESIAN_POINT('Ctrl Pts',(-1.46410054046421,-0.0725896777747801,
-11.3354027543823));
#3558=CARTESIAN_POINT('Ctrl Pts',(-1.4880890732165,0.411248036404815,-11.361864350428));
#3559=CARTESIAN_POINT('Ctrl Pts',(-1.24851594101008,0.908153061062337,-11.3883259464736));
#3560=CARTESIAN_POINT('Ctrl Pts',(-0.855024614783006,1.19071094814073,-11.4147875425193));
#3561=CARTESIAN_POINT('Ctrl Pts',(-0.46153328855593,1.47326883521913,-11.441249138565));
#3562=CARTESIAN_POINT('Ctrl Pts',(0.0858762316917765,1.54147958471839,-11.4677107346106));
#3563=CARTESIAN_POINT('Ctrl Pts',(0.536675519538799,1.36412574223742,-11.4941723306563));
#3564=CARTESIAN_POINT('Ctrl Pts',(0.987474807385802,1.18677189975645,-11.5206339267019));
#3565=CARTESIAN_POINT('Ctrl Pts',(1.34166386283212,0.763853465295241,-11.5470955227476));
#3566=CARTESIAN_POINT('Ctrl Pts',(1.43714388519107,0.288924050859301,-11.5735571187932));
#3567=CARTESIAN_POINT('Ctrl Pts',(1.45613269789589,0.194471353049559,-11.5788197305812));
#3568=CARTESIAN_POINT('Ctrl Pts',(1.46488900030042,0.0979615067824573,-11.5840823423692));
#3569=CARTESIAN_POINT('Ctrl Pts',(1.4640004142186,0.00129148900485736,-11.5893449541571));
#3570=CARTESIAN_POINT('Origin',(0.,0.,-15.5));
#3571=CARTESIAN_POINT('',(1.46112516778917,0.000209252252756781,-12.1606550458429));
#3572=CARTESIAN_POINT('',(1.46109801489664,2.15462516036531E-5,-12.0893449541572));
#3573=CARTESIAN_POINT('',(1.4635,-1.79227059055215E-16,-15.5));
#3574=CARTESIAN_POINT('Ctrl Pts',(1.46112516778917,0.000209252252756781,
-12.1606550458429));
#3575=CARTESIAN_POINT('Ctrl Pts',(1.46142065170557,0.231663279221568,-12.148117488097));
#3576=CARTESIAN_POINT('Ctrl Pts',(1.40967346594117,0.462992432722514,-12.135579930351));
#3577=CARTESIAN_POINT('Ctrl Pts',(1.30518189851437,0.667352844786743,-12.1230423726051));
#3578=CARTESIAN_POINT('Ctrl Pts',(1.08464344090921,1.0986731051874,-12.0965807765594));
#3579=CARTESIAN_POINT('Ctrl Pts',(0.629151232014978,1.40985911112548,-12.0701191805138));
#3580=CARTESIAN_POINT('Ctrl Pts',(0.147166656079818,1.45849291496147,-12.0436575844681));
#3581=CARTESIAN_POINT('Ctrl Pts',(-0.334817919855355,1.50712671879747,-12.0171959884225));
#3582=CARTESIAN_POINT('Ctrl Pts',(-0.843294862831459,1.29320832053137,-11.9907343923768));
#3583=CARTESIAN_POINT('Ctrl Pts',(-1.14555369982331,0.914639999385369,-11.9642727963311));
#3584=CARTESIAN_POINT('Ctrl Pts',(-1.44781253681515,0.536071678239372,-11.9378112002855));
#3585=CARTESIAN_POINT('Ctrl Pts',(-1.54385326782274,-0.00714656578652294,
-11.9113496042398));
#3586=CARTESIAN_POINT('Ctrl Pts',(-1.38972171901147,-0.466404493291319,
-11.8848880081942));
#3587=CARTESIAN_POINT('Ctrl Pts',(-1.2355901702002,-0.925662420796122,-11.8584264121485));
#3588=CARTESIAN_POINT('Ctrl Pts',(-0.831286341570066,-1.30096003177982,
-11.8319648161029));
#3589=CARTESIAN_POINT('Ctrl Pts',(-0.361844651114008,-1.42053794603126,
-11.8055032200572));
#3590=CARTESIAN_POINT('Ctrl Pts',(0.107597039342051,-1.5401158602827,-11.7790416240115));
#3591=CARTESIAN_POINT('Ctrl Pts',(0.642176591624031,-1.40397407780188,-11.7525800279659));
#3592=CARTESIAN_POINT('Ctrl Pts',(0.99723736554485,-1.07441949182603,-11.7261184319202));
#3593=CARTESIAN_POINT('Ctrl Pts',(1.29003251017607,-0.802657613995497,-11.7042973032278));
#3594=CARTESIAN_POINT('Ctrl Pts',(1.46075110832537,-0.399370960252328,-11.6824761745353));
#3595=CARTESIAN_POINT('Ctrl Pts',(1.46434166353818,0.00122493073722356,
-11.6606550458429));
#3596=CARTESIAN_POINT('Ctrl Pts',(1.4640004142186,0.00129148900485736,-11.5893449541571));
#3597=CARTESIAN_POINT('Ctrl Pts',(1.46042098956806,-0.388117091301742,-11.6105439384148));
#3598=CARTESIAN_POINT('Ctrl Pts',(1.30033785136164,-0.780124710076695,-11.6317429226725));
#3599=CARTESIAN_POINT('Ctrl Pts',(1.02216053588216,-1.05073664292825,-11.6529419069302));
#3600=CARTESIAN_POINT('Ctrl Pts',(0.674926174942743,-1.38852752786912,-11.6794035029759));
#3601=CARTESIAN_POINT('Ctrl Pts',(0.143686463792349,-1.53716890334017,-11.7058650990215));
#3602=CARTESIAN_POINT('Ctrl Pts',(-0.328430475086224,-1.42863328987591,
-11.7323266950672));
#3603=CARTESIAN_POINT('Ctrl Pts',(-0.800547413964803,-1.32009767641165,
-11.7587882911129));
#3604=CARTESIAN_POINT('Ctrl Pts',(-1.21354158057157,-0.954385074012068,
-11.7852498871585));
#3605=CARTESIAN_POINT('Ctrl Pts',(-1.37840132119183,-0.498868170605877,
-11.8117114832042));
#3606=CARTESIAN_POINT('Ctrl Pts',(-1.54326106181208,-0.0433512671996791,
-11.8381730792498));
#3607=CARTESIAN_POINT('Ctrl Pts',(-1.45998637644583,0.501969937213125,-11.8646346752955));
#3608=CARTESIAN_POINT('Ctrl Pts',(-1.16668890749947,0.887522758595365,-11.8910962713411));
#3609=CARTESIAN_POINT('Ctrl Pts',(-0.873391438553109,1.2730755799776,-11.9175578673868));
#3610=CARTESIAN_POINT('Ctrl Pts',(-0.370071186026644,1.49886001832926,-11.9440194634325));
#3611=CARTESIAN_POINT('Ctrl Pts',(0.112921397288407,1.4615431611627,-11.9704810594781));
#3612=CARTESIAN_POINT('Ctrl Pts',(0.595913980603473,1.42422630399614,-11.9969426555238));
#3613=CARTESIAN_POINT('Ctrl Pts',(1.05857889470714,1.12380815131133,-12.0234042515694));
#3614=CARTESIAN_POINT('Ctrl Pts',(1.28917208217359,0.697778615644836,-12.0498658476151));
#3615=CARTESIAN_POINT('Ctrl Pts',(1.40384912836227,0.485908485064877,-12.0630255497958));
#3616=CARTESIAN_POINT('Ctrl Pts',(1.46113008766372,0.242972089084519,-12.0761852519765));
#3617=CARTESIAN_POINT('Ctrl Pts',(1.46109818771709,2.15447013721833E-5,
-12.0893449541572));
#3618=CARTESIAN_POINT('Origin',(0.,0.,-15.5));
#3619=CARTESIAN_POINT('',(1.46357379877938,-0.001333708282555,-12.6606550458429));
#3620=CARTESIAN_POINT('',(1.46392132560488,-0.00130266087762994,-12.5893449541572));
#3621=CARTESIAN_POINT('',(1.4635,-1.79227059055215E-16,-15.5));
#3622=CARTESIAN_POINT('Ctrl Pts',(1.46357379877938,-0.001333708282555,-12.6606550458429));
#3623=CARTESIAN_POINT('Ctrl Pts',(1.46011420654253,0.374315511253473,-12.6402203977043));
#3624=CARTESIAN_POINT('Ctrl Pts',(1.31252956463996,0.752378992429899,-12.6197857495656));
#3625=CARTESIAN_POINT('Ctrl Pts',(1.05200877702344,1.02085118441434,-12.5993511014269));
#3626=CARTESIAN_POINT('Ctrl Pts',(0.714650590250314,1.36850594438766,-12.5728895053813));
#3627=CARTESIAN_POINT('Ctrl Pts',(0.187913889392642,1.53239105849089,-12.5464279093356));
#3628=CARTESIAN_POINT('Ctrl Pts',(-0.287134058863151,1.43750257039607,-12.51996631329));
#3629=CARTESIAN_POINT('Ctrl Pts',(-0.762182007118943,1.34261408230125,-12.4935047172443));
#3630=CARTESIAN_POINT('Ctrl Pts',(-1.18554120277286,0.988951992008389,-12.4670431211986));
#3631=CARTESIAN_POINT('Ctrl Pts',(-1.36345631425855,0.538373928383455,-12.440581525153));
#3632=CARTESIAN_POINT('Ctrl Pts',(-1.54137142574424,0.0877958647585009,
-12.4141199291073));
#3633=CARTESIAN_POINT('Ctrl Pts',(-1.47384245306167,-0.459698172198522,
-12.3876583330617));
#3634=CARTESIAN_POINT('Ctrl Pts',(-1.19177482740679,-0.853541075996968,
-12.361196737016));
#3635=CARTESIAN_POINT('Ctrl Pts',(-0.909707201751909,-1.2473839797954,-12.3347351409704));
#3636=CARTESIAN_POINT('Ctrl Pts',(-0.41310092312472,-1.48757575043525,-12.3082735449247));
#3637=CARTESIAN_POINT('Ctrl Pts',(0.0707662850637436,-1.4641897897994,-12.281811948879));
#3638=CARTESIAN_POINT('Ctrl Pts',(0.554633493252207,-1.44080382916355,-12.2553503528334));
#3639=CARTESIAN_POINT('Ctrl Pts',(1.02576163100195,-1.153840137252,-12.2288887567877));
#3640=CARTESIAN_POINT('Ctrl Pts',(1.26853334671878,-0.734631033864602,-12.2024271607421));
#3641=CARTESIAN_POINT('Ctrl Pts',(1.39627933233116,-0.514044051844143,-12.1885031224423));
#3642=CARTESIAN_POINT('Ctrl Pts',(1.46079700743671,-0.256840390224921,-12.1745790841426));
#3643=CARTESIAN_POINT('Ctrl Pts',(1.46112516778917,0.000209252252756781,
-12.1606550458429));
#3644=CARTESIAN_POINT('Ctrl Pts',(1.46109818771709,2.15447013721833E-5,
-12.0893449541572));
#3645=CARTESIAN_POINT('Ctrl Pts',(1.46106594308887,-0.245554100662701,-12.1026468480221));
#3646=CARTESIAN_POINT('Ctrl Pts',(1.40247560745663,-0.491144201830722,-12.1159487418871));
#3647=CARTESIAN_POINT('Ctrl Pts',(1.28541313555977,-0.7046791644695,-12.1292506357521));
#3648=CARTESIAN_POINT('Ctrl Pts',(1.05253954065022,-1.12946649026918,-12.1557122317977));
#3649=CARTESIAN_POINT('Ctrl Pts',(0.588270890001862,-1.42740022322037,-12.1821738278434));
#3650=CARTESIAN_POINT('Ctrl Pts',(0.105085209994397,-1.46212747479399,-12.208635423889));
#3651=CARTESIAN_POINT('Ctrl Pts',(-0.378100470013082,-1.49685472636761,
-12.2350970199347));
#3652=CARTESIAN_POINT('Ctrl Pts',(-0.880203179379674,-1.26837549656365,
-12.2615586159804));
#3653=CARTESIAN_POINT('Ctrl Pts',(-1.1714296883081,-0.881256000976681,-12.288020212026));
#3654=CARTESIAN_POINT('Ctrl Pts',(-1.46265619723653,-0.494136505389713,
-12.3144818080717));
#3655=CARTESIAN_POINT('Ctrl Pts',(-1.54300650572678,0.0516232559802562,
-12.3409434041173));
#3656=CARTESIAN_POINT('Ctrl Pts',(-1.37570734695767,0.506249888329588,-12.367405000163));
#3657=CARTESIAN_POINT('Ctrl Pts',(-1.20840818818856,0.960876520678912,-12.3938665962086));
#3658=CARTESIAN_POINT('Ctrl Pts',(-0.793459562160088,1.3243700240076,-12.4203281922543));
#3659=CARTESIAN_POINT('Ctrl Pts',(-0.32076760400408,1.43037330726231,-12.4467897883));
#3660=CARTESIAN_POINT('Ctrl Pts',(0.151924354151936,1.53637659051701,-12.4732513843456));
#3661=CARTESIAN_POINT('Ctrl Pts',(0.682359644435509,1.38488965369773,-12.4997129803913));
#3662=CARTESIAN_POINT('Ctrl Pts',(1.02777829706575,1.04524228099884,-12.5261745764369));
#3663=CARTESIAN_POINT('Ctrl Pts',(1.30264489645263,0.774968172714453,-12.5472313690104));
#3664=CARTESIAN_POINT('Ctrl Pts',(1.46035586916187,0.385547732181192,-12.5682881615838));
#3665=CARTESIAN_POINT('Ctrl Pts',(1.46392132560488,-0.00130266087762994,
-12.5893449541572));
#3666=CARTESIAN_POINT('Origin',(0.,0.,-15.5));
#3667=CARTESIAN_POINT('',(1.46558520966711,0.000611927477422777,-13.1606550458429));
#3668=CARTESIAN_POINT('',(1.46536648051169,0.000788902100533588,-13.0893449541572));
#3669=CARTESIAN_POINT('',(1.4635,-1.79227059055215E-16,-15.5));
#3670=CARTESIAN_POINT('Ctrl Pts',(1.46558520966711,0.000611927477422777,
-13.1606550458429));
#3671=CARTESIAN_POINT('Ctrl Pts',(1.46576597393267,0.0348681697838688,-13.1587849033572));
#3672=CARTESIAN_POINT('Ctrl Pts',(1.46466897316557,0.0691126340022262,-13.1569147608715));
#3673=CARTESIAN_POINT('Ctrl Pts',(1.46225719439171,0.103264248916179,-13.1550446183858));
#3674=CARTESIAN_POINT('Ctrl Pts',(1.4281317113588,0.586492797040906,-13.1285830223401));
#3675=CARTESIAN_POINT('Ctrl Pts',(1.13077639533264,1.05113211811267,-13.1021214262944));
#3676=CARTESIAN_POINT('Ctrl Pts',(0.706279415511185,1.28453454405855,-13.0756598302488));
#3677=CARTESIAN_POINT('Ctrl Pts',(0.281782435689732,1.51793697000444,-13.0491982342031));
#3678=CARTESIAN_POINT('Ctrl Pts',(-0.269856207927008,1.52010250082445,-13.0227366381575));
#3679=CARTESIAN_POINT('Ctrl Pts',(-0.69617258070384,1.29004005578536,-12.9962750421118));
#3680=CARTESIAN_POINT('Ctrl Pts',(-1.12248895348068,1.05997761074626,-12.9698134460661));
#3681=CARTESIAN_POINT('Ctrl Pts',(-1.42348305541761,0.59768718984804,-12.9433518500205));
#3682=CARTESIAN_POINT('Ctrl Pts',(-1.46140138400659,0.114741459281974,-12.9168902539748));
#3683=CARTESIAN_POINT('Ctrl Pts',(-1.49931971259557,-0.368204271284079,
-12.8904286579292));
#3684=CARTESIAN_POINT('Ctrl Pts',(-1.27416226783661,-0.871805311517979,
-12.8639670618835));
#3685=CARTESIAN_POINT('Ctrl Pts',(-0.888975011201095,-1.16558270282059,
-12.8375054658379));
#3686=CARTESIAN_POINT('Ctrl Pts',(-0.50378775456558,-1.4593600941232,-12.8110438697922));
#3687=CARTESIAN_POINT('Ctrl Pts',(0.0414293139464935,-1.54331383649451,
-12.7845822737465));
#3688=CARTESIAN_POINT('Ctrl Pts',(0.497151169321727,-1.37902150907684,-12.7581206777009));
#3689=CARTESIAN_POINT('Ctrl Pts',(0.95287302469696,-1.21472918165917,-12.7316590816552));
#3690=CARTESIAN_POINT('Ctrl Pts',(1.31909966693535,-0.80219078445251,-12.7051974856096));
#3691=CARTESIAN_POINT('Ctrl Pts',(1.42822315171026,-0.330209382927471,-12.6787358895639));
#3692=CARTESIAN_POINT('Ctrl Pts',(1.45307734255475,-0.222709921626804,-12.6727089416569));
#3693=CARTESIAN_POINT('Ctrl Pts',(1.4645941629202,-0.112126821140982,-12.6666819937499));
#3694=CARTESIAN_POINT('Ctrl Pts',(1.46357379877938,-0.001333708282555,-12.6606550458429));
#3695=CARTESIAN_POINT('Ctrl Pts',(1.46392132560488,-0.00130266087762994,
-12.5893449541572));
#3696=CARTESIAN_POINT('Ctrl Pts',(1.46483649781338,-0.100598426857121,-12.5947497576294));
#3697=CARTESIAN_POINT('Ctrl Pts',(1.45559605399179,-0.199724869615527,-12.6001545611017));
#3698=CARTESIAN_POINT('Ctrl Pts',(1.43557446708459,-0.296623672962599,-12.6055593645739));
#3699=CARTESIAN_POINT('Ctrl Pts',(1.33754996949628,-0.771034445646667,-12.6320209606196));
#3700=CARTESIAN_POINT('Ctrl Pts',(0.981098959342732,-1.19204818243633,-12.6584825566652));
#3701=CARTESIAN_POINT('Ctrl Pts',(0.529355447573664,-1.36698297869107,-12.6849441527109));
#3702=CARTESIAN_POINT('Ctrl Pts',(0.0776119358045776,-1.54191777494581,
-12.7114057487566));
#3703=CARTESIAN_POINT('Ctrl Pts',(-0.469424077580036,-1.47077363066561,
-12.7378673448022));
#3704=CARTESIAN_POINT('Ctrl Pts',(-0.861395105982152,-1.1861105029874,-12.7643289408479));
#3705=CARTESIAN_POINT('Ctrl Pts',(-1.25336613438425,-0.901447375309199,
-12.7907905368935));
#3706=CARTESIAN_POINT('Ctrl Pts',(-1.49027217780386,-0.403265264232989,
-12.8172521329392));
#3707=CARTESIAN_POINT('Ctrl Pts',(-1.46369038995806,0.0804369085149309,
-12.8437137289848));
#3708=CARTESIAN_POINT('Ctrl Pts',(-1.43710860211226,0.564139081262857,-12.8701753250305));
#3709=CARTESIAN_POINT('Ctrl Pts',(-1.14703898300107,1.03336131568249,-12.8966369210762));
#3710=CARTESIAN_POINT('Ctrl Pts',(-0.726235316657444,1.27335851932851,-12.9230985171218));
#3711=CARTESIAN_POINT('Ctrl Pts',(-0.305431650313822,1.51335572297452,-12.9495601131675));
#3712=CARTESIAN_POINT('Ctrl Pts',(0.246106063262211,1.52412789584691,-12.9760217092131));
#3713=CARTESIAN_POINT('Ctrl Pts',(0.675960081259587,1.30074502591805,-13.0024833052588));
#3714=CARTESIAN_POINT('Ctrl Pts',(1.10581409925697,1.07736215598919,-13.0289449013044));
#3715=CARTESIAN_POINT('Ctrl Pts',(1.41398442167568,0.619824243259053,-13.0554064973501));
#3716=CARTESIAN_POINT('Ctrl Pts',(1.45943326402417,0.137528912475796,-13.0818680933958));
#3717=CARTESIAN_POINT('Ctrl Pts',(1.46371386581176,0.0921038994630562,-13.0843603803162));
#3718=CARTESIAN_POINT('Ctrl Pts',(1.46566391135719,0.0464592677302651,-13.0868526672367));
#3719=CARTESIAN_POINT('Ctrl Pts',(1.46536648051169,0.000788902100533588,
-13.0893449541572));
#3720=CARTESIAN_POINT('Origin',(0.,0.,-15.5));
#3721=CARTESIAN_POINT('',(1.4617542103476,0.000947758425822037,-13.6606550458429));
#3722=CARTESIAN_POINT('',(1.46154526714321,0.000804436805071469,-13.5893449541572));
#3723=CARTESIAN_POINT('',(1.4635,-1.79227059055215E-16,-15.5));
#3724=CARTESIAN_POINT('Ctrl Pts',(1.4617542103476,0.000947758425822037,
-13.6606550458429));
#3725=CARTESIAN_POINT('Ctrl Pts',(1.46282357655487,0.181065137719688,-13.6508878129645));
#3726=CARTESIAN_POINT('Ctrl Pts',(1.43200357457053,0.36082942928144,-13.641120580086));
#3727=CARTESIAN_POINT('Ctrl Pts',(1.36764114325931,0.527652642293098,-13.6313533472076));
#3728=CARTESIAN_POINT('Ctrl Pts',(1.19326906888868,0.979613656092564,-13.6048917511619));
#3729=CARTESIAN_POINT('Ctrl Pts',(0.772699573766335,1.33658870063712,-13.5784301551163));
#3730=CARTESIAN_POINT('Ctrl Pts',(0.298411250091662,1.43520393445436,-13.5519685590706));
#3731=CARTESIAN_POINT('Ctrl Pts',(-0.175877073583024,1.5338191682716,-13.525506963025));
#3732=CARTESIAN_POINT('Ctrl Pts',(-0.703884225810044,1.37407459136151,-13.4990453669793));
#3733=CARTESIAN_POINT('Ctrl Pts',(-1.04396150284235,1.02907919434691,-13.4725837709337));
#3734=CARTESIAN_POINT('Ctrl Pts',(-1.38403877987465,0.68408379733231,-13.446122174888));
#3735=CARTESIAN_POINT('Ctrl Pts',(-1.53618618171224,0.153837580213207,-13.4196605788423));
#3736=CARTESIAN_POINT('Ctrl Pts',(-1.43077165455158,-0.318986018794345,
-13.3931989827967));
#3737=CARTESIAN_POINT('Ctrl Pts',(-1.32535712739092,-0.791809617801898,
-13.366737386751));
#3738=CARTESIAN_POINT('Ctrl Pts',(-0.962380671231999,-1.2072105986979,-13.3402757907054));
#3739=CARTESIAN_POINT('Ctrl Pts',(-0.507962744389718,-1.37507580080758,
-13.3138141946597));
#3740=CARTESIAN_POINT('Ctrl Pts',(-0.0535448175474235,-1.54294100291726,
-13.2873525986141));
#3741=CARTESIAN_POINT('Ctrl Pts',(0.492314579978239,-1.4632704262406,-13.2608910025684));
#3742=CARTESIAN_POINT('Ctrl Pts',(0.879796453721251,-1.17252625031342,-13.2344294065227));
#3743=CARTESIAN_POINT('Ctrl Pts',(1.23989349726421,-0.902330080445223,-13.2098379529628));
#3744=CARTESIAN_POINT('Ctrl Pts',(1.4632082485126,-0.449840804467003,-13.1852464994029));
#3745=CARTESIAN_POINT('Ctrl Pts',(1.46558520966711,0.000611927477422777,
-13.1606550458429));
#3746=CARTESIAN_POINT('Ctrl Pts',(1.46536648051169,0.000788902100533588,
-13.0893449541572));
#3747=CARTESIAN_POINT('Ctrl Pts',(1.46250597042328,-0.438441068835532,-13.1133142632824));
#3748=CARTESIAN_POINT('Ctrl Pts',(1.25176671138553,-0.880051278479756,-13.1372835724075));
#3749=CARTESIAN_POINT('Ctrl Pts',(0.907052737348394,-1.15157066026181,-13.1612528815327));
#3750=CARTESIAN_POINT('Ctrl Pts',(0.526496006045833,-1.45132215337979,-13.1877144775784));
#3751=CARTESIAN_POINT('Ctrl Pts',(-0.0173448188375686,-1.54377239077938,
-13.2141760736241));
#3752=CARTESIAN_POINT('Ctrl Pts',(-0.475574566424856,-1.38661043039378,
-13.2406376696697));
#3753=CARTESIAN_POINT('Ctrl Pts',(-0.933804314012131,-1.22944847000819,
-13.2670992657154));
#3754=CARTESIAN_POINT('Ctrl Pts',(-1.3064229843033,-0.822674311837451,-13.293560861761));
#3755=CARTESIAN_POINT('Ctrl Pts',(-1.42289724590687,-0.35245294933885,-13.3200224578067));
#3756=CARTESIAN_POINT('Ctrl Pts',(-1.53937150751045,0.117768413159751,-13.3464840538523));
#3757=CARTESIAN_POINT('Ctrl Pts',(-1.39970136042643,0.65143697998621,-13.372945649898));
#3758=CARTESIAN_POINT('Ctrl Pts',(-1.06780849558771,1.00431303419687,-13.3994072459437));
#3759=CARTESIAN_POINT('Ctrl Pts',(-0.735915630748993,1.35718908840754,-13.4258688419893));
#3760=CARTESIAN_POINT('Ctrl Pts',(-0.21180004815557,1.5292726300024,-13.452330438035));
#3761=CARTESIAN_POINT('Ctrl Pts',(0.264670571209199,1.44180759556982,-13.4787920340806));
#3762=CARTESIAN_POINT('Ctrl Pts',(0.741141190573981,1.35434256113723,-13.5052536301263));
#3763=CARTESIAN_POINT('Ctrl Pts',(1.16996684671011,1.00732895067718,-13.531715226172));
#3764=CARTESIAN_POINT('Ctrl Pts',(1.35489041790681,0.559581637807511,-13.5581768222176));
#3765=CARTESIAN_POINT('Ctrl Pts',(1.42749528845009,0.383786656796558,-13.5685661995308));
#3766=CARTESIAN_POINT('Ctrl Pts',(1.46250235495979,0.192463452631161,-13.578955576844));
#3767=CARTESIAN_POINT('Ctrl Pts',(1.46154526714321,0.000804436805071469,
-13.5893449541572));
#3768=CARTESIAN_POINT('Origin',(0.,0.,-15.5));
#3769=CARTESIAN_POINT('',(1.46214654286874,-0.00113293161008998,-14.1606550458429));
#3770=CARTESIAN_POINT('',(1.46243485308048,-0.00122321445967118,-14.0893449541572));
#3771=CARTESIAN_POINT('',(1.4635,-1.79227059055215E-16,-15.5));
#3772=CARTESIAN_POINT('Ctrl Pts',(1.46214654286874,-0.00113293161008998,
-14.1606550458429));
#3773=CARTESIAN_POINT('Ctrl Pts',(1.45979437149824,0.324394833878976,-14.1429907225718));
#3774=CARTESIAN_POINT('Ctrl Pts',(1.35248064087648,0.651329917283515,-14.1253263993006));
#3775=CARTESIAN_POINT('Ctrl Pts',(1.15269936416416,0.90561790149603,-14.1076620760295));
#3776=CARTESIAN_POINT('Ctrl Pts',(0.853422037730669,1.28654763280849,-14.0812004799838));
#3777=CARTESIAN_POINT('Ctrl Pts',(0.346640270707575,1.50445156409014,-14.0547388839381));
#3778=CARTESIAN_POINT('Ctrl Pts',(-0.135711281158056,1.45960338990459,-14.0282772878925));
#3779=CARTESIAN_POINT('Ctrl Pts',(-0.618062833023701,1.41475521571904,-14.0018156918468));
#3780=CARTESIAN_POINT('Ctrl Pts',(-1.07598416973188,1.10715493606627,-13.9753540958012));
#3781=CARTESIAN_POINT('Ctrl Pts',(-1.29990218802647,0.67757944863944,-13.9488924997555));
#3782=CARTESIAN_POINT('Ctrl Pts',(-1.52382020632106,0.248003961212624,-13.9224309037098));
#3783=CARTESIAN_POINT('Ctrl Pts',(-1.51373490620206,-0.303546733988243,
-13.8959693076642));
#3784=CARTESIAN_POINT('Ctrl Pts',(-1.27426194427637,-0.724648952958288,
-13.8695077116185));
#3785=CARTESIAN_POINT('Ctrl Pts',(-1.03478898235067,-1.14575117192833,-13.8430461155729));
#3786=CARTESIAN_POINT('Ctrl Pts',(-0.565928358618281,-1.43640491466756,
-13.8165845195272));
#3787=CARTESIAN_POINT('Ctrl Pts',(-0.082259670126473,-1.4635890660719,-13.7901229234816));
#3788=CARTESIAN_POINT('Ctrl Pts',(0.401409018365349,-1.49077321747624,-13.7636613274359));
#3789=CARTESIAN_POINT('Ctrl Pts',(0.899885771616587,-1.25448777754569,-13.7371997313902));
#3790=CARTESIAN_POINT('Ctrl Pts',(1.18503682143274,-0.862871566053215,-13.7107381353446));
#3791=CARTESIAN_POINT('Ctrl Pts',(1.36493584093752,-0.615804713186653,-13.6940437721774));
#3792=CARTESIAN_POINT('Ctrl Pts',(1.45992642677317,-0.306912715475537,-13.6773494090101));
#3793=CARTESIAN_POINT('Ctrl Pts',(1.4617542103476,0.000947758425822037,
-13.6606550458429));
#3794=CARTESIAN_POINT('Ctrl Pts',(1.46154526714321,0.000804436805071469,
-13.5893449541572));
#3795=CARTESIAN_POINT('Ctrl Pts',(1.46006466592232,-0.295689330968659,-13.6054171728896));
#3796=CARTESIAN_POINT('Ctrl Pts',(1.37251591169344,-0.592986751433125,-13.6214893916221));
#3797=CARTESIAN_POINT('Ctrl Pts',(1.20494708944463,-0.834842599264034,-13.6375616103546));
#3798=CARTESIAN_POINT('Ctrl Pts',(0.929058703528466,-1.23303850818665,-13.6640232064002));
#3799=CARTESIAN_POINT('Ctrl Pts',(0.436260445438837,-1.48094931075262,-13.6904848024459));
#3800=CARTESIAN_POINT('Ctrl Pts',(-0.0479127469472111,-1.46511570279859,
-13.7169463984916));
#3801=CARTESIAN_POINT('Ctrl Pts',(-0.532085939333272,-1.44928209484455,
-13.7434079945372));
#3802=CARTESIAN_POINT('Ctrl Pts',(-1.00763406601575,-1.16970407637049,-13.7698695905829));
#3803=CARTESIAN_POINT('Ctrl Pts',(-1.25691691530913,-0.75433382657601,-13.7963311866285));
#3804=CARTESIAN_POINT('Ctrl Pts',(-1.5061997646025,-0.338963576781544,-13.8227927826742));
#3805=CARTESIAN_POINT('Ctrl Pts',(-1.52921733650678,0.212198904333334,-13.8492543787199));
#3806=CARTESIAN_POINT('Ctrl Pts',(-1.31543536763063,0.646907603521164,-13.8757159747655));
#3807=CARTESIAN_POINT('Ctrl Pts',(-1.10165339875448,1.08161630270899,-13.9021775708112));
#3808=CARTESIAN_POINT('Ctrl Pts',(-0.65107188909789,1.39987121996978,-13.9286391668568));
#3809=CARTESIAN_POINT('Ctrl Pts',(-0.169904783456225,1.4560192369834,-13.9551007629025));
#3810=CARTESIAN_POINT('Ctrl Pts',(0.311262322185454,1.51216725399702,-13.9815623589481));
#3811=CARTESIAN_POINT('Ctrl Pts',(0.823015023812212,1.30620837076347,-14.0080239549938));
#3812=CARTESIAN_POINT('Ctrl Pts',(1.13114365879815,0.932402100527326,-14.0344855510395));
#3813=CARTESIAN_POINT('Ctrl Pts',(1.34407806846908,0.674080709892338,-14.0527720187454));
#3814=CARTESIAN_POINT('Ctrl Pts',(1.45976985116551,0.33560218895247,-14.0710584864513));
#3815=CARTESIAN_POINT('Ctrl Pts',(1.46243485308048,-0.00122321445967118,
-14.0893449541572));
#3816=CARTESIAN_POINT('Origin',(0.,0.,-15.5));
#3817=CARTESIAN_POINT('',(1.46582115677721,-0.000304701208345831,-14.6606550458429));
#3818=CARTESIAN_POINT('',(1.46589119368296,-9.50264814665158E-5,-14.5893449541572));
#3819=CARTESIAN_POINT('',(1.4635,-1.79227059055215E-16,-15.5));
#3820=CARTESIAN_POINT('Ctrl Pts',(1.46582115677721,-0.000304701208345831,
-14.6606550458429));
#3821=CARTESIAN_POINT('Ctrl Pts',(1.46449190583211,0.46771442213888,-14.635093632179));
#3822=CARTESIAN_POINT('Ctrl Pts',(1.22066024606992,0.936924549910348,-14.6095322185152));
#3823=CARTESIAN_POINT('Ctrl Pts',(0.836342538586329,1.20390646057138,-14.5839708048513));
#3824=CARTESIAN_POINT('Ctrl Pts',(0.438490523734798,1.48029052775605,-14.5575092088056));
#3825=CARTESIAN_POINT('Ctrl Pts',(-0.10991661069601,1.53995205271547,-14.53104761276));
#3826=CARTESIAN_POINT('Ctrl Pts',(-0.557893868381862,1.35558623454078,-14.5045860167143));
#3827=CARTESIAN_POINT('Ctrl Pts',(-1.00587112606773,1.17122041636609,-14.4781244206687));
#3828=CARTESIAN_POINT('Ctrl Pts',(-1.35341850700865,0.742827255057314,-14.451662824623));
#3829=CARTESIAN_POINT('Ctrl Pts',(-1.44147685122772,0.266465935963946,-14.4252012285774));
#3830=CARTESIAN_POINT('Ctrl Pts',(-1.52953519544679,-0.209895383129394,
-14.3987396325317));
#3831=CARTESIAN_POINT('Ctrl Pts',(-1.35810450294398,-0.734224860007316,
-14.372278036486));
#3832=CARTESIAN_POINT('Ctrl Pts',(-1.00564205304031,-1.06655692244315,-14.3458164404404));
#3833=CARTESIAN_POINT('Ctrl Pts',(-0.653179603136623,-1.398888984879,-14.3193548443947));
#3834=CARTESIAN_POINT('Ctrl Pts',(-0.119685395832055,-1.53922363287277,
-14.2928932483491));
#3835=CARTESIAN_POINT('Ctrl Pts',(0.350680649622391,-1.42333505880905,-14.2664316523034));
#3836=CARTESIAN_POINT('Ctrl Pts',(0.821046695076824,-1.30744648474533,-14.2399700562578));
#3837=CARTESIAN_POINT('Ctrl Pts',(1.22828457868112,-0.935334688624146,-14.2135084602121));
#3838=CARTESIAN_POINT('Ctrl Pts',(1.38601707756133,-0.477301024891918,-14.1870468641664));
#3839=CARTESIAN_POINT('Ctrl Pts',(1.43845593331514,-0.325025739878637,-14.1782495913919));
#3840=CARTESIAN_POINT('Ctrl Pts',(1.46331798277284,-0.16325386342975,-14.1694523186174));
#3841=CARTESIAN_POINT('Ctrl Pts',(1.46214654286874,-0.00113293161008998,
-14.1606550458429));
#3842=CARTESIAN_POINT('Ctrl Pts',(1.46243485308048,-0.00122321445967118,
-14.0893449541572));
#3843=CARTESIAN_POINT('Ctrl Pts',(1.46362626593457,-0.151804012526938,-14.0975200824969));
#3844=CARTESIAN_POINT('Ctrl Pts',(1.44222795763153,-0.302054415764474,-14.1056952108367));
#3845=CARTESIAN_POINT('Ctrl Pts',(1.39682961496733,-0.444664683393282,-14.1138703391764));
#3846=CARTESIAN_POINT('Ctrl Pts',(1.24988236780548,-0.906271539838981,-14.1403319352221));
#3847=CARTESIAN_POINT('Ctrl Pts',(0.851483305136694,-1.28783159549168,-14.1667935312677));
#3848=CARTESIAN_POINT('Ctrl Pts',(0.383964459134939,-1.41471938844007,-14.1932551273134));
#3849=CARTESIAN_POINT('Ctrl Pts',(-0.0835543868668157,-1.54160718138846,
-14.2197167233591));
#3850=CARTESIAN_POINT('Ctrl Pts',(-0.620193016201542,-1.41382271163254,
-14.2461783194047));
#3851=CARTESIAN_POINT('Ctrl Pts',(-0.980352427771696,-1.08984804962397,
-14.2726399154504));
#3852=CARTESIAN_POINT('Ctrl Pts',(-1.34051183934188,-0.765873387615371,
-14.299101511496));
#3853=CARTESIAN_POINT('Ctrl Pts',(-1.52419203314746,-0.245708533354085,
-14.3255631075417));
#3854=CARTESIAN_POINT('Ctrl Pts',(-1.44732960105103,0.232586929616647,-14.3520247035874));
#3855=CARTESIAN_POINT('Ctrl Pts',(-1.3704671689546,0.710882392587353,-14.378486299633));
#3856=CARTESIAN_POINT('Ctrl Pts',(-1.0330621109562,1.14730846426751,-14.4049478956787));
#3857=CARTESIAN_POINT('Ctrl Pts',(-0.589531833257841,1.34212960308708,-14.4314094917243));
#3858=CARTESIAN_POINT('Ctrl Pts',(-0.146001555559478,1.53695074190664,-14.45787108777));
#3859=CARTESIAN_POINT('Ctrl Pts',(0.40365394183885,1.49016694786562,-14.4843326838156));
#3860=CARTESIAN_POINT('Ctrl Pts',(0.807878334570102,1.22318937635971,-14.5107942798613));
#3861=CARTESIAN_POINT('Ctrl Pts',(1.2078554506025,0.959016998303203,-14.5369778379599));
#3862=CARTESIAN_POINT('Ctrl Pts',(1.46544156083128,0.479253784182455,-14.5631613960585));
#3863=CARTESIAN_POINT('Ctrl Pts',(1.46589119368296,-9.50264814665158E-5,
-14.5893449541572));
#3864=CARTESIAN_POINT('Origin',(0.,0.,-15.5));
#3865=CARTESIAN_POINT('',(1.46303991748405,0.00132457888693656,-15.1606550458429));
#3866=CARTESIAN_POINT('',(1.462712267968,0.00128290881694307,-15.0893449541572));
#3867=CARTESIAN_POINT('',(1.4635,-1.79227059055215E-16,-15.5));
#3868=CARTESIAN_POINT('Ctrl Pts',(1.46303991748405,0.00132457888693656,
-15.1606550458429));
#3869=CARTESIAN_POINT('Ctrl Pts',(1.46417936899634,0.130068213566523,-15.153658137832));
#3870=CARTESIAN_POINT('Ctrl Pts',(1.44859382067084,0.258540486939138,-15.146661229821));
#3871=CARTESIAN_POINT('Ctrl Pts',(1.4151964510187,0.38220231903878,-15.1396643218101));
#3872=CARTESIAN_POINT('Ctrl Pts',(1.28889098818536,0.849878818740688,-15.1132027257645));
#3873=CARTESIAN_POINT('Ctrl Pts',(0.90782738370424,1.24875274869216,-15.0867411297188));
#3874=CARTESIAN_POINT('Ctrl Pts',(0.446403892749823,1.3962747481038,-15.0602795336731));
#3875=CARTESIAN_POINT('Ctrl Pts',(-0.0150195982045824,1.54379674751544,
-15.0338179376275));
#3876=CARTESIAN_POINT('Ctrl Pts',(-0.556802975632291,1.43996681638728,-15.0073563415818));
#3877=CARTESIAN_POINT('Ctrl Pts',(-0.930992683762505,1.13230394790234,-14.9808947455362));
#3878=CARTESIAN_POINT('Ctrl Pts',(-1.30518239189273,0.82464107941739,-14.9544331494905));
#3879=CARTESIAN_POINT('Ctrl Pts',(-1.51177843072545,0.313145273575682,-14.9279715534449));
#3880=CARTESIAN_POINT('Ctrl Pts',(-1.45622968523766,-0.168091378384352,
-14.9015099573992));
#3881=CARTESIAN_POINT('Ctrl Pts',(-1.40068093974987,-0.649328030344371,
-14.8750483613536));
#3882=CARTESIAN_POINT('Ctrl Pts',(-1.08298740994156,-1.1003055284227,-14.8485867653079));
#3883=CARTESIAN_POINT('Ctrl Pts',(-0.648545288540802,-1.31462869905006,
-14.8221251692622));
#3884=CARTESIAN_POINT('Ctrl Pts',(-0.214103167140018,-1.52895186967744,
-14.7956635732166));
#3885=CARTESIAN_POINT('Ctrl Pts',(0.337087545853239,-1.50662071285382,-14.7692019771709));
#3886=CARTESIAN_POINT('Ctrl Pts',(0.752767916539196,-1.25785534600914,-14.7427403811252));
#3887=CARTESIAN_POINT('Ctrl Pts',(1.16844828722512,-1.00908997916448,-14.7162787850796));
#3888=CARTESIAN_POINT('Ctrl Pts',(1.44861831560378,-0.533890402298784,-14.6898171890339));
#3889=CARTESIAN_POINT('Ctrl Pts',(1.46505488215696,-0.049737309160996,-14.6633555929883));
#3890=CARTESIAN_POINT('Ctrl Pts',(1.46561402861218,-0.033267173203257,-14.6624554106065));
#3891=CARTESIAN_POINT('Ctrl Pts',(1.4658679682837,-0.0167866757468851,-14.6615552282247));
#3892=CARTESIAN_POINT('Ctrl Pts',(1.46582115677721,-0.000304701208345831,
-14.6606550458429));
#3893=CARTESIAN_POINT('Ctrl Pts',(1.46589119368296,-9.50264814665158E-5,
-14.5893449541572));
#3894=CARTESIAN_POINT('Ctrl Pts',(1.46589596824394,-0.00518513527158739,
-14.5896229921042));
#3895=CARTESIAN_POINT('Ctrl Pts',(1.46587174837924,-0.0102751973340314,
-14.5899010300512));
#3896=CARTESIAN_POINT('Ctrl Pts',(1.46581839669675,-0.0153649540318802,
-14.5901790679983));
#3897=CARTESIAN_POINT('Ctrl Pts',(1.46074077802795,-0.499770363946752,-14.6166406640439));
#3898=CARTESIAN_POINT('Ctrl Pts',(1.19179225262619,-0.981409834805703,-14.6431022600896));
#3899=CARTESIAN_POINT('Ctrl Pts',(0.782060286757579,-1.23985537938248,-14.6695638561352));
#3900=CARTESIAN_POINT('Ctrl Pts',(0.372328320888982,-1.49830092395925,-14.6960254521809));
#3901=CARTESIAN_POINT('Ctrl Pts',(-0.178187085446446,-1.53355254225385,
-14.7224870482266));
#3902=CARTESIAN_POINT('Ctrl Pts',(-0.617536060409625,-1.3294769151816,-14.7489486442722));
#3903=CARTESIAN_POINT('Ctrl Pts',(-1.05688503537284,-1.12540128810933,-14.7754102403179));
#3904=CARTESIAN_POINT('Ctrl Pts',(-1.38506757896377,-0.681998415670172,
-14.8018718363636));
#3905=CARTESIAN_POINT('Ctrl Pts',(-1.45188707752546,-0.202196854628386,
-14.8283334324092));
#3906=CARTESIAN_POINT('Ctrl Pts',(-1.51870657608713,0.277604706413359,-14.8547950284549));
#3907=CARTESIAN_POINT('Ctrl Pts',(-1.32416302961958,0.793804956057743,-14.8812566245005));
#3908=CARTESIAN_POINT('Ctrl Pts',(-0.957291587794474,1.11015875884711,-14.9077182205462));
#3909=CARTESIAN_POINT('Ctrl Pts',(-0.590420145969354,1.42651256163649,-14.9341798165918));
#3910=CARTESIAN_POINT('Ctrl Pts',(-0.0512208087866656,1.54301991757087,
-14.9606414126375));
#3911=CARTESIAN_POINT('Ctrl Pts',(0.413535484492851,1.40635986040995,-14.9871030086832));
#3912=CARTESIAN_POINT('Ctrl Pts',(0.87829177777238,1.26969980324902,-15.0135646047288));
#3913=CARTESIAN_POINT('Ctrl Pts',(1.26860502714872,0.879872332992789,-15.0400262007745));
#3914=CARTESIAN_POINT('Ctrl Pts',(1.40584376831448,0.415286591402078,-15.0664877968201));
#3915=CARTESIAN_POINT('Ctrl Pts',(1.44535873803574,0.28151903163036,-15.0741068492658));
#3916=CARTESIAN_POINT('Ctrl Pts',(1.46389309070175,0.141553792472949,-15.0817259017115));
#3917=CARTESIAN_POINT('Ctrl Pts',(1.462712267968,0.00128290881694307,-15.0893449541572));
#3918=CARTESIAN_POINT('Origin',(0.,0.,-15.5));
#3919=CARTESIAN_POINT('',(1.46125379173524,-0.0004925596361538,-15.6606550458429));
#3920=CARTESIAN_POINT('',(1.46138996193064,-0.000662941682557438,-15.5893449541571));
#3921=CARTESIAN_POINT('',(1.4635,-1.79227059055215E-16,-15.5));
#3922=CARTESIAN_POINT('Ctrl Pts',(1.46125379173524,-0.0004925596361538,
-15.6606550458429));
#3923=CARTESIAN_POINT('Ctrl Pts',(1.46042340777432,0.274402963367756,-15.6457610474393));
#3924=CARTESIAN_POINT('Ctrl Pts',(1.38600797907255,0.549715608841968,-15.6308670490356));
#3925=CARTESIAN_POINT('Ctrl Pts',(1.24082835298541,0.780515602715315,-15.615973050632));
#3926=CARTESIAN_POINT('Ctrl Pts',(0.982893276354973,1.1905691047838,-15.5895114545863));
#3927=CARTESIAN_POINT('Ctrl Pts',(0.501589122531832,1.46011723437786,-15.5630498585407));
#3928=CARTESIAN_POINT('Ctrl Pts',(0.017190416944047,1.4657981092974,-15.536588262495));
#3929=CARTESIAN_POINT('Ctrl Pts',(-0.467208288643724,1.47147898421693,-15.5101266664493));
#3930=CARTESIAN_POINT('Ctrl Pts',(-0.95470154599614,1.21329260446196,-15.4836650704037));
#3931=CARTESIAN_POINT('Ctrl Pts',(-1.22218231342301,0.809401013349077,-15.457203474358));
#3932=CARTESIAN_POINT('Ctrl Pts',(-1.48966308084988,0.405509422236198,-15.4307418783124));
#3933=CARTESIAN_POINT('Ctrl Pts',(-1.53713135835121,-0.144087380234582,
-15.4042802822667));
#3934=CARTESIAN_POINT('Ctrl Pts',(-1.3428627285987,-0.587859932122421,-15.377818686221));
#3935=CARTESIAN_POINT('Ctrl Pts',(-1.14859409884619,-1.03163248401027,-15.3513570901754));
#3936=CARTESIAN_POINT('Ctrl Pts',(-0.71258856183984,-1.36958078531518,-15.3248954941297));
#3937=CARTESIAN_POINT('Ctrl Pts',(-0.234389196493882,-1.44703880812558,
-15.2984338980841));
#3938=CARTESIAN_POINT('Ctrl Pts',(0.243810168852062,-1.52449683093597,-15.2719723020384));
#3939=CARTESIAN_POINT('Ctrl Pts',(0.764203362537608,-1.34146457525188,-15.2455107059928));
#3940=CARTESIAN_POINT('Ctrl Pts',(1.0886262987876,-0.981708912683666,-15.2190491099471));
#3941=CARTESIAN_POINT('Ctrl Pts',(1.32726614630555,-0.717078928591415,-15.1995844219124));
#3942=CARTESIAN_POINT('Ctrl Pts',(1.45987007900926,-0.356827147787442,-15.1801197338776));
#3943=CARTESIAN_POINT('Ctrl Pts',(1.46303991748405,0.00132457888693656,
-15.1606550458429));
#3944=CARTESIAN_POINT('Ctrl Pts',(1.462712267968,0.00128290881694307,-15.0893449541572));
#3945=CARTESIAN_POINT('Ctrl Pts',(1.45979199618838,-0.345618528066651,-15.1081874977571));
#3946=CARTESIAN_POINT('Ctrl Pts',(1.33629103103741,-0.694389328261421,-15.1270300413571));
#3947=CARTESIAN_POINT('Ctrl Pts',(1.11135007284025,-0.955908295551928,-15.1458725849571));
#3948=CARTESIAN_POINT('Ctrl Pts',(0.795453403245069,-1.32317342799007,-15.1723341810028));
#3949=CARTESIAN_POINT('Ctrl Pts',(0.279495831099541,-1.5183596799412,-15.1987957770484));
#3950=CARTESIAN_POINT('Ctrl Pts',(-0.200388572359739,-1.45213775998514,
-15.2252573730941));
#3951=CARTESIAN_POINT('Ctrl Pts',(-0.680272975819046,-1.38591584002907,
-15.2517189691397));
#3952=CARTESIAN_POINT('Ctrl Pts',(-1.12408421059208,-1.05828574816576,-15.2781805651854));
#3953=CARTESIAN_POINT('Ctrl Pts',(-1.32870682807374,-0.619191262000068,
-15.3046421612311));
#3954=CARTESIAN_POINT('Ctrl Pts',(-1.5333294455554,-0.1800967758344,-15.3311037572767));
#3955=CARTESIAN_POINT('Ctrl Pts',(-1.49876344574571,0.370462104633659,-15.3575653533224));
#3956=CARTESIAN_POINT('Ctrl Pts',(-1.2408283663394,0.780515611115187,-15.384026949368));
#3957=CARTESIAN_POINT('Ctrl Pts',(-0.982893286933093,1.19056911759672,-15.4104885454137));
#3958=CARTESIAN_POINT('Ctrl Pts',(-0.501589127930148,1.46011725009173,-15.4369501414593));
#3959=CARTESIAN_POINT('Ctrl Pts',(-0.0171904171292315,1.46579812507246,
-15.463411737505));
#3960=CARTESIAN_POINT('Ctrl Pts',(0.467208293671698,1.4714790000532,-15.4898733335507));
#3961=CARTESIAN_POINT('Ctrl Pts',(0.95470155627058,1.21329261751966,-15.5163349295963));
#3962=CARTESIAN_POINT('Ctrl Pts',(1.22218232657616,0.809401022060082,-15.542796525642));
#3963=CARTESIAN_POINT('Ctrl Pts',(1.3790235780042,0.572573293469445,-15.5583126684804));
#3964=CARTESIAN_POINT('Ctrl Pts',(1.46021937991707,0.285648698952671,-15.5738288113188));
#3965=CARTESIAN_POINT('Ctrl Pts',(1.46138996193064,-0.000662941682557438,
-15.5893449541571));
#3966=CARTESIAN_POINT('Origin',(0.,0.,-15.5));
#3967=CARTESIAN_POINT('',(1.46484403315603,-0.00106548974231638,-16.1606550458429));
#3968=CARTESIAN_POINT('',(1.4651351030044,-0.000929883418826809,-16.0893449541571));
#3969=CARTESIAN_POINT('',(1.4635,-1.79227059055215E-16,-15.5));
#3970=CARTESIAN_POINT('Ctrl Pts',(1.46484403315603,-0.00106548974231638,
-16.1606550458429));
#3971=CARTESIAN_POINT('Ctrl Pts',(1.46142030299188,0.416964547939684,-16.1378639570465));
#3972=CARTESIAN_POINT('Ctrl Pts',(1.27327401116947,0.83768661330631,-16.1150728682502));
#3973=CARTESIAN_POINT('Ctrl Pts',(0.9572915774919,1.11015874689956,-16.0922817794538));
#3974=CARTESIAN_POINT('Ctrl Pts',(0.590420139615049,1.42651254628428,-16.0658201834081));
#3975=CARTESIAN_POINT('Ctrl Pts',(0.0512208082352442,1.54301990096474,-16.0393585873625));
#3976=CARTESIAN_POINT('Ctrl Pts',(-0.413535480042512,1.40635984527451,-16.0128969913169));
#3977=CARTESIAN_POINT('Ctrl Pts',(-0.878291768320255,1.26969978958429,-15.9864353952712));
#3978=CARTESIAN_POINT('Ctrl Pts',(-1.26860501349595,0.879872323523379,-15.9599737992255));
#3979=CARTESIAN_POINT('Ctrl Pts',(-1.40584375318469,0.415286586932588,-15.9335122031799));
#3980=CARTESIAN_POINT('Ctrl Pts',(-1.54308249287343,-0.0492991496582034,
-15.9070506071342));
#3981=CARTESIAN_POINT('Ctrl Pts',(-1.42724672707521,-0.588643156778878,
-15.8805890110885));
#3982=CARTESIAN_POINT('Ctrl Pts',(-1.1113500608797,-0.95590828526445,-15.8541274150429));
#3983=CARTESIAN_POINT('Ctrl Pts',(-0.795453394684182,-1.32317341375003,
-15.8276658189972));
#3984=CARTESIAN_POINT('Ctrl Pts',(-0.279495828091366,-1.5183596636005,-15.8012042229516));
#3985=CARTESIAN_POINT('Ctrl Pts',(0.200388570203356,-1.45213774435705,-15.7747426269059));
#3986=CARTESIAN_POINT('Ctrl Pts',(0.680272968498064,-1.38591582511361,-15.7482810308603));
#3987=CARTESIAN_POINT('Ctrl Pts',(1.12408419849468,-1.05828573677626,-15.7218194348146));
#3988=CARTESIAN_POINT('Ctrl Pts',(1.32870681377412,-0.619191255336143,-15.6953578387689));
#3989=CARTESIAN_POINT('Ctrl Pts',(1.41815690128679,-0.427242580760221,-15.6837902411269));
#3990=CARTESIAN_POINT('Ctrl Pts',(1.46189871912734,-0.213993375033159,-15.6722226434849));
#3991=CARTESIAN_POINT('Ctrl Pts',(1.46125379173524,-0.0004925596361538,
-15.6606550458429));
#3992=CARTESIAN_POINT('Ctrl Pts',(1.46138996193064,-0.000662941682557438,
-15.5893449541571));
#3993=CARTESIAN_POINT('Ctrl Pts',(1.4622157180988,-0.202633927507408,-15.6002904073644));
#3994=CARTESIAN_POINT('Ctrl Pts',(1.42321912880359,-0.40429989372401,-15.6112358605717));
#3995=CARTESIAN_POINT('Ctrl Pts',(1.34286274305078,-0.587859938448903,-15.622181313779));
#3996=CARTESIAN_POINT('Ctrl Pts',(1.14859411120758,-1.03163249511269,-15.6486429098246));
#3997=CARTESIAN_POINT('Ctrl Pts',(0.712588569508945,-1.36958080005466,-15.6751045058703));
#3998=CARTESIAN_POINT('Ctrl Pts',(0.23438919901658,-1.44703882369872,-15.7015661019159));
#3999=CARTESIAN_POINT('Ctrl Pts',(-0.243810171475799,-1.52449684734279,
-15.7280276979616));
#4000=CARTESIAN_POINT('Ctrl Pts',(-0.764203370761908,-1.34146458968894,
-15.7544892940072));
#4001=CARTESIAN_POINT('Ctrl Pts',(-1.08862631050341,-0.98170892324902,-15.7809508900529));
#4002=CARTESIAN_POINT('Ctrl Pts',(-1.41304925024491,-0.62195325680911,-15.8074124860986));
#4003=CARTESIAN_POINT('Ctrl Pts',(-1.54150193044182,-0.0854741815831436,
-15.8338740821442));
#4004=CARTESIAN_POINT('Ctrl Pts',(-1.41519646624922,0.382202323151947,-15.8603356781899));
#4005=CARTESIAN_POINT('Ctrl Pts',(-1.28889100205662,0.849878827887038,-15.8867972742355));
#4006=CARTESIAN_POINT('Ctrl Pts',(-0.907827393474513,1.24875276213125,-15.9132588702812));
#4007=CARTESIAN_POINT('Ctrl Pts',(-0.446403897554238,1.3962747631306,-15.9397204663268));
#4008=CARTESIAN_POINT('Ctrl Pts',(0.0150195983660506,1.54379676412995,-15.9661820623725));
#4009=CARTESIAN_POINT('Ctrl Pts',(0.556802981624512,1.43996683188441,-15.9926436584182));
#4010=CARTESIAN_POINT('Ctrl Pts',(0.930992693781836,1.1323039600884,-16.0191052544638));
#4011=CARTESIAN_POINT('Ctrl Pts',(1.26207593563555,0.860083699395011,-16.0425184876949));
#4012=CARTESIAN_POINT('Ctrl Pts',(1.46195479963735,0.428288355443792,-16.065931720926));
#4013=CARTESIAN_POINT('Ctrl Pts',(1.4651351030044,-0.000929883418826809,
-16.0893449541571));
#4014=CARTESIAN_POINT('Origin',(0.,0.,-15.5));
#4015=CARTESIAN_POINT('',(1.46456174075515,0.0011649892000623,-16.6606550458429));
#4016=CARTESIAN_POINT('',(1.46422855576621,0.00125039404437651,-16.5893449541572));
#4017=CARTESIAN_POINT('',(1.4635,-1.79227059055215E-16,-15.5));
#4018=CARTESIAN_POINT('Ctrl Pts',(1.46456174075515,0.00116498920006231,
-16.6606550458429));
#4019=CARTESIAN_POINT('Ctrl Pts',(1.46523631860063,0.0787270952143145,-16.6564284626995));
#4020=CARTESIAN_POINT('Ctrl Pts',(1.45960645100482,0.156191099888349,-16.6522018795561));
#4021=CARTESIAN_POINT('Ctrl Pts',(1.4473295854747,0.23258692711366,-16.6479752964126));
#4022=CARTESIAN_POINT('Ctrl Pts',(1.37046715420543,0.710882384936908,-16.621513700367));
#4023=CARTESIAN_POINT('Ctrl Pts',(1.03306209983816,1.14730845192018,-16.5950521043213));
#4024=CARTESIAN_POINT('Ctrl Pts',(0.589531826913076,1.34212958864301,-16.5685905082757));
#4025=CARTESIAN_POINT('Ctrl Pts',(0.146001553988007,1.53695072536584,-16.54212891223));
#4026=CARTESIAN_POINT('Ctrl Pts',(-0.403653937494867,1.49016693182824,-16.5156673161843));
#4027=CARTESIAN_POINT('Ctrl Pts',(-0.807878325875784,1.22318936319553,-16.4892057201387));
#4028=CARTESIAN_POINT('Ctrl Pts',(-1.2121027142567,0.956211794562813,-16.462744124093));
#4029=CARTESIAN_POINT('Ctrl Pts',(-1.47089599953566,0.46904045083499,-16.4362825280474));
#4030=CARTESIAN_POINT('Ctrl Pts',(-1.46581838092146,-0.0153649538666592,
-16.4098209320017));
#4031=CARTESIAN_POINT('Ctrl Pts',(-1.46074076230726,-0.499770358568322,
-16.3833593359561));
#4032=CARTESIAN_POINT('Ctrl Pts',(-1.19179223979989,-0.981409824243813,
-16.3568977399104));
#4033=CARTESIAN_POINT('Ctrl Pts',(-0.782060278340816,-1.23985536603913,
-16.3304361438647));
#4034=CARTESIAN_POINT('Ctrl Pts',(-0.372328316881754,-1.49830090783444,
-16.3039745478191));
#4035=CARTESIAN_POINT('Ctrl Pts',(0.178187083529,-1.53355252574958,-16.2775129517734));
#4036=CARTESIAN_POINT('Ctrl Pts',(0.61753605376384,-1.32947690087354,-16.2510513557278));
#4037=CARTESIAN_POINT('Ctrl Pts',(1.05688502399867,-1.12540127599751,-16.2245897596821));
#4038=CARTESIAN_POINT('Ctrl Pts',(1.38506756405759,-0.681998408330299,-16.1981281636365));
#4039=CARTESIAN_POINT('Ctrl Pts',(1.45188706190011,-0.202196852452226,-16.1716665675908));
#4040=CARTESIAN_POINT('Ctrl Pts',(1.4611556430848,-0.135643229381417,-16.1679960603415));
#4041=CARTESIAN_POINT('Ctrl Pts',(1.4653954252593,-0.0683892713064899,-16.1643255530922));
#4042=CARTESIAN_POINT('Ctrl Pts',(1.46484403315603,-0.00106548974231638,
-16.1606550458429));
#4043=CARTESIAN_POINT('Ctrl Pts',(1.4651351030044,-0.000929883418826809,
-16.0893449541571));
#4044=CARTESIAN_POINT('Ctrl Pts',(1.46554917304878,-0.0568133620379819,
-16.0923933169717));
#4045=CARTESIAN_POINT('Ctrl Pts',(1.46262888906418,-0.112653154619437,-16.0954416797863));
#4046=CARTESIAN_POINT('Ctrl Pts',(1.45622970090977,-0.168091380193231,-16.0984900426008));
#4047=CARTESIAN_POINT('Ctrl Pts',(1.4006809548242,-0.649328037332393,-16.1249516386465));
#4048=CARTESIAN_POINT('Ctrl Pts',(1.08298742159687,-1.10030554026422,-16.1514132346921));
#4049=CARTESIAN_POINT('Ctrl Pts',(0.648545295520599,-1.31462871319819,-16.1778748307378));
#4050=CARTESIAN_POINT('Ctrl Pts',(0.21410316944435,-1.52895188613214,-16.2043364267834));
#4051=CARTESIAN_POINT('Ctrl Pts',(-0.337087549480812,-1.50662072906826,
-16.2307980228291));
#4052=CARTESIAN_POINT('Ctrl Pts',(-0.752767924640371,-1.25785535954642,
-16.2572596188748));
#4053=CARTESIAN_POINT('Ctrl Pts',(-1.16844829979995,-1.00908999002457,-16.2837212149204));
#4054=CARTESIAN_POINT('Ctrl Pts',(-1.4486183311939,-0.533890408044737,-16.3101828109661));
#4055=CARTESIAN_POINT('Ctrl Pts',(-1.46505489792403,-0.0497373096964124,
-16.3366444070117));
#4056=CARTESIAN_POINT('Ctrl Pts',(-1.48149146465416,0.434415788651885,-16.3631060030574));
#4057=CARTESIAN_POINT('Ctrl Pts',(-1.23419456672047,0.927522403368692,-16.389567599103));
#4058=CARTESIAN_POINT('Ctrl Pts',(-0.836342547587247,1.20390647352786,-16.4160291951487));
#4059=CARTESIAN_POINT('Ctrl Pts',(-0.438490528454016,1.48029054368704,-16.4424907911943));
#4060=CARTESIAN_POINT('Ctrl Pts',(0.109916611878752,1.53995206928861,-16.46895238724));
#4061=CARTESIAN_POINT('Ctrl Pts',(0.557893874385807,1.35558624912981,-16.4954139832857));
#4062=CARTESIAN_POINT('Ctrl Pts',(1.00587113689289,1.171220428971,-16.5218755793313));
#4063=CARTESIAN_POINT('Ctrl Pts',(1.35341852157423,0.742827263051797,-16.548337175377));
#4064=CARTESIAN_POINT('Ctrl Pts',(1.44147686674103,0.266465938831775,-16.5747987714227));
#4065=CARTESIAN_POINT('Ctrl Pts',(1.45761236083447,0.179179205033414,-16.5796474990008));
#4066=CARTESIAN_POINT('Ctrl Pts',(1.46503536043767,0.0902819125937902,-16.584496226579));
#4067=CARTESIAN_POINT('Ctrl Pts',(1.46422855576621,0.00125039404437651,
-16.5893449541572));
#4068=CARTESIAN_POINT('Origin',(0.,0.,-15.5));
#4069=CARTESIAN_POINT('',(1.46116730629355,0.000332120549161874,-17.1606550458429));
#4070=CARTESIAN_POINT('',(1.46111126358982,0.000146687480261862,-17.0893449541571));
#4071=CARTESIAN_POINT('',(1.4635,-1.79227059055215E-16,-15.5));
#4072=CARTESIAN_POINT('Ctrl Pts',(1.46116730629355,0.000332120549161874,
-17.1606550458429));
#4073=CARTESIAN_POINT('Ctrl Pts',(1.46162154367385,0.224129385912435,-17.1485313723068));
#4074=CARTESIAN_POINT('Ctrl Pts',(1.41338193108008,0.44774098973551,-17.1364076987706));
#4075=CARTESIAN_POINT('Ctrl Pts',(1.31543535347372,0.646907596559203,-17.1242840252345));
#4076=CARTESIAN_POINT('Ctrl Pts',(1.10165338689826,1.08161629106865,-17.0978224291888));
#4077=CARTESIAN_POINT('Ctrl Pts',(0.65107188209083,1.3998712049043,-17.0713608331432));
#4078=CARTESIAN_POINT('Ctrl Pts',(0.169904781627514,1.45601922131359,-17.0448992370975));
#4079=CARTESIAN_POINT('Ctrl Pts',(-0.311262318835788,1.51216723772289,-17.0184376410519));
#4080=CARTESIAN_POINT('Ctrl Pts',(-0.823015014954973,1.30620835670584,-16.9919760450062));
#4081=CARTESIAN_POINT('Ctrl Pts',(-1.13114364662475,0.932402090492613,-16.9655144489605));
#4082=CARTESIAN_POINT('Ctrl Pts',(-1.43927227829453,0.55859582427939,-16.9390528529149));
#4083=CARTESIAN_POINT('Ctrl Pts',(-1.5437768455149,0.0169421728699944,-16.9125912568692));
#4084=CARTESIAN_POINT('Ctrl Pts',(-1.39682959993448,-0.444664678607848,
-16.8861296608236));
#4085=CARTESIAN_POINT('Ctrl Pts',(-1.24988235435405,-0.906271530085717,
-16.8596680647779));
#4086=CARTESIAN_POINT('Ctrl Pts',(-0.85148329597279,-1.28783158163202,-16.8332064687322));
#4087=CARTESIAN_POINT('Ctrl Pts',(-0.383964455002461,-1.41471937321477,
-16.8067448726866));
#4088=CARTESIAN_POINT('Ctrl Pts',(0.0835543859678274,-1.54160716479751,
-16.7802832766409));
#4089=CARTESIAN_POINT('Ctrl Pts',(0.620193009527176,-1.41382269641674,-16.7538216805953));
#4090=CARTESIAN_POINT('Ctrl Pts',(0.980352417221207,-1.08984803789476,-16.7273600845496));
#4091=CARTESIAN_POINT('Ctrl Pts',(1.28298529934675,-0.817620289432234,-16.7051250716474));
#4092=CARTESIAN_POINT('Ctrl Pts',(1.46101295285988,-0.406870146849842,-16.6828900587451));
#4093=CARTESIAN_POINT('Ctrl Pts',(1.46456174075515,0.00116498920006231,
-16.6606550458429));
#4094=CARTESIAN_POINT('Ctrl Pts',(1.46422855576621,0.00125039404437651,
-16.5893449541572));
#4095=CARTESIAN_POINT('Ctrl Pts',(1.46063227963764,-0.395601453960938,-16.6109578226246));
#4096=CARTESIAN_POINT('Ctrl Pts',(1.29352056666919,-0.795120199044845,-16.6325706910921));
#4097=CARTESIAN_POINT('Ctrl Pts',(1.00564206386323,-1.06655693392145,-16.6541835595596));
#4098=CARTESIAN_POINT('Ctrl Pts',(0.653179610166344,-1.39888899993392,-16.6806451556053));
#4099=CARTESIAN_POINT('Ctrl Pts',(0.119685397120261,-1.53922364943804,-16.7071067516509));
#4100=CARTESIAN_POINT('Ctrl Pts',(-0.350680653396317,-1.42333507412716,
-16.7335683476966));
#4101=CARTESIAN_POINT('Ctrl Pts',(-0.821046703912882,-1.30744649881628,
-16.7600299437423));
#4102=CARTESIAN_POINT('Ctrl Pts',(-1.22828459189996,-0.935334698690423,
-16.7864915397879));
#4103=CARTESIAN_POINT('Ctrl Pts',(-1.38601709247775,-0.477301030028811,
-16.8129531358336));
#4104=CARTESIAN_POINT('Ctrl Pts',(-1.54374959305553,-0.019267361367187,
-16.8394147318792));
#4105=CARTESIAN_POINT('Ctrl Pts',(-1.45197670622403,0.524688175830174,-16.8658763279249));
#4106=CARTESIAN_POINT('Ctrl Pts',(-1.15269937656971,0.905617911242273,-16.8923379239705));
#4107=CARTESIAN_POINT('Ctrl Pts',(-0.853422046915407,1.28654764665436,-16.9187995200162));
#4108=CARTESIAN_POINT('Ctrl Pts',(-0.346640274438292,1.50445158028117,-16.9452611160619));
#4109=CARTESIAN_POINT('Ctrl Pts',(0.135711282618456,1.459603405613,-16.9717227121075));
#4110=CARTESIAN_POINT('Ctrl Pts',(0.618062839675219,1.41475523094484,-16.9981843081532));
#4111=CARTESIAN_POINT('Ctrl Pts',(1.07598418131163,1.10715494798168,-17.0246459041988));
#4112=CARTESIAN_POINT('Ctrl Pts',(1.29990220201609,0.677579455931741,-17.0511075002445));
#4113=CARTESIAN_POINT('Ctrl Pts',(1.407757311261,0.47066483834883,-17.0638533182154));
#4114=CARTESIAN_POINT('Ctrl Pts',(1.4613217289402,0.23545097087142,-17.0765991361863));
#4115=CARTESIAN_POINT('Ctrl Pts',(1.46111126358982,0.000146687480261862,
-17.0893449541571));
#4116=CARTESIAN_POINT('Origin',(0.,0.,-15.5));
#4117=CARTESIAN_POINT('',(1.46334371931627,-0.00133830989794373,-17.6606550458429));
#4118=CARTESIAN_POINT('',(1.46369017439997,-0.00132654997801336,-17.5893449541571));
#4119=CARTESIAN_POINT('',(1.4635,-1.79227059055215E-16,-15.5));
#4120=CARTESIAN_POINT('Ctrl Pts',(1.46334371931627,-0.00133830989794373,
-17.6606550458429));
#4121=CARTESIAN_POINT('Ctrl Pts',(1.45999098375339,0.366850422873581,-17.640634281914));
#4122=CARTESIAN_POINT('Ctrl Pts',(1.31891762405961,0.737328065668088,-17.6206135179852));
#4123=CARTESIAN_POINT('Ctrl Pts',(1.06780848409573,1.00431302338848,-17.6005927540563));
#4124=CARTESIAN_POINT('Ctrl Pts',(0.735915622828829,1.35718907380142,-17.5741311580107));
#4125=CARTESIAN_POINT('Ctrl Pts',(0.211800045875969,1.52927261354424,-17.547669561965));
#4126=CARTESIAN_POINT('Ctrl Pts',(-0.264670568360965,1.44180758005291,-17.5212079659194));
#4127=CARTESIAN_POINT('Ctrl Pts',(-0.741141182597898,1.35434254656157,-17.4947463698737));
#4128=CARTESIAN_POINT('Ctrl Pts',(-1.1699668341189,1.00732893983608,-17.468284773828));
#4129=CARTESIAN_POINT('Ctrl Pts',(-1.35489040332539,0.559581631785109,-17.4418231777824));
#4130=CARTESIAN_POINT('Ctrl Pts',(-1.53981397253188,0.111834323734136,-17.4153615817367));
#4131=CARTESIAN_POINT('Ctrl Pts',(-1.48083545942386,-0.436646685642318,
-17.3888999856911));
#4132=CARTESIAN_POINT('Ctrl Pts',(-1.20494707647679,-0.834842590279488,
-17.3624383896454));
#4133=CARTESIAN_POINT('Ctrl Pts',(-0.92905869352972,-1.23303849491667,-17.3359767935998));
#4134=CARTESIAN_POINT('Ctrl Pts',(-0.43626044074359,-1.48094929481455,-17.3095151975541));
#4135=CARTESIAN_POINT('Ctrl Pts',(0.0479127464317494,-1.46511568703086,
-17.2830536015084));
#4136=CARTESIAN_POINT('Ctrl Pts',(0.532085933607088,-1.44928207924716,-17.2565920054628));
#4137=CARTESIAN_POINT('Ctrl Pts',(1.00763405517164,-1.16970406378189,-17.2301304094171));
#4138=CARTESIAN_POINT('Ctrl Pts',(1.25691690178215,-0.754333818457639,-17.2036688133715));
#4139=CARTESIAN_POINT('Ctrl Pts',(1.39198804909643,-0.529270055110064,-17.1893308908619));
#4140=CARTESIAN_POINT('Ctrl Pts',(1.46063010770103,-0.264339131036125,-17.1749929683524));
#4141=CARTESIAN_POINT('Ctrl Pts',(1.46116730629355,0.000332120549161874,
-17.1606550458429));
#4142=CARTESIAN_POINT('Ctrl Pts',(1.46111126358982,0.000146687480261862,
-17.0893449541571));
#4143=CARTESIAN_POINT('Ctrl Pts',(1.46088478177085,-0.253064313838756,-17.1030607322319));
#4144=CARTESIAN_POINT('Ctrl Pts',(1.39838742760898,-0.506380016042339,-17.1167765103067));
#4145=CARTESIAN_POINT('Ctrl Pts',(1.27426195799019,-0.724648960756877,-17.1304922883815));
#4146=CARTESIAN_POINT('Ctrl Pts',(1.03478899348732,-1.1457511842589,-17.1569538844271));
#4147=CARTESIAN_POINT('Ctrl Pts',(0.565928364708998,-1.43640493012624,-17.1834154804728));
#4148=CARTESIAN_POINT('Ctrl Pts',(0.0822596710118978,-1.46358908182319,
-17.2098770765184));
#4149=CARTESIAN_POINT('Ctrl Pts',(-0.401409022685216,-1.49077323352014,
-17.2363386725641));
#4150=CARTESIAN_POINT('Ctrl Pts',(-0.899885781301128,-1.2544877910467,-17.2628002686098));
#4151=CARTESIAN_POINT('Ctrl Pts',(-1.18503683418614,-0.862871575339638,
-17.2892618646554));
#4152=CARTESIAN_POINT('Ctrl Pts',(-1.47018788707114,-0.471255359632594,
-17.3157234607011));
#4153=CARTESIAN_POINT('Ctrl Pts',(-1.54201323422526,0.0756916293080952,
-17.3421850567467));
#4154=CARTESIAN_POINT('Ctrl Pts',(-1.36764115797806,0.527652647971619,-17.3686466527924));
#4155=CARTESIAN_POINT('Ctrl Pts',(-1.19326908173085,0.979613666635169,-17.395108248838));
#4156=CARTESIAN_POINT('Ctrl Pts',(-0.772699582082311,1.33658871502157,-17.4215698448837));
#4157=CARTESIAN_POINT('Ctrl Pts',(-0.298411253303289,1.43520394990015,-17.4480314409294));
#4158=CARTESIAN_POINT('Ctrl Pts',(0.175877075475733,1.53381918477873,-17.474493036975));
#4159=CARTESIAN_POINT('Ctrl Pts',(0.703884233385225,1.37407460614949,-17.5009546330207));
#4160=CARTESIAN_POINT('Ctrl Pts',(1.0439615140775,1.02907920542203,-17.5274162290663));
#4161=CARTESIAN_POINT('Ctrl Pts',(1.3092585932771,0.759945460398032,-17.5480591374299));
#4162=CARTESIAN_POINT('Ctrl Pts',(1.46018740855707,0.378073840871168,-17.5687020457935));
#4163=CARTESIAN_POINT('Ctrl Pts',(1.46369017439997,-0.00132654997801336,
-17.5893449541571));
#4164=CARTESIAN_POINT('Origin',(0.,0.,-15.5));
#4165=CARTESIAN_POINT('',(1.46570305045334,0.000484752455745009,-18.1606550458429));
#4166=CARTESIAN_POINT('',(1.4655172318118,0.000673220902690168,-18.0893449541571));
#4167=CARTESIAN_POINT('',(1.4635,-1.79227059055215E-16,-15.5));
#4168=CARTESIAN_POINT('Ctrl Pts',(1.46570305045334,0.000484752455745009,
-18.1606550458429));
#4169=CARTESIAN_POINT('Ctrl Pts',(1.46581811530519,0.0271539907950821,-18.159198787567));
#4170=CARTESIAN_POINT('Ctrl Pts',(1.46515324696874,0.0538173763351863,-18.1577425292911));
#4171=CARTESIAN_POINT('Ctrl Pts',(1.46369037420567,0.0804369076493571,-18.1562862710151));
#4172=CARTESIAN_POINT('Ctrl Pts',(1.43710858664592,0.564139075191653,-18.1298246749695));
#4173=CARTESIAN_POINT('Ctrl Pts',(1.14703897065641,1.03336130456148,-18.1033630789238));
#4174=CARTESIAN_POINT('Ctrl Pts',(0.72623530884147,1.27335850562458,-18.0769014828782));
#4175=CARTESIAN_POINT('Ctrl Pts',(0.305431647026553,1.51335570668767,-18.0504398868325));
#4176=CARTESIAN_POINT('Ctrl Pts',(-0.246106060613783,1.52412787944406,-18.0239782907869));
#4177=CARTESIAN_POINT('Ctrl Pts',(-0.675960073984996,1.30074501191922,-17.9975166947412));
#4178=CARTESIAN_POINT('Ctrl Pts',(-1.10581408735621,1.07736214439438,-17.9710550986955));
#4179=CARTESIAN_POINT('Ctrl Pts',(-1.4139844064583,0.619824236588298,-17.9445935026499));
#4180=CARTESIAN_POINT('Ctrl Pts',(-1.45943324831762,0.137528910995558,-17.9181319066042));
#4181=CARTESIAN_POINT('Ctrl Pts',(-1.50488209017693,-0.344766414597195,
-17.8916703105586));
#4182=CARTESIAN_POINT('Ctrl Pts',(-1.28760945479347,-0.85181915797661,-17.8652087145129));
#4183=CARTESIAN_POINT('Ctrl Pts',(-0.907052727586459,-1.1515706478686,-17.8387471184673));
#4184=CARTESIAN_POINT('Ctrl Pts',(-0.526496000379464,-1.45132213776057,
-17.8122855224216));
#4185=CARTESIAN_POINT('Ctrl Pts',(0.0173448186510598,-1.54377237416513,
-17.7858239263759));
#4186=CARTESIAN_POINT('Ctrl Pts',(0.475574561306806,-1.3866104154709,-17.7593623303303));
#4187=CARTESIAN_POINT('Ctrl Pts',(0.933804303962552,-1.22944845677666,-17.7329007342846));
#4188=CARTESIAN_POINT('Ctrl Pts',(1.30642297024352,-0.822674302983623,-17.706439138239));
#4189=CARTESIAN_POINT('Ctrl Pts',(1.42289723059354,-0.352452945545581,-17.6799775421933));
#4190=CARTESIAN_POINT('Ctrl Pts',(1.45124741610575,-0.237999651958597,-17.6735367100765));
#4191=CARTESIAN_POINT('Ctrl Pts',(1.46442231986165,-0.119787427199712,-17.6670958779597));
#4192=CARTESIAN_POINT('Ctrl Pts',(1.46334371931627,-0.00133830989794373,
-17.6606550458429));
#4193=CARTESIAN_POINT('Ctrl Pts',(1.46369017439997,-0.00132654997801336,
-17.5893449541571));
#4194=CARTESIAN_POINT('Ctrl Pts',(1.4646775110729,-0.108269444938223,-17.5951636418392));
#4195=CARTESIAN_POINT('Ctrl Pts',(1.45395145911445,-0.21501599425932,-17.6009823295213));
#4196=CARTESIAN_POINT('Ctrl Pts',(1.43077166994973,-0.318986022227129,-17.6068010172033));
#4197=CARTESIAN_POINT('Ctrl Pts',(1.32535714165464,-0.791809626323283,-17.633262613249));
#4198=CARTESIAN_POINT('Ctrl Pts',(0.962380681589365,-1.20721061168993,-17.6597242092946));
#4199=CARTESIAN_POINT('Ctrl Pts',(0.507962749856594,-1.37507581560623,-17.6861858053403));
#4200=CARTESIAN_POINT('Ctrl Pts',(0.0535448181238234,-1.54294101952254,
-17.7126474013859));
#4201=CARTESIAN_POINT('Ctrl Pts',(-0.49231458527644,-1.46327044198851,-17.7391089974316));
#4202=CARTESIAN_POINT('Ctrl Pts',(-0.879796463189599,-1.17252626293235,
-17.7655705934773));
#4203=CARTESIAN_POINT('Ctrl Pts',(-1.26727834110275,-0.88178208387619,-17.7920321895229));
#4204=CARTESIAN_POINT('Ctrl Pts',(-1.4963826935288,-0.379964303297904,-17.8184937855686));
#4205=CARTESIAN_POINT('Ctrl Pts',(-1.46225721012868,0.103264250027381,-17.8449553816142));
#4206=CARTESIAN_POINT('Ctrl Pts',(-1.42813172672856,0.586492803352665,-17.8714169776599));
#4207=CARTESIAN_POINT('Ctrl Pts',(-1.13077640750227,1.05113212942495,-17.8978785737056));
#4208=CARTESIAN_POINT('Ctrl Pts',(-0.706279423112357,1.28453455788278,-17.9243401697512));
#4209=CARTESIAN_POINT('Ctrl Pts',(-0.281782438722446,1.5179369863406,-17.9508017657969));
#4210=CARTESIAN_POINT('Ctrl Pts',(0.269856210831085,1.52010251718397,-17.9772633618425));
#4211=CARTESIAN_POINT('Ctrl Pts',(0.696172588195998,1.29004006966897,-18.0037249578882));
#4212=CARTESIAN_POINT('Ctrl Pts',(1.12248896556092,1.05997762215395,-18.0301865539338));
#4213=CARTESIAN_POINT('Ctrl Pts',(1.42348307073722,0.597687196280545,-18.0566481499795));
#4214=CARTESIAN_POINT('Ctrl Pts',(1.46140139973433,0.11474146051697,-18.0831097460252));
#4215=CARTESIAN_POINT('Ctrl Pts',(1.46437966142479,0.0768089138716209,-18.0851881487358));
#4216=CARTESIAN_POINT('Ctrl Pts',(1.46573496171838,0.038748940934581,-18.0872665514465));
#4217=CARTESIAN_POINT('Ctrl Pts',(1.4655172318118,0.000673220902690168,
-18.0893449541571));
#4218=CARTESIAN_POINT('Origin',(0.,0.,-15.5));
#4219=CARTESIAN_POINT('',(1.46191231140578,0.00103292946138693,-18.6606550458429));
#4220=CARTESIAN_POINT('',(1.46168031369545,0.000901720368431066,-18.5893449541571));
#4221=CARTESIAN_POINT('',(1.4635,-1.79227059055215E-16,-15.5));
#4222=CARTESIAN_POINT('Ctrl Pts',(1.46191231140578,0.00103292946138693,
-18.6606550458429));
#4223=CARTESIAN_POINT('Ctrl Pts',(1.46303602527614,0.173471032891337,-18.6513016971743));
#4224=CARTESIAN_POINT('Ctrl Pts',(1.43484236483858,0.34555355325306,-18.6419483485056));
#4225=CARTESIAN_POINT('Ctrl Pts',(1.37570733215212,0.506249882881405,-18.632594999837));
#4226=CARTESIAN_POINT('Ctrl Pts',(1.20840817518345,0.960876510337991,-18.6061334037914));
#4227=CARTESIAN_POINT('Ctrl Pts',(0.79345955362065,1.32437000975469,-18.5796718077457));
#4228=CARTESIAN_POINT('Ctrl Pts',(0.320767600551771,1.43037329186852,-18.5532102117));
#4229=CARTESIAN_POINT('Ctrl Pts',(-0.151924352517095,1.53637657398235,-18.5267486156544));
#4230=CARTESIAN_POINT('Ctrl Pts',(-0.68235963709202,1.38488963879334,-18.5002870196087));
#4231=CARTESIAN_POINT('Ctrl Pts',(-1.02777828600479,1.04524226974974,-18.473825423563));
#4232=CARTESIAN_POINT('Ctrl Pts',(-1.37319693491757,0.705594900706131,-18.4473638275174));
#4233=CARTESIAN_POINT('Ctrl Pts',(-1.53359894816818,0.177787097807897,-18.4209022314717));
#4234=CARTESIAN_POINT('Ctrl Pts',(-1.43557445163475,-0.296623669770521,
-18.3944406354261));
#4235=CARTESIAN_POINT('Ctrl Pts',(-1.33754995510131,-0.771034437348925,
-18.3679790393804));
#4236=CARTESIAN_POINT('Ctrl Pts',(-0.981098948783872,-1.19204816960754,
-18.3415174433348));
#4237=CARTESIAN_POINT('Ctrl Pts',(-0.52935544187648,-1.36698296397954,-18.3150558472891));
#4238=CARTESIAN_POINT('Ctrl Pts',(-0.0776119349691017,-1.54191775835154,
-18.2885942512434));
#4239=CARTESIAN_POINT('Ctrl Pts',(0.469424072528207,-1.47077361483694,-18.2621326551978));
#4240=CARTESIAN_POINT('Ctrl Pts',(0.861395096711841,-1.18611049022228,-18.2356710591521));
#4241=CARTESIAN_POINT('Ctrl Pts',(1.23179482009788,-0.9171132018766,-18.2106657213824));
#4242=CARTESIAN_POINT('Ctrl Pts',(1.46372727765692,-0.457451400606801,-18.1856603836126));
#4243=CARTESIAN_POINT('Ctrl Pts',(1.46570305045334,0.000484752455745009,
-18.1606550458429));
#4244=CARTESIAN_POINT('Ctrl Pts',(1.4655172318118,0.000673220902690168,
-18.0893449541571));
#4245=CARTESIAN_POINT('Ctrl Pts',(1.46296289025911,-0.446019635176385,-18.1137281474921));
#4246=CARTESIAN_POINT('Ctrl Pts',(1.24390808805562,-0.894879807107856,-18.1381113408271));
#4247=CARTESIAN_POINT('Ctrl Pts',(0.888975020768444,-1.16558271536462,-18.1624945341621));
#4248=CARTESIAN_POINT('Ctrl Pts',(0.503787759987522,-1.45936010982894,-18.1889561302078));
#4249=CARTESIAN_POINT('Ctrl Pts',(-0.0414293143922461,-1.54331385310382,
-18.2154177262535));
#4250=CARTESIAN_POINT('Ctrl Pts',(-0.497151174672028,-1.37902152391805,
-18.2418793222991));
#4251=CARTESIAN_POINT('Ctrl Pts',(-0.952873034951796,-1.21472919473227,
-18.2683409183448));
#4252=CARTESIAN_POINT('Ctrl Pts',(-1.31909968113158,-0.802190793085856,
-18.2948025143904));
#4253=CARTESIAN_POINT('Ctrl Pts',(-1.42822316708092,-0.330209386481312,
-18.3212641104361));
#4254=CARTESIAN_POINT('Ctrl Pts',(-1.53734665303026,0.141772020123232,-18.3477257064817));
#4255=CARTESIAN_POINT('Ctrl Pts',(-1.38936697874915,0.673196431685903,-18.3741873025274));
#4256=CARTESIAN_POINT('Ctrl Pts',(-1.05200878834537,1.02085119540075,-18.4006488985731));
#4257=CARTESIAN_POINT('Ctrl Pts',(-0.714650597941584,1.3685059591156,-18.4271104946187));
#4258=CARTESIAN_POINT('Ctrl Pts',(-0.187913891415136,1.53239107498262,-18.4535720906644));
#4259=CARTESIAN_POINT('Ctrl Pts',(0.287134061953181,1.43750258586665,-18.48003368671));
#4260=CARTESIAN_POINT('Ctrl Pts',(0.762182015321512,1.34261409675067,-18.5064952827557));
#4261=CARTESIAN_POINT('Ctrl Pts',(1.18554121553171,0.988952002651683,-18.5329568788014));
#4262=CARTESIAN_POINT('Ctrl Pts',(1.36345632893217,0.538373934177579,-18.559418474847));
#4263=CARTESIAN_POINT('Ctrl Pts',(1.43052677259136,0.368515003263494,-18.5693939679504));
#4264=CARTESIAN_POINT('Ctrl Pts',(1.4627161904566,0.184882961552715,-18.5793694610538));
#4265=CARTESIAN_POINT('Ctrl Pts',(1.46168031369545,0.000901720368431066,
-18.5893449541571));
#4266=CARTESIAN_POINT('Origin',(0.,0.,-15.5));
#4267=CARTESIAN_POINT('',(1.46196991573958,-0.00106013396257112,-19.1606550458429));
#4268=CARTESIAN_POINT('',(1.46224018435099,-0.00116579836265479,-19.0893449541571));
#4269=CARTESIAN_POINT('',(1.4635,-1.79227059055215E-16,-15.5));
#4270=CARTESIAN_POINT('Ctrl Pts',(1.46196991573958,-0.00106013396257112,
-19.1606550458429));
#4271=CARTESIAN_POINT('Ctrl Pts',(1.45983746399659,0.316937028426647,-19.1434046067815));
#4272=CARTESIAN_POINT('Ctrl Pts',(1.35789089393563,0.636179052045041,-19.1261541677202));
#4273=CARTESIAN_POINT('Ctrl Pts',(1.16668889494333,0.887522749043898,-19.1089037286589));
#4274=CARTESIAN_POINT('Ctrl Pts',(0.873391429153426,1.27307556627673,-19.0824421326132));
#4275=CARTESIAN_POINT('Ctrl Pts',(0.370071182043717,1.49886000219842,-19.0559805365675));
#4276=CARTESIAN_POINT('Ctrl Pts',(-0.112921396073315,1.46154314543341,-19.0295189405219));
#4277=CARTESIAN_POINT('Ctrl Pts',(-0.595913974190347,1.4242262886684,-19.0030573444762));
#4278=CARTESIAN_POINT('Ctrl Pts',(-1.05857888331472,1.12380813921668,-18.9765957484306));
#4279=CARTESIAN_POINT('Ctrl Pts',(-1.28917206829946,0.69777860813515,-18.9501341523849));
#4280=CARTESIAN_POINT('Ctrl Pts',(-1.51976525328421,0.271749077053607,-18.9236725563392));
#4281=CARTESIAN_POINT('Ctrl Pts',(-1.51828671412933,-0.279891835657729,
-18.8972109602936));
#4282=CARTESIAN_POINT('Ctrl Pts',(-1.28541312172595,-0.704679156885793,
-18.8707493642479));
#4283=CARTESIAN_POINT('Ctrl Pts',(-1.05253952932258,-1.12946647811385,-18.8442877682023));
#4284=CARTESIAN_POINT('Ctrl Pts',(-0.588270883670699,-1.4274002078586,-18.8178261721566));
#4285=CARTESIAN_POINT('Ctrl Pts',(-0.105085208863321,-1.46212745905844,
-18.791364576111));
#4286=CARTESIAN_POINT('Ctrl Pts',(0.378100465944071,-1.49685471025827,-18.7649029800653));
#4287=CARTESIAN_POINT('Ctrl Pts',(0.880203169906974,-1.26837548291317,-18.7384413840196));
#4288=CARTESIAN_POINT('Ctrl Pts',(1.17142967570115,-0.881255991492388,-18.711979787974));
#4289=CARTESIAN_POINT('Ctrl Pts',(1.35971669721251,-0.630971163159738,-18.6948715405969));
#4290=CARTESIAN_POINT('Ctrl Pts',(1.459856921881,-0.314374293686287,-18.6777632932199));
#4291=CARTESIAN_POINT('Ctrl Pts',(1.46191231140578,0.00103292946138693,
-18.6606550458429));
#4292=CARTESIAN_POINT('Ctrl Pts',(1.46168031369545,0.000901720368431066,
-18.5893449541571));
#4293=CARTESIAN_POINT('Ctrl Pts',(1.45996836113902,-0.303156800867612,-18.6058310570994));
#4294=CARTESIAN_POINT('Ctrl Pts',(1.36750860758586,-0.60816908593588,-18.6223171600417));
#4295=CARTESIAN_POINT('Ctrl Pts',(1.19177484023287,-0.853541085182752,-18.638803262984));
#4296=CARTESIAN_POINT('Ctrl Pts',(0.909707211542394,-1.24738399321978,-18.6652648590296));
#4297=CARTESIAN_POINT('Ctrl Pts',(0.413100927570724,-1.48757576644464,-18.6917264550753));
#4298=CARTESIAN_POINT('Ctrl Pts',(-0.0707662858251576,-1.46418980555717,
-18.718188051121));
#4299=CARTESIAN_POINT('Ctrl Pts',(-0.55463349922108,-1.44080384466969,-18.7446496471666));
#4300=CARTESIAN_POINT('Ctrl Pts',(-1.02576164204121,-1.15384014966983,-18.7711112432123));
#4301=CARTESIAN_POINT('Ctrl Pts',(-1.26853336037082,-0.734631041770859,
-18.7975728392579));
#4302=CARTESIAN_POINT('Ctrl Pts',(-1.51130507870042,-0.315421933871908,
-18.8240344353036));
#4303=CARTESIAN_POINT('Ctrl Pts',(-1.52572037253951,0.236032586926143,-18.8504960313492));
#4304=CARTESIAN_POINT('Ctrl Pts',(-1.30518191256093,0.667352851968739,-18.8769576273949));
#4305=CARTESIAN_POINT('Ctrl Pts',(-1.08464345258235,1.09867311701133,-18.9034192234406));
#4306=CARTESIAN_POINT('Ctrl Pts',(-0.629151238786088,1.40985912629847,-18.9298808194862));
#4307=CARTESIAN_POINT('Ctrl Pts',(-0.147166657663758,1.45849293065791,-18.9563424155319));
#4308=CARTESIAN_POINT('Ctrl Pts',(0.334817923458598,1.50712673501735,-18.9828040115775));
#4309=CARTESIAN_POINT('Ctrl Pts',(0.843294871907025,1.29320833444906,-19.0092656076232));
#4310=CARTESIAN_POINT('Ctrl Pts',(1.14555371215184,0.91464000922886,-19.0357272036689));
#4311=CARTESIAN_POINT('Ctrl Pts',(1.34970414776374,0.658948931872865,-19.053599787165));
#4312=CARTESIAN_POINT('Ctrl Pts',(1.45978062961521,0.328146752328564,-19.071472370661));
#4313=CARTESIAN_POINT('Ctrl Pts',(1.46224018435099,-0.00116579836265479,
-19.0893449541571));
#4314=CARTESIAN_POINT('Origin',(0.,0.,-15.5));
#4315=CARTESIAN_POINT('',(1.46573784697578,-0.000439603169441055,-19.6606550458429));
#4316=CARTESIAN_POINT('',(1.46585234020154,-0.000235223247230279,-19.5893449541571));
#4317=CARTESIAN_POINT('',(1.4635,-1.79227059055215E-16,-15.5));
#4318=CARTESIAN_POINT('Ctrl Pts',(1.46573784697578,-0.000439603169441055,
-19.6606550458429));
#4319=CARTESIAN_POINT('Ctrl Pts',(1.46391537787873,0.460071435797212,-19.6355075163888));
#4320=CARTESIAN_POINT('Ctrl Pts',(1.22897539043338,0.922184702099496,-19.6103599869348));
#4321=CARTESIAN_POINT('Ctrl Pts',(0.855024605580998,1.19071093532628,-19.5852124574807));
#4322=CARTESIAN_POINT('Ctrl Pts',(0.461533283588702,1.4732688193637,-19.5587508614351));
#4323=CARTESIAN_POINT('Ctrl Pts',(-0.0858762307677153,1.54147956812882,
-19.5322892653894));
#4324=CARTESIAN_POINT('Ctrl Pts',(-0.536675513763153,1.36412572755651,-19.5058276693437));
#4325=CARTESIAN_POINT('Ctrl Pts',(-0.987474796758641,1.18677188698419,-19.4793660732981));
#4326=CARTESIAN_POINT('Ctrl Pts',(-1.34166384839313,0.763853457074382,-19.4529044772524));
#4327=CARTESIAN_POINT('Ctrl Pts',(-1.43714386972443,0.288924047749613,-19.4264428812067));
#4328=CARTESIAN_POINT('Ctrl Pts',(-1.53262389105573,-0.186005361575101,
-19.3999812851611));
#4329=CARTESIAN_POINT('Ctrl Pts',(-1.36939488208389,-0.7129457503148,-19.3735196891154));
#4330=CARTESIAN_POINT('Ctrl Pts',(-1.0221605248814,-1.05073663162027,-19.3470580930698));
#4331=CARTESIAN_POINT('Ctrl Pts',(-0.674926167678904,-1.38852751292575,
-19.3205964970241));
#4332=CARTESIAN_POINT('Ctrl Pts',(-0.143686462245794,-1.53716888679702,
-19.2941349009785));
#4333=CARTESIAN_POINT('Ctrl Pts',(0.328430471551797,-1.42863327450077,-19.2676733049328));
#4334=CARTESIAN_POINT('Ctrl Pts',(0.800547405349388,-1.32009766220453,-19.2412117088871));
#4335=CARTESIAN_POINT('Ctrl Pts',(1.21354156751145,-0.954385063740712,-19.2147501128415));
#4336=CARTESIAN_POINT('Ctrl Pts',(1.3784013063574,-0.498868165236818,-19.1882885167958));
#4337=CARTESIAN_POINT('Ctrl Pts',(1.43578820517795,-0.34030487775083,-19.1790773598115));
#4338=CARTESIAN_POINT('Ctrl Pts',(1.46310857358454,-0.170859973428431,-19.1698662028272));
#4339=CARTESIAN_POINT('Ctrl Pts',(1.46196991573958,-0.00106013396257112,
-19.1606550458429));
#4340=CARTESIAN_POINT('Ctrl Pts',(1.46224018435099,-0.00116579836265479,
-19.0893449541571));
#4341=CARTESIAN_POINT('Ctrl Pts',(1.46342217051973,-0.159423256286089,-19.0979339667067));
#4342=CARTESIAN_POINT('Ctrl Pts',(1.4397503799719,-0.317336689306589,-19.1065229792563));
#4343=CARTESIAN_POINT('Ctrl Pts',(1.38972173396784,-0.46640449831068,-19.1151119918058));
#4344=CARTESIAN_POINT('Ctrl Pts',(1.23559018349783,-0.925662430758085,-19.1415735878515));
#4345=CARTESIAN_POINT('Ctrl Pts',(0.831286350516566,-1.30096004578082,-19.1680351838971));
#4346=CARTESIAN_POINT('Ctrl Pts',(0.361844655008331,-1.42053796131921,-19.1944967799428));
#4347=CARTESIAN_POINT('Ctrl Pts',(-0.107597040499904,-1.54011587685759,
-19.2209583759885));
#4348=CARTESIAN_POINT('Ctrl Pts',(-0.642176598535105,-1.40397409291164,
-19.2474199720341));
#4349=CARTESIAN_POINT('Ctrl Pts',(-0.99723737627715,-1.0744195033891,-19.2738815680798));
#4350=CARTESIAN_POINT('Ctrl Pts',(-1.35229815401919,-0.74486491386658,-19.3003431641254));
#4351=CARTESIAN_POINT('Ctrl Pts',(-1.52784015146808,-0.221897518767488,
-19.3268047601711));
#4352=CARTESIAN_POINT('Ctrl Pts',(-1.44352450208049,0.255140482480306,-19.3532663562168));
#4353=CARTESIAN_POINT('Ctrl Pts',(-1.35920885269291,0.7321784837281,-19.3797279522624));
#4354=CARTESIAN_POINT('Ctrl Pts',(-1.01503555646886,1.16328709112459,-19.4061895483081));
#4355=CARTESIAN_POINT('Ctrl Pts',(-0.56851958370011,1.35116436337571,-19.4326511443537));
#4356=CARTESIAN_POINT('Ctrl Pts',(-0.12200361093135,1.53904163562682,-19.4591127403994));
#4357=CARTESIAN_POINT('Ctrl Pts',(0.426855038382108,1.48368757273254,-19.4855743364451));
#4358=CARTESIAN_POINT('Ctrl Pts',(0.82686472680213,1.21043561475919,-19.5120359324907));
#4359=CARTESIAN_POINT('Ctrl Pts',(1.21641489623113,0.944328693834933,-19.5378056063795));
#4360=CARTESIAN_POINT('Ctrl Pts',(1.46479858691291,0.471570155122322,-19.5635752802683));
#4361=CARTESIAN_POINT('Ctrl Pts',(1.46585234020154,-0.000235223247230279,
-19.5893449541571));
#4362=CARTESIAN_POINT('Origin',(0.,0.,-15.5));
#4363=CARTESIAN_POINT('',(1.46326530994112,0.00133695517044861,-20.1606550458429));
#4364=CARTESIAN_POINT('',(1.462928538957,0.0013136701034074,-20.0893449541571));
#4365=CARTESIAN_POINT('',(1.4635,-1.79227059055215E-16,-15.5));
#4366=CARTESIAN_POINT('Ctrl Pts',(1.46326530994112,0.00133695517044861,
-20.1606550458429));
#4367=CARTESIAN_POINT('Ctrl Pts',(1.46436146081559,0.122417577969732,-20.1540720220418));
#4368=CARTESIAN_POINT('Ctrl Pts',(1.4505901855926,0.243252258868957,-20.1474889982406));
#4369=CARTESIAN_POINT('Ctrl Pts',(1.42098747215263,0.360075286071985,-20.1409059744395));
#4370=CARTESIAN_POINT('Ctrl Pts',(1.30199427562639,0.829665530322681,-20.1144443783939));
#4371=CARTESIAN_POINT('Ctrl Pts',(0.927200460430011,1.23443642693655,-20.0879827823482));
#4372=CARTESIAN_POINT('Ctrl Pts',(0.468134838687751,1.38913979874645,-20.0615211863025));
#4373=CARTESIAN_POINT('Ctrl Pts',(0.00906921694549069,1.54384317055635,
-20.0350595902569));
#4374=CARTESIAN_POINT('Ctrl Pts',(-0.534268211342652,1.44847901756229,-20.0085979942112));
#4375=CARTESIAN_POINT('Ctrl Pts',(-0.913212660691681,1.1466918696873,-19.9821363981656));
#4376=CARTESIAN_POINT('Ctrl Pts',(-1.29215711004072,0.844904721812299,-19.9556748021199));
#4377=CARTESIAN_POINT('Ctrl Pts',(-1.50670858045064,0.336694579056359,-19.9292132060743));
#4378=CARTESIAN_POINT('Ctrl Pts',(-1.4586750597623,-0.14535018982435,-19.9027516100286));
#4379=CARTESIAN_POINT('Ctrl Pts',(-1.41064153907397,-0.627394958705047,
-19.8762900139829));
#4380=CARTESIAN_POINT('Ctrl Pts',(-1.10002302728744,-1.08327435371048,-19.8498284179373));
#4381=CARTESIAN_POINT('Ctrl Pts',(-0.668977751647243,-1.30434979029995,
-19.8233668218916));
#4382=CARTESIAN_POINT('Ctrl Pts',(-0.237932476007047,-1.52542522688942,
-19.796905225846));
#4383=CARTESIAN_POINT('Ctrl Pts',(0.313539563486849,-1.51169670506288,-19.7704436298003));
#4384=CARTESIAN_POINT('Ctrl Pts',(0.733050680541933,-1.26944724483199,-19.7439820337547));
#4385=CARTESIAN_POINT('Ctrl Pts',(1.15256179759703,-1.0271977846011,-19.717520437709));
#4386=CARTESIAN_POINT('Ctrl Pts',(1.44011199221335,-0.556427385965859,-19.6910588416633));
#4387=CARTESIAN_POINT('Ctrl Pts',(1.46410052470742,-0.0725896769933624,
-19.6645972456177));
#4388=CARTESIAN_POINT('Ctrl Pts',(1.46529178048343,-0.0485625938190629,
-19.6632831790261));
#4389=CARTESIAN_POINT('Ctrl Pts',(1.46583307882585,-0.024503285944774,-19.6619691124345));
#4390=CARTESIAN_POINT('Ctrl Pts',(1.46573784697578,-0.000439603169441055,
-19.6606550458429));
#4391=CARTESIAN_POINT('Ctrl Pts',(1.46585234020154,-0.000235223247230279,
-19.5893449541571));
#4392=CARTESIAN_POINT('Ctrl Pts',(1.46588063373957,-0.0129033150679998,
-19.590036876314));
#4393=CARTESIAN_POINT('Ctrl Pts',(1.46573061825559,-0.0255707197212942,
-19.5907287984708));
#4394=CARTESIAN_POINT('Ctrl Pts',(1.4654002387109,-0.0382334185376164,-19.5914207206277));
#4395=CARTESIAN_POINT('Ctrl Pts',(1.45276533467306,-0.522500640808625,-19.6178823166733));
#4396=CARTESIAN_POINT('Ctrl Pts',(1.17633479907083,-0.999885232298259,-19.644343912719));
#4397=CARTESIAN_POINT('Ctrl Pts',(0.762620328426938,-1.25190650153157,-19.6708055087647));
#4398=CARTESIAN_POINT('Ctrl Pts',(0.348905857783024,-1.50392777076489,-19.6972671048103));
#4399=CARTESIAN_POINT('Ctrl Pts',(-0.202092547902579,-1.53058571774188,
-19.723728700856));
#4400=CARTESIAN_POINT('Ctrl Pts',(-0.638203966438699,-1.31968001846241,
-19.7501902969016));
#4401=CARTESIAN_POINT('Ctrl Pts',(-1.07431538497482,-1.10877431918294,-19.7766518929473));
#4402=CARTESIAN_POINT('Ctrl Pts',(-1.39553981636145,-0.660304973647047,
-19.8031134889929));
#4403=CARTESIAN_POINT('Ctrl Pts',(-1.45486510909829,-0.179519269816493,
-19.8295750850386));
#4404=CARTESIAN_POINT('Ctrl Pts',(-1.51419040183512,0.301266434014034,-19.8560366810843));
#4405=CARTESIAN_POINT('Ctrl Pts',(-1.31161655592215,0.814368496139231,-19.8824982771299));
#4406=CARTESIAN_POINT('Ctrl Pts',(-0.939853882330464,1.12495970317846,-19.9089598731756));
#4407=CARTESIAN_POINT('Ctrl Pts',(-0.568091208738748,1.43555091021772,-19.9354214692212));
#4408=CARTESIAN_POINT('Ctrl Pts',(-0.0271397074683261,1.54363126217103,
-19.9618830652669));
#4409=CARTESIAN_POINT('Ctrl Pts',(0.435427783649651,1.3997365106094,-19.9883446613126));
#4410=CARTESIAN_POINT('Ctrl Pts',(0.897995274767603,1.25584175904778,-20.0148062573582));
#4411=CARTESIAN_POINT('Ctrl Pts',(1.28217875573309,0.859971903971235,-20.0412678534039));
#4412=CARTESIAN_POINT('Ctrl Pts',(1.41215212308374,0.393301455854291,-20.0677294494495));
#4413=CARTESIAN_POINT('Ctrl Pts',(1.44754227779428,0.266232813298172,-20.0749346176854));
#4414=CARTESIAN_POINT('Ctrl Pts',(1.46408513848954,0.133914971272708,-20.0821397859213));
#4415=CARTESIAN_POINT('Ctrl Pts',(1.462928538957,0.0013136701034074,-20.0893449541571));
#4416=CARTESIAN_POINT('Origin',(0.,0.,-15.5));
#4417=CARTESIAN_POINT('',(1.46118618962027,-0.000373732027265511,-20.6606550458429));
#4418=CARTESIAN_POINT('',(1.4612948339039,-0.000550822666855867,-20.5893449541571));
#4419=CARTESIAN_POINT('',(1.4635,-1.79227059055215E-16,-15.5));
#4420=CARTESIAN_POINT('Ctrl Pts',(1.46118618962027,-0.000373732027265511,
-20.6606550458429));
#4421=CARTESIAN_POINT('Ctrl Pts',(1.46057524567364,0.266913688783471,-20.646174931649));
#4422=CARTESIAN_POINT('Ctrl Pts',(1.39048238062693,0.534499383208542,-20.6316948174552));
#4423=CARTESIAN_POINT('Ctrl Pts',(1.25285525586805,0.761060651655528,-20.6172147032614));
#4424=CARTESIAN_POINT('Ctrl Pts',(1.0013494091915,1.17508865481772,-20.5907531072157));
#4425=CARTESIAN_POINT('Ctrl Pts',(0.524309449205929,1.45211348986326,-20.5642915111701));
#4426=CARTESIAN_POINT('Ctrl Pts',(0.0400583427117615,1.46535147211641,-20.5378299151244));
#4427=CARTESIAN_POINT('Ctrl Pts',(-0.444192763782406,1.47858945436955,-20.5113683190787));
#4428=CARTESIAN_POINT('Ctrl Pts',(-0.935655016785168,1.22804058383029,-20.4849067230331));
#4429=CARTESIAN_POINT('Ctrl Pts',(-1.20940491691246,0.828371507599396,-20.4584451269874));
#4430=CARTESIAN_POINT('Ctrl Pts',(-1.48315481703976,0.42870243136849,-20.4319835309418));
#4431=CARTESIAN_POINT('Ctrl Pts',(-1.53919236429158,-0.120086850554063,
-20.4055219348961));
#4432=CARTESIAN_POINT('Ctrl Pts',(-1.35187131392019,-0.566836447535114,
-20.3790603388504));
#4433=CARTESIAN_POINT('Ctrl Pts',(-1.16455026354881,-1.01358604451614,-20.3525987428048));
#4434=CARTESIAN_POINT('Ctrl Pts',(-0.733870615554247,-1.35829595655568,
-20.3261371467591));
#4435=CARTESIAN_POINT('Ctrl Pts',(-0.256937992898525,-1.44320562480189,
-20.2996755507135));
#4436=CARTESIAN_POINT('Ctrl Pts',(0.219994629757211,-1.5281152930481,-20.2732139546678));
#4437=CARTESIAN_POINT('Ctrl Pts',(0.743180227074108,-1.35322471750096,-20.2467523586221));
#4438=CARTESIAN_POINT('Ctrl Pts',(1.07317673680452,-0.99857463378364,-20.2202907625765));
#4439=CARTESIAN_POINT('Ctrl Pts',(1.32107786294227,-0.732153164022651,-20.200412190332));
#4440=CARTESIAN_POINT('Ctrl Pts',(1.45995529390481,-0.364286803825907,-20.1805336180874));
#4441=CARTESIAN_POINT('Ctrl Pts',(1.46326530994112,0.00133695517044861,
-20.1606550458429));
#4442=CARTESIAN_POINT('Ctrl Pts',(1.462928538957,0.0013136701034074,-20.0893449541571));
#4443=CARTESIAN_POINT('Ctrl Pts',(1.45983742787201,-0.353074638380502,-20.1086013819669));
#4444=CARTESIAN_POINT('Ctrl Pts',(1.33032415211142,-0.709487614176283,-20.1278578097767));
#4445=CARTESIAN_POINT('Ctrl Pts',(1.09630029722343,-0.97313170342705,-20.1471142375865));
#4446=CARTESIAN_POINT('Ctrl Pts',(0.774711850276636,-1.33542337343411,-20.1735758336321));
#4447=CARTESIAN_POINT('Ctrl Pts',(0.25577170264722,-1.52253567229084,-20.2000374296778));
#4448=CARTESIAN_POINT('Ctrl Pts',(-0.223021063563317,-1.44883444848406,
-20.2264990257235));
#4449=CARTESIAN_POINT('Ctrl Pts',(-0.701813829773841,-1.37513322467728,
-20.2529606217692));
#4450=CARTESIAN_POINT('Ctrl Pts',(-1.14045921456547,-1.04061847820701,-20.2794222178148));
#4451=CARTESIAN_POINT('Ctrl Pts',(-1.33820598153463,-0.598384830098467,
-20.3058838138604));
#4452=CARTESIAN_POINT('Ctrl Pts',(-1.53595274850377,-0.156151181989937,
-20.3323454099061));
#4453=CARTESIAN_POINT('Ctrl Pts',(-1.49280089765044,0.393801367756881,-20.3588070059518));
#4454=CARTESIAN_POINT('Ctrl Pts',(-1.22849938271325,0.799780545262375,-20.3852686019974));
#4455=CARTESIAN_POINT('Ctrl Pts',(-0.964197867776056,1.20575972276788,-20.4117301980431));
#4456=CARTESIAN_POINT('Ctrl Pts',(-0.478746688755004,1.46776552803208,-20.4381917940887));
#4457=CARTESIAN_POINT('Ctrl Pts',(0.00568169390477824,1.46588791258452,
-20.4646533901344));
#4458=CARTESIAN_POINT('Ctrl Pts',(0.490110076564575,1.46401029713696,-20.49111498618));
#4459=CARTESIAN_POINT('Ctrl Pts',(0.973515662863087,1.19824926097762,-20.5175765822257));
#4460=CARTESIAN_POINT('Ctrl Pts',(1.23466218200282,0.790233478308185,-20.5440381782714));
#4461=CARTESIAN_POINT('Ctrl Pts',(1.38370467608359,0.557369222358327,-20.5591404369));
#4462=CARTESIAN_POINT('Ctrl Pts',(1.46035172828489,0.278168970470487,-20.5742426955285));
#4463=CARTESIAN_POINT('Ctrl Pts',(1.4612948339039,-0.000550822666855867,
-20.5893449541571));
#4464=CARTESIAN_POINT('Origin',(0.,0.,-15.5));
#4465=CARTESIAN_POINT('',(1.46463556700194,-0.00114158065134304,-21.1606550458429));
#4466=CARTESIAN_POINT('',(1.46494477014383,-0.00102285268238417,-21.0893449541571));
#4467=CARTESIAN_POINT('',(1.4635,-1.79227059055215E-16,-15.5));
#4468=CARTESIAN_POINT('Ctrl Pts',(1.46463556700194,-0.00114158065134304,
-21.1606550458429));
#4469=CARTESIAN_POINT('Ctrl Pts',(1.46111096180772,0.409449163648359,-21.1382778412563));
#4470=CARTESIAN_POINT('Ctrl Pts',(1.28052865815805,0.822755470119837,-21.1159006366698));
#4471=CARTESIAN_POINT('Ctrl Pts',(0.974496229402092,1.09508753373219,-21.0935234320832));
#4472=CARTESIAN_POINT('Ctrl Pts',(0.612605338371101,1.41712691223077,-21.0670618360376));
#4473=CARTESIAN_POINT('Ctrl Pts',(0.0752894395494746,1.54203290699707,-21.0406002399919));
#4474=CARTESIAN_POINT('Ctrl Pts',(-0.391542505592711,1.41264081562466,-21.0141386439462));
#4475=CARTESIAN_POINT('Ctrl Pts',(-0.858374450734896,1.28324872425226,-20.9876770479006));
#4476=CARTESIAN_POINT('Ctrl Pts',(-1.25472244219764,0.899558546741167,-20.9612154518549));
#4477=CARTESIAN_POINT('Ctrl Pts',(-1.39919314474724,0.43717062040681,-20.9347538558093));
#4478=CARTESIAN_POINT('Ctrl Pts',(-1.54366384729684,-0.0252173059275595,
-20.9082922597636));
#4479=CARTESIAN_POINT('Ctrl Pts',(-1.43625726093327,-0.566302981085197,
-20.881830663718));
#4480=CARTESIAN_POINT('Ctrl Pts',(-1.12612927731288,-0.938452160972148,
-20.8553690676723));
#4481=CARTESIAN_POINT('Ctrl Pts',(-0.816001293692512,-1.31060134085909,
-20.8289074716266));
#4482=CARTESIAN_POINT('Ctrl Pts',(-0.30315191281534,-1.51381402547535,-20.802445875581));
#4483=CARTESIAN_POINT('Ctrl Pts',(0.177707294492877,-1.45508753177895,-20.7759842795353));
#4484=CARTESIAN_POINT('Ctrl Pts',(0.658566501801107,-1.39636103808254,-20.7495226834897));
#4485=CARTESIAN_POINT('Ctrl Pts',(1.10743553554038,-1.07569536607345,-20.723061087444));
#4486=CARTESIAN_POINT('Ctrl Pts',(1.31888418572625,-0.639846944429477,-20.6965994913983));
#4487=CARTESIAN_POINT('Ctrl Pts',(1.41462550686282,-0.44250019538757,-20.6846180095465));
#4488=CARTESIAN_POINT('Ctrl Pts',(1.4616917114491,-0.221539072216749,-20.6726365276947));
#4489=CARTESIAN_POINT('Ctrl Pts',(1.46118618962027,-0.000373732027265511,
-20.6606550458429));
#4490=CARTESIAN_POINT('Ctrl Pts',(1.4612948339039,-0.000550822666855867,
-20.5893449541571));
#4491=CARTESIAN_POINT('Ctrl Pts',(1.46200420163556,-0.210193118758359,-20.6007042915742));
#4492=CARTESIAN_POINT('Ctrl Pts',(1.41988429525027,-0.419563596794675,-20.6120636289913));
#4493=CARTESIAN_POINT('Ctrl Pts',(1.33352723667131,-0.608740308311197,-20.6234229664084));
#4494=CARTESIAN_POINT('Ctrl Pts',(1.13235832021911,-1.04942778308168,-20.649884562454));
#4495=CARTESIAN_POINT('Ctrl Pts',(0.691133035333684,-1.38053220344315,-20.6763461584996));
#4496=CARTESIAN_POINT('Ctrl Pts',(0.211783340139679,-1.45051972435617,-20.7028077545453));
#4497=CARTESIAN_POINT('Ctrl Pts',(-0.267566355054341,-1.52050724526919,
-20.729269350591));
#4498=CARTESIAN_POINT('Ctrl Pts',(-0.785040460556992,-1.32937786673377,
-20.7557309466366));
#4499=CARTESIAN_POINT('Ctrl Pts',(-1.10381084574549,-0.964604204179958,
-20.7821925426823));
#4500=CARTESIAN_POINT('Ctrl Pts',(-1.42258123093399,-0.599830541626143,
-20.808654138728));
#4501=CARTESIAN_POINT('Ctrl Pts',(-1.54264789580834,-0.0614125950539591,
-20.8351157347736));
#4502=CARTESIAN_POINT('Ctrl Pts',(-1.40906091439172,0.404236308909258,-20.8615773308193));
#4503=CARTESIAN_POINT('Ctrl Pts',(-1.27547393297511,0.869885212872461,-20.8880389268649));
#4504=CARTESIAN_POINT('Ctrl Pts',(-0.888233305267513,1.26276507422668,-20.9145005229106));
#4505=CARTESIAN_POINT('Ctrl Pts',(-0.424564274012428,1.40306978840659,-20.9409621189562));
#4506=CARTESIAN_POINT('Ctrl Pts',(0.0391047572426693,1.54337450258651,-20.9674237150019));
#4507=CARTESIAN_POINT('Ctrl Pts',(0.579202192045275,1.43110406959212,-20.9938853110476));
#4508=CARTESIAN_POINT('Ctrl Pts',(0.948546066161226,1.11764037788418,-21.0203469070932));
#4509=CARTESIAN_POINT('Ctrl Pts',(1.2695648231181,0.845190415355211,-21.0433462561145));
#4510=CARTESIAN_POINT('Ctrl Pts',(1.46158979524915,0.420751353339593,-21.0663456051358));
#4511=CARTESIAN_POINT('Ctrl Pts',(1.46494477014383,-0.00102285268238417,
-21.0893449541571));
#4512=CARTESIAN_POINT('Origin',(0.,0.,-15.5));
#4513=CARTESIAN_POINT('',(1.46477358175988,0.00109294659709741,-21.6606550458429));
#4514=CARTESIAN_POINT('',(1.46445190031374,0.00119668967257928,-21.5893449541571));
#4515=CARTESIAN_POINT('',(1.4635,-1.79227059055215E-16,-15.5));
#4516=CARTESIAN_POINT('Ctrl Pts',(1.46477358175988,0.00109294659709741,
-21.6606550458429));
#4517=CARTESIAN_POINT('Ctrl Pts',(1.46535664802314,0.0710335492349187,-21.6568423469093));
#4518=CARTESIAN_POINT('Ctrl Pts',(1.46078040857435,0.140897510842028,-21.6530296479757));
#4519=CARTESIAN_POINT('Ctrl Pts',(1.4507823309106,0.209976751027654,-21.649216949042));
#4520=CARTESIAN_POINT('Ctrl Pts',(1.38139182906989,0.689413229165521,-21.6227553529964));
#4521=CARTESIAN_POINT('Ctrl Pts',(1.05083715437378,1.13105051211566,-21.5962937569507));
#4522=CARTESIAN_POINT('Ctrl Pts',(0.610400554270876,1.33276808597758,-21.5698321609051));
#4523=CARTESIAN_POINT('Ctrl Pts',(0.169963954167958,1.53448565983951,-21.5433705648594));
#4524=CARTESIAN_POINT('Ctrl Pts',(-0.380354571341769,1.4962835246132,-21.5169089688137));
#4525=CARTESIAN_POINT('Ctrl Pts',(-0.788695255252293,1.23564533827351,-21.4904473727681));
#4526=CARTESIAN_POINT('Ctrl Pts',(-1.19703593916283,0.975007151933806,-21.4639857767224));
#4527=CARTESIAN_POINT('Ctrl Pts',(-1.46339878147415,0.491932914480697,-21.4375241806768));
#4528=CARTESIAN_POINT('Ctrl Pts',(-1.46587968429777,0.0075072510026428,
-21.4110625846311));
#4529=CARTESIAN_POINT('Ctrl Pts',(-1.46836058712138,-0.476918412475412,
-21.3846009885855));
#4530=CARTESIAN_POINT('Ctrl Pts',(-1.20695955045728,-0.962695501978412,
-21.3581393925398));
#4531=CARTESIAN_POINT('Ctrl Pts',(-0.801309843289781,-1.22750240028337,
-21.3316777964941));
#4532=CARTESIAN_POINT('Ctrl Pts',(-0.395660136122302,-1.49230929858832,
-21.3052162004485));
#4533=CARTESIAN_POINT('Ctrl Pts',(0.154238241548562,-1.53614600569525,-21.2787546044028));
#4534=CARTESIAN_POINT('Ctrl Pts',(0.59671780833305,-1.33895013531973,-21.2522930083571));
#4535=CARTESIAN_POINT('Ctrl Pts',(1.03919737511756,-1.1417542649442,-21.2258314123115));
#4536=CARTESIAN_POINT('Ctrl Pts',(1.37425813101568,-0.703525817086185,-21.1993698162659));
#4537=CARTESIAN_POINT('Ctrl Pts',(1.44855556734456,-0.224825212041727,-21.1729082202202));
#4538=CARTESIAN_POINT('Ctrl Pts',(1.46002350049006,-0.15093697569587,-21.1688238287611));
#4539=CARTESIAN_POINT('Ctrl Pts',(1.46527889433518,-0.0760845129875499,
-21.164739437302));
#4540=CARTESIAN_POINT('Ctrl Pts',(1.46463556700194,-0.00114158065134304,
-21.1606550458429));
#4541=CARTESIAN_POINT('Ctrl Pts',(1.46494477014383,-0.00102285268238417,
-21.0893449541571));
#4542=CARTESIAN_POINT('Ctrl Pts',(1.46544981712734,-0.0645153666834419,
-21.0928072011815));
#4543=CARTESIAN_POINT('Ctrl Pts',(1.46167935479743,-0.127947491556462,-21.0962694482058));
#4544=CARTESIAN_POINT('Ctrl Pts',(1.45342980612524,-0.190791647023049,-21.0997316952302));
#4545=CARTESIAN_POINT('Ctrl Pts',(1.39037935854401,-0.671103029800878,-21.1261932912759));
#4546=CARTESIAN_POINT('Ctrl Pts',(1.06568814995225,-1.11706884493505,-21.1526548873215));
#4547=CARTESIAN_POINT('Ctrl Pts',(0.627954943346472,-1.32458757469401,-21.1791164833672));
#4548=CARTESIAN_POINT('Ctrl Pts',(0.190221736740698,-1.53210630445296,-21.2055780794128));
#4549=CARTESIAN_POINT('Ctrl Pts',(-0.360553467879107,-1.50117794883668,
-21.2320396754585));
#4550=CARTESIAN_POINT('Ctrl Pts',(-0.772301898923298,-1.24595723475025,
-21.2585012715042));
#4551=CARTESIAN_POINT('Ctrl Pts',(-1.18405032996749,-0.990736520663817,
-21.2849628675498));
#4552=CARTESIAN_POINT('Ctrl Pts',(-1.45677198743609,-0.511223448107243,
-21.3114244635955));
#4553=CARTESIAN_POINT('Ctrl Pts',(-1.46565258664932,-0.026872833032009,
-21.3378860596411));
#4554=CARTESIAN_POINT('Ctrl Pts',(-1.47453318586256,0.457477782043225,-21.3643476556868));
#4555=CARTESIAN_POINT('Ctrl Pts',(-1.21957272682041,0.946665939637098,-21.3908092517324));
#4556=CARTESIAN_POINT('Ctrl Pts',(-0.817456872159126,1.21680890696397,-21.4172708477781));
#4557=CARTESIAN_POINT('Ctrl Pts',(-0.415341017497839,1.48695187429083,-21.4437324438238));
#4558=CARTESIAN_POINT('Ctrl Pts',(0.13393023278262,1.53804965135068,-21.4701940398694));
#4559=CARTESIAN_POINT('Ctrl Pts',(0.578976409542798,1.34671673751385,-21.4966556359151));
#4560=CARTESIAN_POINT('Ctrl Pts',(1.02402258630298,1.15538382367702,-21.5231172319607));
#4561=CARTESIAN_POINT('Ctrl Pts',(1.36484368954289,0.72162021894353,-21.5495788280064));
#4562=CARTESIAN_POINT('Ctrl Pts',(1.44545891964614,0.243942955467924,-21.576040424052));
#4563=CARTESIAN_POINT('Ctrl Pts',(1.45896966623888,0.163886414642247,-21.5804752674204));
#4564=CARTESIAN_POINT('Ctrl Pts',(1.46517168826037,0.0825964165052798,-21.5849101107888));
#4565=CARTESIAN_POINT('Ctrl Pts',(1.46445190031374,0.00119668967257928,
-21.5893449541571));
#4566=CARTESIAN_POINT('Origin',(0.,0.,-15.5));
#4567=CARTESIAN_POINT('',(1.46122846131651,0.000452159463574797,-22.1606550458429));
#4568=CARTESIAN_POINT('',(1.46114372142999,0.000270583352329833,-22.0893449541571));
#4569=CARTESIAN_POINT('',(1.4635,-1.79227059055215E-16,-15.5));
#4570=CARTESIAN_POINT('Ctrl Pts',(1.46122846131651,0.000452159463574797,
-22.1606550458429));
#4571=CARTESIAN_POINT('Ctrl Pts',(1.46182717752225,0.216586734948827,-22.1489452565165));
#4572=CARTESIAN_POINT('Ctrl Pts',(1.41695847707457,0.432484885161777,-22.1372354671902));
#4573=CARTESIAN_POINT('Ctrl Pts',(1.32536856469096,0.626304858182937,-22.1255256778639));
#4574=CARTESIAN_POINT('Ctrl Pts',(1.11839513452835,1.06429615663725,-22.0990640818182));
#4575=CARTESIAN_POINT('Ctrl Pts',(0.672834028219421,1.38954249896847,-22.0726024857726));
#4576=CARTESIAN_POINT('Ctrl Pts',(0.192601543726298,1.45319105867356,-22.0461408897269));
#4577=CARTESIAN_POINT('Ctrl Pts',(-0.287630940766825,1.51683961837865,-22.0196792936812));
#4578=CARTESIAN_POINT('Ctrl Pts',(-0.802534803444157,1.31889039545762,-21.9932176976356));
#4579=CARTESIAN_POINT('Ctrl Pts',(-1.11645821564101,0.949937187598335,-21.9667561015899));
#4580=CARTESIAN_POINT('Ctrl Pts',(-1.43038162783785,0.580983979739061,-21.9402945055443));
#4581=CARTESIAN_POINT('Ctrl Pts',(-1.54332458955423,0.0410267869416156,
-21.9138329094986));
#4582=CARTESIAN_POINT('Ctrl Pts',(-1.4035974216239,-0.422816609968509,-21.887371313453));
#4583=CARTESIAN_POINT('Ctrl Pts',(-1.26387025369358,-0.886660006878634,
-21.8609097174073));
#4584=CARTESIAN_POINT('Ctrl Pts',(-0.871472956116465,-1.27438960790141,
-21.8344481213616));
#4585=CARTESIAN_POINT('Ctrl Pts',(-0.40599078245105,-1.40855638588568,-21.807986525316));
#4586=CARTESIAN_POINT('Ctrl Pts',(0.0594913912143637,-1.54272316386994,
-21.7815249292703));
#4587=CARTESIAN_POINT('Ctrl Pts',(0.59805844096812,-1.42332711881572,-21.7550633332247));
#4588=CARTESIAN_POINT('Ctrl Pts',(0.963228801352354,-1.10501125962582,-21.728601737179));
#4589=CARTESIAN_POINT('Ctrl Pts',(1.27578386819109,-0.83255969882487,-21.705952840067));
#4590=CARTESIAN_POINT('Ctrl Pts',(1.46130994404915,-0.414381115393904,-21.6833039429549));
#4591=CARTESIAN_POINT('Ctrl Pts',(1.46477358175988,0.00109294659709741,
-21.6606550458429));
#4592=CARTESIAN_POINT('Ctrl Pts',(1.46445190031374,0.00119668967257928,
-21.5893449541571));
#4593=CARTESIAN_POINT('Ctrl Pts',(1.46087689444236,-0.403095300374835,-21.6113717068344));
#4594=CARTESIAN_POINT('Ctrl Pts',(1.28655057586017,-0.810094142954233,-21.6333984595117));
#4595=CARTESIAN_POINT('Ctrl Pts',(0.988878767515332,-1.08211757081399,-21.655425212189));
#4596=CARTESIAN_POINT('Ctrl Pts',(0.631274028314686,-1.40890991140261,-21.6818868082347));
#4597=CARTESIAN_POINT('Ctrl Pts',(0.0956551929468096,-1.54090367036213,
-21.7083484042803));
#4598=CARTESIAN_POINT('Ctrl Pts',(-0.372845458233303,-1.41769034636687,
-21.734810000326));
#4599=CARTESIAN_POINT('Ctrl Pts',(-0.841346109413402,-1.29447702237162,
-21.7612715963717));
#4600=CARTESIAN_POINT('Ctrl Pts',(-1.24272857640576,-0.916056615421603,
-21.7877331924173));
#4601=CARTESIAN_POINT('Ctrl Pts',(-1.39329543684327,-0.45561769015124,-21.814194788463));
#4602=CARTESIAN_POINT('Ctrl Pts',(-1.54386229728078,0.0048212351191225,
-21.8406563845086));
#4603=CARTESIAN_POINT('Ctrl Pts',(-1.44361355116347,0.547278678709808,-21.8671179805543));
#4604=CARTESIAN_POINT('Ctrl Pts',(-1.13842922009584,0.923492590516563,-21.8935795765999));
#4605=CARTESIAN_POINT('Ctrl Pts',(-0.8332448890282,1.29970650232334,-21.9200411726456));
#4606=CARTESIAN_POINT('Ctrl Pts',(-0.323124973010202,1.50967688234613,-21.9465027686912));
#4607=CARTESIAN_POINT('Ctrl Pts',(0.158468128933081,1.45730830849875,-21.9729643647369));
#4608=CARTESIAN_POINT('Ctrl Pts',(0.640061230876336,1.40493973465136,-21.9994259607826));
#4609=CARTESIAN_POINT('Ctrl Pts',(1.09312751874489,1.09023220693382,-22.0258875568282));
#4610=CARTESIAN_POINT('Ctrl Pts',(1.31031585967408,0.657215338982277,-22.0523491528739));
#4611=CARTESIAN_POINT('Ctrl Pts',(1.41153243895357,0.455415896356296,-22.064681086635));
#4612=CARTESIAN_POINT('Ctrl Pts',(1.46151981103106,0.227921411936781,-22.0770130203961));
#4613=CARTESIAN_POINT('Ctrl Pts',(1.46114372142999,0.000270583352329833,
-22.0893449541571));
#4614=CARTESIAN_POINT('Origin',(0.,0.,-15.5));
#4615=CARTESIAN_POINT('',(1.46311680676128,-0.0013302364290696,-22.6606550458429));
#4616=CARTESIAN_POINT('',(1.46345923137331,-0.00133759020418746,-22.5893449541571));
#4617=CARTESIAN_POINT('',(1.4635,-1.79227059055215E-16,-15.5));
#4618=CARTESIAN_POINT('Ctrl Pts',(1.46311680676128,-0.0013302364290696,
-22.6606550458429));
#4619=CARTESIAN_POINT('Ctrl Pts',(1.45989626928059,0.359389587590703,-22.6410481661238));
#4620=CARTESIAN_POINT('Ctrl Pts',(1.32515682140269,0.722259623914904,-22.6214412864048));
#4621=CARTESIAN_POINT('Ctrl Pts',(1.08334823237654,0.987530361589531,-22.6018344066857));
#4622=CARTESIAN_POINT('Ctrl Pts',(0.757001496186618,1.34554179449792,-22.5753728106401));
#4623=CARTESIAN_POINT('Ctrl Pts',(0.235634639476369,1.5257818660111,-22.5489112145944));
#4624=CARTESIAN_POINT('Ctrl Pts',(-0.242142643606521,1.44576158055254,-22.5224496185488));
#4625=CARTESIAN_POINT('Ctrl Pts',(-0.719919926689437,1.36574129509398,-22.4959880225031));
#4626=CARTESIAN_POINT('Ctrl Pts',(-1.15410763614497,1.02546065266365,-22.4695264264574));
#4627=CARTESIAN_POINT('Ctrl Pts',(-1.34599464328807,0.580653104610976,-22.4430648304118));
#4628=CARTESIAN_POINT('Ctrl Pts',(-1.53788165043117,0.135845556558291,-22.4166032343661));
#4629=CARTESIAN_POINT('Ctrl Pts',(-1.48746795526178,-0.41348889711677,-22.3901416383205));
#4630=CARTESIAN_POINT('Ctrl Pts',(-1.21782598026019,-0.815940861495397,
-22.3636800422748));
#4631=CARTESIAN_POINT('Ctrl Pts',(-0.948184005258596,-1.21839282587401,
-22.3372184462292));
#4632=CARTESIAN_POINT('Ctrl Pts',(-0.459313750424819,-1.47396230095623,
-22.3107568501835));
#4633=CARTESIAN_POINT('Ctrl Pts',(0.0250475434049367,-1.46568490072864,
-22.2842952541378));
#4634=CARTESIAN_POINT('Ctrl Pts',(0.50940883723472,-1.45740750050104,-22.2578336580922));
#4635=CARTESIAN_POINT('Ctrl Pts',(0.989261170060467,-1.1852832249636,-22.2313720620465));
#4636=CARTESIAN_POINT('Ctrl Pts',(1.24499445946518,-0.773852959906167,-22.2049104660009));
#4637=CARTESIAN_POINT('Ctrl Pts',(1.38756061649087,-0.544488875512471,-22.1901586592815));
#4638=CARTESIAN_POINT('Ctrl Pts',(1.46047420814416,-0.271830747945569,-22.1754068525622));
#4639=CARTESIAN_POINT('Ctrl Pts',(1.46122846131651,0.000452159463574797,
-22.1606550458429));
#4640=CARTESIAN_POINT('Ctrl Pts',(1.46114372142999,0.000270583352329833,
-22.0893449541571));
#4641=CARTESIAN_POINT('Ctrl Pts',(1.46071280612062,-0.260566799415303,-22.1034746164417));
#4642=CARTESIAN_POINT('Ctrl Pts',(1.39416433808318,-0.521609432045128,-22.1176042787263));
#4643=CARTESIAN_POINT('Ctrl Pts',(1.26280056037309,-0.744442340701037,-22.1317339410109));
#4644=CARTESIAN_POINT('Ctrl Pts',(1.01678652615307,-1.16175694424726,-22.1581955370565));
#4645=CARTESIAN_POINT('Ctrl Pts',(0.543448063723212,-1.44505994315415,-22.1846571331022));
#4646=CARTESIAN_POINT('Ctrl Pts',(0.0594141058495843,-1.46469437697191,
-22.2111187291478));
#4647=CARTESIAN_POINT('Ctrl Pts',(-0.42461985202403,-1.48432881078966,-22.2375803251935));
#4648=CARTESIAN_POINT('Ctrl Pts',(-0.919349305341371,-1.24029467951834,
-22.2640419212392));
#4649=CARTESIAN_POINT('Ctrl Pts',(-1.19835548194124,-0.844277082958202,
-22.2905035172848));
#4650=CARTESIAN_POINT('Ctrl Pts',(-1.4773616585411,-0.448259486398065,-22.3169651133305));
#4651=CARTESIAN_POINT('Ctrl Pts',(-1.54064455842343,0.099741575450949,-22.3434267093761));
#4652=CARTESIAN_POINT('Ctrl Pts',(-1.35924201571334,0.548926950173297,-22.3698883054218));
#4653=CARTESIAN_POINT('Ctrl Pts',(-1.17783947300325,0.998112324895645,-22.3963499014675));
#4654=CARTESIAN_POINT('Ctrl Pts',(-0.75175148770077,1.3484820124914,-22.4228114975131));
#4655=CARTESIAN_POINT('Ctrl Pts',(-0.27598225415487,1.43968519103956,-22.4492730935588));
#4656=CARTESIAN_POINT('Ctrl Pts',(0.199786979391044,1.53088836958773,-22.4757346896044));
#4657=CARTESIAN_POINT('Ctrl Pts',(0.725237461180329,1.36292503908832,-22.5021962856501));
#4658=CARTESIAN_POINT('Ctrl Pts',(1.05989057786078,1.01266559972627,-22.5286578816957));
#4659=CARTESIAN_POINT('Ctrl Pts',(1.31572193318759,0.744903721466035,-22.5488869058495));
#4660=CARTESIAN_POINT('Ctrl Pts',(1.46004936017914,0.370606135824228,-22.5691159300033));
#4661=CARTESIAN_POINT('Ctrl Pts',(1.46345923137331,-0.00133759020418746,
-22.5893449541571));
#4662=CARTESIAN_POINT('Origin',(0.,0.,-15.5));
#4663=CARTESIAN_POINT('',(1.4657956545125,0.000351574680231567,-23.1606550458429));
#4664=CARTESIAN_POINT('',(1.46564675646988,0.000549582936036167,-23.0893449541571));
#4665=CARTESIAN_POINT('',(1.4635,-1.79227059055215E-16,-15.5));
#4666=CARTESIAN_POINT('Ctrl Pts',(1.4657956545125,0.000351574680231568,
-23.1606550458429));
#4667=CARTESIAN_POINT('Ctrl Pts',(1.46585744127088,0.0194379104072924,-23.1596126717768));
#4668=CARTESIAN_POINT('Ctrl Pts',(1.4655169102739,0.038521990651319,-23.1585702977107));
#4669=CARTESIAN_POINT('Ctrl Pts',(1.46476721747945,0.0575899839560212,-23.1575279236445));
#4670=CARTESIAN_POINT('Ctrl Pts',(1.4457355967493,0.541648013253482,-23.1310663275989));
#4671=CARTESIAN_POINT('Ctrl Pts',(1.16302229846616,1.01533891841098,-23.1046047315532));
#4672=CARTESIAN_POINT('Ctrl Pts',(0.746014399630848,1.26187246708927,-23.0781431355076));
#4673=CARTESIAN_POINT('Ctrl Pts',(0.329006500795531,1.50840601576756,-23.0516815394619));
#4674=CARTESIAN_POINT('Ctrl Pts',(-0.22229599859198,1.52778220796666,-23.0252199434163));
#4675=CARTESIAN_POINT('Ctrl Pts',(-0.655583004269518,1.31113330068589,-22.9987583473706));
#4676=CARTESIAN_POINT('Ctrl Pts',(-1.08887000994706,1.09448439340513,-22.9722967513249));
#4677=CARTESIAN_POINT('Ctrl Pts',(-1.40414152191463,0.641810386644485,-22.9458351552793));
#4678=CARTESIAN_POINT('Ctrl Pts',(-1.45710981248901,0.160282881190659,-22.9193735592336));
#4679=CARTESIAN_POINT('Ctrl Pts',(-1.51007810306338,-0.321244624263182,
-22.892911963188));
#4680=CARTESIAN_POINT('Ctrl Pts',(-1.30074317224457,-0.831625628410191,
-22.8664503671423));
#4681=CARTESIAN_POINT('Ctrl Pts',(-0.924909621292167,-1.13727824216227,
-22.8399887710967));
#4682=CARTESIAN_POINT('Ctrl Pts',(-0.549076070339757,-1.44293085591437,
-22.813527175051));
#4683=CARTESIAN_POINT('Ctrl Pts',(-0.00674389925375357,-1.54385507927149,
-22.7870655790053));
#4684=CARTESIAN_POINT('Ctrl Pts',(0.45388217430149,-1.39386175049963,-22.7606039829597));
#4685=CARTESIAN_POINT('Ctrl Pts',(0.914508247856707,-1.24386842172778,-22.734142386914));
#4686=CARTESIAN_POINT('Ctrl Pts',(1.29342822388119,-0.842957540826967,-22.7076807908684));
#4687=CARTESIAN_POINT('Ctrl Pts',(1.41722490405863,-0.374610703224745,-22.6812191948227));
#4688=CARTESIAN_POINT('Ctrl Pts',(1.44929368491856,-0.253288289085847,-22.6743644784961));
#4689=CARTESIAN_POINT('Ctrl Pts',(1.46424273149615,-0.127440668199478,-22.6675097621695));
#4690=CARTESIAN_POINT('Ctrl Pts',(1.46311680676128,-0.0013302364290696,
-22.6606550458429));
#4691=CARTESIAN_POINT('Ctrl Pts',(1.46345923137331,-0.00133759020418746,
-22.5893449541571));
#4692=CARTESIAN_POINT('Ctrl Pts',(1.46450981429803,-0.115933627787391,-22.595577526049));
#4693=CARTESIAN_POINT('Ctrl Pts',(1.45218367128508,-0.230306223126185,-22.6018100979409));
#4694=CARTESIAN_POINT('Ctrl Pts',(1.42562055035838,-0.341270714100853,-22.6080426698327));
#4695=CARTESIAN_POINT('Ctrl Pts',(1.31284165460396,-0.812392040341297,-22.6345042658784));
#4696=CARTESIAN_POINT('Ctrl Pts',(0.943428111523563,-1.22207914459754,-22.660965861924));
#4697=CARTESIAN_POINT('Ctrl Pts',(0.486446388219876,-1.38283388926323,-22.6874274579697));
#4698=CARTESIAN_POINT('Ctrl Pts',(0.0294646649161751,-1.54358863392892,
-22.7138890540153));
#4699=CARTESIAN_POINT('Ctrl Pts',(-0.515085238610819,-1.45541101900405,
-22.740350650061));
#4700=CARTESIAN_POINT('Ctrl Pts',(-0.897983633275723,-1.15865657046251,
-22.7668122461067));
#4701=CARTESIAN_POINT('Ctrl Pts',(-1.28088202794062,-0.861902121920986,
-22.7932738421523));
#4702=CARTESIAN_POINT('Ctrl Pts',(-1.50212891374343,-0.356570839762803,
-22.819735438198));
#4703=CARTESIAN_POINT('Ctrl Pts',(-1.460468042664,0.126066451779244,-22.8461970342436));
#4704=CARTESIAN_POINT('Ctrl Pts',(-1.41880717158457,0.608703743321291,-22.8726586302893));
#4705=CARTESIAN_POINT('Ctrl Pts',(-1.1142385436229,1.0686470442472,-22.899120226335));
#4706=CARTESIAN_POINT('Ctrl Pts',(-0.686151585301959,1.29539787551726,-22.9255818223806));
#4707=CARTESIAN_POINT('Ctrl Pts',(-0.258064626980993,1.52214870678733,-22.9520434184263));
#4708=CARTESIAN_POINT('Ctrl Pts',(0.29354066169926,1.51570706840153,-22.9785050144719));
#4709=CARTESIAN_POINT('Ctrl Pts',(0.716215611383856,1.279021052179,-23.0049666105176));
#4710=CARTESIAN_POINT('Ctrl Pts',(1.13889056106843,1.04233503595649,-23.0314282065632));
#4711=CARTESIAN_POINT('Ctrl Pts',(1.43263517175736,0.575404641897278,-23.0578898026089));
#4712=CARTESIAN_POINT('Ctrl Pts',(1.46301375615689,0.0919260746618525,-23.0843513986546));
#4713=CARTESIAN_POINT('Ctrl Pts',(1.46492466567555,0.0615137360205983,-23.0860159171554));
#4714=CARTESIAN_POINT('Ctrl Pts',(1.46579348590143,0.0310359194043561,-23.0876804356563));
#4715=CARTESIAN_POINT('Ctrl Pts',(1.46564675646988,0.000549582936036167,
-23.0893449541571));
#4716=CARTESIAN_POINT('Origin',(0.,0.,-15.5));
#4717=CARTESIAN_POINT('',(1.46208440487076,0.00110902152764776,-23.6606550458429));
#4718=CARTESIAN_POINT('',(1.46183095284628,0.000991158377736391,-23.5893449541571));
#4719=CARTESIAN_POINT('',(1.4635,-1.79227059055215E-16,-15.5));
#4720=CARTESIAN_POINT('Ctrl Pts',(1.46208440487076,0.00110902152764776,
-23.6606550458429));
#4721=CARTESIAN_POINT('Ctrl Pts',(1.46324636879238,0.165867972610863,-23.651715581384));
#4722=CARTESIAN_POINT('Ctrl Pts',(1.43755373281721,0.3302752062228,-23.6427761169252));
#4723=CARTESIAN_POINT('Ctrl Pts',(1.38343860404355,0.484723876548876,-23.6338366524664));
#4724=CARTESIAN_POINT('Ctrl Pts',(1.22325309358446,0.941905438462682,-23.6073750564207));
#4725=CARTESIAN_POINT('Ctrl Pts',(0.814026365140214,1.3118288999813,-23.5809134603751));
#4726=CARTESIAN_POINT('Ctrl Pts',(0.343045859894347,1.42519442381167,-23.5544518643294));
#4727=CARTESIAN_POINT('Ctrl Pts',(-0.127934645351494,1.53855994764204,-23.5279902682838));
#4728=CARTESIAN_POINT('Ctrl Pts',(-0.660668927398947,1.39536753378421,-23.5015286722381));
#4729=CARTESIAN_POINT('Ctrl Pts',(-1.01134485575811,1.06115088012315,-23.4750670761924));
#4730=CARTESIAN_POINT('Ctrl Pts',(-1.36202078411724,0.726934226462127,-23.4486054801468));
#4731=CARTESIAN_POINT('Ctrl Pts',(-1.53063835878813,0.201693332997928,-23.4221438841011));
#4732=CARTESIAN_POINT('Ctrl Pts',(-1.44002775702061,-0.274189107487361,
-23.3956822880555));
#4733=CARTESIAN_POINT('Ctrl Pts',(-1.34941715525309,-0.750071547972705,
-23.3692206920098));
#4734=CARTESIAN_POINT('Ctrl Pts',(-0.99957837704708,-1.17659553547913,-23.3427590959642));
#4735=CARTESIAN_POINT('Ctrl Pts',(-0.550619267376605,-1.35855733410415,
-23.3162974999185));
#4736=CARTESIAN_POINT('Ctrl Pts',(-0.101660157706105,-1.54051913272919,
-23.2898359038728));
#4737=CARTESIAN_POINT('Ctrl Pts',(0.446419283428881,-1.47791874247279,-23.2633743078272));
#4738=CARTESIAN_POINT('Ctrl Pts',(0.842784032407806,-1.19940597062586,-23.2369127117815));
#4739=CARTESIAN_POINT('Ctrl Pts',(1.22353519805103,-0.931864362043302,-23.211493489802));
#4740=CARTESIAN_POINT('Ctrl Pts',(1.4642889292612,-0.465085757653417,-23.1860742678224));
#4741=CARTESIAN_POINT('Ctrl Pts',(1.4657956545125,0.000351574680231568,
-23.1606550458429));
#4742=CARTESIAN_POINT('Ctrl Pts',(1.46564675646988,0.000549582936036167,
-23.0893449541571));
#4743=CARTESIAN_POINT('Ctrl Pts',(1.46346086241666,-0.453619024427104,-23.1141420317019));
#4744=CARTESIAN_POINT('Ctrl Pts',(1.23589001929386,-0.909678476233509,-23.1389391092467));
#4745=CARTESIAN_POINT('Ctrl Pts',(0.870680882540281,-1.17931100846465,-23.1637361867915));
#4746=CARTESIAN_POINT('Ctrl Pts',(0.480956866414004,-1.46704278394408,-23.1901977828372));
#4747=CARTESIAN_POINT('Ctrl Pts',(-0.0655037239486864,-1.54247959449129,
-23.2166593788829));
#4748=CARTESIAN_POINT('Ctrl Pts',(-0.518606751085791,-1.37109689359843,
-23.2431209749285));
#4749=CARTESIAN_POINT('Ctrl Pts',(-0.971709778222895,-1.19971419270557,
-23.2695825709742));
#4750=CARTESIAN_POINT('Ctrl Pts',(-1.33145524213441,-0.781511980372633,
-23.2960441670198));
#4751=CARTESIAN_POINT('Ctrl Pts',(-1.43320138623346,-0.307885433896283,
-23.3225057630655));
#4752=CARTESIAN_POINT('Ctrl Pts',(-1.53494753033251,0.165741112580068,-23.3489673591111));
#4753=CARTESIAN_POINT('Ctrl Pts',(-1.3786943546191,0.694791993199832,-23.3754289551568));
#4754=CARTESIAN_POINT('Ctrl Pts',(-1.03595296875953,1.03714082960095,-23.4018905512025));
#4755=CARTESIAN_POINT('Ctrl Pts',(-0.693211582899955,1.37948966600207,-23.4283521472481));
#4756=CARTESIAN_POINT('Ctrl Pts',(-0.163981986894231,1.53513645818454,-23.4548137432938));
#4757=CARTESIAN_POINT('Ctrl Pts',(0.309527649690346,1.43284761506037,-23.4812753393394));
#4758=CARTESIAN_POINT('Ctrl Pts',(0.783037286274923,1.3305587719362,-23.5077369353851));
#4759=CARTESIAN_POINT('Ctrl Pts',(1.20082696343835,0.970334293505383,-23.5341985314307));
#4760=CARTESIAN_POINT('Ctrl Pts',(1.37169030547225,0.517035163001974,-23.5606601274764));
#4761=CARTESIAN_POINT('Ctrl Pts',(1.43342990908335,0.353240470112333,-23.57022173637));
#4762=CARTESIAN_POINT('Ctrl Pts',(1.46292934509509,0.177293398334068,-23.5797833452635));
#4763=CARTESIAN_POINT('Ctrl Pts',(1.46183095284628,0.000991158377736391,
-23.5893449541571));
#4764=CARTESIAN_POINT('Origin',(0.,0.,-15.5));
#4765=CARTESIAN_POINT('',(1.46180687825066,-0.000977994058017906,-24.1606550458429));
#4766=CARTESIAN_POINT('',(1.4620571844935,-0.00109797920993465,-24.0893449541571));
#4767=CARTESIAN_POINT('',(1.4635,-1.79227059055215E-16,-15.5));
#4768=CARTESIAN_POINT('Ctrl Pts',(1.46180687825066,-0.000977994058017906,
-24.1606550458429));
#4769=CARTESIAN_POINT('Ctrl Pts',(1.45990043648718,0.309476555194015,-24.1438184909913));
#4770=CARTESIAN_POINT('Ctrl Pts',(1.36315874550778,0.621016459232536,-24.1269819361398));
#4771=CARTESIAN_POINT('Ctrl Pts',(1.18039439441945,0.869211528500216,-24.1101453812882));
#4772=CARTESIAN_POINT('Ctrl Pts',(0.893148192765322,1.25929356852544,-24.0836837852426));
#4773=CARTESIAN_POINT('Ctrl Pts',(0.393411999267827,1.4929035416937,-24.057222189197));
#4774=CARTESIAN_POINT('Ctrl Pts',(-0.0901040201883627,1.46312708716654,
-24.0307605931513));
#4775=CARTESIAN_POINT('Ctrl Pts',(-0.573620039644552,1.43335063263937,-24.0042989971056));
#4776=CARTESIAN_POINT('Ctrl Pts',(-1.04091588505941,1.14018775041679,-23.9778374010599));
#4777=CARTESIAN_POINT('Ctrl Pts',(-1.27812809864721,0.717807892895453,-23.9513758050143));
#4778=CARTESIAN_POINT('Ctrl Pts',(-1.51534031223499,0.295428035374143,-23.9249142089686));
#4779=CARTESIAN_POINT('Ctrl Pts',(-1.52246889399572,-0.25616879744596,-23.898452612923));
#4780=CARTESIAN_POINT('Ctrl Pts',(-1.29625136436871,-0.684537806134023,
-23.8719910168773));
#4781=CARTESIAN_POINT('Ctrl Pts',(-1.07003383474169,-1.11290681482211,-23.8455294208317));
#4782=CARTESIAN_POINT('Ctrl Pts',(-0.61047019372693,-1.4180479993782,-23.819067824786));
#4783=CARTESIAN_POINT('Ctrl Pts',(-0.127885164525764,-1.46030989599768,
-23.7926062287403));
#4784=CARTESIAN_POINT('Ctrl Pts',(0.354699864675402,-1.50257179261716,-23.7661446326947));
#4785=CARTESIAN_POINT('Ctrl Pts',(0.860306282062944,-1.28195440130004,-23.739683036649));
#4786=CARTESIAN_POINT('Ctrl Pts',(1.15753734451976,-0.899425874486989,-23.7132214406034));
#4787=CARTESIAN_POINT('Ctrl Pts',(1.35435547215941,-0.646126142642713,-23.6956993090166));
#4788=CARTESIAN_POINT('Ctrl Pts',(1.45980685403675,-0.321832921391509,-23.6781771774297));
#4789=CARTESIAN_POINT('Ctrl Pts',(1.46208440487076,0.00110902152764776,
-23.6606550458429));
#4790=CARTESIAN_POINT('Ctrl Pts',(1.46183095284628,0.000991158377736391,
-23.5893449541571));
#4791=CARTESIAN_POINT('Ctrl Pts',(1.45988956253221,-0.310620163870652,-23.6062449413092));
#4792=CARTESIAN_POINT('Ctrl Pts',(1.3623606067247,-0.623341030927037,-23.6231449284613));
#4793=CARTESIAN_POINT('Ctrl Pts',(1.17831245252544,-0.87203177587202,-23.6400449156134));
#4794=CARTESIAN_POINT('Ctrl Pts',(0.890134250640405,-1.26142580166651,-23.6665065116591));
#4795=CARTESIAN_POINT('Ctrl Pts',(0.389840839965988,-1.49384007067951,-23.6929681077047));
#4796=CARTESIAN_POINT('Ctrl Pts',(-0.0936025965968633,-1.46290745018861,
-23.7194297037504));
#4797=CARTESIAN_POINT('Ctrl Pts',(-0.577046033159714,-1.43197482969771,
-23.745891299796));
#4798=CARTESIAN_POINT('Ctrl Pts',(-1.04363949561103,-1.13769531970291,-23.7723528958417));
#4799=CARTESIAN_POINT('Ctrl Pts',(-1.27984098001649,-0.714749410477168,
-23.7988144918873));
#4800=CARTESIAN_POINT('Ctrl Pts',(-1.51604246442196,-0.291803501251401,
-23.825276087933));
#4801=CARTESIAN_POINT('Ctrl Pts',(-1.52185197078157,0.259808807205268,-23.8517376839786));
#4802=CARTESIAN_POINT('Ctrl Pts',(-1.29461070995717,0.687635632854497,-23.8781992800243));
#4803=CARTESIAN_POINT('Ctrl Pts',(-1.06736944913279,1.1154624585037,-23.90466087607));
#4804=CARTESIAN_POINT('Ctrl Pts',(-0.607077421124385,1.41950380134543,-23.9311224721156));
#4805=CARTESIAN_POINT('Ctrl Pts',(-0.124392704036015,1.46061155311384,-23.9575840681613));
#4806=CARTESIAN_POINT('Ctrl Pts',(0.358292013052356,1.50171930488226,-23.9840456642069));
#4807=CARTESIAN_POINT('Ctrl Pts',(0.863369419220724,1.27989346557736,-24.0105072602526));
#4808=CARTESIAN_POINT('Ctrl Pts',(1.15968487957877,0.896655248121258,-24.0369688562983));
#4809=CARTESIAN_POINT('Ctrl Pts',(1.35518640969593,0.643804256743659,-24.0544275555845));
#4810=CARTESIAN_POINT('Ctrl Pts',(1.45981323049525,0.320689966718113,-24.0718862548708));
#4811=CARTESIAN_POINT('Ctrl Pts',(1.4620571844935,-0.00109797920993465,
-24.0893449541571));
#4812=CARTESIAN_POINT('Origin',(0.,0.,-15.5));
#4813=CARTESIAN_POINT('',(1.46562837266629,-0.000568999571820272,-24.6606550458429));
#4814=CARTESIAN_POINT('',(1.46578322313269,-0.000372317076183472,-24.5893449541571));
#4815=CARTESIAN_POINT('',(1.4635,-1.79227059055215E-16,-15.5));
#4816=CARTESIAN_POINT('Ctrl Pts',(1.46562837266629,-0.000568999571820272,
-24.6606550458429));
#4817=CARTESIAN_POINT('Ctrl Pts',(1.4633818208336,0.452452901876541,-24.6359214005986));
#4818=CARTESIAN_POINT('Ctrl Pts',(1.23712924879659,0.907412400380336,-24.6111877553544));
#4819=CARTESIAN_POINT('Ctrl Pts',(0.873498516182044,1.17722553059399,-24.5864541101101));
#4820=CARTESIAN_POINT('Ctrl Pts',(0.484463682812003,1.46588844255139,-24.5599925140644));
#4821=CARTESIAN_POINT('Ctrl Pts',(-0.0618149442055424,1.54263180916328,
-24.5335309180188));
#4822=CARTESIAN_POINT('Ctrl Pts',(-0.515326505080633,1.37233312312132,-24.5070693219731));
#4823=CARTESIAN_POINT('Ctrl Pts',(-0.968838065955672,1.20203443707937,-24.4806077259275));
#4824=CARTESIAN_POINT('Ctrl Pts',(-1.32958256068831,0.784693698383625,-24.4541461298818));
#4825=CARTESIAN_POINT('Ctrl Pts',(-1.43246101444772,0.311311820755216,-24.4276845338361));
#4826=CARTESIAN_POINT('Ctrl Pts',(-1.53533946820714,-0.162070056873219,
-24.4012229377905));
#4827=CARTESIAN_POINT('Ctrl Pts',(-1.38035188099335,-0.691493073434282,
-24.3747613417448));
#4828=CARTESIAN_POINT('Ctrl Pts',(-1.03843015096173,-1.03466053816125,-24.3482997456992));
#4829=CARTESIAN_POINT('Ctrl Pts',(-0.696508420930089,-1.37782800288824,
-24.3218381496535));
#4830=CARTESIAN_POINT('Ctrl Pts',(-0.167652548080573,-1.53473991578104,
-24.2953765536078));
#4831=CARTESIAN_POINT('Ctrl Pts',(0.306100336831869,-1.43358368833004,-24.2689149575622));
#4832=CARTESIAN_POINT('Ctrl Pts',(0.779853221744258,-1.33242746087904,-24.2424533615165));
#4833=CARTESIAN_POINT('Ctrl Pts',(1.19850311871961,-0.973203093084284,-24.2159917654709));
#4834=CARTESIAN_POINT('Ctrl Pts',(1.37044996230196,-0.52031385574584,-24.1895301694252));
#4835=CARTESIAN_POINT('Ctrl Pts',(1.43299325900347,-0.355581631800038,-24.1799051282311));
#4836=CARTESIAN_POINT('Ctrl Pts',(1.46289674376469,-0.178457166715455,-24.170280087037));
#4837=CARTESIAN_POINT('Ctrl Pts',(1.46180687825066,-0.000977994058017906,
-24.1606550458429));
#4838=CARTESIAN_POINT('Ctrl Pts',(1.4620571844935,-0.00109797920993465,
-24.0893449541571));
#4839=CARTESIAN_POINT('Ctrl Pts',(1.46321432030572,-0.167033803414036,-24.0983478509165));
#4840=CARTESIAN_POINT('Ctrl Pts',(1.4371464455798,-0.332616934504924,-24.1073507476758));
#4841=CARTESIAN_POINT('Ctrl Pts',(1.38227552415011,-0.488030766696685,-24.1163536444352));
#4842=CARTESIAN_POINT('Ctrl Pts',(1.22099719381566,-0.944827968451112,-24.1428152404809));
#4843=CARTESIAN_POINT('Ctrl Pts',(0.810887018599045,-1.31377177635262,-24.1692768365265));
#4844=CARTESIAN_POINT('Ctrl Pts',(0.33963675952389,-1.42601070314607,-24.1957384325722));
#4845=CARTESIAN_POINT('Ctrl Pts',(-0.131613499551265,-1.53824962993951,
-24.2222000286179));
#4846=CARTESIAN_POINT('Ctrl Pts',(-0.664003842484933,-1.39378367562489,
-24.2486616246635));
#4847=CARTESIAN_POINT('Ctrl Pts',(-1.01387954658118,-1.0587293889051,-24.2751232207092));
#4848=CARTESIAN_POINT('Ctrl Pts',(-1.36375525067742,-0.723675102185318,
-24.3015848167548));
#4849=CARTESIAN_POINT('Ctrl Pts',(-1.53111631593622,-0.198032483060393,
-24.3280464128005));
#4850=CARTESIAN_POINT('Ctrl Pts',(-1.43936797596676,0.277631921198521,-24.3545080088462));
#4851=CARTESIAN_POINT('Ctrl Pts',(-1.3476196359973,0.753296325457435,-24.3809696048918));
#4852=CARTESIAN_POINT('Ctrl Pts',(-0.996761890799517,1.17898251485039,-24.4074312009375));
#4853=CARTESIAN_POINT('Ctrl Pts',(-0.547368927615176,1.35987018166751,-24.4338927969831));
#4854=CARTESIAN_POINT('Ctrl Pts',(-0.0979759644308598,1.54075784848463,
-24.4603543930288));
#4855=CARTESIAN_POINT('Ctrl Pts',(0.449952216740018,1.47684699272602,-24.4868159890744));
#4856=CARTESIAN_POINT('Ctrl Pts',(0.84564981818444,1.19738717168326,-24.5132775851201));
#4857=CARTESIAN_POINT('Ctrl Pts',(1.22481157174609,0.929605725928211,-24.5386333747991));
#4858=CARTESIAN_POINT('Ctrl Pts',(1.46420005968097,0.463914091337471,-24.5639891644781));
#4859=CARTESIAN_POINT('Ctrl Pts',(1.46578322313269,-0.000372317076183472,
-24.5893449541571));
#4860=CARTESIAN_POINT('Origin',(0.,0.,-15.5));
#4861=CARTESIAN_POINT('',(1.46349451608595,0.00133672957601597,-25.1606550458429));
#4862=CARTESIAN_POINT('',(1.46315131881234,0.0013322875473493,-25.0893449541571));
#4863=CARTESIAN_POINT('',(1.4635,-1.79227059055215E-16,-15.5));
#4864=CARTESIAN_POINT('Ctrl Pts',(1.46349451608595,0.00133672957601597,
-25.1606550458429));
#4865=CARTESIAN_POINT('Ctrl Pts',(1.46453604028862,0.114759464497964,-25.1544859062515));
#4866=CARTESIAN_POINT('Ctrl Pts',(1.45246259774985,0.227962888268823,-25.1483167666602));
#4867=CARTESIAN_POINT('Ctrl Pts',(1.42643255280049,0.337860592501477,-25.1421476270689));
#4868=CARTESIAN_POINT('Ctrl Pts',(1.31478059156595,0.809250259197057,-25.1156860310233));
#4869=CARTESIAN_POINT('Ctrl Pts',(0.946347809495121,1.21981958068942,-25.0892244349776));
#4870=CARTESIAN_POINT('Ctrl Pts',(0.489751816841461,1.38166666224353,-25.062762838932));
#4871=CARTESIAN_POINT('Ctrl Pts',(0.0331558241878267,1.54351374379764,-25.0363012428863));
#4872=CARTESIAN_POINT('Ctrl Pts',(-0.511603379048599,1.45663858541352,-25.0098396468406));
#4873=CARTESIAN_POINT('Ctrl Pts',(-0.895210315300659,1.16080062846028,-24.9833780507949));
#4874=CARTESIAN_POINT('Ctrl Pts',(-1.27881725155274,0.864962671507019,-24.9569164547493));
#4875=CARTESIAN_POINT('Ctrl Pts',(-1.50127192082043,0.360161915984534,-24.9304548587037));
#4876=CARTESIAN_POINT('Ctrl Pts',(-1.4607653187289,-0.12257361564946,-24.903993262658));
#4877=CARTESIAN_POINT('Ctrl Pts',(-1.42025871663737,-0.605309147283454,
-24.8775316666124));
#4878=CARTESIAN_POINT('Ctrl Pts',(-1.11679084318667,-1.06597945502899,-24.8510700705667));
#4879=CARTESIAN_POINT('Ctrl Pts',(-0.689247351608802,-1.29375333659659,
-24.824608474521));
#4880=CARTESIAN_POINT('Ctrl Pts',(-0.261703860030931,-1.52152721816419,
-24.7981468784754));
#4881=CARTESIAN_POINT('Ctrl Pts',(0.289915249674088,-1.51640467355383,-24.7716852824297));
#4882=CARTESIAN_POINT('Ctrl Pts',(0.713154982796279,-1.28073009575295,-24.745223686384));
#4883=CARTESIAN_POINT('Ctrl Pts',(1.13639471591849,-1.04505551795205,-24.7187620903384));
#4884=CARTESIAN_POINT('Ctrl Pts',(1.43125507245784,-0.578828906960617,-24.6923004942927));
#4885=CARTESIAN_POINT('Ctrl Pts',(1.46278973086623,-0.0954243728134336,
-24.6658388982471));
#4886=CARTESIAN_POINT('Ctrl Pts',(1.46484895428475,-0.0638578999998096,
-24.6641109474457));
#4887=CARTESIAN_POINT('Ctrl Pts',(1.46578532207675,-0.0322181782484482,
-24.6623829966443));
#4888=CARTESIAN_POINT('Ctrl Pts',(1.46562837266629,-0.000568999571820272,
-24.6606550458429));
#4889=CARTESIAN_POINT('Ctrl Pts',(1.46578322313269,-0.000372317076183472,
-24.5893449541571));
#4890=CARTESIAN_POINT('Ctrl Pts',(1.46585226741199,-0.0206205867169698,
-24.5904507605238));
#4891=CARTESIAN_POINT('Ctrl Pts',(1.46546901286066,-0.0408661836583196,
-24.5915565668904));
#4892=CARTESIAN_POINT('Ctrl Pts',(1.46462532791704,-0.0610925750883505,
-24.5926623732571));
#4893=CARTESIAN_POINT('Ctrl Pts',(1.44443621448722,-0.545103714490179,-24.6191239693027));
#4894=CARTESIAN_POINT('Ctrl Pts',(1.16059096590965,-1.01811720696689,-24.6455855653484));
#4895=CARTESIAN_POINT('Ctrl Pts',(0.742994709594492,-1.26365284608615,-24.6720471613941));
#4896=CARTESIAN_POINT('Ctrl Pts',(0.325398453279331,-1.5091884852054,-24.6985087574397));
#4897=CARTESIAN_POINT('Ctrl Pts',(-0.225948810773423,-1.52724627096721,
-24.7249703534854));
#4898=CARTESIAN_POINT('Ctrl Pts',(-0.658716501224338,-1.30956184463422,
-24.751431949531));
#4899=CARTESIAN_POINT('Ctrl Pts',(-1.09148419167525,-1.09187741830124,-24.7778935455767));
#4900=CARTESIAN_POINT('Ctrl Pts',(-1.40567230852433,-0.638450779873467,
-24.8043551416224));
#4901=CARTESIAN_POINT('Ctrl Pts',(-1.45748895264847,-0.156797980901169,
-24.830816737668));
#4902=CARTESIAN_POINT('Ctrl Pts',(-1.50930559677261,0.324854818071129,-24.8572783337137));
#4903=CARTESIAN_POINT('Ctrl Pts',(-1.29875076817182,0.834733777587953,-24.8837399297593));
#4904=CARTESIAN_POINT('Ctrl Pts',(-0.922187368720545,1.13948677521035,-24.910201525805));
#4905=CARTESIAN_POINT('Ctrl Pts',(-0.545623969269267,1.44423977283276,-24.9366631218506));
#4906=CARTESIAN_POINT('Ctrl Pts',(-0.00305199896750229,1.54386680856074,
-24.9631247178963));
#4907=CARTESIAN_POINT('Ctrl Pts',(0.457214077579681,1.39277239388567,-24.989586313942));
#4908=CARTESIAN_POINT('Ctrl Pts',(0.917480154126891,1.24167797921059,-25.0160479099876));
#4909=CARTESIAN_POINT('Ctrl Pts',(1.29544033691951,0.83986211413243,-25.0425095060333));
#4910=CARTESIAN_POINT('Ctrl Pts',(1.41811668833945,0.371220570766452,-25.0689711020789));
#4911=CARTESIAN_POINT('Ctrl Pts',(1.44960118172889,0.250945216932227,-25.075762386105));
#4912=CARTESIAN_POINT('Ctrl Pts',(1.46427074655889,0.126268217289478,-25.082553670131));
#4913=CARTESIAN_POINT('Ctrl Pts',(1.46315131881234,0.0013322875473493,-25.0893449541571));
#4914=CARTESIAN_POINT('Origin',(0.,0.,-15.5));
#4915=CARTESIAN_POINT('',(1.46113748055872,-0.000251718161798781,-25.6606550458429));
#4916=CARTESIAN_POINT('',(1.46121788501283,-0.000433987238761801,-25.5893449541571));
#4917=CARTESIAN_POINT('',(1.4635,-1.79227059055215E-16,-15.5));
#4918=CARTESIAN_POINT('Ctrl Pts',(1.46113748055872,-0.000251718161798781,
-25.6606550458429));
#4919=CARTESIAN_POINT('Ctrl Pts',(1.46073850369171,0.259417444803786,-25.6465888158588));
#4920=CARTESIAN_POINT('Ctrl Pts',(1.39482034425297,0.519275786612367,-25.6325225858748));
#4921=CARTESIAN_POINT('Ctrl Pts',(1.26457715017954,0.741420419793691,-25.6184563558908));
#4922=CARTESIAN_POINT('Ctrl Pts',(1.01956176274601,1.1593221286117,-25.5919947598451));
#4923=CARTESIAN_POINT('Ctrl Pts',(0.546902132344055,1.44375622721014,-25.5655331637995));
#4924=CARTESIAN_POINT('Ctrl Pts',(0.06291651624621,1.46454809400218,-25.5390715677538));
#4925=CARTESIAN_POINT('Ctrl Pts',(-0.421069099851635,1.48533996079421,-25.5126099717081));
#4926=CARTESIAN_POINT('Ctrl Pts',(-0.916380701645371,1.24248959577983,-25.4861483756625));
#4927=CARTESIAN_POINT('Ctrl Pts',(-1.1963330898511,0.847140334171814,-25.4596867796168));
#4928=CARTESIAN_POINT('Ctrl Pts',(-1.47628547805683,0.451791072563798,-25.4332251835711));
#4929=CARTESIAN_POINT('Ctrl Pts',(-1.54087865267455,-0.0960570856378512,
-25.4067635875255));
#4930=CARTESIAN_POINT('Ctrl Pts',(-1.36055078513696,-0.545674966180696,
-25.3803019914798));
#4931=CARTESIAN_POINT('Ctrl Pts',(-1.18022291759938,-0.99529284672354,-25.3538403954342));
#4932=CARTESIAN_POINT('Ctrl Pts',(-0.754974007906478,-1.34668044960758,
-25.3273787993885));
#4933=CARTESIAN_POINT('Ctrl Pts',(-0.279424237552529,-1.43902109196629,
-25.3009172033429));
#4934=CARTESIAN_POINT('Ctrl Pts',(0.196125532801421,-1.53136173432499,-25.2744556072972));
#4935=CARTESIAN_POINT('Ctrl Pts',(0.721976163816423,-1.36465541615837,-25.2479940112516));
#4936=CARTESIAN_POINT('Ctrl Pts',(1.05746590912482,-1.01519725112566,-25.2215324152059));
#4937=CARTESIAN_POINT('Ctrl Pts',(1.31474105744929,-0.74721021873712,-25.2012399587516));
#4938=CARTESIAN_POINT('Ctrl Pts',(1.46006857893282,-0.37175029095036,-25.1809475022972));
#4939=CARTESIAN_POINT('Ctrl Pts',(1.46349451608595,0.00133672957601597,
-25.1606550458429));
#4940=CARTESIAN_POINT('Ctrl Pts',(1.46315131881234,0.0013322875473493,-25.0893449541571));
#4941=CARTESIAN_POINT('Ctrl Pts',(1.45990900219392,-0.360532819412613,-25.1090152661767));
#4942=CARTESIAN_POINT('Ctrl Pts',(1.32421022969468,-0.724570133568079,-25.1286855781963));
#4943=CARTESIAN_POINT('Ctrl Pts',(1.08098362646142,-0.990118201645288,-25.1483558902159));
#4944=CARTESIAN_POINT('Ctrl Pts',(0.753781693116189,-1.34734820903731,-25.1748174862616));
#4945=CARTESIAN_POINT('Ctrl Pts',(0.231985306378457,-1.52634100216759,-25.2012790823072));
#4946=CARTESIAN_POINT('Ctrl Pts',(-0.24559926011846,-1.44517841712934,-25.2277406783529));
#4947=CARTESIAN_POINT('Ctrl Pts',(-0.723183826615376,-1.36401583209108,
-25.2542022743986));
#4948=CARTESIAN_POINT('Ctrl Pts',(-1.15655657287148,-1.02269786888429,-25.2806638704442));
#4949=CARTESIAN_POINT('Ctrl Pts',(-1.3473793477266,-0.577432720952574,-25.3071254664899));
#4950=CARTESIAN_POINT('Ctrl Pts',(-1.53820212258173,-0.132167573020858,
-25.3335870625355));
#4951=CARTESIAN_POINT('Ctrl Pts',(-1.48647492603588,0.417044759635784,-25.3600486585811));
#4952=CARTESIAN_POINT('Ctrl Pts',(-1.21587131997357,0.818850772224408,-25.3865102546268));
#4953=CARTESIAN_POINT('Ctrl Pts',(-0.945267713911259,1.22065678481303,-25.4129718506725));
#4954=CARTESIAN_POINT('Ctrl Pts',(-0.455787698332489,1.47505647733364,-25.4394334467181));
#4955=CARTESIAN_POINT('Ctrl Pts',(0.0285524217261278,1.46562082856437,-25.4658950427638));
#4956=CARTESIAN_POINT('Ctrl Pts',(0.512892541784744,1.4561851797951,-25.4923566388095));
#4957=CARTESIAN_POINT('Ctrl Pts',(0.992092766323207,1.18291418973596,-25.5188182348551));
#4958=CARTESIAN_POINT('Ctrl Pts',(1.24684145797755,0.770873551611426,-25.5452798309008));
#4959=CARTESIAN_POINT('Ctrl Pts',(1.38824805186768,0.542156917963079,-25.5599682053195));
#4960=CARTESIAN_POINT('Ctrl Pts',(1.46049735457396,0.270683022488893,-25.5746565797383));
#4961=CARTESIAN_POINT('Ctrl Pts',(1.46121788501283,-0.000433987238761801,
-25.5893449541571));
#4962=CARTESIAN_POINT('Origin',(0.,0.,-15.5));
#4963=CARTESIAN_POINT('',(1.46441805576629,-0.00120572734821509,-26.1606550458429));
#4964=CARTESIAN_POINT('',(1.46474175916986,-0.00110475453738904,-26.0893449541571));
#4965=CARTESIAN_POINT('',(1.4635,-1.79227059055215E-16,-15.5));
#4966=CARTESIAN_POINT('Ctrl Pts',(1.46441805576629,-0.00120572734821509,
-26.1606550458429));
#4967=CARTESIAN_POINT('Ctrl Pts',(1.46083717789337,0.401946107257393,-26.1386917254661));
#4968=CARTESIAN_POINT('Ctrl Pts',(1.28762873831102,0.807800655755033,-26.1167284050894));
#4969=CARTESIAN_POINT('Ctrl Pts',(0.991463639382142,1.07974972044497,-26.0947650847126));
#4970=CARTESIAN_POINT('Ctrl Pts',(0.634641397742628,1.40739627713036,-26.0683034886669));
#4971=CARTESIAN_POINT('Ctrl Pts',(0.0993397415973428,1.54067050395477,-26.0418418926213));
#4972=CARTESIAN_POINT('Ctrl Pts',(-0.3694542097795,1.41857787760599,-26.0153802965756));
#4973=CARTESIAN_POINT('Ctrl Pts',(-0.838248161156316,1.29648525125722,-25.98891870053));
#4974=CARTESIAN_POINT('Ctrl Pts',(-1.24053440776467,0.919025771735377,-25.9624571044843));
#4975=CARTESIAN_POINT('Ctrl Pts',(-1.39220190169113,0.458948224297619,-25.9359955084387));
#4976=CARTESIAN_POINT('Ctrl Pts',(-1.54386939561759,-0.00112932314014054,
-25.909533912393));
#4977=CARTESIAN_POINT('Ctrl Pts',(-1.44491813686207,-0.543824938493768,
-25.8830723163474));
#4978=CARTESIAN_POINT('Ctrl Pts',(-1.1406343367015,-0.920767569751477,-25.8566107203017));
#4979=CARTESIAN_POINT('Ctrl Pts',(-0.836350536540935,-1.29771020100919,
-25.8301491242561));
#4980=CARTESIAN_POINT('Ctrl Pts',(-0.326734194975286,-1.508899848171,-25.8036875282104));
#4981=CARTESIAN_POINT('Ctrl Pts',(0.154982755799678,-1.45768307704636,-25.7772259321647));
#4982=CARTESIAN_POINT('Ctrl Pts',(0.636699706574669,-1.40646630592171,-25.7507643361191));
#4983=CARTESIAN_POINT('Ctrl Pts',(1.090517266559,-1.09284311651058,-25.7243027400734));
#4984=CARTESIAN_POINT('Ctrl Pts',(1.3087404743186,-0.660346862286223,-25.6978411440277));
#4985=CARTESIAN_POINT('Ctrl Pts',(1.41096244681998,-0.457753285461089,-25.6854457779661));
#4986=CARTESIAN_POINT('Ctrl Pts',(1.46148906476589,-0.229075954188587,-25.6730504119045));
#4987=CARTESIAN_POINT('Ctrl Pts',(1.46113748055872,-0.000251718161798781,
-25.6606550458429));
#4988=CARTESIAN_POINT('Ctrl Pts',(1.46121788501283,-0.000433987238761801,
-25.5893449541571));
#4989=CARTESIAN_POINT('Ctrl Pts',(1.46179541417322,-0.217743306250975,-25.601118175784));
#4990=CARTESIAN_POINT('Ctrl Pts',(1.41641887763117,-0.434823341989836,-25.6128913974109));
#4991=CARTESIAN_POINT('Ctrl Pts',(1.32386708206713,-0.629472479878959,-25.6246646190377));
#4992=CARTESIAN_POINT('Ctrl Pts',(1.11584685573214,-1.06696758705481,-25.6511262150834));
#4993=CARTESIAN_POINT('Ctrl Pts',(0.66950924429194,-1.39114751521659,-25.6775878111291));
#4994=CARTESIAN_POINT('Ctrl Pts',(0.189125922446292,-1.45364749488082,-25.7040494071747));
#4995=CARTESIAN_POINT('Ctrl Pts',(-0.291257399399356,-1.51614747454505,
-25.7305110032204));
#4996=CARTESIAN_POINT('Ctrl Pts',(-0.805686431650456,-1.31696750571172,
-25.756972599266));
#4997=CARTESIAN_POINT('Ctrl Pts',(-1.11872665739278,-0.947264651475259,
-25.7834341953117));
#4998=CARTESIAN_POINT('Ctrl Pts',(-1.43176688313513,-0.577561797238771,
-25.8098957913573));
#4999=CARTESIAN_POINT('Ctrl Pts',(-1.54341830236867,-0.0373360575991241,
-25.836357387403));
#5000=CARTESIAN_POINT('Ctrl Pts',(-1.40258232557934,0.4261718830189,-25.8628189834487));
#5001=CARTESIAN_POINT('Ctrl Pts',(-1.26174634879003,0.889679823636871,-25.8892805794944));
#5002=CARTESIAN_POINT('Ctrl Pts',(-0.868422975977905,1.27646996523324,-25.91574217554));
#5003=CARTESIAN_POINT('Ctrl Pts',(-0.402621289970651,1.40952323528823,-25.9422037715856));
#5004=CARTESIAN_POINT('Ctrl Pts',(0.0631803960366032,1.54257650534322,-25.9686653676313));
#5005=CARTESIAN_POINT('Ctrl Pts',(0.601460395238991,1.42189290385683,-25.995126963677));
#5006=CARTESIAN_POINT('Ctrl Pts',(0.96586851427012,1.10270470524195,-26.0215885597226));
#5007=CARTESIAN_POINT('Ctrl Pts',(1.27689762737428,0.830271635988568,-26.0441740245341));
#5008=CARTESIAN_POINT('Ctrl Pts',(1.461262114414,0.413229153513283,-26.0667594893456));
#5009=CARTESIAN_POINT('Ctrl Pts',(1.46474175916986,-0.00110475453738904,
-26.0893449541571));
#5010=CARTESIAN_POINT('Origin',(0.,0.,-15.5));
#5011=CARTESIAN_POINT('',(1.46497481294114,0.00100931572883493,-26.6606550458429));
#5012=CARTESIAN_POINT('',(1.46466817873347,0.00113068307771383,-26.5893449541571));
#5013=CARTESIAN_POINT('',(1.4635,-1.79227059055215E-16,-15.5));
#5014=CARTESIAN_POINT('Ctrl Pts',(1.46497481294114,0.00100931572883493,
-26.6606550458429));
#5015=CARTESIAN_POINT('Ctrl Pts',(1.46546579080934,0.0633352357778177,-26.6572562311191));
#5016=CARTESIAN_POINT('Ctrl Pts',(1.4618327444511,0.125603505485612,-26.6538574163952));
#5017=CARTESIAN_POINT('Ctrl Pts',(1.45388188926587,0.187315475801106,-26.6504586016714));
#5018=CARTESIAN_POINT('Ctrl Pts',(1.39198021611629,0.667776272393471,-26.6239970056258));
#5019=CARTESIAN_POINT('Ctrl Pts',(1.06835638133006,1.11451721586045,-26.5975354095801));
#5020=CARTESIAN_POINT('Ctrl Pts',(0.631120675468594,1.32308210944601,-26.5710738135345));
#5021=CARTESIAN_POINT('Ctrl Pts',(0.193884969607132,1.53164700303157,-26.5446122174888));
#5022=CARTESIAN_POINT('Ctrl Pts',(-0.356962607329558,1.50203584673571,-26.5181506214432));
#5023=CARTESIAN_POINT('Ctrl Pts',(-0.769320174229219,1.24780050005562,-26.4916890253975));
#5024=CARTESIAN_POINT('Ctrl Pts',(-1.18167774112888,0.993565153375534,-26.4652274293518));
#5025=CARTESIAN_POINT('Ctrl Pts',(-1.45554529799151,0.514705616311224,-26.4387658333062));
#5026=CARTESIAN_POINT('Ctrl Pts',(-1.46558411916455,0.0303776253269004,
-26.4123042372605));
#5027=CARTESIAN_POINT('Ctrl Pts',(-1.47562294033759,-0.453950365657424,
-26.3858426412148));
#5028=CARTESIAN_POINT('Ctrl Pts',(-1.22183302582103,-0.943746810561762,
-26.3593810451692));
#5029=CARTESIAN_POINT('Ctrl Pts',(-0.820364328208118,-1.21485059660361,
-26.3329194491235));
#5030=CARTESIAN_POINT('Ctrl Pts',(-0.418895630595204,-1.48595438264546,
-26.3064578530779));
#5031=CARTESIAN_POINT('Ctrl Pts',(0.130251850114068,-1.53836550982483,-26.2799962570322));
#5032=CARTESIAN_POINT('Ctrl Pts',(0.575754291213004,-1.34809740213601,-26.2535346609866));
#5033=CARTESIAN_POINT('Ctrl Pts',(1.02125673231194,-1.15782929444718,-26.2270730649409));
#5034=CARTESIAN_POINT('Ctrl Pts',(1.36311413380054,-0.724881951890168,-26.2006114688953));
#5035=CARTESIAN_POINT('Ctrl Pts',(1.44487142097798,-0.247398837338493,-26.1741498728496));
#5036=CARTESIAN_POINT('Ctrl Pts',(1.45876955527916,-0.166230238407535,-26.1696515971807));
#5037=CARTESIAN_POINT('Ctrl Pts',(1.46515145014988,-0.0837746676256823,
-26.1651533215118));
#5038=CARTESIAN_POINT('Ctrl Pts',(1.46441805576629,-0.00120572734821509,
-26.1606550458429));
#5039=CARTESIAN_POINT('Ctrl Pts',(1.46474175916986,-0.00110475453738904,
-26.0893449541571));
#5040=CARTESIAN_POINT('Ctrl Pts',(1.4653389379233,-0.0722129923253755,-26.0932210853913));
#5041=CARTESIAN_POINT('Ctrl Pts',(1.46060840081461,-0.143241452754776,-26.0970972166254));
#5042=CARTESIAN_POINT('Ctrl Pts',(1.45027607275449,-0.21344546541603,-26.1009733478596));
#5043=CARTESIAN_POINT('Ctrl Pts',(1.37973927334782,-0.692714641715624,-26.1274349439052));
#5044=CARTESIAN_POINT('Ctrl Pts',(1.04812943567461,-1.13356019857134,-26.1538965399509));
#5045=CARTESIAN_POINT('Ctrl Pts',(0.607211715040877,-1.33422396445507,-26.1803581359966));
#5046=CARTESIAN_POINT('Ctrl Pts',(0.166293994407169,-1.53488773033878,-26.2068197320422));
#5047=CARTESIAN_POINT('Ctrl Pts',(-0.38393160918705,-1.49536970525053,-26.2332813280879));
#5048=CARTESIAN_POINT('Ctrl Pts',(-0.791647855679679,-1.23375578048037,
-26.2597429241335));
#5049=CARTESIAN_POINT('Ctrl Pts',(-1.19936410217231,-0.972141855710213,
-26.2862045201792));
#5050=CARTESIAN_POINT('Ctrl Pts',(-1.46457099156334,-0.488432031258142,
-26.3126661162249));
#5051=CARTESIAN_POINT('Ctrl Pts',(-1.46589346120641,-0.00400181459790885,
-26.3391277122705));
#5052=CARTESIAN_POINT('Ctrl Pts',(-1.46721593084947,0.480428402062325,-26.3655893083162));
#5053=CARTESIAN_POINT('Ctrl Pts',(-1.20465398074456,0.965579010930721,-26.3920509043618));
#5054=CARTESIAN_POINT('Ctrl Pts',(-0.798372186090046,1.22941510818131,-26.4185125004075));
#5055=CARTESIAN_POINT('Ctrl Pts',(-0.392090391435534,1.49325120543191,-26.4449740964532));
#5056=CARTESIAN_POINT('Ctrl Pts',(0.157911247768577,1.53577279106469,-26.4714356924988));
#5057=CARTESIAN_POINT('Ctrl Pts',(0.599917992183088,1.33751936508445,-26.4978972885445));
#5058=CARTESIAN_POINT('Ctrl Pts',(1.04192473659762,1.13926593910419,-26.5243588845901));
#5059=CARTESIAN_POINT('Ctrl Pts',(1.37593658622255,0.700237501510861,-26.5508204806358));
#5060=CARTESIAN_POINT('Ctrl Pts',(1.44908907498022,0.221360587033539,-26.5772820766814));
#5061=CARTESIAN_POINT('Ctrl Pts',(1.46020492638744,0.148593074757824,-26.58130303584));
#5062=CARTESIAN_POINT('Ctrl Pts',(1.46529748910338,0.0749054541165071,-26.5853239949985));
#5063=CARTESIAN_POINT('Ctrl Pts',(1.46466817873347,0.00113068307771383,
-26.5893449541571));
#5064=CARTESIAN_POINT('Origin',(0.,0.,-15.5));
#5065=CARTESIAN_POINT('',(1.46130789806884,0.000567386873294925,-27.1606550458429));
#5066=CARTESIAN_POINT('',(1.46119532257292,0.000392013537460496,-27.0893449541571));
#5067=CARTESIAN_POINT('',(1.4635,-1.79227059055215E-16,-15.5));
#5068=CARTESIAN_POINT('Ctrl Pts',(1.46130789806884,0.000567386873294925,
-27.1606550458429));
#5069=CARTESIAN_POINT('Ctrl Pts',(1.46203636845406,0.209034934637618,-27.1493591407264));
#5070=CARTESIAN_POINT('Ctrl Pts',(1.42040404118894,0.417225095130327,-27.1380632356098));
#5071=CARTESIAN_POINT('Ctrl Pts',(1.33497944177716,0.605550577390872,-27.1267673304933));
#5072=CARTESIAN_POINT('Ctrl Pts',(1.13486522174093,1.04671866310644,-27.1003057344476));
#5073=CARTESIAN_POINT('Ctrl Pts',(0.694432350282984,1.37887544500811,-27.073844138402));
#5074=CARTESIAN_POINT('Ctrl Pts',(0.215251244202258,1.45000862483726,-27.0473825423563));
#5075=CARTESIAN_POINT('Ctrl Pts',(-0.263929861878468,1.5211418046664,-27.0209209463106));
#5076=CARTESIAN_POINT('Ctrl Pts',(-0.78185920258197,1.33125138242301,-26.994459350265));
#5077=CARTESIAN_POINT('Ctrl Pts',(-1.10150089115528,0.967241280153522,-26.9679977542193));
#5078=CARTESIAN_POINT('Ctrl Pts',(-1.42114257972859,0.60323117788403,-26.9415361581737));
#5079=CARTESIAN_POINT('Ctrl Pts',(-1.5424966161717,0.0651013955884303,-26.915074562128));
#5080=CARTESIAN_POINT('Ctrl Pts',(-1.41002358430853,-0.400865742350929,
-26.8886129660824));
#5081=CARTESIAN_POINT('Ctrl Pts',(-1.27755055244536,-0.866832880290288,
-26.8621513700367));
#5082=CARTESIAN_POINT('Ctrl Pts',(-0.891250452275911,-1.26063737387341,
-26.835689773991));
#5083=CARTESIAN_POINT('Ctrl Pts',(-0.427918245933235,-1.40205041279335,
-26.8092281779454));
#5084=CARTESIAN_POINT('Ctrl Pts',(0.0354139604094674,-1.5434634517133,-26.7827665818997));
#5085=CARTESIAN_POINT('Ctrl Pts',(0.575778272925406,-1.43248503597004,-26.7563049858541));
#5086=CARTESIAN_POINT('Ctrl Pts',(0.945870673426908,-1.11990550323952,-26.7298433898084));
#5087=CARTESIAN_POINT('Ctrl Pts',(1.26842718464102,-0.847474717257774,-26.7067806084865));
#5088=CARTESIAN_POINT('Ctrl Pts',(1.46164326470206,-0.42190548886597,-26.6837178271647));
#5089=CARTESIAN_POINT('Ctrl Pts',(1.46497481294114,0.00100931572883493,
-26.6606550458429));
#5090=CARTESIAN_POINT('Ctrl Pts',(1.46466817873347,0.00113068307771383,
-26.5893449541571));
#5091=CARTESIAN_POINT('Ctrl Pts',(1.46115605017316,-0.410600146067606,-26.6117855910442));
#5092=CARTESIAN_POINT('Ctrl Pts',(1.27942687031431,-0.825045416205368,-26.6342262279313));
#5093=CARTESIAN_POINT('Ctrl Pts',(0.971874726911675,-1.0974147711089,-26.6566668648184));
#5094=CARTESIAN_POINT('Ctrl Pts',(0.609214762195002,-1.41858782341275,-26.6831284608641));
#5095=CARTESIAN_POINT('Ctrl Pts',(0.0716017048711841,-1.54220853665917,
-26.7095900569098));
#5096=CARTESIAN_POINT('Ctrl Pts',(-0.394919491727555,-1.41170046988387,
-26.7360516529554));
#5097=CARTESIAN_POINT('Ctrl Pts',(-0.86144068832632,-1.28119240310857,-26.7625132490011));
#5098=CARTESIAN_POINT('Ctrl Pts',(-1.25687002420003,-0.896555556311518,
-26.7889748450467));
#5099=CARTESIAN_POINT('Ctrl Pts',(-1.40023458584748,-0.433823450547274,
-26.8154364410924));
#5100=CARTESIAN_POINT('Ctrl Pts',(-1.54359914749492,0.0289086552169165,
-26.841898037138));
#5101=CARTESIAN_POINT('Ctrl Pts',(-1.43489893491621,0.569736019948231,-26.8683596331837));
#5102=CARTESIAN_POINT('Ctrl Pts',(-1.12388190555351,0.941142484221099,-26.8948212292293));
#5103=CARTESIAN_POINT('Ctrl Pts',(-0.81286487619077,1.31254894849401,-26.921282825275));
#5104=CARTESIAN_POINT('Ctrl Pts',(-0.299531030043968,1.51453451230837,-26.9477444213206));
#5105=CARTESIAN_POINT('Ctrl Pts',(0.181186383516163,1.45465835371811,-26.9742060173663));
#5106=CARTESIAN_POINT('Ctrl Pts',(0.661903797076293,1.39478219512785,-27.0006676134119));
#5107=CARTESIAN_POINT('Ctrl Pts',(1.11000477804978,1.07304431413298,-27.0271292094576));
#5108=CARTESIAN_POINT('Ctrl Pts',(1.32041054375987,0.636691364607327,-27.0535908055033));
#5109=CARTESIAN_POINT('Ctrl Pts',(1.41517528649416,0.440162173196662,-27.0655088550546));
#5110=CARTESIAN_POINT('Ctrl Pts',(1.46172318946399,0.220383138965985,-27.0774269046058));
#5111=CARTESIAN_POINT('Ctrl Pts',(1.46119532257292,0.000392013537460496,
-27.0893449541571));
#5112=CARTESIAN_POINT('Origin',(0.,0.,-15.5));
#5113=CARTESIAN_POINT('',(1.46286069048923,-0.00140701768924778,-27.6606550458429));
#5114=CARTESIAN_POINT('',(1.46322795401645,-0.0013509884298313,-27.5893449541571));
#5115=CARTESIAN_POINT('',(1.4635,-1.79227059055215E-16,-15.5));
#5116=CARTESIAN_POINT('Ctrl Pts',(1.46286069048923,-0.00140701768924778,
-27.6606550458429));
#5117=CARTESIAN_POINT('Ctrl Pts',(1.45980192713084,0.351855370332679,-27.6414620503336));
#5118=CARTESIAN_POINT('Ctrl Pts',(1.33125378603221,0.707190628112731,-27.6222690548244));
#5119=CARTESIAN_POINT('Ctrl Pts',(1.09863961847062,0.970550987204484,-27.6030760593151));
#5120=CARTESIAN_POINT('Ctrl Pts',(0.777931882487111,1.33364883888525,-27.5766144632695));
#5121=CARTESIAN_POINT('Ctrl Pts',(0.259410832145135,1.52191672765015,-27.5501528672238));
#5122=CARTESIAN_POINT('Ctrl Pts',(-0.219563869420386,1.44934058487168,-27.5236912711782));
#5123=CARTESIAN_POINT('Ctrl Pts',(-0.698538570985934,1.37676444209321,-27.4972296751325));
#5124=CARTESIAN_POINT('Ctrl Pts',(-1.13796692377499,1.04334426777134,-27.4707680790868));
#5125=CARTESIAN_POINT('Ctrl Pts',(-1.33676693439747,0.601595341790805,-27.4443064830412));
#5126=CARTESIAN_POINT('Ctrl Pts',(-1.53556694501995,0.159846415810243,-27.4178448869955));
#5127=CARTESIAN_POINT('Ctrl Pts',(-1.49373861347578,-0.390231261829054,
-27.3913832909499));
#5128=CARTESIAN_POINT('Ctrl Pts',(-1.23041064931741,-0.796846875627258,
-27.3649216949042));
#5129=CARTESIAN_POINT('Ctrl Pts',(-0.967082685159049,-1.20346248942544,
-27.3384600988586));
#5130=CARTESIAN_POINT('Ctrl Pts',(-0.482255088386544,-1.4666160393826,-27.3119985028129));
#5131=CARTESIAN_POINT('Ctrl Pts',(0.00217742510912138,-1.46589393070183,
-27.2855369067672));
#5132=CARTESIAN_POINT('Ctrl Pts',(0.486609938604787,-1.46517182202105,-27.2590753107216));
#5133=CARTESIAN_POINT('Ctrl Pts',(0.970647368823583,-1.20057405470235,-27.2326137146759));
#5134=CARTESIAN_POINT('Ctrl Pts',(1.23276829962574,-0.793185476278252,-27.2061521186302));
#5135=CARTESIAN_POINT('Ctrl Pts',(1.38299525554113,-0.559702610854032,-27.1909864277011));
#5136=CARTESIAN_POINT('Ctrl Pts',(1.46032986606526,-0.279317612649467,-27.175820736772));
#5137=CARTESIAN_POINT('Ctrl Pts',(1.46130789806884,0.000567386873294925,
-27.1606550458429));
#5138=CARTESIAN_POINT('Ctrl Pts',(1.46119532257292,0.000392013537460496,
-27.0893449541571));
#5139=CARTESIAN_POINT('Ctrl Pts',(1.46055116879254,-0.268062245463505,-27.1038885006515));
#5140=CARTESIAN_POINT('Ctrl Pts',(1.38980545141893,-0.536832334128807,-27.1184320471459));
#5141=CARTESIAN_POINT('Ctrl Pts',(1.25103168774396,-0.764054755572223,-27.1329755936403));
#5142=CARTESIAN_POINT('Ctrl Pts',(0.998536515571243,-1.17747990816975,-27.1594371896859));
#5143=CARTESIAN_POINT('Ctrl Pts',(0.520835620779095,-1.45336219530839,-27.1858987857316));
#5144=CARTESIAN_POINT('Ctrl Pts',(0.036554162220985,-1.46544257838214,-27.2123603817773));
#5145=CARTESIAN_POINT('Ctrl Pts',(-0.447727296337125,-1.47752296145588,
-27.2388219778229));
#5146=CARTESIAN_POINT('Ctrl Pts',(-0.938589318661169,-1.22580144046474,
-27.2652835738686));
#5147=CARTESIAN_POINT('Ctrl Pts',(-1.21138255236803,-0.82547802457188,-27.2917451699142));
#5148=CARTESIAN_POINT('Ctrl Pts',(-1.48417578607488,-0.425154608679042,
-27.3182067659599));
#5149=CARTESIAN_POINT('Ctrl Pts',(-1.53890023116455,0.123770702115557,-27.3446683620055));
#5150=CARTESIAN_POINT('Ctrl Pts',(-1.35051165492361,0.570069465384161,-27.3711299580512));
#5151=CARTESIAN_POINT('Ctrl Pts',(-1.16212307868266,1.01636822865279,-27.3975915540969));
#5152=CARTESIAN_POINT('Ctrl Pts',(-0.730621481111111,1.36004044439546,-27.4240531501425));
#5153=CARTESIAN_POINT('Ctrl Pts',(-0.253486655723941,1.44381242664756,-27.4505147461882));
#5154=CARTESIAN_POINT('Ctrl Pts',(0.223648169663229,1.52758440889966,-27.4769763422338));
#5155=CARTESIAN_POINT('Ctrl Pts',(0.746416222865987,1.35145615766118,-27.5034379382795));
#5156=CARTESIAN_POINT('Ctrl Pts',(1.07556272878055,0.99601213205776,-27.5298995343251));
#5157=CARTESIAN_POINT('Ctrl Pts',(1.32203629997097,0.72984628562002,-27.5497146742691));
#5158=CARTESIAN_POINT('Ctrl Pts',(1.45993835480082,0.36313075448634,-27.5695298142131));
#5159=CARTESIAN_POINT('Ctrl Pts',(1.46322795401645,-0.0013509884298313,
-27.5893449541571));
#5160=CARTESIAN_POINT('Origin',(0.,0.,-2.07563288526379));
#5161=CARTESIAN_POINT('',(1.17723551638106,-0.00113229592269993,-27.8256328852638));
#5162=CARTESIAN_POINT('',(1.17950642097027,8.67662812278642E-5,-27.9243671147361));
#5163=CARTESIAN_POINT('',(1.17775,8.67796523415517E-13,-2.07563288526379));
#5164=CARTESIAN_POINT('',(-0.686144834821228,-0.959572920753005,-28.));
#5165=CARTESIAN_POINT('Ctrl Pts',(1.17723551638106,-0.00113229592269969,
-27.8256328852638));
#5166=CARTESIAN_POINT('Ctrl Pts',(1.17816772755719,-0.10879513466544,-27.8329014858002));
#5167=CARTESIAN_POINT('Ctrl Pts',(1.11528096142963,-0.607298087478301,-27.8666316823823));
#5168=CARTESIAN_POINT('Ctrl Pts',(0.434711696736101,-1.30487482273236,-27.924754053961));
#5169=CARTESIAN_POINT('Ctrl Pts',(-0.39239383539476,-1.16707966787774,-27.9756078250033));
#5170=CARTESIAN_POINT('Ctrl Pts',(-0.686144834821228,-0.959572920753005,
-28.));
#5171=CARTESIAN_POINT('',(0.684664424539616,-0.958295198918286,-28.));
#5172=CARTESIAN_POINT('Origin',(0.,0.,-28.));
#5173=CARTESIAN_POINT('Ctrl Pts',(1.17950642097027,8.67662812279119E-5,
-27.9243671147361));
#5174=CARTESIAN_POINT('Ctrl Pts',(1.17819175665508,-0.370670965747155,-27.9495780764907));
#5175=CARTESIAN_POINT('Ctrl Pts',(0.988262203411298,-0.741386464743974,
-27.9747890382454));
#5176=CARTESIAN_POINT('Ctrl Pts',(0.684664424539616,-0.958295198918286,
-28.));
#5177=CARTESIAN_POINT('Origin',(0.,0.,-2.07563288526379));
#5178=CARTESIAN_POINT('',(1.1759859084049,0.000456603956655578,-27.3256328852638));
#5179=CARTESIAN_POINT('',(1.1775310712968,-0.00108720643786114,-27.4243671147361));
#5180=CARTESIAN_POINT('',(1.17775,8.67796523415517E-13,-2.07563288526379));
#5181=CARTESIAN_POINT('Ctrl Pts',(1.1759859084049,0.000456603956655536,
-27.3256328852638));
#5182=CARTESIAN_POINT('Ctrl Pts',(1.17519883823605,-0.224780538638513,-27.3407985761929));
#5183=CARTESIAN_POINT('Ctrl Pts',(1.00437432384077,-0.844123299110744,-27.3824258631677));
#5184=CARTESIAN_POINT('Ctrl Pts',(0.0020702232673711,-1.39203015636825,
-27.4505147461882));
#5185=CARTESIAN_POINT('Ctrl Pts',(-1.16842318725303,-0.756712574963375,
-27.5298995343252));
#5186=CARTESIAN_POINT('Ctrl Pts',(-1.26940709735121,0.571310625937636,-27.6092843224621));
#5187=CARTESIAN_POINT('Ctrl Pts',(-0.208518660390676,1.37626917115327,-27.6886691105991));
#5188=CARTESIAN_POINT('Ctrl Pts',(0.928698757155012,0.963361108642246,-27.7607852981996));
#5189=CARTESIAN_POINT('Ctrl Pts',(1.1747739799646,0.283155218592292,-27.8064398897545));
#5190=CARTESIAN_POINT('Ctrl Pts',(1.17723551638106,-0.00113229592269969,
-27.8256328852638));
#5191=CARTESIAN_POINT('Ctrl Pts',(1.1775310712968,-0.00108720643786119,
-27.4243671147361));
#5192=CARTESIAN_POINT('Ctrl Pts',(1.17841903736907,-0.0994722680898476,
-27.4310135708378));
#5193=CARTESIAN_POINT('Ctrl Pts',(1.12213019022575,-0.588551199899222,-27.4641216229852));
#5194=CARTESIAN_POINT('Ctrl Pts',(0.441405205716368,-1.32013575405992,-27.5236912711781));
#5195=CARTESIAN_POINT('Ctrl Pts',(-0.8698269435494,-1.08698105659476,-27.6030760593151));
#5196=CARTESIAN_POINT('Ctrl Pts',(-1.38480346598777,0.141605605302174,-27.6824608474521));
#5197=CARTESIAN_POINT('Ctrl Pts',(-0.632393381895425,1.2396395901144,-27.7618456355891));
#5198=CARTESIAN_POINT('Ctrl Pts',(0.699158907478839,1.2048022091469,-27.8412304237261));
#5199=CARTESIAN_POINT('Ctrl Pts',(1.17073186044839,0.426023077845805,-27.8954042501084));
#5200=CARTESIAN_POINT('Ctrl Pts',(1.17957163721587,0.0184788584929979,-27.9231164804451));
#5201=CARTESIAN_POINT('Ctrl Pts',(1.17950642097027,8.67662812279119E-5,
-27.9243671147361));
#5202=CARTESIAN_POINT('Origin',(0.,0.,-2.07563288526379));
#5203=CARTESIAN_POINT('',(1.17893685407683,0.000812245712520571,-26.8256328852638));
#5204=CARTESIAN_POINT('',(1.17589531339956,0.00031547246004078,-26.9243671147361));
#5205=CARTESIAN_POINT('',(1.17775,8.67796523415517E-13,-2.07563288526379));
#5206=CARTESIAN_POINT('Ctrl Pts',(1.17893685407683,0.000812245712520487,
-26.8256328852638));
#5207=CARTESIAN_POINT('Ctrl Pts',(1.17625579433074,-0.339527973700982,-26.8486956665856));
#5208=CARTESIAN_POINT('Ctrl Pts',(0.842359963580441,-1.07495222519624,-26.8982200439532));
#5209=CARTESIAN_POINT('Ctrl Pts',(-0.406358235184885,-1.33141025582305,
-26.9742060173663));
#5210=CARTESIAN_POINT('Ctrl Pts',(-1.33898196523199,-0.380669068974821,
-27.0535908055033));
#5211=CARTESIAN_POINT('Ctrl Pts',(-1.04600338698644,0.9185089653921,-27.1329755936403));
#5212=CARTESIAN_POINT('Ctrl Pts',(0.204405798555446,1.3769512847578,-27.2123603817772));
#5213=CARTESIAN_POINT('Ctrl Pts',(1.06458368126674,0.728239674204067,-27.2765794789851));
#5214=CARTESIAN_POINT('Ctrl Pts',(1.1765721441385,0.168220631547591,-27.3143369801473));
#5215=CARTESIAN_POINT('Ctrl Pts',(1.1759859084049,0.000456603956655536,
-27.3256328852638));
#5216=CARTESIAN_POINT('Ctrl Pts',(1.17589531339956,0.000315472460040798,
-26.9243671147361));
#5217=CARTESIAN_POINT('Ctrl Pts',(1.17537693136022,-0.21572279439258,-26.9389106612305));
#5218=CARTESIAN_POINT('Ctrl Pts',(1.01485715604915,-0.82555354944938,-26.9799158037706));
#5219=CARTESIAN_POINT('Ctrl Pts',(0.0347126228434601,-1.39160757717935,
-27.0473825423563));
#5220=CARTESIAN_POINT('Ctrl Pts',(-1.15034937946374,-0.78388973362505,-27.1267673304933));
#5221=CARTESIAN_POINT('Ctrl Pts',(-1.28246768873149,0.541351369459925,-27.2061521186302));
#5222=CARTESIAN_POINT('Ctrl Pts',(-0.240716394150315,1.37106087152556,-27.2855369067672));
#5223=CARTESIAN_POINT('Ctrl Pts',(0.915706626324516,0.9814449356622,-27.3582752388025));
#5224=CARTESIAN_POINT('Ctrl Pts',(1.17488376998039,0.292229071470666,-27.4045519747921));
#5225=CARTESIAN_POINT('Ctrl Pts',(1.1775310712968,-0.00108720643786119,
-27.4243671147361));
#5226=CARTESIAN_POINT('Origin',(0.,0.,-2.07563288526379));
#5227=CARTESIAN_POINT('',(1.17848880435856,-0.000970307744324641,-26.3256328852638));
#5228=CARTESIAN_POINT('',(1.17869009053868,0.000909915952371602,-26.4243671147361));
#5229=CARTESIAN_POINT('',(1.17775,8.67796523415517E-13,-2.07563288526379));
#5230=CARTESIAN_POINT('Ctrl Pts',(1.17848880435856,-0.00097030774432471,
-26.3256328852638));
#5231=CARTESIAN_POINT('Ctrl Pts',(1.17907900267444,-0.0674175707520817,
-26.3301311609327));
#5232=CARTESIAN_POINT('Ctrl Pts',(1.1437311433875,-0.524120160261683,-26.3610910326473));
#5233=CARTESIAN_POINT('Ctrl Pts',(0.546745857107959,-1.28017573230719,-26.4185125004075));
#5234=CARTESIAN_POINT('Ctrl Pts',(-0.779031618953608,-1.15364234309898,
-26.4978972885445));
#5235=CARTESIAN_POINT('Ctrl Pts',(-1.39174307468703,0.0288470924719921,
-26.5772820766814));
#5236=CARTESIAN_POINT('Ctrl Pts',(-0.730559237799674,1.18493213472181,-26.6566668648185));
#5237=CARTESIAN_POINT('Ctrl Pts',(0.599322689915765,1.25642077017288,-26.7360516529554));
#5238=CARTESIAN_POINT('Ctrl Pts',(1.15364578259794,0.491215013390872,-26.7923736597705));
#5239=CARTESIAN_POINT('Ctrl Pts',(1.17933196797108,0.0509689606681468,-26.82223407054));
#5240=CARTESIAN_POINT('Ctrl Pts',(1.17893685407683,0.000812245712520487,
-26.8256328852638));
#5241=CARTESIAN_POINT('Ctrl Pts',(1.17869009053868,0.000909915952371585,
-26.4243671147361));
#5242=CARTESIAN_POINT('Ctrl Pts',(1.17586370897976,-0.330430011636507,-26.4468077516232));
#5243=CARTESIAN_POINT('Ctrl Pts',(0.857166276799958,-1.0572403316673,-26.495709984556));
#5244=CARTESIAN_POINT('Ctrl Pts',(-0.375022118449463,-1.34057423920491,
-26.5710738135344));
#5245=CARTESIAN_POINT('Ctrl Pts',(-1.32968607538549,-0.411966013072127,
-26.6504586016715));
#5246=CARTESIAN_POINT('Ctrl Pts',(-1.06725694925394,0.893724650704686,-26.7298433898084));
#5247=CARTESIAN_POINT('Ctrl Pts',(0.172057578862204,1.38136762531845,-26.8092281779454));
#5248=CARTESIAN_POINT('Ctrl Pts',(1.05568984926306,0.746916940475611,-26.8740694195879));
#5249=CARTESIAN_POINT('Ctrl Pts',(1.17632011369388,0.177353086380792,-26.9124490651848));
#5250=CARTESIAN_POINT('Ctrl Pts',(1.17589531339956,0.000315472460040798,
-26.9243671147361));
#5251=CARTESIAN_POINT('Origin',(0.,0.,-2.07563288526379));
#5252=CARTESIAN_POINT('',(1.17584876510286,-0.000202569910773744,-25.8256328852638));
#5253=CARTESIAN_POINT('',(1.17874930431315,-0.000889049986393248,-25.9243671147361));
#5254=CARTESIAN_POINT('',(1.17775,8.67796523415517E-13,-2.07563288526379));
#5255=CARTESIAN_POINT('Ctrl Pts',(1.17584876510286,-0.000202569910773935,
-25.8256328852638));
#5256=CARTESIAN_POINT('Ctrl Pts',(1.17613170210326,-0.184348619777998,-25.8380282513254));
#5257=CARTESIAN_POINT('Ctrl Pts',(1.04866695100198,-0.761238589821004,-25.8768852134327));
#5258=CARTESIAN_POINT('Ctrl Pts',(0.147174204405268,-1.38424011146443,-25.9422037715857));
#5259=CARTESIAN_POINT('Ctrl Pts',(-1.08316535065926,-0.874376209288681,
-26.0215885597226));
#5260=CARTESIAN_POINT('Ctrl Pts',(-1.32205809749778,0.43582487232945,-26.1009733478596));
#5261=CARTESIAN_POINT('Ctrl Pts',(-0.350839866661419,1.34710516342678,-26.1803581359966));
#5262=CARTESIAN_POINT('Ctrl Pts',(0.868280378529982,1.04358040085872,-26.2552446484646));
#5263=CARTESIAN_POINT('Ctrl Pts',(1.17560709686626,0.323465683514071,-26.3036695648871));
#5264=CARTESIAN_POINT('Ctrl Pts',(1.17848880435856,-0.00097030774432471,
-26.3256328852638));
#5265=CARTESIAN_POINT('Ctrl Pts',(1.17874930431315,-0.00088904998639323,
-25.9243671147361));
#5266=CARTESIAN_POINT('Ctrl Pts',(1.17922988325195,-0.0581133253913762,
-25.9282432459703));
#5267=CARTESIAN_POINT('Ctrl Pts',(1.14943405857234,-0.505494141904258,-25.9585809732501));
#5268=CARTESIAN_POINT('Ctrl Pts',(0.576618350902904,-1.26700128353541,-26.0153802965757));
#5269=CARTESIAN_POINT('Ctrl Pts',(-0.751761979742326,-1.17159502310303,
-26.0947650847126));
#5270=CARTESIAN_POINT('Ctrl Pts',(-1.39203682903589,-0.00380019068407437,
-26.1741498728496));
#5271=CARTESIAN_POINT('Ctrl Pts',(-0.75814751560375,1.16747305071285,-26.2535346609865));
#5272=CARTESIAN_POINT('Ctrl Pts',(0.569692109758697,1.27013064718523,-26.3329194491236));
#5273=CARTESIAN_POINT('Ctrl Pts',(1.14812815659438,0.509828657375513,-26.3898636003734));
#5274=CARTESIAN_POINT('Ctrl Pts',(1.17919652736005,0.0602800810295935,-26.4203461555776));
#5275=CARTESIAN_POINT('Ctrl Pts',(1.17869009053868,0.000909915952371585,
-26.4243671147361));
#5276=CARTESIAN_POINT('Origin',(0.,0.,-2.07563288526379));
#5277=CARTESIAN_POINT('',(1.17774558682626,0.00107573164249565,-25.3256328852638));
#5278=CARTESIAN_POINT('',(1.17591347049802,-0.00034925074760668,-25.4243671147361));
#5279=CARTESIAN_POINT('',(1.17775,8.67796523415517E-13,-2.07563288526379));
#5280=CARTESIAN_POINT('Ctrl Pts',(1.17774558682626,0.00107573164249567,
-25.3256328852638));
#5281=CARTESIAN_POINT('Ctrl Pts',(1.17498856770638,-0.299165633868314,-25.3459253417181));
#5282=CARTESIAN_POINT('Ctrl Pts',(0.90552944562527,-0.995324912478192,-25.3926793942181));
#5283=CARTESIAN_POINT('Ctrl Pts',(-0.265345906676293,-1.36651837978959,
-25.4658950427638));
#5284=CARTESIAN_POINT('Ctrl Pts',(-1.2920016703747,-0.518182030018616,-25.5452798309008));
#5285=CARTESIAN_POINT('Ctrl Pts',(-1.13605781371751,0.804458561007016,-25.6246646190377));
#5286=CARTESIAN_POINT('Ctrl Pts',(0.0597465710024017,1.39075924579507,-25.7040494071748));
#5287=CARTESIAN_POINT('Ctrl Pts',(1.02268627276682,0.811287531989068,-25.7710388292501));
#5288=CARTESIAN_POINT('Ctrl Pts',(1.17552768891206,0.208765900661543,-25.8115666552797));
#5289=CARTESIAN_POINT('Ctrl Pts',(1.17584876510286,-0.000202569910773935,
-25.8256328852638));
#5290=CARTESIAN_POINT('Ctrl Pts',(1.17591347049802,-0.000349250747606715,
-25.4243671147361));
#5291=CARTESIAN_POINT('Ctrl Pts',(1.17637823644872,-0.175228683933118,-25.436140336363));
#5292=CARTESIAN_POINT('Ctrl Pts',(1.05778622519047,-0.742569428824171,-25.4743751540356));
#5293=CARTESIAN_POINT('Ctrl Pts',(0.179597123738595,-1.38040785544164,-25.5390715677537));
#5294=CARTESIAN_POINT('Ctrl Pts',(-1.06236145378194,-0.899538279165533,
-25.6184563558908));
#5295=CARTESIAN_POINT('Ctrl Pts',(-1.33191552074963,0.404699913237324,-25.6978411440277));
#5296=CARTESIAN_POINT('Ctrl Pts',(-0.38233587812012,1.33850672416709,-25.7772259321647));
#5297=CARTESIAN_POINT('Ctrl Pts',(0.853751976686737,1.06137301254369,-25.8527345890675));
#5298=CARTESIAN_POINT('Ctrl Pts',(1.17594906405924,0.332545702460681,-25.9017816499246));
#5299=CARTESIAN_POINT('Ctrl Pts',(1.17874930431315,-0.00088904998639323,
-25.9243671147361));
#5300=CARTESIAN_POINT('Origin',(0.,0.,-2.07563288526379));
#5301=CARTESIAN_POINT('',(1.17946280553995,-0.000457901773263193,-24.8256328852638));
#5302=CARTESIAN_POINT('',(1.1774693992014,0.00107215692546143,-24.9243671147361));
#5303=CARTESIAN_POINT('',(1.17775,8.67796523415517E-13,-2.07563288526379));
#5304=CARTESIAN_POINT('Ctrl Pts',(1.17946280553995,-0.00045790177326322,
-24.8256328852638));
#5305=CARTESIAN_POINT('Ctrl Pts',(1.17958911040376,-0.0259275431716205,
-24.8273608360652));
#5306=CARTESIAN_POINT('Ctrl Pts',(1.16729594925719,-0.44131154233026,-24.8555503829123));
#5307=CARTESIAN_POINT('Ctrl Pts',(0.677223841311277,-1.21620261521219,-24.910201525805));
#5308=CARTESIAN_POINT('Ctrl Pts',(-0.654520756820139,-1.22856970147445,
-24.989586313942));
#5309=CARTESIAN_POINT('Ctrl Pts',(-1.38716705943027,-0.116397945518313,
-25.0689711020789));
#5310=CARTESIAN_POINT('Ctrl Pts',(-0.850106615159927,1.10231559698235,-25.1483558902159));
#5311=CARTESIAN_POINT('Ctrl Pts',(0.465076476630452,1.31205365872545,-25.2277406783529));
#5312=CARTESIAN_POINT('Ctrl Pts',(1.12719195889987,0.574214037677289,-25.2868330100355));
#5313=CARTESIAN_POINT('Ctrl Pts',(1.17858375227187,0.0923525516316944,-25.3194637456725));
#5314=CARTESIAN_POINT('Ctrl Pts',(1.17774558682626,0.00107573164249567,
-25.3256328852638));
#5315=CARTESIAN_POINT('Ctrl Pts',(1.1774693992014,0.00107215692546137,-24.9243671147361));
#5316=CARTESIAN_POINT('Ctrl Pts',(1.17486014850309,-0.290138386103247,-24.9440374267557));
#5317=CARTESIAN_POINT('Ctrl Pts',(0.918750185031641,-0.977201220302859,
-24.990169334821));
#5318=CARTESIAN_POINT('Ctrl Pts',(-0.233225145126647,-1.37236547824538,
-25.0627628389319));
#5319=CARTESIAN_POINT('Ctrl Pts',(-1.2794938541868,-0.548339722522682,-25.142147627069));
#5320=CARTESIAN_POINT('Ctrl Pts',(-1.15461164223235,0.777594322136769,-25.2215324152058));
#5321=CARTESIAN_POINT('Ctrl Pts',(0.0271138548934158,1.39177793238527,-25.3009172033429));
#5322=CARTESIAN_POINT('Ctrl Pts',(1.0124453436825,0.829878129986201,-25.3685287698529));
#5323=CARTESIAN_POINT('Ctrl Pts',(1.17533362442723,0.217831861795192,-25.4096787403174));
#5324=CARTESIAN_POINT('Ctrl Pts',(1.17591347049802,-0.000349250747606715,
-25.4243671147361));
#5325=CARTESIAN_POINT('Origin',(0.,0.,-2.07563288526379));
#5326=CARTESIAN_POINT('',(1.17638746215218,-0.000787039631767652,-24.3256328852638));
#5327=CARTESIAN_POINT('',(1.17958742128085,-0.000299621752686136,-24.4243671147361));
#5328=CARTESIAN_POINT('',(1.17775,8.67796523415517E-13,-2.07563288526379));
#5329=CARTESIAN_POINT('Ctrl Pts',(1.17638746215218,-0.000787039631767565,
-24.3256328852638));
#5330=CARTESIAN_POINT('Ctrl Pts',(1.17726453021452,-0.143613206763595,-24.3352579264579));
#5331=CARTESIAN_POINT('Ctrl Pts',(1.08703971437278,-0.678033270878648,-24.3713445636977));
#5332=CARTESIAN_POINT('Ctrl Pts',(0.290677974545189,-1.3613549307964,-24.4338927969831));
#5333=CARTESIAN_POINT('Ctrl Pts',(-0.986110554833341,-0.982530867777514,
-24.5132775851201));
#5334=CARTESIAN_POINT('Ctrl Pts',(-1.36028882099222,0.295626886417589,-24.5926623732571));
#5335=CARTESIAN_POINT('Ctrl Pts',(-0.489362626244022,1.3031903746287,-24.6720471613941));
#5336=CARTESIAN_POINT('Ctrl Pts',(0.800781588971665,1.12194584922786,-24.7497039987296));
#5337=CARTESIAN_POINT('Ctrl Pts',(1.17765489544694,0.364110970403516,-24.8008992400195));
#5338=CARTESIAN_POINT('Ctrl Pts',(1.17946280553995,-0.00045790177326322,
-24.8256328852638));
#5339=CARTESIAN_POINT('Ctrl Pts',(1.17958742128085,-0.000299621752686125,
-24.4243671147361));
#5340=CARTESIAN_POINT('Ctrl Pts',(1.17964298458797,-0.016594394263671,-24.4254729211028));
#5341=CARTESIAN_POINT('Ctrl Pts',(1.17195408008506,-0.422764290878361,-24.4530403235151));
#5342=CARTESIAN_POINT('Ctrl Pts',(0.705560142526899,-1.19998577469734,-24.5070693219731));
#5343=CARTESIAN_POINT('Ctrl Pts',(-0.625528153144017,-1.24358172382147,
-24.5864541101101));
#5344=CARTESIAN_POINT('Ctrl Pts',(-1.38405576766894,-0.148897972386715,
-24.6658388982471));
#5345=CARTESIAN_POINT('Ctrl Pts',(-0.875724474089518,1.08207560719164,-24.745223686384));
#5346=CARTESIAN_POINT('Ctrl Pts',(0.434178097874059,1.32259984633491,-24.824608474521));
#5347=CARTESIAN_POINT('Ctrl Pts',(1.12056664387378,0.59288856999693,-24.8843229506384));
#5348=CARTESIAN_POINT('Ctrl Pts',(1.17837025743738,0.101614207662301,-24.9175758307101));
#5349=CARTESIAN_POINT('Ctrl Pts',(1.1774693992014,0.00107215692546137,-24.9243671147361));
#5350=CARTESIAN_POINT('Origin',(0.,0.,-2.07563288526379));
#5351=CARTESIAN_POINT('',(1.17661080139155,0.000892483843341269,-23.8256328852638));
#5352=CARTESIAN_POINT('',(1.17658889582317,-0.00088359754907702,-23.9243671147361));
#5353=CARTESIAN_POINT('',(1.17775,8.67796523415517E-13,-2.07563288526379));
#5354=CARTESIAN_POINT('Ctrl Pts',(1.17661080139155,0.000892483843341306,
-23.8256328852638));
#5355=CARTESIAN_POINT('Ctrl Pts',(1.17477794488685,-0.258994686141716,-23.8431550168506));
#5356=CARTESIAN_POINT('Ctrl Pts',(0.961759231565477,-0.914088279985566,
-23.8871387444831));
#5357=CARTESIAN_POINT('Ctrl Pts',(-0.12144188073553,-1.38673458242476,-23.9575840681613));
#5358=CARTESIAN_POINT('Ctrl Pts',(-1.23094187022346,-0.65004849405265,-24.0369688562982));
#5359=CARTESIAN_POINT('Ctrl Pts',(-1.21373171545351,0.681642322183434,-24.1163536444352));
#5360=CARTESIAN_POINT('Ctrl Pts',(-0.0855642772492666,1.38940983404759,
-24.1957384325722));
#5361=CARTESIAN_POINT('Ctrl Pts',(0.974641219982785,0.893799187903018,-24.265498179515));
#5362=CARTESIAN_POINT('Ctrl Pts',(1.17485325525974,0.249050914164895,-24.3087963304122));
#5363=CARTESIAN_POINT('Ctrl Pts',(1.17638746215218,-0.000787039631767565,
-24.3256328852638));
#5364=CARTESIAN_POINT('Ctrl Pts',(1.17658889582317,-0.000883597549077055,
-23.9243671147361));
#5365=CARTESIAN_POINT('Ctrl Pts',(1.17752009958334,-0.134420267830439,-23.9333700114955));
#5366=CARTESIAN_POINT('Ctrl Pts',(1.09488253784096,-0.659334030955702,-23.9688345043006));
#5367=CARTESIAN_POINT('Ctrl Pts',(0.322524719708868,-1.35416349802203,-24.0307605931513));
#5368=CARTESIAN_POINT('Ctrl Pts',(-0.962796892296934,-1.00538704904226,
-24.1101453812883));
#5369=CARTESIAN_POINT('Ctrl Pts',(-1.36684778660915,0.263643893235203,-24.1895301694252));
#5370=CARTESIAN_POINT('Ctrl Pts',(-0.519790643992387,1.29135535799273,-24.2689149575622));
#5371=CARTESIAN_POINT('Ctrl Pts',(0.78461646303937,1.13920809247019,-24.3471939393325));
#5372=CARTESIAN_POINT('Ctrl Pts',(1.17831337225062,0.37333434989664,-24.3990113250571));
#5373=CARTESIAN_POINT('Ctrl Pts',(1.17958742128085,-0.000299621752686125,
-24.4243671147361));
#5374=CARTESIAN_POINT('Origin',(0.,0.,-2.07563288526379));
#5375=CARTESIAN_POINT('',(1.17959742541995,0.000282929333914262,-23.3256328852638));
#5376=CARTESIAN_POINT('',(1.17640683615628,0.000797633604856587,-23.4243671147361));
#5377=CARTESIAN_POINT('',(1.17775,8.67796523415517E-13,-2.07563288526379));
#5378=CARTESIAN_POINT('Ctrl Pts',(1.17959742541995,0.000282929333914252,
-23.3256328852638));
#5379=CARTESIAN_POINT('Ctrl Pts',(1.17838488994709,-0.374277247062432,-23.3510521072434));
#5380=CARTESIAN_POINT('Ctrl Pts',(0.782947278562465,-1.14096034450672,-23.4029329252686));
#5381=CARTESIAN_POINT('Ctrl Pts',(-0.522877220727505,-1.29010865609593,
-23.4812753393394));
#5382=CARTESIAN_POINT('Ctrl Pts',(-1.3674743256791,-0.260374540033867,-23.5606601274764));
#5383=CARTESIAN_POINT('Ctrl Pts',(-0.960389907704559,1.00768653740565,-23.6400449156134));
#5384=CARTESIAN_POINT('Ctrl Pts',(0.325762058160911,1.35338834558013,-23.7194297037504));
#5385=CARTESIAN_POINT('Ctrl Pts',(1.09566664733516,0.657427522715302,-23.7812923603005));
#5386=CARTESIAN_POINT('Ctrl Pts',(1.17754589056725,0.133482066787078,-23.816693420805));
#5387=CARTESIAN_POINT('Ctrl Pts',(1.17661080139155,0.000892483843341306,
-23.8256328852638));
#5388=CARTESIAN_POINT('Ctrl Pts',(1.17640683615628,0.000797633604856605,
-23.4243671147361));
#5389=CARTESIAN_POINT('Ctrl Pts',(1.17484450445684,-0.249971231976558,-23.4412671018882));
#5390=CARTESIAN_POINT('Ctrl Pts',(0.973466182923005,-0.895678989176487,
-23.484628685086));
#5391=CARTESIAN_POINT('Ctrl Pts',(-0.0888865836361746,-1.38920126311778,
-23.5544518643294));
#5392=CARTESIAN_POINT('Ctrl Pts',(-1.21535829611054,-0.678737936374442,
-23.6338366524664));
#5393=CARTESIAN_POINT('Ctrl Pts',(-1.22938387748764,0.652990241865834,-23.7132214406033));
#5394=CARTESIAN_POINT('Ctrl Pts',(-0.118125382126858,1.38702104104297,-23.7926062287404));
#5395=CARTESIAN_POINT('Ctrl Pts',(0.962968042094126,0.912213708016503,-23.8629881201179));
#5396=CARTESIAN_POINT('Ctrl Pts',(1.17478307633445,0.2580748946384,-23.9069084154498));
#5397=CARTESIAN_POINT('Ctrl Pts',(1.17658889582317,-0.000883597549077055,
-23.9243671147361));
#5398=CARTESIAN_POINT('Origin',(0.,0.,-2.07563288526379));
#5399=CARTESIAN_POINT('',(1.17744162566662,-0.00107050628882601,-22.8256328852638));
#5400=CARTESIAN_POINT('',(1.17947759988548,0.000442276258514175,-22.9243671147361));
#5401=CARTESIAN_POINT('',(1.17775,8.67796523415517E-13,-2.07563288526379));
#5402=CARTESIAN_POINT('Ctrl Pts',(1.17744162566662,-0.00107050628882594,
-22.8256328852638));
#5403=CARTESIAN_POINT('Ctrl Pts',(1.17834771234687,-0.102557736229195,-22.8324876015904));
#5404=CARTESIAN_POINT('Ctrl Pts',(1.11987660486371,-0.594793125902486,-22.8658039139627));
#5405=CARTESIAN_POINT('Ctrl Pts',(0.43101406706571,-1.32363431750649,-22.9255818223806));
#5406=CARTESIAN_POINT('Ctrl Pts',(-0.878309570439984,-1.07997834745097,
-23.0049666105176));
#5407=CARTESIAN_POINT('Ctrl Pts',(-1.38369572986321,0.152207291703396,-23.0843513986546));
#5408=CARTESIAN_POINT('Ctrl Pts',(-0.62255253228261,1.24507400464304,-23.1637361867916));
#5409=CARTESIAN_POINT('Ctrl Pts',(0.708427690444357,1.19829509716974,-23.2431209749285));
#5410=CARTESIAN_POINT('Ctrl Pts',(1.17241630701511,0.420874335214685,-23.2970865410859));
#5411=CARTESIAN_POINT('Ctrl Pts',(1.17964714824515,0.0156426368176508,-23.3245905111977));
#5412=CARTESIAN_POINT('Ctrl Pts',(1.17959742541995,0.000282929333914252,
-23.3256328852638));
#5413=CARTESIAN_POINT('Ctrl Pts',(1.17947759988548,0.00044227625851418,
-22.9243671147361));
#5414=CARTESIAN_POINT('Ctrl Pts',(1.17771850407359,-0.365049406230264,-22.9491641922809));
#5415=CARTESIAN_POINT('Ctrl Pts',(0.799150532230411,-1.12371206855245,-23.0004228658714));
#5416=CARTESIAN_POINT('Ctrl Pts',(-0.492477602446156,-1.30201643049826,
-23.0781431355076));
#5417=CARTESIAN_POINT('Ctrl Pts',(-1.36099189036251,-0.292373132428451,
-23.1575279236446));
#5418=CARTESIAN_POINT('Ctrl Pts',(-0.983758181384607,0.984886193809923,
-23.2369127117815));
#5419=CARTESIAN_POINT('Ctrl Pts',(0.293932607878903,1.36065594336851,-23.3162974999185));
#5420=CARTESIAN_POINT('Ctrl Pts',(1.0878520672447,0.676126768048166,-23.3787823009034));
#5421=CARTESIAN_POINT('Ctrl Pts',(1.1772907660988,0.142676665451941,-23.4148055058426));
#5422=CARTESIAN_POINT('Ctrl Pts',(1.17640683615628,0.000797633604856605,
-23.4243671147361));
#5423=CARTESIAN_POINT('Origin',(0.,0.,-2.07563288526379));
#5424=CARTESIAN_POINT('',(1.17592198176667,0.000363874826726973,-22.3256328852638));
#5425=CARTESIAN_POINT('',(1.17771719149293,-0.00107642423055138,-22.4243671147361));
#5426=CARTESIAN_POINT('',(1.17775,8.67796523415517E-13,-2.07563288526379));
#5427=CARTESIAN_POINT('Ctrl Pts',(1.17592198176667,0.000363874826726941,
-22.3256328852638));
#5428=CARTESIAN_POINT('Ctrl Pts',(1.17531499736379,-0.218755492581038,-22.3403846919831));
#5429=CARTESIAN_POINT('Ctrl Pts',(1.01138360122664,-0.831771893319804,-22.3815980947481));
#5430=CARTESIAN_POINT('Ctrl Pts',(0.0237855641052174,-1.39183877637807,
-22.4492730935588));
#5431=CARTESIAN_POINT('Ctrl Pts',(-1.15646782017331,-0.774831022477125,
-22.5286578816957));
#5432=CARTESIAN_POINT('Ctrl Pts',(-1.27817891580538,0.551397852444079,-22.6080426698328));
#5433=CARTESIAN_POINT('Ctrl Pts',(-0.229942684555941,1.37291925993795,-22.6874274579697));
#5434=CARTESIAN_POINT('Ctrl Pts',(0.920078598705726,0.975349073669206,-22.7599575297801));
#5435=CARTESIAN_POINT('Ctrl Pts',(1.17484990170486,0.289218371565056,-22.8060260055448));
#5436=CARTESIAN_POINT('Ctrl Pts',(1.17744162566662,-0.00107050628882594,
-22.8256328852638));
#5437=CARTESIAN_POINT('Ctrl Pts',(1.17771719149293,-0.00107642423055144,
-22.4243671147361));
#5438=CARTESIAN_POINT('Ctrl Pts',(1.17856264693517,-0.0932974582340093,
-22.430599686628));
#5439=CARTESIAN_POINT('Ctrl Pts',(1.1265282433836,-0.576117572756212,-22.4632938545655));
#5440=CARTESIAN_POINT('Ctrl Pts',(0.461937586596652,-1.31316207693027,-22.5224496185487));
#5441=CARTESIAN_POINT('Ctrl Pts',(-0.852740204067345,-1.10027956382264,
-22.6018344066857));
#5442=CARTESIAN_POINT('Ctrl Pts',(-1.38688476113127,0.119714800841044,-22.6812191948227));
#5443=CARTESIAN_POINT('Ctrl Pts',(-0.651580965610013,1.2301313830048,-22.7606039829597));
#5444=CARTESIAN_POINT('Ctrl Pts',(0.680130265158305,1.21457967898952,-22.8399887710967));
#5445=CARTESIAN_POINT('Ctrl Pts',(1.16778128696295,0.439419640340579,-22.8945764816888));
#5446=CARTESIAN_POINT('Ctrl Pts',(1.17959568023258,0.0249761216805663,-22.9227025962353));
#5447=CARTESIAN_POINT('Ctrl Pts',(1.17947759988548,0.00044227625851418,
-22.9243671147361));
#5448=CARTESIAN_POINT('Origin',(0.,0.,-2.07563288526379));
#5449=CARTESIAN_POINT('',(1.17877491350714,0.000879547560895094,-21.8256328852638));
#5450=CARTESIAN_POINT('',(1.17585378743709,0.000217751653353929,-21.9243671147361));
#5451=CARTESIAN_POINT('',(1.17775,8.67796523415517E-13,-2.07563288526379));
#5452=CARTESIAN_POINT('Ctrl Pts',(1.17877491350714,0.00087954756089509,
-21.8256328852638));
#5453=CARTESIAN_POINT('Ctrl Pts',(1.17598755490542,-0.33347274250403,-21.8482817823759));
#5454=CARTESIAN_POINT('Ctrl Pts',(0.852250373517384,-1.06318125000487,-21.8973922755336));
#5455=CARTESIAN_POINT('Ctrl Pts',(-0.385535604266803,-1.33758858784456,
-21.9729643647369));
#5456=CARTESIAN_POINT('Ctrl Pts',(-1.33287947284517,-0.401513690124437,
-22.0523491528739));
#5457=CARTESIAN_POINT('Ctrl Pts',(-1.06020730374083,0.902076163959547,-22.1317339410109));
#5458=CARTESIAN_POINT('Ctrl Pts',(0.182897631554383,1.3799744160169,-22.2111187291478));
#5459=CARTESIAN_POINT('Ctrl Pts',(1.05869939255175,0.740665204916103,-22.2757517105655));
#5460=CARTESIAN_POINT('Ctrl Pts',(1.17640379796839,0.174297934462948,-22.3139230959375));
#5461=CARTESIAN_POINT('Ctrl Pts',(1.17592198176667,0.000363874826726941,
-22.3256328852638));
#5462=CARTESIAN_POINT('Ctrl Pts',(1.17585378743709,0.000217751653354015,
-21.9243671147361));
#5463=CARTESIAN_POINT('Ctrl Pts',(1.17550700882051,-0.209690842507896,-21.9384967770207));
#5464=CARTESIAN_POINT('Ctrl Pts',(1.02165641340774,-0.813184290857486,-21.979088035351));
#5465=CARTESIAN_POINT('Ctrl Pts',(0.0564206237947073,-1.39089815853253,
-22.0461408897269));
#5466=CARTESIAN_POINT('Ctrl Pts',(-1.13797831090551,-0.801739570002116,
-22.1255256778639));
#5467=CARTESIAN_POINT('Ctrl Pts',(-1.29075884114774,0.521270168144597,-22.2049104660008));
#5468=CARTESIAN_POINT('Ctrl Pts',(-0.262077341954156,1.36714901932189,-22.2842952541378));
#5469=CARTESIAN_POINT('Ctrl Pts',(0.906893378955998,0.993480667412375,-22.3574474703829));
#5470=CARTESIAN_POINT('Ctrl Pts',(1.17497310143531,0.298244876302097,-22.4041380905824));
#5471=CARTESIAN_POINT('Ctrl Pts',(1.17771719149293,-0.00107642423055144,
-22.4243671147361));
#5472=CARTESIAN_POINT('Origin',(0.,0.,-2.07563288526379));
#5473=CARTESIAN_POINT('',(1.17866384628393,-0.000918685761175068,-21.3256328852638));
#5474=CARTESIAN_POINT('',(1.17851604072055,0.00096303468633336,-21.4243671147361));
#5475=CARTESIAN_POINT('',(1.17775,8.67796523415517E-13,-2.07563288526379));
#5476=CARTESIAN_POINT('Ctrl Pts',(1.17866384628393,-0.000918685761175176,
-21.3256328852638));
#5477=CARTESIAN_POINT('Ctrl Pts',(1.17918156324106,-0.0612289273457999,
-21.3297172767229));
#5478=CARTESIAN_POINT('Ctrl Pts',(1.14755205318982,-0.511727365973912,-21.3602632642277));
#5479=CARTESIAN_POINT('Ctrl Pts',(0.566653162477603,-1.27148933379069,-21.4172708477781));
#5480=CARTESIAN_POINT('Ctrl Pts',(-0.760937164072234,-1.16565670968045,
-21.4966556359151));
#5481=CARTESIAN_POINT('Ctrl Pts',(-1.39202374609726,0.00712901050151429,
-21.576040424052));
#5482=CARTESIAN_POINT('Ctrl Pts',(-0.748958141316787,1.17338937912556,-21.655425212189));
#5483=CARTESIAN_POINT('Ctrl Pts',(0.579646525753419,1.26561875684242,-21.734810000326));
#5484=CARTESIAN_POINT('Ctrl Pts',(1.15000189444132,0.503595967193906,-21.7915458913509));
#5485=CARTESIAN_POINT('Ctrl Pts',(1.17924413543507,0.0571641698749007,-21.8218201863302));
#5486=CARTESIAN_POINT('Ctrl Pts',(1.17877491350714,0.00087954756089509,
-21.8256328852638));
#5487=CARTESIAN_POINT('Ctrl Pts',(1.17851604072055,0.000963034686333282,
-21.4243671147361));
#5488=CARTESIAN_POINT('Ctrl Pts',(1.17563905871536,-0.324390495398244,-21.4463938674134));
#5489=CARTESIAN_POINT('Ctrl Pts',(0.866815613267814,-1.04539915250154,-21.4948822161365));
#5490=CARTESIAN_POINT('Ctrl Pts',(-0.354060252723677,-1.34626234874181,
-21.569832160905));
#5491=CARTESIAN_POINT('Ctrl Pts',(-1.32309653663275,-0.432662141802324,
-21.649216949042));
#5492=CARTESIAN_POINT('Ctrl Pts',(-1.08107133525334,0.876963934430671,-21.728601737179));
#5493=CARTESIAN_POINT('Ctrl Pts',(0.150483972755115,1.3838842249778,-21.807986525316));
#5494=CARTESIAN_POINT('Ctrl Pts',(1.04961033318847,0.759335805520789,-21.8732416511683));
#5495=CARTESIAN_POINT('Ctrl Pts',(1.1761564451258,0.183419503183883,-21.9120351809751));
#5496=CARTESIAN_POINT('Ctrl Pts',(1.17585378743709,0.000217751653354015,
-21.9243671147361));
#5497=CARTESIAN_POINT('Origin',(0.,0.,-2.07563288526379));
#5498=CARTESIAN_POINT('',(1.17588796366605,-0.000300760433529905,-20.8256328852638));
#5499=CARTESIAN_POINT('',(1.17891267716904,-0.000823139559384817,-20.9243671147361));
#5500=CARTESIAN_POINT('',(1.17775,8.67796523415517E-13,-2.07563288526379));
#5501=CARTESIAN_POINT('Ctrl Pts',(1.17588796366605,-0.000300760433529987,
-20.8256328852638));
#5502=CARTESIAN_POINT('Ctrl Pts',(1.17629478179656,-0.178283322379751,-20.8376143671156));
#5503=CARTESIAN_POINT('Ctrl Pts',(1.05476654924797,-0.74882039875923,-20.8760574450131));
#5504=CARTESIAN_POINT('Ctrl Pts',(0.168753804584989,-1.38177533844235,-20.9409621189563));
#5505=CARTESIAN_POINT('Ctrl Pts',(-1.06939110486796,-0.891169791520473,
-21.0203469070932));
#5506=CARTESIAN_POINT('Ctrl Pts',(-1.32869709821909,0.415144497342264,-21.0997316952302));
#5507=CARTESIAN_POINT('Ctrl Pts',(-0.371815280087513,1.34146723030524,-21.1791164833672));
#5508=CARTESIAN_POINT('Ctrl Pts',(0.858655503060942,1.05542846328387,-21.2544168800451));
#5509=CARTESIAN_POINT('Ctrl Pts',(1.17582742416731,0.32950375981371,-21.3032556806772));
#5510=CARTESIAN_POINT('Ctrl Pts',(1.17866384628393,-0.000918685761175176,
-21.3256328852638));
#5511=CARTESIAN_POINT('Ctrl Pts',(1.17891267716904,-0.000823139559384782,
-20.9243671147361));
#5512=CARTESIAN_POINT('Ctrl Pts',(1.17931911316829,-0.0519186697029921,
-20.9278293617605));
#5513=CARTESIAN_POINT('Ctrl Pts',(1.15309418482926,-0.493112025755181,-20.9577532048305));
#5514=CARTESIAN_POINT('Ctrl Pts',(0.596316465792656,-1.25785040717214,-21.0141386439462));
#5515=CARTESIAN_POINT('Ctrl Pts',(-0.733390737297777,-1.18318172764981,
-21.0935234320832));
#5516=CARTESIAN_POINT('Ctrl Pts',(-1.39180809039051,-0.0255188895149168,
-21.1729082202202));
#5517=CARTESIAN_POINT('Ctrl Pts',(-0.776270651435658,1.15550199044321,-21.2522930083571));
#5518=CARTESIAN_POINT('Ctrl Pts',(0.549805634900734,1.2788646285006,-21.3316777964942));
#5519=CARTESIAN_POINT('Ctrl Pts',(1.14432375633986,0.522220392027918,-21.3890358319538));
#5520=CARTESIAN_POINT('Ctrl Pts',(1.17909528927132,0.0664693744723061,-21.4199322713678));
#5521=CARTESIAN_POINT('Ctrl Pts',(1.17851604072055,0.000963034686333282,
-21.4243671147361));
#5522=CARTESIAN_POINT('Origin',(0.,0.,-2.07563288526379));
#5523=CARTESIAN_POINT('',(1.17756113343571,0.00107591318933173,-20.3256328852638));
#5524=CARTESIAN_POINT('',(1.17597539503267,-0.000443273928569798,-20.4243671147361));
#5525=CARTESIAN_POINT('',(1.17775,8.67796523415517E-13,-2.07563288526379));
#5526=CARTESIAN_POINT('Ctrl Pts',(1.1775611334357,0.00107591318933177,-20.3256328852638));
#5527=CARTESIAN_POINT('Ctrl Pts',(1.17489740170587,-0.293159400892017,-20.3455114575083));
#5528=CARTESIAN_POINT('Ctrl Pts',(0.914363359057059,-0.983276645374239,
-20.3918516257985));
#5529=CARTESIAN_POINT('Ctrl Pts',(-0.243992594494758,-1.37049208181626,
-20.4646533901344));
#5530=CARTESIAN_POINT('Ctrl Pts',(-1.28375950004792,-0.538277324922844,
-20.5440381782714));
#5531=CARTESIAN_POINT('Ctrl Pts',(-1.1484710382596,0.78663537091101,-20.6234229664084));
#5532=CARTESIAN_POINT('Ctrl Pts',(0.038040068964114,1.39152214701835,-20.7028077545453));
#5533=CARTESIAN_POINT('Ctrl Pts',(1.01590824118565,0.823658253364539,-20.7702110608305));
#5534=CARTESIAN_POINT('Ctrl Pts',(1.17539630720329,0.214798494680726,-20.81115277107));
#5535=CARTESIAN_POINT('Ctrl Pts',(1.17588796366605,-0.000300760433529987,
-20.8256328852638));
#5536=CARTESIAN_POINT('Ctrl Pts',(1.17597539503267,-0.000443273928569937,
-20.4243671147361));
#5537=CARTESIAN_POINT('Ctrl Pts',(1.17654625792721,-0.169152678931757,-20.4357264521532));
#5538=CARTESIAN_POINT('Ctrl Pts',(1.06368964112415,-0.730142620208725,-20.473547385616));
#5539=CARTESIAN_POINT('Ctrl Pts',(0.201112984687913,-1.37743767248775,-20.5378299151244));
#5540=CARTESIAN_POINT('Ctrl Pts',(-1.04819715078683,-0.91600420702142,-20.6172147032614));
#5541=CARTESIAN_POINT('Ctrl Pts',(-1.33806769651119,0.383869526990324,-20.6965994913983));
#5542=CARTESIAN_POINT('Ctrl Pts',(-0.403173300988361,1.33237842356018,-20.7759842795353));
#5543=CARTESIAN_POINT('Ctrl Pts',(0.843886272720098,1.07315127436788,-20.8519068206479));
#5544=CARTESIAN_POINT('Ctrl Pts',(1.17621276484744,0.338599184418728,-20.9013677657149));
#5545=CARTESIAN_POINT('Ctrl Pts',(1.17891267716904,-0.000823139559384782,
-20.9243671147361));
#5546=CARTESIAN_POINT('Origin',(0.,0.,-2.07563288526379));
#5547=CARTESIAN_POINT('',(1.17955090486896,-0.000353770162023766,-19.8256328852638));
#5548=CARTESIAN_POINT('',(1.17729011736018,0.00105717455805433,-19.9243671147361));
#5549=CARTESIAN_POINT('',(1.17775,8.67796523415517E-13,-2.07563288526379));
#5550=CARTESIAN_POINT('Ctrl Pts',(1.17955090486896,-0.000353770162023837,
-19.8256328852638));
#5551=CARTESIAN_POINT('Ctrl Pts',(1.17962754259457,-0.0197189921564173,
-19.8269469518554));
#5552=CARTESIAN_POINT('Ctrl Pts',(1.1704199914932,-0.428970765821645,-19.8547226144927));
#5553=CARTESIAN_POINT('Ctrl Pts',(0.696117127031631,-1.20548823218752,-19.9089598731756));
#5554=CARTESIAN_POINT('Ctrl Pts',(-0.635272407332331,-1.23863227027699,
-19.9883446613126));
#5555=CARTESIAN_POINT('Ctrl Pts',(-1.38518211472564,-0.138026959444794,
-20.0677294494495));
#5556=CARTESIAN_POINT('Ctrl Pts',(-0.867201941971587,1.0889176848275,-20.1471142375865));
#5557=CARTESIAN_POINT('Ctrl Pts',(0.444548634385811,1.3191502735303,-20.2264990257235));
#5558=CARTESIAN_POINT('Ctrl Pts',(1.12281315475386,0.58663621668328,-20.2860052416159));
#5559=CARTESIAN_POINT('Ctrl Pts',(1.17844325963479,0.0985154099448772,-20.3190498614627));
#5560=CARTESIAN_POINT('Ctrl Pts',(1.1775611334357,0.00107591318933177,-20.3256328852638));
#5561=CARTESIAN_POINT('Ctrl Pts',(1.17729011736018,0.00105717455805432,
-19.9243671147361));
#5562=CARTESIAN_POINT('Ctrl Pts',(1.17480254914698,-0.284136423198905,-19.9436235425459));
#5563=CARTESIAN_POINT('Ctrl Pts',(0.927353153048112,-0.965102718774855,
-19.9893415664014));
#5564=CARTESIAN_POINT('Ctrl Pts',(-0.211784513889635,-1.37583730647017,
-20.0615211863025));
#5565=CARTESIAN_POINT('Ctrl Pts',(-1.27078267297077,-0.568236194091698,
-20.1409059744395));
#5566=CARTESIAN_POINT('Ctrl Pts',(-1.16660346078952,0.759484917211963,-20.2202907625765));
#5567=CARTESIAN_POINT('Ctrl Pts',(0.00539543109707344,1.39203155981531,
-20.2996755507135));
#5568=CARTESIAN_POINT('Ctrl Pts',(1.00545862441888,0.842228582739651,-20.3677010014334));
#5569=CARTESIAN_POINT('Ctrl Pts',(1.17521643183278,0.223856170121387,-20.4092648561076));
#5570=CARTESIAN_POINT('Ctrl Pts',(1.17597539503267,-0.000443273928569937,
-20.4243671147361));
#5571=CARTESIAN_POINT('Origin',(0.,0.,-2.07563288526379));
#5572=CARTESIAN_POINT('',(1.17651866639036,-0.000853141628752768,-19.3256328852638));
#5573=CARTESIAN_POINT('',(1.17964304316526,-0.000189295645991877,-19.4243671147361));
#5574=CARTESIAN_POINT('',(1.17775,8.67796523415517E-13,-2.07563288526379));
#5575=CARTESIAN_POINT('Ctrl Pts',(1.17651866639036,-0.00085314162875277,
-19.3256328852638));
#5576=CARTESIAN_POINT('Ctrl Pts',(1.17743500002684,-0.137499373901442,-19.3348440422481));
#5577=CARTESIAN_POINT('Ctrl Pts',(1.09228799420939,-0.665593506432292,-19.3705167952781));
#5578=CARTESIAN_POINT('Ctrl Pts',(0.311883042134744,-1.35665393543016,-19.4326511443537));
#5579=CARTESIAN_POINT('Ctrl Pts',(-0.970660647118254,-0.997796993694272,
-19.5120359324907));
#5580=CARTESIAN_POINT('Ctrl Pts',(-1.36473573830373,0.274367084552684,-19.5914207206277));
#5581=CARTESIAN_POINT('Ctrl Pts',(-0.509636000218858,1.29539649519763,-19.6708055087647));
#5582=CARTESIAN_POINT('Ctrl Pts',(0.790069286495954,1.13344485121695,-19.74887623031));
#5583=CARTESIAN_POINT('Ctrl Pts',(1.17808427488654,0.370241977116986,-19.8004853558098));
#5584=CARTESIAN_POINT('Ctrl Pts',(1.17955090486896,-0.000353770162023837,
-19.8256328852638));
#5585=CARTESIAN_POINT('Ctrl Pts',(1.17964304316526,-0.000189295645991946,
-19.4243671147361));
#5586=CARTESIAN_POINT('Ctrl Pts',(1.17966581235859,-0.0103839284729942,
-19.425059036893));
#5587=CARTESIAN_POINT('Ctrl Pts',(1.17492813650411,-0.410436346894765,-19.4522125550955));
#5588=CARTESIAN_POINT('Ctrl Pts',(0.724196956816124,-1.18883125040387,-19.5058276693437));
#5589=CARTESIAN_POINT('Ctrl Pts',(-0.606049108703921,-1.25319011009413,
-19.5852124574807));
#5590=CARTESIAN_POINT('Ctrl Pts',(-1.38156412216282,-0.170474486510537,
-19.6645972456177));
#5591=CARTESIAN_POINT('Ctrl Pts',(-0.89250088945237,1.0682804578037,-19.7439820337547));
#5592=CARTESIAN_POINT('Ctrl Pts',(0.413489470550159,1.32921308748549,-19.8233668218916));
#5593=CARTESIAN_POINT('Ctrl Pts',(1.11601546602722,0.605317142459382,-19.8834951822188));
#5594=CARTESIAN_POINT('Ctrl Pts',(1.17822088954967,0.107767924439674,-19.9171619465003));
#5595=CARTESIAN_POINT('Ctrl Pts',(1.17729011736018,0.00105717455805432,
-19.9243671147361));
#5596=CARTESIAN_POINT('Origin',(0.,0.,-2.07563288526379));
#5597=CARTESIAN_POINT('',(1.1764723093667,0.000831248837607376,-18.8256328852638));
#5598=CARTESIAN_POINT('',(1.17673616475529,-0.000938174936858799,-18.9243671147361));
#5599=CARTESIAN_POINT('',(1.17775,8.67796523415517E-13,-2.07563288526379));
#5600=CARTESIAN_POINT('Ctrl Pts',(1.1764723093667,0.000831248837607317,
-18.8256328852638));
#5601=CARTESIAN_POINT('Ctrl Pts',(1.17481823692894,-0.252992363777577,-18.8427411326408));
#5602=CARTESIAN_POINT('Ctrl Pts',(0.969584182182562,-0.901847101793274,
-18.8863109760635));
#5603=CARTESIAN_POINT('Ctrl Pts',(-0.099790663359291,-1.38846057055851,
-18.9563424155319));
#5604=CARTESIAN_POINT('Ctrl Pts',(-1.22064969461976,-0.669175055956266,
-19.0357272036689));
#5605=CARTESIAN_POINT('Ctrl Pts',(-1.22421925284953,0.66262218001054,-19.1151119918058));
#5606=CARTESIAN_POINT('Ctrl Pts',(-0.1072320371587,1.38790569661492,-19.1944967799428));
#5607=CARTESIAN_POINT('Ctrl Pts',(0.966912444751316,0.90605521009259,-19.2646704110955));
#5608=CARTESIAN_POINT('Ctrl Pts',(1.17480257821785,0.255054721715108,-19.3083824462025));
#5609=CARTESIAN_POINT('Ctrl Pts',(1.17651866639036,-0.00085314162875277,
-19.3256328852638));
#5610=CARTESIAN_POINT('Ctrl Pts',(1.17673616475529,-0.000938174936858816,
-18.9243671147361));
#5611=CARTESIAN_POINT('Ctrl Pts',(1.17768736681228,-0.128295688479577,-18.9329561272857));
#5612=CARTESIAN_POINT('Ctrl Pts',(1.09994749476923,-0.646894822420501,-18.968006735881));
#5613=CARTESIAN_POINT('Ctrl Pts',(0.343613706885863,-1.34896649129573,-19.0295189405219));
#5614=CARTESIAN_POINT('Ctrl Pts',(-0.946993210386364,-1.02028664290027,
-19.1089037286589));
#5615=CARTESIAN_POINT('Ctrl Pts',(-1.37079489298737,0.242285648684154,-19.1882885167958));
#5616=CARTESIAN_POINT('Ctrl Pts',(-0.539875659038999,1.28308816804449,-19.2676733049328));
#5617=CARTESIAN_POINT('Ctrl Pts',(0.773655035561385,1.15061460536434,-19.3463661709129));
#5618=CARTESIAN_POINT('Ctrl Pts',(1.17879503637591,0.379495558726621,-19.3985974408474));
#5619=CARTESIAN_POINT('Ctrl Pts',(1.17964304316526,-0.000189295645991946,
-19.4243671147361));
#5620=CARTESIAN_POINT('Origin',(0.,0.,-2.07563288526379));
#5621=CARTESIAN_POINT('',(1.17952290240616,0.000390104000951508,-18.3256328852638));
#5622=CARTESIAN_POINT('',(1.17628560946691,0.00072565846631005,-18.4243671147361));
#5623=CARTESIAN_POINT('',(1.17775,8.67796523415517E-13,-2.07563288526379));
#5624=CARTESIAN_POINT('Ctrl Pts',(1.17952290240616,0.000390104000951462,
-18.3256328852638));
#5625=CARTESIAN_POINT('Ctrl Pts',(1.17793290144219,-0.368133506705944,-18.3506382230336));
#5626=CARTESIAN_POINT('Ctrl Pts',(0.79376817478592,-1.12950107077056,-18.402105156849));
#5627=CARTESIAN_POINT('Ctrl Pts',(-0.502684738120678,-1.29810977446051,
-18.48003368671));
#5628=CARTESIAN_POINT('Ctrl Pts',(-1.36324539276454,-0.281678773775418,
-18.559418474847));
#5629=CARTESIAN_POINT('Ctrl Pts',(-0.975995366582495,0.992579456214401,
-18.638803262984));
#5630=CARTESIAN_POINT('Ctrl Pts',(0.304606252293019,1.35830628488326,-18.718188051121));
#5631=CARTESIAN_POINT('Ctrl Pts',(1.09049877739443,0.669867260701051,-18.7804645918809));
#5632=CARTESIAN_POINT('Ctrl Pts',(1.1773766168561,0.139600621105794,-18.8162795365952));
#5633=CARTESIAN_POINT('Ctrl Pts',(1.1764723093667,0.000831248837607317,
-18.8256328852638));
#5634=CARTESIAN_POINT('Ctrl Pts',(1.17628560946691,0.00072565846631012,
-18.4243671147361));
#5635=CARTESIAN_POINT('Ctrl Pts',(1.1749079175482,-0.243965098886729,-18.4408532176784));
#5636=CARTESIAN_POINT('Ctrl Pts',(0.98107166235586,-0.883404821072543,-18.4838009166664));
#5637=CARTESIAN_POINT('Ctrl Pts',(-0.0672008428431814,-1.3904190091191,
-18.5532102117));
#5638=CARTESIAN_POINT('Ctrl Pts',(-1.20462039229263,-0.697617864357921,
-18.632594999837));
#5639=CARTESIAN_POINT('Ctrl Pts',(-1.23942246742572,0.633729375553064,-18.711979787974));
#5640=CARTESIAN_POINT('Ctrl Pts',(-0.139751907538121,1.38500916189678,-18.7913645761109));
#5641=CARTESIAN_POINT('Ctrl Pts',(0.955018283995414,0.924434716826634,-18.8621603516983));
#5642=CARTESIAN_POINT('Ctrl Pts',(1.17475684081241,0.264075734578807,-18.9064945312401));
#5643=CARTESIAN_POINT('Ctrl Pts',(1.17673616475529,-0.000938174936858816,
-18.9243671147361));
#5644=CARTESIAN_POINT('Origin',(0.,0.,-2.07563288526379));
#5645=CARTESIAN_POINT('',(1.17762423329329,-0.00107700340390458,-17.8256328852638));
#5646=CARTESIAN_POINT('',(1.17937336506071,0.000541773774964584,-17.9243671147361));
#5647=CARTESIAN_POINT('',(1.17775,8.67796523415517E-13,-2.07563288526379));
#5648=CARTESIAN_POINT('Ctrl Pts',(1.17762423329329,-0.00107700340390467,
-17.8256328852638));
#5649=CARTESIAN_POINT('Ctrl Pts',(1.1784922358846,-0.0963987990324016,-17.8320737173806));
#5650=CARTESIAN_POINT('Ctrl Pts',(1.12433034625728,-0.582368001436466,-17.8649761455431));
#5651=CARTESIAN_POINT('Ctrl Pts',(0.451613518810907,-1.31674832907302,-17.9243401697512));
#5652=CARTESIAN_POINT('Ctrl Pts',(-0.861352366969526,-1.09355065379038,
-18.0037249578882));
#5653=CARTESIAN_POINT('Ctrl Pts',(-1.38590210319698,0.130599742892347,-18.0831097460252));
#5654=CARTESIAN_POINT('Ctrl Pts',(-0.64190293683741,1.23520911272904,-18.1624945341622));
#5655=CARTESIAN_POINT('Ctrl Pts',(0.68964513663047,1.20920243053482,-18.2418793222991));
#5656=CARTESIAN_POINT('Ctrl Pts',(1.16935804461425,0.433209538712274,-18.2962587726663));
#5657=CARTESIAN_POINT('Ctrl Pts',(1.17961550071792,0.0218521439422159,-18.3241766269879));
#5658=CARTESIAN_POINT('Ctrl Pts',(1.17952290240616,0.000390104000951462,
-18.3256328852638));
#5659=CARTESIAN_POINT('Ctrl Pts',(1.17937336506071,0.000541773774964632,
-17.9243671147361));
#5660=CARTESIAN_POINT('Ctrl Pts',(1.17731776153274,-0.358933806168698,-17.9487503080712));
#5661=CARTESIAN_POINT('Ctrl Pts',(0.80972323598183,-1.11216331896781,-17.9995950974518));
#5662=CARTESIAN_POINT('Ctrl Pts',(-0.472103029980147,-1.30954179134617,
-18.0769014828782));
#5663=CARTESIAN_POINT('Ctrl Pts',(-1.3562644905985,-0.313572329359811,-18.1562862710152));
#5664=CARTESIAN_POINT('Ctrl Pts',(-0.999005054894043,0.969417286051108,
-18.2356710591521));
#5665=CARTESIAN_POINT('Ctrl Pts',(0.272667284248089,1.36507638112281,-18.3150558472891));
#5666=CARTESIAN_POINT('Ctrl Pts',(1.08249925898675,0.688566051567883,-18.3779545324838));
#5667=CARTESIAN_POINT('Ctrl Pts',(1.17711923014013,0.14878435802515,-18.4143916216328));
#5668=CARTESIAN_POINT('Ctrl Pts',(1.17628560946691,0.00072565846631012,
-18.4243671147361));
#5669=CARTESIAN_POINT('Origin',(0.,0.,-2.07563288526379));
#5670=CARTESIAN_POINT('',(1.17587276732985,0.000267273643672163,-17.3256328852638));
#5671=CARTESIAN_POINT('',(1.17790304263721,-0.00106753962079639,-17.4243671147361));
#5672=CARTESIAN_POINT('',(1.17775,8.67796523415517E-13,-2.07563288526379));
#5673=CARTESIAN_POINT('Ctrl Pts',(1.17587276732985,0.000267273643672176,
-17.3256328852638));
#5674=CARTESIAN_POINT('Ctrl Pts',(1.17544045735908,-0.212726622191485,-17.3399708077733));
#5675=CARTESIAN_POINT('Ctrl Pts',(1.01825241858727,-0.819409656060198,-17.3807703263285));
#5676=CARTESIAN_POINT('Ctrl Pts',(0.0454987414645672,-1.39129824157673,
-17.4480314409294));
#5677=CARTESIAN_POINT('Ctrl Pts',(-1.14423779878599,-0.792780418728147,
-17.5274162290664));
#5678=CARTESIAN_POINT('Ctrl Pts',(-1.28662647759654,0.531388031138174,-17.6068010172033));
#5679=CARTESIAN_POINT('Ctrl Pts',(-0.251335576854184,1.3691644752537,-17.6861858053403));
#5680=CARTESIAN_POINT('Ctrl Pts',(0.911345839823892,0.987419794169624,-17.7591297613605));
#5681=CARTESIAN_POINT('Ctrl Pts',(1.17492612307166,0.295222470474824,-17.805612121335));
#5682=CARTESIAN_POINT('Ctrl Pts',(1.17762423329329,-0.00107700340390467,
-17.8256328852638));
#5683=CARTESIAN_POINT('Ctrl Pts',(1.17790304263721,-0.00106753962079636,
-17.4243671147361));
#5684=CARTESIAN_POINT('Ctrl Pts',(1.17869760072854,-0.0871297155960925,
-17.4301858024182));
#5685=CARTESIAN_POINT('Ctrl Pts',(1.1308111577408,-0.563699526001085,-17.4624660861459));
#5686=CARTESIAN_POINT('Ctrl Pts',(0.482369881722071,-1.30579488106134,-17.5212079659194));
#5687=CARTESIAN_POINT('Ctrl Pts',(-0.835469364648948,-1.11345045463714,
-17.6005927540563));
#5688=CARTESIAN_POINT('Ctrl Pts',(-1.38858378433437,0.0980614505409476,
-17.6799775421933));
#5689=CARTESIAN_POINT('Ctrl Pts',(-0.670694695399575,1.2198153957716,-17.7593623303303));
#5690=CARTESIAN_POINT('Ctrl Pts',(0.661097076745995,1.22504352139688,-17.8387471184673));
#5691=CARTESIAN_POINT('Ctrl Pts',(1.16457174371673,0.451767519616121,-17.8937487132692));
#5692=CARTESIAN_POINT('Ctrl Pts',(1.17954858296125,0.0311831671928917,-17.9222887120255));
#5693=CARTESIAN_POINT('Ctrl Pts',(1.17937336506071,0.000541773774964632,
-17.9243671147361));
#5694=CARTESIAN_POINT('Origin',(0.,0.,-2.07563288526379));
#5695=CARTESIAN_POINT('',(1.1786044346938,0.000937523765672116,-16.8256328852638));
#5696=CARTESIAN_POINT('',(1.17582766702624,0.000118046587908663,-16.9243671147361));
#5697=CARTESIAN_POINT('',(1.17775,8.67796523415517E-13,-2.07563288526379));
#5698=CARTESIAN_POINT('Ctrl Pts',(1.1786044346938,0.000937523765672148,
-16.8256328852638));
#5699=CARTESIAN_POINT('Ctrl Pts',(1.17574855157562,-0.327428298908,-16.8478678981661));
#5700=CARTESIAN_POINT('Ctrl Pts',(0.861980162771376,-1.05136308036475,-16.896564507114));
#5701=CARTESIAN_POINT('Ctrl Pts',(-0.364619037118694,-1.34344106318812,
-16.9717227121075));
#5702=CARTESIAN_POINT('Ctrl Pts',(-1.32645263672626,-0.422260979740401,
-17.0511075002445));
#5703=CARTESIAN_POINT('Ctrl Pts',(-1.0741528334252,0.885424543896304,-17.1304922883815));
#5704=CARTESIAN_POINT('Ctrl Pts',(0.161344408503755,1.3826600863314,-17.2098770765185));
#5705=CARTESIAN_POINT('Ctrl Pts',(1.05268582413006,0.753087450966692,-17.2749239421459));
#5706=CARTESIAN_POINT('Ctrl Pts',(1.17623831435721,0.180367874450936,-17.3135092117277));
#5707=CARTESIAN_POINT('Ctrl Pts',(1.17587276732985,0.000267273643672176,
-17.3256328852638));
#5708=CARTESIAN_POINT('Ctrl Pts',(1.17582766702624,0.000118046587908715,
-16.9243671147361));
#5709=CARTESIAN_POINT('Ctrl Pts',(1.17564540603407,-0.203653225570546,-16.9380828928109));
#5710=CARTESIAN_POINT('Ctrl Pts',(1.02831814412648,-0.800803445838689,-16.9782602669314));
#5711=CARTESIAN_POINT('Ctrl Pts',(0.0781151527110777,-1.38984855186293,
-17.0448992370975));
#5712=CARTESIAN_POINT('Ctrl Pts',(-1.12533070132362,-0.819397209451597,
-17.1242840252345));
#5713=CARTESIAN_POINT('Ctrl Pts',(-1.2987348064364,0.501067736687532,-17.2036688133715));
#5714=CARTESIAN_POINT('Ctrl Pts',(-0.283376292850492,1.36289355815077,-17.2830536015084));
#5715=CARTESIAN_POINT('Ctrl Pts',(0.897928311494777,1.00549877016924,-17.3566197019633));
#5716=CARTESIAN_POINT('Ctrl Pts',(1.17508419571416,0.304254503646852,-17.4037242063726));
#5717=CARTESIAN_POINT('Ctrl Pts',(1.17790304263721,-0.00106753962079636,
-17.4243671147361));
#5718=CARTESIAN_POINT('Origin',(0.,0.,-2.07563288526379));
#5719=CARTESIAN_POINT('',(1.17883160918996,-0.000857451686557279,-16.3256328852638));
#5720=CARTESIAN_POINT('',(1.17833630444391,0.00100625321987353,-16.4243671147361));
#5721=CARTESIAN_POINT('',(1.17775,8.67796523415517E-13,-2.07563288526379));
#5722=CARTESIAN_POINT('Ctrl Pts',(1.17883160918996,-0.00085745168655723,
-16.3256328852638));
#5723=CARTESIAN_POINT('Ctrl Pts',(1.17927534137285,-0.0550361901473377,
-16.3293033925131));
#5724=CARTESIAN_POINT('Ctrl Pts',(1.15126571651909,-0.499341595021036,-16.3594354958081));
#5725=CARTESIAN_POINT('Ctrl Pts',(0.586422514834516,-1.26249339268945,-16.4160291951487));
#5726=CARTESIAN_POINT('Ctrl Pts',(-0.74265745680972,-1.1773872915631,-16.4954139832857));
#5727=CARTESIAN_POINT('Ctrl Pts',(-1.39196553139079,-0.0145908159240473,
-16.5747987714226));
#5728=CARTESIAN_POINT('Ctrl Pts',(-0.767174704461074,1.16156097787607,-16.6541835595597));
#5729=CARTESIAN_POINT('Ctrl Pts',(0.559829234918403,1.274508595585,-16.7335683476966));
#5730=CARTESIAN_POINT('Ctrl Pts',(1.14625151414137,0.515984188200197,-16.7907181229313));
#5731=CARTESIAN_POINT('Ctrl Pts',(1.1791473004659,0.0633555424593098,-16.8214063021204));
#5732=CARTESIAN_POINT('Ctrl Pts',(1.1786044346938,0.000937523765672148,
-16.8256328852638));
#5733=CARTESIAN_POINT('Ctrl Pts',(1.17833630444391,0.00100625321987353,
-16.4243671147361));
#5734=CARTESIAN_POINT('Ctrl Pts',(1.17544220522286,-0.31835983081749,-16.4459799832037));
#5735=CARTESIAN_POINT('Ctrl Pts',(0.87630576434362,-1.03351386368689,-16.4940544477169));
#5736=CARTESIAN_POINT('Ctrl Pts',(-0.333012185142673,-1.351622676173,-16.5685905082756));
#5737=CARTESIAN_POINT('Ctrl Pts',(-1.31618489968354,-0.45325300224443,-16.6479752964127));
#5738=CARTESIAN_POINT('Ctrl Pts',(-1.09462251335136,0.859989841488198,-16.7273600845496));
#5739=CARTESIAN_POINT('Ctrl Pts',(0.128873692733132,1.38606368739675,-16.8067448726866));
#5740=CARTESIAN_POINT('Ctrl Pts',(1.04339895105592,0.771748077576776,-16.8724138827488));
#5741=CARTESIAN_POINT('Ctrl Pts',(1.17599703878311,0.189478907376095,-16.9116212967653));
#5742=CARTESIAN_POINT('Ctrl Pts',(1.17582766702624,0.000118046587908715,
-16.9243671147361));
#5743=CARTESIAN_POINT('Origin',(0.,0.,-2.07563288526379));
#5744=CARTESIAN_POINT('',(1.17594236639302,-0.000396386819774916,-15.8256328852638));
#5745=CARTESIAN_POINT('',(1.17906584732724,-0.00074832264779931,-15.9243671147362));
#5746=CARTESIAN_POINT('',(1.17775,8.67796523415517E-13,-2.07563288526379));
#5747=CARTESIAN_POINT('Ctrl Pts',(1.17594236639302,-0.000396386819775003,
-15.8256328852638));
#5748=CARTESIAN_POINT('Ctrl Pts',(1.17646137099578,-0.172210930949592,-15.8372004829058));
#5749=CARTESIAN_POINT('Ctrl Pts',(1.0607353137348,-0.736396212019272,-15.8752296765935));
#5750=CARTESIAN_POINT('Ctrl Pts',(0.190292321503488,-1.37897417121068,-15.9397204663268));
#5751=CARTESIAN_POINT('Ctrl Pts',(-1.05535651495987,-0.907746417685644,
-16.0191052544638));
#5752=CARTESIAN_POINT('Ctrl Pts',(-1.33501262668303,0.394363054920496,-16.0984900426008));
#5753=CARTESIAN_POINT('Ctrl Pts',(-0.392700174672888,1.33550271632119,-16.1778748307378));
#5754=CARTESIAN_POINT('Ctrl Pts',(0.848870647180398,1.06723062530744,-16.2535891116254));
#5755=CARTESIAN_POINT('Ctrl Pts',(1.17607636614176,0.335551756977478,-16.3028417964675));
#5756=CARTESIAN_POINT('Ctrl Pts',(1.17883160918996,-0.00085745168655723,
-16.3256328852638));
#5757=CARTESIAN_POINT('Ctrl Pts',(1.17906584732724,-0.000748322647799093,
-15.9243671147362));
#5758=CARTESIAN_POINT('Ctrl Pts',(1.17939906973574,-0.045720490016516,-15.9274154775507));
#5759=CARTESIAN_POINT('Ctrl Pts',(1.15664875434884,-0.480737392166973,-15.956925436411));
#5760=CARTESIAN_POINT('Ctrl Pts',(0.615869406920072,-1.24839330654184,-16.0128969913168));
#5761=CARTESIAN_POINT('Ctrl Pts',(-0.714840950198102,-1.19448038498689,
-16.0922817794538));
#5762=CARTESIAN_POINT('Ctrl Pts',(-1.39124051522913,-0.0472313771084684,
-16.1716665675908));
#5763=CARTESIAN_POINT('Ctrl Pts',(-0.794204803152637,1.14324962490605,-16.2510513557277));
#5764=CARTESIAN_POINT('Ctrl Pts',(0.529785308621028,1.28728726435395,-16.3304361438648));
#5765=CARTESIAN_POINT('Ctrl Pts',(1.14041114265262,0.534618863546957,-16.3882080635342));
#5766=CARTESIAN_POINT('Ctrl Pts',(1.17898557960737,0.0726542689159193,-16.419518387158));
#5767=CARTESIAN_POINT('Ctrl Pts',(1.17833630444391,0.00100625321987353,
-16.4243671147361));
#5768=CARTESIAN_POINT('Origin',(0.,0.,-2.07563288526379));
#5769=CARTESIAN_POINT('',(1.17737974910614,0.00106595338901816,-15.3256328852638));
#5770=CARTESIAN_POINT('',(1.17605194920656,-0.000533501581930496,-15.4243671147361));
#5771=CARTESIAN_POINT('',(1.17775,8.67796523415517E-13,-2.07563288526379));
#5772=CARTESIAN_POINT('Ctrl Pts',(1.17737974910614,0.00106595338901818,
-15.3256328852638));
#5773=CARTESIAN_POINT('Ctrl Pts',(1.17482882511331,-0.28715625097785,-15.3450975732986));
#5774=CARTESIAN_POINT('Ctrl Pts',(0.923043362948607,-0.971194493856639,
-15.391023857379));
#5775=CARTESIAN_POINT('Ctrl Pts',(-0.222579882130074,-1.37413213649938,
-15.463411737505));
#5776=CARTESIAN_POINT('Ctrl Pts',(-1.27520479748904,-0.558241575798787,
-15.542796525642));
#5777=CARTESIAN_POINT('Ctrl Pts',(-1.16060466665113,0.768620673828764,-15.622181313779));
#5778=CARTESIAN_POINT('Ctrl Pts',(0.0163243060446769,1.39194628111919,-15.7015661019159));
#5779=CARTESIAN_POINT('Ctrl Pts',(1.00899169482377,0.836015824610685,-15.7693832924109));
#5780=CARTESIAN_POINT('Ctrl Pts',(1.17527411582239,0.220825480086745,-15.8107388868602));
#5781=CARTESIAN_POINT('Ctrl Pts',(1.17594236639302,-0.000396386819775003,
-15.8256328852638));
#5782=CARTESIAN_POINT('Ctrl Pts',(1.17605194920656,-0.000533501581930496,
-15.4243671147361));
#5783=CARTESIAN_POINT('Ctrl Pts',(1.17671647556614,-0.163069428165892,-15.4353125679434));
#5784=CARTESIAN_POINT('Ctrl Pts',(1.06946415105636,-0.717711360760704,-15.4727196171964));
#5785=CARTESIAN_POINT('Ctrl Pts',(0.222579884526042,-1.37413215128784,-15.536588262495));
#5786=CARTESIAN_POINT('Ctrl Pts',(-1.03377766339176,-0.932247132937853,
-15.615973050632));
#5787=CARTESIAN_POINT('Ctrl Pts',(-1.3438941186743,0.36294568738473,-15.6953578387689));
#5788=CARTESIAN_POINT('Ctrl Pts',(-0.423912570999178,1.32592575446268,-15.7747426269059));
#5789=CARTESIAN_POINT('Ctrl Pts',(0.833859221173443,1.08488041420863,-15.8510790522283));
#5790=CARTESIAN_POINT('Ctrl Pts',(1.17650650172356,0.344664578493333,-15.9009538815051));
#5791=CARTESIAN_POINT('Ctrl Pts',(1.17906584732724,-0.000748322647799093,
-15.9243671147362));
#5792=CARTESIAN_POINT('Origin',(0.,0.,-2.07563288526379));
#5793=CARTESIAN_POINT('',(1.17961794833916,-0.000245207958587562,-14.8256328852638));
#5794=CARTESIAN_POINT('',(1.17711607352191,0.00103241944706248,-14.9243671147362));
#5795=CARTESIAN_POINT('',(1.17775,8.67796523415517E-13,-2.07563288526379));
#5796=CARTESIAN_POINT('Ctrl Pts',(1.17961794833916,-0.000245207958587672,
-14.8256328852638));
#5797=CARTESIAN_POINT('Ctrl Pts',(1.17965561984704,-0.0135090586677966,
-14.8265330676456));
#5798=CARTESIAN_POINT('Ctrl Pts',(1.17344400166411,-0.416638499027677,-14.8538948460731));
#5799=CARTESIAN_POINT('Ctrl Pts',(0.714840942505382,-1.19448037213149,-14.9077182205462));
#5800=CARTESIAN_POINT('Ctrl Pts',(-0.615869400291538,-1.24839329310675,
-14.9871030086832));
#5801=CARTESIAN_POINT('Ctrl Pts',(-1.38285994637658,-0.159622370602415,
-15.0664877968201));
#5802=CARTESIAN_POINT('Ctrl Pts',(-0.884086147807737,1.07525467483004,-15.1458725849571));
#5803=CARTESIAN_POINT('Ctrl Pts',(0.423912566436481,1.3259257401931,-15.2252573730941));
#5804=CARTESIAN_POINT('Ctrl Pts',(1.11831998540628,0.599062788878124,-15.2851774731963));
#5805=CARTESIAN_POINT('Ctrl Pts',(1.17829672144543,0.104672250446565,-15.3186359772529));
#5806=CARTESIAN_POINT('Ctrl Pts',(1.17737974910614,0.00106595338901818,
-15.3256328852638));
#5807=CARTESIAN_POINT('Ctrl Pts',(1.17711607352191,0.00103241944706258,
-14.9243671147362));
#5808=CARTESIAN_POINT('Ctrl Pts',(1.17476598805005,-0.278136126702654,-14.9432096583362));
#5809=CARTESIAN_POINT('Ctrl Pts',(0.935803849555306,-0.952973089776787,
-14.9885137979818));
#5810=CARTESIAN_POINT('Ctrl Pts',(-0.190292323550891,-1.37897418605142,
-15.0602795336731));
#5811=CARTESIAN_POINT('Ctrl Pts',(-1.26176211874178,-0.587994328124694,
-15.1396643218101));
#5812=CARTESIAN_POINT('Ctrl Pts',(-1.17831126884272,0.741190615103031,-15.2190491099471));
#5813=CARTESIAN_POINT('Ctrl Pts',(-0.0163243062209065,1.39194629609945,
-15.2984338980841));
#5814=CARTESIAN_POINT('Ctrl Pts',(0.998331510189222,0.854563864681077,-15.3668732330137));
#5815=CARTESIAN_POINT('Ctrl Pts',(1.17510992463071,0.229875473312309,-15.4088509718978));
#5816=CARTESIAN_POINT('Ctrl Pts',(1.17605194920656,-0.000533501581930496,
-15.4243671147361));
#5817=CARTESIAN_POINT('Origin',(0.,0.,-2.07563288526379));
#5818=CARTESIAN_POINT('',(1.17666080687643,-0.000911725454796527,-14.3256328852638));
#5819=CARTESIAN_POINT('',(1.17967431046129,-7.6472454377946E-5,-14.4243671147362));
#5820=CARTESIAN_POINT('',(1.17775,8.67796523415517E-13,-2.07563288526379));
#5821=CARTESIAN_POINT('Ctrl Pts',(1.17666080687643,-0.000911725454796342,
-14.3256328852638));
#5822=CARTESIAN_POINT('Ctrl Pts',(1.17760352183859,-0.131378365325484,-14.3344301580383));
#5823=CARTESIAN_POINT('Ctrl Pts',(1.09741399903435,-0.653153917163188,-14.3696890268585));
#5824=CARTESIAN_POINT('Ctrl Pts',(0.333012181559295,-1.35162266162657,-14.4314094917243));
#5825=CARTESIAN_POINT('Ctrl Pts',(-0.954974431326881,-1.01282020517033,
-14.5107942798613));
#5826=CARTESIAN_POINT('Ctrl Pts',(-1.36885040965677,0.253040487811418,-14.5901790679983));
#5827=CARTESIAN_POINT('Ctrl Pts',(-0.529785302919932,1.28728725049983,-14.6695638561353));
#5828=CARTESIAN_POINT('Ctrl Pts',(0.779191432631717,1.14488292481509,-14.7480484618904));
#5829=CARTESIAN_POINT('Ctrl Pts',(1.17854823511686,0.376392661889059,-14.8000714716));
#5830=CARTESIAN_POINT('Ctrl Pts',(1.17961794833916,-0.000245207958587672,
-14.8256328852638));
#5831=CARTESIAN_POINT('Ctrl Pts',(1.17967431046129,-7.6472454378017E-5,
-14.4243671147362));
#5832=CARTESIAN_POINT('Ctrl Pts',(1.17967815278395,-0.00417273185171572,
-14.4246451526832));
#5833=CARTESIAN_POINT('Ctrl Pts',(1.1778036612466,-0.398117057302895,-14.4513847866759));
#5834=CARTESIAN_POINT('Ctrl Pts',(0.742657464802743,-1.17738730423396,-14.5045860167143));
#5835=CARTESIAN_POINT('Ctrl Pts',(-0.586422521145147,-1.26249340627677,
-14.5839708048513));
#5836=CARTESIAN_POINT('Ctrl Pts',(-1.37873613381533,-0.192009498490343,
-14.6633555929883));
#5837=CARTESIAN_POINT('Ctrl Pts',(-0.909060024791628,1.05422523472187,-14.7427403811253));
#5838=CARTESIAN_POINT('Ctrl Pts',(0.392700178898641,1.33550273069415,-14.8221251692622));
#5839=CARTESIAN_POINT('Ctrl Pts',(1.11134808176124,0.617749248265797,-14.8826674137992));
#5840=CARTESIAN_POINT('Ctrl Pts',(1.17806633930566,0.113915257318877,-14.9167480622905));
#5841=CARTESIAN_POINT('Ctrl Pts',(1.17711607352191,0.00103241944706258,
-14.9243671147362));
#5842=CARTESIAN_POINT('Origin',(0.,0.,-2.07563288526379));
#5843=CARTESIAN_POINT('',(1.17634507771568,0.000762707541306049,-13.8256328852638));
#5844=CARTESIAN_POINT('',(1.1768928241992,-0.000984380477147134,-13.9243671147362));
#5845=CARTESIAN_POINT('',(1.17775,8.67796523415517E-13,-2.07563288526379));
#5846=CARTESIAN_POINT('Ctrl Pts',(1.17634507771568,0.000762707541306067,
-13.8256328852638));
#5847=CARTESIAN_POINT('Ctrl Pts',(1.17487417091373,-0.246987666997452,-13.8423272484311));
#5848=CARTESIAN_POINT('Ctrl Pts',(0.977262828073773,-0.889583582406164,
-13.885483207644));
#5849=CARTESIAN_POINT('Ctrl Pts',(-0.0781151518698631,-1.38984853690527,
-13.9551007629025));
#5850=CARTESIAN_POINT('Ctrl Pts',(-1.21006035091506,-0.688138706681059,
-14.0344855510395));
#5851=CARTESIAN_POINT('Ctrl Pts',(-1.23440875313283,0.643440721961564,-14.1138703391764));
#5852=CARTESIAN_POINT('Ctrl Pts',(-0.128873691346711,1.38606367247975,-14.1932551273134));
#5853=CARTESIAN_POINT('Ctrl Pts',(0.95903695677957,0.918288344842535,-14.2638426426759));
#5854=CARTESIAN_POINT('Ctrl Pts',(1.17476789957766,0.261056382372058,-14.3079685619927));
#5855=CARTESIAN_POINT('Ctrl Pts',(1.17666080687643,-0.000911725454796342,
-14.3256328852638));
#5856=CARTESIAN_POINT('Ctrl Pts',(1.1768928241992,-0.000984380477147117,
-13.9243671147362));
#5857=CARTESIAN_POINT('Ctrl Pts',(1.17785161237075,-0.122164110524397,-13.9325422430759));
#5858=CARTESIAN_POINT('Ctrl Pts',(1.10489207674437,-0.634456927913896,-13.9671789674614));
#5859=CARTESIAN_POINT('Ctrl Pts',(0.3646190410433,-1.34344107764621,-14.0282772878925));
#5860=CARTESIAN_POINT('Ctrl Pts',(-0.930958982255003,-1.03493784719532,
-14.1076620760294));
#5861=CARTESIAN_POINT('Ctrl Pts',(-1.3744082783013,0.220868419506761,-14.1870468641664));
#5862=CARTESIAN_POINT('Ctrl Pts',(-0.55982924094385,1.27450860930116,-14.2664316523034));
#5863=CARTESIAN_POINT('Ctrl Pts',(0.762527002951971,1.16195657906403,-14.3455384024933));
#5864=CARTESIAN_POINT('Ctrl Pts',(1.17931246892278,0.385678950681253,-14.3981835566376));
#5865=CARTESIAN_POINT('Ctrl Pts',(1.17967431046129,-7.6472454378017E-5,
-14.4243671147362));
#5866=CARTESIAN_POINT('Origin',(0.,0.,-2.07563288526379));
#5867=CARTESIAN_POINT('',(1.17942807016429,0.000492447958470561,-13.3256328852638));
#5868=CARTESIAN_POINT('',(1.17617693090395,0.00064736962674887,-13.4243671147362));
#5869=CARTESIAN_POINT('',(1.17775,8.67796523415517E-13,-2.07563288526379));
#5870=CARTESIAN_POINT('Ctrl Pts',(1.17942807016429,0.000492447958470501,
-13.3256328852638));
#5871=CARTESIAN_POINT('Ctrl Pts',(1.17751521331461,-0.362008887912861,-13.3502243388238));
#5872=CARTESIAN_POINT('Ctrl Pts',(0.804423771292362,-1.11798168205512,-13.4012773884294));
#5873=CARTESIAN_POINT('Ctrl Pts',(-0.48236987653026,-1.30579486700843,-13.4787920340806));
#5874=CARTESIAN_POINT('Ctrl Pts',(-1.35868457671729,-0.302914432604171,
-13.5581768222176));
#5875=CARTESIAN_POINT('Ctrl Pts',(-0.991363218642529,0.977230730796011,
-13.6375616103546));
#5876=CARTESIAN_POINT('Ctrl Pts',(0.283376289800247,1.36289354348328,-13.7169463984916));
#5877=CARTESIAN_POINT('Ctrl Pts',(1.08520819641813,0.68230690108114,-13.7796368234613));
#5878=CARTESIAN_POINT('Ctrl Pts',(1.17720564898355,0.14571196853427,-13.8158656523854));
#5879=CARTESIAN_POINT('Ctrl Pts',(1.17634507771568,0.000762707541306067,
-13.8256328852638));
#5880=CARTESIAN_POINT('Ctrl Pts',(1.17617693090395,0.000647369626748853,
-13.4243671147362));
#5881=CARTESIAN_POINT('Ctrl Pts',(1.17498541871563,-0.237955660777044,-13.4404393334687));
#5882=CARTESIAN_POINT('Ctrl Pts',(0.988532640840453,-0.871110642696187,
-13.4829731482468));
#5883=CARTESIAN_POINT('Ctrl Pts',(-0.0454987419536688,-1.39129825655005,
-13.5519685590706));
#5884=CARTESIAN_POINT('Ctrl Pts',(-1.19358922271963,-0.716327956739173,
-13.6313533472076));
#5885=CARTESIAN_POINT('Ctrl Pts',(-1.24915931901692,0.614314227339507,-13.7107381353446));
#5886=CARTESIAN_POINT('Ctrl Pts',(-0.161344410240705,1.38266010121166,-13.7901229234816));
#5887=CARTESIAN_POINT('Ctrl Pts',(0.946920048098428,0.936630389123603,-13.8613325832787));
#5888=CARTESIAN_POINT('Ctrl Pts',(1.17474816686697,0.270075488923749,-13.9060806470303));
#5889=CARTESIAN_POINT('Ctrl Pts',(1.1768928241992,-0.000984380477147117,
-13.9243671147362));
#5890=CARTESIAN_POINT('Origin',(0.,0.,-2.07563288526379));
#5891=CARTESIAN_POINT('',(1.17780938948576,-0.00107330025906371,-12.8256328852638));
#5892=CARTESIAN_POINT('',(1.17925204811934,0.000634868090482812,-12.9243671147362));
#5893=CARTESIAN_POINT('',(1.17775,8.67796523415517E-13,-2.07563288526379));
#5894=CARTESIAN_POINT('Ctrl Pts',(1.17780938948576,-0.001073300259064,-12.8256328852638));
#5895=CARTESIAN_POINT('Ctrl Pts',(1.17863052639516,-0.0902339348126295,
-12.8316598331708));
#5896=CARTESIAN_POINT('Ctrl Pts',(1.1286701399204,-0.569947454912235,-12.8641483771235));
#5897=CARTESIAN_POINT('Ctrl Pts',(0.472103024899797,-1.30954177725257,-12.9230985171218));
#5898=CARTESIAN_POINT('Ctrl Pts',(-0.844185466607087,-1.1068567343874,-13.0024833052588));
#5899=CARTESIAN_POINT('Ctrl Pts',(-1.38777107760459,0.108960399474122,-13.0818680933958));
#5900=CARTESIAN_POINT('Ctrl Pts',(-0.661097069631654,1.22504350821259,-13.1612528815327));
#5901=CARTESIAN_POINT('Ctrl Pts',(0.670694688181033,1.21981538264407,-13.2406376696697));
#5902=CARTESIAN_POINT('Ctrl Pts',(1.16619940059546,0.445553209561674,-13.2954310042467));
#5903=CARTESIAN_POINT('Ctrl Pts',(1.17957354000628,0.0280601209179993,-13.3237627427781));
#5904=CARTESIAN_POINT('Ctrl Pts',(1.17942807016429,0.000492447958470501,
-13.3256328852638));
#5905=CARTESIAN_POINT('Ctrl Pts',(1.17925204811934,0.000634868090482843,
-12.9243671147362));
#5906=CARTESIAN_POINT('Ctrl Pts',(1.17695005580218,-0.352834963320771,-12.9483364238614));
#5907=CARTESIAN_POINT('Ctrl Pts',(0.820131787054871,-1.10055796085849,-12.9987673290323));
#5908=CARTESIAN_POINT('Ctrl Pts',(-0.451613523670689,-1.31674834324419,
-13.0756598302488));
#5909=CARTESIAN_POINT('Ctrl Pts',(-1.35120690720777,-0.334695186867965,
-13.1550446183858));
#5910=CARTESIAN_POINT('Ctrl Pts',(-1.0140087198594,0.953712372913157,-13.2344294065227));
#5911=CARTESIAN_POINT('Ctrl Pts',(0.251335579558532,1.36916448998889,-13.3138141946597));
#5912=CARTESIAN_POINT('Ctrl Pts',(1.07702182563657,0.70100398872516,-13.3771267640642));
#5913=CARTESIAN_POINT('Ctrl Pts',(1.17694714626149,0.154884749803539,-13.413977737423));
#5914=CARTESIAN_POINT('Ctrl Pts',(1.17617693090395,0.000647369626748853,
-13.4243671147362));
#5915=CARTESIAN_POINT('Origin',(0.,0.,-2.07563288526379));
#5916=CARTESIAN_POINT('',(1.17583885641524,0.000168395518500632,-12.3256328852638));
#5917=CARTESIAN_POINT('',(1.1780890613127,-0.00104831489388807,-12.4243671147362));
#5918=CARTESIAN_POINT('',(1.17775,8.67796523415517E-13,-2.07563288526379));
#5919=CARTESIAN_POINT('Ctrl Pts',(1.17583885641524,0.000168395518500616,
-12.3256328852638));
#5920=CARTESIAN_POINT('Ctrl Pts',(1.17557476973604,-0.206692018849942,-12.3395569235635));
#5921=CARTESIAN_POINT('Ctrl Pts',(1.02498315330876,-0.807034717047482,-12.3799425579089));
#5922=CARTESIAN_POINT('Ctrl Pts',(0.0672008421204776,-1.39041899415524,
-12.4467897883));
#5923=CARTESIAN_POINT('Ctrl Pts',(-1.13172921183213,-0.810536811980304,
-12.526174576437));
#5924=CARTESIAN_POINT('Ctrl Pts',(-1.29476080918843,0.51124884301003,-12.6055593645739));
#5925=CARTESIAN_POINT('Ctrl Pts',(-0.272667281314124,1.36507636643161,-12.6849441527109));
#5926=CARTESIAN_POINT('Ctrl Pts',(0.902458803481143,0.999455986878279,-12.7583019929409));
#5927=CARTESIAN_POINT('Ctrl Pts',(1.17502528647441,0.301229992059644,-12.8051982371252));
#5928=CARTESIAN_POINT('Ctrl Pts',(1.17780938948576,-0.001073300259064,-12.8256328852638));
#5929=CARTESIAN_POINT('Ctrl Pts',(1.1780890613127,-0.00104831489388784,
-12.4243671147362));
#5930=CARTESIAN_POINT('Ctrl Pts',(1.1788255451314,-0.0809564723129089,-12.4297719182084));
#5931=CARTESIAN_POINT('Ctrl Pts',(1.13498193502626,-0.551286814809791,-12.4616383177264));
#5932=CARTESIAN_POINT('Ctrl Pts',(0.502684743531146,-1.2981097884307,-12.5199663132899));
#5933=CARTESIAN_POINT('Ctrl Pts',(-0.817995129575242,-1.12635027508752,
-12.5993511014269));
#5934=CARTESIAN_POINT('Ctrl Pts',(-1.38994475575398,0.076384227105773,-12.6787358895639));
#5935=CARTESIAN_POINT('Ctrl Pts',(-0.689645144052975,1.20920244354811,-12.7581206777009));
#5936=CARTESIAN_POINT('Ctrl Pts',(0.641902943745153,1.23520912602274,-12.8375054658379));
#5937=CARTESIAN_POINT('Ctrl Pts',(1.16126026143129,0.464123639172045,-12.8929209448496));
#5938=CARTESIAN_POINT('Ctrl Pts',(1.17949140526196,0.0373880441205426,-12.9218748278157));
#5939=CARTESIAN_POINT('Ctrl Pts',(1.17925204811934,0.000634868090482843,
-12.9243671147362));
#5940=CARTESIAN_POINT('Origin',(0.,0.,-2.07563288526379));
#5941=CARTESIAN_POINT('',(1.17842732779781,0.000985761651113286,-11.8256328852638));
#5942=CARTESIAN_POINT('',(1.17581697306619,1.73396109409771E-5,-11.9243671147362));
#5943=CARTESIAN_POINT('',(1.17775,8.67796523415517E-13,-2.07563288526379));
#5944=CARTESIAN_POINT('Ctrl Pts',(1.17842732779781,0.000985761651113295,
-11.8256328852638));
#5945=CARTESIAN_POINT('Ctrl Pts',(1.1755378324772,-0.32139333682041,-11.8474540139563));
#5946=CARTESIAN_POINT('Ctrl Pts',(0.871550293039506,-1.03949973465015,-11.8957367386944));
#5947=CARTESIAN_POINT('Ctrl Pts',(-0.343613703187366,-1.34896647677814,
-11.9704810594781));
#5948=CARTESIAN_POINT('Ctrl Pts',(-1.31970287469923,-0.442905469598137,
-12.0498658476151));
#5949=CARTESIAN_POINT('Ctrl Pts',(-1.08783685978138,0.868557366551209,-12.1292506357521));
#5950=CARTESIAN_POINT('Ctrl Pts',(0.139751906033588,1.38500914699122,-12.2086354238891));
#5951=CARTESIAN_POINT('Ctrl Pts',(1.04654098160926,0.765503335153904,-12.2740961737263));
#5952=CARTESIAN_POINT('Ctrl Pts',(1.1760766467688,0.186430766726144,-12.3130953275179));
#5953=CARTESIAN_POINT('Ctrl Pts',(1.17583885641524,0.000168395518500616,
-12.3256328852638));
#5954=CARTESIAN_POINT('Ctrl Pts',(1.17581714423219,1.73380755502488E-5,
-11.9243671147362));
#5955=CARTESIAN_POINT('Ctrl Pts',(1.1757911954036,-0.197609389856092,-11.9376690086011));
#5956=CARTESIAN_POINT('Ctrl Pts',(1.03484369198473,-0.788411802072486,-11.9774324985118));
#5957=CARTESIAN_POINT('Ctrl Pts',(0.0997906644338126,-1.38846058550123,
-12.0436575844681));
#5958=CARTESIAN_POINT('Ctrl Pts',(-1.11240912912248,-0.836855366024225,
-12.1230423726051));
#5959=CARTESIAN_POINT('Ctrl Pts',(-1.30639459374391,0.480743319907036,-12.2024271607421));
#5960=CARTESIAN_POINT('Ctrl Pts',(-0.30460625557177,1.35830629950137,-12.281811948879));
#5961=CARTESIAN_POINT('Ctrl Pts',(0.888807386625479,1.01747947231561,-12.3557919335437));
#5962=CARTESIAN_POINT('Ctrl Pts',(1.17521976419884,0.310269109379866,-12.4033103221628));
#5963=CARTESIAN_POINT('Ctrl Pts',(1.1780890613127,-0.00104831489388784,
-12.4243671147362));
#5964=CARTESIAN_POINT('Origin',(0.,0.,-2.07563288526379));
#5965=CARTESIAN_POINT('',(1.17899016112293,-0.000787047280304401,-11.3256328852638));
#5966=CARTESIAN_POINT('',(1.17815270778679,0.00103932434364035,-11.4243671147362));
#5967=CARTESIAN_POINT('',(1.17775,8.67796523415517E-13,-2.07563288526379));
#5968=CARTESIAN_POINT('Ctrl Pts',(1.17899016112293,-0.000787047280304438,
-11.3256328852638));
#5969=CARTESIAN_POINT('Ctrl Pts',(1.17936000170272,-0.0488397351909204,
-11.3288895083033));
#5970=CARTESIAN_POINT('Ctrl Pts',(1.15487326158155,-0.486963161383403,-11.3586077273885));
#5971=CARTESIAN_POINT('Ctrl Pts',(0.606049102182006,-1.25319009660696,-11.4147875425193));
#5972=CARTESIAN_POINT('Ctrl Pts',(-0.724196949021815,-1.18883123760981,
-11.4941723306563));
#5973=CARTESIAN_POINT('Ctrl Pts',(-1.39156844161193,-0.0363070902042919,
-11.5735571187933));
#5974=CARTESIAN_POINT('Ctrl Pts',(-0.785204498337244,1.14944979371886,-11.6529419069302));
#5975=CARTESIAN_POINT('Ctrl Pts',(0.539875653228341,1.28308815423596,-11.7323266950672));
#5976=CARTESIAN_POINT('Ctrl Pts',(1.14239349596226,0.528379317257077,-11.7898903545117));
#5977=CARTESIAN_POINT('Ctrl Pts',(1.17904180603547,0.0695426957539331,-11.8209924179106));
#5978=CARTESIAN_POINT('Ctrl Pts',(1.17842732779781,0.000985761651113295,
-11.8256328852638));
#5979=CARTESIAN_POINT('Ctrl Pts',(1.17815270778679,0.00103932434364039,
-11.4243671147362));
#5980=CARTESIAN_POINT('Ctrl Pts',(1.17527216977395,-0.312336798277807,-11.4455660989939));
#5981=CARTESIAN_POINT('Ctrl Pts',(0.885637698271903,-1.02158650915243,-11.4932266792973));
#5982=CARTESIAN_POINT('Ctrl Pts',(-0.31188304549071,-1.35665395003073,-11.5673488556462));
#5983=CARTESIAN_POINT('Ctrl Pts',(-1.30895283651465,-0.473733517896747,
-11.6467336437833));
#5984=CARTESIAN_POINT('Ctrl Pts',(-1.10790720476197,0.842806383361603,-11.7261184319202));
#5985=CARTESIAN_POINT('Ctrl Pts',(0.107232038312178,1.38790571155175,-11.8055032200572));
#5986=CARTESIAN_POINT('Ctrl Pts',(1.0370543708314,0.784152327741403,-11.8715861143292));
#5987=CARTESIAN_POINT('Ctrl Pts',(1.17584281567865,0.195531518907003,-11.9112074125555));
#5988=CARTESIAN_POINT('Ctrl Pts',(1.17581714423219,1.73380755502488E-5,
-11.9243671147362));
#5989=CARTESIAN_POINT('Origin',(0.,0.,-2.07563288526379));
#5990=CARTESIAN_POINT('',(1.1760116163366,-0.00048862472531647,-10.8256328852638));
#5991=CARTESIAN_POINT('',(1.1792068074177,-0.000665209288556595,-10.9243671147362));
#5992=CARTESIAN_POINT('',(1.17775,8.67796523415517E-13,-2.07563288526379));
#5993=CARTESIAN_POINT('Ctrl Pts',(1.1760116163366,-0.000488624725316286,
-10.8256328852638));
#5994=CARTESIAN_POINT('Ctrl Pts',(1.17663059082821,-0.166131335441002,-10.836786598696));
#5995=CARTESIAN_POINT('Ctrl Pts',(1.06657452681691,-0.723967067705593,-10.8744019081739));
#5996=CARTESIAN_POINT('Ctrl Pts',(0.211784511610873,-1.37583729166319,-10.9384788136975));
#5997=CARTESIAN_POINT('Ctrl Pts',(-1.0410649977017,-0.924102052291702,-11.0178636018344));
#5998=CARTESIAN_POINT('Ctrl Pts',(-1.34100314530278,0.373485604511648,-11.0972483899714));
#5999=CARTESIAN_POINT('Ctrl Pts',(-0.41348946610061,1.32921307318022,-11.1766331781084));
#6000=CARTESIAN_POINT('Ctrl Pts',(0.838924894449714,1.07898475407655,-11.2527613432059));
#6001=CARTESIAN_POINT('Ctrl Pts',(1.17635487279923,0.341610986607646,-11.3024279122577));
#6002=CARTESIAN_POINT('Ctrl Pts',(1.17899016112293,-0.000787047280304438,
-11.3256328852638));
#6003=CARTESIAN_POINT('Ctrl Pts',(1.1792068074177,-0.000665209288556582,
-10.9243671147362));
#6004=CARTESIAN_POINT('Ctrl Pts',(1.17946947009846,-0.0395191802856419,
-10.9270015933409));
#6005=CARTESIAN_POINT('Ctrl Pts',(1.16009887023613,-0.468370505265335,-10.9560976679914));
#6006=CARTESIAN_POINT('Ctrl Pts',(0.635272414169707,-1.23863228360703,-11.0116553386874));
#6007=CARTESIAN_POINT('Ctrl Pts',(-0.696117134522819,-1.20548824516139,
-11.0910401268244));
#6008=CARTESIAN_POINT('Ctrl Pts',(-1.39033424150108,-0.068932366187156,
-11.1704249149614));
#6009=CARTESIAN_POINT('Ctrl Pts',(-0.81194560510334,1.13071893437403,-11.2498097030984));
#6010=CARTESIAN_POINT('Ctrl Pts',(0.509636005703082,1.29539650913902,-11.3291944912353));
#6011=CARTESIAN_POINT('Ctrl Pts',(1.13638915779386,0.547023690160258,-11.3873802951146));
#6012=CARTESIAN_POINT('Ctrl Pts',(1.17886779644942,0.0788344138121473,-11.4191045029482));
#6013=CARTESIAN_POINT('Ctrl Pts',(1.17815270778679,0.00103932434364039,
-11.4243671147362));
#6014=CARTESIAN_POINT('Origin',(0.,0.,-2.07563288526379));
#6015=CARTESIAN_POINT('',(1.17720289672179,0.00104607788725026,-10.3256328852638));
#6016=CARTESIAN_POINT('',(1.17614262568674,-0.000619143492487789,-10.4243671147362));
#6017=CARTESIAN_POINT('',(1.17775,8.67796523415517E-13,-2.07563288526379));
#6018=CARTESIAN_POINT('Ctrl Pts',(1.17720289672179,0.00104607788725017,
-10.3256328852638));
#6019=CARTESIAN_POINT('Ctrl Pts',(1.17478180734092,-0.281155229170923,-10.3446836890888));
#6020=CARTESIAN_POINT('Ctrl Pts',(0.931570542007207,-0.959080302544212,
-10.3901960889594));
#6021=CARTESIAN_POINT('Ctrl Pts',(-0.201112982523019,-1.3774376576637,-10.4621700848756));
#6022=CARTESIAN_POINT('Ctrl Pts',(-1.26633964534768,-0.578069922336458,
-10.5415548730126));
#6023=CARTESIAN_POINT('Ctrl Pts',(-1.17245574494959,0.750418855456115,-10.6209396611495));
#6024=CARTESIAN_POINT('Ctrl Pts',(-0.00539543103951506,1.39203154483412,
-10.7003244492865));
#6025=CARTESIAN_POINT('Ctrl Pts',(1.00193538084895,0.848358912153808,-10.7685555239913));
#6026=CARTESIAN_POINT('Ctrl Pts',(1.17516210653739,0.226847247477005,-10.8103250026504));
#6027=CARTESIAN_POINT('Ctrl Pts',(1.1760116163366,-0.000488624725316286,
-10.8256328852638));
#6028=CARTESIAN_POINT('Ctrl Pts',(1.17614262568674,-0.00061914349248765,
-10.4243671147362));
#6029=CARTESIAN_POINT('Ctrl Pts',(1.17688804201438,-0.156978875360798,-10.4348986837336));
#6030=CARTESIAN_POINT('Ctrl Pts',(1.07511103729536,-0.705276626688859,-10.4718918487768));
#6031=CARTESIAN_POINT('Ctrl Pts',(0.243992597121188,-1.37049209656554,-10.5353466098656));
#6032=CARTESIAN_POINT('Ctrl Pts',(-1.01910650203448,-0.948263102577336,
-10.6147313980026));
#6033=CARTESIAN_POINT('Ctrl Pts',(-1.34939336878719,0.341933488374156,-10.6941161861395));
#6034=CARTESIAN_POINT('Ctrl Pts',(-0.444548639170633,1.31915028772695,-10.7735009742765));
#6035=CARTESIAN_POINT('Ctrl Pts',(0.823669947925361,1.09655823889535,-10.8502512838087));
#6036=CARTESIAN_POINT('Ctrl Pts',(1.17683119710505,0.350743273709736,-10.9005399972953));
#6037=CARTESIAN_POINT('Ctrl Pts',(1.1792068074177,-0.000665209288556582,
-10.9243671147362));
#6038=CARTESIAN_POINT('Origin',(0.,0.,-2.07563288526379));
#6039=CARTESIAN_POINT('',(1.17966174666906,-0.000133467969113634,-9.82563288526384));
#6040=CARTESIAN_POINT('',(1.17694860938807,0.000998231217306106,-9.92436711473617));
#6041=CARTESIAN_POINT('',(1.17775,8.67796523415517E-13,-2.07563288526379));
#6042=CARTESIAN_POINT('Ctrl Pts',(1.17966174666906,-0.000133467969113434,
-9.82563288526384));
#6043=CARTESIAN_POINT('Ctrl Pts',(1.17967324495014,-0.00729817537594126,
-9.82611918343583));
#6044=CARTESIAN_POINT('Ctrl Pts',(1.17636898324974,-0.404314845491786,-9.85306707765348));
#6045=CARTESIAN_POINT('Ctrl Pts',(0.733390729405367,-1.18318171491603,-9.90647656791677));
#6046=CARTESIAN_POINT('Ctrl Pts',(-0.596316459374589,-1.25785039363524,
-9.98586135605377));
#6047=CARTESIAN_POINT('Ctrl Pts',(-1.38020111971677,-0.181178921571913,
-10.0652461441907));
#6048=CARTESIAN_POINT('Ctrl Pts',(-0.90075512219555,1.06132989326026,-10.1446309323277));
#6049=CARTESIAN_POINT('Ctrl Pts',(0.403173296648895,1.33237840922113,-10.2240157204647));
#6050=CARTESIAN_POINT('Ctrl Pts',(1.11371122853248,0.611493191629743,-10.2843497047767));
#6051=CARTESIAN_POINT('Ctrl Pts',(1.17814470424416,0.110822823805304,-10.3182220930431));
#6052=CARTESIAN_POINT('Ctrl Pts',(1.17720289672179,0.00104607788725017,
-10.3256328852638));
#6053=CARTESIAN_POINT('Ctrl Pts',(1.17694860938807,0.000998231217306123,
-9.92436711473617));
#6054=CARTESIAN_POINT('Ctrl Pts',(1.17474942771198,-0.272136616227367,-9.94279577412636));
#6055=CARTESIAN_POINT('Ctrl Pts',(0.944103388484225,-0.940814114790438,
-9.9876860295622));
#6056=CARTESIAN_POINT('Ctrl Pts',(-0.168753806400561,-1.38177535331322,
-10.0590378810438));
#6057=CARTESIAN_POINT('Ctrl Pts',(-1.25243438756072,-0.607609314489145,
-10.1384226691807));
#6058=CARTESIAN_POINT('Ctrl Pts',(-1.18973221611703,0.722715869572416,-10.2178074573177));
#6059=CARTESIAN_POINT('Ctrl Pts',(-0.0380400693740703,1.39152216199404,
-10.2971922454547));
#6060=CARTESIAN_POINT('Ctrl Pts',(0.991062760948786,0.866882578321821,-10.3660454645942));
#6061=CARTESIAN_POINT('Ctrl Pts',(1.17501511066363,0.235890227381144,-10.408437087688));
#6062=CARTESIAN_POINT('Ctrl Pts',(1.17614262568674,-0.00061914349248765,
-10.4243671147362));
#6063=CARTESIAN_POINT('Origin',(0.,0.,-2.07563288526379));
#6064=CARTESIAN_POINT('',(1.17681287820081,-0.000962209330152977,-9.32563288526383));
#6065=CARTESIAN_POINT('',(1.17967903230371,3.73934497224066E-5,-9.42436711473615));
#6066=CARTESIAN_POINT('',(1.17775,8.67796523415517E-13,-2.07563288526379));
#6067=CARTESIAN_POINT('Ctrl Pts',(1.17681287820081,-0.000962209330152945,
-9.32563288526383));
#6068=CARTESIAN_POINT('Ctrl Pts',(1.17776937458647,-0.125250291614142,-9.33401627382855));
#6069=CARTESIAN_POINT('Ctrl Pts',(1.10241899437269,-0.640715270567559,-9.36886125843892));
#6070=CARTESIAN_POINT('Ctrl Pts',(0.354060248913713,-1.34626233425307,-9.43016783909492));
#6071=CARTESIAN_POINT('Ctrl Pts',(-0.939055726280394,-1.02759684479341,
-9.50955262723194));
#6072=CARTESIAN_POINT('Ctrl Pts',(-1.37263183333148,0.231652288170036,-9.58893741536887));
#6073=CARTESIAN_POINT('Ctrl Pts',(-0.549805628984118,1.27886461473713,-9.66832220350588));
#6074=CARTESIAN_POINT('Ctrl Pts',(0.768147317666027,1.15625767725631,-9.74722069347083));
#6075=CARTESIAN_POINT('Ctrl Pts',(1.1790475735277,0.382564678533608,-9.79965758739017));
#6076=CARTESIAN_POINT('Ctrl Pts',(1.17966174666906,-0.000133467969113434,
-9.82563288526384));
#6077=CARTESIAN_POINT('Ctrl Pts',(1.17967903230371,3.73934497223662E-5,
-9.42436711473615));
#6078=CARTESIAN_POINT('Ctrl Pts',(1.17949862676042,-0.3878087113526,-9.45069286451907));
#6079=CARTESIAN_POINT('Ctrl Pts',(0.758665349278244,-1.16583782703057,-9.50348021034765));
#6080=CARTESIAN_POINT('Ctrl Pts',(-0.566653168575454,-1.27148934747482,
-9.58272915222191));
#6081=CARTESIAN_POINT('Ctrl Pts',(-1.3755724911024,-0.213497765610999,-9.66211394035885));
#6082=CARTESIAN_POINT('Ctrl Pts',(-0.92539784877313,1.039913359701,-9.74149872849587));
#6083=CARTESIAN_POINT('Ctrl Pts',(0.371815284088471,1.3414672447424,-9.82088351663279));
#6084=CARTESIAN_POINT('Ctrl Pts',(1.10656325404696,0.630184268439885,-9.8818396453796));
#6085=CARTESIAN_POINT('Ctrl Pts',(1.17790721884109,0.120055992363369,-9.91633417808071));
#6086=CARTESIAN_POINT('Ctrl Pts',(1.17694860938807,0.000998231217306123,
-9.92436711473617));
#6087=CARTESIAN_POINT('Origin',(0.,0.,-2.07563288526379));
#6088=CARTESIAN_POINT('',(1.17622998695591,0.000687508975983581,-8.82563288526383));
#6089=CARTESIAN_POINT('',(1.17705773326552,-0.00102171836909651,-8.92436711473616));
#6090=CARTESIAN_POINT('',(1.17775,8.67796523415517E-13,-2.07563288526379));
#6091=CARTESIAN_POINT('Ctrl Pts',(1.17622998695591,0.000687508975983544,
-8.82563288526383));
#6092=CARTESIAN_POINT('Ctrl Pts',(1.17494471191474,-0.240979965018125,-8.84191336422126));
#6093=CARTESIAN_POINT('Ctrl Pts',(0.984796365964253,-0.877299283198917,
-8.88465543922436));
#6094=CARTESIAN_POINT('Ctrl Pts',(-0.0564206231870244,-1.39089814356356,
-8.95385911027308));
#6095=CARTESIAN_POINT('Ctrl Pts',(-1.1991764170932,-0.706934829511814,-9.03324389841009));
#6096=CARTESIAN_POINT('Ctrl Pts',(-1.24429773566182,0.624102617777107,-9.11262868654702));
#6097=CARTESIAN_POINT('Ctrl Pts',(-0.150483971136066,1.38388421008424,-9.19201347468404));
#6098=CARTESIAN_POINT('Ctrl Pts',(0.95101357808359,0.930496973590764,-9.26301487425626));
#6099=CARTESIAN_POINT('Ctrl Pts',(1.17475025877418,0.267056590179684,-9.30755467778288));
#6100=CARTESIAN_POINT('Ctrl Pts',(1.17681287820081,-0.000962209330152945,
-9.32563288526383));
#6101=CARTESIAN_POINT('Ctrl Pts',(1.17705773326552,-0.00102171836909651,
-8.92436711473616));
#6102=CARTESIAN_POINT('Ctrl Pts',(1.17801215634925,-0.116025687076206,-8.93212835886613));
#6103=CARTESIAN_POINT('Ctrl Pts',(1.10971753974403,-0.622021056195385,-8.96635119904177));
#6104=CARTESIAN_POINT('Ctrl Pts',(0.385535608416535,-1.33758860223966,-9.02703563526308));
#6105=CARTESIAN_POINT('Ctrl Pts',(-0.914698111447963,-1.04933709508055,
-9.10642042340003));
#6106=CARTESIAN_POINT('Ctrl Pts',(-1.37768706286952,0.199397419743856,-9.18580521153704));
#6107=CARTESIAN_POINT('Ctrl Pts',(-0.579646531992153,1.2656187704629,-9.26518999967398));
#6108=CARTESIAN_POINT('Ctrl Pts',(0.748958149376667,1.17338939175401,-9.34457478781098));
#6109=CARTESIAN_POINT('Ctrl Pts',(1.17876899546194,0.393886721937503,-9.39763382616502));
#6110=CARTESIAN_POINT('Ctrl Pts',(1.17967996323328,0.00203875881593225,
-9.42423126847342));
#6111=CARTESIAN_POINT('Ctrl Pts',(1.17967903230371,3.73934497223662E-5,
-9.42436711473615));
#6112=CARTESIAN_POINT('Origin',(0.,0.,-2.07563288526379));
#6113=CARTESIAN_POINT('',(1.17931508329212,0.000588883153639799,-8.32563288526383));
#6114=CARTESIAN_POINT('',(1.1760815375895,0.000563480415986042,-8.42436711473616));
#6115=CARTESIAN_POINT('',(1.17775,8.67796523415517E-13,-2.07563288526379));
#6116=CARTESIAN_POINT('Ctrl Pts',(1.17931508329212,0.000588883153639771,
-8.32563288526383));
#6117=CARTESIAN_POINT('Ctrl Pts',(1.17713099142224,-0.355901804981937,-8.34981045461398));
#6118=CARTESIAN_POINT('Ctrl Pts',(0.814914822951761,-1.10640452061953,-8.40044962000978));
#6119=CARTESIAN_POINT('Ctrl Pts',(-0.461937581624774,-1.31316206279805,
-8.47755038145125));
#6120=CARTESIAN_POINT('Ctrl Pts',(-1.35379298787152,-0.324076346682798,
-8.55693516958822));
#6121=CARTESIAN_POINT('Ctrl Pts',(-1.00648972256935,0.961644097809396,-8.63631995772519));
#6122=CARTESIAN_POINT('Ctrl Pts',(0.262077339133167,1.36714900460859,-8.71570474586218));
#6123=CARTESIAN_POINT('Ctrl Pts',(1.07979363210593,0.694745623163032,-8.77880905504171));
#6124=CARTESIAN_POINT('Ctrl Pts',(1.17703374314262,0.151816038768249,-8.8154517681756));
#6125=CARTESIAN_POINT('Ctrl Pts',(1.17622998695591,0.000687508975983544,
-8.82563288526383));
#6126=CARTESIAN_POINT('Ctrl Pts',(1.1760815375895,0.000563480415985973,
-8.42436711473616));
#6127=CARTESIAN_POINT('Ctrl Pts',(1.17507598115455,-0.231942356340696,-8.44002544925885));
#6128=CARTESIAN_POINT('Ctrl Pts',(0.995850333849709,-0.858797951371189,
-8.48214537982721));
#6129=CARTESIAN_POINT('Ctrl Pts',(-0.0237855643606461,-1.39183879135718,
-8.55072690644123));
#6130=CARTESIAN_POINT('Ctrl Pts',(-1.18226747293817,-0.734863658531934,
-8.63011169457819));
#6131=CARTESIAN_POINT('Ctrl Pts',(-1.25859206181727,0.594749523857819,-8.70949648271519));
#6132=CARTESIAN_POINT('Ctrl Pts',(-0.182897633523321,1.37997443086824,-8.78888127085213));
#6133=CARTESIAN_POINT('Ctrl Pts',(0.938672179613014,0.948799042500739,-8.86050481485916));
#6134=CARTESIAN_POINT('Ctrl Pts',(1.17475809583069,0.27607492367772,-8.90566676282048));
#6135=CARTESIAN_POINT('Ctrl Pts',(1.17705773326552,-0.00102171836909651,
-8.92436711473616));
#6136=CARTESIAN_POINT('Origin',(0.,0.,-2.07563288526379));
#6137=CARTESIAN_POINT('',(1.17799552868069,-0.00105928193453077,-7.82563288526383));
#6138=CARTESIAN_POINT('',(1.17911575434649,0.000720670001829269,-7.92436711473616));
#6139=CARTESIAN_POINT('',(1.17775,8.67796523415517E-13,-2.07563288526379));
#6140=CARTESIAN_POINT('Ctrl Pts',(1.17799552868069,-0.00105928193453082,
-7.82563288526383));
#6141=CARTESIAN_POINT('Ctrl Pts',(1.17876205937071,-0.0840634220840559,
-7.83124594896104));
#6142=CARTESIAN_POINT('Ctrl Pts',(1.13289719338675,-0.557531999484039,-7.8633206087039));
#6143=CARTESIAN_POINT('Ctrl Pts',(0.492477597146506,-1.30201641648567,-7.92185686449243));
#6144=CARTESIAN_POINT('Ctrl Pts',(-0.826813048647672,-1.11989334986654,
-8.00124165262939));
#6145=CARTESIAN_POINT('Ctrl Pts',(-1.38930219808279,0.087294529563383,-8.08062644076637));
#6146=CARTESIAN_POINT('Ctrl Pts',(-0.680130257839069,1.21457966591786,-8.16001122890335));
#6147=CARTESIAN_POINT('Ctrl Pts',(0.651580958597208,1.23013136976622,-8.23939601704032));
#6148=CARTESIAN_POINT('Ctrl Pts',(1.16293934387408,0.457905204338964,-8.29460323582715));
#6149=CARTESIAN_POINT('Ctrl Pts',(1.17952141189629,0.0342661414673501,-8.32334885856832));
#6150=CARTESIAN_POINT('Ctrl Pts',(1.17931508329212,0.000588883153639771,
-8.32563288526383));
#6151=CARTESIAN_POINT('Ctrl Pts',(1.17911575434649,0.000720670001829278,
-7.92436711473616));
#6152=CARTESIAN_POINT('Ctrl Pts',(1.17661451525964,-0.346751368607653,-7.94792253965157));
#6153=CARTESIAN_POINT('Ctrl Pts',(0.830376988703608,-1.08889827899925,-7.99793956061266));
#6154=CARTESIAN_POINT('Ctrl Pts',(-0.431014071703769,-1.32363433175175,
-8.07441817761936));
#6155=CARTESIAN_POINT('Ctrl Pts',(-1.34582037146285,-0.355736562577088,
-8.15380296575636));
#6156=CARTESIAN_POINT('Ctrl Pts',(-1.02876552362699,0.93777527776917,-8.23318775389332));
#6157=CARTESIAN_POINT('Ctrl Pts',(0.22994268703005,1.37291927471354,-8.3125725420303));
#6158=CARTESIAN_POINT('Ctrl Pts',(1.07141848931091,0.713439698590463,-8.37629899564458));
#6159=CARTESIAN_POINT('Ctrl Pts',(1.1767753079983,0.160977817998096,-8.4135638532132));
#6160=CARTESIAN_POINT('Ctrl Pts',(1.1760815375895,0.000563480415985973,
-8.42436711473616));
#6161=CARTESIAN_POINT('Origin',(0.,0.,-2.07563288526379));
#6162=CARTESIAN_POINT('',(1.17582047021171,6.80851799782164E-5,-7.32563288526382));
#6163=CARTESIAN_POINT('',(1.17827357392607,-0.00101876862392242,-7.42436711473616));
#6164=CARTESIAN_POINT('',(1.17775,8.67796523415517E-13,-2.07563288526379));
#6165=CARTESIAN_POINT('Ctrl Pts',(1.17582047021171,6.80851799781355E-5,
-7.32563288526382));
#6166=CARTESIAN_POINT('Ctrl Pts',(1.17571695959217,-0.200651348905398,-7.33914303935375));
#6167=CARTESIAN_POINT('Ctrl Pts',(1.03157706770924,-0.794648352903904,-7.37911478948933));
#6168=CARTESIAN_POINT('Ctrl Pts',(0.0888865826800332,-1.38920124816703,
-7.44554813567058));
#6169=CARTESIAN_POINT('Ctrl Pts',(-1.11894510453676,-0.828095879426171,
-7.52493292380754));
#6170=CARTESIAN_POINT('Ctrl Pts',(-1.30257993027185,0.490985190960339,-7.60431771194453));
#6171=CARTESIAN_POINT('Ctrl Pts',(-0.293932604716066,1.36065592872489,-7.68370250008149));
#6172=CARTESIAN_POINT('Ctrl Pts',(0.893416433083751,1.01145575109095,-7.75747422452127));
#6173=CARTESIAN_POINT('Ctrl Pts',(1.17514841331749,0.307241958584757,-7.80478435291538));
#6174=CARTESIAN_POINT('Ctrl Pts',(1.17799552868069,-0.00105928193453082,
-7.82563288526383));
#6175=CARTESIAN_POINT('Ctrl Pts',(1.17827357392607,-0.00101876862392243,
-7.42436711473616));
#6176=CARTESIAN_POINT('Ctrl Pts',(1.17894600397325,-0.0747780367542039,
-7.42935803399864));
#6177=CARTESIAN_POINT('Ctrl Pts',(1.13904176441831,-0.538879898022518,-7.46081054930677));
#6178=CARTESIAN_POINT('Ctrl Pts',(0.522877226355255,-1.29010866998001,-7.51872466066055));
#6179=CARTESIAN_POINT('Ctrl Pts',(-0.800321752962097,-1.13897588470267,
-7.59810944879753));
#6180=CARTESIAN_POINT('Ctrl Pts',(-1.39096734406059,0.0546884078721268,
-7.67749423693451));
#6181=CARTESIAN_POINT('Ctrl Pts',(-0.708427698069023,1.19829511006562,-7.75687902507147));
#6182=CARTESIAN_POINT('Ctrl Pts',(0.622552538982086,1.24507401804291,-7.83626381320846));
#6183=CARTESIAN_POINT('Ctrl Pts',(1.15784577961373,0.476487809551596,-7.89209317643001));
#6184=CARTESIAN_POINT('Ctrl Pts',(1.17942434690426,0.0435903363653117,-7.92146094360591));
#6185=CARTESIAN_POINT('Ctrl Pts',(1.17911575434649,0.000720670001829278,
-7.92436711473616));
#6186=CARTESIAN_POINT('Origin',(0.,0.,-2.07563288526379));
#6187=CARTESIAN_POINT('',(1.17824544917577,0.00102396323420592,-6.82563288526383));
#6188=CARTESIAN_POINT('',(1.17582228746726,-8.3517742455741E-5,-6.92436711473616));
#6189=CARTESIAN_POINT('',(1.17775,8.67796523415517E-13,-2.07563288526379));
#6190=CARTESIAN_POINT('Ctrl Pts',(1.17824544917577,0.00102396323420594,
-6.82563288526383));
#6191=CARTESIAN_POINT('Ctrl Pts',(1.17535442584887,-0.31536661301427,-6.84704012974647));
#6192=CARTESIAN_POINT('Ctrl Pts',(0.88096171702344,-1.02759329224666,-6.89490897027476));
#6193=CARTESIAN_POINT('Ctrl Pts',(-0.322524716237383,-1.3541634834485,-6.96923940684874));
#6194=CARTESIAN_POINT('Ctrl Pts',(-1.31263182999881,-0.463442133780836,
-7.0486241949857));
#6195=CARTESIAN_POINT('Ctrl Pts',(-1.1012560514227,0.851478738251432,-7.12800898312268));
#6196=CARTESIAN_POINT('Ctrl Pts',(0.118125380855077,1.38702102611576,-7.20739377125965));
#6197=CARTESIAN_POINT('Ctrl Pts',(1.0402635844546,0.777911763630761,-7.27326840530671));
#6198=CARTESIAN_POINT('Ctrl Pts',(1.17591970015179,0.192486771350466,-7.31268144330809));
#6199=CARTESIAN_POINT('Ctrl Pts',(1.17582047021171,6.80851799781355E-5,
-7.32563288526382));
#6200=CARTESIAN_POINT('Ctrl Pts',(1.17582228746726,-8.35177424557583E-5,
-6.92436711473616));
#6201=CARTESIAN_POINT('Ctrl Pts',(1.17594342360763,-0.191559063628787,-6.93725512439135));
#6202=CARTESIAN_POINT('Ctrl Pts',(1.04123432774125,-0.776010572692588,-6.9766047300922));
#6203=CARTESIAN_POINT('Ctrl Pts',(0.121441882043019,-1.3867345973489,-7.04241593183869));
#6204=CARTESIAN_POINT('Ctrl Pts',(-1.09921674006872,-0.854109789518444,
-7.12180071997569));
#6205=CARTESIAN_POINT('Ctrl Pts',(-1.3137363382892,0.460301865797914,-7.20118550811264));
#6206=CARTESIAN_POINT('Ctrl Pts',(-0.325762061667349,1.3533883601453,-7.28057029624964));
#6207=CARTESIAN_POINT('Ctrl Pts',(0.879529581436003,1.0294208108539,-7.35496416512412));
#6208=CARTESIAN_POINT('Ctrl Pts',(1.175380814608,0.316289791684149,-7.40289643795298));
#6209=CARTESIAN_POINT('Ctrl Pts',(1.17827357392607,-0.00101876862392243,
-7.42436711473616));
#6210=CARTESIAN_POINT('Origin',(0.,0.,-2.07563288526379));
#6211=CARTESIAN_POINT('',(1.17913751894136,-0.000708025124483292,-6.32563288526382));
#6212=CARTESIAN_POINT('',(1.17796701432011,0.00106210184610583,-6.42436711473615));
#6213=CARTESIAN_POINT('',(1.17775,8.67796523415517E-13,-2.07563288526379));
#6214=CARTESIAN_POINT('Ctrl Pts',(1.17913751894136,-0.000708025124483281,
-6.32563288526382));
#6215=CARTESIAN_POINT('Ctrl Pts',(1.17943524376359,-0.0426399506004506,
-6.32847562409352));
#6216=CARTESIAN_POINT('Ctrl Pts',(1.15837580010949,-0.474592345616698,-6.35777995896888));
#6217=CARTESIAN_POINT('Ctrl Pts',(0.625528146412433,-1.24358171043772,-6.41354588988991));
#6218=CARTESIAN_POINT('Ctrl Pts',(-0.705560134933203,-1.1999857617832,-6.49293067802689));
#6219=CARTESIAN_POINT('Ctrl Pts',(-1.3908325734325,-0.0580145254957024,
-6.57231546616385));
#6220=CARTESIAN_POINT('Ctrl Pts',(-0.803043133578241,1.13705877513091,-6.65170025430084));
#6221=CARTESIAN_POINT('Ctrl Pts',(0.51979063839789,1.29135534409522,-6.7310850424378));
#6222=CARTESIAN_POINT('Ctrl Pts',(1.13842669056611,0.540780995166309,-6.78906258609214));
#6223=CARTESIAN_POINT('Ctrl Pts',(1.17892803344218,0.0757252731053322,-6.82057853370081));
#6224=CARTESIAN_POINT('Ctrl Pts',(1.17824544917577,0.00102396323420594,
-6.82563288526383));
#6225=CARTESIAN_POINT('Ctrl Pts',(1.17796701432011,0.00106210184610576,
-6.42436711473615));
#6226=CARTESIAN_POINT('Ctrl Pts',(1.17512795997048,-0.306320231307271,-6.44515221478407));
#6227=CARTESIAN_POINT('Ctrl Pts',(0.894812405873469,-1.00961910710626,-6.49239891087763));
#6228=CARTESIAN_POINT('Ctrl Pts',(-0.290677977672989,-1.36135494544755,
-6.56610720301686));
#6229=CARTESIAN_POINT('Ctrl Pts',(-1.30140210777737,-0.494098702762081,
-6.64549199115383));
#6230=CARTESIAN_POINT('Ctrl Pts',(-1.12092217531689,0.825417743376895,-6.72487677929081));
#6231=CARTESIAN_POINT('Ctrl Pts',(0.0855642781695553,1.3894098490006,-6.80426156742778));
#6232=CARTESIAN_POINT('Ctrl Pts',(1.03057531613533,0.796547399354613,-6.87075834590956));
#6233=CARTESIAN_POINT('Ctrl Pts',(1.17569470749871,0.201577555866598,-6.91079352834569));
#6234=CARTESIAN_POINT('Ctrl Pts',(1.17582228746726,-8.35177424557583E-5,
-6.92436711473616));
#6235=CARTESIAN_POINT('Origin',(0.,0.,-2.07563288526379));
#6236=CARTESIAN_POINT('',(1.17609525629117,-0.000576671179379104,-5.82563288526383));
#6237=CARTESIAN_POINT('',(1.17933350525151,-0.000574526247294066,-5.92436711473616));
#6238=CARTESIAN_POINT('',(1.17775,8.67796523415517E-13,-2.07563288526379));
#6239=CARTESIAN_POINT('Ctrl Pts',(1.17609525629117,-0.000576671179379016,
-5.82563288526383));
#6240=CARTESIAN_POINT('Ctrl Pts',(1.17680158312327,-0.160044461835946,-5.83637271448624));
#6241=CARTESIAN_POINT('Ctrl Pts',(1.07228547106437,-0.711533962677812,-5.87357413975432));
#6242=CARTESIAN_POINT('Ctrl Pts',(0.233225142617104,-1.37236546347578,-5.93723716106806));
#6243=CARTESIAN_POINT('Ctrl Pts',(-1.02652003237423,-0.94023271354683,-6.01662194920503));
#6244=CARTESIAN_POINT('Ctrl Pts',(-1.34666719568197,0.352517228746883,-6.09600673734201));
#6245=CARTESIAN_POINT('Ctrl Pts',(-0.43417809320184,1.3225998321008,-6.17539152547898));
#6246=CARTESIAN_POINT('Ctrl Pts',(0.82881735624031,1.09068867624857,-6.25193357478626));
#6247=CARTESIAN_POINT('Ctrl Pts',(1.17666387627235,0.347682812000248,-6.30201402804787));
#6248=CARTESIAN_POINT('Ctrl Pts',(1.17913751894136,-0.000708025124483281,
-6.32563288526382));
#6249=CARTESIAN_POINT('Ctrl Pts',(1.17933350525151,-0.000574526247294027,
-5.92436711473616));
#6250=CARTESIAN_POINT('Ctrl Pts',(1.1795300666713,-0.0333151448180666,-5.92658770913113));
#6251=CARTESIAN_POINT('Ctrl Pts',(1.16344561790801,-0.45601159687707,-5.95526989957176));
#6252=CARTESIAN_POINT('Ctrl Pts',(0.654520763864628,-1.2285697146962,-6.01041368605803));
#6253=CARTESIAN_POINT('Ctrl Pts',(-0.677223848599156,-1.21620262830134,
-6.08979847419502));
#6254=CARTESIAN_POINT('Ctrl Pts',(-1.38908948983943,-0.0906165736286167,
-6.16918326233198));
#6255=CARTESIAN_POINT('Ctrl Pts',(-0.82948873827597,1.1179129694533,-6.24856805046896));
#6256=CARTESIAN_POINT('Ctrl Pts',(0.489362631510073,1.30319038865397,-6.32795283860594));
#6257=CARTESIAN_POINT('Ctrl Pts',(1.1322566305727,0.559434460595912,-6.386552526695));
#6258=CARTESIAN_POINT('Ctrl Pts',(1.17874237169707,0.0850094766435288,-6.41869061873841));
#6259=CARTESIAN_POINT('Ctrl Pts',(1.17796701432011,0.00106210184610576,
-6.42436711473615));
#6260=CARTESIAN_POINT('Origin',(0.,0.,-2.07563288526379));
#6261=CARTESIAN_POINT('',(1.17703195925733,0.00101658932833268,-5.32563288526382));
#6262=CARTESIAN_POINT('',(1.1762468182836,-0.000699438742935848,-5.42436711473616));
#6263=CARTESIAN_POINT('',(1.17775,8.67796523415517E-13,-2.07563288526379));
#6264=CARTESIAN_POINT('Ctrl Pts',(1.17703195925733,0.00101658932833265,
-5.32563288526382));
#6265=CARTESIAN_POINT('Ctrl Pts',(1.17475531281151,-0.27515543022406,-5.34426980487896));
#6266=CARTESIAN_POINT('Ctrl Pts',(0.939946000641788,-0.946935874081476,
-5.38936832053976));
#6267=CARTESIAN_POINT('Ctrl Pts',(-0.179597121805304,-1.38040784058562,
-5.46092843224621));
#6268=CARTESIAN_POINT('Ctrl Pts',(-1.2571662018526,-0.597757537305565,-5.54031322038318));
#6269=CARTESIAN_POINT('Ctrl Pts',(-1.18402138800057,0.732034347037375,-5.61969800852017));
#6270=CARTESIAN_POINT('Ctrl Pts',(-0.0271138546021067,1.39177791740681,
-5.69908279665713));
#6271=CARTESIAN_POINT('Ctrl Pts',(0.99473805467693,0.860686139911724,-5.76772775557169));
#6272=CARTESIAN_POINT('Ctrl Pts',(1.17506128214454,0.232864230775175,-5.80991111844059));
#6273=CARTESIAN_POINT('Ctrl Pts',(1.17609525629117,-0.000576671179379016,
-5.82563288526383));
#6274=CARTESIAN_POINT('Ctrl Pts',(1.1762468182836,-0.000699438742935762,
-5.42436711473616));
#6275=CARTESIAN_POINT('Ctrl Pts',(1.1770601322061,-0.150880998704891,-5.43448479952384));
#6276=CARTESIAN_POINT('Ctrl Pts',(1.08063158090411,-0.692839353352871,-5.47106408035719));
#6277=CARTESIAN_POINT('Ctrl Pts',(0.265345909532489,-1.3665183944961,-5.53410495723619));
#6278=CARTESIAN_POINT('Ctrl Pts',(-1.00418723842069,-0.964048216839213,
-5.61348974537317));
#6279=CARTESIAN_POINT('Ctrl Pts',(-1.35456410805309,0.320838045394233,-5.69287453351014));
#6280=CARTESIAN_POINT('Ctrl Pts',(-0.465076481636191,1.31205367284572,-5.77225932164712));
#6281=CARTESIAN_POINT('Ctrl Pts',(0.813317608403023,1.10818251584737,-5.84942351538911));
#6282=CARTESIAN_POINT('Ctrl Pts',(1.17718775287447,0.356836710409394,-5.90012611308547));
#6283=CARTESIAN_POINT('Ctrl Pts',(1.17933350525151,-0.000574526247294027,
-5.92436711473616));
#6284=CARTESIAN_POINT('Origin',(0.,0.,-2.07563288526379));
#6285=CARTESIAN_POINT('',(1.17968009077762,-1.99368399741397E-5,-4.82563288526382));
#6286=CARTESIAN_POINT('',(1.17678898266147,0.000955019331050563,-4.92436711473615));
#6287=CARTESIAN_POINT('',(1.17775,8.67796523415517E-13,-2.07563288526379));
#6288=CARTESIAN_POINT('Ctrl Pts',(1.17968009077762,-1.99368399740196E-5,
-4.82563288526382));
#6289=CARTESIAN_POINT('Ctrl Pts',(1.17968035704264,-0.00108677840017116,
-4.82570529922602));
#6290=CARTESIAN_POINT('Ctrl Pts',(1.17919591851101,-0.391999880538617,-4.85223930923387));
#6291=CARTESIAN_POINT('Ctrl Pts',(0.751761971652138,-1.17159501049327,-4.90523491528739));
#6292=CARTESIAN_POINT('Ctrl Pts',(-0.576618344696854,-1.26700126990038,
-4.98461970342436));
#6293=CARTESIAN_POINT('Ctrl Pts',(-1.37720628207275,-0.202691364196404,
-5.06400449156134));
#6294=CARTESIAN_POINT('Ctrl Pts',(-0.917204807043039,1.04714673001256,-5.14338927969831));
#6295=CARTESIAN_POINT('Ctrl Pts',(0.382335874004908,1.33850670976214,-5.22277406783529));
#6296=CARTESIAN_POINT('Ctrl Pts',(1.10898565180803,0.62392682492621,-5.28352193635713));
#6297=CARTESIAN_POINT('Ctrl Pts',(1.17798780508126,0.116966903907444,-5.3178082088333));
#6298=CARTESIAN_POINT('Ctrl Pts',(1.17703195925733,0.00101658932833265,
-5.32563288526382));
#6299=CARTESIAN_POINT('Ctrl Pts',(1.17678898266147,0.00095501933105065,
-4.92436711473615));
#6300=CARTESIAN_POINT('Ctrl Pts',(1.17475182798627,-0.266137060533935,-4.94238188991656));
#6301=CARTESIAN_POINT('Ctrl Pts',(0.952252901871848,-0.92862753302158,-4.98685826114262));
#6302=CARTESIAN_POINT('Ctrl Pts',(-0.147174205988641,-1.38424012636176,
-5.05779622841435));
#6303=CARTESIAN_POINT('Ctrl Pts',(-1.24280175028059,-0.627076377873997,
-5.13718101655131));
#6304=CARTESIAN_POINT('Ctrl Pts',(-1.20086352216899,0.70406517829649,-5.2165658046883));
#6305=CARTESIAN_POINT('Ctrl Pts',(-0.0597465716459663,1.39075926076253,
-5.29595059282526));
#6306=CARTESIAN_POINT('Ctrl Pts',(0.983651146446425,0.879183283587544,-5.36521769617456));
#6307=CARTESIAN_POINT('Ctrl Pts',(1.17493300678887,0.241900932795547,-5.40802320347819));
#6308=CARTESIAN_POINT('Ctrl Pts',(1.1762468182836,-0.000699438742935762,
-5.42436711473616));
#6309=CARTESIAN_POINT('Origin',(0.,0.,-2.07563288526379));
#6310=CARTESIAN_POINT('',(1.17697378336463,-0.0010040619045549,-4.32563288526382));
#6311=CARTESIAN_POINT('',(1.17965664398022,0.000150743280008451,-4.42436711473616));
#6312=CARTESIAN_POINT('',(1.17775,8.67796523415517E-13,-2.07563288526379));
#6313=CARTESIAN_POINT('Ctrl Pts',(1.17697378336463,-0.00100406190455499,
-4.32563288526382));
#6314=CARTESIAN_POINT('Ctrl Pts',(1.17793186498958,-0.119115295615118,-4.33360238961874));
#6315=CARTESIAN_POINT('Ctrl Pts',(1.10730424650125,-0.628278336010819,-4.36803349001931));
#6316=CARTESIAN_POINT('Ctrl Pts',(0.375022114413347,-1.34057422475245,-4.42892618646554));
#6317=CARTESIAN_POINT('Ctrl Pts',(-0.922908404442313,-1.0421233328357,-4.50831097460252));
#6318=CARTESIAN_POINT('Ctrl Pts',(-1.37607909029454,0.210207701898773,-4.58769576273949));
#6319=CARTESIAN_POINT('Ctrl Pts',(-0.569692103627869,1.27013063351155,-4.66708055087646));
#6320=CARTESIAN_POINT('Ctrl Pts',(0.756936266226908,1.1675666813212,-4.74639292505125));
#6321=CARTESIAN_POINT('Ctrl Pts',(1.17958305816313,0.388759731224339,-4.79924370318036));
#6322=CARTESIAN_POINT('Ctrl Pts',(1.17968009077762,-1.99368399740196E-5,
-4.82563288526382));
#6323=CARTESIAN_POINT('Ctrl Pts',(1.17965664398022,0.000150743280008418,
-4.42436711473615));
#6324=CARTESIAN_POINT('Ctrl Pts',(1.17896873201467,-0.381617305851397,-4.45027898030928));
#6325=CARTESIAN_POINT('Ctrl Pts',(0.769850771619085,-1.15451858460737,-4.50265244192805));
#6326=CARTESIAN_POINT('Ctrl Pts',(-0.546745862992088,-1.28017574608252,
-4.58148749959249));
#6327=CARTESIAN_POINT('Ctrl Pts',(-1.37207396467163,-0.234934055240638,
-4.66087228772947));
#6328=CARTESIAN_POINT('Ctrl Pts',(-0.94151038370085,1.02534831629519,-4.74025707586644));
#6329=CARTESIAN_POINT('Ctrl Pts',(0.350839870436738,1.34710517792424,-4.81964186400342));
#6330=CARTESIAN_POINT('Ctrl Pts',(1.10165973719405,0.642621545908626,-4.88101187695999));
#6331=CARTESIAN_POINT('Ctrl Pts',(1.17774416974785,0.126189940697253,-4.9159202938709));
#6332=CARTESIAN_POINT('Ctrl Pts',(1.17678898266147,0.00095501933105065,
-4.92436711473615));
#6333=CARTESIAN_POINT('Origin',(0.,0.,-2.07563288526379));
#6334=CARTESIAN_POINT('',(1.17612758045834,0.000607791921400198,-3.82563288526382));
#6335=CARTESIAN_POINT('',(1.1772296559397,-0.00104973407674347,-3.92436711473615));
#6336=CARTESIAN_POINT('',(1.17775,8.67796523415517E-13,-2.07563288526379));
#6337=CARTESIAN_POINT('Ctrl Pts',(1.17612758045834,0.000607791921399987,
-3.82563288526382));
#6338=CARTESIAN_POINT('Ctrl Pts',(1.17502869130344,-0.234967845069802,-3.84149948001145));
#6339=CARTESIAN_POINT('Ctrl Pts',(0.992186403904088,-0.864998102657414,
-3.88382767080474));
#6340=CARTESIAN_POINT('Ctrl Pts',(-0.0347126224338698,-1.39160756139187,
-3.9526174576437));
#6341=CARTESIAN_POINT('Ctrl Pts',(-1.18800040407488,-0.725559677084334,
-4.03200224578067));
#6342=CARTESIAN_POINT('Ctrl Pts',(-1.25388386602965,0.604613011604308,-4.11138703391764));
#6343=CARTESIAN_POINT('Ctrl Pts',(-0.172057577011757,1.38136761030734,-4.19077182205462));
#6344=CARTESIAN_POINT('Ctrl Pts',(0.942841131484679,0.942679521030567,-4.26218710583668));
#6345=CARTESIAN_POINT('Ctrl Pts',(1.17475069238347,0.273056113761908,-4.30714079357308));
#6346=CARTESIAN_POINT('Ctrl Pts',(1.17697378336463,-0.00100406190455499,
-4.32563288526382));
#6347=CARTESIAN_POINT('Ctrl Pts',(1.1772296559397,-0.00104973407674333,
-3.92436711473616));
#6348=CARTESIAN_POINT('Ctrl Pts',(1.17816835875216,-0.109880630743836,-3.93171447465634));
#6349=CARTESIAN_POINT('Ctrl Pts',(1.114425225074,-0.609588141182985,-3.96552343062217));
#6350=CARTESIAN_POINT('Ctrl Pts',(0.406358239582699,-1.33141027029427,-4.02579398263368));
#6351=CARTESIAN_POINT('Ctrl Pts',(-0.898214516003441,-1.06348099665615,
-4.10517877077065));
#6352=CARTESIAN_POINT('Ctrl Pts',(-1.38063046988984,0.177877937396374,-4.18456355890762));
#6353=CARTESIAN_POINT('Ctrl Pts',(-0.599322696371051,1.25642078371885,-4.2639483470446));
#6354=CARTESIAN_POINT('Ctrl Pts',(0.730559245664303,1.18493214746093,-4.34333313518157));
#6355=CARTESIAN_POINT('Ctrl Pts',(1.17592709661375,0.406203022443232,-4.39680605774542));
#6356=CARTESIAN_POINT('Ctrl Pts',(1.17967123830454,0.00825010337649423,
-4.42381738426362));
#6357=CARTESIAN_POINT('Ctrl Pts',(1.17965664398022,0.000150743280008418,
-4.42436711473615));
#6358=CARTESIAN_POINT('Origin',(0.,0.,-2.07563288526379));
#6359=CARTESIAN_POINT('',(1.17917221042465,0.000761056179781171,-3.32563288526382));
#6360=CARTESIAN_POINT('',(1.17599691049005,0.000483717131367634,-3.42436711473615));
#6361=CARTESIAN_POINT('',(1.17775,8.67796523415517E-13,-2.07563288526379));
#6362=CARTESIAN_POINT('Ctrl Pts',(1.17917221042465,0.000761056179781196,
-3.32563288526382));
#6363=CARTESIAN_POINT('Ctrl Pts',(1.17676191277427,-0.349706297564088,-3.34939657040417));
#6364=CARTESIAN_POINT('Ctrl Pts',(0.825264389257297,-1.09490489565386,-3.39962185159018));
#6365=CARTESIAN_POINT('Ctrl Pts',(-0.441405196467395,-1.32013571867805,
-3.47630872882185));
#6366=CARTESIAN_POINT('Ctrl Pts',(-1.3485653044545,-0.345198247006614,-3.55569351695883));
#6367=CARTESIAN_POINT('Ctrl Pts',(-1.02137462494755,0.945843824915876,-3.63507830509579));
#6368=CARTESIAN_POINT('Ctrl Pts',(0.240716391109078,1.37106085244762,-3.71446309323277));
#6369=CARTESIAN_POINT('Ctrl Pts',(1.07425340840091,0.707184953223958,-3.77798128662211));
#6370=CARTESIAN_POINT('Ctrl Pts',(1.17686136941606,0.157914650727851,-3.8150378839658));
#6371=CARTESIAN_POINT('Ctrl Pts',(1.17612758045834,0.000607791921399987,
-3.82563288526382));
#6372=CARTESIAN_POINT('Ctrl Pts',(1.17599691049005,0.000483717131367668,
-3.42436711473616));
#6373=CARTESIAN_POINT('Ctrl Pts',(1.17517689027241,-0.225919853095901,-3.43961156504905));
#6374=CARTESIAN_POINT('Ctrl Pts',(1.00303137059009,-0.846483554086537,-3.48131761140761));
#6375=CARTESIAN_POINT('Ctrl Pts',(-0.00207022299143867,-1.39203017568511,
-3.54948525381183));
#6376=CARTESIAN_POINT('Ctrl Pts',(-1.17065598964537,-0.753225883625784,
-3.6288700419488));
#6377=CARTESIAN_POINT('Ctrl Pts',(-1.26771940485088,0.575042885252841,-3.70825483008578));
#6378=CARTESIAN_POINT('Ctrl Pts',(-0.204405800859845,1.37695130038158,-3.78763961822275));
#6379=CARTESIAN_POINT('Ctrl Pts',(0.930273336549923,0.960939531704409,-3.85967704643954));
#6380=CARTESIAN_POINT('Ctrl Pts',(1.17478761044254,0.28207501811193,-3.90525287861068));
#6381=CARTESIAN_POINT('Ctrl Pts',(1.1772296559397,-0.00104973407674333,
-3.92436711473616));
#6382=CARTESIAN_POINT('Origin',(0.,0.,-2.85));
#6383=CARTESIAN_POINT('',(-2.7,-3.30654635769785E-16,-3.));
#6384=CARTESIAN_POINT('Origin',(0.,0.,-3.));
#6385=CARTESIAN_POINT('',(-3.,3.67394039744206E-16,-2.7));
#6386=CARTESIAN_POINT('',(-2.85,3.49024337756996E-16,-2.85));
#6387=CARTESIAN_POINT('',(3.,-3.67394039744206E-16,-2.7));
#6388=CARTESIAN_POINT('Origin',(0.,0.,-2.7));
#6389=CARTESIAN_POINT('Origin',(0.,0.,-2.7));
#6390=CARTESIAN_POINT('Origin',(0.,0.,-1.5));
#6391=CARTESIAN_POINT('',(3.,-3.67394039744206E-16,-0.3));
#6392=CARTESIAN_POINT('',(3.,-3.67394039744206E-16,-1.5));
#6393=CARTESIAN_POINT('',(-3.,-3.67394039744206E-16,-0.3));
#6394=CARTESIAN_POINT('Origin',(0.,0.,-0.3));
#6395=CARTESIAN_POINT('Origin',(0.,0.,-0.3));
#6396=CARTESIAN_POINT('Origin',(-1.5,0.,-3.));
#6397=CARTESIAN_POINT('',(-0.684664424539458,-0.958295198918399,-3.));
#6398=CARTESIAN_POINT('Ctrl Pts',(-0.635547214197133,1.32091990831679,-3.));
#6399=CARTESIAN_POINT('Ctrl Pts',(-0.668168821811422,1.30149149481325,-3.));
#6400=CARTESIAN_POINT('Ctrl Pts',(-0.699926330188859,1.28074219081787,-3.));
#6401=CARTESIAN_POINT('Ctrl Pts',(-0.730727842903113,1.25866704472405,-3.));
#6402=CARTESIAN_POINT('Ctrl Pts',(-0.777574201413696,1.22509271291514,-3.));
#6403=CARTESIAN_POINT('Ctrl Pts',(-0.822211292094089,1.18845250379545,-3.));
#6404=CARTESIAN_POINT('Ctrl Pts',(-0.864488130594346,1.1490581012717,-3.));
#6405=CARTESIAN_POINT('Ctrl Pts',(-0.887614734059022,1.12750827024806,-3.));
#6406=CARTESIAN_POINT('Ctrl Pts',(-0.910034337905223,1.10513372185697,-3.));
#6407=CARTESIAN_POINT('Ctrl Pts',(-0.931716580119468,1.08198258401855,-3.));
#6408=CARTESIAN_POINT('Ctrl Pts',(-0.940837341240454,1.0722439234217,-3.));
#6409=CARTESIAN_POINT('Ctrl Pts',(-0.949822500972809,1.06237314080895,-3.));
#6410=CARTESIAN_POINT('Ctrl Pts',(-0.95866518614521,1.05237996851872,-3.));
#6411=CARTESIAN_POINT('Ctrl Pts',(-0.996816310201215,1.00926515120651,-3.));
#6412=CARTESIAN_POINT('Ctrl Pts',(-1.03234984525019,0.963841289862849,-3.));
#6413=CARTESIAN_POINT('Ctrl Pts',(-1.06511193922672,0.916419673509841,-3.));
#6414=CARTESIAN_POINT('Ctrl Pts',(-1.08668588194257,0.885192388848927,-3.));
#6415=CARTESIAN_POINT('Ctrl Pts',(-1.10705714081823,0.853098214309551,-3.));
#6416=CARTESIAN_POINT('Ctrl Pts',(-1.1261700107418,0.82022230047415,-3.));
#6417=CARTESIAN_POINT('Ctrl Pts',(-1.13479942151875,0.805378911371005,-3.));
#6418=CARTESIAN_POINT('Ctrl Pts',(-1.14317217700481,0.790376142357211,-3.));
#6419=CARTESIAN_POINT('Ctrl Pts',(-1.15128247418415,0.77522177412034,-3.));
#6420=CARTESIAN_POINT('Ctrl Pts',(-1.15614407059601,0.766137714607447,-3.));
#6421=CARTESIAN_POINT('Ctrl Pts',(-1.16090942048715,0.757002669081281,-3.));
#6422=CARTESIAN_POINT('Ctrl Pts',(-1.16557390551836,0.747825731022207,-3.));
#6423=CARTESIAN_POINT('Ctrl Pts',(-1.19106088760446,0.697682477404316,-3.));
#6424=CARTESIAN_POINT('Ctrl Pts',(-1.21357537750563,0.646224876087869,-3.));
#6425=CARTESIAN_POINT('Ctrl Pts',(-1.23297214775348,0.593741342614246,-3.));
#6426=CARTESIAN_POINT('Ctrl Pts',(-1.25187498407853,0.54259428924737,-3.));
#6427=CARTESIAN_POINT('Ctrl Pts',(-1.26781698262299,0.490471851889462,-3.));
#6428=CARTESIAN_POINT('Ctrl Pts',(-1.28061542511803,0.437635726634015,-3.));
#6429=CARTESIAN_POINT('Ctrl Pts',(-1.28807055294056,0.406858538895824,-3.));
#6430=CARTESIAN_POINT('Ctrl Pts',(-1.29445812644251,0.375839171771968,-3.));
#6431=CARTESIAN_POINT('Ctrl Pts',(-1.2997339207098,0.344630531614762,-3.));
#6432=CARTESIAN_POINT('Ctrl Pts',(-1.30367703630741,0.321305271085394,-3.));
#6433=CARTESIAN_POINT('Ctrl Pts',(-1.30699898634803,0.297874298713374,-3.));
#6434=CARTESIAN_POINT('Ctrl Pts',(-1.30967899799292,0.274360415111748,-3.));
#6435=CARTESIAN_POINT('Ctrl Pts',(-1.31067940530972,0.265583042354354,-3.));
#6436=CARTESIAN_POINT('Ctrl Pts',(-1.31159000989346,0.256796525306319,-3.));
#6437=CARTESIAN_POINT('Ctrl Pts',(-1.31240918048093,0.248010745141921,-3.));
#6438=CARTESIAN_POINT('Ctrl Pts',(-1.3173037354388,0.195515593924013,-3.));
#6439=CARTESIAN_POINT('Ctrl Pts',(-1.31894868159146,0.142956641660048,-3.));
#6440=CARTESIAN_POINT('Ctrl Pts',(-1.31718448063887,0.0905781250308999,
-3.));
#6441=CARTESIAN_POINT('Ctrl Pts',(-1.31685996851284,0.0809434721501767,
-3.));
#6442=CARTESIAN_POINT('Ctrl Pts',(-1.31641996730642,0.0713149426028023,
-3.));
#6443=CARTESIAN_POINT('Ctrl Pts',(-1.31586329141135,0.0616940898721892,
-3.));
#6444=CARTESIAN_POINT('Ctrl Pts',(-1.31269225967762,0.00689015533051756,
-3.));
#6445=CARTESIAN_POINT('Ctrl Pts',(-1.3057394927324,-0.0476667053257532,
-3.));
#6446=CARTESIAN_POINT('Ctrl Pts',(-1.29517784517904,-0.101672365256454,
-3.));
#6447=CARTESIAN_POINT('Ctrl Pts',(-1.29031008092574,-0.126563067162464,
-3.));
#6448=CARTESIAN_POINT('Ctrl Pts',(-1.28467499544309,-0.151336326087852,
-3.));
#6449=CARTESIAN_POINT('Ctrl Pts',(-1.27828616737412,-0.175960061285307,
-3.));
#6450=CARTESIAN_POINT('Ctrl Pts',(-1.2737832583211,-0.193315112781867,-3.));
#6451=CARTESIAN_POINT('Ctrl Pts',(-1.26890588000027,-0.210595854969198,
-3.));
#6452=CARTESIAN_POINT('Ctrl Pts',(-1.26365825592329,-0.227790490485854,
-3.));
#6453=CARTESIAN_POINT('Ctrl Pts',(-1.26065814088501,-0.237620822048218,
-3.));
#6454=CARTESIAN_POINT('Ctrl Pts',(-1.25753938408408,-0.247415047321093,
-3.));
#6455=CARTESIAN_POINT('Ctrl Pts',(-1.25430515851202,-0.257165846176914,
-3.));
#6456=CARTESIAN_POINT('Ctrl Pts',(-1.23777135250044,-0.307013271208982,
-3.));
#6457=CARTESIAN_POINT('Ctrl Pts',(-1.21820978439327,-0.355773357741004,
-3.));
#6458=CARTESIAN_POINT('Ctrl Pts',(-1.19579244393566,-0.403187566683914,
-3.));
#6459=CARTESIAN_POINT('Ctrl Pts',(-1.17348733675846,-0.450364394559326,
-3.));
#6460=CARTESIAN_POINT('Ctrl Pts',(-1.14835418721215,-0.496209682069281,
-3.));
#6461=CARTESIAN_POINT('Ctrl Pts',(-1.1205232905443,-0.540435988346296,-3.));
#6462=CARTESIAN_POINT('Ctrl Pts',(-1.10658379990929,-0.562587347302748,
-3.));
#6463=CARTESIAN_POINT('Ctrl Pts',(-1.09196699989824,-0.584331963059305,
-3.));
#6464=CARTESIAN_POINT('Ctrl Pts',(-1.0766864778177,-0.605629548903832,-3.));
#6465=CARTESIAN_POINT('Ctrl Pts',(-1.06542827610605,-0.621320931445938,
-3.));
#6466=CARTESIAN_POINT('Ctrl Pts',(-1.05380975008858,-0.636769595685673,
-3.));
#6467=CARTESIAN_POINT('Ctrl Pts',(-1.04183583442021,-0.651958285338676,
-3.));
#6468=CARTESIAN_POINT('Ctrl Pts',(-1.03604884314599,-0.659298976297519,
-3.));
#6469=CARTESIAN_POINT('Ctrl Pts',(-1.03017939378831,-0.666578065995945,
-3.));
#6470=CARTESIAN_POINT('Ctrl Pts',(-1.02423641564462,-0.673783881871495,
-3.));
#6471=CARTESIAN_POINT('Ctrl Pts',(-0.992149931490274,-0.712688500283323,
-3.));
#6472=CARTESIAN_POINT('Ctrl Pts',(-0.957860948394691,-0.749539590979767,
-3.));
#6473=CARTESIAN_POINT('Ctrl Pts',(-0.921499250946236,-0.784085061278455,
-3.));
#6474=CARTESIAN_POINT('Ctrl Pts',(-0.885878152025831,-0.817926925138244,
-3.));
#6475=CARTESIAN_POINT('Ctrl Pts',(-0.848267165540721,-0.849556710498903,
-3.));
#6476=CARTESIAN_POINT('Ctrl Pts',(-0.808764570293726,-0.878693848066943,
-3.));
#6477=CARTESIAN_POINT('Ctrl Pts',(-0.769261975046732,-0.907830985634984,
-3.));
#6478=CARTESIAN_POINT('Ctrl Pts',(-0.727867145994704,-0.934476156609187,
-3.));
#6479=CARTESIAN_POINT('Ctrl Pts',(-0.684664424539316,-0.9582951989185,-3.));
#6480=CARTESIAN_POINT('',(0.684664424539603,-0.958295198918295,-3.));
#6481=CARTESIAN_POINT('Origin',(0.,0.,-3.));
#6482=CARTESIAN_POINT('Ctrl Pts',(0.686144859985496,-0.959572882075455,
-3.));
#6483=CARTESIAN_POINT('Ctrl Pts',(0.713303285121522,-0.944807703028536,
-3.));
#6484=CARTESIAN_POINT('Ctrl Pts',(0.739786100218517,-0.928936527831022,
-3.));
#6485=CARTESIAN_POINT('Ctrl Pts',(0.765517065185664,-0.911974868421575,
-3.));
#6486=CARTESIAN_POINT('Ctrl Pts',(0.805800343618104,-0.885420432956784,
-3.));
#6487=CARTESIAN_POINT('Ctrl Pts',(0.844242262161406,-0.856195939300636,
-3.));
#6488=CARTESIAN_POINT('Ctrl Pts',(0.880771052036195,-0.824598806707149,
-3.));
#6489=CARTESIAN_POINT('Ctrl Pts',(0.896429385169155,-0.811054464562473,
-3.));
#6490=CARTESIAN_POINT('Ctrl Pts',(0.911735961327893,-0.797073538737871,
-3.));
#6491=CARTESIAN_POINT('Ctrl Pts',(0.926683950071963,-0.782676884426201,
-3.));
#6492=CARTESIAN_POINT('Ctrl Pts',(0.93696688067934,-0.772773224489072,-3.));
#6493=CARTESIAN_POINT('Ctrl Pts',(0.947082111166684,-0.762670444571797,
-3.));
#6494=CARTESIAN_POINT('Ctrl Pts',(0.957009948200905,-0.752393634724081,
-3.));
#6495=CARTESIAN_POINT('Ctrl Pts',(0.992175135311555,-0.715992358197297,
-3.));
#6496=CARTESIAN_POINT('Ctrl Pts',(1.025037565675,-0.677368663577383,-3.));
#6497=CARTESIAN_POINT('Ctrl Pts',(1.05551692254598,-0.636847325719562,-3.));
#6498=CARTESIAN_POINT('Ctrl Pts',(1.07707303608664,-0.608189156737194,-3.));
#6499=CARTESIAN_POINT('Ctrl Pts',(1.09743680067248,-0.578580638221847,-3.));
#6500=CARTESIAN_POINT('Ctrl Pts',(1.11657163311406,-0.548123378574078,-3.));
#6501=CARTESIAN_POINT('Ctrl Pts',(1.12313343294025,-0.537678842847254,-3.));
#6502=CARTESIAN_POINT('Ctrl Pts',(1.12955064623738,-0.52713441522243,-3.));
#6503=CARTESIAN_POINT('Ctrl Pts',(1.13582157355804,-0.516493952359952,-3.));
#6504=CARTESIAN_POINT('Ctrl Pts',(1.14109632457933,-0.507543794037105,-3.));
#6505=CARTESIAN_POINT('Ctrl Pts',(1.14626694104593,-0.498526559813375,-3.));
#6506=CARTESIAN_POINT('Ctrl Pts',(1.15132644006806,-0.48945584725486,-3.));
#6507=CARTESIAN_POINT('Ctrl Pts',(1.17691189055293,-0.443586035636441,-3.));
#6508=CARTESIAN_POINT('Ctrl Pts',(1.19970224146055,-0.396278296087011,-3.));
#6509=CARTESIAN_POINT('Ctrl Pts',(1.21961292860699,-0.347862067661948,-3.));
#6510=CARTESIAN_POINT('Ctrl Pts',(1.23989915892503,-0.298532642025468,-3.));
#6511=CARTESIAN_POINT('Ctrl Pts',(1.25719684823153,-0.248051629501277,-3.));
#6512=CARTESIAN_POINT('Ctrl Pts',(1.27138047615594,-0.196728523874787,-3.));
#6513=CARTESIAN_POINT('Ctrl Pts',(1.27954941962363,-0.167169404678814,-3.));
#6514=CARTESIAN_POINT('Ctrl Pts',(1.28668467647585,-0.137330309010806,-3.));
#6515=CARTESIAN_POINT('Ctrl Pts',(1.29275542615611,-0.10726650246928,-3.));
#6516=CARTESIAN_POINT('Ctrl Pts',(1.29640228891944,-0.0892063645332771,
-3.));
#6517=CARTESIAN_POINT('Ctrl Pts',(1.2996648980201,-0.0710650891375362,-3.));
#6518=CARTESIAN_POINT('Ctrl Pts',(1.30253557401597,-0.0528543631603806,
-3.));
#6519=CARTESIAN_POINT('Ctrl Pts',(1.30405300873359,-0.0432282026774855,
-3.));
#6520=CARTESIAN_POINT('Ctrl Pts',(1.30546078754741,-0.0335827550357237,
-3.));
#6521=CARTESIAN_POINT('Ctrl Pts',(1.30675611312066,-0.0239339896048356,
-3.));
#6522=CARTESIAN_POINT('Ctrl Pts',(1.3140487798125,0.030388438461373,-3.));
#6523=CARTESIAN_POINT('Ctrl Pts',(1.3177990150742,0.0849257805112096,-3.));
#6524=CARTESIAN_POINT('Ctrl Pts',(1.31789187966801,0.139348440910732,-3.));
#6525=CARTESIAN_POINT('Ctrl Pts',(1.31790714954602,0.148297248533465,-3.));
#6526=CARTESIAN_POINT('Ctrl Pts',(1.31782343479231,0.157243015023454,-3.));
#6527=CARTESIAN_POINT('Ctrl Pts',(1.31764010499439,0.166184338364636,-3.));
#6528=CARTESIAN_POINT('Ctrl Pts',(1.31656426777165,0.218654850959929,-3.));
#6529=CARTESIAN_POINT('Ctrl Pts',(1.31206223454147,0.270971678102529,-3.));
#6530=CARTESIAN_POINT('Ctrl Pts',(1.30433658751445,0.322916997506422,-3.));
#6531=CARTESIAN_POINT('Ctrl Pts',(1.30030486392791,0.350025299078933,-3.));
#6532=CARTESIAN_POINT('Ctrl Pts',(1.29539435339586,0.377032572105213,-3.));
#6533=CARTESIAN_POINT('Ctrl Pts',(1.28962841049291,0.40390818221996,-3.));
#6534=CARTESIAN_POINT('Ctrl Pts',(1.2861528537835,0.420108083714963,-3.));
#6535=CARTESIAN_POINT('Ctrl Pts',(1.28236641781197,0.436260147009346,-3.));
#6536=CARTESIAN_POINT('Ctrl Pts',(1.27827359951752,0.452357603963556,-3.));
#6537=CARTESIAN_POINT('Ctrl Pts',(1.27572259741579,0.462390946166463,-3.));
#6538=CARTESIAN_POINT('Ctrl Pts',(1.27305197129581,0.472404848674266,-3.));
#6539=CARTESIAN_POINT('Ctrl Pts',(1.27026764513498,0.48238102406758,-3.));
#6540=CARTESIAN_POINT('Ctrl Pts',(1.25553254837343,0.535176530498832,-3.));
#6541=CARTESIAN_POINT('Ctrl Pts',(1.23759385862661,0.587013026418305,-3.));
#6542=CARTESIAN_POINT('Ctrl Pts',(1.21669161925407,0.637654920547234,-3.));
#6543=CARTESIAN_POINT('Ctrl Pts',(1.19533113944376,0.689407038481427,-3.));
#6544=CARTESIAN_POINT('Ctrl Pts',(1.17087552919714,0.739912555649543,-3.));
#6545=CARTESIAN_POINT('Ctrl Pts',(1.14352600138641,0.78892058099895,-3.));
#6546=CARTESIAN_POINT('Ctrl Pts',(1.12813401737246,0.81650170590735,-3.));
#6547=CARTESIAN_POINT('Ctrl Pts',(1.11182447494765,0.843608459761186,-3.));
#6548=CARTESIAN_POINT('Ctrl Pts',(1.09462627357809,0.870194398320879,-3.));
#6549=CARTESIAN_POINT('Ctrl Pts',(1.08387310119735,0.886817251728228,-3.));
#6550=CARTESIAN_POINT('Ctrl Pts',(1.07277242227119,0.903236467417436,-3.));
#6551=CARTESIAN_POINT('Ctrl Pts',(1.06133038568924,0.919440253291068,-3.));
#6552=CARTESIAN_POINT('Ctrl Pts',(1.05555942039282,0.92761287931595,-3.));
#6553=CARTESIAN_POINT('Ctrl Pts',(1.04970160826795,0.935730697272191,-3.));
#6554=CARTESIAN_POINT('Ctrl Pts',(1.04375767380986,0.943792153096794,-3.));
#6555=CARTESIAN_POINT('Ctrl Pts',(1.03746465207063,0.952327058236091,-3.));
#6556=CARTESIAN_POINT('Ctrl Pts',(1.03108077021538,0.960791049283357,-3.));
#6557=CARTESIAN_POINT('Ctrl Pts',(1.02460945692846,0.969179992458891,-3.));
#6558=CARTESIAN_POINT('Ctrl Pts',(0.989030514238959,1.01530196418775,-3.));
#6559=CARTESIAN_POINT('Ctrl Pts',(0.950794202106899,1.05918174029397,-3.));
#6560=CARTESIAN_POINT('Ctrl Pts',(0.91012154465046,1.10055833858028,-3.));
#6561=CARTESIAN_POINT('Ctrl Pts',(0.868880144231159,1.14251352333166,-3.));
#6562=CARTESIAN_POINT('Ctrl Pts',(0.825133371659301,1.18189620165162,-3.));
#6563=CARTESIAN_POINT('Ctrl Pts',(0.779061530109986,1.21841334836449,-3.));
#6564=CARTESIAN_POINT('Ctrl Pts',(0.73298968856067,1.25493049507737,-3.));
#6565=CARTESIAN_POINT('Ctrl Pts',(0.684592232087433,1.28858329641389,-3.));
#6566=CARTESIAN_POINT('Ctrl Pts',(0.634007094575202,1.31904027763685,-3.));
#6567=CARTESIAN_POINT('Origin',(0.,0.,-0.15));
#6568=CARTESIAN_POINT('',(-2.7,3.30654635769785E-16,1.73472347597681E-16));
#6569=CARTESIAN_POINT('',(-2.85,3.49024337756996E-16,-0.15));
#6570=CARTESIAN_POINT('Origin',(0.,0.,1.73472347597681E-16));
#6571=CARTESIAN_POINT('Origin',(-3.,0.,1.83697019872103E-16));
#6572=CARTESIAN_POINT('',(1.59516207095779,0.674876260789832,1.83697019872103E-16));
#6573=CARTESIAN_POINT('',(1.38204102173394,-1.04401274620792,1.83697019872103E-16));
#6574=CARTESIAN_POINT('',(1.51917151784069,0.0619882947050444,1.83697019872103E-16));
#6575=CARTESIAN_POINT('',(-0.213121049223848,-1.71888900699775,1.83697019872103E-16));
#6576=CARTESIAN_POINT('',(-0.289020512316675,-1.75100031830626,1.83697019872103E-16));
#6577=CARTESIAN_POINT('',(-1.59516207095779,-0.674876260789832,1.83697019872103E-16));
#6578=CARTESIAN_POINT('',(-1.51364999753503,-0.736451599209547,1.83697019872103E-16));
#6579=CARTESIAN_POINT('',(-1.38204102173394,1.04401274620792,1.83697019872103E-16));
#6580=CARTESIAN_POINT('',(-1.56459209946296,-0.428319723375742,1.83697019872103E-16));
#6581=CARTESIAN_POINT('',(0.213121049223847,1.71888900699775,1.83697019872103E-16));
#6582=CARTESIAN_POINT('',(-2.25552152030566,0.674463304504503,1.83697019872103E-16));
#6583=CARTESIAN_POINT('',(-0.396387388220364,2.179320041682,1.83697019872103E-16));
#6584=CARTESIAN_POINT('Origin',(1.59516207095779,0.674876260789832,1.83697019872103E-16));
#6585=CARTESIAN_POINT('',(1.59516207095779,0.674876260789832,-1.5));
#6586=CARTESIAN_POINT('',(1.59516207095779,0.674876260789832,1.83697019872103E-16));
#6587=CARTESIAN_POINT('',(1.38204102173394,-1.04401274620792,-1.5));
#6588=CARTESIAN_POINT('',(1.38204102173394,-1.04401274620792,-1.5));
#6589=CARTESIAN_POINT('',(1.38204102173394,-1.04401274620792,1.83697019872103E-16));
#6590=CARTESIAN_POINT('Origin',(0.213121049223847,1.71888900699775,1.83697019872103E-16));
#6591=CARTESIAN_POINT('',(0.213121049223847,1.71888900699775,-1.5));
#6592=CARTESIAN_POINT('',(0.213121049223847,1.71888900699775,1.83697019872103E-16));
#6593=CARTESIAN_POINT('',(1.59516207095779,0.674876260789832,-1.5));
#6594=CARTESIAN_POINT('Origin',(-1.38204102173394,1.04401274620792,1.83697019872103E-16));
#6595=CARTESIAN_POINT('',(-1.38204102173394,1.04401274620792,-1.5));
#6596=CARTESIAN_POINT('',(-1.38204102173394,1.04401274620792,1.83697019872103E-16));
#6597=CARTESIAN_POINT('',(0.213121049223847,1.71888900699775,-1.5));
#6598=CARTESIAN_POINT('Origin',(-1.59516207095779,-0.674876260789832,1.83697019872103E-16));
#6599=CARTESIAN_POINT('',(-1.59516207095779,-0.674876260789832,-1.5));
#6600=CARTESIAN_POINT('',(-1.59516207095779,-0.674876260789832,1.83697019872103E-16));
#6601=CARTESIAN_POINT('',(-1.38204102173394,1.04401274620792,-1.5));
#6602=CARTESIAN_POINT('Origin',(-0.213121049223848,-1.71888900699775,1.83697019872103E-16));
#6603=CARTESIAN_POINT('',(-0.213121049223848,-1.71888900699775,-1.5));
#6604=CARTESIAN_POINT('',(-0.213121049223848,-1.71888900699775,1.83697019872103E-16));
#6605=CARTESIAN_POINT('',(-1.59516207095779,-0.674876260789832,-1.5));
#6606=CARTESIAN_POINT('Origin',(1.38204102173394,-1.04401274620792,1.83697019872103E-16));
#6607=CARTESIAN_POINT('',(-0.213121049223848,-1.71888900699775,-1.5));
#6608=CARTESIAN_POINT('Origin',(0.,0.,-1.5));
#6609=CARTESIAN_POINT('Ctrl Pts',(0.510216505388109,1.06149619882953,-2.83502216057905));
#6610=CARTESIAN_POINT('Ctrl Pts',(0.86319182706832,0.891835831402402,-2.86148375662471));
#6611=CARTESIAN_POINT('Ctrl Pts',(1.38050652077394,0.175701557698362,-2.91440694871603));
#6612=CARTESIAN_POINT('Ctrl Pts',(0.895379989888381,-1.06708304024556,-2.993791736853));
#6613=CARTESIAN_POINT('Ctrl Pts',(-0.41048036109637,-1.32971183945933,-3.07317652498998));
#6614=CARTESIAN_POINT('Ctrl Pts',(-1.34001651100251,-0.376946331863592,
-3.15256131312695));
#6615=CARTESIAN_POINT('Ctrl Pts',(-1.04331907271449,0.921744021749283,-3.23194610126393));
#6616=CARTESIAN_POINT('Ctrl Pts',(0.208518663435129,1.37626920759715,-3.3113308894009));
#6617=CARTESIAN_POINT('Ctrl Pts',(1.26940711108886,0.57131061928158,-3.39071567753787));
#6618=CARTESIAN_POINT('Ctrl Pts',(1.16842319952528,-0.756712575618494,-3.47010046567485));
#6619=CARTESIAN_POINT('Ctrl Pts',(-0.00207022299143867,-1.39203017568511,
-3.54948525381183));
#6620=CARTESIAN_POINT('Ctrl Pts',(-1.17065598964537,-0.753225883625784,
-3.6288700419488));
#6621=CARTESIAN_POINT('Ctrl Pts',(-1.26771940485088,0.575042885252841,-3.70825483008578));
#6622=CARTESIAN_POINT('Ctrl Pts',(-0.204405800859845,1.37695130038158,-3.78763961822275));
#6623=CARTESIAN_POINT('Ctrl Pts',(1.04600339830866,0.918508974823567,-3.86702440635972));
#6624=CARTESIAN_POINT('Ctrl Pts',(1.33898197960238,-0.380669072816131,-3.9464091944967));
#6625=CARTESIAN_POINT('Ctrl Pts',(0.406358239582699,-1.33141027029427,-4.02579398263368));
#6626=CARTESIAN_POINT('Ctrl Pts',(-0.898214516003441,-1.06348099665615,
-4.10517877077065));
#6627=CARTESIAN_POINT('Ctrl Pts',(-1.38063046988984,0.177877937396374,-4.18456355890762));
#6628=CARTESIAN_POINT('Ctrl Pts',(-0.599322696371051,1.25642078371885,-4.2639483470446));
#6629=CARTESIAN_POINT('Ctrl Pts',(0.730559245664303,1.18493214746093,-4.34333313518157));
#6630=CARTESIAN_POINT('Ctrl Pts',(1.39174308966354,0.0288470927904628,-4.42271792331855));
#6631=CARTESIAN_POINT('Ctrl Pts',(0.779031627338959,-1.15364235551842,-4.50210271145552));
#6632=CARTESIAN_POINT('Ctrl Pts',(-0.546745862992088,-1.28017574608252,
-4.58148749959249));
#6633=CARTESIAN_POINT('Ctrl Pts',(-1.37207396467163,-0.234934055240638,
-4.66087228772947));
#6634=CARTESIAN_POINT('Ctrl Pts',(-0.94151038370085,1.02534831629519,-4.74025707586644));
#6635=CARTESIAN_POINT('Ctrl Pts',(0.350839870436738,1.34710517792424,-4.81964186400342));
#6636=CARTESIAN_POINT('Ctrl Pts',(1.32205811172569,0.435824877020568,-4.89902665214039));
#6637=CARTESIAN_POINT('Ctrl Pts',(1.08316536231677,-0.874376218698501,-4.97841144027737));
#6638=CARTESIAN_POINT('Ctrl Pts',(-0.147174205988641,-1.38424012636176,
-5.05779622841435));
#6639=CARTESIAN_POINT('Ctrl Pts',(-1.24280175028059,-0.627076377873997,
-5.13718101655131));
#6640=CARTESIAN_POINT('Ctrl Pts',(-1.20086352216899,0.70406517829649,-5.2165658046883));
#6641=CARTESIAN_POINT('Ctrl Pts',(-0.0597465716459663,1.39075926076253,
-5.29595059282526));
#6642=CARTESIAN_POINT('Ctrl Pts',(1.13605782594356,0.80445856966514,-5.37533538096225));
#6643=CARTESIAN_POINT('Ctrl Pts',(1.29200168427955,-0.518182035594847,-5.45472016909922));
#6644=CARTESIAN_POINT('Ctrl Pts',(0.265345909532489,-1.3665183944961,-5.53410495723619));
#6645=CARTESIAN_POINT('Ctrl Pts',(-1.00418723842069,-0.964048216839213,
-5.61348974537317));
#6646=CARTESIAN_POINT('Ctrl Pts',(-1.35456410805309,0.320838045394233,-5.69287453351014));
#6647=CARTESIAN_POINT('Ctrl Pts',(-0.465076481636191,1.31205367284572,-5.77225932164712));
#6648=CARTESIAN_POINT('Ctrl Pts',(0.850106624308426,1.10231560884592,-5.85164410978408));
#6649=CARTESIAN_POINT('Ctrl Pts',(1.38716707435915,-0.116397946770459,-5.93102889792107));
#6650=CARTESIAN_POINT('Ctrl Pts',(0.654520763864628,-1.2285697146962,-6.01041368605803));
#6651=CARTESIAN_POINT('Ctrl Pts',(-0.677223848599156,-1.21620262830134,
-6.08979847419502));
#6652=CARTESIAN_POINT('Ctrl Pts',(-1.38908948983943,-0.0906165736286167,
-6.16918326233198));
#6653=CARTESIAN_POINT('Ctrl Pts',(-0.82948873827597,1.1179129694533,-6.24856805046896));
#6654=CARTESIAN_POINT('Ctrl Pts',(0.489362631510073,1.30319038865397,-6.32795283860594));
#6655=CARTESIAN_POINT('Ctrl Pts',(1.36028883563167,0.295626889599689,-6.40733762674291));
#6656=CARTESIAN_POINT('Ctrl Pts',(0.986110565446342,-0.982530878351237,
-6.48672241487989));
#6657=CARTESIAN_POINT('Ctrl Pts',(-0.290677977672989,-1.36135494544755,
-6.56610720301686));
#6658=CARTESIAN_POINT('Ctrl Pts',(-1.30140210777737,-0.494098702762081,
-6.64549199115383));
#6659=CARTESIAN_POINT('Ctrl Pts',(-1.12092217531689,0.825417743376895,-6.72487677929081));
#6660=CARTESIAN_POINT('Ctrl Pts',(0.0855642781695553,1.3894098490006,-6.80426156742778));
#6661=CARTESIAN_POINT('Ctrl Pts',(1.21373172851556,0.681642329519818,-6.88364635556475));
#6662=CARTESIAN_POINT('Ctrl Pts',(1.23094188347124,-0.650048501048066,-6.96303114370174));
#6663=CARTESIAN_POINT('Ctrl Pts',(0.121441882043019,-1.3867345973489,-7.04241593183869));
#6664=CARTESIAN_POINT('Ctrl Pts',(-1.09921674006872,-0.854109789518444,
-7.12180071997569));
#6665=CARTESIAN_POINT('Ctrl Pts',(-1.3137363382892,0.460301865797914,-7.20118550811264));
#6666=CARTESIAN_POINT('Ctrl Pts',(-0.325762061667349,1.3533883601453,-7.28057029624964));
#6667=CARTESIAN_POINT('Ctrl Pts',(0.960389918039971,1.00768654825086,-7.35995508438659));
#6668=CARTESIAN_POINT('Ctrl Pts',(1.3674743403961,-0.260374542835509,-7.43933987252359));
#6669=CARTESIAN_POINT('Ctrl Pts',(0.522877226355255,-1.29010866998001,-7.51872466066055));
#6670=CARTESIAN_POINT('Ctrl Pts',(-0.800321752962097,-1.13897588470267,
-7.59810944879753));
#6671=CARTESIAN_POINT('Ctrl Pts',(-1.39096734406059,0.0546884078721268,
-7.67749423693451));
#6672=CARTESIAN_POINT('Ctrl Pts',(-0.708427698069023,1.19829511006562,-7.75687902507147));
#6673=CARTESIAN_POINT('Ctrl Pts',(0.622552538982086,1.24507401804291,-7.83626381320846));
#6674=CARTESIAN_POINT('Ctrl Pts',(1.38369574475462,0.152207293342007,-7.91564860134542));
#6675=CARTESIAN_POINT('Ctrl Pts',(0.878309579892869,-1.07997835907344,-7.99503338948241));
#6676=CARTESIAN_POINT('Ctrl Pts',(-0.431014071703769,-1.32363433175175,
-8.07441817761936));
#6677=CARTESIAN_POINT('Ctrl Pts',(-1.34582037146285,-0.355736562577088,
-8.15380296575636));
#6678=CARTESIAN_POINT('Ctrl Pts',(-1.02876552362699,0.93777527776917,-8.23318775389332));
#6679=CARTESIAN_POINT('Ctrl Pts',(0.22994268703005,1.37291927471354,-8.3125725420303));
#6680=CARTESIAN_POINT('Ctrl Pts',(1.27817892956105,0.551397858378794,-8.39195733016728));
#6681=CARTESIAN_POINT('Ctrl Pts',(1.15646783261964,-0.774831030815485,-8.47134211830424));
#6682=CARTESIAN_POINT('Ctrl Pts',(-0.0237855643606461,-1.39183879135718,
-8.55072690644123));
#6683=CARTESIAN_POINT('Ctrl Pts',(-1.18226747293817,-0.734863658531934,
-8.63011169457819));
#6684=CARTESIAN_POINT('Ctrl Pts',(-1.25859206181727,0.594749523857819,-8.70949648271519));
#6685=CARTESIAN_POINT('Ctrl Pts',(-0.182897633523321,1.37997443086824,-8.78888127085213));
#6686=CARTESIAN_POINT('Ctrl Pts',(1.06020731515051,0.902076173668225,-8.86826605898914));
#6687=CARTESIAN_POINT('Ctrl Pts',(1.33287948718993,-0.401513694445008,-8.94765084712608));
#6688=CARTESIAN_POINT('Ctrl Pts',(0.385535608416535,-1.33758860223966,-9.02703563526308));
#6689=CARTESIAN_POINT('Ctrl Pts',(-0.914698111447963,-1.04933709508055,
-9.10642042340003));
#6690=CARTESIAN_POINT('Ctrl Pts',(-1.37768706286952,0.199397419743856,-9.18580521153704));
#6691=CARTESIAN_POINT('Ctrl Pts',(-0.579646531992153,1.2656187704629,-9.26518999967398));
#6692=CARTESIAN_POINT('Ctrl Pts',(0.748958149376667,1.17338939175401,-9.34457478781098));
#6693=CARTESIAN_POINT('Ctrl Pts',(1.39202376107835,0.00712901057881028,
-9.42395957594794));
#6694=CARTESIAN_POINT('Ctrl Pts',(0.760937172262002,-1.16565672222506,-9.50334436408491));
#6695=CARTESIAN_POINT('Ctrl Pts',(-0.566653168575454,-1.27148934747482,
-9.58272915222191));
#6696=CARTESIAN_POINT('Ctrl Pts',(-1.3755724911024,-0.213497765610999,-9.66211394035885));
#6697=CARTESIAN_POINT('Ctrl Pts',(-0.92539784877313,1.039913359701,-9.74149872849587));
#6698=CARTESIAN_POINT('Ctrl Pts',(0.371815284088471,1.3414672447424,-9.82088351663279));
#6699=CARTESIAN_POINT('Ctrl Pts',(1.32869711251848,0.415144501810641,-9.90026830476982));
#6700=CARTESIAN_POINT('Ctrl Pts',(1.06939111637723,-0.891169801110888,-9.97965309290674));
#6701=CARTESIAN_POINT('Ctrl Pts',(-0.168753806400561,-1.38177535331322,
-10.0590378810438));
#6702=CARTESIAN_POINT('Ctrl Pts',(-1.25243438756072,-0.607609314489145,
-10.1384226691807));
#6703=CARTESIAN_POINT('Ctrl Pts',(-1.18973221611703,0.722715869572416,-10.2178074573177));
#6704=CARTESIAN_POINT('Ctrl Pts',(-0.0380400693740703,1.39152216199404,
-10.2971922454547));
#6705=CARTESIAN_POINT('Ctrl Pts',(1.14847105061924,0.786635379377324,-10.3765770335916));
#6706=CARTESIAN_POINT('Ctrl Pts',(1.28375951386408,-0.538277330715317,-10.4559618217286));
#6707=CARTESIAN_POINT('Ctrl Pts',(0.243992597121188,-1.37049209656554,-10.5353466098656));
#6708=CARTESIAN_POINT('Ctrl Pts',(-1.01910650203448,-0.948263102577336,
-10.6147313980026));
#6709=CARTESIAN_POINT('Ctrl Pts',(-1.34939336878719,0.341933488374156,-10.6941161861395));
#6710=CARTESIAN_POINT('Ctrl Pts',(-0.444548639170633,1.31915028772695,-10.7735009742765));
#6711=CARTESIAN_POINT('Ctrl Pts',(0.867201951304055,1.08891769654689,-10.8528857624135));
#6712=CARTESIAN_POINT('Ctrl Pts',(1.38518212963317,-0.138026960929683,-10.9322705505505));
#6713=CARTESIAN_POINT('Ctrl Pts',(0.635272414169707,-1.23863228360703,-11.0116553386874));
#6714=CARTESIAN_POINT('Ctrl Pts',(-0.696117134522819,-1.20548824516139,
-11.0910401268244));
#6715=CARTESIAN_POINT('Ctrl Pts',(-1.39033424150108,-0.068932366187156,
-11.1704249149614));
#6716=CARTESIAN_POINT('Ctrl Pts',(-0.81194560510334,1.13071893437403,-11.2498097030984));
#6717=CARTESIAN_POINT('Ctrl Pts',(0.509636005703082,1.29539650913902,-11.3291944912353));
#6718=CARTESIAN_POINT('Ctrl Pts',(1.36473575299104,0.27436708750601,-11.4085792793723));
#6719=CARTESIAN_POINT('Ctrl Pts',(0.97066065756502,-0.997797004432263,-11.4879640675093));
#6720=CARTESIAN_POINT('Ctrl Pts',(-0.31188304549071,-1.35665395003073,-11.5673488556462));
#6721=CARTESIAN_POINT('Ctrl Pts',(-1.30895283651465,-0.473733517896747,
-11.6467336437833));
#6722=CARTESIAN_POINT('Ctrl Pts',(-1.10790720476197,0.842806383361603,-11.7261184319202));
#6723=CARTESIAN_POINT('Ctrl Pts',(0.107232038312178,1.38790571155175,-11.8055032200572));
#6724=CARTESIAN_POINT('Ctrl Pts',(1.22421926602443,0.662622187142242,-11.8848880081942));
#6725=CARTESIAN_POINT('Ctrl Pts',(1.22064970775678,-0.669175063157498,-11.9642727963311));
#6726=CARTESIAN_POINT('Ctrl Pts',(0.0997906644338126,-1.38846058550123,
-12.0436575844681));
#6727=CARTESIAN_POINT('Ctrl Pts',(-1.11240912912248,-0.836855366024225,
-12.1230423726051));
#6728=CARTESIAN_POINT('Ctrl Pts',(-1.30639459374391,0.480743319907036,-12.2024271607421));
#6729=CARTESIAN_POINT('Ctrl Pts',(-0.30460625557177,1.35830629950137,-12.281811948879));
#6730=CARTESIAN_POINT('Ctrl Pts',(0.975995377085861,0.992579466897031,-12.361196737016));
#6731=CARTESIAN_POINT('Ctrl Pts',(1.36324540743603,-0.281678776806322,-12.440581525153));
#6732=CARTESIAN_POINT('Ctrl Pts',(0.502684743531146,-1.2981097884307,-12.5199663132899));
#6733=CARTESIAN_POINT('Ctrl Pts',(-0.817995129575242,-1.12635027508752,
-12.5993511014269));
#6734=CARTESIAN_POINT('Ctrl Pts',(-1.38994475575398,0.076384227105773,-12.6787358895639));
#6735=CARTESIAN_POINT('Ctrl Pts',(-0.689645144052975,1.20920244354811,-12.7581206777009));
#6736=CARTESIAN_POINT('Ctrl Pts',(0.641902943745153,1.23520912602274,-12.8375054658379));
#6737=CARTESIAN_POINT('Ctrl Pts',(1.38590211811215,0.130599744298417,-12.9168902539748));
#6738=CARTESIAN_POINT('Ctrl Pts',(0.861352376239922,-1.09355066555893,-12.9962750421118));
#6739=CARTESIAN_POINT('Ctrl Pts',(-0.451613523670689,-1.31674834324419,
-13.0756598302488));
#6740=CARTESIAN_POINT('Ctrl Pts',(-1.35120690720777,-0.334695186867965,
-13.1550446183858));
#6741=CARTESIAN_POINT('Ctrl Pts',(-1.0140087198594,0.953712372913157,-13.2344294065227));
#6742=CARTESIAN_POINT('Ctrl Pts',(0.251335579558532,1.36916448998889,-13.3138141946597));
#6743=CARTESIAN_POINT('Ctrl Pts',(1.28662649144313,0.531388036857537,-13.3931989827967));
#6744=CARTESIAN_POINT('Ctrl Pts',(1.1442378111007,-0.792780427259664,-13.4725837709336));
#6745=CARTESIAN_POINT('Ctrl Pts',(-0.0454987419536688,-1.39129825655005,
-13.5519685590706));
#6746=CARTESIAN_POINT('Ctrl Pts',(-1.19358922271963,-0.716327956739173,
-13.6313533472076));
#6747=CARTESIAN_POINT('Ctrl Pts',(-1.24915931901692,0.614314227339507,-13.7107381353446));
#6748=CARTESIAN_POINT('Ctrl Pts',(-0.161344410240705,1.38266010121166,-13.7901229234816));
#6749=CARTESIAN_POINT('Ctrl Pts',(1.074152844985,0.885424553425757,-13.8695077116185));
#6750=CARTESIAN_POINT('Ctrl Pts',(1.32645265100184,-0.422260984284297,-13.9488924997555));
#6751=CARTESIAN_POINT('Ctrl Pts',(0.3646190410433,-1.34344107764621,-14.0282772878925));
#6752=CARTESIAN_POINT('Ctrl Pts',(-0.930958982255003,-1.03493784719532,
-14.1076620760294));
#6753=CARTESIAN_POINT('Ctrl Pts',(-1.3744082783013,0.220868419506761,-14.1870468641664));
#6754=CARTESIAN_POINT('Ctrl Pts',(-0.55982924094385,1.27450860930116,-14.2664316523034));
#6755=CARTESIAN_POINT('Ctrl Pts',(0.76717471271702,1.16156099037723,-14.3458164404404));
#6756=CARTESIAN_POINT('Ctrl Pts',(1.39196554637127,-0.0145908160805203,
-14.4252012285774));
#6757=CARTESIAN_POINT('Ctrl Pts',(0.742657464802743,-1.17738730423396,-14.5045860167143));
#6758=CARTESIAN_POINT('Ctrl Pts',(-0.586422521145147,-1.26249340627677,
-14.5839708048513));
#6759=CARTESIAN_POINT('Ctrl Pts',(-1.37873613381533,-0.192009498490343,
-14.6633555929883));
#6760=CARTESIAN_POINT('Ctrl Pts',(-0.909060024791628,1.05422523472187,-14.7427403811253));
#6761=CARTESIAN_POINT('Ctrl Pts',(0.392700178898641,1.33550273069415,-14.8221251692622));
#6762=CARTESIAN_POINT('Ctrl Pts',(1.33501264105043,0.394363059165196,-14.9015099573992));
#6763=CARTESIAN_POINT('Ctrl Pts',(1.05535652631808,-0.907746427454488,-14.9808947455362));
#6764=CARTESIAN_POINT('Ctrl Pts',(-0.190292323550891,-1.37897418605142,
-15.0602795336731));
#6765=CARTESIAN_POINT('Ctrl Pts',(-1.26176211874178,-0.587994328124694,
-15.1396643218101));
#6766=CARTESIAN_POINT('Ctrl Pts',(-1.17831126884272,0.741190615103031,-15.2190491099471));
#6767=CARTESIAN_POINT('Ctrl Pts',(-0.0163243062209065,1.39194629609945,
-15.2984338980841));
#6768=CARTESIAN_POINT('Ctrl Pts',(1.16060467914138,0.768620682101197,-15.377818686221));
#6769=CARTESIAN_POINT('Ctrl Pts',(1.27520481121313,-0.558241581806142,-15.457203474358));
#6770=CARTESIAN_POINT('Ctrl Pts',(0.222579884526042,-1.37413215128784,-15.536588262495));
#6771=CARTESIAN_POINT('Ctrl Pts',(-1.03377766339176,-0.932247132937853,
-15.615973050632));
#6772=CARTESIAN_POINT('Ctrl Pts',(-1.3438941186743,0.36294568738473,-15.6953578387689));
#6773=CARTESIAN_POINT('Ctrl Pts',(-0.423912570999178,1.32592575446268,-15.7747426269059));
#6774=CARTESIAN_POINT('Ctrl Pts',(0.884086157321952,1.07525468640238,-15.8541274150429));
#6775=CARTESIAN_POINT('Ctrl Pts',(1.38285996125911,-0.159622372319758,-15.9335122031799));
#6776=CARTESIAN_POINT('Ctrl Pts',(0.615869406920072,-1.24839330654184,-16.0128969913168));
#6777=CARTESIAN_POINT('Ctrl Pts',(-0.714840950198102,-1.19448038498689,
-16.0922817794538));
#6778=CARTESIAN_POINT('Ctrl Pts',(-1.39124051522913,-0.0472313771084684,
-16.1716665675908));
#6779=CARTESIAN_POINT('Ctrl Pts',(-0.794204803152637,1.14324962490605,-16.2510513557277));
#6780=CARTESIAN_POINT('Ctrl Pts',(0.529785308621028,1.28728726435395,-16.3304361438648));
#6781=CARTESIAN_POINT('Ctrl Pts',(1.36885042438839,0.253040490535202,-16.4098209320017));
#6782=CARTESIAN_POINT('Ctrl Pts',(0.954974441604803,-1.01282021607003,-16.4892057201387));
#6783=CARTESIAN_POINT('Ctrl Pts',(-0.333012185142673,-1.351622676173,-16.5685905082756));
#6784=CARTESIAN_POINT('Ctrl Pts',(-1.31618489968354,-0.45325300224443,-16.6479752964127));
#6785=CARTESIAN_POINT('Ctrl Pts',(-1.09462251335136,0.859989841488198,-16.7273600845496));
#6786=CARTESIAN_POINT('Ctrl Pts',(0.128873692733132,1.38606368739675,-16.8067448726866));
#6787=CARTESIAN_POINT('Ctrl Pts',(1.23440876641742,0.643440728886809,-16.8861296608236));
#6788=CARTESIAN_POINT('Ctrl Pts',(1.21006036393811,-0.688138714086414,-16.9655144489605));
#6789=CARTESIAN_POINT('Ctrl Pts',(0.0781151527110777,-1.38984855186293,
-17.0448992370975));
#6790=CARTESIAN_POINT('Ctrl Pts',(-1.12533070132362,-0.819397209451597,
-17.1242840252345));
#6791=CARTESIAN_POINT('Ctrl Pts',(-1.2987348064364,0.501067736687532,-17.2036688133715));
#6792=CARTESIAN_POINT('Ctrl Pts',(-0.283376292850492,1.36289355815077,-17.2830536015084));
#6793=CARTESIAN_POINT('Ctrl Pts',(0.991363229311306,0.977230741313446,-17.3624383896454));
#6794=CARTESIAN_POINT('Ctrl Pts',(1.35868459133971,-0.302914435863648,-17.4418231777824));
#6795=CARTESIAN_POINT('Ctrl Pts',(0.482369881722071,-1.30579488106134,-17.5212079659194));
#6796=CARTESIAN_POINT('Ctrl Pts',(-0.835469364648948,-1.11345045463714,
-17.6005927540563));
#6797=CARTESIAN_POINT('Ctrl Pts',(-1.38858378433437,0.0980614505409476,
-17.6799775421933));
#6798=CARTESIAN_POINT('Ctrl Pts',(-0.670694695399575,1.2198153957716,-17.7593623303303));
#6799=CARTESIAN_POINT('Ctrl Pts',(0.661097076745995,1.22504352139688,-17.8387471184673));
#6800=CARTESIAN_POINT('Ctrl Pts',(1.38777109253988,0.108960400647282,-17.9181319066042));
#6801=CARTESIAN_POINT('Ctrl Pts',(0.844185475692715,-1.10685674629919,-17.9975166947412));
#6802=CARTESIAN_POINT('Ctrl Pts',(-0.472103029980147,-1.30954179134617,
-18.0769014828782));
#6803=CARTESIAN_POINT('Ctrl Pts',(-1.3562644905985,-0.313572329359811,-18.1562862710152));
#6804=CARTESIAN_POINT('Ctrl Pts',(-0.999005054894043,0.969417286051108,
-18.2356710591521));
#6805=CARTESIAN_POINT('Ctrl Pts',(0.272667284248089,1.36507638112281,-18.3150558472891));
#6806=CARTESIAN_POINT('Ctrl Pts',(1.29476082312259,0.511248848512623,-18.3944406354261));
#6807=CARTESIAN_POINT('Ctrl Pts',(1.13172922401221,-0.810536820702958,-18.4738254235631));
#6808=CARTESIAN_POINT('Ctrl Pts',(-0.0672008428431814,-1.3904190091191,
-18.5532102117));
#6809=CARTESIAN_POINT('Ctrl Pts',(-1.20462039229263,-0.697617864357921,
-18.632594999837));
#6810=CARTESIAN_POINT('Ctrl Pts',(-1.23942246742572,0.633729375553064,-18.711979787974));
#6811=CARTESIAN_POINT('Ctrl Pts',(-0.139751907538121,1.38500916189678,-18.7913645761109));
#6812=CARTESIAN_POINT('Ctrl Pts',(1.08783687148847,0.868557375899104,-18.8707493642479));
#6813=CARTESIAN_POINT('Ctrl Pts',(1.31970288890217,-0.44290547436425,-18.9501341523849));
#6814=CARTESIAN_POINT('Ctrl Pts',(0.343613706885863,-1.34896649129573,-19.0295189405219));
#6815=CARTESIAN_POINT('Ctrl Pts',(-0.946993210386364,-1.02028664290027,
-19.1089037286589));
#6816=CARTESIAN_POINT('Ctrl Pts',(-1.37079489298737,0.242285648684154,-19.1882885167958));
#6817=CARTESIAN_POINT('Ctrl Pts',(-0.539875659038999,1.28308816804449,-19.2676733049328));
#6818=CARTESIAN_POINT('Ctrl Pts',(0.785204506787285,1.14944980608964,-19.3470580930698));
#6819=CARTESIAN_POINT('Ctrl Pts',(1.39156845658814,-0.0363070905945343,
-19.4264428812068));
#6820=CARTESIAN_POINT('Ctrl Pts',(0.724196956816124,-1.18883125040387,-19.5058276693437));
#6821=CARTESIAN_POINT('Ctrl Pts',(-0.606049108703921,-1.25319011009413,
-19.5852124574807));
#6822=CARTESIAN_POINT('Ctrl Pts',(-1.38156412216282,-0.170474486510537,
-19.6645972456177));
#6823=CARTESIAN_POINT('Ctrl Pts',(-0.89250088945237,1.0682804578037,-19.7439820337547));
#6824=CARTESIAN_POINT('Ctrl Pts',(0.413489470550159,1.32921308748549,-19.8233668218916));
#6825=CARTESIAN_POINT('Ctrl Pts',(1.34100315973465,0.37348560853161,-19.9027516100286));
#6826=CARTESIAN_POINT('Ctrl Pts',(1.04106500890607,-0.924102062236613,-19.9821363981656));
#6827=CARTESIAN_POINT('Ctrl Pts',(-0.211784513889635,-1.37583730647017,
-20.0615211863025));
#6828=CARTESIAN_POINT('Ctrl Pts',(-1.27078267297077,-0.568236194091698,
-20.1409059744395));
#6829=CARTESIAN_POINT('Ctrl Pts',(-1.16660346078952,0.759484917211963,-20.2202907625765));
#6830=CARTESIAN_POINT('Ctrl Pts',(0.00539543109707344,1.39203155981531,
-20.2996755507135));
#6831=CARTESIAN_POINT('Ctrl Pts',(1.17245575756741,0.750418863532621,-20.3790603388505));
#6832=CARTESIAN_POINT('Ctrl Pts',(1.26633965897636,-0.57806992855725,-20.4584451269874));
#6833=CARTESIAN_POINT('Ctrl Pts',(0.201112984687913,-1.37743767248775,-20.5378299151244));
#6834=CARTESIAN_POINT('Ctrl Pts',(-1.04819715078683,-0.91600420702142,-20.6172147032614));
#6835=CARTESIAN_POINT('Ctrl Pts',(-1.33806769651119,0.383869526990324,-20.6965994913983));
#6836=CARTESIAN_POINT('Ctrl Pts',(-0.403173300988361,1.33237842356018,-20.7759842795353));
#6837=CARTESIAN_POINT('Ctrl Pts',(0.900755131889198,1.06132990468272,-20.8553690676723));
#6838=CARTESIAN_POINT('Ctrl Pts',(1.38020113457069,-0.181178923521291,-20.9347538558093));
#6839=CARTESIAN_POINT('Ctrl Pts',(0.596316465792656,-1.25785040717214,-21.0141386439462));
#6840=CARTESIAN_POINT('Ctrl Pts',(-0.733390737297777,-1.18318172764981,
-21.0935234320832));
#6841=CARTESIAN_POINT('Ctrl Pts',(-1.39180809039051,-0.0255188895149168,
-21.1729082202202));
#6842=CARTESIAN_POINT('Ctrl Pts',(-0.776270651435658,1.15550199044321,-21.2522930083571));
#6843=CARTESIAN_POINT('Ctrl Pts',(0.549805634900734,1.2788646285006,-21.3316777964942));
#6844=CARTESIAN_POINT('Ctrl Pts',(1.3726318481038,0.231652290663581,-21.4110625846311));
#6845=CARTESIAN_POINT('Ctrl Pts',(0.939055736386968,-1.02759685585218,-21.4904473727681));
#6846=CARTESIAN_POINT('Ctrl Pts',(-0.354060252723677,-1.34626234874181,
-21.569832160905));
#6847=CARTESIAN_POINT('Ctrl Pts',(-1.32309653663275,-0.432662141802324,
-21.649216949042));
#6848=CARTESIAN_POINT('Ctrl Pts',(-1.08107133525334,0.876963934430671,-21.728601737179));
#6849=CARTESIAN_POINT('Ctrl Pts',(0.150483972755115,1.3838842249778,-21.807986525316));
#6850=CARTESIAN_POINT('Ctrl Pts',(1.24429774905286,0.624102624494188,-21.8873713134529));
#6851=CARTESIAN_POINT('Ctrl Pts',(1.1991764299991,-0.706934837119503,-21.9667561015899));
#6852=CARTESIAN_POINT('Ctrl Pts',(0.0564206237947073,-1.39089815853253,
-22.0461408897269));
#6853=CARTESIAN_POINT('Ctrl Pts',(-1.13797831090551,-0.801739570002116,
-22.1255256778639));
#6854=CARTESIAN_POINT('Ctrl Pts',(-1.29075884114774,0.521270168144597,-22.2049104660008));
#6855=CARTESIAN_POINT('Ctrl Pts',(-0.262077341954156,1.36714901932189,-22.2842952541378));
#6856=CARTESIAN_POINT('Ctrl Pts',(1.00648973340095,0.961644108159063,-22.3636800422748));
#6857=CARTESIAN_POINT('Ctrl Pts',(1.35379300244129,-0.324076350170067,-22.4430648304118));
#6858=CARTESIAN_POINT('Ctrl Pts',(0.461937586596652,-1.31316207693027,-22.5224496185487));
#6859=CARTESIAN_POINT('Ctrl Pts',(-0.852740204067345,-1.10027956382264,
-22.6018344066857));
#6860=CARTESIAN_POINT('Ctrl Pts',(-1.38688476113127,0.119714800841044,-22.6812191948227));
#6861=CARTESIAN_POINT('Ctrl Pts',(-0.651580965610013,1.2301313830048,-22.7606039829597));
#6862=CARTESIAN_POINT('Ctrl Pts',(0.680130265158305,1.21457967898952,-22.8399887710967));
#6863=CARTESIAN_POINT('Ctrl Pts',(1.38930221303457,0.0872945305032996,-22.9193735592336));
#6864=CARTESIAN_POINT('Ctrl Pts',(0.826813057546285,-1.11989336191867,-22.9987583473706));
#6865=CARTESIAN_POINT('Ctrl Pts',(-0.492477602446156,-1.30201643049826,
-23.0781431355076));
#6866=CARTESIAN_POINT('Ctrl Pts',(-1.36099189036251,-0.292373132428451,
-23.1575279236446));
#6867=CARTESIAN_POINT('Ctrl Pts',(-0.983758181384607,0.984886193809923,
-23.2369127117815));
#6868=CARTESIAN_POINT('Ctrl Pts',(0.293932607878903,1.36065594336851,-23.3162974999185));
#6869=CARTESIAN_POINT('Ctrl Pts',(1.30257994429018,0.490985196244838,-23.3956822880555));
#6870=CARTESIAN_POINT('Ctrl Pts',(1.11894511657925,-0.828095888337842,-23.4750670761924));
#6871=CARTESIAN_POINT('Ctrl Pts',(-0.0888865836361746,-1.38920126311778,
-23.5544518643294));
#6872=CARTESIAN_POINT('Ctrl Pts',(-1.21535829611054,-0.678737936374442,
-23.6338366524664));
#6873=CARTESIAN_POINT('Ctrl Pts',(-1.22938387748764,0.652990241865834,-23.7132214406033));
#6874=CARTESIAN_POINT('Ctrl Pts',(-0.118125382126858,1.38702104104297,-23.7926062287404));
#6875=CARTESIAN_POINT('Ctrl Pts',(1.10125606327423,0.851478747415527,-23.8719910168773));
#6876=CARTESIAN_POINT('Ctrl Pts',(1.31263184412566,-0.463442138768009,-23.9513758050143));
#6877=CARTESIAN_POINT('Ctrl Pts',(0.322524719708868,-1.35416349802203,-24.0307605931513));
#6878=CARTESIAN_POINT('Ctrl Pts',(-0.962796892296934,-1.00538704904226,
-24.1101453812883));
#6879=CARTESIAN_POINT('Ctrl Pts',(-1.36684778660915,0.263643893235203,-24.1895301694252));
#6880=CARTESIAN_POINT('Ctrl Pts',(-0.519790643992387,1.29135535799273,-24.2689149575622));
#6881=CARTESIAN_POINT('Ctrl Pts',(0.803043142220289,1.13705878736834,-24.3482997456992));
#6882=CARTESIAN_POINT('Ctrl Pts',(1.39083258840081,-0.0580145261196033,
-24.4276845338361));
#6883=CARTESIAN_POINT('Ctrl Pts',(0.705560142526899,-1.19998577469734,-24.5070693219731));
#6884=CARTESIAN_POINT('Ctrl Pts',(-0.625528153144017,-1.24358172382147,
-24.5864541101101));
#6885=CARTESIAN_POINT('Ctrl Pts',(-1.38405576766894,-0.148897972386715,
-24.6658388982471));
#6886=CARTESIAN_POINT('Ctrl Pts',(-0.875724474089518,1.08207560719164,-24.745223686384));
#6887=CARTESIAN_POINT('Ctrl Pts',(0.434178097874059,1.32259984633491,-24.824608474521));
#6888=CARTESIAN_POINT('Ctrl Pts',(1.34666721017483,0.352517232541155,-24.903993262658));
#6889=CARTESIAN_POINT('Ctrl Pts',(1.02652004342204,-0.940232723665383,-24.983378050795));
#6890=CARTESIAN_POINT('Ctrl Pts',(-0.233225145126647,-1.37236547824538,
-25.0627628389319));
#6891=CARTESIAN_POINT('Ctrl Pts',(-1.2794938541868,-0.548339722522682,-25.142147627069));
#6892=CARTESIAN_POINT('Ctrl Pts',(-1.15461164223235,0.777594322136769,-25.2215324152058));
#6893=CARTESIAN_POINT('Ctrl Pts',(0.0271138548934158,1.39177793238527,-25.3009172033429));
#6894=CARTESIAN_POINT('Ctrl Pts',(1.18402140074288,0.732034354916021,-25.3803019914798));
#6895=CARTESIAN_POINT('Ctrl Pts',(1.25716621538255,-0.597757543738282,-25.4596867796168));
#6896=CARTESIAN_POINT('Ctrl Pts',(0.179597123738595,-1.38040785544164,-25.5390715677537));
#6897=CARTESIAN_POINT('Ctrl Pts',(-1.06236145378194,-0.899538279165533,
-25.6184563558908));
#6898=CARTESIAN_POINT('Ctrl Pts',(-1.33191552074963,0.404699913237324,-25.6978411440277));
#6899=CARTESIAN_POINT('Ctrl Pts',(-0.38233587812012,1.33850672416709,-25.7772259321647));
#6900=CARTESIAN_POINT('Ctrl Pts',(0.917204816913744,1.04714674128249,-25.8566107203017));
#6901=CARTESIAN_POINT('Ctrl Pts',(1.37720629689445,-0.202691366377546,-25.9359955084386));
#6902=CARTESIAN_POINT('Ctrl Pts',(0.576618350902904,-1.26700128353541,-26.0153802965757));
#6903=CARTESIAN_POINT('Ctrl Pts',(-0.751761979742326,-1.17159502310303,
-26.0947650847126));
#6904=CARTESIAN_POINT('Ctrl Pts',(-1.39203682903589,-0.00380019068407437,
-26.1741498728496));
#6905=CARTESIAN_POINT('Ctrl Pts',(-0.75814751560375,1.16747305071285,-26.2535346609865));
#6906=CARTESIAN_POINT('Ctrl Pts',(0.569692109758697,1.27013064718523,-26.3329194491236));
#6907=CARTESIAN_POINT('Ctrl Pts',(1.37607910510372,0.210207704153875,-26.4123042372605));
#6908=CARTESIAN_POINT('Ctrl Pts',(0.922908414375466,-1.04212334403704,-26.4916890253975));
#6909=CARTESIAN_POINT('Ctrl Pts',(-0.375022118449463,-1.34057423920491,
-26.5710738135344));
#6910=CARTESIAN_POINT('Ctrl Pts',(-1.32968607538549,-0.411966013072127,
-26.6504586016715));
#6911=CARTESIAN_POINT('Ctrl Pts',(-1.06725694925394,0.893724650704686,-26.7298433898084));
#6912=CARTESIAN_POINT('Ctrl Pts',(0.172057578862204,1.38136762531845,-26.8092281779454));
#6913=CARTESIAN_POINT('Ctrl Pts',(1.25388387952817,0.604613017853567,-26.8886129660823));
#6914=CARTESIAN_POINT('Ctrl Pts',(1.18800041684704,-0.725559684433981,-26.9679977542193));
#6915=CARTESIAN_POINT('Ctrl Pts',(0.0347126228434601,-1.39160757717935,
-27.0473825423563));
#6916=CARTESIAN_POINT('Ctrl Pts',(-1.15034937946374,-0.78388973362505,-27.1267673304933));
#6917=CARTESIAN_POINT('Ctrl Pts',(-1.28246768873149,0.541351369459925,-27.2061521186302));
#6918=CARTESIAN_POINT('Ctrl Pts',(-0.240716394150315,1.37106087152556,-27.2855369067672));
#6919=CARTESIAN_POINT('Ctrl Pts',(1.02137463692505,0.945843827666232,-27.3649216949042));
#6920=CARTESIAN_POINT('Ctrl Pts',(1.34856531684772,-0.345198238092699,-27.4443064830412));
#6921=CARTESIAN_POINT('Ctrl Pts',(0.441405205716368,-1.32013575405992,-27.5236912711781));
#6922=CARTESIAN_POINT('Ctrl Pts',(-0.8698269435494,-1.08698105659476,-27.6030760593151));
#6923=CARTESIAN_POINT('Ctrl Pts',(-1.38480346598777,0.141605605302174,-27.6824608474521));
#6924=CARTESIAN_POINT('Ctrl Pts',(-0.632393381895425,1.2396395901144,-27.7618456355891));
#6925=CARTESIAN_POINT('Ctrl Pts',(0.699158907478839,1.2048022091469,-27.8412304237261));
#6926=CARTESIAN_POINT('Ctrl Pts',(1.39018853308445,0.0636013660035352,-27.920615211863));
#6927=CARTESIAN_POINT('Ctrl Pts',(1.00332270751393,-0.730626323832963,-27.9735384039543));
#6928=CARTESIAN_POINT('Ctrl Pts',(0.684664424539616,-0.958295198918286,
-28.));
#6929=CARTESIAN_POINT('Ctrl Pts',(0.551480035117076,1.14734422509867,-2.89001477371936));
#6930=CARTESIAN_POINT('Ctrl Pts',(0.933002076720896,0.963962651984884,-2.91647636976502));
#6931=CARTESIAN_POINT('Ctrl Pts',(1.49215436293376,0.189911341923087,-2.96939956185634));
#6932=CARTESIAN_POINT('Ctrl Pts',(0.967793442689734,-1.15338289979423,-3.04878434999332));
#6933=CARTESIAN_POINT('Ctrl Pts',(-0.443677775143937,-1.43725168467986,
-3.12816913813029));
#6934=CARTESIAN_POINT('Ctrl Pts',(-1.44838974188599,-0.407431696423057,
-3.20755392626726));
#6935=CARTESIAN_POINT('Ctrl Pts',(-1.12769703210824,0.996289653735434,-3.28693871440424));
#6936=CARTESIAN_POINT('Ctrl Pts',(0.225382516283606,1.48757435896511,-3.36632350254121));
#6937=CARTESIAN_POINT('Ctrl Pts',(1.37206983860425,0.617515107913699,-3.44570829067819));
#6938=CARTESIAN_POINT('Ctrl Pts',(1.2629188987439,-0.817911363839883,-3.52509307881516));
#6939=CARTESIAN_POINT('Ctrl Pts',(-0.00223765134213476,-1.50460998823787,
-3.60447786695214));
#6940=CARTESIAN_POINT('Ctrl Pts',(-1.2653322647579,-0.814142687204873,-3.68386265508911));
#6941=CARTESIAN_POINT('Ctrl Pts',(-1.37024563988548,0.621549219212019,-3.76324744322608));
#6942=CARTESIAN_POINT('Ctrl Pts',(-0.220937027802577,1.48831161569583,-3.84263223136306));
#6943=CARTESIAN_POINT('Ctrl Pts',(1.13059845132412,0.992792973848717,-3.92201701950003));
#6944=CARTESIAN_POINT('Ctrl Pts',(1.44727154322547,-0.411455512371071,-4.00140180763701));
#6945=CARTESIAN_POINT('Ctrl Pts',(0.439222278912063,-1.43908747534251,-4.08078659577399));
#6946=CARTESIAN_POINT('Ctrl Pts',(-0.970857209825901,-1.14948954255421,
-4.16017138391096));
#6947=CARTESIAN_POINT('Ctrl Pts',(-1.49228833637848,0.192263735347638,-4.23955617204793));
#6948=CARTESIAN_POINT('Ctrl Pts',(-0.647792649102321,1.35803324786596,-4.31894096018491));
#6949=CARTESIAN_POINT('Ctrl Pts',(0.789642895122684,1.28076300039713,-4.39832574832188));
#6950=CARTESIAN_POINT('Ctrl Pts',(1.5042996842638,0.0311800884076935,-4.47771053645886));
#6951=CARTESIAN_POINT('Ctrl Pts',(0.842035458800607,-1.2469426606453,-4.55709532459582));
#6952=CARTESIAN_POINT('Ctrl Pts',(-0.590963688039924,-1.38370938209553,
-4.63648011273281));
#6953=CARTESIAN_POINT('Ctrl Pts',(-1.48303982766037,-0.253934240985979,
-4.71586490086978));
#6954=CARTESIAN_POINT('Ctrl Pts',(-1.01765461129366,1.10827289886975,-4.79524968900675));
#6955=CARTESIAN_POINT('Ctrl Pts',(0.379213886704363,1.45605170154747,-4.87463447714374));
#6956=CARTESIAN_POINT('Ctrl Pts',(1.42897896516819,0.471072017361146,-4.9540192652807));
#6957=CARTESIAN_POINT('Ctrl Pts',(1.17076587240856,-0.945091000979212,-5.03340405341768));
#6958=CARTESIAN_POINT('Ctrl Pts',(-0.159076853511897,-1.49618992218935,
-5.11278884155465));
#6959=CARTESIAN_POINT('Ctrl Pts',(-1.34331278124155,-0.677790897077913,
-5.19217362969163));
#6960=CARTESIAN_POINT('Ctrl Pts',(-1.2979828178485,0.761006132007231,-5.27155841782861));
#6961=CARTESIAN_POINT('Ctrl Pts',(-0.0645785486777469,1.5032362886442,-5.35094320596557));
#6962=CARTESIAN_POINT('Ctrl Pts',(1.22793599017297,0.869518793618037,-5.43032799410256));
#6963=CARTESIAN_POINT('Ctrl Pts',(1.3964917377099,-0.56008977398627,-5.50971278223952));
#6964=CARTESIAN_POINT('Ctrl Pts',(0.286805640275747,-1.47703495325286,-5.58909757037651));
#6965=CARTESIAN_POINT('Ctrl Pts',(-1.08540042836731,-1.04201518152091,-5.66848235851347));
#6966=CARTESIAN_POINT('Ctrl Pts',(-1.46411386928598,0.346785677594526,-5.74786714665045));
#6967=CARTESIAN_POINT('Ctrl Pts',(-0.50268933230548,1.41816542180652,-5.82725193478742));
#6968=CARTESIAN_POINT('Ctrl Pts',(0.918858614090174,1.19146488648762,-5.9066367229244));
#6969=CARTESIAN_POINT('Ctrl Pts',(1.49935358578577,-0.125811578211752,-5.98602151106137));
#6970=CARTESIAN_POINT('Ctrl Pts',(0.707454835406143,-1.32792973619894,-6.06540629919835));
#6971=CARTESIAN_POINT('Ctrl Pts',(-0.731994021877997,-1.31456246727026,
-6.14479108733532));
#6972=CARTESIAN_POINT('Ctrl Pts',(-1.50143147575088,-0.0979451481461543,
-6.2241758754723));
#6973=CARTESIAN_POINT('Ctrl Pts',(-0.896573265824861,1.2083236765987,-6.30356066360928));
#6974=CARTESIAN_POINT('Ctrl Pts',(0.528939613595766,1.40858532350369,-6.38294545174625));
#6975=CARTESIAN_POINT('Ctrl Pts',(1.47030158162525,0.319535580946983,-6.46233023988322));
#6976=CARTESIAN_POINT('Ctrl Pts',(1.06586181261993,-1.06199261994582,-6.5417150280202));
#6977=CARTESIAN_POINT('Ctrl Pts',(-0.314186428000688,-1.47145391259156,
-6.62109981615717));
#6978=CARTESIAN_POINT('Ctrl Pts',(-1.4066524162179,-0.534058712473817,-6.70048460429414));
#6979=CARTESIAN_POINT('Ctrl Pts',(-1.21157625062903,0.89217303104977,-6.77986939243113));
#6980=CARTESIAN_POINT('Ctrl Pts',(0.0924842505709548,1.5017777438147,-6.85925418056809));
#6981=CARTESIAN_POINT('Ctrl Pts',(1.31189173457894,0.73676984544992,-6.93863896870508));
#6982=CARTESIAN_POINT('Ctrl Pts',(1.33049375305357,-0.702620880351752,-7.01802375684203));
#6983=CARTESIAN_POINT('Ctrl Pts',(0.131263439474139,-1.4988861323924,-7.09740854497903));
#6984=CARTESIAN_POINT('Ctrl Pts',(-1.18811539809599,-0.923185533480707,
-7.17679333311598));
#6985=CARTESIAN_POINT('Ctrl Pts',(-1.41998417205869,0.497528571565135,-7.25617812125297));
#6986=CARTESIAN_POINT('Ctrl Pts',(-0.352107921462484,1.46284303329654,-7.33556290938994));
#6987=CARTESIAN_POINT('Ctrl Pts',(1.03806101945655,1.08918274330144,-7.41494769752692));
#6988=CARTESIAN_POINT('Ctrl Pts',(1.47806821084629,-0.281432216539757,-7.49433248566389));
#6989=CARTESIAN_POINT('Ctrl Pts',(0.565164686181405,-1.39444562673283,-7.57371727380086));
#6990=CARTESIAN_POINT('Ctrl Pts',(-0.865047413730274,-1.23109004561787,
-7.65310206193785));
#6991=CARTESIAN_POINT('Ctrl Pts',(-1.50346120058512,0.0591113081904602,
-7.73248685007481));
#6992=CARTESIAN_POINT('Ctrl Pts',(-0.765721468598415,1.2952066865749,-7.81187163821179));
#6993=CARTESIAN_POINT('Ctrl Pts',(0.672901194756344,1.34576881763412,-7.89125642634877));
#6994=CARTESIAN_POINT('Ctrl Pts',(1.49560151396531,0.164516989534517,-7.97064121448574));
#6995=CARTESIAN_POINT('Ctrl Pts',(0.949342470985818,-1.1673211217156,-8.05002600262272));
#6996=CARTESIAN_POINT('Ctrl Pts',(-0.465872140334529,-1.43068266127781,
-8.12941079075969));
#6997=CARTESIAN_POINT('Ctrl Pts',(-1.4546629869431,-0.38450659661264,-8.20879557889666));
#6998=CARTESIAN_POINT('Ctrl Pts',(-1.11196647130299,1.01361743035468,-8.28818036703364));
#6999=CARTESIAN_POINT('Ctrl Pts',(0.24853919812299,1.4839535017706,-8.3675651551706));
#7000=CARTESIAN_POINT('Ctrl Pts',(1.38155107393866,0.59599191145499,-8.44694994330759));
#7001=CARTESIAN_POINT('Ctrl Pts',(1.2499966469325,-0.837495140928205,-8.52633473144456));
#7002=CARTESIAN_POINT('Ctrl Pts',(-0.0257092111493967,-1.50440312578874,
-8.60571951958153));
#7003=CARTESIAN_POINT('Ctrl Pts',(-1.27788282152439,-0.794295425439244,
-8.68510430771851));
#7004=CARTESIAN_POINT('Ctrl Pts',(-1.36038012710112,0.642849623325063,-8.76448909585549));
#7005=CARTESIAN_POINT('Ctrl Pts',(-0.197689397134443,1.49157924049695,-8.84387388399246));
#7006=CARTESIAN_POINT('Ctrl Pts',(1.14595110353357,0.975031177312313,-8.92325867212943));
#7007=CARTESIAN_POINT('Ctrl Pts',(1.44067551449183,-0.43398593337176,-9.00264346026642));
#7008=CARTESIAN_POINT('Ctrl Pts',(0.41671562684284,-1.44576547709711,-9.08202824840337));
#7009=CARTESIAN_POINT('Ctrl Pts',(-0.988673908616711,-1.13420175931859,
-9.16141303654037));
#7010=CARTESIAN_POINT('Ctrl Pts',(-1.48910688264308,0.215523596123138,-9.24079782467732));
#7011=CARTESIAN_POINT('Ctrl Pts',(-0.626525183804647,1.36797511763899,-9.32018261281432));
#7012=CARTESIAN_POINT('Ctrl Pts',(0.809529801873555,1.26828672952901,-9.39956740095127));
#7013=CARTESIAN_POINT('Ctrl Pts',(1.50460305485268,0.00770556609359112,
-9.47895218908826));
#7014=CARTESIAN_POINT('Ctrl Pts',(0.822477622831201,-1.25992868383999,-9.55833697722523));
#7015=CARTESIAN_POINT('Ctrl Pts',(-0.612480987982714,-1.37432047491863,
-9.63772176536221));
#7016=CARTESIAN_POINT('Ctrl Pts',(-1.48682129583815,-0.23076430110185,-9.71710655349918));
#7017=CARTESIAN_POINT('Ctrl Pts',(-1.00023898237157,1.12401588359111,-9.79649134163616));
#7018=CARTESIAN_POINT('Ctrl Pts',(0.401885677473756,1.44995780306266,-9.87587612977313));
#7019=CARTESIAN_POINT('Ctrl Pts',(1.43615489215543,0.448719126134456,-9.9552609179101));
#7020=CARTESIAN_POINT('Ctrl Pts',(1.15587764054184,-0.963242756794089,-10.0346457060471));
#7021=CARTESIAN_POINT('Ctrl Pts',(-0.182401694373178,-1.4935258117323,-10.114030494184));
#7022=CARTESIAN_POINT('Ctrl Pts',(-1.3537244537167,-0.656749443722856,-10.193415282321));
#7023=CARTESIAN_POINT('Ctrl Pts',(-1.28595127244061,0.781165189527293,-10.272800070458));
#7024=CARTESIAN_POINT('Ctrl Pts',(-0.0411165428258077,1.50406088916868,
-10.352184858595));
#7025=CARTESIAN_POINT('Ctrl Pts',(1.24135312879503,0.850254160855235,-10.431569646732));
#7026=CARTESIAN_POINT('Ctrl Pts',(1.38758298547989,-0.581810267035184,-10.5109544348689));
#7027=CARTESIAN_POINT('Ctrl Pts',(0.263725388355064,-1.48133002668474,-10.5903392230059));
#7028=CARTESIAN_POINT('Ctrl Pts',(-1.10152628069621,-1.02495345326332,-10.6697240111429));
#7029=CARTESIAN_POINT('Ctrl Pts',(-1.45852494881432,0.369587205009888,-10.7491087992799));
#7030=CARTESIAN_POINT('Ctrl Pts',(-0.480501309840053,1.42583597221519,-10.8284935874168));
#7031=CARTESIAN_POINT('Ctrl Pts',(0.937336517945352,1.17698342407483,-10.9078783755538));
#7032=CARTESIAN_POINT('Ctrl Pts',(1.49720810955042,-0.149189829134863,-10.9872631636908));
#7033=CARTESIAN_POINT('Ctrl Pts',(0.686649784112036,-1.33880611083149,-11.0666479518278));
#7034=CARTESIAN_POINT('Ctrl Pts',(-0.752415293778504,-1.30298156322683,
-11.1460327399647));
#7035=CARTESIAN_POINT('Ctrl Pts',(-1.5027768961417,-0.0745072402090017,
-11.2254175281017));
#7036=CARTESIAN_POINT('Ctrl Pts',(-0.877611339670111,1.22216531815597,-11.3048023162387));
#7037=CARTESIAN_POINT('Ctrl Pts',(0.550852587781886,1.40016111749857,-11.3841871043757));
#7038=CARTESIAN_POINT('Ctrl Pts',(1.47510814142018,0.296556401948677,-11.4635718925126));
#7039=CARTESIAN_POINT('Ctrl Pts',(1.04916240040773,-1.07849338708753,-11.5429566806496));
#7040=CARTESIAN_POINT('Ctrl Pts',(-0.337106446113157,-1.4663727262909,-11.6223414687866));
#7041=CARTESIAN_POINT('Ctrl Pts',(-1.41481380673588,-0.512046502468662,
-11.7017262569235));
#7042=CARTESIAN_POINT('Ctrl Pts',(-1.19750870020117,0.910967969449712,-11.7811110450605));
#7043=CARTESIAN_POINT('Ctrl Pts',(0.115904381041391,1.50015195992814,-11.8604958331975));
#7044=CARTESIAN_POINT('Ctrl Pts',(1.32322744695321,0.71621145763701,-11.9398806213345));
#7045=CARTESIAN_POINT('Ctrl Pts',(1.31936920227071,-0.723294294544327,-12.0192654094714));
#7046=CARTESIAN_POINT('Ctrl Pts',(0.107861189407045,-1.50075170905801,-12.0986501976084));
#7047=CARTESIAN_POINT('Ctrl Pts',(-1.20237471566374,-0.904535666269377,
-12.1780349857454));
#7048=CARTESIAN_POINT('Ctrl Pts',(-1.41204866723495,0.519623219054763,-12.2574197738824));
#7049=CARTESIAN_POINT('Ctrl Pts',(-0.329241149091715,1.46815870877968,-12.3368045620193));
#7050=CARTESIAN_POINT('Ctrl Pts',(1.05492856296359,1.07285388355751,-12.4161893501563));
#7051=CARTESIAN_POINT('Ctrl Pts',(1.47349726484063,-0.304459420823218,-12.4955741382933));
#7052=CARTESIAN_POINT('Ctrl Pts',(0.543339145417157,-1.40309383202914,-12.5749589264303));
#7053=CARTESIAN_POINT('Ctrl Pts',(-0.88415011670504,-1.21744334552016,-12.6543437145673));
#7054=CARTESIAN_POINT('Ctrl Pts',(-1.50235591091048,0.0825617670182539,
-12.7337285027042));
#7055=CARTESIAN_POINT('Ctrl Pts',(-0.7454198839986,1.30699614573279,-12.8131132908412));
#7056=CARTESIAN_POINT('Ctrl Pts',(0.693816554776197,1.33510610692159,-12.8924980789781));
#7057=CARTESIAN_POINT('Ctrl Pts',(1.49798632677289,0.141161939708585,-12.9718828671152));
#7058=CARTESIAN_POINT('Ctrl Pts',(0.931013861136356,-1.18199108236602,-13.0512676552521));
#7059=CARTESIAN_POINT('Ctrl Pts',(-0.488137563687437,-1.42323977155578,
-13.1306524433891));
#7060=CARTESIAN_POINT('Ctrl Pts',(-1.46048515633667,-0.361763509134216,
-13.2100372315261));
#7061=CARTESIAN_POINT('Ctrl Pts',(-1.09601621768707,1.03084343087966,-13.2894220196631));
#7062=CARTESIAN_POINT('Ctrl Pts',(0.271662231184978,1.47989505052502,-13.3688068078));
#7063=CARTESIAN_POINT('Ctrl Pts',(1.39068182857749,0.574363804644072,-13.448191595937));
#7064=CARTESIAN_POINT('Ctrl Pts',(1.23677752793983,-0.856896186713338,-13.5275763840739));
#7065=CARTESIAN_POINT('Ctrl Pts',(-0.0491784321860489,-1.5038188754729,
-13.6069611722109));
#7066=CARTESIAN_POINT('Ctrl Pts',(-1.29012021271249,-0.774260657124928,
-13.6863459603479));
#7067=CARTESIAN_POINT('Ctrl Pts',(-1.35018451548163,0.663996613375741,-13.7657307484849));
#7068=CARTESIAN_POINT('Ctrl Pts',(-0.174393066640898,1.49448211321797,-13.8451155366219));
#7069=CARTESIAN_POINT('Ctrl Pts',(1.16102447180298,0.957032864793812,-13.9245003247588));
#7070=CARTESIAN_POINT('Ctrl Pts',(1.43372891082599,-0.456411150918278,-14.0038851128958));
#7071=CARTESIAN_POINT('Ctrl Pts',(0.394107441518171,-1.45209126881227,-14.0832699010328));
#7072=CARTESIAN_POINT('Ctrl Pts',(-1.00624987001544,-1.11863797875575,-14.1626546891698));
#7073=CARTESIAN_POINT('Ctrl Pts',(-1.48556292785187,0.238731053306902,-14.2420394773067));
#7074=CARTESIAN_POINT('Ctrl Pts',(-0.605105178281835,1.37758391818333,-14.3214242654437));
#7075=CARTESIAN_POINT('Ctrl Pts',(0.829219621557078,1.25550171152635,-14.4008090535807));
#7076=CARTESIAN_POINT('Ctrl Pts',(1.50454013205742,-0.0157708417496071,
-14.4801938417177));
#7077=CARTESIAN_POINT('Ctrl Pts',(0.802719552276637,-1.27260797137753,-14.5595786298546));
#7078=CARTESIAN_POINT('Ctrl Pts',(-0.633849178024081,-1.364596991034,-14.6389634179916));
#7079=CARTESIAN_POINT('Ctrl Pts',(-1.49024079672845,-0.207538180070567,
-14.7183482061286));
#7080=CARTESIAN_POINT('Ctrl Pts',(-0.982579844245102,1.13948522504862,-14.7977329942656));
#7081=CARTESIAN_POINT('Ctrl Pts',(0.424459628731109,1.44351091163119,-14.8771177824025));
#7082=CARTESIAN_POINT('Ctrl Pts',(1.44298118620864,0.426256993688985,-14.9565025705395));
#7083=CARTESIAN_POINT('Ctrl Pts',(1.14070800934226,-0.981160010315974,-15.0358873586765));
#7084=CARTESIAN_POINT('Ctrl Pts',(-0.205682129382619,-1.49049810133173,
-15.1152721468135));
#7085=CARTESIAN_POINT('Ctrl Pts',(-1.36380656094955,-0.635548104183951,
-15.1946569349504));
#7086=CARTESIAN_POINT('Ctrl Pts',(-1.27360666120716,0.801134071769257,-15.2740417230874));
#7087=CARTESIAN_POINT('Ctrl Pts',(-0.0176445271230035,1.50451932492855,
-15.3534265112244));
#7088=CARTESIAN_POINT('Ctrl Pts',(1.25446805905075,0.830782533062824,-15.4328112993614));
#7089=CARTESIAN_POINT('Ctrl Pts',(1.37833642511083,-0.603389117927664,-15.5121960874983));
#7090=CARTESIAN_POINT('Ctrl Pts',(0.240580932287459,-1.48526446919077,-15.5915808756353));
#7091=CARTESIAN_POINT('Ctrl Pts',(-1.1173839656105,-1.0076421993036,-15.6709656637723));
#7092=CARTESIAN_POINT('Ctrl Pts',(-1.45258094932911,0.392298756137427,-15.7503504519092));
#7093=CARTESIAN_POINT('Ctrl Pts',(-0.458196308963584,1.43315940176695,-15.8297352400462));
#7094=CARTESIAN_POINT('Ctrl Pts',(0.955586226508954,1.16221542414788,-15.9091200281832));
#7095=CARTESIAN_POINT('Ctrl Pts',(1.49469813685658,-0.172531759680024,-15.9885048163202));
#7096=CARTESIAN_POINT('Ctrl Pts',(0.665677567403238,-1.34935655209323,-16.0678896044572));
#7097=CARTESIAN_POINT('Ctrl Pts',(-0.772653389600736,-1.29108344732606,
-16.1472743925941));
#7098=CARTESIAN_POINT('Ctrl Pts',(-1.5037564643487,-0.0510511934272825,
-16.2266591807311));
#7099=CARTESIAN_POINT('Ctrl Pts',(-0.858435758364021,1.23570942263253,-16.3060439688681));
#7100=CARTESIAN_POINT('Ctrl Pts',(0.572631456484532,1.39139604119936,-16.385428757005));
#7101=CARTESIAN_POINT('Ctrl Pts',(1.47955558501077,0.273505026067684,-16.464813545142));
#7102=CARTESIAN_POINT('Ctrl Pts',(1.03220756880734,-1.09473159418995,-16.544198333279));
#7103=CARTESIAN_POINT('Ctrl Pts',(-0.359944395403707,-1.46093455042938,
-16.623583121416));
#7104=CARTESIAN_POINT('Ctrl Pts',(-1.42263075975138,-0.489909634351149,
-16.7029679095529));
#7105=CARTESIAN_POINT('Ctrl Pts',(-1.18314961536508,0.929541132001318,-16.7823526976899));
#7106=CARTESIAN_POINT('Ctrl Pts',(0.139296294501697,1.4981609629005,-16.8617374858269));
#7107=CARTESIAN_POINT('Ctrl Pts',(1.33424101859429,0.695478707597385,-16.9411222739639));
#7108=CARTESIAN_POINT('Ctrl Pts',(1.30792345004727,-0.743791622188146,-17.0205070621008));
#7109=CARTESIAN_POINT('Ctrl Pts',(0.0844326804509501,-1.50225192657314,
-17.0998918502378));
#7110=CARTESIAN_POINT('Ctrl Pts',(-1.21634131418809,-0.885665589158822,
-17.1792766383748));
#7111=CARTESIAN_POINT('Ctrl Pts',(-1.40376939808405,0.541591363874607,-17.2586614265118));
#7112=CARTESIAN_POINT('Ctrl Pts',(-0.306294222711595,1.47311695990317,-17.3380462146487));
#7113=CARTESIAN_POINT('Ctrl Pts',(1.07153928330576,1.05626383671573,-17.4174310027857));
#7114=CARTESIAN_POINT('Ctrl Pts',(1.46856759479977,-0.327412504227993,-17.4968157909227));
#7115=CARTESIAN_POINT('Ctrl Pts',(0.521381328322737,-1.41140045305975,-17.5762005790597));
#7116=CARTESIAN_POINT('Ctrl Pts',(-0.903037572658194,-1.20350025790959,
-17.6555853671966));
#7117=CARTESIAN_POINT('Ctrl Pts',(-1.50088487154119,0.10599212612076,-17.7349701553336));
#7118=CARTESIAN_POINT('Ctrl Pts',(-0.724936826358373,1.31846741568015,-17.8143549434706));
#7119=CARTESIAN_POINT('Ctrl Pts',(0.714563004625546,1.32411836360703,-17.8937397316076));
#7120=CARTESIAN_POINT('Ctrl Pts',(1.50000645366442,0.117772523900567,-17.9731245197445));
#7121=CARTESIAN_POINT('Ctrl Pts',(0.912458595250902,-1.19637328638415,-18.0525093078815));
#7122=CARTESIAN_POINT('Ctrl Pts',(-0.510284149577431,-1.41545039302368,
-18.1318940960185));
#7123=CARTESIAN_POINT('Ctrl Pts',(-1.46595176950279,-0.338932350053021,
-18.2112788841555));
#7124=CARTESIAN_POINT('Ctrl Pts',(-1.07979913808537,1.0478184717836,-18.2906636722924));
#7125=CARTESIAN_POINT('Ctrl Pts',(0.294719127869168,1.47547631769842,-18.3700484604294));
#7126=CARTESIAN_POINT('Ctrl Pts',(1.39947402066236,0.552595868525986,-18.4494332485664));
#7127=CARTESIAN_POINT('Ctrl Pts',(1.22325731451283,-0.876088620466947,-18.5288180367034));
#7128=CARTESIAN_POINT('Ctrl Pts',(-0.0726356806957903,-1.50286851930257,
-18.6082028248403));
#7129=CARTESIAN_POINT('Ctrl Pts',(-1.30204352314886,-0.75403739446194,-18.6875876129773));
#7130=CARTESIAN_POINT('Ctrl Pts',(-1.33966020041002,0.684981952943443,-18.7669724011143));
#7131=CARTESIAN_POINT('Ctrl Pts',(-0.151054280022017,1.49702115312639,-18.8463571892513));
#7132=CARTESIAN_POINT('Ctrl Pts',(1.17581518777744,0.938801561893004,-18.9257419773882));
#7133=CARTESIAN_POINT('Ctrl Pts',(1.42643326476114,-0.478725254821298,-19.0051267655252));
#7134=CARTESIAN_POINT('Ctrl Pts',(0.371403310435669,-1.45806354779834,-19.0845115536622));
#7135=CARTESIAN_POINT('Ctrl Pts',(-1.02358085911434,-1.10280186492207,-19.1638963417992));
#7136=CARTESIAN_POINT('Ctrl Pts',(-1.48165731163057,0.261880391233305,-19.2432811299362));
#7137=CARTESIAN_POINT('Ctrl Pts',(-0.58353785944093,1.38685734487003,-19.3226659180731));
#7138=CARTESIAN_POINT('Ctrl Pts',(0.848707567090041,1.24241104067251,-19.4020507062101));
#7139=CARTESIAN_POINT('Ctrl Pts',(1.5041109278172,-0.0392434101693399,-19.481435494347));
#7140=CARTESIAN_POINT('Ctrl Pts',(0.782766059033617,-1.28497744153188,-19.560820282484));
#7141=CARTESIAN_POINT('Ctrl Pts',(-0.655063056998666,-1.35454129496904,
-19.640205070621));
#7142=CARTESIAN_POINT('Ctrl Pts',(-1.49329749735791,-0.184261533710733,
-19.719589858758));
#7143=CARTESIAN_POINT('Ctrl Pts',(-0.964681496304642,1.15467715795727,-19.798974646895));
#7144=CARTESIAN_POINT('Ctrl Pts',(0.446930244967477,1.43671259636511,-19.8783594350319));
#7145=CARTESIAN_POINT('Ctrl Pts',(1.44945618538929,0.403691088652637,-19.9577442231689));
#7146=CARTESIAN_POINT('Ctrl Pts',(1.12526067190606,-0.998838399683532,-20.0371290113059));
#7147=CARTESIAN_POINT('Ctrl Pts',(-0.228912490920488,-1.48710752802931,
-20.1165137994429));
#7148=CARTESIAN_POINT('Ctrl Pts',(-1.37355664843288,-0.614192039973374,
-20.1958985875798));
#7149=CARTESIAN_POINT('Ctrl Pts',(-1.26095198945872,0.820907917309199,-20.2752833757168));
#7150=CARTESIAN_POINT('Ctrl Pts',(0.00583178415340632,1.50461148430897,
-20.3546681638538));
#7151=CARTESIAN_POINT('Ctrl Pts',(1.26727758809881,0.811108650627845,-20.4340529519907));
#7152=CARTESIAN_POINT('Ctrl Pts',(1.36875430768573,-0.624821073278257,-20.5134377401277));
#7153=CARTESIAN_POINT('Ctrl Pts',(0.217377906608038,-1.48883732292671,-20.5928225282647));
#7154=CARTESIAN_POINT('Ctrl Pts',(-1.13296962254443,-0.9900856340804,-20.6722073164017));
#7155=CARTESIAN_POINT('Ctrl Pts',(-1.4462833179017,0.414914801832965,-20.7515921045386));
#7156=CARTESIAN_POINT('Ctrl Pts',(-0.435779759845546,1.44013392756709,-20.8309768926756));
#7157=CARTESIAN_POINT('Ctrl Pts',(0.973603296875418,1.14716448198773,-20.9103616808126));
#7158=CARTESIAN_POINT('Ctrl Pts',(1.49182427875905,-0.195831687236424,-20.9897464689496));
#7159=CARTESIAN_POINT('Ctrl Pts',(0.644543290981925,-1.35957849147118,-21.0691312570865));
#7160=CARTESIAN_POINT('Ctrl Pts',(-0.792703382364809,-1.27887101617334,
-21.1485160452235));
#7161=CARTESIAN_POINT('Ctrl Pts',(-1.50436994189524,-0.0275827181934983,
-21.2279008333605));
#7162=CARTESIAN_POINT('Ctrl Pts',(-0.839051190216524,1.24895269270581,-21.3072856214975));
#7163=CARTESIAN_POINT('Ctrl Pts',(0.594270917621502,1.38229222847057,-21.3866704096345));
#7164=CARTESIAN_POINT('Ctrl Pts',(1.48364282966347,0.250387065179064,-21.4660551977714));
#7165=CARTESIAN_POINT('Ctrl Pts',(1.01500144548549,-1.11070328804916,-21.5454399859084));
#7166=CARTESIAN_POINT('Ctrl Pts',(-0.382694715956133,-1.45514070893509,
-21.6248247740454));
#7167=CARTESIAN_POINT('Ctrl Pts',(-1.4301013722212,-0.467653497358749,-21.7042095621823));
#7168=CARTESIAN_POINT('Ctrl Pts',(-1.16850249185094,0.947887997053976,-21.7835943503193));
#7169=CARTESIAN_POINT('Ctrl Pts',(0.162654296172667,1.4958052374415,-21.8629791384563));
#7170=CARTESIAN_POINT('Ctrl Pts',(1.34492976823972,0.674576642734888,-21.9423639265933));
#7171=CARTESIAN_POINT('Ctrl Pts',(1.29615928286037,-0.764107873193133,-22.0217487147302));
#7172=CARTESIAN_POINT('Ctrl Pts',(0.0609836162942601,-1.50338641970869,
-22.1011335028672));
#7173=CARTESIAN_POINT('Ctrl Pts',(-1.23001179348994,-0.866579896083731,
-22.1805182910042));
#7174=CARTESIAN_POINT('Ctrl Pts',(-1.39514838020041,0.563427657863013,-22.2599030791412));
#7175=CARTESIAN_POINT('Ctrl Pts',(-0.283272728768877,1.47771657957698,-22.3392878672782));
#7176=CARTESIAN_POINT('Ctrl Pts',(1.08788913659052,1.03941664163568,-22.4186726554151));
#7177=CARTESIAN_POINT('Ctrl Pts',(1.46328040085564,-0.350285878808396,-22.4980574435521));
#7178=CARTESIAN_POINT('Ctrl Pts',(0.499296580545486,-1.41936346757144,-22.577442231689));
#7179=CARTESIAN_POINT('Ctrl Pts',(-0.921705183424163,-1.18926417724149,
-22.6568270198261));
#7180=CARTESIAN_POINT('Ctrl Pts',(-1.49904844060293,0.129396681359156,-22.736211807963));
#7181=CARTESIAN_POINT('Ctrl Pts',(-0.704277282293745,1.32961770372758,-22.8155965961));
#7182=CARTESIAN_POINT('Ctrl Pts',(0.735135493565363,1.31280826266492,-22.894981384237));
#7183=CARTESIAN_POINT('Ctrl Pts',(1.50166140283848,0.0943544362815564,-22.9743661723739));
#7184=CARTESIAN_POINT('Ctrl Pts',(0.893681190623087,-1.2104642324114,-23.0537509605109));
#7185=CARTESIAN_POINT('Ctrl Pts',(-0.532306506401229,-1.40731642201168,
-23.1331357486479));
#7186=CARTESIAN_POINT('Ctrl Pts',(-1.47106149559032,-0.316018677632199,
-23.2125205367849));
#7187=CARTESIAN_POINT('Ctrl Pts',(-1.0633191805583,1.06453842047981,-23.2919053249218));
#7188=CARTESIAN_POINT('Ctrl Pts',(0.317704274956433,1.47069837903468,-23.3712901130588));
#7189=CARTESIAN_POINT('Ctrl Pts',(1.40792550972739,0.530693402521407,-23.4506749011958));
#7190=CARTESIAN_POINT('Ctrl Pts',(1.20943929815778,-0.895067769776398,-23.5300596893328));
#7191=CARTESIAN_POINT('Ctrl Pts',(-0.0960752459935878,-1.50155228864269,
-23.6094444774697));
#7192=CARTESIAN_POINT('Ctrl Pts',(-1.31364985009447,-0.733630560819001,
-23.6888292656067));
#7193=CARTESIAN_POINT('Ctrl Pts',(-1.32880974403882,0.705800533131219,-23.7682140537437));
#7194=CARTESIAN_POINT('Ctrl Pts',(-0.127678719123239,1.49919574209103,-23.8475988418806));
#7195=CARTESIAN_POINT('Ctrl Pts',(1.19031965064586,0.920341707034506,-23.9269836300176));
#7196=CARTESIAN_POINT('Ctrl Pts',(1.41879035242787,-0.500922812695197,-24.0063684181546));
#7197=CARTESIAN_POINT('Ctrl Pts',(0.348608760933385,-1.4636808600994,-24.0857532062916));
#7198=CARTESIAN_POINT('Ctrl Pts',(-1.04066265667083,-1.08669727313159,-24.1651379944286));
#7199=CARTESIAN_POINT('Ctrl Pts',(-1.47739098480444,0.284965974178314,-24.2445227825655));
#7200=CARTESIAN_POINT('Ctrl Pts',(-0.561828477862209,1.39579314007623,-24.3239075707025));
#7201=CARTESIAN_POINT('Ctrl Pts',(0.867988894117178,1.22901790390137,-24.4032923588395));
#7202=CARTESIAN_POINT('Ctrl Pts',(1.50331554662214,-0.062706424750883,-24.4826771469765));
#7203=CARTESIAN_POINT('Ctrl Pts',(0.762622000795294,-1.29703408294609,-24.5620619351134));
#7204=CARTESIAN_POINT('Ctrl Pts',(-0.676117460371404,-1.34415583479065,
-24.6414467232504));
#7205=CARTESIAN_POINT('Ctrl Pts',(-1.49599065357043,-0.160940028739708,
-24.7208315113874));
#7206=CARTESIAN_POINT('Ctrl Pts',(-0.946548295916689,1.16958798382935,-24.8002162995243));
#7207=CARTESIAN_POINT('Ctrl Pts',(0.469292055694138,1.42956451231951,-24.8796010876613));
#7208=CARTESIAN_POINT('Ctrl Pts',(1.45557831335392,0.381026904712201,-24.9589858757983));
#7209=CARTESIAN_POINT('Ctrl Pts',(1.10953938889933,-1.01627362107926,-25.0383706639353));
#7210=CARTESIAN_POINT('Ctrl Pts',(-0.252087123537524,-1.48335491726288,
-25.1177554520723));
#7211=CARTESIAN_POINT('Ctrl Pts',(-1.3829723425004,-0.592686450240953,-25.1971402402092));
#7212=CARTESIAN_POINT('Ctrl Pts',(-1.24799033798491,0.840481912188654,-25.2765250283462));
#7213=CARTESIAN_POINT('Ctrl Pts',(0.0293066756777039,1.50433734487493,-25.3559098164832));
#7214=CARTESIAN_POINT('Ctrl Pts',(1.27977859744916,0.791237303169612,-25.4352946046201));
#7215=CARTESIAN_POINT('Ctrl Pts',(1.35883896597915,-0.646100915456524,-25.5146793927571));
#7216=CARTESIAN_POINT('Ctrl Pts',(0.194121960109645,-1.49204771808722,-25.5940641808941));
#7217=CARTESIAN_POINT('Ctrl Pts',(-1.14827945715515,-0.972288031736488,
-25.6734489690311));
#7218=CARTESIAN_POINT('Ctrl Pts',(-1.43963358770049,0.437429836171689,-25.752833757168));
#7219=CARTESIAN_POINT('Ctrl Pts',(-0.413257119802011,1.44675785172127,-25.832218545305));
#7220=CARTESIAN_POINT('Ctrl Pts',(0.991383342756331,1.13183426164513,-25.911603333442));
#7221=CARTESIAN_POINT('Ctrl Pts',(1.48858723493663,-0.21908393920502,-25.990988121579));
#7222=CARTESIAN_POINT('Ctrl Pts',(0.623252099935733,-1.36946944083261,-26.0703729097159));
#7223=CARTESIAN_POINT('Ctrl Pts',(-0.812560390755308,-1.26634724212278,
-26.1497576978529));
#7224=CARTESIAN_POINT('Ctrl Pts',(-1.50461717967538,-0.00410752939140719,
-26.2291424859899));
#7225=CARTESIAN_POINT('Ctrl Pts',(-0.81946235394905,1.26189190707494,-26.3085272741268));
#7226=CARTESIAN_POINT('Ctrl Pts',(0.615765702163372,1.37285189035598,-26.3879120622639));
#7227=CARTESIAN_POINT('Ctrl Pts',(1.4873688820183,0.227208157408437,-26.4672968504008));
#7228=CARTESIAN_POINT('Ctrl Pts',(0.997548216089913,-1.12640459941347,-26.5466816385378));
#7229=CARTESIAN_POINT('Ctrl Pts',(-0.405351863117181,-1.44899257610513,
-26.6260664266747));
#7230=CARTESIAN_POINT('Ctrl Pts',(-1.43722383694822,-0.445283578552938,
-26.7054512148118));
#7231=CARTESIAN_POINT('Ctrl Pts',(-1.15357087361512,0.966004228696361,-26.7848360029487));
#7232=CARTESIAN_POINT('Ctrl Pts',(0.185972657942418,1.49308510891987,-26.8642207910857));
#7233=CARTESIAN_POINT('Ctrl Pts',(1.35529117269319,0.65351082294842,-26.9436055792226));
#7234=CARTESIAN_POINT('Ctrl Pts',(1.28407941468583,-0.78423899663302,-27.0229903673597));
#7235=CARTESIAN_POINT('Ctrl Pts',(0.0375199905579497,-1.50415321226858,
-27.1023751554966));
#7236=CARTESIAN_POINT('Ctrl Pts',(-1.24338336663757,-0.847286462241228,
-27.1817599436336));
#7237=CARTESIAN_POINT('Ctrl Pts',(-1.3861866845724,0.585132917276651,-27.2611447317705));
#7238=CARTESIAN_POINT('Ctrl Pts',(-0.260184223946725,1.48194480106309,-27.3405295199076));
#7239=CARTESIAN_POINT('Ctrl Pts',(1.10397784997296,1.02233852058505,-27.4199143080445));
#7240=CARTESIAN_POINT('Ctrl Pts',(1.45762992854776,-0.373115989889281,-27.4992990961815));
#7241=CARTESIAN_POINT('Ctrl Pts',(0.47710365262309,-1.42690113769332,-27.5786838843185));
#7242=CARTESIAN_POINT('Ctrl Pts',(-0.94017380525448,-1.17489015924013,-27.6580686724554));
#7243=CARTESIAN_POINT('Ctrl Pts',(-1.49679882165351,0.153057894756752,-27.7374534605925));
#7244=CARTESIAN_POINT('Ctrl Pts',(-0.683537911401222,1.33989488279828,-27.8168382487293));
#7245=CARTESIAN_POINT('Ctrl Pts',(0.755703068750284,1.30224004435912,-27.8962230368664));
#7246=CARTESIAN_POINT('Ctrl Pts',(1.5026194036226,0.0687450977901948,-27.9756078250033));
#7247=CARTESIAN_POINT('Ctrl Pts',(1.08446597891334,-0.789715398207966,-28.0285310170947));
#7248=CARTESIAN_POINT('Ctrl Pts',(0.740036351041277,-1.03579689087075,-28.0549926131403));
#7249=CARTESIAN_POINT('Ctrl Pts',(0.592743564846044,1.23319225136781,-2.94500738685968));
#7250=CARTESIAN_POINT('Ctrl Pts',(1.00281232637347,1.03608947256737,-2.97146898290534));
#7251=CARTESIAN_POINT('Ctrl Pts',(1.60380220509358,0.204121126147815,-3.02439217499665));
#7252=CARTESIAN_POINT('Ctrl Pts',(1.04020689549109,-1.23968275934291,-3.10377696313362));
#7253=CARTESIAN_POINT('Ctrl Pts',(-0.476875189191504,-1.54479152990038,
-3.1831617512706));
#7254=CARTESIAN_POINT('Ctrl Pts',(-1.55676297276946,-0.437917060982525,
-3.26254653940757));
#7255=CARTESIAN_POINT('Ctrl Pts',(-1.21207499150199,1.07083528572159,-3.34193132754455));
#7256=CARTESIAN_POINT('Ctrl Pts',(0.242246369132081,1.59887951033307,-3.42131611568152));
#7257=CARTESIAN_POINT('Ctrl Pts',(1.47473256611964,0.663719596545821,-3.50070090381851));
#7258=CARTESIAN_POINT('Ctrl Pts',(1.35741459796252,-0.879110152061274,-3.58008569195547));
#7259=CARTESIAN_POINT('Ctrl Pts',(-0.00240507969283051,-1.61718980079062,
-3.65947048009246));
#7260=CARTESIAN_POINT('Ctrl Pts',(-1.36000853987042,-0.875059490783965,
-3.73885526822942));
#7261=CARTESIAN_POINT('Ctrl Pts',(-1.47277187492009,0.668055553171198,-3.8182400563664));
#7262=CARTESIAN_POINT('Ctrl Pts',(-0.237468254745311,1.59967193101008,-3.89762484450337));
#7263=CARTESIAN_POINT('Ctrl Pts',(1.21519350433959,1.06707697287387,-3.97700963264034));
#7264=CARTESIAN_POINT('Ctrl Pts',(1.55556110684857,-0.442241951926012,-4.05639442077733));
#7265=CARTESIAN_POINT('Ctrl Pts',(0.472086318241428,-1.54676468039074,-4.13577920891429));
#7266=CARTESIAN_POINT('Ctrl Pts',(-1.04349990364836,-1.23549808845226,-4.21516399705127));
#7267=CARTESIAN_POINT('Ctrl Pts',(-1.60394620286712,0.206649533298902,-4.29454878518824));
#7268=CARTESIAN_POINT('Ctrl Pts',(-0.696262601833593,1.45964571201308,-4.37393357332522));
#7269=CARTESIAN_POINT('Ctrl Pts',(0.848726544581066,1.37659385333332,-4.4533183614622));
#7270=CARTESIAN_POINT('Ctrl Pts',(1.61685627886406,0.033513084024926,-4.53270314959916));
#7271=CARTESIAN_POINT('Ctrl Pts',(0.905039290262253,-1.34024296577218,-4.61208793773614));
#7272=CARTESIAN_POINT('Ctrl Pts',(-0.635181513087756,-1.48724301810854,
-4.69147272587312));
#7273=CARTESIAN_POINT('Ctrl Pts',(-1.59400569064911,-0.27293442673132,-4.77085751401009));
#7274=CARTESIAN_POINT('Ctrl Pts',(-1.09379883888647,1.1911974814443,-4.85024230214707));
#7275=CARTESIAN_POINT('Ctrl Pts',(0.407587902971987,1.5649982251707,-4.92962709028404));
#7276=CARTESIAN_POINT('Ctrl Pts',(1.53589981861069,0.506319157701725,-5.00901187842102));
#7277=CARTESIAN_POINT('Ctrl Pts',(1.25836638250036,-1.01580578325992,-5.08839666655799));
#7278=CARTESIAN_POINT('Ctrl Pts',(-0.170979501035153,-1.60813971801694,
-5.16778145469496));
#7279=CARTESIAN_POINT('Ctrl Pts',(-1.44382381220251,-0.728505416281828,
-5.24716624283195));
#7280=CARTESIAN_POINT('Ctrl Pts',(-1.39510211352802,0.817947085717971,-5.32655103096891));
#7281=CARTESIAN_POINT('Ctrl Pts',(-0.0694105257095281,1.61571331652587,
-5.40593581910589));
#7282=CARTESIAN_POINT('Ctrl Pts',(1.31981415440237,0.934579017570934,-5.48532060724287));
#7283=CARTESIAN_POINT('Ctrl Pts',(1.50098179114025,-0.601997512377695,-5.56470539537983));
#7284=CARTESIAN_POINT('Ctrl Pts',(0.308265371019006,-1.58755151200962,-5.64409018351683));
#7285=CARTESIAN_POINT('Ctrl Pts',(-1.16661361831394,-1.1199821462026,-5.72347497165378));
#7286=CARTESIAN_POINT('Ctrl Pts',(-1.57366363051887,0.37273330979482,-5.80285975979077));
#7287=CARTESIAN_POINT('Ctrl Pts',(-0.54030218297477,1.52427717076733,-5.88224454792774));
#7288=CARTESIAN_POINT('Ctrl Pts',(0.987610603871924,1.28061416412932,-5.96162933606471));
#7289=CARTESIAN_POINT('Ctrl Pts',(1.61154009721239,-0.135225209653046,-6.04101412420169));
#7290=CARTESIAN_POINT('Ctrl Pts',(0.760388906947658,-1.42728975770169,-6.12039891233866));
#7291=CARTESIAN_POINT('Ctrl Pts',(-0.786764195156838,-1.41292230623919,
-6.19978370047564));
#7292=CARTESIAN_POINT('Ctrl Pts',(-1.61377346166233,-0.105273722663691,
-6.27916848861261));
#7293=CARTESIAN_POINT('Ctrl Pts',(-0.963657793373753,1.29873438374409,-6.35855327674958));
#7294=CARTESIAN_POINT('Ctrl Pts',(0.56851659568146,1.51398025835341,-6.43793806488656));
#7295=CARTESIAN_POINT('Ctrl Pts',(1.58031432761883,0.343444272294275,-6.51732285302353));
#7296=CARTESIAN_POINT('Ctrl Pts',(1.14561305979352,-1.14145436154041,-6.59670764116052));
#7297=CARTESIAN_POINT('Ctrl Pts',(-0.337694878328388,-1.58155287973557,
-6.67609242929747));
#7298=CARTESIAN_POINT('Ctrl Pts',(-1.51190272465842,-0.574018722185552,
-6.75547721743446));
#7299=CARTESIAN_POINT('Ctrl Pts',(-1.30223032594117,0.958928318722644,-6.83486200557143));
#7300=CARTESIAN_POINT('Ctrl Pts',(0.0994042229723527,1.61414563862879,-6.91424679370841));
#7301=CARTESIAN_POINT('Ctrl Pts',(1.41005174064233,0.791897361380022,-6.99363158184538));
#7302=CARTESIAN_POINT('Ctrl Pts',(1.4300456226359,-0.755193259655437,-7.07301636998236));
#7303=CARTESIAN_POINT('Ctrl Pts',(0.141084996905258,-1.61103766743591,-7.15240115811933));
#7304=CARTESIAN_POINT('Ctrl Pts',(-1.27701405612325,-0.992261277442971,
-7.23178594625631));
#7305=CARTESIAN_POINT('Ctrl Pts',(-1.52623200582817,0.534755277332357,-7.31117073439327));
#7306=CARTESIAN_POINT('Ctrl Pts',(-0.378453781257619,1.57229770644777,-7.39055552253026));
#7307=CARTESIAN_POINT('Ctrl Pts',(1.11573212087313,1.17067893835203,-7.46994031066722));
#7308=CARTESIAN_POINT('Ctrl Pts',(1.58866208129648,-0.302489890244005,-7.54932509880422));
#7309=CARTESIAN_POINT('Ctrl Pts',(0.607452146007553,-1.49878258348565,-7.62870988694116));
#7310=CARTESIAN_POINT('Ctrl Pts',(-0.929773074498449,-1.32320420653306,
-7.70809467507816));
#7311=CARTESIAN_POINT('Ctrl Pts',(-1.61595505710965,0.0635342085087928,
-7.78747946321512));
#7312=CARTESIAN_POINT('Ctrl Pts',(-0.823015239127806,1.39211826308418,-7.8668642513521));
#7313=CARTESIAN_POINT('Ctrl Pts',(0.7232498505306,1.44646361722532,-7.94624903948908));
#7314=CARTESIAN_POINT('Ctrl Pts',(1.607507283176,0.176826685727028,-8.02563382762605));
#7315=CARTESIAN_POINT('Ctrl Pts',(1.02037536207877,-1.25466388435777,-8.10501861576303));
#7316=CARTESIAN_POINT('Ctrl Pts',(-0.500730208965288,-1.53773099080388,
-8.18440340389999));
#7317=CARTESIAN_POINT('Ctrl Pts',(-1.56350560242335,-0.413276630648194,
-8.26378819203698));
#7318=CARTESIAN_POINT('Ctrl Pts',(-1.19516741897898,1.08945958294019,-8.34317298017395));
#7319=CARTESIAN_POINT('Ctrl Pts',(0.267135709215929,1.59498772882766,-8.42255776831092));
#7320=CARTESIAN_POINT('Ctrl Pts',(1.48492321831627,0.640585964531185,-8.5019425564479));
#7321=CARTESIAN_POINT('Ctrl Pts',(1.34352546124535,-0.900159251040925,-8.58132734458487));
#7322=CARTESIAN_POINT('Ctrl Pts',(-0.0276328579381449,-1.6169674602203,
-8.66071213272185));
#7323=CARTESIAN_POINT('Ctrl Pts',(-1.3734981701106,-0.853727192346552,-8.74009692085881));
#7324=CARTESIAN_POINT('Ctrl Pts',(-1.46216819238497,0.690949722792305,-8.81948170899581));
#7325=CARTESIAN_POINT('Ctrl Pts',(-0.212481160745564,1.60318405012566,-8.89886649713275));
#7326=CARTESIAN_POINT('Ctrl Pts',(1.23169489191663,1.0479861809564,-8.97825128526976));
#7327=CARTESIAN_POINT('Ctrl Pts',(1.54847154179373,-0.466458172298509,-9.05763607340671));
#7328=CARTESIAN_POINT('Ctrl Pts',(0.447895645269145,-1.55394235195455,-9.1370208615437));
#7329=CARTESIAN_POINT('Ctrl Pts',(-1.06264970578546,-1.21906642355664,-9.21640564968066));
#7330=CARTESIAN_POINT('Ctrl Pts',(-1.60052670241664,0.23164977250242,-9.29579043781765));
#7331=CARTESIAN_POINT('Ctrl Pts',(-0.67340383561714,1.47033146481507,-9.37517522595461));
#7332=CARTESIAN_POINT('Ctrl Pts',(0.870101454370443,1.36318406730402,-9.4545600140916));
#7333=CARTESIAN_POINT('Ctrl Pts',(1.61718234862701,0.00828212160837256,
-9.53394480222856));
#7334=CARTESIAN_POINT('Ctrl Pts',(0.884018073400399,-1.35420064545493,-9.61332959036555));
#7335=CARTESIAN_POINT('Ctrl Pts',(-0.658308807389974,-1.47715160236243,
-9.69271437850251));
#7336=CARTESIAN_POINT('Ctrl Pts',(-1.59807010057389,-0.248030836592702,
-9.77209916663949));
#7337=CARTESIAN_POINT('Ctrl Pts',(-1.07508011597002,1.20811840748123,-9.85148395477647));
#7338=CARTESIAN_POINT('Ctrl Pts',(0.431956070859043,1.55844836138292,-9.93086874291343));
#7339=CARTESIAN_POINT('Ctrl Pts',(1.54361267179238,0.482293750458267,-10.0102535310504));
#7340=CARTESIAN_POINT('Ctrl Pts',(1.24236416470645,-1.03531571247729,-10.0896383191874));
#7341=CARTESIAN_POINT('Ctrl Pts',(-0.196049582345797,-1.60527627015138,
-10.1690231073244));
#7342=CARTESIAN_POINT('Ctrl Pts',(-1.45501451987267,-0.705889572956566,
-10.2484078954613));
#7343=CARTESIAN_POINT('Ctrl Pts',(-1.38217032876419,0.839614509482169,-10.3277926835983));
#7344=CARTESIAN_POINT('Ctrl Pts',(-0.0441930162775432,1.61659961634333,
-10.4071774717353));
#7345=CARTESIAN_POINT('Ctrl Pts',(1.33423520697082,0.913872942333146,-10.4865622598723));
#7346=CARTESIAN_POINT('Ctrl Pts',(1.4914064570957,-0.625343203355053,-10.5659470480092));
#7347=CARTESIAN_POINT('Ctrl Pts',(0.283458179588939,-1.59216795680394,-10.6453318361462));
#7348=CARTESIAN_POINT('Ctrl Pts',(-1.18394605935794,-1.10164380394931,-10.7247166242832));
#7349=CARTESIAN_POINT('Ctrl Pts',(-1.56765652884145,0.39724092164562,-10.8041014124202));
#7350=CARTESIAN_POINT('Ctrl Pts',(-0.516453980509473,1.53252165670343,-10.8834862005571));
#7351=CARTESIAN_POINT('Ctrl Pts',(1.00747108458665,1.26504915160277,-10.9628709886941));
#7352=CARTESIAN_POINT('Ctrl Pts',(1.60923408946768,-0.160352697340041,-11.0422557768311));
#7353=CARTESIAN_POINT('Ctrl Pts',(0.738027154054364,-1.43897993805596,-11.1216405649681));
#7354=CARTESIAN_POINT('Ctrl Pts',(-0.808713453034188,-1.40047488129227,
-11.201025353105));
#7355=CARTESIAN_POINT('Ctrl Pts',(-1.61521955078231,-0.0800821142308488,
-11.280410141242));
#7356=CARTESIAN_POINT('Ctrl Pts',(-0.94327707423688,1.31361170193791,-11.359794929379));
#7357=CARTESIAN_POINT('Ctrl Pts',(0.592069169860686,1.50492572585811,-11.439179717516));
#7358=CARTESIAN_POINT('Ctrl Pts',(1.58548052984931,0.318745716391347,-11.5185645056529));
#7359=CARTESIAN_POINT('Ctrl Pts',(1.12766414325043,-1.1591897697428,-11.5979492937899));
#7360=CARTESIAN_POINT('Ctrl Pts',(-0.362329846735602,-1.57609150255106,
-11.6773340819269));
#7361=CARTESIAN_POINT('Ctrl Pts',(-1.5206747769571,-0.550359487040578,-11.7567188700638));
#7362=CARTESIAN_POINT('Ctrl Pts',(-1.28711019564038,0.979129555537821,-11.8361036582008));
#7363=CARTESIAN_POINT('Ctrl Pts',(0.124576723770607,1.61239820830454,-11.9154884463378));
#7364=CARTESIAN_POINT('Ctrl Pts',(1.42223562788199,0.769800728131778,-11.9948732344748));
#7365=CARTESIAN_POINT('Ctrl Pts',(1.41808869678465,-0.777413525931156,-12.0742580226118));
#7366=CARTESIAN_POINT('Ctrl Pts',(0.115931714380275,-1.61304283261479,-12.1536428107487));
#7367=CARTESIAN_POINT('Ctrl Pts',(-1.29234030220501,-0.972215966514532,
-12.2330275988857));
#7368=CARTESIAN_POINT('Ctrl Pts',(-1.51770274072599,0.558503118202492,-12.3124123870227));
#7369=CARTESIAN_POINT('Ctrl Pts',(-0.353876042611661,1.57801111805799,-12.3917971751596));
#7370=CARTESIAN_POINT('Ctrl Pts',(1.13386174884132,1.15312830021798,-12.4711819632967));
#7371=CARTESIAN_POINT('Ctrl Pts',(1.58374912224522,-0.327240064840112,-12.5505667514336));
#7372=CARTESIAN_POINT('Ctrl Pts',(0.583993547303171,-1.50807787562757,-12.6299515395706));
#7373=CARTESIAN_POINT('Ctrl Pts',(-0.950305103834841,-1.30853641595278,
-12.7093363277075));
#7374=CARTESIAN_POINT('Ctrl Pts',(-1.61476706606697,0.0887393069307337,
-12.7887211158445));
#7375=CARTESIAN_POINT('Ctrl Pts',(-0.801194623944228,1.40478984791746,-12.8681059039815));
#7376=CARTESIAN_POINT('Ctrl Pts',(0.745730165807242,1.43500308782045,-12.9474906921185));
#7377=CARTESIAN_POINT('Ctrl Pts',(1.61007053543363,0.151724135118754,-13.0268754802554));
#7378=CARTESIAN_POINT('Ctrl Pts',(1.00067534603279,-1.27043149917311,-13.1062602683924));
#7379=CARTESIAN_POINT('Ctrl Pts',(-0.524661603704186,-1.52973119986737,
-13.1856450565294));
#7380=CARTESIAN_POINT('Ctrl Pts',(-1.56976340546557,-0.38883183140047,-13.2650298446664));
#7381=CARTESIAN_POINT('Ctrl Pts',(-1.17802371551475,1.10797448884616,-13.3444146328034));
#7382=CARTESIAN_POINT('Ctrl Pts',(0.291988882811424,1.59062561106115,-13.4237994209403));
#7383=CARTESIAN_POINT('Ctrl Pts',(1.49473716571185,0.617339572430605,-13.5031842090773));
#7384=CARTESIAN_POINT('Ctrl Pts',(1.32931724477896,-0.92101194616701,-13.5825689972143));
#7385=CARTESIAN_POINT('Ctrl Pts',(-0.052858122418427,-1.61633949439575,
-13.6619537853512));
#7386=CARTESIAN_POINT('Ctrl Pts',(-1.38665120270536,-0.832193357510682,
-13.7413385734882));
#7387=CARTESIAN_POINT('Ctrl Pts',(-1.45120971194635,0.713678999411976,-13.8207233616252));
#7388=CARTESIAN_POINT('Ctrl Pts',(-0.187441723041095,1.60630412522427,-13.9001081497622));
#7389=CARTESIAN_POINT('Ctrl Pts',(1.24789609862097,1.02864117616187,-13.9794929378991));
#7390=CARTESIAN_POINT('Ctrl Pts',(1.54100517065014,-0.490561317552262,-14.0588777260361));
#7391=CARTESIAN_POINT('Ctrl Pts',(0.423595841993044,-1.56074145997833,-14.1382625141731));
#7392=CARTESIAN_POINT('Ctrl Pts',(-1.08154075777589,-1.20233811031617,-14.2176473023101));
#7393=CARTESIAN_POINT('Ctrl Pts',(-1.59671757740244,0.256593687107043,-14.2970320904471));
#7394=CARTESIAN_POINT('Ctrl Pts',(-0.650381115619821,1.4806592270655,-14.376416878584));
#7395=CARTESIAN_POINT('Ctrl Pts',(0.891264530397137,1.34944243267547,-14.455801666721));
#7396=CARTESIAN_POINT('Ctrl Pts',(1.61711471774357,-0.0169508674186947,
-14.535186454858));
#7397=CARTESIAN_POINT('Ctrl Pts',(0.86278163975053,-1.36782863852109,-14.614571242995));
#7398=CARTESIAN_POINT('Ctrl Pts',(-0.681275834903014,-1.46670057579122,
-14.6939560311319));
#7399=CARTESIAN_POINT('Ctrl Pts',(-1.60174545964157,-0.22306686165079,-14.7733408192689));
#7400=CARTESIAN_POINT('Ctrl Pts',(-1.05609966369858,1.22474521537536,-14.8527256074059));
#7401=CARTESIAN_POINT('Ctrl Pts',(0.456219078563577,1.55151909256822,-14.9321103955428));
#7402=CARTESIAN_POINT('Ctrl Pts',(1.55094973136684,0.458150928212773,-15.0114951836798));
#7403=CARTESIAN_POINT('Ctrl Pts',(1.22605949236645,-1.05457359317746,-15.0908799718168));
#7404=CARTESIAN_POINT('Ctrl Pts',(-0.221071935214349,-1.60202201661203,
-15.1702647599538));
#7405=CARTESIAN_POINT('Ctrl Pts',(-1.46585100315731,-0.683101880243208,
-15.2496495480907));
#7406=CARTESIAN_POINT('Ctrl Pts',(-1.36890205357159,0.861077528435482,-15.3290343362277));
#7407=CARTESIAN_POINT('Ctrl Pts',(-0.0189647480251,1.61709235375765,-15.4084191243647));
#7408=CARTESIAN_POINT('Ctrl Pts',(1.34833143896013,0.892944384024454,-15.4878039125017));
#7409=CARTESIAN_POINT('Ctrl Pts',(1.48146803900852,-0.648536654049189,-15.5671887006386));
#7410=CARTESIAN_POINT('Ctrl Pts',(0.258581980048877,-1.59639678709371,-15.6465734887756));
#7411=CARTESIAN_POINT('Ctrl Pts',(-1.20099026782925,-1.08303726566935,-15.7259582769126));
#7412=CARTESIAN_POINT('Ctrl Pts',(-1.56126777998392,0.421651824890125,-15.8053430650496));
#7413=CARTESIAN_POINT('Ctrl Pts',(-0.492480046927989,1.54039304907121,-15.8847278531865));
#7414=CARTESIAN_POINT('Ctrl Pts',(1.02708629569596,1.24917616189338,-15.9641126413235));
#7415=CARTESIAN_POINT('Ctrl Pts',(1.60653631245405,-0.185441147040291,-16.0434974294605));
#7416=CARTESIAN_POINT('Ctrl Pts',(0.715485727886405,-1.45031979764462,-16.1228822175975));
#7417=CARTESIAN_POINT('Ctrl Pts',(-0.830465829003372,-1.38768650966522,
-16.2022670057344));
#7418=CARTESIAN_POINT('Ctrl Pts',(-1.61627241346827,-0.054871009746098,
-16.2816517938714));
#7419=CARTESIAN_POINT('Ctrl Pts',(-0.922666713575407,1.328169220359,-16.3610365820084));
#7420=CARTESIAN_POINT('Ctrl Pts',(0.615477604348038,1.49550481804477,-16.4404213701453));
#7421=CARTESIAN_POINT('Ctrl Pts',(1.59026074563315,0.293969561600167,-16.5198061582824));
#7422=CARTESIAN_POINT('Ctrl Pts',(1.10944069600987,-1.17664297230987,-16.5991909464193));
#7423=CARTESIAN_POINT('Ctrl Pts',(-0.386876605664743,-1.57024642468577,
-16.6785757345563));
#7424=CARTESIAN_POINT('Ctrl Pts',(-1.52907661981921,-0.52656626645787,-16.7579605226933));
#7425=CARTESIAN_POINT('Ctrl Pts',(-1.2716767173788,0.99909242251444,-16.8373453108302));
#7426=CARTESIAN_POINT('Ctrl Pts',(0.149718896270264,1.61025823840424,-16.9167300989672));
#7427=CARTESIAN_POINT('Ctrl Pts',(1.43407327077115,0.747516686307962,-16.9961148871042));
#7428=CARTESIAN_POINT('Ctrl Pts',(1.40578653615642,-0.799444530289879,-17.0754996752412));
#7429=CARTESIAN_POINT('Ctrl Pts',(0.0907502081908188,-1.61465530128335,
-17.1548844633781));
#7430=CARTESIAN_POINT('Ctrl Pts',(-1.30735192705256,-0.951933968866048,
-17.2342692515151));
#7431=CARTESIAN_POINT('Ctrl Pts',(-1.50880398973172,0.582114991061683,-17.3136540396521));
#7432=CARTESIAN_POINT('Ctrl Pts',(-0.329212152572696,1.58334036165556,-17.3930388277891));
#7433=CARTESIAN_POINT('Ctrl Pts',(1.15171533730022,1.13529693211801,-17.472423615926));
#7434=CARTESIAN_POINT('Ctrl Pts',(1.57845059825983,-0.351910572592339,-17.551808404063));
#7435=CARTESIAN_POINT('Ctrl Pts',(0.560392774923404,-1.51700602505816,-17.6311931922));
#7436=CARTESIAN_POINT('Ctrl Pts',(-0.970605780667441,-1.29355006118204,
-17.710577980337));
#7437=CARTESIAN_POINT('Ctrl Pts',(-1.61318595874802,0.11392280170057,-17.7899627684739));
#7438=CARTESIAN_POINT('Ctrl Pts',(-0.77917895731717,1.4171194355887,-17.8693475566109));
#7439=CARTESIAN_POINT('Ctrl Pts',(0.768028932505098,1.42319320581718,-17.9487323447479));
#7440=CARTESIAN_POINT('Ctrl Pts',(1.61224181478897,0.126584647153851,-18.0281171328848));
#7441=CARTESIAN_POINT('Ctrl Pts',(0.980731714809087,-1.2858898264691,-18.1075019210218));
#7442=CARTESIAN_POINT('Ctrl Pts',(-0.548465269174714,-1.52135899470119,
-18.1868867091588));
#7443=CARTESIAN_POINT('Ctrl Pts',(-1.57563904840708,-0.364292370746229,
-18.2662714972958));
#7444=CARTESIAN_POINT('Ctrl Pts',(-1.1605932212767,1.12621965751608,-18.3456562854328));
#7445=CARTESIAN_POINT('Ctrl Pts',(0.316770971490248,1.58587625427403,-18.4250410735697));
#7446=CARTESIAN_POINT('Ctrl Pts',(1.50418721820213,0.593942888539346,-18.5044258617067));
#7447=CARTESIAN_POINT('Ctrl Pts',(1.31478540501345,-0.941640420230934,-18.5838106498437));
#7448=CARTESIAN_POINT('Ctrl Pts',(-0.0780705185483992,-1.61531802948605,
-18.6631954379806));
#7449=CARTESIAN_POINT('Ctrl Pts',(-1.39946665400509,-0.810456924565959,
-18.7425802261176));
#7450=CARTESIAN_POINT('Ctrl Pts',(-1.43989793339432,0.73623453033382,-18.8219650142546));
#7451=CARTESIAN_POINT('Ctrl Pts',(-0.162356652505914,1.60903314435601,-18.9013498023916));
#7452=CARTESIAN_POINT('Ctrl Pts',(1.26379350406642,1.0090457478869,-18.9807345905285));
#7453=CARTESIAN_POINT('Ctrl Pts',(1.5331636406201,-0.514545035278344,-19.0601193786655));
#7454=CARTESIAN_POINT('Ctrl Pts',(0.399192913985474,-1.56716060430094,-19.1395041668025));
#7455=CARTESIAN_POINT('Ctrl Pts',(-1.10016850784231,-1.18531708694388,-19.2188889549395));
#7456=CARTESIAN_POINT('Ctrl Pts',(-1.59251973027377,0.281475133782455,-19.2982737430765));
#7457=CARTESIAN_POINT('Ctrl Pts',(-0.627200059842861,1.49062652169556,-19.3776585312134));
#7458=CARTESIAN_POINT('Ctrl Pts',(0.912210627392796,1.33537227525539,-19.4570433193504));
#7459=CARTESIAN_POINT('Ctrl Pts',(1.61665339904625,-0.0421797297441461,
-19.5364281074874));
#7460=CARTESIAN_POINT('Ctrl Pts',(0.84133516125111,-1.3811236326599,-19.6158128956243));
#7461=CARTESIAN_POINT('Ctrl Pts',(-0.704077005293412,-1.45589247984395,
-19.6951976837613));
#7462=CARTESIAN_POINT('Ctrl Pts',(-1.605030872553,-0.198048580910929,-19.7745824718983));
#7463=CARTESIAN_POINT('Ctrl Pts',(-1.03686210315691,1.24107385811084,-19.8539672600353));
#7464=CARTESIAN_POINT('Ctrl Pts',(0.480371019384794,1.54421210524472,-19.9333520481723));
#7465=CARTESIAN_POINT('Ctrl Pts',(1.55790921104393,0.433896568773666,-20.0127368363092));
#7466=CARTESIAN_POINT('Ctrl Pts',(1.20945633490605,-1.07357473713045,-20.0921216244462));
#7467=CARTESIAN_POINT('Ctrl Pts',(-0.246040467951339,-1.59837774958844,
-20.1715064125831));
#7468=CARTESIAN_POINT('Ctrl Pts',(-1.47633062389499,-0.660147885855051,
-20.2508912007202));
#7469=CARTESIAN_POINT('Ctrl Pts',(-1.35530051812792,0.882330917406437,-20.3302759888571));
#7470=CARTESIAN_POINT('Ctrl Pts',(0.00626813720973784,1.61719140880263,
-20.4096607769941));
#7471=CARTESIAN_POINT('Ctrl Pts',(1.3620994186302,0.871798437723069,-20.4890455651311));
#7472=CARTESIAN_POINT('Ctrl Pts',(1.47116895639509,-0.671572217999266,-20.568430353268));
#7473=CARTESIAN_POINT('Ctrl Pts',(0.233642828528161,-1.60023697336565,-20.647815141405));
#7474=CARTESIAN_POINT('Ctrl Pts',(-1.21774209430202,-1.06416706113938,-20.727199929542));
#7475=CARTESIAN_POINT('Ctrl Pts',(-1.5544989392922,0.445960076675609,-20.8065847176789));
#7476=CARTESIAN_POINT('Ctrl Pts',(-0.468386218702728,1.547889431574,-20.885969505816));
#7477=CARTESIAN_POINT('Ctrl Pts',(1.04645146186164,1.23299905929273,-20.9653542939529));
#7478=CARTESIAN_POINT('Ctrl Pts',(1.60344742294741,-0.210484450951559,-21.0447390820899));
#7479=CARTESIAN_POINT('Ctrl Pts',(0.692770116171195,-1.46130657577021,-21.1241238702268));
#7480=CARTESIAN_POINT('Ctrl Pts',(-0.85201602743184,-1.37456030469688,-21.2035086583638));
#7481=CARTESIAN_POINT('Ctrl Pts',(-1.61693179339997,-0.0296465468720777,
-21.2828934465008));
#7482=CARTESIAN_POINT('Ctrl Pts',(-0.90183172899739,1.3424033949684,-21.3622782346378));
#7483=CARTESIAN_POINT('Ctrl Pts',(0.638736200342269,1.48571982844055,-21.4416630227748));
#7484=CARTESIAN_POINT('Ctrl Pts',(1.59465381122315,0.269121839694546,-21.5210478109117));
#7485=CARTESIAN_POINT('Ctrl Pts',(1.09094715458402,-1.19380972024613,-21.6004325990487));
#7486=CARTESIAN_POINT('Ctrl Pts',(-0.411329179188587,-1.56401906912836,
-21.6798173871857));
#7487=CARTESIAN_POINT('Ctrl Pts',(-1.53710620780965,-0.502644852915172,
-21.7592021753227));
#7488=CARTESIAN_POINT('Ctrl Pts',(-1.25593364844853,1.01881205967728,-21.8385869634596));
#7489=CARTESIAN_POINT('Ctrl Pts',(0.174824619590219,1.6077262499052,-21.9179717515966));
#7490=CARTESIAN_POINT('Ctrl Pts',(1.44556178742659,0.725050660975586,-21.9973565397336));
#7491=CARTESIAN_POINT('Ctrl Pts',(1.39314213572165,-0.82128090926676,-22.0767413278706));
#7492=CARTESIAN_POINT('Ctrl Pts',(0.0655466087938112,-1.61587468088486,
-22.1561261160075));
#7493=CARTESIAN_POINT('Ctrl Pts',(-1.32204527607436,-0.931420222165345,
-22.2355109041445));
#7494=CARTESIAN_POINT('Ctrl Pts',(-1.49953791925308,0.605585147581428,-22.3148956922815));
#7495=CARTESIAN_POINT('Ctrl Pts',(-0.304468115583597,1.58828413983207,-22.3942804804184));
#7496=CARTESIAN_POINT('Ctrl Pts',(1.16928853978008,1.11718917511229,-22.4736652685554));
#7497=CARTESIAN_POINT('Ctrl Pts',(1.57276779927,-0.376495407446727,-22.5530500566924));
#7498=CARTESIAN_POINT('Ctrl Pts',(0.53665557449432,-1.52556485821262,-22.6324348448294));
#7499=CARTESIAN_POINT('Ctrl Pts',(-0.99067016278098,-1.27824879066034,-22.7118196329664));
#7500=CARTESIAN_POINT('Ctrl Pts',(-1.61121212007459,0.139078561877269,-22.7912044211033));
#7501=CARTESIAN_POINT('Ctrl Pts',(-0.756973598977479,1.42910402445036,-22.8705892092403));
#7502=CARTESIAN_POINT('Ctrl Pts',(0.790140721972422,1.41103684634032,-22.9499739973773));
#7503=CARTESIAN_POINT('Ctrl Pts',(1.61402059264238,0.101414342059812,-23.0293587855142));
#7504=CARTESIAN_POINT('Ctrl Pts',(0.960549323699891,-1.30103510290413,-23.1087435736513));
#7505=CARTESIAN_POINT('Ctrl Pts',(-0.572135410356303,-1.51261641352509,
-23.1881283617882));
#7506=CARTESIAN_POINT('Ctrl Pts',(-1.58113110081812,-0.339664222835948,
-23.2675131499252));
#7507=CARTESIAN_POINT('Ctrl Pts',(-1.14288017973199,1.1441906471497,-23.3468979380621));
#7508=CARTESIAN_POINT('Ctrl Pts',(0.341475942033963,1.58074081470085,-23.4262827261991));
#7509=CARTESIAN_POINT('Ctrl Pts',(1.5132710751646,0.570401608797977,-23.5056675143361));
#7510=CARTESIAN_POINT('Ctrl Pts',(1.29993347973631,-0.962039651214954,-23.5850523024731));
#7511=CARTESIAN_POINT('Ctrl Pts',(-0.103263908351001,-1.6139033141676,-23.6644370906101));
#7512=CARTESIAN_POINT('Ctrl Pts',(-1.4119414040784,-0.788523185263563,-23.743821878747));
#7513=CARTESIAN_POINT('Ctrl Pts',(-1.42823561059,0.758610824396606,-23.823206666884));
#7514=CARTESIAN_POINT('Ctrl Pts',(-0.137232056119619,1.61137044313909,-23.902591455021));
#7515=CARTESIAN_POINT('Ctrl Pts',(1.27938323801749,0.989204666653485,-23.981976243158));
#7516=CARTESIAN_POINT('Ctrl Pts',(1.52494886073009,-0.538403486622384,-24.0613610312949));
#7517=CARTESIAN_POINT('Ctrl Pts',(0.374692802157902,-1.57319822217677,-24.1407458194319));
#7518=CARTESIAN_POINT('Ctrl Pts',(-1.11852842104472,-1.16800749722092,-24.2201306075689));
#7519=CARTESIAN_POINT('Ctrl Pts',(-1.58793418299973,0.306288055121425,-24.2995153957058));
#7520=CARTESIAN_POINT('Ctrl Pts',(-0.603866311732033,1.50023092215973,-24.3789001838428));
#7521=CARTESIAN_POINT('Ctrl Pts',(0.932934646014069,1.3209770204344,-24.4582849719798));
#7522=CARTESIAN_POINT('Ctrl Pts',(1.61579850484347,-0.0673983233821625,
-24.5376697601167));
#7523=CARTESIAN_POINT('Ctrl Pts',(0.81968385906369,-1.39408239119485,-24.6170545482538));
#7524=CARTESIAN_POINT('Ctrl Pts',(-0.72670676759879,-1.44472994575983,-24.6964393363907));
#7525=CARTESIAN_POINT('Ctrl Pts',(-1.60792553947192,-0.172982085092701,
-24.7758241245277));
#7526=CARTESIAN_POINT('Ctrl Pts',(-1.01737211774386,1.25710036046706,-24.8552089126647));
#7527=CARTESIAN_POINT('Ctrl Pts',(0.504406013514216,1.53652917830412,-24.9345937008017));
#7528=CARTESIAN_POINT('Ctrl Pts',(1.56448941653301,0.409536576883248,-25.0139784889386));
#7529=CARTESIAN_POINT('Ctrl Pts',(1.19255873437663,-1.09231451849315,-25.0933632770756));
#7530=CARTESIAN_POINT('Ctrl Pts',(-0.2709491019484,-1.59434435628038,-25.1727480652126));
#7531=CARTESIAN_POINT('Ctrl Pts',(-1.48645083081399,-0.637033177959227,
-25.2521328533495));
#7532=CARTESIAN_POINT('Ctrl Pts',(-1.34136903373747,0.903369502240539,-25.3315176414865));
#7533=CARTESIAN_POINT('Ctrl Pts',(0.0314994964619926,1.61689675736459,-25.4109024296235));
#7534=CARTESIAN_POINT('Ctrl Pts',(1.37553579415543,0.850440251423204,-25.4902872177605));
#7535=CARTESIAN_POINT('Ctrl Pts',(1.46051171657575,-0.694444287174766,-25.5696720058974));
#7536=CARTESIAN_POINT('Ctrl Pts',(0.208646796480695,-1.6036875807328,-25.6490567940344));
#7537=CARTESIAN_POINT('Ctrl Pts',(-1.23419746052835,-1.04503778430744,-25.7284415821714));
#7538=CARTESIAN_POINT('Ctrl Pts',(-1.54735165465135,0.470159759106056,-25.8078263703084));
#7539=CARTESIAN_POINT('Ctrl Pts',(-0.444178361483903,1.55500897927545,-25.8872111584453));
#7540=CARTESIAN_POINT('Ctrl Pts',(1.06556186859892,1.21652178200777,-25.9665959465823));
#7541=CARTESIAN_POINT('Ctrl Pts',(1.59996817297882,-0.235476512032496,-26.0459807347193));
#7542=CARTESIAN_POINT('Ctrl Pts',(0.66988584896856,-1.47193759812982,-26.1253655228563));
#7543=CARTESIAN_POINT('Ctrl Pts',(-0.873358801768287,-1.36109946114253,
-26.2047503109932));
#7544=CARTESIAN_POINT('Ctrl Pts',(-1.61719753031488,-0.0044148680987373,
-26.2841350991302));
#7545=CARTESIAN_POINT('Ctrl Pts',(-0.880777192294346,1.35631076343702,-26.3635198872672));
#7546=CARTESIAN_POINT('Ctrl Pts',(0.661839294568045,1.47557313352674,-26.4429046754042));
#7547=CARTESIAN_POINT('Ctrl Pts',(1.59865865893288,0.244208610662998,-26.5222894635411));
#7548=CARTESIAN_POINT('Ctrl Pts',(1.07218801780436,-1.2106858547899,-26.6016742516781));
#7549=CARTESIAN_POINT('Ctrl Pts',(-0.4356816077849,-1.55741091300536,-26.681059039815));
#7550=CARTESIAN_POINT('Ctrl Pts',(-1.54476159851094,-0.47860114403375,-26.7604438279521));
#7551=CARTESIAN_POINT('Ctrl Pts',(-1.23988479797629,1.03828380668804,-26.839828616089));
#7552=CARTESIAN_POINT('Ctrl Pts',(0.199887737022632,1.60480259252128,-26.919213404226));
#7553=CARTESIAN_POINT('Ctrl Pts',(1.45669846585821,0.702408628043275,-26.998598192363));
#7554=CARTESIAN_POINT('Ctrl Pts',(1.38015841252462,-0.842918308832062,-27.0779829805));
#7555=CARTESIAN_POINT('Ctrl Pts',(0.0403273582724423,-1.6166988473578,-27.157367768637));
#7556=CARTESIAN_POINT('Ctrl Pts',(-1.3364173538114,-0.910683190857409,-27.2367525567739));
#7557=CARTESIAN_POINT('Ctrl Pts',(-1.48990568041331,0.628914465093376,-27.3161373449109));
#7558=CARTESIAN_POINT('Ctrl Pts',(-0.279652053743136,1.59282873060062,-27.3955221330478));
#7559=CARTESIAN_POINT('Ctrl Pts',(1.18658106302088,1.09883321350387,-27.4749069211849));
#7560=CARTESIAN_POINT('Ctrl Pts',(1.56669454024779,-0.401033741685861,-27.5542917093218));
#7561=CARTESIAN_POINT('Ctrl Pts',(0.512802099529812,-1.53366652132672,-27.6336764974588));
#7562=CARTESIAN_POINT('Ctrl Pts',(-1.01052066695956,-1.2627992618855,-27.7130612855957));
#7563=CARTESIAN_POINT('Ctrl Pts',(-1.60879417731925,0.16451018421133,-27.7924460737327));
#7564=CARTESIAN_POINT('Ctrl Pts',(-0.734682440907018,1.44015017548216,-27.8718308618697));
#7565=CARTESIAN_POINT('Ctrl Pts',(0.812247230021728,1.39967787957134,-27.9512156500066));
#7566=CARTESIAN_POINT('Ctrl Pts',(1.61505027416074,0.0738888295768549,-28.0306004381437));
#7567=CARTESIAN_POINT('Ctrl Pts',(1.16560925031274,-0.848804472582969,-28.083523630235));
#7568=CARTESIAN_POINT('Ctrl Pts',(0.795408277542938,-1.11329858282321,-28.1099852262806));
#7569=CARTESIAN_POINT('Ctrl Pts',(0.634007094575012,1.31904027763695,-2.99999999999999));
#7570=CARTESIAN_POINT('Ctrl Pts',(1.07262257602604,1.10821629314985,-3.02646159604565));
#7571=CARTESIAN_POINT('Ctrl Pts',(1.7154500472534,0.218330910372542,-3.07938478813696));
#7572=CARTESIAN_POINT('Ctrl Pts',(1.11262034829244,-1.32598261889159,-3.15876957627394));
#7573=CARTESIAN_POINT('Ctrl Pts',(-0.510072603239071,-1.65233137512091,
-3.23815436441091));
#7574=CARTESIAN_POINT('Ctrl Pts',(-1.66513620365294,-0.468402425541993,
-3.31753915254789));
#7575=CARTESIAN_POINT('Ctrl Pts',(-1.29645295089574,1.14538091770774,-3.39692394068486));
#7576=CARTESIAN_POINT('Ctrl Pts',(0.259110221980558,1.71018466170103,-3.47630872882183));
#7577=CARTESIAN_POINT('Ctrl Pts',(1.57739529363504,0.709924085177944,-3.55569351695882));
#7578=CARTESIAN_POINT('Ctrl Pts',(1.45191029718114,-0.940308940282667,-3.63507830509578));
#7579=CARTESIAN_POINT('Ctrl Pts',(-0.00257250804352778,-1.72976961334338,
-3.71446309323276));
#7580=CARTESIAN_POINT('Ctrl Pts',(-1.45468481498294,-0.935976294363056,
-3.79384788136973));
#7581=CARTESIAN_POINT('Ctrl Pts',(-1.57529810995469,0.714561887130376,-3.87323266950671));
#7582=CARTESIAN_POINT('Ctrl Pts',(-0.253999481688041,1.71103224632433,-3.95261745764368));
#7583=CARTESIAN_POINT('Ctrl Pts',(1.29978855735505,1.14136097189902,-4.03200224578066));
#7584=CARTESIAN_POINT('Ctrl Pts',(1.66385067047166,-0.47302839148095,-4.11138703391764));
#7585=CARTESIAN_POINT('Ctrl Pts',(0.504950357570792,-1.65444188543898,-4.19077182205461));
#7586=CARTESIAN_POINT('Ctrl Pts',(-1.11614259747082,-1.32150663435032,-4.27015661019158));
#7587=CARTESIAN_POINT('Ctrl Pts',(-1.71560406935576,0.221035331250167,-4.34954139832856));
#7588=CARTESIAN_POINT('Ctrl Pts',(-0.744732554564863,1.56125817616019,-4.42892618646553));
#7589=CARTESIAN_POINT('Ctrl Pts',(0.907810194039446,1.47242470626952,-4.5083109746025));
#7590=CARTESIAN_POINT('Ctrl Pts',(1.72941287346431,0.0358460796421552,-4.58769576273949));
#7591=CARTESIAN_POINT('Ctrl Pts',(0.9680431217239,-1.43354327089906,-4.66708055087645));
#7592=CARTESIAN_POINT('Ctrl Pts',(-0.67939933813559,-1.59077665412155,-4.74646533901344));
#7593=CARTESIAN_POINT('Ctrl Pts',(-1.70497155363785,-0.291934612476659,
-4.8258501271504));
#7594=CARTESIAN_POINT('Ctrl Pts',(-1.16994306647929,1.27412206401886,-4.90523491528738));
#7595=CARTESIAN_POINT('Ctrl Pts',(0.43596191923961,1.67394474879393,-4.98461970342435));
#7596=CARTESIAN_POINT('Ctrl Pts',(1.64282067205319,0.541566298042304,-5.06400449156133));
#7597=CARTESIAN_POINT('Ctrl Pts',(1.34596689259215,-1.08652056554064,-5.14338927969829));
#7598=CARTESIAN_POINT('Ctrl Pts',(-0.18288214855841,-1.72008951384453,-5.22277406783529));
#7599=CARTESIAN_POINT('Ctrl Pts',(-1.54433484316347,-0.779219935485743,
-5.30215885597225));
#7600=CARTESIAN_POINT('Ctrl Pts',(-1.49222140920753,0.874888039428713,-5.38154364410923));
#7601=CARTESIAN_POINT('Ctrl Pts',(-0.0742425027413097,1.72819034440754,
-5.4609284322462));
#7602=CARTESIAN_POINT('Ctrl Pts',(1.41169231863177,0.999639241523832,-5.54031322038318));
#7603=CARTESIAN_POINT('Ctrl Pts',(1.6054718445706,-0.643905250769119,-5.61969800852015));
#7604=CARTESIAN_POINT('Ctrl Pts',(0.329725101762266,-1.69806807076638,-5.69908279665713));
#7605=CARTESIAN_POINT('Ctrl Pts',(-1.24782680826057,-1.19794911088429,-5.77846758479409));
#7606=CARTESIAN_POINT('Ctrl Pts',(-1.68321339175176,0.398680941995113,-5.85785237293108));
#7607=CARTESIAN_POINT('Ctrl Pts',(-0.577915033644058,1.63038891972813,-5.93723716106805));
#7608=CARTESIAN_POINT('Ctrl Pts',(1.05636259365367,1.36976344177103,-6.01662194920503));
#7609=CARTESIAN_POINT('Ctrl Pts',(1.72372660863901,-0.144638841094339,-6.09600673734199));
#7610=CARTESIAN_POINT('Ctrl Pts',(0.813322978489174,-1.52664977920443,-6.17539152547899));
#7611=CARTESIAN_POINT('Ctrl Pts',(-0.841534368435679,-1.51128214520812,
-6.25477631361593));
#7612=CARTESIAN_POINT('Ctrl Pts',(-1.72611544757378,-0.112602297181227,
-6.33416110175293));
#7613=CARTESIAN_POINT('Ctrl Pts',(-1.03074232092264,1.38914509088948,-6.41354588988989));
#7614=CARTESIAN_POINT('Ctrl Pts',(0.608093577767154,1.61937519320313,-6.49293067802688));
#7615=CARTESIAN_POINT('Ctrl Pts',(1.69032707361241,0.36735296364157,-6.57231546616384));
#7616=CARTESIAN_POINT('Ctrl Pts',(1.22536430696711,-1.220916103135,-6.65170025430083));
#7617=CARTESIAN_POINT('Ctrl Pts',(-0.361203328656087,-1.69165184687958,
-6.7310850424378));
#7618=CARTESIAN_POINT('Ctrl Pts',(-1.61715303309895,-0.61397873189729,-6.81046983057476));
#7619=CARTESIAN_POINT('Ctrl Pts',(-1.39288440125332,1.02568360639552,-6.88985461871175));
#7620=CARTESIAN_POINT('Ctrl Pts',(0.106324195373753,1.72651353344289,-6.96923940684871));
#7621=CARTESIAN_POINT('Ctrl Pts',(1.50821174670572,0.847024877310124,-7.0486241949857));
#7622=CARTESIAN_POINT('Ctrl Pts',(1.52959749221823,-0.807765638959121,-7.12800898312266));
#7623=CARTESIAN_POINT('Ctrl Pts',(0.150906554336376,-1.72318920247942,-7.20739377125964));
#7624=CARTESIAN_POINT('Ctrl Pts',(-1.3659127141505,-1.06133702140523,-7.28677855939662));
#7625=CARTESIAN_POINT('Ctrl Pts',(-1.63247983959766,0.571981983099576,-7.36616334753359));
#7626=CARTESIAN_POINT('Ctrl Pts',(-0.404799641052754,1.681752379599,-7.44554813567056));
#7627=CARTESIAN_POINT('Ctrl Pts',(1.19340322228971,1.25217513340262,-7.52493292380755));
#7628=CARTESIAN_POINT('Ctrl Pts',(1.69925595174667,-0.323547563948253,-7.60431771194451));
#7629=CARTESIAN_POINT('Ctrl Pts',(0.649739605833704,-1.60311954023847,-7.6837025000815));
#7630=CARTESIAN_POINT('Ctrl Pts',(-0.994498735266626,-1.41531836744826,
-7.76308728821846));
#7631=CARTESIAN_POINT('Ctrl Pts',(-1.72844891363419,0.0679571088271278,
-7.84247207635545));
#7632=CARTESIAN_POINT('Ctrl Pts',(-0.880309009657196,1.48902983959345,-7.92185686449241));
#7633=CARTESIAN_POINT('Ctrl Pts',(0.773598506304856,1.54715841681653,-8.00124165262939));
#7634=CARTESIAN_POINT('Ctrl Pts',(1.71941305238669,0.189136381919537,-8.08062644076637));
#7635=CARTESIAN_POINT('Ctrl Pts',(1.09140825317171,-1.34200664699993,-8.16001122890333));
#7636=CARTESIAN_POINT('Ctrl Pts',(-0.535588277596048,-1.64477932032994,
-8.23939601704033));
#7637=CARTESIAN_POINT('Ctrl Pts',(-1.67234821790359,-0.442046664683748,
-8.31878080517727));
#7638=CARTESIAN_POINT('Ctrl Pts',(-1.27836836665498,1.1653017355257,-8.39816559331427));
#7639=CARTESIAN_POINT('Ctrl Pts',(0.285732220308868,1.70602195588471,-8.47755038145123));
#7640=CARTESIAN_POINT('Ctrl Pts',(1.58829536269388,0.685180017607382,-8.55693516958821));
#7641=CARTESIAN_POINT('Ctrl Pts',(1.43705427555821,-0.962823361153645,-8.63631995772519));
#7642=CARTESIAN_POINT('Ctrl Pts',(-0.0295565047268948,-1.72953179465186,
-8.71570474586215));
#7643=CARTESIAN_POINT('Ctrl Pts',(-1.46911351869681,-0.913158959253863,
-8.79508953399914));
#7644=CARTESIAN_POINT('Ctrl Pts',(-1.56395625766882,0.739049822259551,-8.8744743221361));
#7645=CARTESIAN_POINT('Ctrl Pts',(-0.227272924356686,1.71478885975437,-8.95385911027309));
#7646=CARTESIAN_POINT('Ctrl Pts',(1.31743868029969,1.12094118460049,-9.03324389841004));
#7647=CARTESIAN_POINT('Ctrl Pts',(1.65626756909563,-0.498930411225262,-9.11262868654705));
#7648=CARTESIAN_POINT('Ctrl Pts',(0.479075663695451,-1.66211922681199,-9.19201347468399));
#7649=CARTESIAN_POINT('Ctrl Pts',(-1.13662550295421,-1.30393108779469,-9.271398262821));
#7650=CARTESIAN_POINT('Ctrl Pts',(-1.7119465221902,0.247775948881703,-9.35078305095795));
#7651=CARTESIAN_POINT('Ctrl Pts',(-0.720282487429633,1.57268781199115,-9.43016783909494));
#7652=CARTESIAN_POINT('Ctrl Pts',(0.930673106867331,1.45808140507903,-9.5095526272319));
#7653=CARTESIAN_POINT('Ctrl Pts',(1.72976164240133,0.00885867712315349,
-9.58893741536888));
#7654=CARTESIAN_POINT('Ctrl Pts',(0.945558523969598,-1.44847260706986,-9.66832220350585));
#7655=CARTESIAN_POINT('Ctrl Pts',(-0.704136626797235,-1.57998272980623,
-9.74770699164283));
#7656=CARTESIAN_POINT('Ctrl Pts',(-1.70931890530963,-0.265297372083554,
-9.8270917797798));
#7657=CARTESIAN_POINT('Ctrl Pts',(-1.14992124956846,1.29222093137135,-9.90647656791678));
#7658=CARTESIAN_POINT('Ctrl Pts',(0.462026464244328,1.66693891970318,-9.98586135605375));
#7659=CARTESIAN_POINT('Ctrl Pts',(1.65107045142933,0.515868374782081,-10.0652461441907));
#7660=CARTESIAN_POINT('Ctrl Pts',(1.32885068887105,-1.10738866816049,-10.1446309323277));
#7661=CARTESIAN_POINT('Ctrl Pts',(-0.209697470318413,-1.71702672857046,
-10.2240157204647));
#7662=CARTESIAN_POINT('Ctrl Pts',(-1.55630458602865,-0.755029702190279,
-10.3034005086016));
#7663=CARTESIAN_POINT('Ctrl Pts',(-1.47838938508777,0.898063829437047,-10.3827852967386));
#7664=CARTESIAN_POINT('Ctrl Pts',(-0.0472694897292802,1.72913834351797,
-10.4621700848756));
#7665=CARTESIAN_POINT('Ctrl Pts',(1.42711728514661,0.977491723811057,-10.5415548730126));
#7666=CARTESIAN_POINT('Ctrl Pts',(1.5952299287115,-0.66887613967492,-10.6209396611496));
#7667=CARTESIAN_POINT('Ctrl Pts',(0.303190970822814,-1.70300588692313,-10.7003244492865));
#7668=CARTESIAN_POINT('Ctrl Pts',(-1.26636583801967,-1.17833415463529,-10.7797092374235));
#7669=CARTESIAN_POINT('Ctrl Pts',(-1.67678810886859,0.424894638281351,-10.8590940255605));
#7670=CARTESIAN_POINT('Ctrl Pts',(-0.552406651178893,1.63920734119167,-10.9384788136974));
#7671=CARTESIAN_POINT('Ctrl Pts',(1.07760565122794,1.35311487913071,-11.0178636018344));
#7672=CARTESIAN_POINT('Ctrl Pts',(1.72126006938494,-0.171515565545219,-11.0972483899714));
#7673=CARTESIAN_POINT('Ctrl Pts',(0.789404523996693,-1.53915376528042,-11.1766331781084));
#7674=CARTESIAN_POINT('Ctrl Pts',(-0.865011612289874,-1.49796819935772,
-11.2560179662454));
#7675=CARTESIAN_POINT('Ctrl Pts',(-1.72766220542293,-0.0856569882526942,
-11.3354027543823));
#7676=CARTESIAN_POINT('Ctrl Pts',(-1.00894280880365,1.40505808571985,-11.4147875425193));
#7677=CARTESIAN_POINT('Ctrl Pts',(0.633285751939488,1.60969033421766,-11.4941723306563));
#7678=CARTESIAN_POINT('Ctrl Pts',(1.69585291827845,0.340935030834013,-11.5735571187932));
#7679=CARTESIAN_POINT('Ctrl Pts',(1.20616588609314,-1.23988615239806,-11.6529419069302));
#7680=CARTESIAN_POINT('Ctrl Pts',(-0.387553247358046,-1.68581027881122,
-11.7323266950672));
#7681=CARTESIAN_POINT('Ctrl Pts',(-1.62653574717834,-0.588672471612493,
-11.8117114832042));
#7682=CARTESIAN_POINT('Ctrl Pts',(-1.37671169107958,1.04729114162593,-11.8910962713411));
#7683=CARTESIAN_POINT('Ctrl Pts',(0.133249066499821,1.72464445668093,-11.9704810594781));
#7684=CARTESIAN_POINT('Ctrl Pts',(1.52124380881078,0.823389998626546,-12.0498658476151));
#7685=CARTESIAN_POINT('Ctrl Pts',(1.51680819129858,-0.831532757317984,-12.1292506357521));
#7686=CARTESIAN_POINT('Ctrl Pts',(0.124002239353506,-1.72533395617157,-12.208635423889));
#7687=CARTESIAN_POINT('Ctrl Pts',(-1.38230588874627,-1.03989626675968,-12.288020212026));
#7688=CARTESIAN_POINT('Ctrl Pts',(-1.62335681421703,0.59738301735022,-12.367405000163));
#7689=CARTESIAN_POINT('Ctrl Pts',(-0.378510936131606,1.68786352733629,-12.4467897883));
#7690=CARTESIAN_POINT('Ctrl Pts',(1.21279493471905,1.23340271687846,-12.526174576437));
#7691=CARTESIAN_POINT('Ctrl Pts',(1.69400097964982,-0.350020708857009,-12.6055593645739));
#7692=CARTESIAN_POINT('Ctrl Pts',(0.624647949189183,-1.61306191922601,-12.6849441527109));
#7693=CARTESIAN_POINT('Ctrl Pts',(-1.01646009096464,-1.39962948638542,-12.7643289408479));
#7694=CARTESIAN_POINT('Ctrl Pts',(-1.72717822122347,0.0949168468432145,
-12.8437137289848));
#7695=CARTESIAN_POINT('Ctrl Pts',(-0.856969363889854,1.50258355010214,-12.9230985171218));
#7696=CARTESIAN_POINT('Ctrl Pts',(0.797643776838287,1.5349000687193,-13.0024833052588));
#7697=CARTESIAN_POINT('Ctrl Pts',(1.72215474409438,0.162286330528923,-13.0818680933958));
#7698=CARTESIAN_POINT('Ctrl Pts',(1.07033683092923,-1.3588719159802,-13.1612528815327));
#7699=CARTESIAN_POINT('Ctrl Pts',(-0.561185643720935,-1.63622262817896,
-13.2406376696697));
#7700=CARTESIAN_POINT('Ctrl Pts',(-1.67904165459447,-0.415900153666723,
-13.3200224578067));
#7701=CARTESIAN_POINT('Ctrl Pts',(-1.26003121334242,1.18510554681267,-13.3994072459437));
#7702=CARTESIAN_POINT('Ctrl Pts',(0.312315534437868,1.70135617159727,-13.4787920340806));
#7703=CARTESIAN_POINT('Ctrl Pts',(1.59879250284622,0.66031534021714,-13.5581768222176));
#7704=CARTESIAN_POINT('Ctrl Pts',(1.4218569616181,-0.985127705620684,-13.6375616103546));
#7705=CARTESIAN_POINT('Ctrl Pts',(-0.0565378126508066,-1.7288601133186,
-13.7169463984916));
#7706=CARTESIAN_POINT('Ctrl Pts',(-1.48318219269822,-0.890126057896438,
-13.7963311866285));
#7707=CARTESIAN_POINT('Ctrl Pts',(-1.55223490841106,0.763361385448212,-13.8757159747655));
#7708=CARTESIAN_POINT('Ctrl Pts',(-0.20049037944129,1.71812613723057,-13.9551007629025));
#7709=CARTESIAN_POINT('Ctrl Pts',(1.33476772543896,1.10024948752992,-14.0344855510395));
#7710=CARTESIAN_POINT('Ctrl Pts',(1.64828143047429,-0.524711484186244,-14.1138703391764));
#7711=CARTESIAN_POINT('Ctrl Pts',(0.453084242467915,-1.66939165114439,-14.1932551273134));
#7712=CARTESIAN_POINT('Ctrl Pts',(-1.15683164553633,-1.2860382418766,-14.2726399154504));
#7713=CARTESIAN_POINT('Ctrl Pts',(-1.70787222695301,0.274456320907183,-14.3520247035874));
#7714=CARTESIAN_POINT('Ctrl Pts',(-0.695657052957806,1.58373453594767,-14.4314094917243));
#7715=CARTESIAN_POINT('Ctrl Pts',(0.953309439237193,1.44338315382459,-14.5107942798613));
#7716=CARTESIAN_POINT('Ctrl Pts',(1.72968930342972,-0.0181308930877817,
-14.5901790679983));
#7717=CARTESIAN_POINT('Ctrl Pts',(0.922843727224425,-1.46304930566466,-14.6695638561352));
#7718=CARTESIAN_POINT('Ctrl Pts',(-0.728702491781948,-1.56880416054845,
-14.7489486442722));
#7719=CARTESIAN_POINT('Ctrl Pts',(-1.71325012255468,-0.238595543231012,
-14.8283334324092));
#7720=CARTESIAN_POINT('Ctrl Pts',(-1.12961948315205,1.3100052057021,-14.9077182205462));
#7721=CARTESIAN_POINT('Ctrl Pts',(0.487978528396046,1.65952727350525,-14.9871030086832));
#7722=CARTESIAN_POINT('Ctrl Pts',(1.65891827652505,0.49004486273656,-15.0664877968201));
#7723=CARTESIAN_POINT('Ctrl Pts',(1.31141097539063,-1.12798717603894,-15.1458725849571));
#7724=CARTESIAN_POINT('Ctrl Pts',(-0.236461741046078,-1.71354593189234,
-15.2252573730941));
#7725=CARTESIAN_POINT('Ctrl Pts',(-1.56789544536508,-0.730655656302463,
-15.3046421612311));
#7726=CARTESIAN_POINT('Ctrl Pts',(-1.46419744593603,0.921020985101707,-15.384026949368));
#7727=CARTESIAN_POINT('Ctrl Pts',(-0.0202849689271961,1.72966538258675,
-15.463411737505));
#7728=CARTESIAN_POINT('Ctrl Pts',(1.44219481886951,0.955106234986081,-15.542796525642));
#7729=CARTESIAN_POINT('Ctrl Pts',(1.58459965290622,-0.693684190170713,-15.622181313779));
#7730=CARTESIAN_POINT('Ctrl Pts',(0.276583027810294,-1.70752910499664,-15.7015661019159));
#7731=CARTESIAN_POINT('Ctrl Pts',(-1.284596570048,-1.15843233203509,-15.7809508900529));
#7732=CARTESIAN_POINT('Ctrl Pts',(-1.66995461063873,0.451004893642823,-15.8603356781899));
#7733=CARTESIAN_POINT('Ctrl Pts',(-0.526763784892395,1.64762669637548,-15.9397204663268));
#7734=CARTESIAN_POINT('Ctrl Pts',(1.09858636488296,1.33613689963888,-16.0191052544638));
#7735=CARTESIAN_POINT('Ctrl Pts',(1.71837448805152,-0.198350534400557,-16.0984900426008));
#7736=CARTESIAN_POINT('Ctrl Pts',(0.765293888369572,-1.55128304319602,-16.1778748307378));
#7737=CARTESIAN_POINT('Ctrl Pts',(-0.888278268406007,-1.48428957200439,
-16.2572596188748));
#7738=CARTESIAN_POINT('Ctrl Pts',(-1.72878836258785,-0.0586908260649119,
-16.3366444070117));
#7739=CARTESIAN_POINT('Ctrl Pts',(-0.986897668786792,1.42062901808548,-16.4160291951487));
#7740=CARTESIAN_POINT('Ctrl Pts',(0.658323752211544,1.59961359489017,-16.4954139832856));
#7741=CARTESIAN_POINT('Ctrl Pts',(1.70096590625554,0.31443409713265,-16.5747987714227));
#7742=CARTESIAN_POINT('Ctrl Pts',(1.18667382321241,-1.25855435042979,-16.6541835595596));
#7743=CARTESIAN_POINT('Ctrl Pts',(-0.413808815925778,-1.67955829894215,
-16.7335683476966));
#7744=CARTESIAN_POINT('Ctrl Pts',(-1.63552247988704,-0.56322289856459,-16.8129531358336));
#7745=CARTESIAN_POINT('Ctrl Pts',(-1.36020381939251,1.06864371302756,-16.8923379239705));
#7746=CARTESIAN_POINT('Ctrl Pts',(0.160141498038829,1.72235551390798,-16.9717227121075));
#7747=CARTESIAN_POINT('Ctrl Pts',(1.53390552294802,0.799554665018538,-17.0511075002445));
#7748=CARTESIAN_POINT('Ctrl Pts',(1.50364962226558,-0.855097438391611,-17.1304922883815));
#7749=CARTESIAN_POINT('Ctrl Pts',(0.0970677359306896,-1.72705867599356,
-17.2098770765184));
#7750=CARTESIAN_POINT('Ctrl Pts',(-1.39836253991703,-1.01820234857327,-17.2892618646554));
#7751=CARTESIAN_POINT('Ctrl Pts',(-1.61383858137937,0.622638618248757,-17.3686466527924));
#7752=CARTESIAN_POINT('Ctrl Pts',(-0.352130082433799,1.69356376340795,-17.4480314409294));
#7753=CARTESIAN_POINT('Ctrl Pts',(1.23189139129467,1.21433002752029,-17.5274162290663));
#7754=CARTESIAN_POINT('Ctrl Pts',(1.68833360171989,-0.376408640956683,-17.6068010172033));
#7755=CARTESIAN_POINT('Ctrl Pts',(0.599404221524072,-1.62261159705657,-17.6861858053403));
#7756=CARTESIAN_POINT('Ctrl Pts',(-1.03817398867669,-1.38359986445449,-17.7655705934772));
#7757=CARTESIAN_POINT('Ctrl Pts',(-1.72548704595485,0.121853477280381,-17.8449553816142));
#7758=CARTESIAN_POINT('Ctrl Pts',(-0.833421088275968,1.51577145549725,-17.9243401697512));
#7759=CARTESIAN_POINT('Ctrl Pts',(0.82149486038465,1.52226804802734,-18.0037249578882));
#7760=CARTESIAN_POINT('Ctrl Pts',(1.72447717591351,0.135396770407136,-18.0831097460252));
#7761=CARTESIAN_POINT('Ctrl Pts',(1.04900483436727,-1.37540636655406,-18.1624945341621));
#7762=CARTESIAN_POINT('Ctrl Pts',(-0.586646388771998,-1.6272675963787,-18.2418793222991));
#7763=CARTESIAN_POINT('Ctrl Pts',(-1.68532632731137,-0.389652391439439,
-18.3212641104361));
#7764=CARTESIAN_POINT('Ctrl Pts',(-1.24138730446803,1.20462084324857,-18.4006488985731));
#7765=CARTESIAN_POINT('Ctrl Pts',(0.338822815111327,1.69627619084965,-18.48003368671));
#7766=CARTESIAN_POINT('Ctrl Pts',(1.60890041574189,0.635289908552707,-18.559418474847));
#7767=CARTESIAN_POINT('Ctrl Pts',(1.40631349551408,-1.00719221999492,-18.638803262984));
#7768=CARTESIAN_POINT('Ctrl Pts',(-0.0835053564010086,-1.72776753966952,
-18.718188051121));
#7769=CARTESIAN_POINT('Ctrl Pts',(-1.49688978486132,-0.866876454669975,
-18.7975728392579));
#7770=CARTESIAN_POINT('Ctrl Pts',(-1.54013566637861,0.787487107724195,-18.8769576273949));
#7771=CARTESIAN_POINT('Ctrl Pts',(-0.173659024989812,1.72104513558562,-18.9563424155319));
#7772=CARTESIAN_POINT('Ctrl Pts',(1.35177182035539,1.0792899338808,-19.0357272036689));
#7773=CARTESIAN_POINT('Ctrl Pts',(1.63989401647907,-0.550364815735391,-19.1151119918058));
#7774=CARTESIAN_POINT('Ctrl Pts',(0.426982517535282,-1.67625766080355,-19.1944967799428));
#7775=CARTESIAN_POINT('Ctrl Pts',(-1.17675615657029,-1.26783230896569,-19.2738815680798));
#7776=CARTESIAN_POINT('Ctrl Pts',(-1.70338214891697,0.301069876331604,-19.3532663562168));
#7777=CARTESIAN_POINT('Ctrl Pts',(-0.670862260244793,1.5943956985211,-19.4326511443537));
#7778=CARTESIAN_POINT('Ctrl Pts',(0.975713687695551,1.42833350983826,-19.5120359324907));
#7779=CARTESIAN_POINT('Ctrl Pts',(1.7291958702753,-0.0451160493189498,-19.5914207206277));
#7780=CARTESIAN_POINT('Ctrl Pts',(0.899904263468604,-1.47726982378791,-19.6708055087647));
#7781=CARTESIAN_POINT('Ctrl Pts',(-0.753090953588158,-1.55724366471886,
-19.7501902969016));
#7782=CARTESIAN_POINT('Ctrl Pts',(-1.71676424774809,-0.211835628111127,
-19.8295750850386));
#7783=CARTESIAN_POINT('Ctrl Pts',(-1.10904271000919,1.32747055826441,-19.9089598731756));
#7784=CARTESIAN_POINT('Ctrl Pts',(0.513811793802112,1.65171161412433,-19.9883446613126));
#7785=CARTESIAN_POINT('Ctrl Pts',(1.66636223669857,0.464102048894696,-20.0677294494495));
#7786=CARTESIAN_POINT('Ctrl Pts',(1.29365199790604,-1.14831107457737,-20.1471142375865));
#7787=CARTESIAN_POINT('Ctrl Pts',(-0.263168444982189,-1.70964797114757,
-20.2264990257235));
#7788=CARTESIAN_POINT('Ctrl Pts',(-1.57910459935711,-0.706103731736729,
-20.3058838138604));
#7789=CARTESIAN_POINT('Ctrl Pts',(-1.44964904679711,0.943753917503674,-20.3852686019975));
#7790=CARTESIAN_POINT('Ctrl Pts',(0.00670449026606902,1.72977133329629,
-20.4646533901344));
#7791=CARTESIAN_POINT('Ctrl Pts',(1.45692124916159,0.932488224818292,-20.5440381782714));
#7792=CARTESIAN_POINT('Ctrl Pts',(1.57358360510446,-0.718323362720273,-20.6234229664084));
#7793=CARTESIAN_POINT('Ctrl Pts',(0.249907750448287,-1.7116366238046,-20.7028077545453));
#7794=CARTESIAN_POINT('Ctrl Pts',(-1.30251456605962,-1.13824848819837,-20.7821925426823));
#7795=CARTESIAN_POINT('Ctrl Pts',(-1.6627145606827,0.477005351518251,-20.8615773308193));
#7796=CARTESIAN_POINT('Ctrl Pts',(-0.500992677559913,1.6556449355809,-20.9409621189562));
#7797=CARTESIAN_POINT('Ctrl Pts',(1.11929962684786,1.31883363659773,-21.0203469070932));
#7798=CARTESIAN_POINT('Ctrl Pts',(1.71507056713578,-0.225137214666694,-21.0997316952302));
#7799=CARTESIAN_POINT('Ctrl Pts',(0.740996941360464,-1.56303466006924,-21.1791164833672));
#7800=CARTESIAN_POINT('Ctrl Pts',(-0.911328672498872,-1.47024959322041,
-21.2585012715042));
#7801=CARTESIAN_POINT('Ctrl Pts',(-1.7294936449047,-0.0317103755506586,
-21.3378860596411));
#7802=CARTESIAN_POINT('Ctrl Pts',(-0.964612267778256,1.43585409723099,-21.4172708477781));
#7803=CARTESIAN_POINT('Ctrl Pts',(0.683201483063038,1.58914742841053,-21.4966556359151));
#7804=CARTESIAN_POINT('Ctrl Pts',(1.70566479278282,0.287856614210027,-21.576040424052));
#7805=CARTESIAN_POINT('Ctrl Pts',(1.16689286368254,-1.2769161524431,-21.655425212189));
#7806=CARTESIAN_POINT('Ctrl Pts',(-0.439963642421044,-1.67289742932164,
-21.734810000326));
#7807=CARTESIAN_POINT('Ctrl Pts',(-1.6441110433981,-0.537636208471594,-21.814194788463));
#7808=CARTESIAN_POINT('Ctrl Pts',(-1.34336480504613,1.08973612230058,-21.8935795765999));
#7809=CARTESIAN_POINT('Ctrl Pts',(0.186994943007771,1.7196472623689,-21.9729643647369));
#7810=CARTESIAN_POINT('Ctrl Pts',(1.54619380661345,0.775524679216286,-22.0523491528739));
#7811=CARTESIAN_POINT('Ctrl Pts',(1.49012498858292,-0.87845394534039,-22.1317339410109));
#7812=CARTESIAN_POINT('Ctrl Pts',(0.0701096012933645,-1.72836294206102,
-22.2111187291478));
#7813=CARTESIAN_POINT('Ctrl Pts',(-1.41407875865879,-0.99626054824696,-22.2905035172848));
#7814=CARTESIAN_POINT('Ctrl Pts',(-1.60392745830575,0.647742637299843,-22.3698883054218));
#7815=CARTESIAN_POINT('Ctrl Pts',(-0.325663502398319,1.69885170008715,-22.4492730935588));
#7816=CARTESIAN_POINT('Ctrl Pts',(1.25068794296964,1.1949617085889,-22.5286578816957));
#7817=CARTESIAN_POINT('Ctrl Pts',(1.68225519768436,-0.402704936085057,-22.6080426698327));
#7818=CARTESIAN_POINT('Ctrl Pts',(0.574014568443154,-1.63176624885379,-22.6874274579697));
#7819=CARTESIAN_POINT('Ctrl Pts',(-1.0596351421378,-1.36723340407918,-22.7668122461067));
#7820=CARTESIAN_POINT('Ctrl Pts',(-1.72337579954624,0.14876044239538,-22.8461970342436));
#7821=CARTESIAN_POINT('Ctrl Pts',(-0.809669915661215,1.52859034517314,-22.9255818223806));
#7822=CARTESIAN_POINT('Ctrl Pts',(0.845145950379482,1.50926543001572,-23.0049666105176));
#7823=CARTESIAN_POINT('Ctrl Pts',(1.72637978244628,0.10847424783807,-23.0843513986546));
#7824=CARTESIAN_POINT('Ctrl Pts',(1.02741745677669,-1.39160597339686,-23.1637361867915));
#7825=CARTESIAN_POINT('Ctrl Pts',(-0.611964314311377,-1.61791640503851,
-23.2431209749285));
#7826=CARTESIAN_POINT('Ctrl Pts',(-1.69120070604593,-0.363309768039696,
-23.3225057630655));
#7827=CARTESIAN_POINT('Ctrl Pts',(-1.22244117890568,1.2238428738196,-23.4018905512024));
#7828=CARTESIAN_POINT('Ctrl Pts',(0.365247609111493,1.69078325036702,-23.4812753393394));
#7829=CARTESIAN_POINT('Ctrl Pts',(1.61861664060181,0.610109815074546,-23.5606601274764));
#7830=CARTESIAN_POINT('Ctrl Pts',(1.39042766131484,-1.02901153265351,-23.6400449156134));
#7831=CARTESIAN_POINT('Ctrl Pts',(-0.110452570708414,-1.72625433969251,
-23.7194297037503));
#7832=CARTESIAN_POINT('Ctrl Pts',(-1.51023295806233,-0.843415809708122,
-23.7988144918874));
#7833=CARTESIAN_POINT('Ctrl Pts',(-1.52766147714118,0.811421115661989,-23.8781992800243));
#7834=CARTESIAN_POINT('Ctrl Pts',(-0.146785393115997,1.72354514418715,-23.9575840681613));
#7835=CARTESIAN_POINT('Ctrl Pts',(1.36844682538911,1.05806762627246,-24.0369688562983));
#7836=CARTESIAN_POINT('Ctrl Pts',(1.6311073690323,-0.575884160549572,-24.1163536444352));
#7837=CARTESIAN_POINT('Ctrl Pts',(0.40077684338242,-1.68271558425414,-24.1957384325722));
#7838=CARTESIAN_POINT('Ctrl Pts',(-1.19639418541862,-1.24931772131025,-24.2751232207092));
#7839=CARTESIAN_POINT('Ctrl Pts',(-1.69847738119502,0.327610136064537,-24.3545080088462));
#7840=CARTESIAN_POINT('Ctrl Pts',(-0.645904145601856,1.60466870424323,-24.4338927969831));
#7841=CARTESIAN_POINT('Ctrl Pts',(0.997880397910958,1.41293613696743,-24.5132775851201));
#7842=CARTESIAN_POINT('Ctrl Pts',(1.72828146306481,-0.0720902220134422,
-24.5926623732571));
#7843=CARTESIAN_POINT('Ctrl Pts',(0.876745717332086,-1.4911306994436,-24.6720471613941));
#7844=CARTESIAN_POINT('Ctrl Pts',(-0.777296074826177,-1.54530405672901,
-24.751431949531));
#7845=CARTESIAN_POINT('Ctrl Pts',(-1.71986042537341,-0.185024141445694,
-24.830816737668));
#7846=CARTESIAN_POINT('Ctrl Pts',(-1.08819593957103,1.34461273710478,-24.9102015258049));
#7847=CARTESIAN_POINT('Ctrl Pts',(0.539519971334293,1.64349384428872,-24.989586313942));
#7848=CARTESIAN_POINT('Ctrl Pts',(1.67340051971211,0.438046249054295,-25.0689711020789));
#7849=CARTESIAN_POINT('Ctrl Pts',(1.27557807985392,-1.16835541590703,-25.1483558902159));
#7850=CARTESIAN_POINT('Ctrl Pts',(-0.289811080359276,-1.70533379529787,
-25.2277406783529));
#7851=CARTESIAN_POINT('Ctrl Pts',(-1.58992931912758,-0.6813799056775,-25.3071254664899));
#7852=CARTESIAN_POINT('Ctrl Pts',(-1.43474772949003,0.966257092292425,-25.3865102546268));
#7853=CARTESIAN_POINT('Ctrl Pts',(0.0336923172462818,1.72945616985425,-25.4658950427638));
#7854=CARTESIAN_POINT('Ctrl Pts',(1.4712929908617,0.909643199676796,-25.5452798309008));
#7855=CARTESIAN_POINT('Ctrl Pts',(1.56218446717236,-0.742787658893008,-25.6246646190377));
#7856=CARTESIAN_POINT('Ctrl Pts',(0.223171632851744,-1.71532744337838,-25.7040494071747));
#7857=CARTESIAN_POINT('Ctrl Pts',(-1.32011546390156,-1.1177875368784,-25.7834341953117));
#7858=CARTESIAN_POINT('Ctrl Pts',(-1.65506972160221,0.502889682040421,-25.8628189834487));
#7859=CARTESIAN_POINT('Ctrl Pts',(-0.475099603165793,1.66326010682964,-25.9422037715856));
#7860=CARTESIAN_POINT('Ctrl Pts',(1.13974039444151,1.3012093023704,-26.0215885597226));
#7861=CARTESIAN_POINT('Ctrl Pts',(1.711349111021,-0.25186908485997,-26.1009733478596));
#7862=CARTESIAN_POINT('Ctrl Pts',(0.716519598001388,-1.57440575542703,-26.1803581359966));
#7863=CARTESIAN_POINT('Ctrl Pts',(-0.93415721278127,-1.45585168016228,-26.2597429241335));
#7864=CARTESIAN_POINT('Ctrl Pts',(-1.72977788095438,-0.0047222068060718,
-26.3391277122705));
#7865=CARTESIAN_POINT('Ctrl Pts',(-0.942092030639646,1.45072961979912,-26.4185125004075));
#7866=CARTESIAN_POINT('Ctrl Pts',(0.70791288697272,1.57829437669749,-26.4978972885445));
#7867=CARTESIAN_POINT('Ctrl Pts',(1.70994843584745,0.261209063917561,-26.5772820766814));
#7868=CARTESIAN_POINT('Ctrl Pts',(1.14682781951881,-1.29496711016633,-26.6566668648184));
#7869=CARTESIAN_POINT('Ctrl Pts',(-0.466011352452618,-1.66582924990559,
-26.7360516529554));
#7870=CARTESIAN_POINT('Ctrl Pts',(-1.65229936007366,-0.511918709514562,
-26.8154364410923));
#7871=CARTESIAN_POINT('Ctrl Pts',(-1.32619872233747,1.11056338467971,-26.8948212292294));
#7872=CARTESIAN_POINT('Ctrl Pts',(0.213802816102845,1.7165200761227,-26.9742060173663));
#7873=CARTESIAN_POINT('Ctrl Pts',(1.55810575902323,0.751306433138129,-27.0535908055033));
#7874=CARTESIAN_POINT('Ctrl Pts',(1.4762374103634,-0.901597621031102,-27.1329755936402));
#7875=CARTESIAN_POINT('Ctrl Pts',(0.0431347259869337,-1.72924448244703,
-27.2123603817773));
#7876=CARTESIAN_POINT('Ctrl Pts',(-1.42945134098523,-0.974079919473589,
-27.2917451699142));
#7877=CARTESIAN_POINT('Ctrl Pts',(-1.59362467625423,0.672696012910103,-27.3711299580512));
#7878=CARTESIAN_POINT('Ctrl Pts',(-0.299119883539545,1.70371266013814,-27.4505147461882));
#7879=CARTESIAN_POINT('Ctrl Pts',(1.26918427606879,1.17532790642269,-27.5298995343251));
#7880=CARTESIAN_POINT('Ctrl Pts',(1.67575915194783,-0.428951493482446,-27.6092843224621));
#7881=CARTESIAN_POINT('Ctrl Pts',(0.548500546436534,-1.64043190496012,-27.6886691105991));
#7882=CARTESIAN_POINT('Ctrl Pts',(-1.08086752866464,-1.35070836453088,-27.768053898736));
#7883=CARTESIAN_POINT('Ctrl Pts',(-1.72078953298499,0.175962473665908,-27.847438686873));
#7884=CARTESIAN_POINT('Ctrl Pts',(-0.785826970412815,1.54040546816604,-27.92682347501));
#7885=CARTESIAN_POINT('Ctrl Pts',(0.868791391293173,1.49711571478356,-28.006208263147));
#7886=CARTESIAN_POINT('Ctrl Pts',(1.72748114469888,0.0790325613635163,-28.085593051284));
#7887=CARTESIAN_POINT('Ctrl Pts',(1.24675252171215,-0.907893546957973,-28.1385162433753));
#7888=CARTESIAN_POINT('Ctrl Pts',(0.850780204044599,-1.19080027477568,-28.1649778394209));
#7889=CARTESIAN_POINT('',(0.634007094574968,1.31904027763697,-28.));
#7890=CARTESIAN_POINT('Ctrl Pts',(0.635547253243904,1.32091986632861,-28.));
#7891=CARTESIAN_POINT('Ctrl Pts',(0.668191117622527,1.30147819769773,-28.));
#7892=CARTESIAN_POINT('Ctrl Pts',(0.699947059581323,1.28072732109213,-28.));
#7893=CARTESIAN_POINT('Ctrl Pts',(0.730727879047207,1.25866700664949,-28.));
#7894=CARTESIAN_POINT('Ctrl Pts',(0.777651014493951,1.22503765107835,-28.));
#7895=CARTESIAN_POINT('Ctrl Pts',(0.822310258299804,1.18836680141182,-28.));
#7896=CARTESIAN_POINT('Ctrl Pts',(0.864571609414614,1.14898030840495,-28.));
#7897=CARTESIAN_POINT('Ctrl Pts',(0.901487179982358,1.11457594546678,-28.));
#7898=CARTESIAN_POINT('Ctrl Pts',(0.936572731744279,1.07809836487378,-28.));
#7899=CARTESIAN_POINT('Ctrl Pts',(0.969711179512463,1.03974764388754,-28.));
#7900=CARTESIAN_POINT('Ctrl Pts',(0.984631525751665,1.02248050936028,-28.));
#7901=CARTESIAN_POINT('Ctrl Pts',(0.999156786611584,1.00483349903888,-28.));
#7902=CARTESIAN_POINT('Ctrl Pts',(1.01327436581511,0.986824330999051,-28.));
#7903=CARTESIAN_POINT('Ctrl Pts',(1.02290817565116,0.974534908166709,-28.));
#7904=CARTESIAN_POINT('Ctrl Pts',(1.03235211642632,0.96207683463285,-28.));
#7905=CARTESIAN_POINT('Ctrl Pts',(1.04160184731636,0.949455705061712,-28.));
#7906=CARTESIAN_POINT('Ctrl Pts',(1.04788899272866,0.940876982304833,-28.));
#7907=CARTESIAN_POINT('Ctrl Pts',(1.05408134266553,0.932229776773516,-28.));
#7908=CARTESIAN_POINT('Ctrl Pts',(1.06017528664201,0.923520107569867,-28.));
#7909=CARTESIAN_POINT('Ctrl Pts',(1.09278283990165,0.87691629835725,-28.));
#7910=CARTESIAN_POINT('Ctrl Pts',(1.12260321070069,0.828489858432665,-28.));
#7911=CARTESIAN_POINT('Ctrl Pts',(1.1494994300042,0.778543172123689,-28.));
#7912=CARTESIAN_POINT('Ctrl Pts',(1.17618551441221,0.728986709495934,-28.));
#7913=CARTESIAN_POINT('Ctrl Pts',(1.19999327472794,0.6779325337504,-28.));
#7914=CARTESIAN_POINT('Ctrl Pts',(1.22073987368629,0.625662889264771,-28.));
#7915=CARTESIAN_POINT('Ctrl Pts',(1.23855154545524,0.580787594141641,-28.));
#7916=CARTESIAN_POINT('Ctrl Pts',(1.25410623543558,0.535015809046628,-28.));
#7917=CARTESIAN_POINT('Ctrl Pts',(1.26725635566932,0.488527620502574,-28.));
#7918=CARTESIAN_POINT('Ctrl Pts',(1.26990121525388,0.479177536331924,-28.));
#7919=CARTESIAN_POINT('Ctrl Pts',(1.27244929010651,0.469796218916067,-28.));
#7920=CARTESIAN_POINT('Ctrl Pts',(1.2748972985885,0.460392625604375,-28.));
#7921=CARTESIAN_POINT('Ctrl Pts',(1.28860602453449,0.407732969983896,-28.));
#7922=CARTESIAN_POINT('Ctrl Pts',(1.29914366987241,0.354524719643064,-28.));
#7923=CARTESIAN_POINT('Ctrl Pts',(1.30636005349454,0.301030604982022,-28.));
#7924=CARTESIAN_POINT('Ctrl Pts',(1.31334956617221,0.249218255170546,-28.));
#7925=CARTESIAN_POINT('Ctrl Pts',(1.31722337170769,0.197136852984612,-28.));
#7926=CARTESIAN_POINT('Ctrl Pts',(1.3177969183104,0.145029087822071,-28.));
#7927=CARTESIAN_POINT('Ctrl Pts',(1.31810273254469,0.11724530141627,-28.));
#7928=CARTESIAN_POINT('Ctrl Pts',(1.31746945445832,0.0894541665367002,-28.));
#7929=CARTESIAN_POINT('Ctrl Pts',(1.3158632246928,0.0616942097877838,-28.));
#7930=CARTESIAN_POINT('Ctrl Pts',(1.31429343861055,0.0345640975936973,-28.));
#7931=CARTESIAN_POINT('Ctrl Pts',(1.31179423227108,0.0074637376492072,-28.));
#7932=CARTESIAN_POINT('Ctrl Pts',(1.30838218858282,-0.0195686895985519,
-28.));
#7933=CARTESIAN_POINT('Ctrl Pts',(1.3071719105777,-0.0291572983949633,-28.));
#7934=CARTESIAN_POINT('Ctrl Pts',(1.30584642631692,-0.0387395194337731,
-28.));
#7935=CARTESIAN_POINT('Ctrl Pts',(1.30440747354489,-0.0483065361641579,
-28.));
#7936=CARTESIAN_POINT('Ctrl Pts',(1.29656982144212,-0.100415924499509,-28.));
#7937=CARTESIAN_POINT('Ctrl Pts',(1.2853971384386,-0.151907393681541,-28.));
#7938=CARTESIAN_POINT('Ctrl Pts',(1.27108396243409,-0.202528082592549,-28.));
#7939=CARTESIAN_POINT('Ctrl Pts',(1.25667930263376,-0.253472317638026,-28.));
#7940=CARTESIAN_POINT('Ctrl Pts',(1.23909314337152,-0.303535606361871,-28.));
#7941=CARTESIAN_POINT('Ctrl Pts',(1.2184767371107,-0.352436056943826,-28.));
#7942=CARTESIAN_POINT('Ctrl Pts',(1.20519607511324,-0.383936714599014,-28.));
#7943=CARTESIAN_POINT('Ctrl Pts',(1.19065704023036,-0.414954300818984,-28.));
#7944=CARTESIAN_POINT('Ctrl Pts',(1.17489197098106,-0.445405286827753,-28.));
#7945=CARTESIAN_POINT('Ctrl Pts',(1.16420806703357,-0.466041758794928,-28.));
#7946=CARTESIAN_POINT('Ctrl Pts',(1.15296095615292,-0.486417869035026,-28.));
#7947=CARTESIAN_POINT('Ctrl Pts',(1.14115939846409,-0.506505505742451,-28.));
#7948=CARTESIAN_POINT('Ctrl Pts',(1.13586546709621,-0.515516398446268,-28.));
#7949=CARTESIAN_POINT('Ctrl Pts',(1.13046451429471,-0.524461426669019,-28.));
#7950=CARTESIAN_POINT('Ctrl Pts',(1.12495893932044,-0.533336571834903,-28.));
#7951=CARTESIAN_POINT('Ctrl Pts',(1.09771035989916,-0.577262065367985,-28.));
#7952=CARTESIAN_POINT('Ctrl Pts',(1.06789271672594,-0.619494206799475,-28.));
#7953=CARTESIAN_POINT('Ctrl Pts',(1.03563988719329,-0.659754795699381,-28.));
#7954=CARTESIAN_POINT('Ctrl Pts',(1.01069695378664,-0.690890581377543,-28.));
#7955=CARTESIAN_POINT('Ctrl Pts',(0.984296725081897,-0.7208466513697,-28.));
#7956=CARTESIAN_POINT('Ctrl Pts',(0.956489813298934,-0.749475384933751,
-28.));
#7957=CARTESIAN_POINT('Ctrl Pts',(0.945261693528768,-0.761035347141503,
-28.));
#7958=CARTESIAN_POINT('Ctrl Pts',(0.933799946137155,-0.772382381504158,
-28.));
#7959=CARTESIAN_POINT('Ctrl Pts',(0.922131194895158,-0.783484224304485,
-28.));
#7960=CARTESIAN_POINT('Ctrl Pts',(0.886363868072796,-0.817513850228863,
-28.));
#7961=CARTESIAN_POINT('Ctrl Pts',(0.848620774857298,-0.849279649326688,
-28.));
#7962=CARTESIAN_POINT('Ctrl Pts',(0.809010063328487,-0.87851271537315,-28.));
#7963=CARTESIAN_POINT('Ctrl Pts',(0.769399351799677,-0.907745781419612,
-28.));
#7964=CARTESIAN_POINT('Ctrl Pts',(0.727920374950094,-0.934446809783325,
-28.));
#7965=CARTESIAN_POINT('Ctrl Pts',(0.684664424539616,-0.958295198918286,
-28.));
#7966=CARTESIAN_POINT('Ctrl Pts',(1.46322795401645,-0.0013509884298313,
-27.5893449541571));
#7967=CARTESIAN_POINT('Ctrl Pts',(1.46433136165529,-0.123606592528594,-27.5959914102588));
#7968=CARTESIAN_POINT('Ctrl Pts',(1.45028970084908,-0.245610876084317,-27.6026378663604));
#7969=CARTESIAN_POINT('Ctrl Pts',(1.42012023838275,-0.363484995411309,-27.6092843224621));
#7970=CARTESIAN_POINT('Ctrl Pts',(1.30000628344401,-0.832778297308414,-27.6357459185078));
#7971=CARTESIAN_POINT('Ctrl Pts',(0.924253414940211,-1.2366051011343,-27.6622075145534));
#7972=CARTESIAN_POINT('Ctrl Pts',(0.464815634838139,-1.390231246309,-27.6886691105991));
#7973=CARTESIAN_POINT('Ctrl Pts',(0.00537785473606847,-1.5438573914837,
-27.7151307066448));
#7974=CARTESIAN_POINT('Ctrl Pts',(-0.537744836964255,-1.44728287800729,
-27.7415923026904));
#7975=CARTESIAN_POINT('Ctrl Pts',(-0.915959850201168,-1.14455048156962,
-27.7680538987361));
#7976=CARTESIAN_POINT('Ctrl Pts',(-1.2941748634381,-0.841818085131939,-27.7945154947817));
#7977=CARTESIAN_POINT('Ctrl Pts',(-1.50748219821156,-0.332927805732955,
-27.8209770908274));
#7978=CARTESIAN_POINT('Ctrl Pts',(-1.45830877183623,0.148924499716548,-27.847438686873));
#7979=CARTESIAN_POINT('Ctrl Pts',(-1.40913534546089,0.630776805166022,-27.8739002829187));
#7980=CARTESIAN_POINT('Ctrl Pts',(-1.09748115793686,1.085591136666,-27.9003618789644));
#7981=CARTESIAN_POINT('Ctrl Pts',(-0.665884337223852,1.30578334351894,-27.92682347501));
#7982=CARTESIAN_POINT('Ctrl Pts',(-0.268040414254539,1.50875548598496,-27.9512156500067));
#7983=CARTESIAN_POINT('Ctrl Pts',(0.231719553867509,1.51236766432809,-27.9756078250033));
#7984=CARTESIAN_POINT('Ctrl Pts',(0.635547253243754,1.32091986632869,-28.));
#7985=CARTESIAN_POINT('Ctrl Pts',(0.686144859985493,-0.959572882075457,
-3.));
#7986=CARTESIAN_POINT('Ctrl Pts',(0.39239386407718,-1.16707962335472,-3.02439217499666));
#7987=CARTESIAN_POINT('Ctrl Pts',(-0.434711724806789,-1.30487492747089,
-3.07524594603898));
#7988=CARTESIAN_POINT('Ctrl Pts',(-1.34001651100251,-0.376946331863592,
-3.15256131312695));
#7989=CARTESIAN_POINT('Ctrl Pts',(-1.04331907271449,0.921744021749283,-3.23194610126393));
#7990=CARTESIAN_POINT('Ctrl Pts',(0.208518663435129,1.37626920759715,-3.3113308894009));
#7991=CARTESIAN_POINT('Ctrl Pts',(1.06568217074034,0.725888737980394,-3.37547122722498));
#7992=CARTESIAN_POINT('Ctrl Pts',(1.17660029638435,0.167075610543731,-3.4131499690034));
#7993=CARTESIAN_POINT('Ctrl Pts',(1.17599691049005,0.000483717131367668,
-3.42436711473616));
#7994=CARTESIAN_POINT('Origin',(0.,0.,-2.07563288526379));
#7995=CARTESIAN_POINT('Ctrl Pts',(-0.684664424539316,-0.9582951989185,-3.));
#7996=CARTESIAN_POINT('Ctrl Pts',(-1.00332270751371,-0.730626323833275,
-3.02646159604566));
#7997=CARTESIAN_POINT('Ctrl Pts',(-1.39018866051692,0.0636011456353866,
-3.07938478813697));
#7998=CARTESIAN_POINT('Ctrl Pts',(-0.699158819927649,1.20480233615829,-3.15876957627395));
#7999=CARTESIAN_POINT('Ctrl Pts',(0.632393334934818,1.23963948763959,-3.23815436441092));
#8000=CARTESIAN_POINT('Ctrl Pts',(1.15957092950519,0.470299995193011,-3.29377546740755));
#8001=CARTESIAN_POINT('Ctrl Pts',(1.1794458535182,0.0405499058483334,-3.32293497435852));
#8002=CARTESIAN_POINT('Ctrl Pts',(1.17917221042465,0.000761056179781196,
-3.32563288526382));
#8003=CARTESIAN_POINT('Ctrl Pts',(-0.850780204044569,-1.1908002747757,-2.83502216057907));
#8004=CARTESIAN_POINT('Ctrl Pts',(-1.24675252171213,-0.907893546958002,
-2.86148375662472));
#8005=CARTESIAN_POINT('Ctrl Pts',(-1.72748130304946,0.0790322875293411,
-2.91440694871604));
#8006=CARTESIAN_POINT('Ctrl Pts',(-0.868791282499562,1.49711587261117,-2.99379173685301));
#8007=CARTESIAN_POINT('Ctrl Pts',(0.785826912058897,1.54040534082819,-3.07317652498999));
#8008=CARTESIAN_POINT('Ctrl Pts',(1.72078953880547,0.175962541804926,-3.15256131312696));
#8009=CARTESIAN_POINT('Ctrl Pts',(1.08086750530835,-1.35070839336564,-3.23194610126393));
#8010=CARTESIAN_POINT('Ctrl Pts',(-0.548500534944014,-1.64043186099362,
-3.31133088940092));
#8011=CARTESIAN_POINT('Ctrl Pts',(-1.67575913654785,-0.428951504558605,
-3.39071567753788));
#8012=CARTESIAN_POINT('Ctrl Pts',(-1.26918426118493,1.17532790300539,-3.47010046567487));
#8013=CARTESIAN_POINT('Ctrl Pts',(0.299119879760921,1.70371263643136,-3.54948525381183));
#8014=CARTESIAN_POINT('Ctrl Pts',(1.59362465935292,0.672696008767504,-3.62887004194881));
#8015=CARTESIAN_POINT('Ctrl Pts',(1.42945132549373,-0.974079910762546,-3.70825483008578));
#8016=CARTESIAN_POINT('Ctrl Pts',(-0.0431347254784636,-1.72924446282912,
-3.78763961822276));
#8017=CARTESIAN_POINT('Ctrl Pts',(-1.47623739449266,-0.901597611897833,
-3.86702440635973));
#8018=CARTESIAN_POINT('Ctrl Pts',(-1.55810574224942,0.751306425373101,-3.94640919449671));
#8019=CARTESIAN_POINT('Ctrl Pts',(-0.213802813802942,1.7165200574696,-4.02579398263368));
#8020=CARTESIAN_POINT('Ctrl Pts',(1.32619870806428,1.11056337282815,-4.10517877077066));
#8021=CARTESIAN_POINT('Ctrl Pts',(1.65229934229222,-0.511918704061023,-4.18456355890763));
#8022=CARTESIAN_POINT('Ctrl Pts',(0.466011347436765,-1.66582923194675,-4.26394834704461));
#8023=CARTESIAN_POINT('Ctrl Pts',(-1.14682780717601,-1.29496709624696,-4.34333313518158));
#8024=CARTESIAN_POINT('Ctrl Pts',(-1.70994841744514,0.261209061115809,-4.42271792331856));
#8025=CARTESIAN_POINT('Ctrl Pts',(-0.707912879353954,1.57829435970646,-4.50210271145553));
#8026=CARTESIAN_POINT('Ctrl Pts',(0.94209202050054,1.45072960418915,-4.58148749959251));
#8027=CARTESIAN_POINT('Ctrl Pts',(1.72977786233842,-0.0047222067567368,
-4.66087228772948));
#8028=CARTESIAN_POINT('Ctrl Pts',(0.934157202727792,-1.45585166449336,-4.74025707586645));
#8029=CARTESIAN_POINT('Ctrl Pts',(-0.716519590290055,-1.57440573848362,
-4.81964186400343));
#8030=CARTESIAN_POINT('Ctrl Pts',(-1.71134909260328,-0.251869082149138,
-4.8990266521404));
#8031=CARTESIAN_POINT('Ctrl Pts',(-1.13974038217556,1.30120928836644,-4.97841144027738));
#8032=CARTESIAN_POINT('Ctrl Pts',(0.475099598052613,1.66326008892958,-5.05779622841435));
#8033=CARTESIAN_POINT('Ctrl Pts',(1.65506970379016,0.502889676628319,-5.13718101655132));
#8034=CARTESIAN_POINT('Ctrl Pts',(1.32011544969439,-1.11778752484858,-5.21656580468831));
#8035=CARTESIAN_POINT('Ctrl Pts',(-0.223171630449886,-1.71532742491787,
-5.29595059282527));
#8036=CARTESIAN_POINT('Ctrl Pts',(-1.56218445035993,-0.742787650899111,
-5.37533538096225));
#8037=CARTESIAN_POINT('Ctrl Pts',(-1.47129297502754,0.909643189887027,-5.45472016909923));
#8038=CARTESIAN_POINT('Ctrl Pts',(-0.0336923168837947,1.72945615124167,
-5.53410495723619));
#8039=CARTESIAN_POINT('Ctrl Pts',(1.43474771404907,0.966257081893554,-5.61348974537318));
#8040=CARTESIAN_POINT('Ctrl Pts',(1.58992930201664,-0.681379898344342,-5.69287453351014));
#8041=CARTESIAN_POINT('Ctrl Pts',(0.289811077240368,-1.70533377694489,-5.77225932164713));
#8042=CARTESIAN_POINT('Ctrl Pts',(-1.27557806612599,-1.16835540333311,-5.85164410978409));
#8043=CARTESIAN_POINT('Ctrl Pts',(-1.67340050170281,0.438046244339925,-5.93102889792108));
#8044=CARTESIAN_POINT('Ctrl Pts',(-0.539519965528011,1.64349382660124,-6.01041368605804));
#8045=CARTESIAN_POINT('Ctrl Pts',(1.08819592785968,1.34461272263399,-6.08979847419503));
#8046=CARTESIAN_POINT('Ctrl Pts',(1.71986040686411,-0.185024139454357,-6.16918326233199));
#8047=CARTESIAN_POINT('Ctrl Pts',(0.777296066460909,-1.54530404009826,-6.24856805046897));
#8048=CARTESIAN_POINT('Ctrl Pts',(-0.87674570789641,-1.49113068339594,-6.32795283860595));
#8049=CARTESIAN_POINT('Ctrl Pts',(-1.72828144446485,-0.0720902212376718,
-6.40733762674291));
#8050=CARTESIAN_POINT('Ctrl Pts',(-0.997880387171741,1.4129361217612,-6.4867224148799));
#8051=CARTESIAN_POINT('Ctrl Pts',(0.645904138650464,1.60466868697367,-6.56610720301687));
#8052=CARTESIAN_POINT('Ctrl Pts',(1.69847736291582,0.327610132538863,-6.64549199115385));
#8053=CARTESIAN_POINT('Ctrl Pts',(1.19639417254297,-1.24931770786491,-6.72487677929083));
#8054=CARTESIAN_POINT('Ctrl Pts',(-0.400776839069154,-1.6827155661446,-6.80426156742778));
#8055=CARTESIAN_POINT('Ctrl Pts',(-1.63110735147812,-0.575884154351921,
-6.88364635556478));
#8056=CARTESIAN_POINT('Ctrl Pts',(-1.3684468106618,1.05806761488533,-6.96303114370173));
#8057=CARTESIAN_POINT('Ctrl Pts',(0.146785391536146,1.7235451256382,-7.04241593183873));
#8058=CARTESIAN_POINT('Ctrl Pts',(1.52766146070029,0.811421106929498,-7.12180071997568));
#8059=CARTESIAN_POINT('Ctrl Pts',(1.5102329418091,-0.843415800631114,-7.20118550811267));
#8060=CARTESIAN_POINT('Ctrl Pts',(0.110452569519794,-1.72625432111438,-7.28057029624964));
#8061=CARTESIAN_POINT('Ctrl Pts',(-1.39042764635085,-1.02901152157925,-7.35995508438662));
#8062=CARTESIAN_POINT('Ctrl Pts',(-1.61861662318212,0.610109808508368,-7.43933987252358));
#8063=CARTESIAN_POINT('Ctrl Pts',(-0.36524760518079,1.69078323217061,-7.51872466066057));
#8064=CARTESIAN_POINT('Ctrl Pts',(1.22244116574956,1.22384286064856,-7.59810944879753));
#8065=CARTESIAN_POINT('Ctrl Pts',(1.69120068784509,-0.363309764129616,-7.67749423693452));
#8066=CARTESIAN_POINT('Ctrl Pts',(0.61196430772544,-1.6179163876263,-7.75687902507149));
#8067=CARTESIAN_POINT('Ctrl Pts',(-1.02741744571947,-1.3916059584203,-7.83626381320846));
#8068=CARTESIAN_POINT('Ctrl Pts',(-1.72637976386682,0.108474246670604,-7.91564860134544));
#8069=CARTESIAN_POINT('Ctrl Pts',(-0.845145941283991,1.50926541377281,-7.99503338948241));
#8070=CARTESIAN_POINT('Ctrl Pts',(0.809669906947376,1.52859032872233,-8.07441817761938));
#8071=CARTESIAN_POINT('Ctrl Pts',(1.72337578099909,0.148760440794512,-8.15380296575637));
#8072=CARTESIAN_POINT('Ctrl Pts',(1.05963513073398,-1.36723338936481,-8.23318775389333));
#8073=CARTESIAN_POINT('Ctrl Pts',(-0.574014562265449,-1.63176623129259,
-8.31257254203033));
#8074=CARTESIAN_POINT('Ctrl Pts',(-1.68225517957974,-0.402704931751209,
-8.39195733016727));
#8075=CARTESIAN_POINT('Ctrl Pts',(-1.25068792950969,1.19496169572852,-8.47134211830426));
#8076=CARTESIAN_POINT('Ctrl Pts',(0.325663498893379,1.69885168180396,-8.55072690644124));
#8077=CARTESIAN_POINT('Ctrl Pts',(1.60392744104409,0.647742630328881,-8.6301116945782));
#8078=CARTESIAN_POINT('Ctrl Pts',(1.41407874344039,-0.996260537525029,-8.70949648271519));
#8079=CARTESIAN_POINT('Ctrl Pts',(-0.0701096005387421,-1.7283629234602,
-8.78888127085215));
#8080=CARTESIAN_POINT('Ctrl Pts',(-1.49012497254599,-0.878453935886467,
-8.86826605898914));
#8081=CARTESIAN_POINT('Ctrl Pts',(-1.5461937899732,0.775524670869928,-8.9476508471261));
#8082=CARTESIAN_POINT('Ctrl Pts',(-0.186994940995407,1.71964724386187,-9.02703563526308));
#8083=CARTESIAN_POINT('Ctrl Pts',(1.34336479058863,1.08973611057281,-9.10642042340006));
#8084=CARTESIAN_POINT('Ctrl Pts',(1.64411102570405,-0.537636202685401,-9.18580521153703));
#8085=CARTESIAN_POINT('Ctrl Pts',(0.439963637686212,-1.67289741131772,-9.26518999967401));
#8086=CARTESIAN_POINT('Ctrl Pts',(-1.16689285112424,-1.27691613870087,-9.34457478781097));
#8087=CARTESIAN_POINT('Ctrl Pts',(-1.7056647744263,0.287856611111983,-9.42395957594796));
#8088=CARTESIAN_POINT('Ctrl Pts',(-0.683201475710455,1.58914741130792,-9.50334436408493));
#8089=CARTESIAN_POINT('Ctrl Pts',(0.964612257396902,1.43585408177825,-9.5827291522219));
#8090=CARTESIAN_POINT('Ctrl Pts',(1.72949362629173,-0.0317103752092736,
-9.66211394035887));
#8091=CARTESIAN_POINT('Ctrl Pts',(0.911328662691151,-1.47024957739738,-9.74149872849586));
#8092=CARTESIAN_POINT('Ctrl Pts',(-0.740996933385672,-1.56303464324775,
-9.82088351663282));
#8093=CARTESIAN_POINT('Ctrl Pts',(-1.71507054867801,-0.22513721224386,-9.90026830476981));
#8094=CARTESIAN_POINT('Ctrl Pts',(-1.11929961480192,1.31883362240424,-9.97965309290677));
#8095=CARTESIAN_POINT('Ctrl Pts',(0.500992672168063,1.65564491776271,-10.0590378810438));
#8096=CARTESIAN_POINT('Ctrl Pts',(1.66271454278837,0.477005346384789,-10.1384226691807));
#8097=CARTESIAN_POINT('Ctrl Pts',(1.3025145520419,-1.13824847594833,-10.2178074573177));
#8098=CARTESIAN_POINT('Ctrl Pts',(-0.24990774775863,-1.71163660538382,-10.2971922454547));
#8099=CARTESIAN_POINT('Ctrl Pts',(-1.57358358816935,-0.718323354989716,
-10.3765770335916));
#8100=CARTESIAN_POINT('Ctrl Pts',(-1.45692123348212,0.932488214782655,-10.4559618217286));
#8101=CARTESIAN_POINT('Ctrl Pts',(-0.00670449019404625,1.72977131468031,
-10.5353466098656));
#8102=CARTESIAN_POINT('Ctrl Pts',(1.44964903119578,0.943753907347011,-10.6147313980026));
#8103=CARTESIAN_POINT('Ctrl Pts',(1.57910458236268,-0.706103724137468,-10.6941161861395));
#8104=CARTESIAN_POINT('Ctrl Pts',(0.263168442150052,-1.70964795274815,-10.7735009742765));
#8105=CARTESIAN_POINT('Ctrl Pts',(-1.29365198398355,-1.14831106221922,-10.8528857624135));
#8106=CARTESIAN_POINT('Ctrl Pts',(-1.66636221876505,0.464102043899875,-10.9322705505505));
#8107=CARTESIAN_POINT('Ctrl Pts',(-0.513811788272522,1.65171159634841,-11.0116553386874));
#8108=CARTESIAN_POINT('Ctrl Pts',(1.10904269807346,1.32747054397811,-11.0910401268244));
#8109=CARTESIAN_POINT('Ctrl Pts',(1.71676422927212,-0.211835625831209,-11.1704249149614));
#8110=CARTESIAN_POINT('Ctrl Pts',(0.753090945483422,-1.55724364795959,-11.2498097030984));
#8111=CARTESIAN_POINT('Ctrl Pts',(-0.899904253783635,-1.47726980788945,
-11.3291944912353));
#8112=CARTESIAN_POINT('Ctrl Pts',(-1.72919585166553,-0.0451160488335298,
-11.4085792793723));
#8113=CARTESIAN_POINT('Ctrl Pts',(-0.975713677194916,1.42833349446632,-11.4879640675093));
#8114=CARTESIAN_POINT('Ctrl Pts',(0.670862253024789,1.5943956813621,-11.5673488556463));
#8115=CARTESIAN_POINT('Ctrl Pts',(1.70338213058498,0.301069873091581,-11.6467336437832));
#8116=CARTESIAN_POINT('Ctrl Pts',(1.176756143906,-1.26783229532106,-11.7261184319202));
#8117=CARTESIAN_POINT('Ctrl Pts',(-0.426982512939922,-1.67625764276352,
-11.8055032200572));
#8118=CARTESIAN_POINT('Ctrl Pts',(-1.63989399883033,-0.550364809812436,
-11.8848880081942));
#8119=CARTESIAN_POINT('Ctrl Pts',(-1.35177180580756,1.07928992226527,-11.9642727963311));
#8120=CARTESIAN_POINT('Ctrl Pts',(0.173659023120735,1.72104511706357,-12.0436575844681));
#8121=CARTESIAN_POINT('Ctrl Pts',(1.54013564980346,0.787487099249308,-12.1230423726051));
#8122=CARTESIAN_POINT('Ctrl Pts',(1.49688976875171,-0.866876445340439,-12.202427160742));
#8123=CARTESIAN_POINT('Ctrl Pts',(0.0835053555024658,-1.7277675210751,-12.281811948879));
#8124=CARTESIAN_POINT('Ctrl Pts',(-1.40631348037911,-1.00719220915554,-12.361196737016));
#8125=CARTESIAN_POINT('Ctrl Pts',(-1.60890039842679,0.635289901715521,-12.440581525153));
#8126=CARTESIAN_POINT('Ctrl Pts',(-0.338822811465026,1.69627617259411,-12.51996631329));
#8127=CARTESIAN_POINT('Ctrl Pts',(1.241387291108,1.20462083028444,-12.5993511014269));
#8128=CARTESIAN_POINT('Ctrl Pts',(1.68532630917376,-0.389652387245837,-12.6787358895639));
#8129=CARTESIAN_POINT('Ctrl Pts',(0.586646382458567,-1.62726757886583,-12.7581206777009));
#8130=CARTESIAN_POINT('Ctrl Pts',(-1.04900482307765,-1.37540635175188,-12.8375054658379));
#8131=CARTESIAN_POINT('Ctrl Pts',(-1.72447715735453,0.135396768949835,-12.9168902539748));
#8132=CARTESIAN_POINT('Ctrl Pts',(-0.821494851543764,1.52226803164446,-12.9962750421118));
#8133=CARTESIAN_POINT('Ctrl Pts',(0.833421079306472,1.51577143918442,-13.0756598302488));
#8134=CARTESIAN_POINT('Ctrl Pts',(1.72548702738497,0.121853475969146,-13.1550446183858));
#8135=CARTESIAN_POINT('Ctrl Pts',(1.03817397750389,-1.38359984956395,-13.2344294065227));
#8136=CARTESIAN_POINT('Ctrl Pts',(-0.59940421507307,-1.62261157959391,-13.3138141946597));
#8137=CARTESIAN_POINT('Ctrl Pts',(-1.68833358354984,-0.376408636905896,
-13.3931989827967));
#8138=CARTESIAN_POINT('Ctrl Pts',(-1.23189137803705,1.21433001445143,-13.4725837709337));
#8139=CARTESIAN_POINT('Ctrl Pts',(0.35213007864398,1.69356374518168,-13.5519685590706));
#8140=CARTESIAN_POINT('Ctrl Pts',(1.61383856401102,0.622638611548012,-13.6313533472076));
#8141=CARTESIAN_POINT('Ctrl Pts',(1.39836252486781,-1.01820233761515,-13.7107381353446));
#8142=CARTESIAN_POINT('Ctrl Pts',(-0.0970677348858743,-1.72705865740679,
-13.7901229234816));
#8143=CARTESIAN_POINT('Ctrl Pts',(-1.50364960608307,-0.85509742918911,-13.8695077116185));
#8144=CARTESIAN_POINT('Ctrl Pts',(-1.53390550644005,0.799554656413507,-13.9488924997555));
#8145=CARTESIAN_POINT('Ctrl Pts',(-0.160141496315533,1.7223554953718,-14.0282772878925));
#8146=CARTESIAN_POINT('Ctrl Pts',(1.36020380475376,1.06864370152684,-14.1076620760295));
#8147=CARTESIAN_POINT('Ctrl Pts',(1.63552246228543,-0.563222892502956,-14.1870468641664));
#8148=CARTESIAN_POINT('Ctrl Pts',(0.413808811472506,-1.67955828086653,-14.2664316523034));
#8149=CARTESIAN_POINT('Ctrl Pts',(-1.18667381044118,-1.25855433688523,-14.3458164404404));
#8150=CARTESIAN_POINT('Ctrl Pts',(-1.70096588794959,0.314434093748502,-14.4252012285774));
#8151=CARTESIAN_POINT('Ctrl Pts',(-0.658323745126767,1.5996135776749,-14.5045860167143));
#8152=CARTESIAN_POINT('Ctrl Pts',(0.986897658165558,1.42062900279663,-14.5839708048513));
#8153=CARTESIAN_POINT('Ctrl Pts',(1.72878834398245,-0.058690825433097,-14.6633555929883));
#8154=CARTESIAN_POINT('Ctrl Pts',(0.888278258846423,-1.48428955603022,-14.7427403811252));
#8155=CARTESIAN_POINT('Ctrl Pts',(-0.765293880133245,-1.55128302650104,
-14.8221251692622));
#8156=CARTESIAN_POINT('Ctrl Pts',(-1.71837446955818,-0.198350532266051,
-14.9015099573992));
#8157=CARTESIAN_POINT('Ctrl Pts',(-1.09858635305999,1.33613688525913,-14.9808947455362));
#8158=CARTESIAN_POINT('Ctrl Pts',(0.526763779223154,1.64762667864361,-15.0602795336732));
#8159=CARTESIAN_POINT('Ctrl Pts',(1.66995459266646,0.451004888789218,-15.1396643218101));
#8160=CARTESIAN_POINT('Ctrl Pts',(1.28459655622315,-1.15843231956779,-15.2190491099471));
#8161=CARTESIAN_POINT('Ctrl Pts',(-0.276583024833498,-1.70752908662007,
-15.2984338980841));
#8162=CARTESIAN_POINT('Ctrl Pts',(-1.58459963585254,-0.693684182705378,
-15.377818686221));
#8163=CARTESIAN_POINT('Ctrl Pts',(-1.44219480334855,0.955106224706978,-15.457203474358));
#8164=CARTESIAN_POINT('Ctrl Pts',(0.0202849687087047,1.72966536397192,-15.536588262495));
#8165=CARTESIAN_POINT('Ctrl Pts',(1.4641974301781,0.921020975189739,-15.615973050632));
#8166=CARTESIAN_POINT('Ctrl Pts',(1.5678954284913,-0.730655648438907,-15.6953578387689));
#8167=CARTESIAN_POINT('Ctrl Pts',(0.236461738501434,-1.71354591345097,-15.7747426269059));
#8168=CARTESIAN_POINT('Ctrl Pts',(-1.31141096127698,-1.12798716389957,-15.8541274150429));
#8169=CARTESIAN_POINT('Ctrl Pts',(-1.65891825867165,0.490044857462472,-15.9335122031799));
#8170=CARTESIAN_POINT('Ctrl Pts',(-0.487978523144545,1.6595272556452,-16.0128969913169));
#8171=CARTESIAN_POINT('Ctrl Pts',(1.12961947099484,1.31000519160381,-16.0922817794538));
#8172=CARTESIAN_POINT('Ctrl Pts',(1.71325010411653,-0.238595540663046,-16.1716665675908));
#8173=CARTESIAN_POINT('Ctrl Pts',(0.728702483939754,-1.56880414366473,-16.2510513557278));
#8174=CARTESIAN_POINT('Ctrl Pts',(-0.922843717292525,-1.46304928991929,
-16.3304361438647));
#8175=CARTESIAN_POINT('Ctrl Pts',(-1.72968928481462,-0.018130892892846,
-16.4098209320017));
#8176=CARTESIAN_POINT('Ctrl Pts',(-0.953309428977742,1.44338313829064,-16.4892057201387));
#8177=CARTESIAN_POINT('Ctrl Pts',(0.695657045470897,1.58373451890344,-16.5685905082757));
#8178=CARTESIAN_POINT('Ctrl Pts',(1.70787220857269,0.274456317953646,-16.6479752964126));
#8179=CARTESIAN_POINT('Ctrl Pts',(1.15683163308653,-1.28603822803598,-16.7273600845496));
#8180=CARTESIAN_POINT('Ctrl Pts',(-0.453084237591587,-1.66939163317829,
-16.8067448726866));
#8181=CARTESIAN_POINT('Ctrl Pts',(-1.64828141273528,-0.524711478539417,
-16.8861296608236));
#8182=CARTESIAN_POINT('Ctrl Pts',(-1.33476771107416,1.10024947568879,-16.9655144489605));
#8183=CARTESIAN_POINT('Ctrl Pts',(0.200490377283411,1.71812611873994,-17.0448992370975));
#8184=CARTESIAN_POINT('Ctrl Pts',(1.55223489170568,0.763361377233002,-17.1242840252345));
#8185=CARTESIAN_POINT('Ctrl Pts',(1.48318217673614,-0.890126048316654,-17.2036688133715));
#8186=CARTESIAN_POINT('Ctrl Pts',(0.0565378120425402,-1.72886009471242,
-17.2830536015084));
#8187=CARTESIAN_POINT('Ctrl Pts',(-1.42185694631582,-0.985127695018807,
-17.3624383896454));
#8188=CARTESIAN_POINT('Ctrl Pts',(-1.59879248563992,0.660315333110581,-17.4418231777824));
#8189=CARTESIAN_POINT('Ctrl Pts',(-0.312315531076892,1.70135615328706,-17.5212079659194));
#8190=CARTESIAN_POINT('Ctrl Pts',(1.26003119978171,1.18510553405859,-17.6005927540563));
#8191=CARTESIAN_POINT('Ctrl Pts',(1.6790416365245,-0.415900149190575,-17.6799775421933));
#8192=CARTESIAN_POINT('Ctrl Pts',(0.561185637681583,-1.6362226105697,-17.7593623303303));
#8193=CARTESIAN_POINT('Ctrl Pts',(-1.07033681941,-1.35887190135601,-17.8387471184673));
#8194=CARTESIAN_POINT('Ctrl Pts',(-1.7221547255604,0.162286328782205,-17.9181319066042));
#8195=CARTESIAN_POINT('Ctrl Pts',(-0.797643768254118,1.53490005220046,-17.9975166947412));
#8196=CARTESIAN_POINT('Ctrl Pts',(0.856969354666904,1.50258353393128,-18.0769014828782));
#8197=CARTESIAN_POINT('Ctrl Pts',(1.7271782026354,0.0949168458218861,-18.1562862710151));
#8198=CARTESIAN_POINT('Ctrl Pts',(1.01646008002553,-1.39962947132235,-18.2356710591521));
#8199=CARTESIAN_POINT('Ctrl Pts',(-0.624647942466469,-1.61306190186614,
-18.3150558472891));
#8200=CARTESIAN_POINT('Ctrl Pts',(-1.69400096141878,-0.350020705090246,
-18.3944406354261));
#8201=CARTESIAN_POINT('Ctrl Pts',(-1.21279492166697,1.23340270360432,-18.473825423563));
#8202=CARTESIAN_POINT('Ctrl Pts',(0.378510932057838,1.68786350917137,-18.5532102117));
#8203=CARTESIAN_POINT('Ctrl Pts',(1.62335679674624,0.597383010921318,-18.632594999837));
#8204=CARTESIAN_POINT('Ctrl Pts',(1.38230587386987,-1.03989625556805,-18.711979787974));
#8205=CARTESIAN_POINT('Ctrl Pts',(-0.124002238018777,-1.72533393760336,
-18.791364576111));
#8206=CARTESIAN_POINT('Ctrl Pts',(-1.51680817497444,-0.831532748369127,
-18.8707493642479));
#8207=CARTESIAN_POINT('Ctrl Pts',(-1.52124379243909,0.823389989764962,-18.9501341523849));
#8208=CARTESIAN_POINT('Ctrl Pts',(-0.133249065065985,1.72464443812011,-19.0295189405219));
#8209=CARTESIAN_POINT('Ctrl Pts',(1.37671167626314,1.04729113035504,-19.1089037286588));
#8210=CARTESIAN_POINT('Ctrl Pts',(1.62653572967346,-0.58867246527695,-19.1882885167958));
#8211=CARTESIAN_POINT('Ctrl Pts',(0.387553243187359,-1.68581026066831,-19.2676733049328));
#8212=CARTESIAN_POINT('Ctrl Pts',(-1.2061658731121,-1.23988613905443,-19.3470580930698));
#8213=CARTESIAN_POINT('Ctrl Pts',(-1.69585290002756,0.340935027164626,-19.4264428812068));
#8214=CARTESIAN_POINT('Ctrl Pts',(-0.633285745124199,1.60969031689394,-19.5058276693437));
#8215=CARTESIAN_POINT('Ctrl Pts',(1.00894279794513,1.40505807059859,-19.5852124574807));
#8216=CARTESIAN_POINT('Ctrl Pts',(1.72766218682967,-0.0856569873306304,
-19.6645972456177));
#8217=CARTESIAN_POINT('Ctrl Pts',(0.865011602980714,-1.49796818323633,-19.7439820337547));
#8218=CARTESIAN_POINT('Ctrl Pts',(-0.78940451550085,-1.53915374871598,-19.8233668218916));
#8219=CARTESIAN_POINT('Ctrl Pts',(-1.72126005086054,-0.171515563699566,
-19.9027516100286));
#8220=CARTESIAN_POINT('Ctrl Pts',(-1.07760563963081,1.35311486456823,-19.9821363981655));
#8221=CARTESIAN_POINT('Ctrl Pts',(0.552406645233634,1.63920732355041,-20.0615211863025));
#8222=CARTESIAN_POINT('Ctrl Pts',(1.67678809082278,0.424894633708802,-20.1409059744395));
#8223=CARTESIAN_POINT('Ctrl Pts',(1.26636582439106,-1.17833414195379,-20.2202907625765));
#8224=CARTESIAN_POINT('Ctrl Pts',(-0.303190967559639,-1.70300586859524,
-20.2996755507135));
#8225=CARTESIAN_POINT('Ctrl Pts',(-1.5952299115434,-0.668876132476599,-20.3790603388505));
#8226=CARTESIAN_POINT('Ctrl Pts',(-1.42711726978794,0.977491713291026,-20.4584451269874));
#8227=CARTESIAN_POINT('Ctrl Pts',(0.0472694892203552,1.72913832490881,-20.5378299151244));
#8228=CARTESIAN_POINT('Ctrl Pts',(1.47838936917708,0.89806381977218,-20.6172147032614));
#8229=CARTESIAN_POINT('Ctrl Pts',(1.55630456927964,-0.755029694064373,-20.6965994913983));
#8230=CARTESIAN_POINT('Ctrl Pts',(0.209697468061847,-1.71702671009162,-20.7759842795353));
#8231=CARTESIAN_POINT('Ctrl Pts',(-1.32885067456968,-1.10738865624282,-20.8553690676723));
#8232=CARTESIAN_POINT('Ctrl Pts',(-1.65107043366041,0.515868369230042,-20.9347538558093));
#8233=CARTESIAN_POINT('Ctrl Pts',(-0.462026459272167,1.66693890176336,-21.0141386439463));
#8234=CARTESIAN_POINT('Ctrl Pts',(1.14992123719273,1.29222091746448,-21.0935234320832));
#8235=CARTESIAN_POINT('Ctrl Pts',(1.7093188869138,-0.26529736922818,-21.1729082202202));
#8236=CARTESIAN_POINT('Ctrl Pts',(0.704136619219448,-1.57998271280221,-21.2522930083571));
#8237=CARTESIAN_POINT('Ctrl Pts',(-0.945558513793216,-1.44847259148137,
-21.3316777964942));
#8238=CARTESIAN_POINT('Ctrl Pts',(-1.72976162378547,0.00885867702760257,
-21.4110625846311));
#8239=CARTESIAN_POINT('Ctrl Pts',(-0.930673096851511,1.4580813893869,-21.4904473727681));
#8240=CARTESIAN_POINT('Ctrl Pts',(0.720282479677684,1.57268779506581,-21.5698321609051));
#8241=CARTESIAN_POINT('Ctrl Pts',(1.71194650376602,0.247775946215339,-21.649216949042));
#8242=CARTESIAN_POINT('Ctrl Pts',(1.1366254907219,-1.3039310737615,-21.728601737179));
#8243=CARTESIAN_POINT('Ctrl Pts',(-0.479075658539374,-1.66211920892416,
-21.807986525316));
#8244=CARTESIAN_POINT('Ctrl Pts',(-1.65626755127063,-0.49893040585594,-21.887371313453));
#8245=CARTESIAN_POINT('Ctrl Pts',(-1.31743866612143,1.12094117253663,-21.9667561015899));
#8246=CARTESIAN_POINT('Ctrl Pts',(0.227272921910532,1.71478884129967,-22.0461408897269));
#8247=CARTESIAN_POINT('Ctrl Pts',(1.56395624083726,0.739049814306027,-22.1255256778639));
#8248=CARTESIAN_POINT('Ctrl Pts',(1.46911350288619,-0.913158949426178,-22.2049104660009));
#8249=CARTESIAN_POINT('Ctrl Pts',(0.0295565044089933,-1.72953177603847,
-22.2842952541378));
#8250=CARTESIAN_POINT('Ctrl Pts',(-1.43705426009238,-0.962823350791789,
-22.3636800422748));
#8251=CARTESIAN_POINT('Ctrl Pts',(-1.58829534560056,0.685180010233224,-22.4430648304117));
#8252=CARTESIAN_POINT('Ctrl Pts',(-0.285732217233989,1.70602193752429,-22.5224496185488));
#8253=CARTESIAN_POINT('Ctrl Pts',(1.2783683528969,1.16530172298476,-22.6018344066857));
#8254=CARTESIAN_POINT('Ctrl Pts',(1.67234819990567,-0.442046659926162,-22.6812191948227));
#8255=CARTESIAN_POINT('Ctrl Pts',(0.535588271832211,-1.64477930262861,-22.7606039829597));
#8256=CARTESIAN_POINT('Ctrl Pts',(-1.09140824142572,-1.34200663255725,-22.8399887710967));
#8257=CARTESIAN_POINT('Ctrl Pts',(-1.71941303388221,0.189136379883853,-22.9193735592336));
#8258=CARTESIAN_POINT('Ctrl Pts',(-0.773598497979484,1.54715840016576,-22.9987583473706));
#8259=CARTESIAN_POINT('Ctrl Pts',(0.880309000183035,1.48902982356847,-23.0781431355076));
#8260=CARTESIAN_POINT('Ctrl Pts',(1.72844889503245,0.0679571080959662,-23.1575279236445));
#8261=CARTESIAN_POINT('Ctrl Pts',(0.994498724563882,-1.41531835221637,-23.2369127117815));
#8262=CARTESIAN_POINT('Ctrl Pts',(-0.649739598840989,-1.60311952298559,
-23.3162974999185));
#8263=CARTESIAN_POINT('Ctrl Pts',(-1.69925593345907,-0.323547560466376,
-23.3956822880555));
#8264=CARTESIAN_POINT('Ctrl Pts',(-1.19340320944633,1.25217511992644,-23.4750670761924));
#8265=CARTESIAN_POINT('Ctrl Pts',(0.404799636696054,1.68175236149985,-23.5544518643295));
#8266=CARTESIAN_POINT('Ctrl Pts',(1.6324798220287,0.571981976944036,-23.6338366524664));
#8267=CARTESIAN_POINT('Ctrl Pts',(1.36591269945053,-1.06133700998289,-23.7132214406034));
#8268=CARTESIAN_POINT('Ctrl Pts',(-0.150906552712154,-1.72318918393429,
-23.7926062287403));
#8269=CARTESIAN_POINT('Ctrl Pts',(-1.52959747575646,-0.80776563026601,-23.8719910168774));
#8270=CARTESIAN_POINT('Ctrl Pts',(-1.50821173047427,0.847024868194193,-23.9513758050142));
#8271=CARTESIAN_POINT('Ctrl Pts',(-0.106324194229683,1.72651351486196,-24.0307605931513));
#8272=CARTESIAN_POINT('Ctrl Pts',(1.39288438626286,1.02568359535716,-24.1101453812882));
#8273=CARTESIAN_POINT('Ctrl Pts',(1.61715301569505,-0.613978725289443,-24.1895301694253));
#8274=CARTESIAN_POINT('Ctrl Pts',(0.361203324768921,-1.69165182867382,-24.2689149575622));
#8275=CARTESIAN_POINT('Ctrl Pts',(-1.2253642937795,-1.22091608999549,-24.3482997456992));
#8276=CARTESIAN_POINT('Ctrl Pts',(-1.69032705542097,0.367352959687903,-24.4276845338361));
#8277=CARTESIAN_POINT('Ctrl Pts',(-0.608093571222969,1.61937517577517,-24.5070693219731));
#8278=CARTESIAN_POINT('Ctrl Pts',(1.03074230982952,1.38914507593948,-24.5864541101101));
#8279=CARTESIAN_POINT('Ctrl Pts',(1.72611542899718,-0.112602295969194,-24.6658388982471));
#8280=CARTESIAN_POINT('Ctrl Pts',(0.841534359379154,-1.51128212894348,-24.7452236863841));
#8281=CARTESIAN_POINT('Ctrl Pts',(-0.813322969735967,-1.52664976277454,
-24.824608474521));
#8282=CARTESIAN_POINT('Ctrl Pts',(-1.72372659008807,-0.144638839537897,
-24.903993262658));
#8283=CARTESIAN_POINT('Ctrl Pts',(-1.05636258228514,1.36976342702937,-24.9833780507949));
#8284=CARTESIAN_POINT('Ctrl Pts',(0.577915027424279,1.63038890218179,-25.062762838932));
#8285=CARTESIAN_POINT('Ctrl Pts',(1.68321337363681,0.398680937704663,-25.1421476270689));
#8286=CARTESIAN_POINT('Ctrl Pts',(1.24782679483145,-1.19794909799173,-25.2215324152059));
#8287=CARTESIAN_POINT('Ctrl Pts',(-0.329725098213581,-1.69806805249162,
-25.3009172033429));
#8288=CARTESIAN_POINT('Ctrl Pts',(-1.60547182729227,-0.643905243839501,
-25.3803019914799));
#8289=CARTESIAN_POINT('Ctrl Pts',(-1.41169230343911,0.999639230765448,-25.4596867796168));
#8290=CARTESIAN_POINT('Ctrl Pts',(0.0742425019421002,1.72819032580859,-25.5390715677538));
#8291=CARTESIAN_POINT('Ctrl Pts',(1.49222139314797,0.874888030013252,-25.6184563558908));
#8292=CARTESIAN_POINT('Ctrl Pts',(1.5443348265433,-0.779219927099481,-25.6978411440278));
#8293=CARTESIAN_POINT('Ctrl Pts',(0.182882146590376,-1.72008949533282,-25.7772259321647));
#8294=CARTESIAN_POINT('Ctrl Pts',(-1.34596687810657,-1.08652055384738,-25.8566107203017));
#8295=CARTESIAN_POINT('Ctrl Pts',(-1.6428206543731,0.541566292213482,-25.9359955084386));
#8296=CARTESIAN_POINT('Ctrl Pts',(-0.435961914547825,1.67394473077917,-26.0153802965756));
#8297=CARTESIAN_POINT('Ctrl Pts',(1.16994305388788,1.27412205030593,-26.0947650847126));
#8298=CARTESIAN_POINT('Ctrl Pts',(1.70497153528917,-0.291934609333092,-26.1741498728496));
#8299=CARTESIAN_POINT('Ctrl Pts',(0.679399330823373,-1.5907766370042,-26.2535346609865));
#8300=CARTESIAN_POINT('Ctrl Pts',(-0.968043111304477,-1.4335432554661,-26.3329194491236));
#8301=CARTESIAN_POINT('Ctrl Pts',(-1.72941285485414,0.0358460792469145,
-26.4123042372605));
#8302=CARTESIAN_POINT('Ctrl Pts',(-0.907810184266248,1.47242469043984,-26.4916890253975));
#8303=CARTESIAN_POINT('Ctrl Pts',(0.744732546543823,1.56125815932743,-26.5710738135344));
#8304=CARTESIAN_POINT('Ctrl Pts',(1.71560405090252,0.221035328926492,-26.6504586016715));
#8305=CARTESIAN_POINT('Ctrl Pts',(1.11614258544131,-1.32150662022679,-26.7298433898084));
#8306=CARTESIAN_POINT('Ctrl Pts',(-0.50495035210644,-1.65444186745655,-26.8092281779454));
#8307=CARTESIAN_POINT('Ctrl Pts',(-1.66385065261481,-0.47302838670717,-26.8886129660824));
#8308=CARTESIAN_POINT('Ctrl Pts',(-1.29978854328547,1.14136096017963,-26.9679977542193));
#8309=CARTESIAN_POINT('Ctrl Pts',(0.253999478825035,1.71103222690978,-27.0473825423563));
#8310=CARTESIAN_POINT('Ctrl Pts',(1.57529809319888,0.71456188120477,-27.1267673304933));
#8311=CARTESIAN_POINT('Ctrl Pts',(1.45468479904239,-0.935976287383662,-27.2061521186302));
#8312=CARTESIAN_POINT('Ctrl Pts',(0.00257250838590857,-1.72976958933979,
-27.2855369067672));
#8313=CARTESIAN_POINT('Ctrl Pts',(-1.45191028193163,-0.940308939468183,
-27.3649216949042));
#8314=CARTESIAN_POINT('Ctrl Pts',(-1.57739527656411,0.709924093449373,-27.4443064830412));
#8315=CARTESIAN_POINT('Ctrl Pts',(-0.259110218196955,1.71018461641507,-27.5236912711781));
#8316=CARTESIAN_POINT('Ctrl Pts',(1.29645293282912,1.14538095012036,-27.6030760593152));
#8317=CARTESIAN_POINT('Ctrl Pts',(1.66513619770422,-0.468402493669619,-27.6824608474521));
#8318=CARTESIAN_POINT('Ctrl Pts',(0.510072567582903,-1.65233123966336,-27.7618456355891));
#8319=CARTESIAN_POINT('Ctrl Pts',(-1.11262026817078,-1.32598279303586,-27.841230423726));
#8320=CARTESIAN_POINT('Ctrl Pts',(-1.71545015630755,0.218331207302024,-27.9206152118631));
#8321=CARTESIAN_POINT('Ctrl Pts',(-1.07262257602617,1.10821629314972,-27.9735384039543));
#8322=CARTESIAN_POINT('Ctrl Pts',(-0.634007094575167,1.31904027763687,-28.));
#8323=CARTESIAN_POINT('Ctrl Pts',(-0.795408277542818,-1.1132985828233,-2.89001477371938));
#8324=CARTESIAN_POINT('Ctrl Pts',(-1.16560925031266,-0.848804472583093,
-2.91647636976503));
#8325=CARTESIAN_POINT('Ctrl Pts',(-1.61505042220528,0.0738885735646903,
-2.96939956185635));
#8326=CARTESIAN_POINT('Ctrl Pts',(-0.812247128308924,1.39967802712688,-3.04878434999333));
#8327=CARTESIAN_POINT('Ctrl Pts',(0.734682386350871,1.44015005643199,-3.1281691381303));
#8328=CARTESIAN_POINT('Ctrl Pts',(1.6087941827609,0.164510247915741,-3.20755392626727));
#8329=CARTESIAN_POINT('Ctrl Pts',(1.01052064512348,-1.26279928884351,-3.28693871440425));
#8330=CARTESIAN_POINT('Ctrl Pts',(-0.51280208878514,-1.53366648022176,-3.36632350254122));
#8331=CARTESIAN_POINT('Ctrl Pts',(-1.56669452585007,-0.401033752041275,
-3.4457082906782));
#8332=CARTESIAN_POINT('Ctrl Pts',(-1.1865810491058,1.09883321030889,-3.52509307881517));
#8333=CARTESIAN_POINT('Ctrl Pts',(0.279652050210306,1.59282870843678,-3.60447786695215));
#8334=CARTESIAN_POINT('Ctrl Pts',(1.48990566461196,0.628914461220517,-3.68386265508912));
#8335=CARTESIAN_POINT('Ctrl Pts',(1.33641733932822,-0.910683182713203,-3.7632474432261));
#8336=CARTESIAN_POINT('Ctrl Pts',(-0.0403273577969316,-1.6166988290167,
-3.84263223136307));
#8337=CARTESIAN_POINT('Ctrl Pts',(-1.38015839768673,-0.842918300293333,
-3.92201701950005));
#8338=CARTESIAN_POINT('Ctrl Pts',(-1.45669845017616,0.702408620783504,-4.00140180763702));
#8339=CARTESIAN_POINT('Ctrl Pts',(-0.199887734872547,1.60480257508218,-4.08078659577399));
#8340=CARTESIAN_POINT('Ctrl Pts',(1.23988478463198,1.03828379560792,-4.16017138391097));
#8341=CARTESIAN_POINT('Ctrl Pts',(1.54476158188681,-0.478601138935019,-4.23955617204794));
#8342=CARTESIAN_POINT('Ctrl Pts',(0.435681603095626,-1.55741089621532,-4.31894096018492));
#8343=CARTESIAN_POINT('Ctrl Pts',(-1.07218800626478,-1.21068584177654,-4.39832574832188));
#8344=CARTESIAN_POINT('Ctrl Pts',(-1.59865864172828,0.244208608043464,-4.47771053645887));
#8345=CARTESIAN_POINT('Ctrl Pts',(-0.661839287445259,1.47557311764149,-4.55709532459584));
#8346=CARTESIAN_POINT('Ctrl Pts',(0.880777182815021,1.35631074884308,-4.63648011273282));
#8347=CARTESIAN_POINT('Ctrl Pts',(1.61719751291052,-0.0044148680524813,
-4.71586490086979));
#8348=CARTESIAN_POINT('Ctrl Pts',(0.873358792369241,-1.36109944649333,-4.79524968900677));
#8349=CARTESIAN_POINT('Ctrl Pts',(-0.669885841758988,-1.4719375822892,-4.87463447714374));
#8350=CARTESIAN_POINT('Ctrl Pts',(-1.59996815575977,-0.235476509498228,
-4.95401926528072));
#8351=CARTESIAN_POINT('Ctrl Pts',(-1.06556185713139,1.21652176891515,-5.03340405341769));
#8352=CARTESIAN_POINT('Ctrl Pts',(0.444178356703377,1.55500896254043,-5.11278884155467));
#8353=CARTESIAN_POINT('Ctrl Pts',(1.54735163799854,0.470159754046322,-5.19217362969164));
#8354=CARTESIAN_POINT('Ctrl Pts',(1.23419744724593,-1.04503777306047,-5.27155841782862));
#8355=CARTESIAN_POINT('Ctrl Pts',(-0.208646794235024,-1.60368756347379,
-5.35094320596559));
#8356=CARTESIAN_POINT('Ctrl Pts',(-1.46051170085748,-0.694444279701262,
-5.43032799410256));
#8357=CARTESIAN_POINT('Ctrl Pts',(-1.37553577935188,0.850440242270477,-5.50971278223955));
#8358=CARTESIAN_POINT('Ctrl Pts',(-0.0314994961232329,1.61689673996339,
-5.5890975703765));
#8359=CARTESIAN_POINT('Ctrl Pts',(1.3413690193014,0.903369492518576,-5.66848235851349));
#8360=CARTESIAN_POINT('Ctrl Pts',(1.48645081481674,-0.637033171103216,-5.74786714665046));
#8361=CARTESIAN_POINT('Ctrl Pts',(0.270949099032614,-1.59434433912185,-5.82725193478744));
#8362=CARTESIAN_POINT('Ctrl Pts',(-1.19255872154207,-1.09231450673768,-5.90663672292441));
#8363=CARTESIAN_POINT('Ctrl Pts',(-1.56448939969586,0.409536572475579,-5.98602151106138));
#8364=CARTESIAN_POINT('Ctrl Pts',(-0.504406008085954,1.53652916176776,-6.06540629919837));
#8365=CARTESIAN_POINT('Ctrl Pts',(1.01737210679462,1.25710034693817,-6.14479108733533));
#8366=CARTESIAN_POINT('Ctrl Pts',(1.60792552216729,-0.172982083230836,-6.22417587547231));
#8367=CARTESIAN_POINT('Ctrl Pts',(0.726706759778084,-1.44472993021141,-6.30356066360929));
#8368=CARTESIAN_POINT('Ctrl Pts',(-0.819683850242008,-1.39408237619169,
-6.38294545174626));
#8369=CARTESIAN_POINT('Ctrl Pts',(-1.61579848745407,-0.067398322657015,
-6.46233023988323));
#8370=CARTESIAN_POINT('Ctrl Pts',(-0.932934635973908,1.32097700621777,-6.54171502802021));
#8371=CARTESIAN_POINT('Ctrl Pts',(0.60386630523294,1.50023090601419,-6.62109981615718));
#8372=CARTESIAN_POINT('Ctrl Pts',(1.58793416591018,0.306288051825346,-6.70048460429416));
#8373=CARTESIAN_POINT('Ctrl Pts',(1.11852840900717,-1.16800748465056,-6.77986939243113));
#8374=CARTESIAN_POINT('Ctrl Pts',(-0.374692798125232,-1.5731982052459,-6.8592541805681));
#8375=CARTESIAN_POINT('Ctrl Pts',(-1.52494884431835,-0.538403480828225,
-6.93863896870509));
#8376=CARTESIAN_POINT('Ctrl Pts',(-1.27938322424877,0.989204656007364,-7.01802375684205));
#8377=CARTESIAN_POINT('Ctrl Pts',(0.137232054642458,1.61137042579738,-7.09740854497904));
#8378=CARTESIAN_POINT('Ctrl Pts',(1.42823559521908,0.758610816232574,-7.176793333116));
#8379=CARTESIAN_POINT('Ctrl Pts',(1.41194138888306,-0.788523176777203,-7.25617812125298));
#8380=CARTESIAN_POINT('Ctrl Pts',(0.103263907239874,-1.6139032967986,-7.33556290938996));
#8381=CARTESIAN_POINT('Ctrl Pts',(-1.29993346574615,-0.962039640861558,
-7.41494769752692));
#8382=CARTESIAN_POINT('Ctrl Pts',(-1.5132710588787,0.570401602659025,-7.49433248566391));
#8383=CARTESIAN_POINT('Ctrl Pts',(-0.341475938359216,1.5807407976887,-7.57371727380088));
#8384=CARTESIAN_POINT('Ctrl Pts',(1.14288016743202,1.14419063483599,-7.65310206193785));
#8385=CARTESIAN_POINT('Ctrl Pts',(1.58113108380188,-0.33966421918022,-7.73248685007483));
#8386=CARTESIAN_POINT('Ctrl Pts',(0.572135404199129,-1.51261639724609,-7.8118716382118));
#8387=CARTESIAN_POINT('Ctrl Pts',(-0.960549313362203,-1.30103508890238,
-7.89125642634878));
#8388=CARTESIAN_POINT('Ctrl Pts',(-1.61402057527214,0.101414340968197,-7.97064121448575));
#8389=CARTESIAN_POINT('Ctrl Pts',(-0.790140713469016,1.41103683115449,-8.05002600262272));
#8390=CARTESIAN_POINT('Ctrl Pts',(0.756973590830652,1.42910400907029,-8.12941079075969));
#8391=CARTESIAN_POINT('Ctrl Pts',(1.61121210273454,0.139078560380723,-8.20879557889668));
#8392=CARTESIAN_POINT('Ctrl Pts',(0.990670152119469,-1.27824877690355,-8.28818036703364));
#8393=CARTESIAN_POINT('Ctrl Pts',(-0.536655568718557,-1.52556484179441,
-8.36756515517063));
#8394=CARTESIAN_POINT('Ctrl Pts',(-1.57276778234367,-0.376495403395072,
-8.44694994330758));
#8395=CARTESIAN_POINT('Ctrl Pts',(-1.16928852719624,1.11718916308881,-8.52633473144458));
#8396=CARTESIAN_POINT('Ctrl Pts',(0.304468112306641,1.58828412273883,-8.60571951958154));
#8397=CARTESIAN_POINT('Ctrl Pts',(1.49953790311482,0.605585141064285,-8.68510430771853));
#8398=CARTESIAN_POINT('Ctrl Pts',(1.32204526184651,-0.931420212141127,-8.76448909585549));
#8399=CARTESIAN_POINT('Ctrl Pts',(-0.0655466080881686,-1.61587466349465,
-8.84387388399247));
#8400=CARTESIAN_POINT('Ctrl Pts',(-1.39314212072839,-0.82128090042825,-8.92325867212943));
#8401=CARTESIAN_POINT('Ctrl Pts',(-1.44556177186941,0.725050653172322,-9.00264346026644));
#8402=CARTESIAN_POINT('Ctrl Pts',(-0.174824617708961,1.60772623260266,-9.08202824840338));
#8403=CARTESIAN_POINT('Ctrl Pts',(1.2559336349319,1.0188120487129,-9.16141303654038));
#8404=CARTESIAN_POINT('Ctrl Pts',(1.53710619126724,-0.502644847505437,-9.24079782467734));
#8405=CARTESIAN_POINT('Ctrl Pts',(0.411329174762045,-1.56401905229617,-9.32018261281432));
#8406=CARTESIAN_POINT('Ctrl Pts',(-1.09094714284296,-1.19380970739839,-9.3995674009513));
#8407=CARTESIAN_POINT('Ctrl Pts',(-1.59465379406136,0.269121836798,-9.47895218908826));
#8408=CARTESIAN_POINT('Ctrl Pts',(-0.638736193468341,1.48571981245099,-9.55833697722525));
#8409=CARTESIAN_POINT('Ctrl Pts',(0.901831719291581,1.34240338052145,-9.6377217653622));
#8410=CARTESIAN_POINT('Ctrl Pts',(1.6169317759984,-0.0296465465527793,-9.7171065534992));
#8411=CARTESIAN_POINT('Ctrl Pts',(0.852016018262557,-1.37456028990359,-9.79649134163616));
#8412=CARTESIAN_POINT('Ctrl Pts',(-0.692770108715312,-1.46130656004358,
-9.87587612977314));
#8413=CARTESIAN_POINT('Ctrl Pts',(-1.60344740569093,-0.210484448686543,
-9.95526091791011));
#8414=CARTESIAN_POINT('Ctrl Pts',(-1.0464514505998,1.23299904602291,-10.0346457060471));
#8415=CARTESIAN_POINT('Ctrl Pts',(0.468386213661675,1.54788941491552,-10.1140304941841));
#8416=CARTESIAN_POINT('Ctrl Pts',(1.55449892256246,0.445960071876379,-10.193415282321));
#8417=CARTESIAN_POINT('Ctrl Pts',(1.21774208119672,-1.06416704968652,-10.272800070458));
#8418=CARTESIAN_POINT('Ctrl Pts',(-0.233642826013427,-1.60023695614378,
-10.352184858595));
#8419=CARTESIAN_POINT('Ctrl Pts',(-1.47116894056213,-0.671572210771964,
-10.431569646732));
#8420=CARTESIAN_POINT('Ctrl Pts',(-1.36209940397128,0.871798428340476,-10.5109544348689));
#8421=CARTESIAN_POINT('Ctrl Pts',(-0.00626813714253631,1.61719139139825,
-10.5903392230059));
#8422=CARTESIAN_POINT('Ctrl Pts',(1.3553005035419,0.882330907910919,-10.6697240111429));
#8423=CARTESIAN_POINT('Ctrl Pts',(1.47633060800668,-0.660147878750257,-10.7491087992799));
#8424=CARTESIAN_POINT('Ctrl Pts',(0.246040465303659,-1.59837773238649,-10.8284935874168));
#8425=CARTESIAN_POINT('Ctrl Pts',(-1.2094563218896,-1.07357472557671,-10.9078783755538));
#8426=CARTESIAN_POINT('Ctrl Pts',(-1.55790919427763,0.433896564103799,-10.9872631636908));
#8427=CARTESIAN_POINT('Ctrl Pts',(-0.480371014215219,1.54421208862568,-11.0666479518278));
#8428=CARTESIAN_POINT('Ctrl Pts',(1.03686209199791,1.24107384475443,-11.1460327399647));
#8429=CARTESIAN_POINT('Ctrl Pts',(1.60503085527953,-0.198048578779266,-11.2254175281017));
#8430=CARTESIAN_POINT('Ctrl Pts',(0.704076997716283,-1.45589246417538,-11.3048023162387));
#8431=CARTESIAN_POINT('Ctrl Pts',(-0.841335152196361,-1.38112361779624,
-11.3841871043756));
#8432=CARTESIAN_POINT('Ctrl Pts',(-1.61665338164766,-0.0421797292904507,
-11.4635718925126));
#8433=CARTESIAN_POINT('Ctrl Pts',(-0.912210617575693,1.33537226088384,-11.5429566806496));
#8434=CARTESIAN_POINT('Ctrl Pts',(0.62720005309264,1.49062650565339,-11.6223414687866));
#8435=CARTESIAN_POINT('Ctrl Pts',(1.59251971313487,0.281475130753435,-11.7017262569236));
#8436=CARTESIAN_POINT('Ctrl Pts',(1.10016849600237,-1.18531707418721,-11.7811110450605));
#8437=CARTESIAN_POINT('Ctrl Pts',(-0.399192909689071,-1.56716058743506,
-11.8604958331975));
#8438=CARTESIAN_POINT('Ctrl Pts',(-1.53316362411996,-0.514545029741002,
-11.9398806213345));
#8439=CARTESIAN_POINT('Ctrl Pts',(-1.2637934904655,1.00904573702725,-12.0192654094714));
#8440=CARTESIAN_POINT('Ctrl Pts',(0.162356650758352,1.60903312703945,-12.0986501976084));
#8441=CARTESIAN_POINT('Ctrl Pts',(1.43989791789787,0.736234522410626,-12.1780349857454));
#8442=CARTESIAN_POINT('Ctrl Pts',(1.39946663894402,-0.810456915843506,-12.2574197738824));
#8443=CARTESIAN_POINT('Ctrl Pts',(0.0780705177084708,-1.61531801210181,
-12.3368045620194));
#8444=CARTESIAN_POINT('Ctrl Pts',(-1.31478539086345,-0.941640410097128,
-12.4161893501563));
#8445=CARTESIAN_POINT('Ctrl Pts',(-1.50418720201401,0.593942882147023,-12.4955741382933));
#8446=CARTESIAN_POINT('Ctrl Pts',(-0.316770968081393,1.58587623720661,-12.5749589264303));
#8447=CARTESIAN_POINT('Ctrl Pts',(1.1605932087861,1.1262196453958,-12.6543437145673));
#8448=CARTESIAN_POINT('Ctrl Pts',(1.57563903144996,-0.364292366825434,-12.7337285027042));
#8449=CARTESIAN_POINT('Ctrl Pts',(0.548465263272311,-1.52135897832808,-12.8131132908412));
#8450=CARTESIAN_POINT('Ctrl Pts',(-0.980731704254131,-1.28588981263038,
-12.8924980789782));
#8451=CARTESIAN_POINT('Ctrl Pts',(-1.61224179743789,0.126584645791264,-12.9718828671152));
#8452=CARTESIAN_POINT('Ctrl Pts',(-0.768028924239727,1.42319319050051,-13.0512676552521));
#8453=CARTESIAN_POINT('Ctrl Pts',(0.779178948931325,1.41711942033764,-13.1306524433891));
#8454=CARTESIAN_POINT('Ctrl Pts',(1.61318594138673,0.113922800474807,-13.2100372315261));
#8455=CARTESIAN_POINT('Ctrl Pts',(0.970605770221913,-1.29355004726055,-13.289422019663));
#8456=CARTESIAN_POINT('Ctrl Pts',(-0.560392768892133,-1.51700600873209,
-13.3688068078));
#8457=CARTESIAN_POINT('Ctrl Pts',(-1.57845058127232,-0.35191056880532,-13.448191595937));
#8458=CARTESIAN_POINT('Ctrl Pts',(-1.15171532490554,1.13529691989962,-13.527576384074));
#8459=CARTESIAN_POINT('Ctrl Pts',(0.329212149029403,1.58334034461555,-13.6069611722109));
#8460=CARTESIAN_POINT('Ctrl Pts',(1.50880397349371,0.582114984797169,-13.6863459603479));
#8461=CARTESIAN_POINT('Ctrl Pts',(1.30735191298288,-0.951933958621008,-13.7657307484849));
#8462=CARTESIAN_POINT('Ctrl Pts',(-0.0907502072138702,-1.61465528390628,
-13.8451155366218));
#8463=CARTESIAN_POINT('Ctrl Pts',(-1.40578652102707,-0.799444521686427,
-13.9245003247589));
#8464=CARTESIAN_POINT('Ctrl Pts',(-1.43407325533764,0.747516678262859,-14.0038851128958));
#8465=CARTESIAN_POINT('Ctrl Pts',(-0.149718894659259,1.61025822107445,-14.0832699010328));
#8466=CARTESIAN_POINT('Ctrl Pts',(1.27167670369271,0.999092411762328,-14.1626546891698));
#8467=CARTESIAN_POINT('Ctrl Pts',(1.52907660336322,-0.526566260790622,-14.2420394773067));
#8468=CARTESIAN_POINT('Ctrl Pts',(0.386876601501435,-1.57024640778655,-14.3214242654437));
#8469=CARTESIAN_POINT('Ctrl Pts',(-1.10944068406975,-1.17664295964693,-14.4008090535807));
#8470=CARTESIAN_POINT('Ctrl Pts',(-1.59026072851865,0.29396955843614,-14.4801938417177));
#8471=CARTESIAN_POINT('Ctrl Pts',(-0.615477597724488,1.49550480194988,-14.5595786298546));
#8472=CARTESIAN_POINT('Ctrl Pts',(0.922666703645332,1.32816920606529,-14.6389634179916));
#8473=CARTESIAN_POINT('Ctrl Pts',(1.61627239607379,-0.0548710091552697,
-14.7183482061286));
#8474=CARTESIAN_POINT('Ctrl Pts',(0.830465820066075,-1.38768649473064,-14.7977329942655));
#8475=CARTESIAN_POINT('Ctrl Pts',(-0.715485720186009,-1.45031978203628,
-14.8771177824026));
#8476=CARTESIAN_POINT('Ctrl Pts',(-1.60653629516431,-0.185441145044838,
-14.9565025705395));
#8477=CARTESIAN_POINT('Ctrl Pts',(-1.02708628464257,1.24917614844943,-15.0358873586765));
#8478=CARTESIAN_POINT('Ctrl Pts',(0.492480041627597,1.54039303249344,-15.1152721468134));
#8479=CARTESIAN_POINT('Ctrl Pts',(1.56126776318132,0.421651820352539,-15.1946569349504));
#8480=CARTESIAN_POINT('Ctrl Pts',(1.20099025490427,-1.08303725401336,-15.2740417230874));
#8481=CARTESIAN_POINT('Ctrl Pts',(-0.25858197726569,-1.59639676991317,-15.3534265112244));
#8482=CARTESIAN_POINT('Ctrl Pts',(-1.4814680230647,-0.648536647069848,-15.4328112993613));
#8483=CARTESIAN_POINT('Ctrl Pts',(-1.34833142444941,0.89294437441424,-15.5121960874983));
#8484=CARTESIAN_POINT('Ctrl Pts',(0.0189647478206952,1.61709233635434,-15.5915808756353));
#8485=CARTESIAN_POINT('Ctrl Pts',(1.36890203883918,0.861077519168734,-15.6709656637723));
#8486=CARTESIAN_POINT('Ctrl Pts',(1.4658509873818,-0.683101872891319,-15.7503504519093));
#8487=CARTESIAN_POINT('Ctrl Pts',(0.221071932835452,-1.60202199937087,-15.8297352400462));
#8488=CARTESIAN_POINT('Ctrl Pts',(-1.22605947917128,-1.05457358182826,-15.9091200281832));
#8489=CARTESIAN_POINT('Ctrl Pts',(-1.55094971467544,0.458150923281815,-15.9885048163202));
#8490=CARTESIAN_POINT('Ctrl Pts',(-0.456219073653993,1.55151907587053,-16.0678896044571));
#8491=CARTESIAN_POINT('Ctrl Pts',(1.0560996523325,1.22474520219473,-16.1472743925941));
#8492=CARTESIAN_POINT('Ctrl Pts',(1.60174544240345,-0.223066859249824,-16.2266591807311));
#8493=CARTESIAN_POINT('Ctrl Pts',(0.681275827571342,-1.4667005600063,-16.3060439688681));
#8494=CARTESIAN_POINT('Ctrl Pts',(-0.862781630464924,-1.36782862380056,
-16.3854287570051));
#8495=CARTESIAN_POINT('Ctrl Pts',(-1.61711470034001,-0.0169508672365799,
-16.464813545142));
#8496=CARTESIAN_POINT('Ctrl Pts',(-0.89126452080552,1.34944241815245,-16.544198333279));
#8497=CARTESIAN_POINT('Ctrl Pts',(0.650381108620066,1.48065921113063,-16.623583121416));
#8498=CARTESIAN_POINT('Ctrl Pts',(1.59671756021835,0.256593684345865,-16.7029679095529));
#8499=CARTESIAN_POINT('Ctrl Pts',(1.08154074613647,-1.20233809737627,-16.7823526976899));
#8500=CARTESIAN_POINT('Ctrl Pts',(-0.423595837433956,-1.56074144318156,
-16.8617374858269));
#8501=CARTESIAN_POINT('Ctrl Pts',(-1.5410051540656,-0.490561312273078,-16.9411222739639));
#8502=CARTESIAN_POINT('Ctrl Pts',(-1.24789608519117,1.02864116509129,-17.0205070621009));
#8503=CARTESIAN_POINT('Ctrl Pts',(0.187441721023525,1.60630410793709,-17.0998918502378));
#8504=CARTESIAN_POINT('Ctrl Pts',(1.45120969632816,0.713678991731562,-17.1792766383748));
#8505=CARTESIAN_POINT('Ctrl Pts',(1.38665118778222,-0.832193348554273,-17.2586614265118));
#8506=CARTESIAN_POINT('Ctrl Pts',(0.0528581218498818,-1.61633947700052,
-17.3380462146487));
#8507=CARTESIAN_POINT('Ctrl Pts',(-1.32931723047254,-0.921011936255254,
-17.4174310027857));
#8508=CARTESIAN_POINT('Ctrl Pts',(-1.49473714962546,0.617339565786446,-17.4968157909227));
#8509=CARTESIAN_POINT('Ctrl Pts',(-0.291988879669322,1.59062559394261,-17.5762005790597));
#8510=CARTESIAN_POINT('Ctrl Pts',(1.17802370283652,1.10797447692227,-17.6555853671967));
#8511=CARTESIAN_POINT('Ctrl Pts',(1.56976338857169,-0.388831827215519,-17.7349701553336));
#8512=CARTESIAN_POINT('Ctrl Pts',(0.524661598058023,-1.52973118340414,-17.8143549434706));
#8513=CARTESIAN_POINT('Ctrl Pts',(-1.00067533526318,-1.2704314855008,-17.8937397316076));
#8514=CARTESIAN_POINT('Ctrl Pts',(-1.61007051810593,0.151724133485587,-17.9731245197445));
#8515=CARTESIAN_POINT('Ctrl Pts',(-0.745730157781881,1.43500307237665,-18.0525093078815));
#8516=CARTESIAN_POINT('Ctrl Pts',(0.801194615321424,1.40478983279913,-18.1318940960185));
#8517=CARTESIAN_POINT('Ctrl Pts',(1.61476704868868,0.0887393059760117,-18.2112788841555));
#8518=CARTESIAN_POINT('Ctrl Pts',(0.950305093607796,-1.30853640187,-18.2906636722925));
#8519=CARTESIAN_POINT('Ctrl Pts',(-0.583993541017871,-1.50807785939759,
-18.3700484604294));
#8520=CARTESIAN_POINT('Ctrl Pts',(-1.5837491052007,-0.327240061318637,-18.4494332485664));
#8521=CARTESIAN_POINT('Ctrl Pts',(-1.13386173663881,1.15312828780768,-18.5288180367034));
#8522=CARTESIAN_POINT('Ctrl Pts',(0.353876038802898,1.57801110107533,-18.6082028248403));
#8523=CARTESIAN_POINT('Ctrl Pts',(1.51770272439221,0.558503112192131,-18.6875876129773));
#8524=CARTESIAN_POINT('Ctrl Pts',(1.2923402882969,-0.972215956051187,-18.7669724011143));
#8525=CARTESIAN_POINT('Ctrl Pts',(-0.115931713132281,-1.61304281525508,
-18.8463571892513));
#8526=CARTESIAN_POINT('Ctrl Pts',(-1.41808868152288,-0.77741351756484,-18.9257419773882));
#8527=CARTESIAN_POINT('Ctrl Pts',(-1.4222356125759,0.769800719846822,-19.0051267655252));
#8528=CARTESIAN_POINT('Ctrl Pts',(-0.124576722430224,1.61239819095171,-19.0845115536622));
#8529=CARTESIAN_POINT('Ctrl Pts',(1.28711018178817,0.979129545000593,-19.1638963417991));
#8530=CARTESIAN_POINT('Ctrl Pts',(1.52067476059156,-0.550359481117252,-19.2432811299361));
#8531=CARTESIAN_POINT('Ctrl Pts',(0.362329842836487,-1.57609148558892,-19.3226659180731));
#8532=CARTESIAN_POINT('Ctrl Pts',(-1.12766413111415,-1.15918975726772,-19.4020507062101));
#8533=CARTESIAN_POINT('Ctrl Pts',(-1.58548051278628,0.318745712960646,-19.4814354943471));
#8534=CARTESIAN_POINT('Ctrl Pts',(-0.592069163489086,1.50492570966183,-19.560820282484));
#8535=CARTESIAN_POINT('Ctrl Pts',(0.943277064084962,1.31361168780088,-19.640205070621));
#8536=CARTESIAN_POINT('Ctrl Pts',(1.61521953339918,-0.0800821133686631,
-19.719589858758));
#8537=CARTESIAN_POINT('Ctrl Pts',(0.80871344433102,-1.40047486622006,-19.798974646895));
#8538=CARTESIAN_POINT('Ctrl Pts',(-0.738027146111344,-1.43897992256965,
-19.8783594350319));
#8539=CARTESIAN_POINT('Ctrl Pts',(-1.60923407214891,-0.160352695614641,
-19.9577442231689));
#8540=CARTESIAN_POINT('Ctrl Pts',(-1.0074710737444,1.26504913798798,-20.0371290113059));
#8541=CARTESIAN_POINT('Ctrl Pts',(0.516453974951026,1.53252164021038,-20.1165137994429));
#8542=CARTESIAN_POINT('Ctrl Pts',(1.5676565119701,0.397240917370797,-20.1958985875798));
#8543=CARTESIAN_POINT('Ctrl Pts',(1.18394604661642,-1.10164379209307,-20.2752833757168));
#8544=CARTESIAN_POINT('Ctrl Pts',(-0.283458176538011,-1.59216793966892,
-20.3546681638538));
#8545=CARTESIAN_POINT('Ctrl Pts',(-1.49140644104491,-0.625343196625347,
-20.4340529519908));
#8546=CARTESIAN_POINT('Ctrl Pts',(-1.33423519261183,0.913872932497686,-20.5134377401277));
#8547=CARTESIAN_POINT('Ctrl Pts',(0.0441930158016083,1.61659959894532,-20.5928225282647));
#8548=CARTESIAN_POINT('Ctrl Pts',(1.38217031388895,0.83961450044644,-20.6722073164017));
#8549=CARTESIAN_POINT('Ctrl Pts',(1.45501450421381,-0.705889565359405,-20.7515921045387));
#8550=CARTESIAN_POINT('Ctrl Pts',(0.196049580236228,-1.6052762528752,-20.8309768926756));
#8551=CARTESIAN_POINT('Ctrl Pts',(-1.24236415133578,-1.03531570133537,-20.9103616808126));
#8552=CARTESIAN_POINT('Ctrl Pts',(-1.54361265517996,0.482293745267449,-20.9897464689496));
#8553=CARTESIAN_POINT('Ctrl Pts',(-0.431956066210616,1.55844834461065,-21.0691312570865));
#8554=CARTESIAN_POINT('Ctrl Pts',(1.07508010439964,1.20811839447956,-21.1485160452235));
#8555=CARTESIAN_POINT('Ctrl Pts',(1.59807008337535,-0.248030833923034,-21.2279008333605));
#8556=CARTESIAN_POINT('Ctrl Pts',(0.658308800305499,-1.47715158646504,-21.3072856214975));
#8557=CARTESIAN_POINT('Ctrl Pts',(-0.884018063886221,-1.35420063088107,
-21.3866704096345));
#8558=CARTESIAN_POINT('Ctrl Pts',(-1.61718233122273,0.00828212151890648,
-21.4660551977714));
#8559=CARTESIAN_POINT('Ctrl Pts',(-0.870101445006604,1.36318405263312,-21.5454399859084));
#8560=CARTESIAN_POINT('Ctrl Pts',(0.673403828369597,1.47033144899135,-21.6248247740454));
#8561=CARTESIAN_POINT('Ctrl Pts',(1.60052668519155,0.231649770009725,-21.7042095621823));
#8562=CARTESIAN_POINT('Ctrl Pts',(1.06264969434938,-1.2190664104367,-21.7835943503193));
#8563=CARTESIAN_POINT('Ctrl Pts',(-0.447895640448518,-1.55394233523096,
-21.8629791384563));
#8564=CARTESIAN_POINT('Ctrl Pts',(-1.54847152512881,-0.466458167278773,
-21.9423639265933));
#8565=CARTESIAN_POINT('Ctrl Pts',(-1.23169487866123,1.04798616967761,-22.0217487147302));
#8566=CARTESIAN_POINT('Ctrl Pts',(0.212481158458481,1.60318403287208,-22.1011335028672));
#8567=CARTESIAN_POINT('Ctrl Pts',(1.46216817664882,0.690949715356549,-22.1805182910042));
#8568=CARTESIAN_POINT('Ctrl Pts',(1.37349815532906,-0.853727183158378,-22.2599030791412));
#8569=CARTESIAN_POINT('Ctrl Pts',(0.0276328576410692,-1.61696744281833,
-22.3392878672782));
#8570=CARTESIAN_POINT('Ctrl Pts',(-1.34352544678602,-0.90015924135357,-22.4186726554151));
#8571=CARTESIAN_POINT('Ctrl Pts',(-1.4849232023355,0.640585957636844,-22.4980574435521));
#8572=CARTESIAN_POINT('Ctrl Pts',(-0.267135706341306,1.59498771166218,-22.577442231689));
#8573=CARTESIAN_POINT('Ctrl Pts',(1.19516740611624,1.08945957121556,-22.6568270198261));
#8574=CARTESIAN_POINT('Ctrl Pts',(1.56350558559682,-0.413276626200123,-22.736211807963));
#8575=CARTESIAN_POINT('Ctrl Pts',(0.50073020357671,-1.53773097425457,-22.8155965961));
#8576=CARTESIAN_POINT('Ctrl Pts',(-1.02037535109714,-1.25466387085516,-22.894981384237));
#8577=CARTESIAN_POINT('Ctrl Pts',(-1.60750726587588,0.176826683823701,-22.974366172374));
#8578=CARTESIAN_POINT('Ctrl Pts',(-0.723249842747191,1.44646360165819,-23.0537509605109));
#8579=CARTESIAN_POINT('Ctrl Pts',(0.823015230270141,1.39211824810222,-23.1331357486479));
#8580=CARTESIAN_POINT('Ctrl Pts',(1.61595503971858,0.0635342078253528,-23.2125205367849));
#8581=CARTESIAN_POINT('Ctrl Pts',(0.929773064492389,-1.32320419229244,-23.2919053249218));
#8582=CARTESIAN_POINT('Ctrl Pts',(-0.607452139469828,-1.4987825673557,-23.3712901130588));
#8583=CARTESIAN_POINT('Ctrl Pts',(-1.58866206419908,-0.302489886988873,
-23.4506749011958));
#8584=CARTESIAN_POINT('Ctrl Pts',(-1.11573210886574,1.17067892575284,-23.5300596893328));
#8585=CARTESIAN_POINT('Ctrl Pts',(0.378453777184341,1.57229768952661,-23.6094444774697));
#8586=CARTESIAN_POINT('Ctrl Pts',(1.52623198940262,0.534755271577567,-23.6888292656067));
#8587=CARTESIAN_POINT('Ctrl Pts',(1.27701404238008,-0.992261266763932,-23.7682140537437));
#8588=CARTESIAN_POINT('Ctrl Pts',(-0.141084995386613,-1.61103765009778,
-23.8475988418807));
#8589=CARTESIAN_POINT('Ctrl Pts',(-1.43004560724546,-0.755193251528223,
-23.9269836300176));
#8590=CARTESIAN_POINT('Ctrl Pts',(-1.41005172546735,0.791897352857272,-24.0063684181546));
#8591=CARTESIAN_POINT('Ctrl Pts',(-0.0994042219028773,1.61414562125717,
-24.0857532062916));
#8592=CARTESIAN_POINT('Ctrl Pts',(1.30223031192627,0.958928308402813,-24.1651379944286));
#8593=CARTESIAN_POINT('Ctrl Pts',(1.51190270838728,-0.574018716007645,-24.2445227825655));
#8594=CARTESIAN_POINT('Ctrl Pts',(0.337694874694344,-1.58155286271468,-24.3239075707025));
#8595=CARTESIAN_POINT('Ctrl Pts',(-1.14561304746411,-1.14145434925616,-24.4032923588395));
#8596=CARTESIAN_POINT('Ctrl Pts',(-1.58031431061139,0.343444268597798,-24.4826771469765));
#8597=CARTESIAN_POINT('Ctrl Pts',(-0.568516589563321,1.51398024205968,-24.5620619351134));
#8598=CARTESIAN_POINT('Ctrl Pts',(0.9636577830025,1.29873436976717,-24.6414467232504));
#8599=CARTESIAN_POINT('Ctrl Pts',(1.61377344429477,-0.105273721530408,-24.7208315113874));
#8600=CARTESIAN_POINT('Ctrl Pts',(0.786764186689862,-1.41292229103305,-24.8002162995244));
#8601=CARTESIAN_POINT('Ctrl Pts',(-0.760388898764024,-1.42728974234118,
-24.8796010876613));
#8602=CARTESIAN_POINT('Ctrl Pts',(-1.6115400798688,-0.135225208198037,-24.9589858757983));
#8603=CARTESIAN_POINT('Ctrl Pts',(-0.987610593243402,1.28061415034703,-25.0383706639353));
#8604=CARTESIAN_POINT('Ctrl Pts',(0.54030217715967,1.52427715436301,-25.1177554520723));
#8605=CARTESIAN_POINT('Ctrl Pts',(1.57366361358288,0.372733305783737,-25.1971402402092));
#8606=CARTESIAN_POINT('Ctrl Pts',(1.16661360575894,-1.11998213414904,-25.2765250283462));
#8607=CARTESIAN_POINT('Ctrl Pts',(-0.308265367701153,-1.58755149492428,
-25.3559098164832));
#8608=CARTESIAN_POINT('Ctrl Pts',(-1.50098177498641,-0.601997505899206,
-25.4352946046201));
#8609=CARTESIAN_POINT('Ctrl Pts',(-1.31981414019858,0.934579007512637,-25.5146793927571));
#8610=CARTESIAN_POINT('Ctrl Pts',(0.0694105249622014,1.61571329913742,-25.5940641808941));
#8611=CARTESIAN_POINT('Ctrl Pts',(1.3951020985136,0.817947076915418,-25.6734489690311));
#8612=CARTESIAN_POINT('Ctrl Pts',(1.4438237966641,-0.728505408441254,-25.7528337571681));
#8613=CARTESIAN_POINT('Ctrl Pts',(0.17097949919534,-1.60813970071002,-25.832218545305));
#8614=CARTESIAN_POINT('Ctrl Pts',(-1.25836636895747,-1.01580577232782,-25.911603333442));
#8615=CARTESIAN_POINT('Ctrl Pts',(-1.53589980208133,0.506319152252137,-25.990988121579));
#8616=CARTESIAN_POINT('Ctrl Pts',(-0.407587898585691,1.56499820832837,-26.0703729097159));
#8617=CARTESIAN_POINT('Ctrl Pts',(1.09379882711447,1.19119746862395,-26.149757697853));
#8618=CARTESIAN_POINT('Ctrl Pts',(1.59400567349465,-0.272934423792214,-26.2291424859899));
#8619=CARTESIAN_POINT('Ctrl Pts',(0.635181506251569,-1.4872430021052,-26.3085272741269));
#8620=CARTESIAN_POINT('Ctrl Pts',(-0.905039280520855,-1.34024295134373,
-26.3879120622638));
#8621=CARTESIAN_POINT('Ctrl Pts',(-1.6168562614651,0.0335130836552741,-26.4672968504008));
#8622=CARTESIAN_POINT('Ctrl Pts',(-0.848726535444058,1.37659383853383,-26.5466816385378));
#8623=CARTESIAN_POINT('Ctrl Pts',(0.696262594334471,1.45964569627591,-26.6260664266748));
#8624=CARTESIAN_POINT('Ctrl Pts',(1.60394618561487,0.206649531126594,-26.7054512148118));
#8625=CARTESIAN_POINT('Ctrl Pts',(1.04349989240188,-1.23549807524786,-26.7848360029487));
#8626=CARTESIAN_POINT('Ctrl Pts',(-0.472086313132589,-1.54676466357872,
-26.8642207910857));
#8627=CARTESIAN_POINT('Ctrl Pts',(-1.55556109015387,-0.442241947463054,
-26.9436055792227));
#8628=CARTESIAN_POINT('Ctrl Pts',(-1.2151934911858,1.06707696191712,-27.0229903673596));
#8629=CARTESIAN_POINT('Ctrl Pts',(0.237468252068506,1.59967191285912,-27.1023751554966));
#8630=CARTESIAN_POINT('Ctrl Pts',(1.47277185925475,0.668055547631375,-27.1817599436336));
#8631=CARTESIAN_POINT('Ctrl Pts',(1.36000852496741,-0.875059484258705,-27.2611447317706));
#8632=CARTESIAN_POINT('Ctrl Pts',(0.0024050800130628,-1.61718977834927,
-27.3405295199075));
#8633=CARTESIAN_POINT('Ctrl Pts',(-1.35741458370543,-0.879110151299914,
-27.4199143080445));
#8634=CARTESIAN_POINT('Ctrl Pts',(-1.47473255015981,0.663719604278794,-27.4992990961815));
#8635=CARTESIAN_POINT('Ctrl Pts',(-0.242246365594862,1.59887946799447,-27.5786838843185));
#8636=CARTESIAN_POINT('Ctrl Pts',(1.21207497461113,1.07083531602478,-27.6580686724554));
#8637=CARTESIAN_POINT('Ctrl Pts',(1.55676296720794,-0.437917124676024,-27.7374534605924));
#8638=CARTESIAN_POINT('Ctrl Pts',(0.476875155856098,-1.54479140325888,-27.8168382487294));
#8639=CARTESIAN_POINT('Ctrl Pts',(-1.04020682058394,-1.23968292215331,-27.8962230368664));
#8640=CARTESIAN_POINT('Ctrl Pts',(-1.6038023070501,0.204121403751894,-27.9756078250033));
#8641=CARTESIAN_POINT('Ctrl Pts',(-1.00281232637367,1.03608947256717,-28.0285310170947));
#8642=CARTESIAN_POINT('Ctrl Pts',(-0.592743564846291,1.23319225136769,-28.0549926131403));
#8643=CARTESIAN_POINT('Ctrl Pts',(-0.740036351041067,-1.0357968908709,-2.94500738685969));
#8644=CARTESIAN_POINT('Ctrl Pts',(-1.08446597891318,-0.789715398208183,
-2.97146898290535));
#8645=CARTESIAN_POINT('Ctrl Pts',(-1.5026195413611,0.0687448596000379,-3.02439217499666));
#8646=CARTESIAN_POINT('Ctrl Pts',(-0.755702974118286,1.30224018164259,-3.10377696313364));
#8647=CARTESIAN_POINT('Ctrl Pts',(0.683537860642845,1.33989477203579,-3.18316175127061));
#8648=CARTESIAN_POINT('Ctrl Pts',(1.49679882671633,0.153057954026557,-3.26254653940759));
#8649=CARTESIAN_POINT('Ctrl Pts',(0.940173784938623,-1.17489018432138,-3.34193132754456));
#8650=CARTESIAN_POINT('Ctrl Pts',(-0.477103642626267,-1.42690109944991,
-3.42131611568153));
#8651=CARTESIAN_POINT('Ctrl Pts',(-1.45762991515228,-0.373115999523944,
-3.50070090381851));
#8652=CARTESIAN_POINT('Ctrl Pts',(-1.10397783702668,1.02233851761238,-3.58008569195548));
#8653=CARTESIAN_POINT('Ctrl Pts',(0.260184220659693,1.4819447804422,-3.65947048009246));
#8654=CARTESIAN_POINT('Ctrl Pts',(1.38618666987099,0.585132913673531,-3.73885526822943));
#8655=CARTESIAN_POINT('Ctrl Pts',(1.24338335316271,-0.847286454663861,-3.81824005636641));
#8656=CARTESIAN_POINT('Ctrl Pts',(-0.0375199901154011,-1.50415319520428,
-3.89762484450338));
#8657=CARTESIAN_POINT('Ctrl Pts',(-1.2840794008808,-0.784238988688834,-3.97700963264036));
#8658=CARTESIAN_POINT('Ctrl Pts',(-1.3552911581029,0.653510816193906,-4.05639442077733));
#8659=CARTESIAN_POINT('Ctrl Pts',(-0.185972655942153,1.49308509269476,-4.13577920891431));
#8660=CARTESIAN_POINT('Ctrl Pts',(1.15357086119967,0.96600421838769,-4.21516399705128));
#8661=CARTESIAN_POINT('Ctrl Pts',(1.43722382148141,-0.445283573809016,-4.29454878518825));
#8662=CARTESIAN_POINT('Ctrl Pts',(0.405351858754487,-1.44899256048388,-4.37393357332523));
#8663=CARTESIAN_POINT('Ctrl Pts',(-0.997548205353545,-1.12640458730612,
-4.45331836146221));
#8664=CARTESIAN_POINT('Ctrl Pts',(-1.48736886601141,0.227208154971118,-4.53270314959918));
#8665=CARTESIAN_POINT('Ctrl Pts',(-0.615765695536565,1.37285187557652,-4.61208793773615));
#8666=CARTESIAN_POINT('Ctrl Pts',(0.8194623451295,1.26189189349702,-4.69147272587313));
#8667=CARTESIAN_POINT('Ctrl Pts',(1.50461716348262,-0.00410752934822682,
-4.7708575140101));
#8668=CARTESIAN_POINT('Ctrl Pts',(0.812560382010689,-1.2663472284933,-4.85024230214708));
#8669=CARTESIAN_POINT('Ctrl Pts',(-0.62325209322792,-1.36946942609479,-4.92962709028405));
#8670=CARTESIAN_POINT('Ctrl Pts',(-1.48858721891626,-0.219083936847315,
-5.00901187842103));
#8671=CARTESIAN_POINT('Ctrl Pts',(-0.991383332087213,1.13183424946385,-5.088396666558));
#8672=CARTESIAN_POINT('Ctrl Pts',(0.413257115354144,1.44675783615129,-5.16778145469498));
#8673=CARTESIAN_POINT('Ctrl Pts',(1.43963357220691,0.437429831464323,-5.24716624283195));
#8674=CARTESIAN_POINT('Ctrl Pts',(1.14827944479747,-0.972288021272355,-5.32655103096893));
#8675=CARTESIAN_POINT('Ctrl Pts',(-0.194121958020165,-1.49204770202971,
-5.40593581910589));
#8676=CARTESIAN_POINT('Ctrl Pts',(-1.35883895135504,-0.646100908503414,
-5.48532060724288));
#8677=CARTESIAN_POINT('Ctrl Pts',(-1.27977858367623,0.791237294653926,-5.56470539537984));
#8678=CARTESIAN_POINT('Ctrl Pts',(-0.0293066753626702,1.5043373286851,-5.64409018351683));
#8679=CARTESIAN_POINT('Ctrl Pts',(1.24799032455372,0.840481903143598,-5.72347497165379));
#8680=CARTESIAN_POINT('Ctrl Pts',(1.38297232761685,-0.592686443862089,-5.80285975979078));
#8681=CARTESIAN_POINT('Ctrl Pts',(0.252087120824859,-1.48335490129881,-5.88224454792773));
#8682=CARTESIAN_POINT('Ctrl Pts',(-1.10953937695815,-1.01627361014226,-5.96162933606473));
#8683=CARTESIAN_POINT('Ctrl Pts',(-1.45557829768891,0.381026900611231,-6.04101412420169));
#8684=CARTESIAN_POINT('Ctrl Pts',(-0.469292050643897,1.42956449693428,-6.12039891233868));
#8685=CARTESIAN_POINT('Ctrl Pts',(0.946548285729564,1.16958797124236,-6.19978370047564));
#8686=CARTESIAN_POINT('Ctrl Pts',(1.49599063747047,-0.160940027007313,-6.27916848861262));
#8687=CARTESIAN_POINT('Ctrl Pts',(0.676117453095258,-1.34415582032457,-6.35855327674959));
#8688=CARTESIAN_POINT('Ctrl Pts',(-0.762621992587606,-1.29703406898745,
-6.43793806488657));
#8689=CARTESIAN_POINT('Ctrl Pts',(-1.50331553044329,-0.0627064240763588,
-6.51732285302354));
#8690=CARTESIAN_POINT('Ctrl Pts',(-0.867988884776074,1.22901789067434,-6.59670764116052));
#8691=CARTESIAN_POINT('Ctrl Pts',(0.561828471815415,1.3957931250547,-6.67609242929749));
#8692=CARTESIAN_POINT('Ctrl Pts',(1.47739096890454,0.284965971111831,-6.75547721743447));
#8693=CARTESIAN_POINT('Ctrl Pts',(1.04066264547136,-1.08669726143621,-6.83486200557145));
#8694=CARTESIAN_POINT('Ctrl Pts',(-0.348608757181307,-1.4636808443472,-6.91424679370841));
#8695=CARTESIAN_POINT('Ctrl Pts',(-1.41879033715858,-0.50092280730453,-6.9936315818454));
#8696=CARTESIAN_POINT('Ctrl Pts',(-1.19031963783573,0.920341697129398,-7.07301636998236));
#8697=CARTESIAN_POINT('Ctrl Pts',(0.127678717748766,1.49919572595657,-7.15240115811934));
#8698=CARTESIAN_POINT('Ctrl Pts',(1.32880972973787,0.705800525535651,-7.23178594625631));
#8699=CARTESIAN_POINT('Ctrl Pts',(1.31364983595701,-0.733630552923292,-7.31117073439329));
#8700=CARTESIAN_POINT('Ctrl Pts',(0.0960752449599543,-1.50155227248281,
-7.39055552253026));
#8701=CARTESIAN_POINT('Ctrl Pts',(-1.20943928514146,-0.895067760143865,
-7.46994031066724));
#8702=CARTESIAN_POINT('Ctrl Pts',(-1.40792549457527,0.530693396809683,-7.54932509880422));
#8703=CARTESIAN_POINT('Ctrl Pts',(-0.317704271537642,1.4706983632068,-7.62870988694119));
#8704=CARTESIAN_POINT('Ctrl Pts',(1.06331916911449,1.06453840902341,-7.70809467507816));
#8705=CARTESIAN_POINT('Ctrl Pts',(1.47106147975868,-0.316018674230824,-7.78747946321514));
#8706=CARTESIAN_POINT('Ctrl Pts',(0.532306500672817,-1.40731640686588,-7.8668642513521));
#8707=CARTESIAN_POINT('Ctrl Pts',(-0.893681181004937,-1.21046421938446,
-7.94624903948909));
#8708=CARTESIAN_POINT('Ctrl Pts',(-1.50166138667747,0.0943544352657903,
-8.02563382762606));
#8709=CARTESIAN_POINT('Ctrl Pts',(-0.735135485654043,1.31280824853618,-8.10501861576304));
#8710=CARTESIAN_POINT('Ctrl Pts',(0.704277274713931,1.32961768941825,-8.1844034039));
#8711=CARTESIAN_POINT('Ctrl Pts',(1.49904842446999,0.129396679966934,-8.26378819203699));
#8712=CARTESIAN_POINT('Ctrl Pts',(0.921705173504961,-1.18926416444229,-8.34317298017395));
#8713=CARTESIAN_POINT('Ctrl Pts',(-0.499296575171666,-1.41936345229623,
-8.42255776831094));
#8714=CARTESIAN_POINT('Ctrl Pts',(-1.46328038510759,-0.350285875038933,
-8.5019425564479));
#8715=CARTESIAN_POINT('Ctrl Pts',(-1.08788912488279,1.0394166304491,-8.58132734458489));
#8716=CARTESIAN_POINT('Ctrl Pts',(0.283272725719905,1.47771656367371,-8.66071213272184));
#8717=CARTESIAN_POINT('Ctrl Pts',(1.39514836518555,0.56342765179969,-8.74009692085884));
#8718=CARTESIAN_POINT('Ctrl Pts',(1.23001178025263,-0.866579886757226,-8.8194817089958));
#8719=CARTESIAN_POINT('Ctrl Pts',(-0.060983615637597,-1.50338640352911,
-8.89886649713279));
#8720=CARTESIAN_POINT('Ctrl Pts',(-1.2961592689108,-0.764107864970031,-8.97825128526975));
#8721=CARTESIAN_POINT('Ctrl Pts',(-1.34492975376561,0.674576635474713,-9.05763607340673));
#8722=CARTESIAN_POINT('Ctrl Pts',(-0.162654294422514,1.49580522134345,-9.13702086154371));
#8723=CARTESIAN_POINT('Ctrl Pts',(1.16850247927517,0.947887986852985,-9.21640564968068));
#8724=CARTESIAN_POINT('Ctrl Pts',(1.43010135683042,-0.467653492325473,-9.29579043781766));
#8725=CARTESIAN_POINT('Ctrl Pts',(0.38269471183788,-1.45514069327462,-9.37517522595463));
#8726=CARTESIAN_POINT('Ctrl Pts',(-1.01500143456168,-1.1107032760959,-9.4545600140916));
#8727=CARTESIAN_POINT('Ctrl Pts',(-1.48364281369642,0.250387062484019,-9.53394480222858));
#8728=CARTESIAN_POINT('Ctrl Pts',(-0.594270911226231,1.38229221359406,-9.61332959036555));
#8729=CARTESIAN_POINT('Ctrl Pts',(0.839051181186262,1.24895267926465,-9.69271437850253));
#8730=CARTESIAN_POINT('Ctrl Pts',(1.50436992570507,-0.0275827178962841,
-9.77209916663949));
#8731=CARTESIAN_POINT('Ctrl Pts',(0.792703373833962,-1.27887100240981,-9.85148395477649));
#8732=CARTESIAN_POINT('Ctrl Pts',(-0.644543284044951,-1.35957847683941,
-9.93086874291345));
#8733=CARTESIAN_POINT('Ctrl Pts',(-1.49182426270385,-0.195831685129229,
-10.0102535310504));
#8734=CARTESIAN_POINT('Ctrl Pts',(-0.973603286397675,1.14716446964159,-10.0896383191874));
#8735=CARTESIAN_POINT('Ctrl Pts',(0.435779755155285,1.44013391206832,-10.1690231073244));
#8736=CARTESIAN_POINT('Ctrl Pts',(1.44628330233655,0.414914797367971,-10.2484078954613));
#8737=CARTESIAN_POINT('Ctrl Pts',(1.13296961035153,-0.990085623424717,-10.3277926835983));
#8738=CARTESIAN_POINT('Ctrl Pts',(-0.217377904268223,-1.48883730690374,
-10.4071774717353));
#8739=CARTESIAN_POINT('Ctrl Pts',(-1.3687542929549,-0.62482106655421,-10.4865622598723));
#8740=CARTESIAN_POINT('Ctrl Pts',(-1.26727757446043,0.811108641898295,-10.5659470480092));
#8741=CARTESIAN_POINT('Ctrl Pts',(-0.00583178409102585,1.50461146811618,
-10.6453318361462));
#8742=CARTESIAN_POINT('Ctrl Pts',(1.26095197588802,0.820907908474826,-10.7247166242832));
#8743=CARTESIAN_POINT('Ctrl Pts',(1.37355663365068,-0.614192033363046,-10.8041014124202));
#8744=CARTESIAN_POINT('Ctrl Pts',(0.228912488457267,-1.48710751202484,-10.8834862005571));
#8745=CARTESIAN_POINT('Ctrl Pts',(-1.12526065979565,-0.998838388934207,
-10.9628709886941));
#8746=CARTESIAN_POINT('Ctrl Pts',(-1.4494561697902,0.403691084307723,-11.0422557768311));
#8747=CARTESIAN_POINT('Ctrl Pts',(-0.446930240157915,1.43671258090295,-11.1216405649681));
#8748=CARTESIAN_POINT('Ctrl Pts',(0.964681485922359,1.15467714553075,-11.201025353105));
#8749=CARTESIAN_POINT('Ctrl Pts',(1.49329748128694,-0.184261531727322,-11.280410141242));
#8750=CARTESIAN_POINT('Ctrl Pts',(0.655063049949146,-1.35454128039117,-11.359794929379));
#8751=CARTESIAN_POINT('Ctrl Pts',(-0.782766050609089,-1.28497742770302,
-11.439179717516));
#8752=CARTESIAN_POINT('Ctrl Pts',(-1.5041109116298,-0.0392434097473719,
-11.5185645056529));
#8753=CARTESIAN_POINT('Ctrl Pts',(-0.848707557956469,1.24241102730135,-11.5979492937899));
#8754=CARTESIAN_POINT('Ctrl Pts',(0.583537853160491,1.38685732994467,-11.6773340819269));
#8755=CARTESIAN_POINT('Ctrl Pts',(1.48165729568476,0.261880388415288,-11.7567188700639));
#8756=CARTESIAN_POINT('Ctrl Pts',(1.02358084809873,-1.10280185305335,-11.8361036582008));
#8757=CARTESIAN_POINT('Ctrl Pts',(-0.371403306438218,-1.4580635321066,-11.9154884463378));
#8758=CARTESIAN_POINT('Ctrl Pts',(-1.4264332494096,-0.47872524966957,-11.9948732344748));
#8759=CARTESIAN_POINT('Ctrl Pts',(-1.17581517512344,0.938801551789229,-12.0742580226118));
#8760=CARTESIAN_POINT('Ctrl Pts',(0.15105427839597,1.49702113701533,-12.1536428107487));
#8761=CARTESIAN_POINT('Ctrl Pts',(1.33966018599229,0.684981945571945,-12.2330275988857));
#8762=CARTESIAN_POINT('Ctrl Pts',(1.30204350913633,-0.754037386346574,-12.3124123870227));
#8763=CARTESIAN_POINT('Ctrl Pts',(0.072635679914474,-1.50286850312852,-12.3917971751597));
#8764=CARTESIAN_POINT('Ctrl Pts',(-1.22325730134779,-0.876088611038719,
-12.4711819632966));
#8765=CARTESIAN_POINT('Ctrl Pts',(-1.39947400560122,0.552595862578529,-12.5505667514336));
#8766=CARTESIAN_POINT('Ctrl Pts',(-0.294719124697759,1.47547630181911,-12.6299515395706));
#8767=CARTESIAN_POINT('Ctrl Pts',(1.07979912646419,1.04781846050716,-12.7093363277076));
#8768=CARTESIAN_POINT('Ctrl Pts',(1.46595175372616,-0.33893234640503,-12.7887211158445));
#8769=CARTESIAN_POINT('Ctrl Pts',(0.510284144086054,-1.41545037779032,-12.8681059039815));
#8770=CARTESIAN_POINT('Ctrl Pts',(-0.91245858543061,-1.19637327350889,-12.9474906921185));
#8771=CARTESIAN_POINT('Ctrl Pts',(-1.50000643752124,0.117772522632692,-13.0268754802555));
#8772=CARTESIAN_POINT('Ctrl Pts',(-0.714562996935692,1.32411834935655,-13.1062602683924));
#8773=CARTESIAN_POINT('Ctrl Pts',(0.72493681855618,1.31846740149086,-13.1856450565294));
#8774=CARTESIAN_POINT('Ctrl Pts',(1.50088485538849,0.105992124980469,-13.2650298446664));
#8775=CARTESIAN_POINT('Ctrl Pts',(0.903037562939942,-1.20350024495715,-13.3444146328034));
#8776=CARTESIAN_POINT('Ctrl Pts',(-0.521381322711197,-1.41140043787026,
-13.4237994209403));
#8777=CARTESIAN_POINT('Ctrl Pts',(-1.46856757899481,-0.327412500704746,
-13.5031842090773));
#8778=CARTESIAN_POINT('Ctrl Pts',(-1.07153927177404,1.05626382534782,-13.5825689972143));
#8779=CARTESIAN_POINT('Ctrl Pts',(0.306294219414825,1.47311694404942,-13.6619537853512));
#8780=CARTESIAN_POINT('Ctrl Pts',(1.4037693829764,0.541591358046328,-13.7413385734882));
#8781=CARTESIAN_POINT('Ctrl Pts',(1.21634130109794,-0.885665579626869,-13.8207233616252));
#8782=CARTESIAN_POINT('Ctrl Pts',(-0.0844326795418676,-1.50225191040578,
-13.9001081497622));
#8783=CARTESIAN_POINT('Ctrl Pts',(-1.30792343597106,-0.743791614183742,
-13.9794929378992));
#8784=CARTESIAN_POINT('Ctrl Pts',(-1.33424100423524,0.69547870011221,-14.0588777260361));
#8785=CARTESIAN_POINT('Ctrl Pts',(-0.139296293002984,1.4981609467771,-14.1382625141731));
#8786=CARTESIAN_POINT('Ctrl Pts',(1.18314960263165,0.929541121997824,-14.2176473023101));
#8787=CARTESIAN_POINT('Ctrl Pts',(1.42263074444101,-0.489909629078291,-14.297032090447));
#8788=CARTESIAN_POINT('Ctrl Pts',(0.359944391530364,-1.46093453470656,-14.376416878584));
#8789=CARTESIAN_POINT('Ctrl Pts',(-1.03220755769831,-1.09473158240863,-14.455801666721));
#8790=CARTESIAN_POINT('Ctrl Pts',(-1.47955556908772,0.27350502312378,-14.535186454858));
#8791=CARTESIAN_POINT('Ctrl Pts',(-0.572631450322209,1.39139602622485,-14.614571242995));
#8792=CARTESIAN_POINT('Ctrl Pts',(0.858435749125107,1.23570940933394,-14.6939560311319));
#8793=CARTESIAN_POINT('Ctrl Pts',(1.50375644816513,-0.0510511928774422,
-14.7733408192689));
#8794=CARTESIAN_POINT('Ctrl Pts',(0.772653381285728,-1.29108343343107,-14.8527256074059));
#8795=CARTESIAN_POINT('Ctrl Pts',(-0.665677560238774,-1.34935653757151,
-14.9321103955428));
#8796=CARTESIAN_POINT('Ctrl Pts',(-1.49469812077044,-0.172531757823627,
-15.0114951836798));
#8797=CARTESIAN_POINT('Ctrl Pts',(-0.955586216225154,1.16221541163974,-15.0908799718168));
#8798=CARTESIAN_POINT('Ctrl Pts',(0.45819630403204,1.43315938634326,-15.1702647599538));
#8799=CARTESIAN_POINT('Ctrl Pts',(1.45258093369618,0.392298751915862,-15.2496495480907));
#8800=CARTESIAN_POINT('Ctrl Pts',(1.11738395358538,-1.00764218845893,-15.3290343362277));
#8801=CARTESIAN_POINT('Ctrl Pts',(-0.240580929697882,-1.48526445320627,
-15.4084191243647));
#8802=CARTESIAN_POINT('Ctrl Pts',(-1.37833641027687,-0.603389111434319,
-15.4878039125017));
#8803=CARTESIAN_POINT('Ctrl Pts',(-1.25446804555027,0.830782524121503,-15.5671887006386));
#8804=CARTESIAN_POINT('Ctrl Pts',(0.0176445269326864,1.50451930873676,-15.6465734887756));
#8805=CARTESIAN_POINT('Ctrl Pts',(1.27360664750025,0.80113406314773,-15.7259582769126));
#8806=CARTESIAN_POINT('Ctrl Pts',(1.3638065462723,-0.635548097343732,-15.8053430650496));
#8807=CARTESIAN_POINT('Ctrl Pts',(0.20568212716947,-1.49049808529078,-15.8847278531865));
#8808=CARTESIAN_POINT('Ctrl Pts',(-1.14070799706558,-0.981159999756953,
-15.9641126413235));
#8809=CARTESIAN_POINT('Ctrl Pts',(-1.44298117067924,0.426256989101156,-16.0434974294605));
#8810=CARTESIAN_POINT('Ctrl Pts',(-0.424459624163441,1.44351089609586,-16.1228822175974));
#8811=CARTESIAN_POINT('Ctrl Pts',(0.982579833670164,1.13948521278564,-16.2022670057345));
#8812=CARTESIAN_POINT('Ctrl Pts',(1.49024078069038,-0.207538177836602,-16.2816517938714));
#8813=CARTESIAN_POINT('Ctrl Pts',(0.633849171202929,-1.36459697634788,-16.3610365820084));
#8814=CARTESIAN_POINT('Ctrl Pts',(-0.802719543637321,-1.27260795768183,
-16.4404213701453));
#8815=CARTESIAN_POINT('Ctrl Pts',(-1.5045401158654,-0.0157708415803128,
-16.5198061582824));
#8816=CARTESIAN_POINT('Ctrl Pts',(-0.829219612633295,1.25550169801426,-16.5991909464193));
#8817=CARTESIAN_POINT('Ctrl Pts',(0.605105171769233,1.37758390335782,-16.6785757345563));
#8818=CARTESIAN_POINT('Ctrl Pts',(1.48556291186402,0.238731050738083,-16.7579605226932));
#8819=CARTESIAN_POINT('Ctrl Pts',(1.00624985918641,-1.11863796671655,-16.8373453108303));
#8820=CARTESIAN_POINT('Ctrl Pts',(-0.394107437276325,-1.45209125318484,
-16.9167300989672));
#8821=CARTESIAN_POINT('Ctrl Pts',(-1.43372889539593,-0.456411146006742,
-16.9961148871042));
#8822=CARTESIAN_POINT('Ctrl Pts',(-1.16102445930818,0.9570328544938,-17.0754996752411));
#8823=CARTESIAN_POINT('Ctrl Pts',(0.174393064763639,1.49448209713425,-17.1548844633782));
#8824=CARTESIAN_POINT('Ctrl Pts',(1.35018450095063,0.663996606230124,-17.2342692515151));
#8825=CARTESIAN_POINT('Ctrl Pts',(1.2901201988283,-0.774260648791891,-17.3136540396521));
#8826=CARTESIAN_POINT('Ctrl Pts',(0.049178431657225,-1.50381885928862,-17.393038827789));
#8827=CARTESIAN_POINT('Ctrl Pts',(-1.23677751462926,-0.8568961774917,-17.472423615926));
#8828=CARTESIAN_POINT('Ctrl Pts',(-1.390681813611,0.57436379846231,-17.551808404063));
#8829=CARTESIAN_POINT('Ctrl Pts',(-0.271662228261752,1.47989503459815,-17.6311931922));
#8830=CARTESIAN_POINT('Ctrl Pts',(1.09601620589134,1.03084341978594,-17.710577980337));
#8831=CARTESIAN_POINT('Ctrl Pts',(1.46048514061888,-0.361763505240459,-17.7899627684739));
#8832=CARTESIAN_POINT('Ctrl Pts',(0.488137558434465,-1.42323975623858,-17.8693475566109));
#8833=CARTESIAN_POINT('Ctrl Pts',(-0.93101385111635,-1.18199106964559,-17.9487323447479));
#8834=CARTESIAN_POINT('Ctrl Pts',(-1.49798631065146,0.141161938188967,-18.0281171328849));
#8835=CARTESIAN_POINT('Ctrl Pts',(-0.693816547309645,1.33510609255285,-18.1075019210218));
#8836=CARTESIAN_POINT('Ctrl Pts',(0.745419875975947,1.30699613166697,-18.1868867091588));
#8837=CARTESIAN_POINT('Ctrl Pts',(1.50235589474195,0.0825617661301365,-18.2662714972958));
#8838=CARTESIAN_POINT('Ctrl Pts',(0.884150107190064,-1.21744333241765,-18.3456562854327));
#8839=CARTESIAN_POINT('Ctrl Pts',(-0.543339139569274,-1.40309381692905,
-18.4250410735697));
#8840=CARTESIAN_POINT('Ctrl Pts',(-1.47349724898262,-0.304459417547026,
-18.5044258617067));
#8841=CARTESIAN_POINT('Ctrl Pts',(-1.05492855161065,1.07285387201104,-18.5838106498437));
#8842=CARTESIAN_POINT('Ctrl Pts',(0.329241145547958,1.4681586929793,-18.6631954379806));
#8843=CARTESIAN_POINT('Ctrl Pts',(1.41204865203819,0.519623213462945,-18.7425802261176));
#8844=CARTESIAN_POINT('Ctrl Pts',(1.20237470272393,-0.90453565653432,-18.8219650142546));
#8845=CARTESIAN_POINT('Ctrl Pts',(-0.107861188245785,-1.5007516929068,-18.9013498023916));
#8846=CARTESIAN_POINT('Ctrl Pts',(-1.31936918807132,-0.723294286760553,
-18.9807345905286));
#8847=CARTESIAN_POINT('Ctrl Pts',(-1.32322743271271,0.716211449928681,-19.0601193786655));
#8848=CARTESIAN_POINT('Ctrl Pts',(-0.115904379794462,1.50015194378332,-19.1395041668025));
#8849=CARTESIAN_POINT('Ctrl Pts',(1.1975086873132,0.910967959646139,-19.2188889549395));
#8850=CARTESIAN_POINT('Ctrl Pts',(1.41481379150966,-0.51204649695755,-19.2982737430765));
#8851=CARTESIAN_POINT('Ctrl Pts',(0.337106442485614,-1.46637271050954,-19.3776585312134));
#8852=CARTESIAN_POINT('Ctrl Pts',(-1.0491623891162,-1.07849337548099,-19.4570433193504));
#8853=CARTESIAN_POINT('Ctrl Pts',(-1.47510812554501,0.296556398756664,-19.5364281074874));
#8854=CARTESIAN_POINT('Ctrl Pts',(-0.55085258185397,1.40016110242973,-19.6158128956243));
#8855=CARTESIAN_POINT('Ctrl Pts',(0.877611330224795,1.22216530500316,-19.6951976837613));
#8856=CARTESIAN_POINT('Ctrl Pts',(1.50277687996869,-0.0745072394066948,
-19.7745824718983));
#8857=CARTESIAN_POINT('Ctrl Pts',(0.752415285681324,-1.30298154920379,-19.8539672600353));
#8858=CARTESIAN_POINT('Ctrl Pts',(-0.686649776721836,-1.33880609642332,
-19.9333520481723));
#8859=CARTESIAN_POINT('Ctrl Pts',(-1.49720809343728,-0.149189827529718,
-20.0127368363092));
#8860=CARTESIAN_POINT('Ctrl Pts',(-0.937336507857994,1.17698341140774,-20.0921216244462));
#8861=CARTESIAN_POINT('Ctrl Pts',(0.480501304668419,1.42583595687034,-20.1715064125832));
#8862=CARTESIAN_POINT('Ctrl Pts',(1.45852493311742,0.369587201032794,-20.2508912007202));
#8863=CARTESIAN_POINT('Ctrl Pts',(1.10152626884178,-1.02495344223234,-20.3302759888571));
#8864=CARTESIAN_POINT('Ctrl Pts',(-0.263725385516386,-1.48133001074259,
-20.4096607769941));
#8865=CARTESIAN_POINT('Ctrl Pts',(-1.38758297054641,-0.581810260774096,
-20.4890455651311));
#8866=CARTESIAN_POINT('Ctrl Pts',(-1.24135311543571,0.850254151704349,-20.5684303532681));
#8867=CARTESIAN_POINT('Ctrl Pts',(0.0411165423828605,1.50406087298184,-20.647815141405));
#8868=CARTESIAN_POINT('Ctrl Pts',(1.28595125860083,0.781165181120705,-20.727199929542));
#8869=CARTESIAN_POINT('Ctrl Pts',(1.35372443914798,-0.656749436654439,-20.806584717679));
#8870=CARTESIAN_POINT('Ctrl Pts',(0.182401692410608,-1.49352579565877,-20.8859695058159));
#8871=CARTESIAN_POINT('Ctrl Pts',(-1.15587762810187,-0.963242746427923,
-20.9653542939529));
#8872=CARTESIAN_POINT('Ctrl Pts',(-1.43615487669953,0.448719121304856,-21.0447390820899));
#8873=CARTESIAN_POINT('Ctrl Pts',(-0.401885673149063,1.44995778745795,-21.1241238702269));
#8874=CARTESIAN_POINT('Ctrl Pts',(1.00023897160655,1.12401587149465,-21.2035086583639));
#8875=CARTESIAN_POINT('Ctrl Pts',(1.4868212798369,-0.230764298617888,-21.2828934465008));
#8876=CARTESIAN_POINT('Ctrl Pts',(0.61248098139155,-1.37432046012787,-21.3622782346378));
#8877=CARTESIAN_POINT('Ctrl Pts',(-0.822477613979227,-1.25992867028076,
-21.4416630227748));
#8878=CARTESIAN_POINT('Ctrl Pts',(-1.50460303866,0.00770556601021005,-21.5210478109117));
#8879=CARTESIAN_POINT('Ctrl Pts',(-0.809529793161694,1.26828671587934,-21.6004325990487));
#8880=CARTESIAN_POINT('Ctrl Pts',(0.626525177061507,1.36797510291688,-21.6798173871857));
#8881=CARTESIAN_POINT('Ctrl Pts',(1.48910686661709,0.215523593804113,-21.7592021753227));
#8882=CARTESIAN_POINT('Ctrl Pts',(0.988673897976858,-1.1342017471119,-21.8385869634596));
#8883=CARTESIAN_POINT('Ctrl Pts',(-0.41671562235766,-1.44576546153776,-21.9179717515966));
#8884=CARTESIAN_POINT('Ctrl Pts',(-1.44067549898699,-0.433985928701604,
-21.9973565397336));
#8885=CARTESIAN_POINT('Ctrl Pts',(-1.14595109120103,0.975031166818576,-22.0767413278706));
#8886=CARTESIAN_POINT('Ctrl Pts',(0.197689395006432,1.49157922444449,-22.1561261160075));
#8887=CARTESIAN_POINT('Ctrl Pts',(1.36038011246037,0.642849616407071,-22.2355109041445));
#8888=CARTESIAN_POINT('Ctrl Pts',(1.27788280777193,-0.794295416890576,-22.3148956922815));
#8889=CARTESIAN_POINT('Ctrl Pts',(0.0257092108731425,-1.5044031095982,-22.3942804804184));
#8890=CARTESIAN_POINT('Ctrl Pts',(-1.24999663347967,-0.837495131915347,
-22.4736652685555));
#8891=CARTESIAN_POINT('Ctrl Pts',(-1.38155105907044,0.595991905040461,-22.5530500566924));
#8892=CARTESIAN_POINT('Ctrl Pts',(-0.248539195448623,1.48395348580006,-22.6324348448294));
#8893=CARTESIAN_POINT('Ctrl Pts',(1.11196645933558,1.01361741944636,-22.7118196329663));
#8894=CARTESIAN_POINT('Ctrl Pts',(1.45466297128798,-0.384506592474081,-22.7912044211034));
#8895=CARTESIAN_POINT('Ctrl Pts',(0.46587213532121,-1.43068264588053,-22.8705892092403));
#8896=CARTESIAN_POINT('Ctrl Pts',(-0.949342460768563,-1.16732110915306,
-22.9499739973773));
#8897=CARTESIAN_POINT('Ctrl Pts',(-1.49560149786954,0.164516987763549,-23.0293587855143));
#8898=CARTESIAN_POINT('Ctrl Pts',(-0.672901187514902,1.34576880315061,-23.1087435736512));
#8899=CARTESIAN_POINT('Ctrl Pts',(0.765721460357251,1.29520667263598,-23.1881283617882));
#8900=CARTESIAN_POINT('Ctrl Pts',(1.50346118440471,0.059111307554739,-23.2675131499252));
#8901=CARTESIAN_POINT('Ctrl Pts',(0.865047404420897,-1.23109003236852,-23.3468979380622));
#8902=CARTESIAN_POINT('Ctrl Pts',(-0.565164680098666,-1.39444561172581,
-23.4262827261991));
#8903=CARTESIAN_POINT('Ctrl Pts',(-1.47806819493909,-0.28143221351137,-23.5056675143361));
#8904=CARTESIAN_POINT('Ctrl Pts',(-1.03806100828515,1.08918273157924,-23.5850523024731));
#8905=CARTESIAN_POINT('Ctrl Pts',(0.352107917672625,1.46284301755337,-23.66443709061));
#8906=CARTESIAN_POINT('Ctrl Pts',(1.41998415677654,0.497528566211098,-23.743821878747));
#8907=CARTESIAN_POINT('Ctrl Pts',(1.18811538530963,-0.923185523544972,-23.823206666884));
#8908=CARTESIAN_POINT('Ctrl Pts',(-0.131263438061071,-1.49888611626127,
-23.902591455021));
#8909=CARTESIAN_POINT('Ctrl Pts',(-1.33049373873446,-0.702620872790437,
-23.9819762431579));
#8910=CARTESIAN_POINT('Ctrl Pts',(-1.31189172046043,0.736769837520353,-24.0613610312949));
#8911=CARTESIAN_POINT('Ctrl Pts',(-0.0924842495760721,1.50177772765238,
-24.1407458194319));
#8912=CARTESIAN_POINT('Ctrl Pts',(1.21157623758968,0.892173021448464,-24.2201306075689));
#8913=CARTESIAN_POINT('Ctrl Pts',(1.40665240107951,-0.534058706725847,-24.2995153957059));
#8914=CARTESIAN_POINT('Ctrl Pts',(0.314186424619766,-1.47145389675554,-24.3789001838428));
#8915=CARTESIAN_POINT('Ctrl Pts',(-1.06586180114873,-1.06199260851684,-24.4582849719798));
#8916=CARTESIAN_POINT('Ctrl Pts',(-1.4703015658018,0.319535577507694,-24.5376697601168));
#8917=CARTESIAN_POINT('Ctrl Pts',(-0.528939607903671,1.40858530834419,-24.6170545482537));
#8918=CARTESIAN_POINT('Ctrl Pts',(0.896573256175482,1.20832366359486,-24.6964393363907));
#8919=CARTESIAN_POINT('Ctrl Pts',(1.50143145959236,-0.0979451470916233,
-24.7758241245277));
#8920=CARTESIAN_POINT('Ctrl Pts',(0.731994014000571,-1.31456245312262,-24.8552089126647));
#8921=CARTESIAN_POINT('Ctrl Pts',(-0.707454827792083,-1.32792972190781,
-24.9345937008016));
#8922=CARTESIAN_POINT('Ctrl Pts',(-1.49935356964953,-0.125811576858174,
-25.0139784889386));
#8923=CARTESIAN_POINT('Ctrl Pts',(-0.918858604201665,1.19146487366469,-25.0933632770756));
#8924=CARTESIAN_POINT('Ctrl Pts',(0.50268932689506,1.41816540654423,-25.1727480652126));
#8925=CARTESIAN_POINT('Ctrl Pts',(1.46411385352895,0.346785673862811,-25.2521328533495));
#8926=CARTESIAN_POINT('Ctrl Pts',(1.08540041668642,-1.04201517030634,-25.3315176414865));
#8927=CARTESIAN_POINT('Ctrl Pts',(-0.286805637188722,-1.47703493735693,
-25.4109024296235));
#8928=CARTESIAN_POINT('Ctrl Pts',(-1.39649172268056,-0.56008976795891,-25.4902872177605));
#8929=CARTESIAN_POINT('Ctrl Pts',(-1.22793597695804,0.869518784259826,-25.5696720058974));
#8930=CARTESIAN_POINT('Ctrl Pts',(0.0645785479823006,1.50323627246624,-25.6490567940344));
#8931=CARTESIAN_POINT('Ctrl Pts',(1.29798280387924,0.761006123817586,-25.7284415821714));
#8932=CARTESIAN_POINT('Ctrl Pts',(1.3433127667849,-0.677790889783029,-25.8078263703084));
#8933=CARTESIAN_POINT('Ctrl Pts',(0.159076851800304,-1.49618990608723,-25.8872111584453));
#8934=CARTESIAN_POINT('Ctrl Pts',(-1.17076585980836,-0.945090990808248,
-25.9665959465823));
#8935=CARTESIAN_POINT('Ctrl Pts',(-1.42897894978956,0.471072012290794,-26.0459807347193));
#8936=CARTESIAN_POINT('Ctrl Pts',(-0.379213882623554,1.45605168587758,-26.1253655228562));
#8937=CARTESIAN_POINT('Ctrl Pts',(1.01765460034105,1.10827288694198,-26.2047503109933));
#8938=CARTESIAN_POINT('Ctrl Pts',(1.48303981170013,-0.253934238251338,-26.2841350991302));
#8939=CARTESIAN_POINT('Ctrl Pts',(0.590963681679763,-1.3837093672062,-26.3635198872672));
#8940=CARTESIAN_POINT('Ctrl Pts',(-0.842035449737231,-1.24694264722136,
-26.4429046754042));
#8941=CARTESIAN_POINT('Ctrl Pts',(-1.50429966807607,0.031180088063632,-26.5222894635411));
#8942=CARTESIAN_POINT('Ctrl Pts',(-0.789642886621866,1.28076298662782,-26.6016742516782));
#8943=CARTESIAN_POINT('Ctrl Pts',(0.647792642125117,1.35803323322439,-26.681059039815));
#8944=CARTESIAN_POINT('Ctrl Pts',(1.49228832032722,0.192263733326696,-26.7604438279521));
#8945=CARTESIAN_POINT('Ctrl Pts',(0.970857199362446,-1.14948953026893,-26.839828616089));
#8946=CARTESIAN_POINT('Ctrl Pts',(-0.439222274158737,-1.43908745970088,
-26.919213404226));
#8947=CARTESIAN_POINT('Ctrl Pts',(-1.44727152769293,-0.411455508218938,
-26.9985981923629));
#8948=CARTESIAN_POINT('Ctrl Pts',(-1.13059843908612,0.99279296365461,-27.0779829805));
#8949=CARTESIAN_POINT('Ctrl Pts',(0.220937025311976,1.48831159880846,-27.1573677686369));
#8950=CARTESIAN_POINT('Ctrl Pts',(1.37024562531062,0.621549214057978,-27.236752556774));
#8951=CARTESIAN_POINT('Ctrl Pts',(1.26533225089243,-0.814142681133746,-27.3161373449108));
#8952=CARTESIAN_POINT('Ctrl Pts',(0.00223765164021602,-1.50460996735876,
-27.3955221330479));
#8953=CARTESIAN_POINT('Ctrl Pts',(-1.26291888547923,-0.817911363131644,
-27.4749069211848));
#8954=CARTESIAN_POINT('Ctrl Pts',(-1.37206982375551,0.617515115108214,-27.5542917093218));
#8955=CARTESIAN_POINT('Ctrl Pts',(-0.22538251299277,1.48757431957387,-27.6336764974588));
#8956=CARTESIAN_POINT('Ctrl Pts',(1.12769701639313,0.996289681929188,-27.7130612855957));
#8957=CARTESIAN_POINT('Ctrl Pts',(1.44838973671167,-0.407431755682429,-27.7924460737327));
#8958=CARTESIAN_POINT('Ctrl Pts',(0.443677744129295,-1.43725156685439,-27.8718308618697));
#8959=CARTESIAN_POINT('Ctrl Pts',(-0.967793372997098,-1.15338305127077,
-27.9512156500067));
#8960=CARTESIAN_POINT('Ctrl Pts',(-1.49215445779264,0.189911600201764,-28.0306004381437));
#8961=CARTESIAN_POINT('Ctrl Pts',(-0.933002076721176,0.96396265198461,-28.083523630235));
#8962=CARTESIAN_POINT('Ctrl Pts',(-0.551480035117415,1.14734422509851,-28.1099852262806));
#8963=CARTESIAN_POINT('Ctrl Pts',(-0.684664424539316,-0.9582951989185,-3.));
#8964=CARTESIAN_POINT('Ctrl Pts',(-1.00332270751371,-0.730626323833275,
-3.02646159604566));
#8965=CARTESIAN_POINT('Ctrl Pts',(-1.39018866051692,0.0636011456353866,
-3.07938478813697));
#8966=CARTESIAN_POINT('Ctrl Pts',(-0.699158819927649,1.20480233615829,-3.15876957627395));
#8967=CARTESIAN_POINT('Ctrl Pts',(0.632393334934818,1.23963948763959,-3.23815436441092));
#8968=CARTESIAN_POINT('Ctrl Pts',(1.38480347067175,0.141605660137371,-3.3175391525479));
#8969=CARTESIAN_POINT('Ctrl Pts',(0.869826924753762,-1.08698107979925,-3.39692394068487));
#8970=CARTESIAN_POINT('Ctrl Pts',(-0.441405196467395,-1.32013571867805,
-3.47630872882185));
#8971=CARTESIAN_POINT('Ctrl Pts',(-1.3485653044545,-0.345198247006614,-3.55569351695883));
#8972=CARTESIAN_POINT('Ctrl Pts',(-1.02137462494755,0.945843824915876,-3.63507830509579));
#8973=CARTESIAN_POINT('Ctrl Pts',(0.240716391109078,1.37106085244762,-3.71446309323277));
#8974=CARTESIAN_POINT('Ctrl Pts',(1.28246767513003,0.541351366126544,-3.79384788136975));
#8975=CARTESIAN_POINT('Ctrl Pts',(1.1503493669972,-0.783889726614517,-3.87323266950672));
#8976=CARTESIAN_POINT('Ctrl Pts',(-0.0347126224338698,-1.39160756139187,
-3.9526174576437));
#8977=CARTESIAN_POINT('Ctrl Pts',(-1.18800040407488,-0.725559677084334,
-4.03200224578067));
#8978=CARTESIAN_POINT('Ctrl Pts',(-1.25388386602965,0.604613011604308,-4.11138703391764));
#8979=CARTESIAN_POINT('Ctrl Pts',(-0.172057577011757,1.38136761030734,-4.19077182205462));
#8980=CARTESIAN_POINT('Ctrl Pts',(1.06725693776735,0.89372464116746,-4.2701566101916));
#8981=CARTESIAN_POINT('Ctrl Pts',(1.32968606107601,-0.411966008683013,-4.34954139832856));
#8982=CARTESIAN_POINT('Ctrl Pts',(0.375022114413347,-1.34057422475245,-4.42892618646554));
#8983=CARTESIAN_POINT('Ctrl Pts',(-0.922908404442313,-1.0421233328357,-4.50831097460252));
#8984=CARTESIAN_POINT('Ctrl Pts',(-1.37607909029454,0.210207701898773,-4.58769576273949));
#8985=CARTESIAN_POINT('Ctrl Pts',(-0.569692103627869,1.27013063351155,-4.66708055087646));
#8986=CARTESIAN_POINT('Ctrl Pts',(0.758147507443981,1.16747303815096,-4.74646533901345));
#8987=CARTESIAN_POINT('Ctrl Pts',(1.39203681405472,-0.00380019064397318,
-4.82585012715041));
#8988=CARTESIAN_POINT('Ctrl Pts',(0.751761971652138,-1.17159501049327,-4.90523491528739));
#8989=CARTESIAN_POINT('Ctrl Pts',(-0.576618344696854,-1.26700126990038,
-4.98461970342436));
#8990=CARTESIAN_POINT('Ctrl Pts',(-1.37720628207275,-0.202691364196404,
-5.06400449156134));
#8991=CARTESIAN_POINT('Ctrl Pts',(-0.917204807043039,1.04714673001256,-5.14338927969831));
#8992=CARTESIAN_POINT('Ctrl Pts',(0.382335874004908,1.33850670976214,-5.22277406783529));
#8993=CARTESIAN_POINT('Ctrl Pts',(1.33191550641529,0.404699908882326,-5.30215885597226));
#8994=CARTESIAN_POINT('Ctrl Pts',(1.062361442349,-0.899538269484243,-5.38154364410924));
#8995=CARTESIAN_POINT('Ctrl Pts',(-0.179597121805304,-1.38040784058562,
-5.46092843224621));
#8996=CARTESIAN_POINT('Ctrl Pts',(-1.2571662018526,-0.597757537305565,-5.54031322038318));
#8997=CARTESIAN_POINT('Ctrl Pts',(-1.18402138800057,0.732034347037375,-5.61969800852017));
#8998=CARTESIAN_POINT('Ctrl Pts',(-0.0271138546021067,1.39177791740681,
-5.69908279665713));
#8999=CARTESIAN_POINT('Ctrl Pts',(1.15461162980604,0.777594313768621,-5.77846758479412));
#9000=CARTESIAN_POINT('Ctrl Pts',(1.27949384041695,-0.548339716620963,-5.85785237293108));
#9001=CARTESIAN_POINT('Ctrl Pts',(0.233225142617104,-1.37236546347578,-5.93723716106806));
#9002=CARTESIAN_POINT('Ctrl Pts',(-1.02652003237423,-0.94023271354683,-6.01662194920503));
#9003=CARTESIAN_POINT('Ctrl Pts',(-1.34666719568197,0.352517228746883,-6.09600673734201));
#9004=CARTESIAN_POINT('Ctrl Pts',(-0.43417809320184,1.3225998321008,-6.17539152547898));
#9005=CARTESIAN_POINT('Ctrl Pts',(0.875724464664508,1.08207559554654,-6.25477631361596));
#9006=CARTESIAN_POINT('Ctrl Pts',(1.38405575277365,-0.148897970783791,-6.33416110175293));
#9007=CARTESIAN_POINT('Ctrl Pts',(0.625528146412433,-1.24358171043772,-6.41354588988991));
#9008=CARTESIAN_POINT('Ctrl Pts',(-0.705560134933203,-1.1999857617832,-6.49293067802689));
#9009=CARTESIAN_POINT('Ctrl Pts',(-1.3908325734325,-0.0580145254957024,
-6.57231546616385));
#9010=CARTESIAN_POINT('Ctrl Pts',(-0.803043133578241,1.13705877513091,-6.65170025430084));
#9011=CARTESIAN_POINT('Ctrl Pts',(0.51979063839789,1.29135534409522,-6.7310850424378));
#9012=CARTESIAN_POINT('Ctrl Pts',(1.36684777189891,0.263643890398315,-6.81046983057478));
#9013=CARTESIAN_POINT('Ctrl Pts',(0.962796881935559,-1.00538703822187,-6.88985461871175));
#9014=CARTESIAN_POINT('Ctrl Pts',(-0.322524716237383,-1.3541634834485,-6.96923940684874));
#9015=CARTESIAN_POINT('Ctrl Pts',(-1.31263182999881,-0.463442133780836,
-7.0486241949857));
#9016=CARTESIAN_POINT('Ctrl Pts',(-1.1012560514227,0.851478738251432,-7.12800898312268));
#9017=CARTESIAN_POINT('Ctrl Pts',(0.118125380855077,1.38702102611576,-7.20739377125965));
#9018=CARTESIAN_POINT('Ctrl Pts',(1.22938386425666,0.652990234838727,-7.28677855939663));
#9019=CARTESIAN_POINT('Ctrl Pts',(1.21535828303097,-0.678737929069382,-7.36616334753359));
#9020=CARTESIAN_POINT('Ctrl Pts',(0.0888865826800332,-1.38920124816703,
-7.44554813567058));
#9021=CARTESIAN_POINT('Ctrl Pts',(-1.11894510453676,-0.828095879426171,
-7.52493292380754));
#9022=CARTESIAN_POINT('Ctrl Pts',(-1.30257993027185,0.490985190960339,-7.60431771194453));
#9023=CARTESIAN_POINT('Ctrl Pts',(-0.293932604716066,1.36065592872489,-7.68370250008149));
#9024=CARTESIAN_POINT('Ctrl Pts',(0.983758170796951,0.984886183210832,-7.76308728821848));
#9025=CARTESIAN_POINT('Ctrl Pts',(1.36099187571548,-0.292373129281427,-7.84247207635545));
#9026=CARTESIAN_POINT('Ctrl Pts',(0.492477597146506,-1.30201641648567,-7.92185686449243));
#9027=CARTESIAN_POINT('Ctrl Pts',(-0.826813048647672,-1.11989334986654,
-8.00124165262939));
#9028=CARTESIAN_POINT('Ctrl Pts',(-1.38930219808279,0.087294529563383,-8.08062644076637));
#9029=CARTESIAN_POINT('Ctrl Pts',(-0.680130257839069,1.21457966591786,-8.16001122890335));
#9030=CARTESIAN_POINT('Ctrl Pts',(0.651580958597208,1.23013136976622,-8.23939601704032));
#9031=CARTESIAN_POINT('Ctrl Pts',(1.38688474620544,0.119714799553146,-8.3187808051773));
#9032=CARTESIAN_POINT('Ctrl Pts',(0.852740194890451,-1.10027955198103,-8.39816559331427));
#9033=CARTESIAN_POINT('Ctrl Pts',(-0.461937581624774,-1.31316206279805,
-8.47755038145125));
#9034=CARTESIAN_POINT('Ctrl Pts',(-1.35379298787152,-0.324076346682798,
-8.55693516958822));
#9035=CARTESIAN_POINT('Ctrl Pts',(-1.00648972256935,0.961644097809396,-8.63631995772519));
#9036=CARTESIAN_POINT('Ctrl Pts',(0.262077339133167,1.36714900460859,-8.71570474586218));
#9037=CARTESIAN_POINT('Ctrl Pts',(1.29075882725628,0.521270162535095,-8.79508953399913));
#9038=CARTESIAN_POINT('Ctrl Pts',(1.13797829865875,-0.801739561373326,-8.87447432213613));
#9039=CARTESIAN_POINT('Ctrl Pts',(-0.0564206231870244,-1.39089814356356,
-8.95385911027308));
#9040=CARTESIAN_POINT('Ctrl Pts',(-1.1991764170932,-0.706934829511814,-9.03324389841009));
#9041=CARTESIAN_POINT('Ctrl Pts',(-1.24429773566182,0.624102617777107,-9.11262868654702));
#9042=CARTESIAN_POINT('Ctrl Pts',(-0.150483971136066,1.38388421008424,-9.19201347468404));
#9043=CARTESIAN_POINT('Ctrl Pts',(1.08107132361843,0.876963924993072,-9.27139826282097));
#9044=CARTESIAN_POINT('Ctrl Pts',(1.3230965223936,-0.432662137145509,-9.35078305095799));
#9045=CARTESIAN_POINT('Ctrl Pts',(0.354060248913713,-1.34626233425307,-9.43016783909492));
#9046=CARTESIAN_POINT('Ctrl Pts',(-0.939055726280394,-1.02759684479341,
-9.50955262723194));
#9047=CARTESIAN_POINT('Ctrl Pts',(-1.37263183333148,0.231652288170036,-9.58893741536887));
#9048=CARTESIAN_POINT('Ctrl Pts',(-0.549805628984118,1.27886461473713,-9.66832220350588));
#9049=CARTESIAN_POINT('Ctrl Pts',(0.776270643080942,1.15550197800785,-9.74770699164282));
#9050=CARTESIAN_POINT('Ctrl Pts',(1.39180807541174,-0.0255188892397874,
-9.82709177977983));
#9051=CARTESIAN_POINT('Ctrl Pts',(0.733390729405367,-1.18318171491603,-9.90647656791677));
#9052=CARTESIAN_POINT('Ctrl Pts',(-0.596316459374589,-1.25785039363524,
-9.98586135605377));
#9053=CARTESIAN_POINT('Ctrl Pts',(-1.38020111971677,-0.181178921571913,
-10.0652461441907));
#9054=CARTESIAN_POINT('Ctrl Pts',(-0.90075512219555,1.06132989326026,-10.1446309323277));
#9055=CARTESIAN_POINT('Ctrl Pts',(0.403173296648895,1.33237840922113,-10.2240157204647));
#9056=CARTESIAN_POINT('Ctrl Pts',(1.33806768211064,0.38386952285956,-10.3034005086017));
#9057=CARTESIAN_POINT('Ctrl Pts',(1.04819713950635,-0.916004197162911,-10.3827852967386));
#9058=CARTESIAN_POINT('Ctrl Pts',(-0.201112982523019,-1.3774376576637,-10.4621700848756));
#9059=CARTESIAN_POINT('Ctrl Pts',(-1.26633964534768,-0.578069922336458,
-10.5415548730126));
#9060=CARTESIAN_POINT('Ctrl Pts',(-1.17245574494959,0.750418855456115,-10.6209396611495));
#9061=CARTESIAN_POINT('Ctrl Pts',(-0.00539543103951506,1.39203154483412,
-10.7003244492865));
#9062=CARTESIAN_POINT('Ctrl Pts',(1.16660344823414,0.759484909038735,-10.7797092374235));
#9063=CARTESIAN_POINT('Ctrl Pts',(1.27078265929468,-0.568236187975836,-10.8590940255605));
#9064=CARTESIAN_POINT('Ctrl Pts',(0.211784511610873,-1.37583729166319,-10.9384788136975));
#9065=CARTESIAN_POINT('Ctrl Pts',(-1.0410649977017,-0.924102052291702,-11.0178636018344));
#9066=CARTESIAN_POINT('Ctrl Pts',(-1.34100314530278,0.373485604511648,-11.0972483899714));
#9067=CARTESIAN_POINT('Ctrl Pts',(-0.41348946610061,1.32921307318022,-11.1766331781084));
#9068=CARTESIAN_POINT('Ctrl Pts',(0.892500879846803,1.06828044630708,-11.2560179662454));
#9069=CARTESIAN_POINT('Ctrl Pts',(1.38156410729435,-0.17047448467538,-11.3354027543823));
#9070=CARTESIAN_POINT('Ctrl Pts',(0.606049102182006,-1.25319009660696,-11.4147875425193));
#9071=CARTESIAN_POINT('Ctrl Pts',(-0.724196949021815,-1.18883123760981,
-11.4941723306563));
#9072=CARTESIAN_POINT('Ctrl Pts',(-1.39156844161193,-0.0363070902042919,
-11.5735571187933));
#9073=CARTESIAN_POINT('Ctrl Pts',(-0.785204498337244,1.14944979371886,-11.6529419069302));
#9074=CARTESIAN_POINT('Ctrl Pts',(0.539875653228341,1.28308815423596,-11.7323266950672));
#9075=CARTESIAN_POINT('Ctrl Pts',(1.37079487823465,0.242285646077142,-11.8117114832042));
#9076=CARTESIAN_POINT('Ctrl Pts',(0.94699320019509,-1.0202866319195,-11.8910962713412));
#9077=CARTESIAN_POINT('Ctrl Pts',(-0.343613703187366,-1.34896647677814,
-11.9704810594781));
#9078=CARTESIAN_POINT('Ctrl Pts',(-1.31970287469923,-0.442905469598137,
-12.0498658476151));
#9079=CARTESIAN_POINT('Ctrl Pts',(-1.08783685978138,0.868557366551209,-12.1292506357521));
#9080=CARTESIAN_POINT('Ctrl Pts',(0.139751906033588,1.38500914699122,-12.2086354238891));
#9081=CARTESIAN_POINT('Ctrl Pts',(1.2394224540867,0.633729368733264,-12.288020212026));
#9082=CARTESIAN_POINT('Ctrl Pts',(1.20462037932865,-0.697617856849639,-12.367405000163));
#9083=CARTESIAN_POINT('Ctrl Pts',(0.0672008421204776,-1.39041899415524,
-12.4467897883));
#9084=CARTESIAN_POINT('Ctrl Pts',(-1.13172921183213,-0.810536811980304,
-12.526174576437));
#9085=CARTESIAN_POINT('Ctrl Pts',(-1.29476080918843,0.51124884301003,-12.6055593645739));
#9086=CARTESIAN_POINT('Ctrl Pts',(-0.272667281314124,1.36507636643161,-12.6849441527109));
#9087=CARTESIAN_POINT('Ctrl Pts',(0.99900504414229,0.96941727561852,-12.7643289408479));
#9088=CARTESIAN_POINT('Ctrl Pts',(1.35626447600236,-0.313572325984626,-12.8437137289849));
#9089=CARTESIAN_POINT('Ctrl Pts',(0.472103024899797,-1.30954177725257,-12.9230985171218));
#9090=CARTESIAN_POINT('Ctrl Pts',(-0.844185466607087,-1.1068567343874,-13.0024833052588));
#9091=CARTESIAN_POINT('Ctrl Pts',(-1.38777107760459,0.108960399474122,-13.0818680933958));
#9092=CARTESIAN_POINT('Ctrl Pts',(-0.661097069631654,1.22504350821259,-13.1612528815327));
#9093=CARTESIAN_POINT('Ctrl Pts',(0.670694688181033,1.21981538264407,-13.2406376696697));
#9094=CARTESIAN_POINT('Ctrl Pts',(1.38858376939025,0.0980614494861309,-13.3200224578067));
#9095=CARTESIAN_POINT('Ctrl Pts',(0.835469355657969,-1.11345044265375,-13.3994072459437));
#9096=CARTESIAN_POINT('Ctrl Pts',(-0.48236987653026,-1.30579486700843,-13.4787920340806));
#9097=CARTESIAN_POINT('Ctrl Pts',(-1.35868457671729,-0.302914432604171,
-13.5581768222176));
#9098=CARTESIAN_POINT('Ctrl Pts',(-0.991363218642529,0.977230730796011,
-13.6375616103546));
#9099=CARTESIAN_POINT('Ctrl Pts',(0.283376289800247,1.36289354348328,-13.7169463984916));
#9100=CARTESIAN_POINT('Ctrl Pts',(1.29873479245909,0.501067731295486,-13.7963311866285));
#9101=CARTESIAN_POINT('Ctrl Pts',(1.12533068921301,-0.819397200632731,-13.8757159747655));
#9102=CARTESIAN_POINT('Ctrl Pts',(-0.0781151518698631,-1.38984853690527,
-13.9551007629025));
#9103=CARTESIAN_POINT('Ctrl Pts',(-1.21006035091506,-0.688138706681059,
-14.0344855510395));
#9104=CARTESIAN_POINT('Ctrl Pts',(-1.23440875313283,0.643440721961564,-14.1138703391764));
#9105=CARTESIAN_POINT('Ctrl Pts',(-0.128873691346711,1.38606367247975,-14.1932551273134));
#9106=CARTESIAN_POINT('Ctrl Pts',(1.09462250157059,0.859989832233318,-14.2726399154504));
#9107=CARTESIAN_POINT('Ctrl Pts',(1.3161848855188,-0.453252997365959,-14.3520247035874));
#9108=CARTESIAN_POINT('Ctrl Pts',(0.333012181559295,-1.35162266162657,-14.4314094917243));
#9109=CARTESIAN_POINT('Ctrl Pts',(-0.954974431326881,-1.01282020517033,
-14.5107942798613));
#9110=CARTESIAN_POINT('Ctrl Pts',(-1.36885040965677,0.253040487811418,-14.5901790679983));
#9111=CARTESIAN_POINT('Ctrl Pts',(-0.529785302919932,1.28728725049983,-14.6695638561353));
#9112=CARTESIAN_POINT('Ctrl Pts',(0.794204794604882,1.1432496126026,-14.7489486442722));
#9113=CARTESIAN_POINT('Ctrl Pts',(1.39124050025647,-0.0472313765996152,
-14.8283334324092));
#9114=CARTESIAN_POINT('Ctrl Pts',(0.714840942505382,-1.19448037213149,-14.9077182205462));
#9115=CARTESIAN_POINT('Ctrl Pts',(-0.615869400291538,-1.24839329310675,
-14.9871030086832));
#9116=CARTESIAN_POINT('Ctrl Pts',(-1.38285994637658,-0.159622370602415,
-15.0664877968201));
#9117=CARTESIAN_POINT('Ctrl Pts',(-0.884086147807737,1.07525467483004,-15.1458725849571));
#9118=CARTESIAN_POINT('Ctrl Pts',(0.423912566436481,1.3259257401931,-15.2252573730941));
#9119=CARTESIAN_POINT('Ctrl Pts',(1.34389410421104,0.362945683479183,-15.304642161231));
#9120=CARTESIAN_POINT('Ctrl Pts',(1.0337776522665,-0.932247122904503,-15.384026949368));
#9121=CARTESIAN_POINT('Ctrl Pts',(-0.222579882130074,-1.37413213649938,
-15.463411737505));
#9122=CARTESIAN_POINT('Ctrl Pts',(-1.27520479748904,-0.558241575798787,
-15.542796525642));
#9123=CARTESIAN_POINT('Ctrl Pts',(-1.16060466665113,0.768620673828764,-15.622181313779));
#9124=CARTESIAN_POINT('Ctrl Pts',(0.0163243060446769,1.39194628111919,-15.7015661019159));
#9125=CARTESIAN_POINT('Ctrl Pts',(1.17831125616133,0.741190607126726,-15.7809508900529));
#9126=CARTESIAN_POINT('Ctrl Pts',(1.2617621051628,-0.587994321796144,-15.8603356781899));
#9127=CARTESIAN_POINT('Ctrl Pts',(0.190292321503488,-1.37897417121068,-15.9397204663268));
#9128=CARTESIAN_POINT('Ctrl Pts',(-1.05535651495987,-0.907746417685644,
-16.0191052544638));
#9129=CARTESIAN_POINT('Ctrl Pts',(-1.33501262668303,0.394363054920496,-16.0984900426008));
#9130=CARTESIAN_POINT('Ctrl Pts',(-0.392700174672888,1.33550271632119,-16.1778748307378));
#9131=CARTESIAN_POINT('Ctrl Pts',(0.909060015007826,1.05422522337655,-16.2572596188747));
#9132=CARTESIAN_POINT('Ctrl Pts',(1.3787361189773,-0.192009496423377,-16.3366444070117));
#9133=CARTESIAN_POINT('Ctrl Pts',(0.586422514834516,-1.26249339268945,-16.4160291951487));
#9134=CARTESIAN_POINT('Ctrl Pts',(-0.74265745680972,-1.1773872915631,-16.4954139832857));
#9135=CARTESIAN_POINT('Ctrl Pts',(-1.39196553139079,-0.0145908159240473,
-16.5747987714226));
#9136=CARTESIAN_POINT('Ctrl Pts',(-0.767174704461074,1.16156097787607,-16.6541835595597));
#9137=CARTESIAN_POINT('Ctrl Pts',(0.559829234918403,1.274508595585,-16.7335683476966));
#9138=CARTESIAN_POINT('Ctrl Pts',(1.37440826350969,0.220868417130301,-16.8129531358336));
#9139=CARTESIAN_POINT('Ctrl Pts',(0.93095897223634,-1.03493783605684,-16.8923379239705));
#9140=CARTESIAN_POINT('Ctrl Pts',(-0.364619037118694,-1.34344106318812,
-16.9717227121075));
#9141=CARTESIAN_POINT('Ctrl Pts',(-1.32645263672626,-0.422260979740401,
-17.0511075002445));
#9142=CARTESIAN_POINT('Ctrl Pts',(-1.0741528334252,0.885424543896304,-17.1304922883815));
#9143=CARTESIAN_POINT('Ctrl Pts',(0.161344408503755,1.3826600863314,-17.2098770765185));
#9144=CARTESIAN_POINT('Ctrl Pts',(1.2491593055731,0.614314220728686,-17.2892618646554));
#9145=CARTESIAN_POINT('Ctrl Pts',(1.19358920987437,-0.716327949029511,-17.3686466527924));
#9146=CARTESIAN_POINT('Ctrl Pts',(0.0454987414645672,-1.39129824157673,
-17.4480314409294));
#9147=CARTESIAN_POINT('Ctrl Pts',(-1.14423779878599,-0.792780418728147,
-17.5274162290664));
#9148=CARTESIAN_POINT('Ctrl Pts',(-1.28662647759654,0.531388031138174,-17.6068010172033));
#9149=CARTESIAN_POINT('Ctrl Pts',(-0.251335576854184,1.3691644752537,-17.6861858053403));
#9150=CARTESIAN_POINT('Ctrl Pts',(1.01400870894616,0.953712362649621,-17.7655705934773));
#9151=CARTESIAN_POINT('Ctrl Pts',(1.35120689266607,-0.334695183265403,-17.8449553816142));
#9152=CARTESIAN_POINT('Ctrl Pts',(0.451613518810907,-1.31674832907302,-17.9243401697512));
#9153=CARTESIAN_POINT('Ctrl Pts',(-0.861352366969526,-1.09355065379038,
-18.0037249578882));
#9154=CARTESIAN_POINT('Ctrl Pts',(-1.38590210319698,0.130599742892347,-18.0831097460252));
#9155=CARTESIAN_POINT('Ctrl Pts',(-0.64190293683741,1.23520911272904,-18.1624945341622));
#9156=CARTESIAN_POINT('Ctrl Pts',(0.68964513663047,1.20920243053482,-18.2418793222991));
#9157=CARTESIAN_POINT('Ctrl Pts',(1.38994474079523,0.0763842262842636,-18.3212641104361));
#9158=CARTESIAN_POINT('Ctrl Pts',(0.817995120772331,-1.12635026296531,-18.4006488985731));
#9159=CARTESIAN_POINT('Ctrl Pts',(-0.502684738120678,-1.29810977446051,
-18.48003368671));
#9160=CARTESIAN_POINT('Ctrl Pts',(-1.36324539276454,-0.281678773775418,
-18.559418474847));
#9161=CARTESIAN_POINT('Ctrl Pts',(-0.975995366582495,0.992579456214401,
-18.638803262984));
#9162=CARTESIAN_POINT('Ctrl Pts',(0.304606252293019,1.35830628488326,-18.718188051121));
#9163=CARTESIAN_POINT('Ctrl Pts',(1.30639457968417,0.480743314733759,-18.7975728392579));
#9164=CARTESIAN_POINT('Ctrl Pts',(1.11240911715095,-0.836855357017453,-18.8769576273949));
#9165=CARTESIAN_POINT('Ctrl Pts',(-0.099790663359291,-1.38846057055851,
-18.9563424155319));
#9166=CARTESIAN_POINT('Ctrl Pts',(-1.22064969461976,-0.669175055956266,
-19.0357272036689));
#9167=CARTESIAN_POINT('Ctrl Pts',(-1.22421925284953,0.66262218001054,-19.1151119918058));
#9168=CARTESIAN_POINT('Ctrl Pts',(-0.1072320371587,1.38790569661492,-19.1944967799428));
#9169=CARTESIAN_POINT('Ctrl Pts',(1.10790719283823,0.842806374291688,-19.2738815680798));
#9170=CARTESIAN_POINT('Ctrl Pts',(1.30895282242775,-0.47373351279785,-19.3532663562167));
#9171=CARTESIAN_POINT('Ctrl Pts',(0.311883042134744,-1.35665393543016,-19.4326511443537));
#9172=CARTESIAN_POINT('Ctrl Pts',(-0.970660647118254,-0.997796993694272,
-19.5120359324907));
#9173=CARTESIAN_POINT('Ctrl Pts',(-1.36473573830373,0.274367084552684,-19.5914207206277));
#9174=CARTESIAN_POINT('Ctrl Pts',(-0.509636000218858,1.29539649519763,-19.6708055087647));
#9175=CARTESIAN_POINT('Ctrl Pts',(0.811945596364631,1.13071892220544,-19.7501902969016));
#9176=CARTESIAN_POINT('Ctrl Pts',(1.3903342265382,-0.068932365444727,-19.8295750850386));
#9177=CARTESIAN_POINT('Ctrl Pts',(0.696117127031631,-1.20548823218752,-19.9089598731756));
#9178=CARTESIAN_POINT('Ctrl Pts',(-0.635272407332331,-1.23863227027699,
-19.9883446613126));
#9179=CARTESIAN_POINT('Ctrl Pts',(-1.38518211472564,-0.138026959444794,
-20.0677294494495));
#9180=CARTESIAN_POINT('Ctrl Pts',(-0.867201941971587,1.0889176848275,-20.1471142375865));
#9181=CARTESIAN_POINT('Ctrl Pts',(0.444548634385811,1.3191502735303,-20.2264990257235));
#9182=CARTESIAN_POINT('Ctrl Pts',(1.34939335426474,0.34193348469479,-20.3058838138605));
#9183=CARTESIAN_POINT('Ctrl Pts',(1.01910649106715,-0.948263092371616,-20.3852686019974));
#9184=CARTESIAN_POINT('Ctrl Pts',(-0.243992594494758,-1.37049208181626,
-20.4646533901344));
#9185=CARTESIAN_POINT('Ctrl Pts',(-1.28375950004792,-0.538277324922844,
-20.5440381782714));
#9186=CARTESIAN_POINT('Ctrl Pts',(-1.1484710382596,0.78663537091101,-20.6234229664084));
#9187=CARTESIAN_POINT('Ctrl Pts',(0.038040068964114,1.39152214701835,-20.7028077545453));
#9188=CARTESIAN_POINT('Ctrl Pts',(1.18973220331271,0.722715861794966,-20.7821925426823));
#9189=CARTESIAN_POINT('Ctrl Pts',(1.25243437408215,-0.607609307949471,-20.8615773308193));
#9190=CARTESIAN_POINT('Ctrl Pts',(0.168753804584989,-1.38177533844235,-20.9409621189563));
#9191=CARTESIAN_POINT('Ctrl Pts',(-1.06939110486796,-0.891169791520473,
-21.0203469070932));
#9192=CARTESIAN_POINT('Ctrl Pts',(-1.32869709821909,0.415144497342264,-21.0997316952302));
#9193=CARTESIAN_POINT('Ctrl Pts',(-0.371815280087513,1.34146723030524,-21.1791164833672));
#9194=CARTESIAN_POINT('Ctrl Pts',(0.92539783881347,1.03991334850973,-21.2585012715042));
#9195=CARTESIAN_POINT('Ctrl Pts',(1.37557247629844,-0.213497763312743,-21.3378860596411));
#9196=CARTESIAN_POINT('Ctrl Pts',(0.566653162477603,-1.27148933379069,-21.4172708477781));
#9197=CARTESIAN_POINT('Ctrl Pts',(-0.760937164072234,-1.16565670968045,
-21.4966556359151));
#9198=CARTESIAN_POINT('Ctrl Pts',(-1.39202374609726,0.00712901050151429,
-21.576040424052));
#9199=CARTESIAN_POINT('Ctrl Pts',(-0.748958141316787,1.17338937912556,-21.655425212189));
#9200=CARTESIAN_POINT('Ctrl Pts',(0.579646525753419,1.26561875684242,-21.734810000326));
#9201=CARTESIAN_POINT('Ctrl Pts',(1.37768704804263,0.199397417598499,-21.814194788463));
#9202=CARTESIAN_POINT('Ctrl Pts',(0.914698101604335,-1.04933708378709,-21.8935795765999));
#9203=CARTESIAN_POINT('Ctrl Pts',(-0.385535604266803,-1.33758858784456,
-21.9729643647369));
#9204=CARTESIAN_POINT('Ctrl Pts',(-1.33287947284517,-0.401513690124437,
-22.0523491528739));
#9205=CARTESIAN_POINT('Ctrl Pts',(-1.06020730374083,0.902076163959547,-22.1317339410109));
#9206=CARTESIAN_POINT('Ctrl Pts',(0.182897631554383,1.3799744160169,-22.2111187291478));
#9207=CARTESIAN_POINT('Ctrl Pts',(1.25859204827192,0.594749517457593,-22.2905035172848));
#9208=CARTESIAN_POINT('Ctrl Pts',(1.18226746021481,-0.734863650622775,-22.3698883054218));
#9209=CARTESIAN_POINT('Ctrl Pts',(0.0237855641052174,-1.39183877637807,
-22.4492730935588));
#9210=CARTESIAN_POINT('Ctrl Pts',(-1.15646782017331,-0.774831022477125,
-22.5286578816957));
#9211=CARTESIAN_POINT('Ctrl Pts',(-1.27817891580538,0.551397852444079,-22.6080426698328));
#9212=CARTESIAN_POINT('Ctrl Pts',(-0.229942684555941,1.37291925993795,-22.6874274579697));
#9213=CARTESIAN_POINT('Ctrl Pts',(1.02876551255492,0.93777526767716,-22.7668122461067));
#9214=CARTESIAN_POINT('Ctrl Pts',(1.34582035697914,-0.35573655874804,-22.8461970342436));
#9215=CARTESIAN_POINT('Ctrl Pts',(0.43101406706571,-1.32363431750649,-22.9255818223806));
#9216=CARTESIAN_POINT('Ctrl Pts',(-0.878309570439984,-1.07997834745097,
-23.0049666105176));
#9217=CARTESIAN_POINT('Ctrl Pts',(-1.38369572986321,0.152207291703396,-23.0843513986546));
#9218=CARTESIAN_POINT('Ctrl Pts',(-0.62255253228261,1.24507400464304,-23.1637361867916));
#9219=CARTESIAN_POINT('Ctrl Pts',(0.708427690444357,1.19829509716974,-23.2431209749285));
#9220=CARTESIAN_POINT('Ctrl Pts',(1.39096732909085,0.0546884072841248,-23.3225057630655));
#9221=CARTESIAN_POINT('Ctrl Pts',(0.800321744349404,-1.13897587244459,-23.4018905512025));
#9222=CARTESIAN_POINT('Ctrl Pts',(-0.522877220727505,-1.29010865609593,
-23.4812753393394));
#9223=CARTESIAN_POINT('Ctrl Pts',(-1.3674743256791,-0.260374540033867,-23.5606601274764));
#9224=CARTESIAN_POINT('Ctrl Pts',(-0.960389907704559,1.00768653740565,-23.6400449156134));
#9225=CARTESIAN_POINT('Ctrl Pts',(0.325762058160911,1.35338834558013,-23.7194297037504));
#9226=CARTESIAN_POINT('Ctrl Pts',(1.31373632415046,0.460301860844631,-23.7988144918874));
#9227=CARTESIAN_POINT('Ctrl Pts',(1.09921672823918,-0.854109780326014,-23.8781992800243));
#9228=CARTESIAN_POINT('Ctrl Pts',(-0.12144188073553,-1.38673458242476,-23.9575840681613));
#9229=CARTESIAN_POINT('Ctrl Pts',(-1.23094187022346,-0.65004849405265,-24.0369688562982));
#9230=CARTESIAN_POINT('Ctrl Pts',(-1.21373171545351,0.681642322183434,-24.1163536444352));
#9231=CARTESIAN_POINT('Ctrl Pts',(-0.0855642772492666,1.38940983404759,
-24.1957384325722));
#9232=CARTESIAN_POINT('Ctrl Pts',(1.1209221632531,0.825417734494114,-24.2751232207092));
#9233=CARTESIAN_POINT('Ctrl Pts',(1.30140209377175,-0.494098697444051,-24.3545080088462));
#9234=CARTESIAN_POINT('Ctrl Pts',(0.290677974545189,-1.3613549307964,-24.4338927969831));
#9235=CARTESIAN_POINT('Ctrl Pts',(-0.986110554833341,-0.982530867777514,
-24.5132775851201));
#9236=CARTESIAN_POINT('Ctrl Pts',(-1.36028882099222,0.295626886417589,-24.5926623732571));
#9237=CARTESIAN_POINT('Ctrl Pts',(-0.489362626244022,1.3031903746287,-24.6720471613941));
#9238=CARTESIAN_POINT('Ctrl Pts',(0.829488729348464,1.11791295742255,-24.751431949531));
#9239=CARTESIAN_POINT('Ctrl Pts',(1.38908947488995,-0.0906165726528372,
-24.830816737668));
#9240=CARTESIAN_POINT('Ctrl Pts',(0.677223841311277,-1.21620261521219,-24.910201525805));
#9241=CARTESIAN_POINT('Ctrl Pts',(-0.654520756820139,-1.22856970147445,
-24.989586313942));
#9242=CARTESIAN_POINT('Ctrl Pts',(-1.38716705943027,-0.116397945518313,
-25.0689711020789));
#9243=CARTESIAN_POINT('Ctrl Pts',(-0.850106615159927,1.10231559698235,-25.1483558902159));
#9244=CARTESIAN_POINT('Ctrl Pts',(0.465076476630452,1.31205365872545,-25.2277406783529));
#9245=CARTESIAN_POINT('Ctrl Pts',(1.35456409347502,0.320838041941886,-25.3071254664899));
#9246=CARTESIAN_POINT('Ctrl Pts',(1.0041872276139,-0.964048206463648,-25.3865102546268));
#9247=CARTESIAN_POINT('Ctrl Pts',(-0.265345906676293,-1.36651837978959,
-25.4658950427638));
#9248=CARTESIAN_POINT('Ctrl Pts',(-1.2920016703747,-0.518182030018616,-25.5452798309008));
#9249=CARTESIAN_POINT('Ctrl Pts',(-1.13605781371751,0.804458561007016,-25.6246646190377));
#9250=CARTESIAN_POINT('Ctrl Pts',(0.0597465710024017,1.39075924579507,-25.7040494071748));
#9251=CARTESIAN_POINT('Ctrl Pts',(1.20086350924487,0.704065170719754,-25.7834341953117));
#9252=CARTESIAN_POINT('Ctrl Pts',(1.2428017369057,-0.627076371124804,-25.8628189834487));
#9253=CARTESIAN_POINT('Ctrl Pts',(0.147174204405268,-1.38424011146443,-25.9422037715857));
#9254=CARTESIAN_POINT('Ctrl Pts',(-1.08316535065926,-0.874376209288681,
-26.0215885597226));
#9255=CARTESIAN_POINT('Ctrl Pts',(-1.32205809749778,0.43582487232945,-26.1009733478596));
#9256=CARTESIAN_POINT('Ctrl Pts',(-0.350839866661419,1.34710516342678,-26.1803581359966));
#9257=CARTESIAN_POINT('Ctrl Pts',(0.941510373567637,1.02534830526,-26.2597429241335));
#9258=CARTESIAN_POINT('Ctrl Pts',(1.37207394990562,-0.234934052710461,-26.3391277122706));
#9259=CARTESIAN_POINT('Ctrl Pts',(0.546745857107959,-1.28017573230719,-26.4185125004075));
#9260=CARTESIAN_POINT('Ctrl Pts',(-0.779031618953608,-1.15364234309898,
-26.4978972885445));
#9261=CARTESIAN_POINT('Ctrl Pts',(-1.39174307468703,0.0288470924719921,
-26.5772820766814));
#9262=CARTESIAN_POINT('Ctrl Pts',(-0.730559237799674,1.18493213472181,-26.6566668648185));
#9263=CARTESIAN_POINT('Ctrl Pts',(0.599322689915765,1.25642077017288,-26.7360516529554));
#9264=CARTESIAN_POINT('Ctrl Pts',(1.38063045503957,0.177877935526795,-26.8154364410924));
#9265=CARTESIAN_POINT('Ctrl Pts',(0.898214506323012,-1.06348098529,-26.8948212292294));
#9266=CARTESIAN_POINT('Ctrl Pts',(-0.406358235184885,-1.33141025582305,
-26.9742060173663));
#9267=CARTESIAN_POINT('Ctrl Pts',(-1.33898196523199,-0.380669068974821,
-27.0535908055033));
#9268=CARTESIAN_POINT('Ctrl Pts',(-1.04600338698644,0.9185089653921,-27.1329755936403));
#9269=CARTESIAN_POINT('Ctrl Pts',(0.204405798555446,1.3769512847578,-27.2123603817772));
#9270=CARTESIAN_POINT('Ctrl Pts',(1.26771939136649,0.575042880484582,-27.2917451699142));
#9271=CARTESIAN_POINT('Ctrl Pts',(1.17065597681745,-0.753225878008789,-27.3711299580512));
#9272=CARTESIAN_POINT('Ctrl Pts',(0.0020702232673711,-1.39203015636825,
-27.4505147461882));
#9273=CARTESIAN_POINT('Ctrl Pts',(-1.16842318725303,-0.756712574963375,
-27.5298995343252));
#9274=CARTESIAN_POINT('Ctrl Pts',(-1.26940709735121,0.571310625937636,-27.6092843224621));
#9275=CARTESIAN_POINT('Ctrl Pts',(-0.208518660390676,1.37626917115327,-27.6886691105991));
#9276=CARTESIAN_POINT('Ctrl Pts',(1.04331905817513,0.921744047833603,-27.7680538987361));
#9277=CARTESIAN_POINT('Ctrl Pts',(1.34001650621539,-0.376946386688835,-27.8474386868731));
#9278=CARTESIAN_POINT('Ctrl Pts',(0.410480332402491,-1.32971173044991,-27.92682347501));
#9279=CARTESIAN_POINT('Ctrl Pts',(-0.895379925410257,-1.06708318038823,
-28.006208263147));
#9280=CARTESIAN_POINT('Ctrl Pts',(-1.38050660853519,0.175701796651635,-28.0855930512839));
#9281=CARTESIAN_POINT('Ctrl Pts',(-0.863191827068678,0.891835831402054,
-28.1385162433753));
#9282=CARTESIAN_POINT('Ctrl Pts',(-0.510216505388539,1.06149619882933,-28.1649778394209));
#9283=CARTESIAN_POINT('',(-0.634007094575242,1.31904027763684,-28.));
#9284=CARTESIAN_POINT('Ctrl Pts',(-0.686144834821228,-0.959572920753005,
-28.));
#9285=CARTESIAN_POINT('Ctrl Pts',(-0.713317397710943,-0.944800055196244,
-28.));
#9286=CARTESIAN_POINT('Ctrl Pts',(-0.739799716431041,-0.928927573330658,
-28.));
#9287=CARTESIAN_POINT('Ctrl Pts',(-0.765517041394206,-0.911974904179726,
-28.));
#9288=CARTESIAN_POINT('Ctrl Pts',(-0.805514987225608,-0.885608556071285,
-28.));
#9289=CARTESIAN_POINT('Ctrl Pts',(-0.843663783601531,-0.856632107280898,
-28.));
#9290=CARTESIAN_POINT('Ctrl Pts',(-0.879900965137831,-0.825350671058369,
-28.));
#9291=CARTESIAN_POINT('Ctrl Pts',(-0.914934810309026,-0.795108004634247,
-28.));
#9292=CARTESIAN_POINT('Ctrl Pts',(-0.948182250406442,-0.762710064296239,
-28.));
#9293=CARTESIAN_POINT('Ctrl Pts',(-0.979569817690359,-0.728392375326429,
-28.));
#9294=CARTESIAN_POINT('Ctrl Pts',(-0.994691765061005,-0.711858749709971,
-28.));
#9295=CARTESIAN_POINT('Ctrl Pts',(-1.00938172108152,-0.694878992442592,
-28.));
#9296=CARTESIAN_POINT('Ctrl Pts',(-1.02362961677879,-0.67747678246075,-28.));
#9297=CARTESIAN_POINT('Ctrl Pts',(-1.03247540419809,-0.666672643141087,
-28.));
#9298=CARTESIAN_POINT('Ctrl Pts',(-1.04115451720415,-0.655700440528669,
-28.));
#9299=CARTESIAN_POINT('Ctrl Pts',(-1.04964318973728,-0.644594031908606,
-28.));
#9300=CARTESIAN_POINT('Ctrl Pts',(-1.08080289594108,-0.603825298254469,
-28.));
#9301=CARTESIAN_POINT('Ctrl Pts',(-1.10944543833918,-0.561199013490509,
-28.));
#9302=CARTESIAN_POINT('Ctrl Pts',(-1.13549605384944,-0.517045955864008,
-28.));
#9303=CARTESIAN_POINT('Ctrl Pts',(-1.16213752808129,-0.471891454752486,
-28.));
#9304=CARTESIAN_POINT('Ctrl Pts',(-1.18606892123395,-0.42513936324543,-28.));
#9305=CARTESIAN_POINT('Ctrl Pts',(-1.20717967730566,-0.37709857860179,-28.));
#9306=CARTESIAN_POINT('Ctrl Pts',(-1.2259722376486,-0.334333206235625,-28.));
#9307=CARTESIAN_POINT('Ctrl Pts',(-1.24252952599571,-0.290545528002795,
-28.));
#9308=CARTESIAN_POINT('Ctrl Pts',(-1.25674645184552,-0.245932648853768,
-28.));
#9309=CARTESIAN_POINT('Ctrl Pts',(-1.26048968561882,-0.23418633761045,-28.));
#9310=CARTESIAN_POINT('Ctrl Pts',(-1.26407133352811,-0.222379387116991,
-28.));
#9311=CARTESIAN_POINT('Ctrl Pts',(-1.26748231631338,-0.210540491218427,
-28.));
#9312=CARTESIAN_POINT('Ctrl Pts',(-1.28251491201012,-0.158365107540891,
-28.));
#9313=CARTESIAN_POINT('Ctrl Pts',(-1.29426734685045,-0.105479285616815,
-28.));
#9314=CARTESIAN_POINT('Ctrl Pts',(-1.30263603657319,-0.0522161427254879,
-28.));
#9315=CARTESIAN_POINT('Ctrl Pts',(-1.31096416552983,0.000788848178849569,
-28.));
#9316=CARTESIAN_POINT('Ctrl Pts',(-1.31594190165674,0.0541685964198146,
-28.));
#9317=CARTESIAN_POINT('Ctrl Pts',(-1.31742432493831,0.107621827418547,-28.));
#9318=CARTESIAN_POINT('Ctrl Pts',(-1.31796555387385,0.127137464871685,-28.));
#9319=CARTESIAN_POINT('Ctrl Pts',(-1.31804041013182,0.146663077761296,-28.));
#9320=CARTESIAN_POINT('Ctrl Pts',(-1.3176401505336,0.166184469002765,-28.));
#9321=CARTESIAN_POINT('Ctrl Pts',(-1.31696805178377,0.198963951884571,-28.));
#9322=CARTESIAN_POINT('Ctrl Pts',(-1.31495675935194,0.231731546058344,-28.));
#9323=CARTESIAN_POINT('Ctrl Pts',(-1.3116463670179,0.264434924376925,-28.));
#9324=CARTESIAN_POINT('Ctrl Pts',(-1.31076039793716,0.273187416257668,-28.));
#9325=CARTESIAN_POINT('Ctrl Pts',(-1.30978151277074,0.281932936294744,-28.));
#9326=CARTESIAN_POINT('Ctrl Pts',(-1.30871179464776,0.290661738949864,-28.));
#9327=CARTESIAN_POINT('Ctrl Pts',(-1.30219111077655,0.343869926663207,-28.));
#9328=CARTESIAN_POINT('Ctrl Pts',(-1.29229064326954,0.396548642863754,-28.));
#9329=CARTESIAN_POINT('Ctrl Pts',(-1.27925654978395,0.448467331835912,-28.));
#9330=CARTESIAN_POINT('Ctrl Pts',(-1.26590724674995,0.501641594624803,-28.));
#9331=CARTESIAN_POINT('Ctrl Pts',(-1.24927076885767,0.554019501028895,-28.));
#9332=CARTESIAN_POINT('Ctrl Pts',(-1.22955548405824,0.605360277636077,-28.));
#9333=CARTESIAN_POINT('Ctrl Pts',(-1.2154982376889,0.6419668979767,-28.));
#9334=CARTESIAN_POINT('Ctrl Pts',(-1.19987456907344,0.678046439439401,-28.));
#9335=CARTESIAN_POINT('Ctrl Pts',(-1.18274403060122,0.713509801153678,-28.));
#9336=CARTESIAN_POINT('Ctrl Pts',(-1.17469582069592,0.730171074206317,-28.));
#9337=CARTESIAN_POINT('Ctrl Pts',(-1.16631482102633,0.74669629655325,-28.));
#9338=CARTESIAN_POINT('Ctrl Pts',(-1.15760627339869,0.763075915416496,-28.));
#9339=CARTESIAN_POINT('Ctrl Pts',(-1.15310773855592,0.771537060640492,-28.));
#9340=CARTESIAN_POINT('Ctrl Pts',(-1.14852256618159,0.779957759704764,-28.));
#9341=CARTESIAN_POINT('Ctrl Pts',(-1.14385624180819,0.788328615189948,-28.));
#9342=CARTESIAN_POINT('Ctrl Pts',(-1.11607990076656,0.838156213565168,-28.));
#9343=CARTESIAN_POINT('Ctrl Pts',(-1.08538949684487,0.886299682268561,-28.));
#9344=CARTESIAN_POINT('Ctrl Pts',(-1.05199932957379,0.932502058001086,-28.));
#9345=CARTESIAN_POINT('Ctrl Pts',(-1.02401545449938,0.971223682248828,-28.));
#9346=CARTESIAN_POINT('Ctrl Pts',(-0.994134195248197,1.00858219985876,-28.));
#9347=CARTESIAN_POINT('Ctrl Pts',(-0.962455400459741,1.04441831994605,-28.));
#9348=CARTESIAN_POINT('Ctrl Pts',(-0.953848573419269,1.05415465270279,-28.));
#9349=CARTESIAN_POINT('Ctrl Pts',(-0.945108933361565,1.063778544496,-28.));
#9350=CARTESIAN_POINT('Ctrl Pts',(-0.936238207420948,1.07328663886441,-28.));
#9351=CARTESIAN_POINT('Ctrl Pts',(-0.927573835723736,1.08257355227956,-28.));
#9352=CARTESIAN_POINT('Ctrl Pts',(-0.918789762264664,1.09174418172429,-28.));
#9353=CARTESIAN_POINT('Ctrl Pts',(-0.909891803504923,1.10079203244036,-28.));
#9354=CARTESIAN_POINT('Ctrl Pts',(-0.868600200187581,1.14277921992126,-28.));
#9355=CARTESIAN_POINT('Ctrl Pts',(-0.824835700566536,1.1821501676236,-28.));
#9356=CARTESIAN_POINT('Ctrl Pts',(-0.778796408616534,1.21862344274726,-28.));
#9357=CARTESIAN_POINT('Ctrl Pts',(-0.732757116666532,1.25509671787093,-28.));
#9358=CARTESIAN_POINT('Ctrl Pts',(-0.68444249942877,1.28867344947065,-28.));
#9359=CARTESIAN_POINT('Ctrl Pts',(-0.634007094575167,1.31904027763687,-28.));
#9360=CARTESIAN_POINT('Ctrl Pts',(-0.634007094575166,1.31904027763687,-28.));
#9361=CARTESIAN_POINT('Ctrl Pts',(-1.07262257602617,1.10821629314972,-27.9735384039543));
#9362=CARTESIAN_POINT('Ctrl Pts',(-1.39403636616686,0.663273750225873,-27.9470768079087));
#9363=CARTESIAN_POINT('Ctrl Pts',(-1.45427161321441,0.183416812040973,-27.920615211863));
#9364=CARTESIAN_POINT('Ctrl Pts',(-1.51450686026196,-0.296440126143926,
-27.8941536158174));
#9365=CARTESIAN_POINT('Ctrl Pts',(-1.31356356421638,-0.811211459589876,
-27.8676920197717));
#9366=CARTESIAN_POINT('Ctrl Pts',(-0.942643110234646,-1.12298853408411,
-27.841230423726));
#9367=CARTESIAN_POINT('Ctrl Pts',(-0.571722656252895,-1.43476560857835,
-27.8147688276804));
#9368=CARTESIAN_POINT('Ctrl Pts',(-0.0308250443349806,-1.54354842412086,
-27.7883072316347));
#9369=CARTESIAN_POINT('Ctrl Pts',(0.432134366644201,-1.40061837422648,-27.7618456355891));
#9370=CARTESIAN_POINT('Ctrl Pts',(0.895093777623356,-1.2576883243321,-27.7353840395434));
#9371=CARTESIAN_POINT('Ctrl Pts',(1.28011498766379,-0.863045409000859,-27.7089224434977));
#9372=CARTESIAN_POINT('Ctrl Pts',(1.41117838187149,-0.396760044036908,-27.6824608474521));
#9373=CARTESIAN_POINT('Ctrl Pts',(1.44717951558234,-0.268678500956473,-27.6751922469157));
#9374=CARTESIAN_POINT('Ctrl Pts',(1.46401907814043,-0.135191406990771,-27.6679236463793));
#9375=CARTESIAN_POINT('Ctrl Pts',(1.46286069048923,-0.00140701768924778,
-27.6606550458429));
#9376=CARTESIAN_POINT('Origin',(0.,0.,-15.5));
#9377=CARTESIAN_POINT('Origin',(0.,0.,-28.));
#9378=CARTESIAN_POINT('Origin',(-1.71450551880629E-15,0.,-28.));
#9379=UNCERTAINTY_MEASURE_WITH_UNIT(LENGTH_MEASURE(0.01),#9383,
'DISTANCE_ACCURACY_VALUE',
'Maximum model space distance between geometric entities at asserted c
onnectivities');
#9380=UNCERTAINTY_MEASURE_WITH_UNIT(LENGTH_MEASURE(0.01),#9383,
'DISTANCE_ACCURACY_VALUE',
'Maximum model space distance between geometric entities at asserted c
onnectivities');
#9381=(
GEOMETRIC_REPRESENTATION_CONTEXT(3)
GLOBAL_UNCERTAINTY_ASSIGNED_CONTEXT((#9379))
GLOBAL_UNIT_ASSIGNED_CONTEXT((#9383,#9385,#9386))
REPRESENTATION_CONTEXT('','3D')
);
#9382=(
GEOMETRIC_REPRESENTATION_CONTEXT(3)
GLOBAL_UNCERTAINTY_ASSIGNED_CONTEXT((#9380))
GLOBAL_UNIT_ASSIGNED_CONTEXT((#9383,#9385,#9386))
REPRESENTATION_CONTEXT('','3D')
);
#9383=(
LENGTH_UNIT()
NAMED_UNIT(*)
SI_UNIT(.MILLI.,.METRE.)
);
#9384=(
LENGTH_UNIT()
NAMED_UNIT(*)
SI_UNIT($,.METRE.)
);
#9385=(
NAMED_UNIT(*)
PLANE_ANGLE_UNIT()
SI_UNIT($,.RADIAN.)
);
#9386=(
NAMED_UNIT(*)
SI_UNIT($,.STERADIAN.)
SOLID_ANGLE_UNIT()
);
#9387=SHAPE_DEFINITION_REPRESENTATION(#9388,#9389);
#9388=PRODUCT_DEFINITION_SHAPE('',$,#9391);
#9389=SHAPE_REPRESENTATION('',(#2203),#9381);
#9390=PRODUCT_DEFINITION_CONTEXT('part definition',#9395,'design');
#9391=PRODUCT_DEFINITION('3 x 10 Allen','3 x 10 Allen v3',#9392,#9390);
#9392=PRODUCT_DEFINITION_FORMATION('',$,#9397);
#9393=PRODUCT_RELATED_PRODUCT_CATEGORY('3 x 10 Allen v3',
'3 x 10 Allen v3',(#9397));
#9394=APPLICATION_PROTOCOL_DEFINITION('international standard',
'automotive_design',2009,#9395);
#9395=APPLICATION_CONTEXT(
'Core Data for Automotive Mechanical Design Process');
#9396=PRODUCT_CONTEXT('part definition',#9395,'mechanical');
#9397=PRODUCT('3 x 10 Allen','3 x 10 Allen v3',$,(#9396));
#9398=PRESENTATION_STYLE_ASSIGNMENT((#9399));
#9399=SURFACE_STYLE_USAGE(.BOTH.,#9400);
#9400=SURFACE_SIDE_STYLE('',(#9401));
#9401=SURFACE_STYLE_FILL_AREA(#9402);
#9402=FILL_AREA_STYLE('Steel - Satin',(#9403));
#9403=FILL_AREA_STYLE_COLOUR('Steel - Satin',#9404);
#9404=COLOUR_RGB('Steel - Satin',0.627450980392157,0.627450980392157,0.627450980392157);
ENDSEC;
END-ISO-10303-21;
