ISO-10303-21;
HEADER;
/* Generated by software containing ST-Developer
 * from STEP Tools, Inc. (www.steptools.com) 
 */

FILE_DESCRIPTION(
/* description */ (''),
/* implementation_level */ '2;1');

FILE_NAME(
/* name */ '4 x 25 Allen Bolt.step',
/* time_stamp */ '2025-07-09T19:11:07+05:30',
/* author */ (''),
/* organization */ (''),
/* preprocessor_version */ 'ST-DEVELOPER v20.1',
/* originating_system */ 'Autodesk Translation Framework v14.10.0.0',
/* authorisation */ '');

FILE_SCHEMA (('AUTOMOTIVE_DESIGN { 1 0 10303 214 3 1 1 }'));
ENDSEC;

DATA;
#10=MECHANICAL_DESIGN_GEOMETRIC_PRESENTATION_REPRESENTATION('',(#13),#6992);
#11=SHAPE_REPRESENTATION_RELATIONSHIP('SRR','None',#6999,#12);
#12=ADVANCED_BREP_SHAPE_REPRESENTATION('',(#14),#6991);
#13=STYLED_ITEM('',(#7008),#14);
#14=MANIFOLD_SOLID_BREP('Body1',#1658);
#15=B_SPLINE_SURFACE_WITH_KNOTS('',3,3,((#4927,#4928,#4929,#4930,#4931,
#4932,#4933,#4934,#4935,#4936,#4937,#4938,#4939,#4940,#4941,#4942,#4943,
#4944,#4945,#4946,#4947,#4948,#4949,#4950,#4951,#4952,#4953,#4954,#4955,
#4956,#4957,#4958,#4959,#4960,#4961,#4962,#4963,#4964,#4965,#4966,#4967,
#4968,#4969,#4970,#4971,#4972,#4973,#4974,#4975,#4976,#4977,#4978,#4979,
#4980,#4981,#4982,#4983,#4984,#4985,#4986,#4987,#4988,#4989,#4990,#4991,
#4992,#4993,#4994,#4995,#4996,#4997,#4998,#4999,#5000,#5001,#5002,#5003,
#5004,#5005,#5006,#5007,#5008,#5009,#5010,#5011,#5012,#5013,#5014,#5015,
#5016,#5017,#5018,#5019,#5020,#5021,#5022,#5023,#5024,#5025,#5026,#5027,
#5028,#5029,#5030,#5031,#5032,#5033,#5034,#5035,#5036,#5037,#5038,#5039,
#5040,#5041,#5042,#5043,#5044,#5045,#5046,#5047,#5048,#5049,#5050,#5051,
#5052,#5053,#5054,#5055,#5056,#5057,#5058,#5059,#5060,#5061,#5062,#5063,
#5064,#5065,#5066,#5067,#5068,#5069,#5070,#5071,#5072,#5073,#5074,#5075,
#5076,#5077,#5078,#5079,#5080,#5081,#5082,#5083,#5084,#5085,#5086,#5087,
#5088,#5089,#5090,#5091,#5092,#5093,#5094,#5095,#5096,#5097,#5098,#5099,
#5100,#5101,#5102,#5103,#5104,#5105,#5106,#5107,#5108,#5109,#5110,#5111,
#5112,#5113,#5114,#5115,#5116,#5117,#5118,#5119,#5120,#5121,#5122,#5123,
#5124,#5125,#5126,#5127,#5128,#5129,#5130,#5131,#5132,#5133,#5134,#5135,
#5136,#5137,#5138,#5139,#5140,#5141,#5142,#5143,#5144,#5145,#5146,#5147,
#5148,#5149,#5150,#5151,#5152,#5153,#5154,#5155,#5156),(#5157,#5158,#5159,
#5160,#5161,#5162,#5163,#5164,#5165,#5166,#5167,#5168,#5169,#5170,#5171,
#5172,#5173,#5174,#5175,#5176,#5177,#5178,#5179,#5180,#5181,#5182,#5183,
#5184,#5185,#5186,#5187,#5188,#5189,#5190,#5191,#5192,#5193,#5194,#5195,
#5196,#5197,#5198,#5199,#5200,#5201,#5202,#5203,#5204,#5205,#5206,#5207,
#5208,#5209,#5210,#5211,#5212,#5213,#5214,#5215,#5216,#5217,#5218,#5219,
#5220,#5221,#5222,#5223,#5224,#5225,#5226,#5227,#5228,#5229,#5230,#5231,
#5232,#5233,#5234,#5235,#5236,#5237,#5238,#5239,#5240,#5241,#5242,#5243,
#5244,#5245,#5246,#5247,#5248,#5249,#5250,#5251,#5252,#5253,#5254,#5255,
#5256,#5257,#5258,#5259,#5260,#5261,#5262,#5263,#5264,#5265,#5266,#5267,
#5268,#5269,#5270,#5271,#5272,#5273,#5274,#5275,#5276,#5277,#5278,#5279,
#5280,#5281,#5282,#5283,#5284,#5285,#5286,#5287,#5288,#5289,#5290,#5291,
#5292,#5293,#5294,#5295,#5296,#5297,#5298,#5299,#5300,#5301,#5302,#5303,
#5304,#5305,#5306,#5307,#5308,#5309,#5310,#5311,#5312,#5313,#5314,#5315,
#5316,#5317,#5318,#5319,#5320,#5321,#5322,#5323,#5324,#5325,#5326,#5327,
#5328,#5329,#5330,#5331,#5332,#5333,#5334,#5335,#5336,#5337,#5338,#5339,
#5340,#5341,#5342,#5343,#5344,#5345,#5346,#5347,#5348,#5349,#5350,#5351,
#5352,#5353,#5354,#5355,#5356,#5357,#5358,#5359,#5360,#5361,#5362,#5363,
#5364,#5365,#5366,#5367,#5368,#5369,#5370,#5371,#5372,#5373,#5374,#5375,
#5376,#5377,#5378,#5379,#5380,#5381,#5382,#5383,#5384,#5385,#5386),(#5387,
#5388,#5389,#5390,#5391,#5392,#5393,#5394,#5395,#5396,#5397,#5398,#5399,
#5400,#5401,#5402,#5403,#5404,#5405,#5406,#5407,#5408,#5409,#5410,#5411,
#5412,#5413,#5414,#5415,#5416,#5417,#5418,#5419,#5420,#5421,#5422,#5423,
#5424,#5425,#5426,#5427,#5428,#5429,#5430,#5431,#5432,#5433,#5434,#5435,
#5436,#5437,#5438,#5439,#5440,#5441,#5442,#5443,#5444,#5445,#5446,#5447,
#5448,#5449,#5450,#5451,#5452,#5453,#5454,#5455,#5456,#5457,#5458,#5459,
#5460,#5461,#5462,#5463,#5464,#5465,#5466,#5467,#5468,#5469,#5470,#5471,
#5472,#5473,#5474,#5475,#5476,#5477,#5478,#5479,#5480,#5481,#5482,#5483,
#5484,#5485,#5486,#5487,#5488,#5489,#5490,#5491,#5492,#5493,#5494,#5495,
#5496,#5497,#5498,#5499,#5500,#5501,#5502,#5503,#5504,#5505,#5506,#5507,
#5508,#5509,#5510,#5511,#5512,#5513,#5514,#5515,#5516,#5517,#5518,#5519,
#5520,#5521,#5522,#5523,#5524,#5525,#5526,#5527,#5528,#5529,#5530,#5531,
#5532,#5533,#5534,#5535,#5536,#5537,#5538,#5539,#5540,#5541,#5542,#5543,
#5544,#5545,#5546,#5547,#5548,#5549,#5550,#5551,#5552,#5553,#5554,#5555,
#5556,#5557,#5558,#5559,#5560,#5561,#5562,#5563,#5564,#5565,#5566,#5567,
#5568,#5569,#5570,#5571,#5572,#5573,#5574,#5575,#5576,#5577,#5578,#5579,
#5580,#5581,#5582,#5583,#5584,#5585,#5586,#5587,#5588,#5589,#5590,#5591,
#5592,#5593,#5594,#5595,#5596,#5597,#5598,#5599,#5600,#5601,#5602,#5603,
#5604,#5605,#5606,#5607,#5608,#5609,#5610,#5611,#5612,#5613,#5614,#5615,
#5616),(#5617,#5618,#5619,#5620,#5621,#5622,#5623,#5624,#5625,#5626,#5627,
#5628,#5629,#5630,#5631,#5632,#5633,#5634,#5635,#5636,#5637,#5638,#5639,
#5640,#5641,#5642,#5643,#5644,#5645,#5646,#5647,#5648,#5649,#5650,#5651,
#5652,#5653,#5654,#5655,#5656,#5657,#5658,#5659,#5660,#5661,#5662,#5663,
#5664,#5665,#5666,#5667,#5668,#5669,#5670,#5671,#5672,#5673,#5674,#5675,
#5676,#5677,#5678,#5679,#5680,#5681,#5682,#5683,#5684,#5685,#5686,#5687,
#5688,#5689,#5690,#5691,#5692,#5693,#5694,#5695,#5696,#5697,#5698,#5699,
#5700,#5701,#5702,#5703,#5704,#5705,#5706,#5707,#5708,#5709,#5710,#5711,
#5712,#5713,#5714,#5715,#5716,#5717,#5718,#5719,#5720,#5721,#5722,#5723,
#5724,#5725,#5726,#5727,#5728,#5729,#5730,#5731,#5732,#5733,#5734,#5735,
#5736,#5737,#5738,#5739,#5740,#5741,#5742,#5743,#5744,#5745,#5746,#5747,
#5748,#5749,#5750,#5751,#5752,#5753,#5754,#5755,#5756,#5757,#5758,#5759,
#5760,#5761,#5762,#5763,#5764,#5765,#5766,#5767,#5768,#5769,#5770,#5771,
#5772,#5773,#5774,#5775,#5776,#5777,#5778,#5779,#5780,#5781,#5782,#5783,
#5784,#5785,#5786,#5787,#5788,#5789,#5790,#5791,#5792,#5793,#5794,#5795,
#5796,#5797,#5798,#5799,#5800,#5801,#5802,#5803,#5804,#5805,#5806,#5807,
#5808,#5809,#5810,#5811,#5812,#5813,#5814,#5815,#5816,#5817,#5818,#5819,
#5820,#5821,#5822,#5823,#5824,#5825,#5826,#5827,#5828,#5829,#5830,#5831,
#5832,#5833,#5834,#5835,#5836,#5837,#5838,#5839,#5840,#5841,#5842,#5843,
#5844,#5845,#5846)),.UNSPECIFIED.,.F.,.F.,.F.,(4,4),(4,1,1,1,1,1,1,1,1,
1,1,1,1,1,1,1,1,1,1,1,1,1,1,1,1,1,1,1,1,1,1,1,1,1,1,1,1,1,1,1,1,1,1,1,1,
1,1,1,1,1,1,1,1,1,1,1,1,1,1,1,1,1,1,1,1,1,1,1,1,1,1,1,1,1,1,1,1,1,1,1,1,
1,1,1,1,1,1,1,1,1,1,1,1,1,1,1,1,1,1,1,1,1,1,1,1,1,1,1,1,1,1,1,1,1,1,1,1,
1,1,1,1,1,1,1,1,1,1,1,1,1,1,1,1,1,1,1,1,1,1,1,1,1,1,1,1,1,1,1,1,1,1,1,1,
1,1,1,1,1,1,1,1,1,1,1,1,1,1,1,1,1,1,1,1,1,1,1,1,1,1,1,1,1,1,1,1,1,1,1,1,
1,1,1,1,1,1,1,1,1,1,1,1,1,1,1,1,1,1,1,1,1,1,1,1,1,1,1,1,1,1,1,1,1,1,1,1,
1,1,4),(0.,0.0460148164544132),(8.31058692273998,9.30822840022761,10.3058698777152,
11.3035113552029,12.3011528326905,13.2987943101781,14.2964357876658,15.2940772651534,
16.291718742641,17.2893602201287,18.2870016976163,19.2846431751039,20.2822846525915,
21.2799261300792,22.2775676075668,23.2752090850544,24.2728505625421,25.2704920400297,
26.2681335175173,27.265774995005,28.2634164724926,29.2610579499802,30.2586994274678,
31.2563409049555,32.2539823824431,33.2516238599307,34.2492653374184,35.246906814906,
36.2445482923936,37.2421897698813,38.2398312473689,39.2374727248565,40.2351142023441,
41.2327556798318,42.2303971573194,43.228038634807,44.2256801122947,45.2233215897823,
46.2209630672699,47.2186045447576,48.2162460222452,49.2138874997328,50.2115289772204,
51.2091704547081,52.2068119321957,53.2044534096833,54.202094887171,55.1997363646586,
56.1973778421462,57.1950193196339,58.1926607971215,59.1903022746091,60.1879437520967,
61.1855852295844,62.183226707072,63.1808681845596,64.1785096620473,65.1761511395349,
66.1737926170225,67.1714340945101,68.1690755719978,69.1667170494854,70.164358526973,
71.1620000044607,72.1596414819483,73.1572829594359,74.1549244369236,75.1525659144112,
76.1502073918988,77.1478488693865,78.1454903468741,79.1431318243617,80.1407733018494,
81.138414779337,82.1360562568246,83.1336977343122,84.1313392117999,85.1289806892875,
86.1266221667751,87.1242636442628,88.1219051217504,89.119546599238,90.1171880767256,
91.1148295542133,92.1124710317009,93.1101125091885,94.1077539866762,95.1053954641638,
96.1030369416514,97.1006784191391,98.0983198966267,99.0959613741143,100.093602851602,
101.09124432909,102.088885806577,103.086527284065,104.084168761552,105.08181023904,
106.079451716528,107.077093194015,108.074734671503,109.072376148991,110.070017626478,
111.067659103966,112.065300581453,113.062942058941,114.060583536429,115.058225013916,
116.055866491404,117.053507968892,118.051149446379,119.048790923867,120.046432401355,
121.044073878842,122.04171535633,123.039356833817,124.036998311305,125.034639788793,
126.03228126628,127.029922743768,128.027564221256,129.025205698743,130.022847176231,
131.020488653718,132.018130131206,133.015771608694,134.013413086181,135.011054563669,
136.008696041157,137.006337518644,138.003978996132,139.00162047362,139.999261951107,
140.996903428595,141.994544906082,142.99218638357,143.989827861058,144.987469338545,
145.985110816033,146.982752293521,147.980393771008,148.978035248496,149.975676725983,
150.973318203471,151.970959680959,152.968601158446,153.966242635934,154.963884113422,
155.961525590909,156.959167068397,157.956808545884,158.954450023372,159.95209150086,
160.949732978347,161.947374455835,162.945015933323,163.94265741081,164.940298888298,
165.937940365786,166.935581843273,167.933223320761,168.930864798248,169.928506275736,
170.926147753224,171.923789230711,172.921430708199,173.919072185687,174.916713663174,
175.914355140662,176.911996618149,177.909638095637,178.907279573125,179.904921050612,
180.9025625281,181.900204005588,182.897845483075,183.895486960563,184.89312843805,
185.890769915538,186.888411393026,187.886052870513,188.883694348001,189.881335825489,
190.878977302976,191.876618780464,192.874260257952,193.871901735439,194.869543212927,
195.867184690414,196.864826167902,197.86246764539,198.860109122877,199.857750600365,
200.855392077853,201.85303355534,202.850675032828,203.848316510315,204.845957987803,
205.843599465291,206.841240942778,207.838882420266,208.836523897754,209.834165375241,
210.831806852729,211.829448330217,212.827089807704,213.824731285192,214.822372762679,
215.820014240167,216.817655717655,217.815297195142,218.81293867263,219.810580150118,
220.808221627605,221.805863105093,222.80350458258,223.801146060068,224.798787537556,
225.796429015043,226.794070492531,227.791711970019,228.789353447506,229.786994924994,
230.784636402481,231.782277879969,232.779919357457,233.777560834944,234.775202312432),
 .UNSPECIFIED.);
#16=B_SPLINE_SURFACE_WITH_KNOTS('',3,3,((#5967,#5968,#5969,#5970,#5971,
#5972,#5973,#5974,#5975,#5976,#5977,#5978,#5979,#5980,#5981,#5982,#5983,
#5984,#5985,#5986,#5987,#5988,#5989,#5990,#5991,#5992,#5993,#5994,#5995,
#5996,#5997,#5998,#5999,#6000,#6001,#6002,#6003,#6004,#6005,#6006,#6007,
#6008,#6009,#6010,#6011,#6012,#6013,#6014,#6015,#6016,#6017,#6018,#6019,
#6020,#6021,#6022,#6023,#6024,#6025,#6026,#6027,#6028,#6029,#6030,#6031,
#6032,#6033,#6034,#6035,#6036,#6037,#6038,#6039,#6040,#6041,#6042,#6043,
#6044,#6045,#6046,#6047,#6048,#6049,#6050,#6051,#6052,#6053,#6054,#6055,
#6056,#6057,#6058,#6059,#6060,#6061,#6062,#6063,#6064,#6065,#6066,#6067,
#6068,#6069,#6070,#6071,#6072,#6073,#6074,#6075,#6076,#6077,#6078,#6079,
#6080,#6081,#6082,#6083,#6084,#6085,#6086,#6087,#6088,#6089,#6090,#6091,
#6092,#6093,#6094,#6095,#6096,#6097,#6098,#6099,#6100,#6101,#6102,#6103,
#6104,#6105,#6106,#6107,#6108,#6109,#6110,#6111,#6112,#6113,#6114,#6115,
#6116,#6117,#6118,#6119,#6120,#6121,#6122,#6123,#6124,#6125,#6126,#6127,
#6128,#6129,#6130,#6131,#6132,#6133,#6134,#6135,#6136,#6137,#6138,#6139,
#6140,#6141,#6142,#6143,#6144,#6145,#6146,#6147,#6148,#6149,#6150,#6151,
#6152,#6153,#6154,#6155,#6156,#6157,#6158,#6159,#6160,#6161,#6162,#6163,
#6164,#6165,#6166,#6167,#6168,#6169,#6170,#6171,#6172,#6173,#6174,#6175,
#6176,#6177,#6178,#6179,#6180,#6181,#6182,#6183,#6184,#6185,#6186,#6187,
#6188,#6189,#6190,#6191,#6192,#6193,#6194,#6195,#6196),(#6197,#6198,#6199,
#6200,#6201,#6202,#6203,#6204,#6205,#6206,#6207,#6208,#6209,#6210,#6211,
#6212,#6213,#6214,#6215,#6216,#6217,#6218,#6219,#6220,#6221,#6222,#6223,
#6224,#6225,#6226,#6227,#6228,#6229,#6230,#6231,#6232,#6233,#6234,#6235,
#6236,#6237,#6238,#6239,#6240,#6241,#6242,#6243,#6244,#6245,#6246,#6247,
#6248,#6249,#6250,#6251,#6252,#6253,#6254,#6255,#6256,#6257,#6258,#6259,
#6260,#6261,#6262,#6263,#6264,#6265,#6266,#6267,#6268,#6269,#6270,#6271,
#6272,#6273,#6274,#6275,#6276,#6277,#6278,#6279,#6280,#6281,#6282,#6283,
#6284,#6285,#6286,#6287,#6288,#6289,#6290,#6291,#6292,#6293,#6294,#6295,
#6296,#6297,#6298,#6299,#6300,#6301,#6302,#6303,#6304,#6305,#6306,#6307,
#6308,#6309,#6310,#6311,#6312,#6313,#6314,#6315,#6316,#6317,#6318,#6319,
#6320,#6321,#6322,#6323,#6324,#6325,#6326,#6327,#6328,#6329,#6330,#6331,
#6332,#6333,#6334,#6335,#6336,#6337,#6338,#6339,#6340,#6341,#6342,#6343,
#6344,#6345,#6346,#6347,#6348,#6349,#6350,#6351,#6352,#6353,#6354,#6355,
#6356,#6357,#6358,#6359,#6360,#6361,#6362,#6363,#6364,#6365,#6366,#6367,
#6368,#6369,#6370,#6371,#6372,#6373,#6374,#6375,#6376,#6377,#6378,#6379,
#6380,#6381,#6382,#6383,#6384,#6385,#6386,#6387,#6388,#6389,#6390,#6391,
#6392,#6393,#6394,#6395,#6396,#6397,#6398,#6399,#6400,#6401,#6402,#6403,
#6404,#6405,#6406,#6407,#6408,#6409,#6410,#6411,#6412,#6413,#6414,#6415,
#6416,#6417,#6418,#6419,#6420,#6421,#6422,#6423,#6424,#6425,#6426),(#6427,
#6428,#6429,#6430,#6431,#6432,#6433,#6434,#6435,#6436,#6437,#6438,#6439,
#6440,#6441,#6442,#6443,#6444,#6445,#6446,#6447,#6448,#6449,#6450,#6451,
#6452,#6453,#6454,#6455,#6456,#6457,#6458,#6459,#6460,#6461,#6462,#6463,
#6464,#6465,#6466,#6467,#6468,#6469,#6470,#6471,#6472,#6473,#6474,#6475,
#6476,#6477,#6478,#6479,#6480,#6481,#6482,#6483,#6484,#6485,#6486,#6487,
#6488,#6489,#6490,#6491,#6492,#6493,#6494,#6495,#6496,#6497,#6498,#6499,
#6500,#6501,#6502,#6503,#6504,#6505,#6506,#6507,#6508,#6509,#6510,#6511,
#6512,#6513,#6514,#6515,#6516,#6517,#6518,#6519,#6520,#6521,#6522,#6523,
#6524,#6525,#6526,#6527,#6528,#6529,#6530,#6531,#6532,#6533,#6534,#6535,
#6536,#6537,#6538,#6539,#6540,#6541,#6542,#6543,#6544,#6545,#6546,#6547,
#6548,#6549,#6550,#6551,#6552,#6553,#6554,#6555,#6556,#6557,#6558,#6559,
#6560,#6561,#6562,#6563,#6564,#6565,#6566,#6567,#6568,#6569,#6570,#6571,
#6572,#6573,#6574,#6575,#6576,#6577,#6578,#6579,#6580,#6581,#6582,#6583,
#6584,#6585,#6586,#6587,#6588,#6589,#6590,#6591,#6592,#6593,#6594,#6595,
#6596,#6597,#6598,#6599,#6600,#6601,#6602,#6603,#6604,#6605,#6606,#6607,
#6608,#6609,#6610,#6611,#6612,#6613,#6614,#6615,#6616,#6617,#6618,#6619,
#6620,#6621,#6622,#6623,#6624,#6625,#6626,#6627,#6628,#6629,#6630,#6631,
#6632,#6633,#6634,#6635,#6636,#6637,#6638,#6639,#6640,#6641,#6642,#6643,
#6644,#6645,#6646,#6647,#6648,#6649,#6650,#6651,#6652,#6653,#6654,#6655,
#6656),(#6657,#6658,#6659,#6660,#6661,#6662,#6663,#6664,#6665,#6666,#6667,
#6668,#6669,#6670,#6671,#6672,#6673,#6674,#6675,#6676,#6677,#6678,#6679,
#6680,#6681,#6682,#6683,#6684,#6685,#6686,#6687,#6688,#6689,#6690,#6691,
#6692,#6693,#6694,#6695,#6696,#6697,#6698,#6699,#6700,#6701,#6702,#6703,
#6704,#6705,#6706,#6707,#6708,#6709,#6710,#6711,#6712,#6713,#6714,#6715,
#6716,#6717,#6718,#6719,#6720,#6721,#6722,#6723,#6724,#6725,#6726,#6727,
#6728,#6729,#6730,#6731,#6732,#6733,#6734,#6735,#6736,#6737,#6738,#6739,
#6740,#6741,#6742,#6743,#6744,#6745,#6746,#6747,#6748,#6749,#6750,#6751,
#6752,#6753,#6754,#6755,#6756,#6757,#6758,#6759,#6760,#6761,#6762,#6763,
#6764,#6765,#6766,#6767,#6768,#6769,#6770,#6771,#6772,#6773,#6774,#6775,
#6776,#6777,#6778,#6779,#6780,#6781,#6782,#6783,#6784,#6785,#6786,#6787,
#6788,#6789,#6790,#6791,#6792,#6793,#6794,#6795,#6796,#6797,#6798,#6799,
#6800,#6801,#6802,#6803,#6804,#6805,#6806,#6807,#6808,#6809,#6810,#6811,
#6812,#6813,#6814,#6815,#6816,#6817,#6818,#6819,#6820,#6821,#6822,#6823,
#6824,#6825,#6826,#6827,#6828,#6829,#6830,#6831,#6832,#6833,#6834,#6835,
#6836,#6837,#6838,#6839,#6840,#6841,#6842,#6843,#6844,#6845,#6846,#6847,
#6848,#6849,#6850,#6851,#6852,#6853,#6854,#6855,#6856,#6857,#6858,#6859,
#6860,#6861,#6862,#6863,#6864,#6865,#6866,#6867,#6868,#6869,#6870,#6871,
#6872,#6873,#6874,#6875,#6876,#6877,#6878,#6879,#6880,#6881,#6882,#6883,
#6884,#6885,#6886)),.UNSPECIFIED.,.F.,.F.,.F.,(4,4),(4,1,1,1,1,1,1,1,1,
1,1,1,1,1,1,1,1,1,1,1,1,1,1,1,1,1,1,1,1,1,1,1,1,1,1,1,1,1,1,1,1,1,1,1,1,
1,1,1,1,1,1,1,1,1,1,1,1,1,1,1,1,1,1,1,1,1,1,1,1,1,1,1,1,1,1,1,1,1,1,1,1,
1,1,1,1,1,1,1,1,1,1,1,1,1,1,1,1,1,1,1,1,1,1,1,1,1,1,1,1,1,1,1,1,1,1,1,1,
1,1,1,1,1,1,1,1,1,1,1,1,1,1,1,1,1,1,1,1,1,1,1,1,1,1,1,1,1,1,1,1,1,1,1,1,
1,1,1,1,1,1,1,1,1,1,1,1,1,1,1,1,1,1,1,1,1,1,1,1,1,1,1,1,1,1,1,1,1,1,1,1,
1,1,1,1,1,1,1,1,1,1,1,1,1,1,1,1,1,1,1,1,1,1,1,1,1,1,1,1,1,1,1,1,1,1,1,1,
1,1,4),(0.,0.0460148164544132),(11.6154215191109,12.6130629965985,13.6107044740862,
14.6083459515738,15.6059874290614,16.6036289065491,17.6012703840367,18.5989118615243,
19.596553339012,20.5941948164996,21.5918362939872,22.5894777714748,23.5871192489625,
24.5847607264501,25.5824022039377,26.5800436814254,27.577685158913,28.5753266364006,
29.5729681138883,30.5706095913759,31.5682510688635,32.5658925463511,33.5635340238388,
34.5611755013264,35.558816978814,36.5564584563017,37.5540999337893,38.5517414112769,
39.5493828887645,40.5470243662522,41.5446658437398,42.5423073212274,43.5399487987151,
44.5375902762027,45.5352317536903,46.532873231178,47.5305147086656,48.5281561861532,
49.5257976636408,50.5234391411285,51.5210806186161,52.5187220961037,53.5163635735914,
54.514005051079,55.5116465285666,56.5092880060543,57.5069294835419,58.5045709610295,
59.5022124385171,60.4998539160048,61.4974953934924,62.49513687098,63.4927783484677,
64.4904198259553,65.4880613034429,66.4857027809305,67.4833442584182,68.4809857359058,
69.4786272133934,70.4762686908811,71.4739101683687,72.4715516458563,73.469193123344,
74.4668346008316,75.4644760783192,76.4621175558068,77.4597590332945,78.4574005107821,
79.4550419882697,80.4526834657574,81.450324943245,82.4479664207326,83.4456078982202,
84.4432493757079,85.4408908531955,86.4385323306831,87.4361738081708,88.4338152856584,
89.431456763146,90.4290982406336,91.4267397181213,92.4243811956089,93.4220226730965,
94.4196641505842,95.4173056280718,96.4149471055594,97.4125885830471,98.4102300605347,
99.4078715380223,100.40551301551,101.403154492998,102.400795970485,103.398437447973,
104.39607892546,105.393720402948,106.391361880436,107.389003357923,108.386644835411,
109.384286312899,110.381927790386,111.379569267874,112.377210745362,113.374852222849,
114.372493700337,115.370135177824,116.367776655312,117.3654181328,118.363059610287,
119.360701087775,120.358342565263,121.35598404275,122.353625520238,123.351266997725,
124.348908475213,125.346549952701,126.344191430188,127.341832907676,128.339474385164,
129.337115862651,130.334757340139,131.332398817626,132.330040295114,133.327681772602,
134.325323250089,135.322964727577,136.320606205065,137.318247682552,138.31588916004,
139.313530637528,140.311172115015,141.308813592503,142.30645506999,143.304096547478,
144.301738024966,145.299379502453,146.297020979941,147.294662457429,148.292303934916,
149.289945412404,150.287586889891,151.285228367379,152.282869844867,153.280511322354,
154.278152799842,155.27579427733,156.273435754817,157.271077232305,158.268718709792,
159.26636018728,160.264001664768,161.261643142255,162.259284619743,163.256926097231,
164.254567574718,165.252209052206,166.249850529694,167.247492007181,168.245133484669,
169.242774962156,170.240416439644,171.238057917132,172.235699394619,173.233340872107,
174.230982349595,175.228623827082,176.22626530457,177.223906782057,178.221548259545,
179.219189737033,180.21683121452,181.214472692008,182.212114169496,183.209755646983,
184.207397124471,185.205038601958,186.202680079446,187.200321556934,188.197963034421,
189.195604511909,190.193245989397,191.190887466884,192.188528944372,193.18617042186,
194.183811899347,195.181453376835,196.179094854322,197.17673633181,198.174377809298,
199.172019286785,200.169660764273,201.167302241761,202.164943719248,203.162585196736,
204.160226674223,205.157868151711,206.155509629199,207.153151106686,208.150792584174,
209.148434061662,210.146075539149,211.143717016637,212.141358494124,213.138999971612,
214.1366414491,215.134282926587,216.131924404075,217.129565881563,218.12720735905,
219.124848836538,220.122490314026,221.120131791513,222.117773269001,223.115414746488,
224.113056223976,225.110697701464,226.108339178951,227.105980656439,228.103622133927,
229.101263611414,230.098905088902,231.096546566389,232.094188043877,233.091829521365,
234.089470998852,235.08711247634,236.084753953828,237.082395431315,238.080036908803),
 .UNSPECIFIED.);
#17=FACE_BOUND('',#195,.T.);
#18=FACE_BOUND('',#198,.T.);
#19=PLANE('',#1754);
#20=PLANE('',#1758);
#21=PLANE('',#1759);
#22=PLANE('',#1760);
#23=PLANE('',#1761);
#24=PLANE('',#1762);
#25=PLANE('',#1763);
#26=PLANE('',#1764);
#27=PLANE('',#1765);
#28=PLANE('',#1769);
#29=CONICAL_SURFACE('',#1747,3.35,0.785398163397447);
#30=CONICAL_SURFACE('',#1756,3.35,0.785398163397451);
#31=FACE_OUTER_BOUND('',#120,.T.);
#32=FACE_OUTER_BOUND('',#121,.T.);
#33=FACE_OUTER_BOUND('',#122,.T.);
#34=FACE_OUTER_BOUND('',#123,.T.);
#35=FACE_OUTER_BOUND('',#124,.T.);
#36=FACE_OUTER_BOUND('',#125,.T.);
#37=FACE_OUTER_BOUND('',#126,.T.);
#38=FACE_OUTER_BOUND('',#127,.T.);
#39=FACE_OUTER_BOUND('',#128,.T.);
#40=FACE_OUTER_BOUND('',#129,.T.);
#41=FACE_OUTER_BOUND('',#130,.T.);
#42=FACE_OUTER_BOUND('',#131,.T.);
#43=FACE_OUTER_BOUND('',#132,.T.);
#44=FACE_OUTER_BOUND('',#133,.T.);
#45=FACE_OUTER_BOUND('',#134,.T.);
#46=FACE_OUTER_BOUND('',#135,.T.);
#47=FACE_OUTER_BOUND('',#136,.T.);
#48=FACE_OUTER_BOUND('',#137,.T.);
#49=FACE_OUTER_BOUND('',#138,.T.);
#50=FACE_OUTER_BOUND('',#139,.T.);
#51=FACE_OUTER_BOUND('',#140,.T.);
#52=FACE_OUTER_BOUND('',#141,.T.);
#53=FACE_OUTER_BOUND('',#142,.T.);
#54=FACE_OUTER_BOUND('',#143,.T.);
#55=FACE_OUTER_BOUND('',#144,.T.);
#56=FACE_OUTER_BOUND('',#145,.T.);
#57=FACE_OUTER_BOUND('',#146,.T.);
#58=FACE_OUTER_BOUND('',#147,.T.);
#59=FACE_OUTER_BOUND('',#148,.T.);
#60=FACE_OUTER_BOUND('',#149,.T.);
#61=FACE_OUTER_BOUND('',#150,.T.);
#62=FACE_OUTER_BOUND('',#151,.T.);
#63=FACE_OUTER_BOUND('',#152,.T.);
#64=FACE_OUTER_BOUND('',#153,.T.);
#65=FACE_OUTER_BOUND('',#154,.T.);
#66=FACE_OUTER_BOUND('',#155,.T.);
#67=FACE_OUTER_BOUND('',#156,.T.);
#68=FACE_OUTER_BOUND('',#157,.T.);
#69=FACE_OUTER_BOUND('',#158,.T.);
#70=FACE_OUTER_BOUND('',#159,.T.);
#71=FACE_OUTER_BOUND('',#160,.T.);
#72=FACE_OUTER_BOUND('',#161,.T.);
#73=FACE_OUTER_BOUND('',#162,.T.);
#74=FACE_OUTER_BOUND('',#163,.T.);
#75=FACE_OUTER_BOUND('',#164,.T.);
#76=FACE_OUTER_BOUND('',#165,.T.);
#77=FACE_OUTER_BOUND('',#166,.T.);
#78=FACE_OUTER_BOUND('',#167,.T.);
#79=FACE_OUTER_BOUND('',#168,.T.);
#80=FACE_OUTER_BOUND('',#169,.T.);
#81=FACE_OUTER_BOUND('',#170,.T.);
#82=FACE_OUTER_BOUND('',#171,.T.);
#83=FACE_OUTER_BOUND('',#172,.T.);
#84=FACE_OUTER_BOUND('',#173,.T.);
#85=FACE_OUTER_BOUND('',#174,.T.);
#86=FACE_OUTER_BOUND('',#175,.T.);
#87=FACE_OUTER_BOUND('',#176,.T.);
#88=FACE_OUTER_BOUND('',#177,.T.);
#89=FACE_OUTER_BOUND('',#178,.T.);
#90=FACE_OUTER_BOUND('',#179,.T.);
#91=FACE_OUTER_BOUND('',#180,.T.);
#92=FACE_OUTER_BOUND('',#181,.T.);
#93=FACE_OUTER_BOUND('',#182,.T.);
#94=FACE_OUTER_BOUND('',#183,.T.);
#95=FACE_OUTER_BOUND('',#184,.T.);
#96=FACE_OUTER_BOUND('',#185,.T.);
#97=FACE_OUTER_BOUND('',#186,.T.);
#98=FACE_OUTER_BOUND('',#187,.T.);
#99=FACE_OUTER_BOUND('',#188,.T.);
#100=FACE_OUTER_BOUND('',#189,.T.);
#101=FACE_OUTER_BOUND('',#190,.T.);
#102=FACE_OUTER_BOUND('',#191,.T.);
#103=FACE_OUTER_BOUND('',#192,.T.);
#104=FACE_OUTER_BOUND('',#193,.T.);
#105=FACE_OUTER_BOUND('',#194,.T.);
#106=FACE_OUTER_BOUND('',#196,.T.);
#107=FACE_OUTER_BOUND('',#197,.T.);
#108=FACE_OUTER_BOUND('',#199,.T.);
#109=FACE_OUTER_BOUND('',#200,.T.);
#110=FACE_OUTER_BOUND('',#201,.T.);
#111=FACE_OUTER_BOUND('',#202,.T.);
#112=FACE_OUTER_BOUND('',#203,.T.);
#113=FACE_OUTER_BOUND('',#204,.T.);
#114=FACE_OUTER_BOUND('',#205,.T.);
#115=FACE_OUTER_BOUND('',#206,.T.);
#116=FACE_OUTER_BOUND('',#207,.T.);
#117=FACE_OUTER_BOUND('',#208,.T.);
#118=FACE_OUTER_BOUND('',#209,.T.);
#119=FACE_OUTER_BOUND('',#210,.T.);
#120=EDGE_LOOP('',(#984,#985,#986,#987));
#121=EDGE_LOOP('',(#988,#989,#990,#991));
#122=EDGE_LOOP('',(#992,#993,#994,#995));
#123=EDGE_LOOP('',(#996,#997,#998,#999));
#124=EDGE_LOOP('',(#1000,#1001,#1002,#1003));
#125=EDGE_LOOP('',(#1004,#1005,#1006,#1007));
#126=EDGE_LOOP('',(#1008,#1009,#1010,#1011));
#127=EDGE_LOOP('',(#1012,#1013,#1014,#1015));
#128=EDGE_LOOP('',(#1016,#1017,#1018,#1019));
#129=EDGE_LOOP('',(#1020,#1021,#1022,#1023));
#130=EDGE_LOOP('',(#1024,#1025,#1026,#1027));
#131=EDGE_LOOP('',(#1028,#1029,#1030,#1031));
#132=EDGE_LOOP('',(#1032,#1033,#1034,#1035));
#133=EDGE_LOOP('',(#1036,#1037,#1038,#1039));
#134=EDGE_LOOP('',(#1040,#1041,#1042,#1043));
#135=EDGE_LOOP('',(#1044,#1045,#1046,#1047));
#136=EDGE_LOOP('',(#1048,#1049,#1050,#1051));
#137=EDGE_LOOP('',(#1052,#1053,#1054,#1055));
#138=EDGE_LOOP('',(#1056,#1057,#1058,#1059));
#139=EDGE_LOOP('',(#1060,#1061,#1062,#1063));
#140=EDGE_LOOP('',(#1064,#1065,#1066,#1067));
#141=EDGE_LOOP('',(#1068,#1069,#1070,#1071));
#142=EDGE_LOOP('',(#1072,#1073,#1074,#1075));
#143=EDGE_LOOP('',(#1076,#1077,#1078,#1079));
#144=EDGE_LOOP('',(#1080,#1081,#1082,#1083));
#145=EDGE_LOOP('',(#1084,#1085,#1086,#1087));
#146=EDGE_LOOP('',(#1088,#1089,#1090,#1091));
#147=EDGE_LOOP('',(#1092,#1093,#1094,#1095));
#148=EDGE_LOOP('',(#1096,#1097,#1098,#1099));
#149=EDGE_LOOP('',(#1100,#1101,#1102,#1103));
#150=EDGE_LOOP('',(#1104,#1105,#1106,#1107));
#151=EDGE_LOOP('',(#1108,#1109,#1110,#1111));
#152=EDGE_LOOP('',(#1112,#1113,#1114,#1115));
#153=EDGE_LOOP('',(#1116,#1117,#1118,#1119));
#154=EDGE_LOOP('',(#1120,#1121,#1122,#1123));
#155=EDGE_LOOP('',(#1124,#1125,#1126,#1127));
#156=EDGE_LOOP('',(#1128,#1129,#1130));
#157=EDGE_LOOP('',(#1131,#1132,#1133,#1134,#1135));
#158=EDGE_LOOP('',(#1136,#1137,#1138,#1139));
#159=EDGE_LOOP('',(#1140,#1141,#1142,#1143));
#160=EDGE_LOOP('',(#1144,#1145,#1146,#1147));
#161=EDGE_LOOP('',(#1148,#1149,#1150,#1151));
#162=EDGE_LOOP('',(#1152,#1153,#1154,#1155));
#163=EDGE_LOOP('',(#1156,#1157,#1158,#1159));
#164=EDGE_LOOP('',(#1160,#1161,#1162,#1163));
#165=EDGE_LOOP('',(#1164,#1165,#1166,#1167));
#166=EDGE_LOOP('',(#1168,#1169,#1170,#1171));
#167=EDGE_LOOP('',(#1172,#1173,#1174,#1175));
#168=EDGE_LOOP('',(#1176,#1177,#1178,#1179));
#169=EDGE_LOOP('',(#1180,#1181,#1182,#1183));
#170=EDGE_LOOP('',(#1184,#1185,#1186,#1187));
#171=EDGE_LOOP('',(#1188,#1189,#1190,#1191));
#172=EDGE_LOOP('',(#1192,#1193,#1194,#1195));
#173=EDGE_LOOP('',(#1196,#1197,#1198,#1199));
#174=EDGE_LOOP('',(#1200,#1201,#1202,#1203));
#175=EDGE_LOOP('',(#1204,#1205,#1206,#1207));
#176=EDGE_LOOP('',(#1208,#1209,#1210,#1211));
#177=EDGE_LOOP('',(#1212,#1213,#1214,#1215));
#178=EDGE_LOOP('',(#1216,#1217,#1218,#1219));
#179=EDGE_LOOP('',(#1220,#1221,#1222,#1223));
#180=EDGE_LOOP('',(#1224,#1225,#1226,#1227));
#181=EDGE_LOOP('',(#1228,#1229,#1230,#1231));
#182=EDGE_LOOP('',(#1232,#1233,#1234,#1235));
#183=EDGE_LOOP('',(#1236,#1237,#1238,#1239));
#184=EDGE_LOOP('',(#1240,#1241,#1242,#1243));
#185=EDGE_LOOP('',(#1244,#1245,#1246,#1247));
#186=EDGE_LOOP('',(#1248,#1249,#1250,#1251));
#187=EDGE_LOOP('',(#1252,#1253,#1254,#1255));
#188=EDGE_LOOP('',(#1256,#1257,#1258,#1259));
#189=EDGE_LOOP('',(#1260,#1261,#1262,#1263));
#190=EDGE_LOOP('',(#1264,#1265,#1266,#1267));
#191=EDGE_LOOP('',(#1268,#1269,#1270,#1271));
#192=EDGE_LOOP('',(#1272,#1273,#1274,#1275,#1276));
#193=EDGE_LOOP('',(#1277,#1278,#1279,#1280,#1281,#1282));
#194=EDGE_LOOP('',(#1283));
#195=EDGE_LOOP('',(#1284,#1285,#1286,#1287));
#196=EDGE_LOOP('',(#1288,#1289,#1290,#1291,#1292));
#197=EDGE_LOOP('',(#1293));
#198=EDGE_LOOP('',(#1294,#1295,#1296,#1297,#1298,#1299));
#199=EDGE_LOOP('',(#1300,#1301,#1302,#1303));
#200=EDGE_LOOP('',(#1304,#1305,#1306,#1307));
#201=EDGE_LOOP('',(#1308,#1309,#1310,#1311));
#202=EDGE_LOOP('',(#1312,#1313,#1314,#1315));
#203=EDGE_LOOP('',(#1316,#1317,#1318,#1319));
#204=EDGE_LOOP('',(#1320,#1321,#1322,#1323));
#205=EDGE_LOOP('',(#1324,#1325,#1326,#1327,#1328,#1329));
#206=EDGE_LOOP('',(#1330,#1331,#1332,#1333,#1334,#1335,#1336,#1337,#1338,
#1339,#1340,#1341,#1342,#1343,#1344,#1345,#1346,#1347,#1348,#1349,#1350,
#1351,#1352,#1353,#1354,#1355,#1356,#1357,#1358,#1359,#1360,#1361,#1362,
#1363,#1364,#1365,#1366,#1367,#1368,#1369,#1370,#1371,#1372,#1373,#1374,
#1375,#1376,#1377,#1378,#1379,#1380,#1381,#1382,#1383,#1384,#1385,#1386,
#1387,#1388,#1389,#1390,#1391,#1392,#1393,#1394,#1395,#1396,#1397,#1398,
#1399,#1400,#1401,#1402,#1403,#1404));
#207=EDGE_LOOP('',(#1405,#1406,#1407,#1408));
#208=EDGE_LOOP('',(#1409,#1410,#1411,#1412,#1413,#1414,#1415,#1416,#1417,
#1418,#1419,#1420,#1421,#1422,#1423,#1424,#1425,#1426,#1427,#1428,#1429,
#1430,#1431,#1432,#1433,#1434,#1435,#1436,#1437,#1438,#1439,#1440,#1441,
#1442,#1443,#1444,#1445,#1446,#1447,#1448,#1449,#1450,#1451,#1452,#1453,
#1454,#1455,#1456,#1457,#1458,#1459,#1460,#1461,#1462,#1463,#1464,#1465,
#1466,#1467,#1468,#1469,#1470,#1471,#1472,#1473,#1474,#1475,#1476,#1477,
#1478,#1479,#1480,#1481,#1482,#1483,#1484));
#209=EDGE_LOOP('',(#1485,#1486,#1487,#1488));
#210=EDGE_LOOP('',(#1489,#1490,#1491,#1492,#1493));
#211=CIRCLE('',#1673,1.954);
#212=CIRCLE('',#1710,1.5555);
#213=CIRCLE('',#1712,1.5555);
#214=CIRCLE('',#1748,3.2);
#215=CIRCLE('',#1749,3.5);
#216=CIRCLE('',#1750,3.5);
#217=CIRCLE('',#1752,3.5);
#218=CIRCLE('',#1753,3.5);
#219=CIRCLE('',#1755,1.5555);
#220=CIRCLE('',#1757,3.2);
#221=CIRCLE('',#1768,1.954);
#222=B_SPLINE_CURVE_WITH_KNOTS('',3,(#2067,#2068,#2069,#2070,#2071,#2072,
#2073,#2074,#2075,#2076),.UNSPECIFIED.,.F.,.F.,(4,3,3,4),(-4.0925417488383,
-3.99056590995052,-2.99292443246289,-2.06514013327809),.UNSPECIFIED.);
#223=B_SPLINE_CURVE_WITH_KNOTS('',3,(#2079,#2080,#2081,#2082,#2083,#2084,
#2085),.UNSPECIFIED.,.F.,.F.,(4,3,4),(0.,0.997641477487617,1.11419103802995),
 .UNSPECIFIED.);
#224=B_SPLINE_CURVE_WITH_KNOTS('',3,(#2090,#2091,#2092,#2093,#2094,#2095,
#2096,#2097,#2098,#2099,#2100,#2101,#2102,#2103,#2104,#2105,#2106,#2107,
#2108,#2109,#2110,#2111),.UNSPECIFIED.,.F.,.F.,(4,3,3,3,3,3,3,4),(-10.3757270560179,
-9.9764147748763,-8.97877329738867,-7.98113181990104,-6.98349034241341,
-5.98584886492578,-4.98820738743815,-4.0925417488383),.UNSPECIFIED.);
#225=B_SPLINE_CURVE_WITH_KNOTS('',3,(#2112,#2113,#2114,#2115,#2116,#2117,
#2118,#2119,#2120,#2121,#2122,#2123,#2124,#2125,#2126,#2127,#2128,#2129,
#2130,#2131,#2132,#2133),.UNSPECIFIED.,.F.,.F.,(4,3,3,3,3,3,3,4),(1.11419103802995,
1.99528295497525,2.99292443246289,3.99056590995053,4.98820738743817,5.9858488649258,
6.98349034241344,7.39737634520954),.UNSPECIFIED.);
#226=B_SPLINE_CURVE_WITH_KNOTS('',3,(#2138,#2139,#2140,#2141,#2142,#2143,
#2144,#2145,#2146,#2147,#2148,#2149,#2150,#2151,#2152,#2153,#2154,#2155,
#2156,#2157,#2158,#2159),.UNSPECIFIED.,.F.,.F.,(4,3,3,3,3,3,3,4),(-16.6589123631975,
-15.9622636398021,-14.9646221623144,-13.9669806848268,-12.9693392073392,
-11.9716977298516,-10.9740562523639,-10.3757270560179),.UNSPECIFIED.);
#227=B_SPLINE_CURVE_WITH_KNOTS('',3,(#2160,#2161,#2162,#2163,#2164,#2165,
#2166,#2167,#2168,#2169,#2170,#2171,#2172,#2173,#2174,#2175,#2176,#2177,
#2178,#2179,#2180,#2181),.UNSPECIFIED.,.F.,.F.,(4,3,3,3,3,3,3,4),(7.39737634520954,
7.98113181990107,8.9787732973887,9.97641477487632,10.9740562523639,11.9716977298516,
12.9693392073392,13.6805616523891),.UNSPECIFIED.);
#228=B_SPLINE_CURVE_WITH_KNOTS('',3,(#2186,#2187,#2188,#2189,#2190,#2191,
#2192,#2193,#2194,#2195,#2196,#2197,#2198,#2199,#2200,#2201,#2202,#2203,
#2204,#2205,#2206,#2207),.UNSPECIFIED.,.F.,.F.,(4,3,3,3,3,3,3,4),(-22.9420976703771,
-21.9481125047279,-20.9504710272402,-19.9528295497526,-18.955188072265,
-17.9575465947773,-16.9599051172897,-16.6589123631975),.UNSPECIFIED.);
#229=B_SPLINE_CURVE_WITH_KNOTS('',3,(#2208,#2209,#2210,#2211,#2212,#2213,
#2214,#2215,#2216,#2217,#2218,#2219,#2220,#2221,#2222,#2223,#2224,#2225,
#2226,#2227,#2228,#2229,#2230,#2231,#2232),.UNSPECIFIED.,.F.,.F.,(4,3,3,
3,3,3,3,3,4),(13.6805616523891,13.9669806848268,14.9646221623144,15.9622636398021,
16.9599051172897,17.9575465947773,18.955188072265,19.9528295497526,19.9637469595687),
 .UNSPECIFIED.);
#230=B_SPLINE_CURVE_WITH_KNOTS('',3,(#2237,#2238,#2239,#2240,#2241,#2242,
#2243,#2244,#2245,#2246,#2247,#2248,#2249,#2250,#2251,#2252,#2253,#2254,
#2255,#2256,#2257,#2258,#2259,#2260,#2261),.UNSPECIFIED.,.F.,.F.,(4,3,3,
3,3,3,3,3,4),(-29.2252829775566,-28.9316028471413,-27.9339613696536,-26.936319892166,
-25.9386784146784,-24.9410369371907,-23.9433954597031,-22.9457539822155,
-22.9420976703771),.UNSPECIFIED.);
#231=B_SPLINE_CURVE_WITH_KNOTS('',3,(#2262,#2263,#2264,#2265,#2266,#2267,
#2268,#2269,#2270,#2271,#2272,#2273,#2274,#2275,#2276,#2277,#2278,#2279,
#2280,#2281,#2282,#2283),.UNSPECIFIED.,.F.,.F.,(4,3,3,3,3,3,3,4),(19.9637469595687,
20.9504710272402,21.9481125047279,22.9457539822155,23.9433954597031,24.9410369371908,
25.9386784146784,26.2469322667483),.UNSPECIFIED.);
#232=B_SPLINE_CURVE_WITH_KNOTS('',3,(#2288,#2289,#2290,#2291,#2292,#2293,
#2294,#2295,#2296,#2297,#2298,#2299,#2300,#2301,#2302,#2303,#2304,#2305,
#2306,#2307,#2308,#2309),.UNSPECIFIED.,.F.,.F.,(4,3,3,3,3,3,3,4),(-35.5084682847362,
-34.917451712067,-33.9198102345794,-32.9221687570918,-31.9245272796042,
-30.9268858021165,-29.9292443246289,-29.2252829775566),.UNSPECIFIED.);
#233=B_SPLINE_CURVE_WITH_KNOTS('',3,(#2310,#2311,#2312,#2313,#2314,#2315,
#2316,#2317,#2318,#2319,#2320,#2321,#2322,#2323,#2324,#2325,#2326,#2327,
#2328,#2329,#2330,#2331),.UNSPECIFIED.,.F.,.F.,(4,3,3,3,3,3,3,4),(26.2469322667483,
26.936319892166,27.9339613696536,28.9316028471413,29.9292443246289,30.9268858021165,
31.9245272796042,32.5301175739279),.UNSPECIFIED.);
#234=B_SPLINE_CURVE_WITH_KNOTS('',3,(#2336,#2337,#2338,#2339,#2340,#2341,
#2342,#2343,#2344,#2345,#2346,#2347,#2348,#2349,#2350,#2351,#2352,#2353,
#2354,#2355,#2356,#2357),.UNSPECIFIED.,.F.,.F.,(4,3,3,3,3,3,3,4),(-41.7916535919158,
-40.9033005769928,-39.9056590995052,-38.9080176220176,-37.9103761445299,
-36.9127346670423,-35.9150931895547,-35.5084682847362),.UNSPECIFIED.);
#235=B_SPLINE_CURVE_WITH_KNOTS('',3,(#2358,#2359,#2360,#2361,#2362,#2363,
#2364,#2365,#2366,#2367,#2368,#2369,#2370,#2371,#2372,#2373,#2374,#2375,
#2376,#2377,#2378,#2379),.UNSPECIFIED.,.F.,.F.,(4,3,3,3,3,3,3,4),(32.5301175739279,
32.9221687570918,33.9198102345794,34.9174517120671,35.9150931895547,36.9127346670423,
37.91037614453,38.8133028811075),.UNSPECIFIED.);
#236=B_SPLINE_CURVE_WITH_KNOTS('',3,(#2384,#2385,#2386,#2387,#2388,#2389,
#2390,#2391,#2392,#2393,#2394,#2395,#2396,#2397,#2398,#2399,#2400,#2401,
#2402,#2403,#2404,#2405,#2406,#2407,#2408),.UNSPECIFIED.,.F.,.F.,(4,3,3,
3,3,3,3,3,4),(-48.0748388990954,-47.8867909194062,-46.8891494419186,-45.891507964431,
-44.8938664869433,-43.8962250094557,-42.8985835319681,-41.9009420544805,
-41.7916535919158),.UNSPECIFIED.);
#237=B_SPLINE_CURVE_WITH_KNOTS('',3,(#2409,#2410,#2411,#2412,#2413,#2414,
#2415,#2416,#2417,#2418,#2419,#2420,#2421,#2422,#2423,#2424,#2425,#2426,
#2427,#2428,#2429,#2430,#2431,#2432,#2433),.UNSPECIFIED.,.F.,.F.,(4,3,3,
3,3,3,3,3,4),(38.8133028811075,38.9080176220176,39.9056590995052,40.9033005769928,
41.9009420544805,42.8985835319681,43.8962250094557,44.8938664869433,45.0964881882871),
 .UNSPECIFIED.);
#238=B_SPLINE_CURVE_WITH_KNOTS('',3,(#2438,#2439,#2440,#2441,#2442,#2443,
#2444,#2445,#2446,#2447,#2448,#2449,#2450,#2451,#2452,#2453,#2454,#2455,
#2456,#2457,#2458,#2459),.UNSPECIFIED.,.F.,.F.,(4,3,3,3,3,3,3,4),(-54.358024206275,
-53.872639784332,-52.8749983068444,-51.8773568293567,-50.8797153518691,
-49.8820738743815,-48.8844323968939,-48.0748388990954),.UNSPECIFIED.);
#239=B_SPLINE_CURVE_WITH_KNOTS('',3,(#2460,#2461,#2462,#2463,#2464,#2465,
#2466,#2467,#2468,#2469,#2470,#2471,#2472,#2473,#2474,#2475,#2476,#2477,
#2478,#2479,#2480,#2481),.UNSPECIFIED.,.F.,.F.,(4,3,3,3,3,3,3,4),(45.0964881882871,
45.891507964431,46.8891494419186,47.8867909194062,48.8844323968939,49.8820738743815,
50.8797153518691,51.3796734954667),.UNSPECIFIED.);
#240=B_SPLINE_CURVE_WITH_KNOTS('',3,(#2486,#2487,#2488,#2489,#2490,#2491,
#2492,#2493,#2494,#2495,#2496,#2497,#2498,#2499,#2500,#2501,#2502,#2503,
#2504,#2505,#2506,#2507),.UNSPECIFIED.,.F.,.F.,(4,3,3,3,3,3,3,4),(-60.6412095134546,
-59.8584886492578,-58.8608471717701,-57.8632056942825,-56.8655642167949,
-55.8679227393073,-54.8702812618196,-54.358024206275),.UNSPECIFIED.);
#241=B_SPLINE_CURVE_WITH_KNOTS('',3,(#2508,#2509,#2510,#2511,#2512,#2513,
#2514,#2515,#2516,#2517,#2518,#2519,#2520,#2521,#2522,#2523,#2524,#2525,
#2526,#2527,#2528,#2529),.UNSPECIFIED.,.F.,.F.,(4,3,3,3,3,3,3,4),(51.3796734954667,
51.8773568293568,52.8749983068444,53.872639784332,54.8702812618196,55.8679227393073,
56.8655642167949,57.6628588026462),.UNSPECIFIED.);
#242=B_SPLINE_CURVE_WITH_KNOTS('',3,(#2534,#2535,#2536,#2537,#2538,#2539,
#2540,#2541,#2542,#2543,#2544,#2545,#2546,#2547,#2548,#2549,#2550,#2551,
#2552,#2553,#2554,#2555,#2556,#2557,#2558),.UNSPECIFIED.,.F.,.F.,(4,3,3,
3,3,3,3,3,4),(-66.9243948206342,-66.8419789916712,-65.8443375141836,-64.8466960366959,
-63.8490545592083,-62.8514130817207,-61.853771604233,-60.8561301267454,
-60.6412095134546),.UNSPECIFIED.);
#243=B_SPLINE_CURVE_WITH_KNOTS('',3,(#2559,#2560,#2561,#2562,#2563,#2564,
#2565,#2566,#2567,#2568,#2569,#2570,#2571,#2572,#2573,#2574,#2575,#2576,
#2577,#2578,#2579,#2580,#2581,#2582,#2583),.UNSPECIFIED.,.F.,.F.,(4,3,3,
3,3,3,3,3,4),(57.6628588026462,57.8632056942825,58.8608471717702,59.8584886492578,
60.8561301267454,61.8537716042331,62.8514130817207,63.8490545592083,63.9460441098259),
 .UNSPECIFIED.);
#244=B_SPLINE_CURVE_WITH_KNOTS('',3,(#2588,#2589,#2590,#2591,#2592,#2593,
#2594,#2595,#2596,#2597,#2598,#2599,#2600,#2601,#2602,#2603,#2604,#2605,
#2606,#2607,#2608,#2609),.UNSPECIFIED.,.F.,.F.,(4,3,3,3,3,3,3,4),(-73.2075801278138,
-72.827827856597,-71.8301863791093,-70.8325449016217,-69.8349034241341,
-68.8372619466464,-67.8396204691588,-66.9243948206342),.UNSPECIFIED.);
#245=B_SPLINE_CURVE_WITH_KNOTS('',3,(#2610,#2611,#2612,#2613,#2614,#2615,
#2616,#2617,#2618,#2619,#2620,#2621,#2622,#2623,#2624,#2625,#2626,#2627,
#2628,#2629,#2630,#2631),.UNSPECIFIED.,.F.,.F.,(4,3,3,3,3,3,3,4),(63.9460441098259,
64.8466960366959,65.8443375141836,66.8419789916712,67.8396204691588,68.8372619466465,
69.8349034241341,70.2292294170054),.UNSPECIFIED.);
#246=B_SPLINE_CURVE_WITH_KNOTS('',3,(#2636,#2637,#2638,#2639,#2640,#2641,
#2642,#2643,#2644,#2645,#2646,#2647,#2648,#2649,#2650,#2651,#2652,#2653,
#2654,#2655,#2656,#2657),.UNSPECIFIED.,.F.,.F.,(4,3,3,3,3,3,3,4),(-79.4907654349934,
-78.8136767215227,-77.8160352440351,-76.8183937665475,-75.8207522890599,
-74.8231108115722,-73.8254693340846,-73.2075801278138),.UNSPECIFIED.);
#247=B_SPLINE_CURVE_WITH_KNOTS('',3,(#2658,#2659,#2660,#2661,#2662,#2663,
#2664,#2665,#2666,#2667,#2668,#2669,#2670,#2671,#2672,#2673,#2674,#2675,
#2676,#2677,#2678,#2679),.UNSPECIFIED.,.F.,.F.,(4,3,3,3,3,3,3,4),(70.2292294170054,
70.8325449016217,71.8301863791094,72.827827856597,73.8254693340846,74.8231108115723,
75.8207522890599,76.512414724185),.UNSPECIFIED.);
#248=B_SPLINE_CURVE_WITH_KNOTS('',3,(#2684,#2685,#2686,#2687,#2688,#2689,
#2690,#2691,#2692,#2693,#2694,#2695,#2696,#2697,#2698,#2699,#2700,#2701,
#2702,#2703,#2704,#2705),.UNSPECIFIED.,.F.,.F.,(4,3,3,3,3,3,3,4),(-85.773950742173,
-84.7995255864485,-83.8018841089609,-82.8042426314733,-81.8066011539856,
-80.808959676498,-79.8113181990104,-79.4907654349934),.UNSPECIFIED.);
#249=B_SPLINE_CURVE_WITH_KNOTS('',3,(#2706,#2707,#2708,#2709,#2710,#2711,
#2712,#2713,#2714,#2715,#2716,#2717,#2718,#2719,#2720,#2721,#2722,#2723,
#2724,#2725,#2726,#2727),.UNSPECIFIED.,.F.,.F.,(4,3,3,3,3,3,3,4),(76.512414724185,
76.8183937665475,77.8160352440351,78.8136767215228,79.8113181990104,80.808959676498,
81.8066011539857,82.7956000313646),.UNSPECIFIED.);
#250=B_SPLINE_CURVE_WITH_KNOTS('',3,(#2732,#2733,#2734,#2735,#2736,#2737,
#2738,#2739,#2740,#2741,#2742,#2743,#2744,#2745,#2746,#2747,#2748,#2749,
#2750,#2751,#2752,#2753,#2754,#2755,#2756),.UNSPECIFIED.,.F.,.F.,(4,3,3,
3,3,3,3,3,4),(-92.0571360493526,-91.7830159288619,-90.7853744513743,-89.7877329738867,
-88.790091496399,-87.7924500189114,-86.7948085414238,-85.7971670639361,
-85.773950742173),.UNSPECIFIED.);
#251=B_SPLINE_CURVE_WITH_KNOTS('',3,(#2757,#2758,#2759,#2760,#2761,#2762,
#2763,#2764,#2765,#2766,#2767,#2768,#2769,#2770,#2771,#2772,#2773,#2774,
#2775,#2776,#2777,#2778,#2779,#2780,#2781),.UNSPECIFIED.,.F.,.F.,(4,3,3,
3,3,3,3,3,4),(82.7956000313646,82.8042426314733,83.8018841089609,84.7995255864486,
85.7971670639362,86.7948085414238,87.7924500189115,88.7900914963991,89.0787853385442),
 .UNSPECIFIED.);
#252=B_SPLINE_CURVE_WITH_KNOTS('',3,(#2786,#2787,#2788,#2789,#2790,#2791,
#2792,#2793,#2794,#2795,#2796,#2797,#2798,#2799,#2800,#2801,#2802,#2803,
#2804,#2805,#2806,#2807),.UNSPECIFIED.,.F.,.F.,(4,3,3,3,3,3,3,4),(-98.3403213565322,
-97.7688647937877,-96.7712233163001,-95.7735818388124,-94.7759403613248,
-93.7782988838372,-92.7806574063495,-92.0571360493526),.UNSPECIFIED.);
#253=B_SPLINE_CURVE_WITH_KNOTS('',3,(#2808,#2809,#2810,#2811,#2812,#2813,
#2814,#2815,#2816,#2817,#2818,#2819,#2820,#2821,#2822,#2823,#2824,#2825,
#2826,#2827,#2828,#2829),.UNSPECIFIED.,.F.,.F.,(4,3,3,3,3,3,3,4),(89.0787853385442,
89.7877329738867,90.7853744513743,91.7830159288619,92.7806574063496,93.7782988838372,
94.7759403613248,95.3619706457238),.UNSPECIFIED.);
#254=B_SPLINE_CURVE_WITH_KNOTS('',3,(#2834,#2835,#2836,#2837,#2838,#2839,
#2840,#2841,#2842,#2843,#2844,#2845,#2846,#2847,#2848,#2849,#2850,#2851,
#2852,#2853,#2854,#2855),.UNSPECIFIED.,.F.,.F.,(4,3,3,3,3,3,3,4),(-104.623506663712,
-103.754713658713,-102.757072181226,-101.759430703738,-100.761789226251,
-99.764147748763,-98.7665062712753,-98.3403213565322),.UNSPECIFIED.);
#255=B_SPLINE_CURVE_WITH_KNOTS('',3,(#2856,#2857,#2858,#2859,#2860,#2861,
#2862,#2863,#2864,#2865,#2866,#2867,#2868,#2869,#2870,#2871,#2872,#2873,
#2874,#2875,#2876,#2877),.UNSPECIFIED.,.F.,.F.,(4,3,3,3,3,3,3,4),(95.3619706457238,
95.7735818388124,96.7712233163001,97.7688647937877,98.7665062712754,99.764147748763,
100.761789226251,101.645155952903),.UNSPECIFIED.);
#256=B_SPLINE_CURVE_WITH_KNOTS('',3,(#2882,#2883,#2884,#2885,#2886,#2887,
#2888,#2889,#2890,#2891,#2892,#2893,#2894,#2895,#2896,#2897,#2898,#2899,
#2900,#2901,#2902,#2903,#2904,#2905,#2906),.UNSPECIFIED.,.F.,.F.,(4,3,3,
3,3,3,3,3,4),(-110.906691970891,-110.738204001127,-109.740562523639,-108.742921046152,
-107.745279568664,-106.747638091176,-105.749996613689,-104.752355136201,
-104.623506663712),.UNSPECIFIED.);
#257=B_SPLINE_CURVE_WITH_KNOTS('',3,(#2907,#2908,#2909,#2910,#2911,#2912,
#2913,#2914,#2915,#2916,#2917,#2918,#2919,#2920,#2921,#2922,#2923,#2924,
#2925,#2926,#2927,#2928,#2929,#2930,#2931),.UNSPECIFIED.,.F.,.F.,(4,3,3,
3,3,3,3,3,4),(101.645155952903,101.759430703738,102.757072181226,103.754713658714,
104.752355136201,105.749996613689,106.747638091176,107.745279568664,107.928341260083),
 .UNSPECIFIED.);
#258=B_SPLINE_CURVE_WITH_KNOTS('',3,(#2936,#2937,#2938,#2939,#2940,#2941,
#2942,#2943,#2944,#2945,#2946,#2947,#2948,#2949,#2950,#2951,#2952,#2953,
#2954,#2955,#2956,#2957),.UNSPECIFIED.,.F.,.F.,(4,3,3,3,3,3,3,4),(-117.189877278071,
-116.724052866053,-115.726411388565,-114.728769911077,-113.73112843359,
-112.733486956102,-111.735845478615,-110.906691970891),.UNSPECIFIED.);
#259=B_SPLINE_CURVE_WITH_KNOTS('',3,(#2958,#2959,#2960,#2961,#2962,#2963,
#2964,#2965,#2966,#2967,#2968,#2969,#2970,#2971,#2972,#2973,#2974,#2975,
#2976,#2977,#2978,#2979),.UNSPECIFIED.,.F.,.F.,(4,3,3,3,3,3,3,4),(107.928341260083,
108.742921046152,109.740562523639,110.738204001127,111.735845478615,112.733486956102,
113.73112843359,114.211526567263),.UNSPECIFIED.);
#260=B_SPLINE_CURVE_WITH_KNOTS('',3,(#2984,#2985,#2986,#2987,#2988,#2989,
#2990,#2991,#2992,#2993,#2994,#2995,#2996,#2997,#2998,#2999,#3000,#3001,
#3002,#3003,#3004,#3005),.UNSPECIFIED.,.F.,.F.,(4,3,3,3,3,3,3,4),(-123.473062585251,
-122.709901730978,-121.712260253491,-120.714618776003,-119.716977298516,
-118.719335821028,-117.72169434354,-117.189877278071),.UNSPECIFIED.);
#261=B_SPLINE_CURVE_WITH_KNOTS('',3,(#3006,#3007,#3008,#3009,#3010,#3011,
#3012,#3013,#3014,#3015,#3016,#3017,#3018,#3019,#3020,#3021,#3022,#3023,
#3024,#3025,#3026,#3027),.UNSPECIFIED.,.F.,.F.,(4,3,3,3,3,3,3,4),(114.211526567263,
114.728769911077,115.726411388565,116.724052866053,117.72169434354,118.719335821028,
119.716977298516,120.494711874442),.UNSPECIFIED.);
#262=B_SPLINE_CURVE_WITH_KNOTS('',3,(#3032,#3033,#3034,#3035,#3036,#3037,
#3038,#3039,#3040,#3041,#3042,#3043,#3044,#3045,#3046,#3047,#3048,#3049,
#3050,#3051,#3052,#3053,#3054,#3055,#3056),.UNSPECIFIED.,.F.,.F.,(4,3,3,
3,3,3,3,3,4),(-129.75624789243,-129.693392073392,-128.695750595904,-127.698109118417,
-126.700467640929,-125.702826163441,-124.705184685954,-123.707543208466,
-123.473062585251),.UNSPECIFIED.);
#263=B_SPLINE_CURVE_WITH_KNOTS('',3,(#3057,#3058,#3059,#3060,#3061,#3062,
#3063,#3064,#3065,#3066,#3067,#3068,#3069,#3070,#3071,#3072,#3073,#3074,
#3075,#3076,#3077,#3078,#3079,#3080,#3081),.UNSPECIFIED.,.F.,.F.,(4,3,3,
3,3,3,3,3,4),(120.494711874442,120.714618776003,121.712260253491,122.709901730979,
123.707543208466,124.705184685954,125.702826163441,126.700467640929,126.777897181622),
 .UNSPECIFIED.);
#264=B_SPLINE_CURVE_WITH_KNOTS('',3,(#3086,#3087,#3088,#3089,#3090,#3091,
#3092,#3093,#3094,#3095,#3096,#3097,#3098,#3099,#3100,#3101,#3102,#3103,
#3104,#3105,#3106,#3107),.UNSPECIFIED.,.F.,.F.,(4,3,3,3,3,3,3,4),(-136.03943319961,
-135.679240938318,-134.68159946083,-133.683957983342,-132.686316505855,
-131.688675028367,-130.69103355088,-129.75624789243),.UNSPECIFIED.);
#265=B_SPLINE_CURVE_WITH_KNOTS('',3,(#3108,#3109,#3110,#3111,#3112,#3113,
#3114,#3115,#3116,#3117,#3118,#3119,#3120,#3121,#3122,#3123,#3124,#3125,
#3126,#3127,#3128,#3129),.UNSPECIFIED.,.F.,.F.,(4,3,3,3,3,3,3,4),(126.777897181622,
127.698109118417,128.695750595904,129.693392073392,130.69103355088,131.688675028367,
132.686316505855,133.061082488801),.UNSPECIFIED.);
#266=B_SPLINE_CURVE_WITH_KNOTS('',3,(#3134,#3135,#3136,#3137,#3138,#3139,
#3140,#3141,#3142,#3143,#3144,#3145,#3146,#3147,#3148,#3149,#3150,#3151,
#3152,#3153,#3154,#3155),.UNSPECIFIED.,.F.,.F.,(4,3,3,3,3,3,3,4),(-142.322618506789,
-141.665089803243,-140.667448325756,-139.669806848268,-138.672165370781,
-137.674523893293,-136.676882415805,-136.03943319961),.UNSPECIFIED.);
#267=B_SPLINE_CURVE_WITH_KNOTS('',3,(#3156,#3157,#3158,#3159,#3160,#3161,
#3162,#3163,#3164,#3165,#3166,#3167,#3168,#3169,#3170,#3171,#3172,#3173,
#3174,#3175,#3176,#3177),.UNSPECIFIED.,.F.,.F.,(4,3,3,3,3,3,3,4),(133.061082488801,
133.683957983342,134.68159946083,135.679240938318,136.676882415805,137.674523893293,
138.672165370781,139.344267795981),.UNSPECIFIED.);
#268=B_SPLINE_CURVE_WITH_KNOTS('',3,(#3182,#3183,#3184,#3185,#3186,#3187,
#3188,#3189,#3190,#3191,#3192,#3193,#3194,#3195,#3196,#3197,#3198,#3199,
#3200,#3201,#3202,#3203),.UNSPECIFIED.,.F.,.F.,(4,3,3,3,3,3,3,4),(-148.605803813969,
-147.650938668169,-146.653297190682,-145.655655713194,-144.658014235706,
-143.660372758219,-142.662731280731,-142.322618506789),.UNSPECIFIED.);
#269=B_SPLINE_CURVE_WITH_KNOTS('',3,(#3204,#3205,#3206,#3207,#3208,#3209,
#3210,#3211,#3212,#3213,#3214,#3215,#3216,#3217,#3218,#3219,#3220,#3221,
#3222,#3223,#3224,#3225),.UNSPECIFIED.,.F.,.F.,(4,3,3,3,3,3,3,4),(139.344267795981,
139.669806848268,140.667448325756,141.665089803243,142.662731280731,143.660372758219,
144.658014235706,145.62745310316),.UNSPECIFIED.);
#270=B_SPLINE_CURVE_WITH_KNOTS('',3,(#3230,#3231,#3232,#3233,#3234,#3235,
#3236,#3237,#3238,#3239,#3240,#3241,#3242,#3243,#3244,#3245,#3246,#3247,
#3248,#3249,#3250,#3251,#3252,#3253,#3254),.UNSPECIFIED.,.F.,.F.,(4,3,3,
3,3,3,3,3,4),(-154.888989121148,-154.634429010583,-153.636787533095,-152.639146055607,
-151.64150457812,-150.643863100632,-149.646221623144,-148.648580145657,
-148.605803813969),.UNSPECIFIED.);
#271=B_SPLINE_CURVE_WITH_KNOTS('',3,(#3255,#3256,#3257,#3258,#3259,#3260,
#3261,#3262,#3263,#3264,#3265,#3266,#3267,#3268,#3269,#3270,#3271,#3272,
#3273,#3274,#3275,#3276,#3277,#3278,#3279),.UNSPECIFIED.,.F.,.F.,(4,3,3,
3,3,3,3,3,4),(145.62745310316,145.655655713194,146.653297190682,147.650938668169,
148.648580145657,149.646221623144,150.643863100632,151.64150457812,151.91063841034),
 .UNSPECIFIED.);
#272=B_SPLINE_CURVE_WITH_KNOTS('',3,(#3284,#3285,#3286,#3287,#3288,#3289,
#3290,#3291,#3292,#3293,#3294,#3295,#3296,#3297,#3298,#3299,#3300,#3301,
#3302,#3303,#3304,#3305),.UNSPECIFIED.,.F.,.F.,(4,3,3,3,3,3,3,4),(-161.172174428328,
-160.620277875508,-159.622636398021,-158.624994920533,-157.627353443046,
-156.629711965558,-155.63207048807,-154.888989121148),.UNSPECIFIED.);
#273=B_SPLINE_CURVE_WITH_KNOTS('',3,(#3306,#3307,#3308,#3309,#3310,#3311,
#3312,#3313,#3314,#3315,#3316,#3317,#3318,#3319,#3320,#3321,#3322,#3323,
#3324,#3325,#3326,#3327),.UNSPECIFIED.,.F.,.F.,(4,3,3,3,3,3,3,4),(151.91063841034,
152.639146055607,153.636787533095,154.634429010583,155.63207048807,156.629711965558,
157.627353443046,158.19382371752),.UNSPECIFIED.);
#274=B_SPLINE_CURVE_WITH_KNOTS('',3,(#3332,#3333,#3334,#3335,#3336,#3337,
#3338,#3339,#3340,#3341,#3342,#3343,#3344,#3345,#3346,#3347,#3348,#3349,
#3350,#3351,#3352,#3353),.UNSPECIFIED.,.F.,.F.,(4,3,3,3,3,3,3,4),(-167.455359735508,
-166.606126740434,-165.608485262947,-164.610843785459,-163.613202307971,
-162.615560830484,-161.617919352996,-161.172174428328),.UNSPECIFIED.);
#275=B_SPLINE_CURVE_WITH_KNOTS('',3,(#3354,#3355,#3356,#3357,#3358,#3359,
#3360,#3361,#3362,#3363,#3364,#3365,#3366,#3367,#3368,#3369,#3370,#3371,
#3372,#3373,#3374,#3375),.UNSPECIFIED.,.F.,.F.,(4,3,3,3,3,3,3,4),(158.19382371752,
158.624994920533,159.622636398021,160.620277875508,161.617919352996,162.615560830484,
163.613202307971,164.477009024699),.UNSPECIFIED.);
#276=B_SPLINE_CURVE_WITH_KNOTS('',3,(#3380,#3381,#3382,#3383,#3384,#3385,
#3386,#3387,#3388,#3389,#3390,#3391,#3392,#3393,#3394,#3395,#3396,#3397,
#3398,#3399,#3400,#3401,#3402,#3403,#3404),.UNSPECIFIED.,.F.,.F.,(4,3,3,
3,3,3,3,3,4),(-173.738545042687,-173.589617082848,-172.59197560536,-171.594334127872,
-170.596692650385,-169.599051172897,-168.601409695409,-167.603768217922,
-167.455359735508),.UNSPECIFIED.);
#277=B_SPLINE_CURVE_WITH_KNOTS('',3,(#3405,#3406,#3407,#3408,#3409,#3410,
#3411,#3412,#3413,#3414,#3415,#3416,#3417,#3418,#3419,#3420,#3421,#3422,
#3423,#3424,#3425,#3426,#3427,#3428,#3429),.UNSPECIFIED.,.F.,.F.,(4,3,3,
3,3,3,3,3,4),(164.477009024699,164.610843785459,165.608485262947,166.606126740434,
167.603768217922,168.601409695409,169.599051172897,170.596692650385,170.760194331879),
 .UNSPECIFIED.);
#278=B_SPLINE_CURVE_WITH_KNOTS('',3,(#3434,#3435,#3436,#3437,#3438,#3439,
#3440,#3441,#3442,#3443,#3444,#3445,#3446,#3447,#3448,#3449,#3450,#3451,
#3452,#3453,#3454,#3455),.UNSPECIFIED.,.F.,.F.,(4,3,3,3,3,3,3,4),(-180.021730349867,
-179.575465947773,-178.577824470286,-177.580182992798,-176.58254151531,
-175.584900037823,-174.587258560335,-173.738545042687),.UNSPECIFIED.);
#279=B_SPLINE_CURVE_WITH_KNOTS('',3,(#3456,#3457,#3458,#3459,#3460,#3461,
#3462,#3463,#3464,#3465,#3466,#3467,#3468,#3469,#3470,#3471,#3472,#3473,
#3474,#3475,#3476,#3477),.UNSPECIFIED.,.F.,.F.,(4,3,3,3,3,3,3,4),(170.760194331879,
171.594334127872,172.59197560536,173.589617082848,174.587258560335,175.584900037823,
176.582541515311,177.043379639058),.UNSPECIFIED.);
#280=B_SPLINE_CURVE_WITH_KNOTS('',3,(#3482,#3483,#3484,#3485,#3486,#3487,
#3488,#3489,#3490,#3491,#3492,#3493,#3494,#3495,#3496,#3497,#3498,#3499,
#3500,#3501,#3502,#3503),.UNSPECIFIED.,.F.,.F.,(4,3,3,3,3,3,3,4),(-186.304915657046,
-185.561314812699,-184.563673335212,-183.566031857724,-182.568390380236,
-181.570748902749,-180.573107425261,-180.021730349867),.UNSPECIFIED.);
#281=B_SPLINE_CURVE_WITH_KNOTS('',3,(#3504,#3505,#3506,#3507,#3508,#3509,
#3510,#3511,#3512,#3513,#3514,#3515,#3516,#3517,#3518,#3519,#3520,#3521,
#3522,#3523,#3524,#3525),.UNSPECIFIED.,.F.,.F.,(4,3,3,3,3,3,3,4),(177.043379639058,
177.580182992798,178.577824470286,179.575465947773,180.573107425261,181.570748902749,
182.568390380236,183.326564946238),.UNSPECIFIED.);
#282=B_SPLINE_CURVE_WITH_KNOTS('',3,(#3530,#3531,#3532,#3533,#3534,#3535,
#3536,#3537,#3538,#3539,#3540,#3541,#3542,#3543,#3544,#3545,#3546,#3547,
#3548,#3549,#3550,#3551,#3552,#3553,#3554),.UNSPECIFIED.,.F.,.F.,(4,3,3,
3,3,3,3,3,4),(-192.588100964226,-192.544805155113,-191.547163677625,-190.549522200137,
-189.55188072265,-188.554239245162,-187.556597767674,-186.558956290187,
-186.304915657046),.UNSPECIFIED.);
#283=B_SPLINE_CURVE_WITH_KNOTS('',3,(#3555,#3556,#3557,#3558,#3559,#3560,
#3561,#3562,#3563,#3564,#3565,#3566,#3567,#3568,#3569,#3570,#3571,#3572,
#3573,#3574,#3575,#3576,#3577,#3578,#3579),.UNSPECIFIED.,.F.,.F.,(4,3,3,
3,3,3,3,3,4),(183.326564946238,183.566031857724,184.563673335212,185.561314812699,
186.558956290187,187.556597767674,188.554239245162,189.55188072265,189.609750253417),
 .UNSPECIFIED.);
#284=B_SPLINE_CURVE_WITH_KNOTS('',3,(#3584,#3585,#3586,#3587,#3588,#3589,
#3590,#3591,#3592,#3593,#3594,#3595,#3596,#3597,#3598,#3599,#3600,#3601,
#3602,#3603,#3604,#3605),.UNSPECIFIED.,.F.,.F.,(4,3,3,3,3,3,3,4),(-198.871286271405,
-198.530654020038,-197.533012542551,-196.535371065063,-195.537729587575,
-194.540088110088,-193.5424466326,-192.588100964226),.UNSPECIFIED.);
#285=B_SPLINE_CURVE_WITH_KNOTS('',3,(#3606,#3607,#3608,#3609,#3610,#3611,
#3612,#3613,#3614,#3615,#3616,#3617,#3618,#3619,#3620,#3621,#3622,#3623,
#3624,#3625,#3626,#3627),.UNSPECIFIED.,.F.,.F.,(4,3,3,3,3,3,3,4),(189.609750253417,
190.549522200137,191.547163677625,192.544805155113,193.5424466326,194.540088110088,
195.537729587575,195.892935560597),.UNSPECIFIED.);
#286=B_SPLINE_CURVE_WITH_KNOTS('',3,(#3632,#3633,#3634,#3635,#3636,#3637,
#3638,#3639,#3640,#3641,#3642,#3643,#3644,#3645,#3646,#3647,#3648,#3649,
#3650,#3651,#3652,#3653),.UNSPECIFIED.,.F.,.F.,(4,3,3,3,3,3,3,4),(-205.154471578585,
-204.516502884964,-203.518861407476,-202.521219929989,-201.523578452501,
-200.525936975014,-199.528295497526,-198.871286271405),.UNSPECIFIED.);
#287=B_SPLINE_CURVE_WITH_KNOTS('',3,(#3654,#3655,#3656,#3657,#3658,#3659,
#3660,#3661,#3662,#3663,#3664,#3665,#3666,#3667,#3668,#3669,#3670,#3671,
#3672,#3673,#3674,#3675),.UNSPECIFIED.,.F.,.F.,(4,3,3,3,3,3,3,4),(195.892935560597,
196.535371065063,197.533012542551,198.530654020038,199.528295497526,200.525936975014,
201.523578452501,202.176120867777),.UNSPECIFIED.);
#288=B_SPLINE_CURVE_WITH_KNOTS('',3,(#3680,#3681,#3682,#3683,#3684,#3685,
#3686,#3687,#3688,#3689,#3690,#3691,#3692,#3693,#3694,#3695,#3696,#3697,
#3698,#3699,#3700,#3701),.UNSPECIFIED.,.F.,.F.,(4,3,3,3,3,3,3,4),(-211.437656885764,
-210.50235174989,-209.504710272402,-208.507068794915,-207.509427317427,
-206.511785839939,-205.514144362452,-205.154471578585),.UNSPECIFIED.);
#289=B_SPLINE_CURVE_WITH_KNOTS('',3,(#3702,#3703,#3704,#3705,#3706,#3707,
#3708,#3709,#3710,#3711,#3712,#3713,#3714,#3715,#3716,#3717,#3718,#3719,
#3720,#3721,#3722,#3723),.UNSPECIFIED.,.F.,.F.,(4,3,3,3,3,3,3,4),(202.176120867777,
202.521219929989,203.518861407477,204.516502884964,205.514144362452,206.511785839939,
207.509427317427,208.459306174956),.UNSPECIFIED.);
#290=B_SPLINE_CURVE_WITH_KNOTS('',3,(#3728,#3729,#3730,#3731,#3732,#3733,
#3734,#3735,#3736,#3737,#3738,#3739,#3740,#3741,#3742,#3743,#3744,#3745,
#3746,#3747,#3748,#3749,#3750,#3751,#3752),.UNSPECIFIED.,.F.,.F.,(4,3,3,
3,3,3,3,3,4),(-217.720842192944,-217.485842092303,-216.488200614816,-215.490559137328,
-214.49291765984,-213.495276182353,-212.497634704865,-211.499993227378,
-211.437656885764),.UNSPECIFIED.);
#291=B_SPLINE_CURVE_WITH_KNOTS('',3,(#3753,#3754,#3755,#3756,#3757,#3758,
#3759,#3760,#3761,#3762,#3763,#3764,#3765,#3766,#3767,#3768,#3769,#3770,
#3771,#3772,#3773,#3774,#3775,#3776,#3777),.UNSPECIFIED.,.F.,.F.,(4,3,3,
3,3,3,3,3,4),(208.459306174956,208.507068794915,209.504710272402,210.50235174989,
211.499993227378,212.497634704865,213.495276182353,214.49291765984,214.742491482136),
 .UNSPECIFIED.);
#292=B_SPLINE_CURVE_WITH_KNOTS('',3,(#3782,#3783,#3784,#3785,#3786,#3787,
#3788,#3789,#3790,#3791,#3792,#3793,#3794,#3795,#3796,#3797,#3798,#3799,
#3800,#3801,#3802,#3803),.UNSPECIFIED.,.F.,.F.,(4,3,3,3,3,3,3,4),(-224.004027500124,
-223.471690957229,-222.474049479741,-221.476408002254,-220.478766524766,
-219.481125047279,-218.483483569791,-217.720842192944),.UNSPECIFIED.);
#293=B_SPLINE_CURVE_WITH_KNOTS('',3,(#3804,#3805,#3806,#3807,#3808,#3809,
#3810,#3811,#3812,#3813,#3814,#3815,#3816,#3817,#3818,#3819,#3820,#3821,
#3822,#3823,#3824,#3825),.UNSPECIFIED.,.F.,.F.,(4,3,3,3,3,3,3,4),(214.742491482136,
215.490559137328,216.488200614816,217.485842092303,218.483483569791,219.481125047279,
220.478766524766,221.025676789315),.UNSPECIFIED.);
#294=B_SPLINE_CURVE_WITH_KNOTS('',3,(#3831,#3832,#3833,#3834),
 .UNSPECIFIED.,.F.,.F.,(4,4),(235.619449019234,236.014896775525),
 .UNSPECIFIED.);
#295=B_SPLINE_CURVE_WITH_KNOTS('',3,(#3840,#3841,#3842,#3843,#3844,#3845,
#3846,#3847,#3848,#3849),.UNSPECIFIED.,.F.,.F.,(4,1,1,1,1,1,1,4),(229.336263712055,
230.098905088902,231.096546566389,232.094188043877,233.091829521365,234.089470998852,
235.08711247634,235.619449019234),.UNSPECIFIED.);
#296=B_SPLINE_CURVE_WITH_KNOTS('',3,(#3852,#3853,#3854,#3855,#3856,#3857,
#3858,#3859,#3860),.UNSPECIFIED.,.F.,.F.,(4,1,1,1,1,1,4),(229.336263712055,
229.786994924994,230.784636402481,231.782277879969,232.779919357457,233.777560834944,
234.775202312432),.UNSPECIFIED.);
#297=B_SPLINE_CURVE_WITH_KNOTS('',3,(#3865,#3866,#3867,#3868,#3869,#3870,
#3871,#3872,#3873,#3874,#3875),.UNSPECIFIED.,.F.,.F.,(4,1,1,1,1,1,1,1,4),
(223.053078404875,223.115414746488,224.113056223976,225.110697701464,226.108339178951,
227.105980656439,228.103622133927,229.101263611414,229.336263712055),
 .UNSPECIFIED.);
#298=B_SPLINE_CURVE_WITH_KNOTS('',3,(#3876,#3877,#3878,#3879,#3880,#3881,
#3882,#3883,#3884,#3885),.UNSPECIFIED.,.F.,.F.,(4,1,1,1,1,1,1,4),(223.053078404875,
223.801146060068,224.798787537556,225.796429015043,226.794070492531,227.791711970019,
228.789353447506,229.336263712055),.UNSPECIFIED.);
#299=B_SPLINE_CURVE_WITH_KNOTS('',3,(#3890,#3891,#3892,#3893,#3894,#3895,
#3896,#3897,#3898,#3899),.UNSPECIFIED.,.F.,.F.,(4,1,1,1,1,1,1,4),(216.769893097696,
217.129565881563,218.12720735905,219.124848836538,220.122490314026,221.120131791513,
222.117773269001,223.053078404875),.UNSPECIFIED.);
#300=B_SPLINE_CURVE_WITH_KNOTS('',3,(#3900,#3901,#3902,#3903,#3904,#3905,
#3906,#3907,#3908,#3909,#3910),.UNSPECIFIED.,.F.,.F.,(4,1,1,1,1,1,1,1,4),
(216.769893097696,216.817655717655,217.815297195142,218.81293867263,219.810580150118,
220.808221627605,221.805863105093,222.80350458258,223.053078404875),
 .UNSPECIFIED.);
#301=B_SPLINE_CURVE_WITH_KNOTS('',3,(#3915,#3916,#3917,#3918,#3919,#3920,
#3921,#3922,#3923,#3924),.UNSPECIFIED.,.F.,.F.,(4,1,1,1,1,1,1,4),(210.486707790516,
211.143717016637,212.141358494124,213.138999971612,214.1366414491,215.134282926587,
216.131924404075,216.769893097696),.UNSPECIFIED.);
#302=B_SPLINE_CURVE_WITH_KNOTS('',3,(#3925,#3926,#3927,#3928,#3929,#3930,
#3931,#3932,#3933,#3934),.UNSPECIFIED.,.F.,.F.,(4,1,1,1,1,1,1,4),(210.486707790516,
210.831806852729,211.829448330217,212.827089807704,213.824731285192,214.822372762679,
215.820014240167,216.769893097696),.UNSPECIFIED.);
#303=B_SPLINE_CURVE_WITH_KNOTS('',3,(#3939,#3940,#3941,#3942,#3943,#3944,
#3945,#3946,#3947,#3948),.UNSPECIFIED.,.F.,.F.,(4,1,1,1,1,1,1,4),(204.203522483337,
205.157868151711,206.155509629199,207.153151106686,208.150792584174,209.148434061662,
210.146075539149,210.486707790516),.UNSPECIFIED.);
#304=B_SPLINE_CURVE_WITH_KNOTS('',3,(#3949,#3950,#3951,#3952,#3953,#3954,
#3955,#3956,#3957,#3958),.UNSPECIFIED.,.F.,.F.,(4,1,1,1,1,1,1,4),(204.203522483337,
204.845957987803,205.843599465291,206.841240942778,207.838882420266,208.836523897754,
209.834165375241,210.486707790516),.UNSPECIFIED.);
#305=B_SPLINE_CURVE_WITH_KNOTS('',3,(#3963,#3964,#3965,#3966,#3967,#3968,
#3969,#3970,#3971,#3972,#3973),.UNSPECIFIED.,.F.,.F.,(4,1,1,1,1,1,1,1,4),
(197.920337176157,198.174377809298,199.172019286785,200.169660764273,201.167302241761,
202.164943719248,203.162585196736,204.160226674223,204.203522483337),
 .UNSPECIFIED.);
#306=B_SPLINE_CURVE_WITH_KNOTS('',3,(#3974,#3975,#3976,#3977,#3978,#3979,
#3980,#3981,#3982,#3983),.UNSPECIFIED.,.F.,.F.,(4,1,1,1,1,1,1,4),(197.920337176157,
198.860109122877,199.857750600365,200.855392077853,201.85303355534,202.850675032828,
203.848316510315,204.203522483337),.UNSPECIFIED.);
#307=B_SPLINE_CURVE_WITH_KNOTS('',3,(#3988,#3989,#3990,#3991,#3992,#3993,
#3994,#3995,#3996,#3997),.UNSPECIFIED.,.F.,.F.,(4,1,1,1,1,1,1,4),(191.637151868977,
192.188528944372,193.18617042186,194.183811899347,195.181453376835,196.179094854322,
197.17673633181,197.920337176157),.UNSPECIFIED.);
#308=B_SPLINE_CURVE_WITH_KNOTS('',3,(#3998,#3999,#4000,#4001,#4002,#4003,
#4004,#4005,#4006,#4007,#4008),.UNSPECIFIED.,.F.,.F.,(4,1,1,1,1,1,1,1,4),
(191.637151868977,191.876618780464,192.874260257952,193.871901735439,194.869543212927,
195.867184690414,196.864826167902,197.86246764539,197.920337176157),
 .UNSPECIFIED.);
#309=B_SPLINE_CURVE_WITH_KNOTS('',3,(#4013,#4014,#4015,#4016,#4017,#4018,
#4019,#4020,#4021,#4022),.UNSPECIFIED.,.F.,.F.,(4,1,1,1,1,1,1,4),(185.353966561798,
186.202680079446,187.200321556934,188.197963034421,189.195604511909,190.193245989397,
191.190887466884,191.637151868977),.UNSPECIFIED.);
#310=B_SPLINE_CURVE_WITH_KNOTS('',3,(#4023,#4024,#4025,#4026,#4027,#4028,
#4029,#4030,#4031,#4032),.UNSPECIFIED.,.F.,.F.,(4,1,1,1,1,1,1,4),(185.353966561798,
185.890769915538,186.888411393026,187.886052870513,188.883694348001,189.881335825489,
190.878977302976,191.637151868977),.UNSPECIFIED.);
#311=B_SPLINE_CURVE_WITH_KNOTS('',3,(#4037,#4038,#4039,#4040,#4041,#4042,
#4043,#4044,#4045,#4046,#4047),.UNSPECIFIED.,.F.,.F.,(4,1,1,1,1,1,1,1,4),
(179.070781254618,179.219189737033,180.21683121452,181.214472692008,182.212114169496,
183.209755646983,184.207397124471,185.205038601958,185.353966561798),
 .UNSPECIFIED.);
#312=B_SPLINE_CURVE_WITH_KNOTS('',3,(#4048,#4049,#4050,#4051,#4052,#4053,
#4054,#4055,#4056,#4057),.UNSPECIFIED.,.F.,.F.,(4,1,1,1,1,1,1,4),(179.070781254618,
179.904921050612,180.9025625281,181.900204005588,182.897845483075,183.895486960563,
184.89312843805,185.353966561798),.UNSPECIFIED.);
#313=B_SPLINE_CURVE_WITH_KNOTS('',3,(#4062,#4063,#4064,#4065,#4066,#4067,
#4068,#4069,#4070,#4071),.UNSPECIFIED.,.F.,.F.,(4,1,1,1,1,1,1,4),(172.787595947439,
173.233340872107,174.230982349595,175.228623827082,176.22626530457,177.223906782057,
178.221548259545,179.070781254618),.UNSPECIFIED.);
#314=B_SPLINE_CURVE_WITH_KNOTS('',3,(#4072,#4073,#4074,#4075,#4076,#4077,
#4078,#4079,#4080,#4081,#4082),.UNSPECIFIED.,.F.,.F.,(4,1,1,1,1,1,1,1,4),
(172.787595947439,172.921430708199,173.919072185687,174.916713663174,175.914355140662,
176.911996618149,177.909638095637,178.907279573125,179.070781254618),
 .UNSPECIFIED.);
#315=B_SPLINE_CURVE_WITH_KNOTS('',3,(#4087,#4088,#4089,#4090,#4091,#4092,
#4093,#4094,#4095,#4096),.UNSPECIFIED.,.F.,.F.,(4,1,1,1,1,1,1,4),(166.504410640259,
167.247492007181,168.245133484669,169.242774962156,170.240416439644,171.238057917132,
172.235699394619,172.787595947439),.UNSPECIFIED.);
#316=B_SPLINE_CURVE_WITH_KNOTS('',3,(#4097,#4098,#4099,#4100,#4101,#4102,
#4103,#4104,#4105,#4106),.UNSPECIFIED.,.F.,.F.,(4,1,1,1,1,1,1,4),(166.504410640259,
166.935581843273,167.933223320761,168.930864798248,169.928506275736,170.926147753224,
171.923789230711,172.787595947439),.UNSPECIFIED.);
#317=B_SPLINE_CURVE_WITH_KNOTS('',3,(#4111,#4112,#4113,#4114,#4115,#4116,
#4117,#4118,#4119,#4120,#4121),.UNSPECIFIED.,.F.,.F.,(4,1,1,1,1,1,1,1,4),
(160.22122533308,160.264001664768,161.261643142255,162.259284619743,163.256926097231,
164.254567574718,165.252209052206,166.249850529694,166.504410640259),
 .UNSPECIFIED.);
#318=B_SPLINE_CURVE_WITH_KNOTS('',3,(#4122,#4123,#4124,#4125,#4126,#4127,
#4128,#4129,#4130,#4131),.UNSPECIFIED.,.F.,.F.,(4,1,1,1,1,1,1,4),(160.22122533308,
160.949732978347,161.947374455835,162.945015933323,163.94265741081,164.940298888298,
165.937940365786,166.504410640259),.UNSPECIFIED.);
#319=B_SPLINE_CURVE_WITH_KNOTS('',3,(#4136,#4137,#4138,#4139,#4140,#4141,
#4142,#4143,#4144,#4145),.UNSPECIFIED.,.F.,.F.,(4,1,1,1,1,1,1,4),(153.9380400259,
154.278152799842,155.27579427733,156.273435754817,157.271077232305,158.268718709792,
159.26636018728,160.22122533308),.UNSPECIFIED.);
#320=B_SPLINE_CURVE_WITH_KNOTS('',3,(#4146,#4147,#4148,#4149,#4150,#4151,
#4152,#4153,#4154,#4155,#4156),.UNSPECIFIED.,.F.,.F.,(4,1,1,1,1,1,1,1,4),
(153.9380400259,153.966242635934,154.963884113422,155.961525590909,156.959167068397,
157.956808545884,158.954450023372,159.95209150086,160.22122533308),
 .UNSPECIFIED.);
#321=B_SPLINE_CURVE_WITH_KNOTS('',3,(#4161,#4162,#4163,#4164,#4165,#4166,
#4167,#4168,#4169,#4170),.UNSPECIFIED.,.F.,.F.,(4,1,1,1,1,1,1,4),(147.654854718721,
148.292303934916,149.289945412404,150.287586889891,151.285228367379,152.282869844867,
153.280511322354,153.9380400259),.UNSPECIFIED.);
#322=B_SPLINE_CURVE_WITH_KNOTS('',3,(#4171,#4172,#4173,#4174,#4175,#4176,
#4177,#4178,#4179,#4180),.UNSPECIFIED.,.F.,.F.,(4,1,1,1,1,1,1,4),(147.654854718721,
147.980393771008,148.978035248496,149.975676725983,150.973318203471,151.970959680959,
152.968601158446,153.9380400259),.UNSPECIFIED.);
#323=B_SPLINE_CURVE_WITH_KNOTS('',3,(#4185,#4186,#4187,#4188,#4189,#4190,
#4191,#4192,#4193,#4194),.UNSPECIFIED.,.F.,.F.,(4,1,1,1,1,1,1,4),(141.371669411541,
142.30645506999,143.304096547478,144.301738024966,145.299379502453,146.297020979941,
147.294662457429,147.654854718721),.UNSPECIFIED.);
#324=B_SPLINE_CURVE_WITH_KNOTS('',3,(#4195,#4196,#4197,#4198,#4199,#4200,
#4201,#4202,#4203,#4204),.UNSPECIFIED.,.F.,.F.,(4,1,1,1,1,1,1,4),(141.371669411541,
141.994544906082,142.99218638357,143.989827861058,144.987469338545,145.985110816033,
146.982752293521,147.654854718721),.UNSPECIFIED.);
#325=B_SPLINE_CURVE_WITH_KNOTS('',3,(#4209,#4210,#4211,#4212,#4213,#4214,
#4215,#4216,#4217,#4218,#4219),.UNSPECIFIED.,.F.,.F.,(4,1,1,1,1,1,1,1,4),
(135.088484104361,135.322964727577,136.320606205065,137.318247682552,138.31588916004,
139.313530637528,140.311172115015,141.308813592503,141.371669411541),
 .UNSPECIFIED.);
#326=B_SPLINE_CURVE_WITH_KNOTS('',3,(#4220,#4221,#4222,#4223,#4224,#4225,
#4226,#4227,#4228,#4229),.UNSPECIFIED.,.F.,.F.,(4,1,1,1,1,1,1,4),(135.088484104361,
136.008696041157,137.006337518644,138.003978996132,139.00162047362,139.999261951107,
140.996903428595,141.371669411541),.UNSPECIFIED.);
#327=B_SPLINE_CURVE_WITH_KNOTS('',3,(#4234,#4235,#4236,#4237,#4238,#4239,
#4240,#4241,#4242,#4243),.UNSPECIFIED.,.F.,.F.,(4,1,1,1,1,1,1,4),(128.805298797182,
129.337115862651,130.334757340139,131.332398817626,132.330040295114,133.327681772602,
134.325323250089,135.088484104361),.UNSPECIFIED.);
#328=B_SPLINE_CURVE_WITH_KNOTS('',3,(#4244,#4245,#4246,#4247,#4248,#4249,
#4250,#4251,#4252,#4253,#4254),.UNSPECIFIED.,.F.,.F.,(4,1,1,1,1,1,1,1,4),
(128.805298797182,129.025205698743,130.022847176231,131.020488653718,132.018130131206,
133.015771608694,134.013413086181,135.011054563669,135.088484104361),
 .UNSPECIFIED.);
#329=B_SPLINE_CURVE_WITH_KNOTS('',3,(#4259,#4260,#4261,#4262,#4263,#4264,
#4265,#4266,#4267,#4268),.UNSPECIFIED.,.F.,.F.,(4,1,1,1,1,1,1,4),(122.522113490002,
123.351266997725,124.348908475213,125.346549952701,126.344191430188,127.341832907676,
128.339474385164,128.805298797182),.UNSPECIFIED.);
#330=B_SPLINE_CURVE_WITH_KNOTS('',3,(#4269,#4270,#4271,#4272,#4273,#4274,
#4275,#4276,#4277,#4278),.UNSPECIFIED.,.F.,.F.,(4,1,1,1,1,1,1,4),(122.522113490002,
123.039356833817,124.036998311305,125.034639788793,126.03228126628,127.029922743768,
128.027564221256,128.805298797182),.UNSPECIFIED.);
#331=B_SPLINE_CURVE_WITH_KNOTS('',3,(#4283,#4284,#4285,#4286,#4287,#4288,
#4289,#4290,#4291,#4292,#4293),.UNSPECIFIED.,.F.,.F.,(4,1,1,1,1,1,1,1,4),
(116.238928182823,116.367776655312,117.3654181328,118.363059610287,119.360701087775,
120.358342565263,121.35598404275,122.353625520238,122.522113490002),
 .UNSPECIFIED.);
#332=B_SPLINE_CURVE_WITH_KNOTS('',3,(#4294,#4295,#4296,#4297,#4298,#4299,
#4300,#4301,#4302,#4303),.UNSPECIFIED.,.F.,.F.,(4,1,1,1,1,1,1,4),(116.238928182823,
117.053507968892,118.051149446379,119.048790923867,120.046432401355,121.044073878842,
122.04171535633,122.522113490002),.UNSPECIFIED.);
#333=B_SPLINE_CURVE_WITH_KNOTS('',3,(#4308,#4309,#4310,#4311,#4312,#4313,
#4314,#4315,#4316,#4317),.UNSPECIFIED.,.F.,.F.,(4,1,1,1,1,1,1,4),(109.955742875643,
110.381927790386,111.379569267874,112.377210745362,113.374852222849,114.372493700337,
115.370135177824,116.238928182823),.UNSPECIFIED.);
#334=B_SPLINE_CURVE_WITH_KNOTS('',3,(#4318,#4319,#4320,#4321,#4322,#4323,
#4324,#4325,#4326,#4327,#4328),.UNSPECIFIED.,.F.,.F.,(4,1,1,1,1,1,1,1,4),
(109.955742875643,110.070017626478,111.067659103966,112.065300581453,113.062942058941,
114.060583536429,115.058225013916,116.055866491404,116.238928182823),
 .UNSPECIFIED.);
#335=B_SPLINE_CURVE_WITH_KNOTS('',3,(#4333,#4334,#4335,#4336,#4337,#4338,
#4339,#4340,#4341,#4342),.UNSPECIFIED.,.F.,.F.,(4,1,1,1,1,1,1,4),(103.672557568463,
104.39607892546,105.393720402948,106.391361880436,107.389003357923,108.386644835411,
109.384286312899,109.955742875643),.UNSPECIFIED.);
#336=B_SPLINE_CURVE_WITH_KNOTS('',3,(#4343,#4344,#4345,#4346,#4347,#4348,
#4349,#4350,#4351,#4352),.UNSPECIFIED.,.F.,.F.,(4,1,1,1,1,1,1,4),(103.672557568464,
104.084168761552,105.08181023904,106.079451716528,107.077093194015,108.074734671503,
109.072376148991,109.955742875643),.UNSPECIFIED.);
#337=B_SPLINE_CURVE_WITH_KNOTS('',3,(#4357,#4358,#4359,#4360,#4361,#4362,
#4363,#4364,#4365,#4366,#4367),.UNSPECIFIED.,.F.,.F.,(4,1,1,1,1,1,1,1,4),
(97.3893722612839,97.4125885830471,98.4102300605347,99.4078715380223,100.40551301551,
101.403154492998,102.400795970485,103.398437447973,103.672557568463),
 .UNSPECIFIED.);
#338=B_SPLINE_CURVE_WITH_KNOTS('',3,(#4368,#4369,#4370,#4371,#4372,#4373,
#4374,#4375,#4376,#4377),.UNSPECIFIED.,.F.,.F.,(4,1,1,1,1,1,1,4),(97.3893722612839,
98.0983198966267,99.0959613741143,100.093602851602,101.09124432909,102.088885806577,
103.086527284065,103.672557568464),.UNSPECIFIED.);
#339=B_SPLINE_CURVE_WITH_KNOTS('',3,(#4382,#4383,#4384,#4385,#4386,#4387,
#4388,#4389,#4390,#4391),.UNSPECIFIED.,.F.,.F.,(4,1,1,1,1,1,1,4),(91.1061869541043,
91.4267397181213,92.4243811956089,93.4220226730965,94.4196641505842,95.4173056280718,
96.4149471055594,97.3893722612839),.UNSPECIFIED.);
#340=B_SPLINE_CURVE_WITH_KNOTS('',3,(#4392,#4393,#4394,#4395,#4396,#4397,
#4398,#4399,#4400,#4401,#4402),.UNSPECIFIED.,.F.,.F.,(4,1,1,1,1,1,1,1,4),
(91.1061869541043,91.1148295542133,92.1124710317009,93.1101125091885,94.1077539866762,
95.1053954641638,96.1030369416514,97.1006784191391,97.3893722612839),
 .UNSPECIFIED.);
#341=B_SPLINE_CURVE_WITH_KNOTS('',3,(#4407,#4408,#4409,#4410,#4411,#4412,
#4413,#4414,#4415,#4416),.UNSPECIFIED.,.F.,.F.,(4,1,1,1,1,1,1,4),(84.8230016469247,
85.4408908531955,86.4385323306831,87.4361738081708,88.4338152856584,89.431456763146,
90.4290982406336,91.1061869541043),.UNSPECIFIED.);
#342=B_SPLINE_CURVE_WITH_KNOTS('',3,(#4417,#4418,#4419,#4420,#4421,#4422,
#4423,#4424,#4425,#4426),.UNSPECIFIED.,.F.,.F.,(4,1,1,1,1,1,1,4),(84.8230016469247,
85.1289806892875,86.1266221667751,87.1242636442628,88.1219051217504,89.119546599238,
90.1171880767256,91.1061869541043),.UNSPECIFIED.);
#343=B_SPLINE_CURVE_WITH_KNOTS('',3,(#4431,#4432,#4433,#4434,#4435,#4436,
#4437,#4438,#4439,#4440),.UNSPECIFIED.,.F.,.F.,(4,1,1,1,1,1,1,4),(78.5398163397451,
79.4550419882697,80.4526834657574,81.450324943245,82.4479664207326,83.4456078982202,
84.4432493757079,84.8230016469247),.UNSPECIFIED.);
#344=B_SPLINE_CURVE_WITH_KNOTS('',3,(#4441,#4442,#4443,#4444,#4445,#4446,
#4447,#4448,#4449,#4450),.UNSPECIFIED.,.F.,.F.,(4,1,1,1,1,1,1,4),(78.5398163397451,
79.1431318243617,80.1407733018494,81.138414779337,82.1360562568246,83.1336977343122,
84.1313392117999,84.8230016469247),.UNSPECIFIED.);
#345=B_SPLINE_CURVE_WITH_KNOTS('',3,(#4455,#4456,#4457,#4458,#4459,#4460,
#4461,#4462,#4463,#4464,#4465),.UNSPECIFIED.,.F.,.F.,(4,1,1,1,1,1,1,1,4),
(72.2566310325655,72.4715516458563,73.469193123344,74.4668346008316,75.4644760783192,
76.4621175558068,77.4597590332945,78.4574005107821,78.5398163397451),
 .UNSPECIFIED.);
#346=B_SPLINE_CURVE_WITH_KNOTS('',3,(#4466,#4467,#4468,#4469,#4470,#4471,
#4472,#4473,#4474,#4475),.UNSPECIFIED.,.F.,.F.,(4,1,1,1,1,1,1,4),(72.2566310325655,
73.1572829594359,74.1549244369236,75.1525659144112,76.1502073918988,77.1478488693865,
78.1454903468741,78.5398163397451),.UNSPECIFIED.);
#347=B_SPLINE_CURVE_WITH_KNOTS('',3,(#4480,#4481,#4482,#4483,#4484,#4485,
#4486,#4487,#4488,#4489),.UNSPECIFIED.,.F.,.F.,(4,1,1,1,1,1,1,4),(65.9734457253859,
66.4857027809305,67.4833442584182,68.4809857359058,69.4786272133934,70.4762686908811,
71.4739101683687,72.2566310325655),.UNSPECIFIED.);
#348=B_SPLINE_CURVE_WITH_KNOTS('',3,(#4490,#4491,#4492,#4493,#4494,#4495,
#4496,#4497,#4498,#4499,#4500),.UNSPECIFIED.,.F.,.F.,(4,1,1,1,1,1,1,1,4),
(65.9734457253859,66.1737926170225,67.1714340945101,68.1690755719978,69.1667170494854,
70.164358526973,71.1620000044607,72.1596414819483,72.2566310325655),
 .UNSPECIFIED.);
#349=B_SPLINE_CURVE_WITH_KNOTS('',3,(#4505,#4506,#4507,#4508,#4509,#4510,
#4511,#4512,#4513,#4514),.UNSPECIFIED.,.F.,.F.,(4,1,1,1,1,1,1,4),(59.6902604182063,
60.4998539160048,61.4974953934924,62.49513687098,63.4927783484677,64.4904198259553,
65.4880613034429,65.9734457253859),.UNSPECIFIED.);
#350=B_SPLINE_CURVE_WITH_KNOTS('',3,(#4515,#4516,#4517,#4518,#4519,#4520,
#4521,#4522,#4523,#4524),.UNSPECIFIED.,.F.,.F.,(4,1,1,1,1,1,1,4),(59.6902604182063,
60.1879437520967,61.1855852295844,62.183226707072,63.1808681845596,64.1785096620473,
65.1761511395349,65.9734457253859),.UNSPECIFIED.);
#351=B_SPLINE_CURVE_WITH_KNOTS('',3,(#4529,#4530,#4531,#4532,#4533,#4534,
#4535,#4536,#4537,#4538,#4539),.UNSPECIFIED.,.F.,.F.,(4,1,1,1,1,1,1,1,4),
(53.4070751110267,53.5163635735914,54.514005051079,55.5116465285666,56.5092880060543,
57.5069294835419,58.5045709610295,59.5022124385171,59.6902604182063),
 .UNSPECIFIED.);
#352=B_SPLINE_CURVE_WITH_KNOTS('',3,(#4540,#4541,#4542,#4543,#4544,#4545,
#4546,#4547,#4548,#4549),.UNSPECIFIED.,.F.,.F.,(4,1,1,1,1,1,1,4),(53.4070751110268,
54.202094887171,55.1997363646586,56.1973778421462,57.1950193196339,58.1926607971215,
59.1903022746091,59.6902604182063),.UNSPECIFIED.);
#353=B_SPLINE_CURVE_WITH_KNOTS('',3,(#4554,#4555,#4556,#4557,#4558,#4559,
#4560,#4561,#4562,#4563),.UNSPECIFIED.,.F.,.F.,(4,1,1,1,1,1,1,4),(47.1238898038471,
47.5305147086656,48.5281561861532,49.5257976636408,50.5234391411285,51.5210806186161,
52.5187220961037,53.4070751110267),.UNSPECIFIED.);
#354=B_SPLINE_CURVE_WITH_KNOTS('',3,(#4564,#4565,#4566,#4567,#4568,#4569,
#4570,#4571,#4572,#4573,#4574),.UNSPECIFIED.,.F.,.F.,(4,1,1,1,1,1,1,1,4),
(47.1238898038472,47.2186045447576,48.2162460222452,49.2138874997328,50.2115289772204,
51.2091704547081,52.2068119321957,53.2044534096833,53.4070751110268),
 .UNSPECIFIED.);
#355=B_SPLINE_CURVE_WITH_KNOTS('',3,(#4579,#4580,#4581,#4582,#4583,#4584,
#4585,#4586,#4587,#4588),.UNSPECIFIED.,.F.,.F.,(4,1,1,1,1,1,1,4),(40.8407044966675,
41.5446658437398,42.5423073212274,43.5399487987151,44.5375902762027,45.5352317536903,
46.532873231178,47.1238898038471),.UNSPECIFIED.);
#356=B_SPLINE_CURVE_WITH_KNOTS('',3,(#4589,#4590,#4591,#4592,#4593,#4594,
#4595,#4596,#4597,#4598),.UNSPECIFIED.,.F.,.F.,(4,1,1,1,1,1,1,4),(40.8407044966676,
41.2327556798318,42.2303971573194,43.228038634807,44.2256801122947,45.2233215897823,
46.2209630672699,47.1238898038472),.UNSPECIFIED.);
#357=B_SPLINE_CURVE_WITH_KNOTS('',3,(#4603,#4604,#4605,#4606,#4607,#4608,
#4609,#4610,#4611,#4612,#4613),.UNSPECIFIED.,.F.,.F.,(4,1,1,1,1,1,1,1,4),
(34.5575191894879,34.5611755013264,35.558816978814,36.5564584563017,37.5540999337893,
38.5517414112769,39.5493828887645,40.5470243662522,40.8407044966675),
 .UNSPECIFIED.);
#358=B_SPLINE_CURVE_WITH_KNOTS('',3,(#4614,#4615,#4616,#4617,#4618,#4619,
#4620,#4621,#4622,#4623),.UNSPECIFIED.,.F.,.F.,(4,1,1,1,1,1,1,4),(34.557519189488,
35.246906814906,36.2445482923936,37.2421897698813,38.2398312473689,39.2374727248565,
40.2351142023441,40.8407044966676),.UNSPECIFIED.);
#359=B_SPLINE_CURVE_WITH_KNOTS('',3,(#4628,#4629,#4630,#4631,#4632,#4633,
#4634,#4635,#4636,#4637),.UNSPECIFIED.,.F.,.F.,(4,1,1,1,1,1,1,4),(28.2743338823083,
28.5753266364006,29.5729681138883,30.5706095913759,31.5682510688635,32.5658925463511,
33.5635340238388,34.5575191894879),.UNSPECIFIED.);
#360=B_SPLINE_CURVE_WITH_KNOTS('',3,(#4638,#4639,#4640,#4641,#4642,#4643,
#4644,#4645,#4646,#4647),.UNSPECIFIED.,.F.,.F.,(4,1,1,1,1,1,1,4),(28.2743338823084,
29.2610579499802,30.2586994274678,31.2563409049555,32.2539823824431,33.2516238599307,
34.2492653374184,34.557519189488),.UNSPECIFIED.);
#361=B_SPLINE_CURVE_WITH_KNOTS('',3,(#4652,#4653,#4654,#4655,#4656,#4657,
#4658,#4659,#4660,#4661),.UNSPECIFIED.,.F.,.F.,(4,1,1,1,1,1,1,4),(21.9911485751287,
22.5894777714748,23.5871192489625,24.5847607264501,25.5824022039377,26.5800436814254,
27.577685158913,28.2743338823083),.UNSPECIFIED.);
#362=B_SPLINE_CURVE_WITH_KNOTS('',3,(#4662,#4663,#4664,#4665,#4666,#4667,
#4668,#4669,#4670,#4671,#4672),.UNSPECIFIED.,.F.,.F.,(4,1,1,1,1,1,1,1,4),
(21.9911485751288,22.2775676075668,23.2752090850544,24.2728505625421,25.2704920400297,
26.2681335175173,27.265774995005,28.2634164724926,28.2743338823084),
 .UNSPECIFIED.);
#363=B_SPLINE_CURVE_WITH_KNOTS('',3,(#4677,#4678,#4679,#4680,#4681,#4682,
#4683,#4684,#4685,#4686),.UNSPECIFIED.,.F.,.F.,(4,1,1,1,1,1,1,4),(15.7079632679492,
16.6036289065491,17.6012703840367,18.5989118615243,19.596553339012,20.5941948164996,
21.5918362939872,21.9911485751287),.UNSPECIFIED.);
#364=B_SPLINE_CURVE_WITH_KNOTS('',3,(#4687,#4688,#4689,#4690,#4691,#4692,
#4693,#4694,#4695,#4696),.UNSPECIFIED.,.F.,.F.,(4,1,1,1,1,1,1,4),(15.7079632679492,
16.291718742641,17.2893602201287,18.2870016976163,19.2846431751039,20.2822846525915,
21.2799261300792,21.9911485751288),.UNSPECIFIED.);
#365=B_SPLINE_CURVE_WITH_KNOTS('',3,(#4713,#4714,#4715,#4716,#4717,#4718,
#4719,#4720,#4721,#4722,#4723,#4724,#4725,#4726,#4727,#4728,#4729,#4730,
#4731,#4732,#4733,#4734,#4735,#4736,#4737,#4738,#4739,#4740,#4741,#4742,
#4743,#4744,#4745,#4746,#4747,#4748,#4749,#4750,#4751,#4752,#4753,#4754,
#4755,#4756,#4757,#4758,#4759,#4760,#4761,#4762,#4763,#4764,#4765,#4766,
#4767,#4768,#4769,#4770,#4771,#4772,#4773,#4774,#4775,#4776,#4777,#4778,
#4779,#4780,#4781,#4782,#4783,#4784,#4785,#4786,#4787,#4788,#4789,#4790,
#4791,#4792,#4793,#4794,#4795,#4796,#4797),.UNSPECIFIED.,.F.,.F.,(4,3,3,
3,3,3,3,3,3,3,3,3,3,3,3,3,3,3,3,3,3,3,3,3,3,3,3,3,4),(-0.364629307890676,
-0.351004662364327,-0.329416785317121,-0.319149974091128,-0.313750323718823,
-0.30936786360422,-0.288045438580936,-0.272818191464863,-0.264029607587711,
-0.260303483433711,-0.239572409810867,-0.219352462020203,-0.206071211928241,
-0.194932368135936,-0.191411980586722,-0.171826226648385,-0.166227461652355,
-0.145449028945811,-0.126800889248113,-0.123655487494626,-0.104202693839821,
-0.0848217061965148,-0.0658342050160261,-0.0621712886044817,-0.0589341241682312,
-0.0403441090038407,-0.0220885576051324,-0.00441566476378909,0.),
 .UNSPECIFIED.);
#366=B_SPLINE_CURVE_WITH_KNOTS('',3,(#4800,#4801,#4802,#4803,#4804,#4805,
#4806,#4807,#4808,#4809,#4810,#4811,#4812,#4813,#4814,#4815,#4816,#4817,
#4818,#4819,#4820,#4821,#4822,#4823,#4824,#4825,#4826,#4827,#4828,#4829,
#4830,#4831,#4832,#4833,#4834,#4835,#4836,#4837,#4838,#4839,#4840,#4841,
#4842,#4843,#4844,#4845,#4846,#4847,#4848,#4849,#4850,#4851,#4852,#4853,
#4854,#4855,#4856,#4857,#4858,#4859,#4860,#4861,#4862,#4863,#4864,#4865,
#4866,#4867,#4868,#4869,#4870,#4871,#4872,#4873,#4874,#4875,#4876,#4877,
#4878,#4879,#4880,#4881,#4882,#4883,#4884),.UNSPECIFIED.,.F.,.F.,(4,3,3,
3,3,3,3,3,3,3,3,3,3,3,3,3,3,3,3,3,3,3,3,3,3,3,3,3,4),(-0.366397579005836,
-0.355345004975158,-0.337372266199877,-0.327020572143855,-0.321660439189366,
-0.302852800159344,-0.288389226752204,-0.281252921785426,-0.277592892505422,
-0.258152771789765,-0.238335538862943,-0.225537707372763,-0.218336701435164,
-0.214825449896953,-0.194395597498087,-0.187144212902223,-0.167437975647148,
-0.156803888909155,-0.149249768370292,-0.145832802502696,-0.125404239051396,
-0.104527221428669,-0.0834595467944507,-0.0752625769753332,-0.0721339171889662,
-0.0504898658878303,-0.0287965863313049,-0.00756741861389021,0.),
 .UNSPECIFIED.);
#367=B_SPLINE_CURVE_WITH_KNOTS('',3,(#5848,#5849,#5850,#5851,#5852,#5853,
#5854,#5855,#5856,#5857,#5858,#5859,#5860,#5861,#5862,#5863,#5864,#5865,
#5866,#5867,#5868,#5869,#5870,#5871,#5872,#5873,#5874,#5875,#5876,#5877,
#5878,#5879,#5880,#5881,#5882,#5883,#5884,#5885,#5886,#5887,#5888,#5889,
#5890,#5891,#5892,#5893,#5894,#5895,#5896,#5897,#5898,#5899,#5900,#5901,
#5902,#5903,#5904,#5905,#5906,#5907,#5908,#5909,#5910,#5911,#5912,#5913,
#5914,#5915,#5916,#5917,#5918,#5919,#5920,#5921,#5922,#5923,#5924,#5925,
#5926,#5927,#5928,#5929,#5930,#5931,#5932,#5933,#5934,#5935),
 .UNSPECIFIED.,.F.,.F.,(4,3,3,3,3,3,3,3,3,3,3,3,3,3,3,3,3,3,3,3,3,3,3,3,
3,3,3,3,3,4),(0.,0.0136922409483307,0.0350786805960638,0.0568043166171179,
0.0667082198084545,0.0734375956993946,0.0769474342988375,0.0980385533269739,
0.118998912621643,0.139137967468902,0.144152078947516,0.148656288116068,
0.168818911961528,0.188377925340697,0.199555132010676,0.209982784947874,
0.214191309773929,0.217503795470324,0.237219927478553,0.2570045964625,0.270678719280417,
0.279034998962993,0.283671730676721,0.302851980699118,0.318738380275796,
0.324231318843631,0.328196958535552,0.347297268770692,0.365111573109389,
0.366397579005831),.UNSPECIFIED.);
#368=B_SPLINE_CURVE_WITH_KNOTS('',3,(#5936,#5937,#5938,#5939,#5940,#5941,
#5942,#5943,#5944,#5945,#5946,#5947,#5948),.UNSPECIFIED.,.F.,.F.,(4,3,3,
3,4),(221.025676789315,221.476408002254,222.474049479741,223.471690957229,
224.399475256414),.UNSPECIFIED.);
#369=B_SPLINE_CURVE_WITH_KNOTS('',3,(#5949,#5950,#5951,#5952,#5953,#5954,
#5955,#5956,#5957),.UNSPECIFIED.,.F.,.F.,(4,1,1,1,1,1,4),(10.3757270560181,
11.3035113552029,12.3011528326905,13.2987943101781,14.2964357876658,15.2940772651534,
15.7079632679492),.UNSPECIFIED.);
#370=B_SPLINE_CURVE_WITH_KNOTS('',3,(#5959,#5960,#5961,#5962,#5963,#5964,
#5965,#5966),.UNSPECIFIED.,.F.,.F.,(4,1,1,1,1,4),(11.6154215191109,12.6130629965985,
13.6107044740862,14.6083459515738,15.6059874290614,15.7079632679492),
 .UNSPECIFIED.);
#371=B_SPLINE_CURVE_WITH_KNOTS('',3,(#6888,#6889,#6890,#6891,#6892,#6893,
#6894,#6895,#6896,#6897,#6898,#6899,#6900,#6901,#6902,#6903,#6904,#6905,
#6906,#6907,#6908,#6909,#6910,#6911,#6912,#6913,#6914,#6915,#6916,#6917,
#6918,#6919,#6920,#6921,#6922,#6923,#6924,#6925,#6926,#6927,#6928,#6929,
#6930,#6931,#6932,#6933,#6934,#6935,#6936,#6937,#6938,#6939,#6940,#6941,
#6942,#6943,#6944,#6945,#6946,#6947,#6948,#6949,#6950,#6951,#6952,#6953,
#6954,#6955,#6956,#6957,#6958,#6959,#6960,#6961,#6962,#6963,#6964,#6965,
#6966,#6967,#6968,#6969,#6970,#6971,#6972,#6973,#6974,#6975),
 .UNSPECIFIED.,.F.,.F.,(4,3,3,3,3,3,3,3,3,3,3,3,3,3,3,3,3,3,3,3,3,3,3,3,
3,3,3,3,3,4),(0.,0.0110113136700891,0.0287999923841082,0.047522279509415,
0.0557132801267368,0.061275158354954,0.0648857907174552,0.0838444937923293,
0.103211740897699,0.122053378019915,0.125976786671096,0.129485702122848,
0.149540156243189,0.169530598673327,0.178578289386563,0.190206478043069,
0.193480745026826,0.196932253376105,0.216615746114656,0.237069596389616,
0.253014560327246,0.261038098985257,0.26652449265022,0.28763949812894,0.30688695056937,
0.313541128285883,0.317722144918613,0.339446305895628,0.360867819833579,
0.364629307890662),.UNSPECIFIED.);
#372=B_SPLINE_CURVE_WITH_KNOTS('',3,(#6976,#6977,#6978,#6979,#6980,#6981,
#6982,#6983,#6984,#6985),.UNSPECIFIED.,.F.,.F.,(4,3,3,4),(-226.464615389692,
-225.466973912204,-224.469332434717,-224.004027500124),.UNSPECIFIED.);
#373=LINE('',#2065,#466);
#374=LINE('',#2089,#467);
#375=LINE('',#2137,#468);
#376=LINE('',#2185,#469);
#377=LINE('',#2236,#470);
#378=LINE('',#2287,#471);
#379=LINE('',#2335,#472);
#380=LINE('',#2383,#473);
#381=LINE('',#2437,#474);
#382=LINE('',#2485,#475);
#383=LINE('',#2533,#476);
#384=LINE('',#2587,#477);
#385=LINE('',#2635,#478);
#386=LINE('',#2683,#479);
#387=LINE('',#2731,#480);
#388=LINE('',#2785,#481);
#389=LINE('',#2833,#482);
#390=LINE('',#2881,#483);
#391=LINE('',#2935,#484);
#392=LINE('',#2983,#485);
#393=LINE('',#3031,#486);
#394=LINE('',#3085,#487);
#395=LINE('',#3133,#488);
#396=LINE('',#3181,#489);
#397=LINE('',#3229,#490);
#398=LINE('',#3283,#491);
#399=LINE('',#3331,#492);
#400=LINE('',#3379,#493);
#401=LINE('',#3433,#494);
#402=LINE('',#3481,#495);
#403=LINE('',#3529,#496);
#404=LINE('',#3583,#497);
#405=LINE('',#3631,#498);
#406=LINE('',#3679,#499);
#407=LINE('',#3727,#500);
#408=LINE('',#3781,#501);
#409=LINE('',#3829,#502);
#410=LINE('',#3839,#503);
#411=LINE('',#3864,#504);
#412=LINE('',#3889,#505);
#413=LINE('',#3914,#506);
#414=LINE('',#3938,#507);
#415=LINE('',#3962,#508);
#416=LINE('',#3987,#509);
#417=LINE('',#4012,#510);
#418=LINE('',#4036,#511);
#419=LINE('',#4061,#512);
#420=LINE('',#4086,#513);
#421=LINE('',#4110,#514);
#422=LINE('',#4135,#515);
#423=LINE('',#4160,#516);
#424=LINE('',#4184,#517);
#425=LINE('',#4208,#518);
#426=LINE('',#4233,#519);
#427=LINE('',#4258,#520);
#428=LINE('',#4282,#521);
#429=LINE('',#4307,#522);
#430=LINE('',#4332,#523);
#431=LINE('',#4356,#524);
#432=LINE('',#4381,#525);
#433=LINE('',#4406,#526);
#434=LINE('',#4430,#527);
#435=LINE('',#4454,#528);
#436=LINE('',#4479,#529);
#437=LINE('',#4504,#530);
#438=LINE('',#4528,#531);
#439=LINE('',#4553,#532);
#440=LINE('',#4578,#533);
#441=LINE('',#4602,#534);
#442=LINE('',#4627,#535);
#443=LINE('',#4651,#536);
#444=LINE('',#4676,#537);
#445=LINE('',#4701,#538);
#446=LINE('',#4707,#539);
#447=LINE('',#4887,#540);
#448=LINE('',#4892,#541);
#449=LINE('',#4894,#542);
#450=LINE('',#4896,#543);
#451=LINE('',#4898,#544);
#452=LINE('',#4900,#545);
#453=LINE('',#4901,#546);
#454=LINE('',#4904,#547);
#455=LINE('',#4906,#548);
#456=LINE('',#4907,#549);
#457=LINE('',#4910,#550);
#458=LINE('',#4911,#551);
#459=LINE('',#4914,#552);
#460=LINE('',#4915,#553);
#461=LINE('',#4918,#554);
#462=LINE('',#4919,#555);
#463=LINE('',#4922,#556);
#464=LINE('',#4923,#557);
#465=LINE('',#4925,#558);
#466=VECTOR('',#1774,2.);
#467=VECTOR('',#1779,2.);
#468=VECTOR('',#1782,2.);
#469=VECTOR('',#1785,2.);
#470=VECTOR('',#1788,2.);
#471=VECTOR('',#1791,2.);
#472=VECTOR('',#1794,2.);
#473=VECTOR('',#1797,2.);
#474=VECTOR('',#1800,2.);
#475=VECTOR('',#1803,2.);
#476=VECTOR('',#1806,2.);
#477=VECTOR('',#1809,2.);
#478=VECTOR('',#1812,2.);
#479=VECTOR('',#1815,2.);
#480=VECTOR('',#1818,2.);
#481=VECTOR('',#1821,2.);
#482=VECTOR('',#1824,2.);
#483=VECTOR('',#1827,2.);
#484=VECTOR('',#1830,2.);
#485=VECTOR('',#1833,2.);
#486=VECTOR('',#1836,2.);
#487=VECTOR('',#1839,2.);
#488=VECTOR('',#1842,2.);
#489=VECTOR('',#1845,2.);
#490=VECTOR('',#1848,2.);
#491=VECTOR('',#1851,2.);
#492=VECTOR('',#1854,2.);
#493=VECTOR('',#1857,2.);
#494=VECTOR('',#1860,2.);
#495=VECTOR('',#1863,2.);
#496=VECTOR('',#1866,2.);
#497=VECTOR('',#1869,2.);
#498=VECTOR('',#1872,2.);
#499=VECTOR('',#1875,2.);
#500=VECTOR('',#1878,2.);
#501=VECTOR('',#1881,2.);
#502=VECTOR('',#1884,1.5555);
#503=VECTOR('',#1889,1.5555);
#504=VECTOR('',#1894,1.5555);
#505=VECTOR('',#1897,1.5555);
#506=VECTOR('',#1900,1.5555);
#507=VECTOR('',#1903,1.5555);
#508=VECTOR('',#1906,1.5555);
#509=VECTOR('',#1909,1.5555);
#510=VECTOR('',#1912,1.5555);
#511=VECTOR('',#1915,1.5555);
#512=VECTOR('',#1918,1.5555);
#513=VECTOR('',#1921,1.5555);
#514=VECTOR('',#1924,1.5555);
#515=VECTOR('',#1927,1.5555);
#516=VECTOR('',#1930,1.5555);
#517=VECTOR('',#1933,1.5555);
#518=VECTOR('',#1936,1.5555);
#519=VECTOR('',#1939,1.5555);
#520=VECTOR('',#1942,1.5555);
#521=VECTOR('',#1945,1.5555);
#522=VECTOR('',#1948,1.5555);
#523=VECTOR('',#1951,1.5555);
#524=VECTOR('',#1954,1.5555);
#525=VECTOR('',#1957,1.5555);
#526=VECTOR('',#1960,1.5555);
#527=VECTOR('',#1963,1.5555);
#528=VECTOR('',#1966,1.5555);
#529=VECTOR('',#1969,1.5555);
#530=VECTOR('',#1972,1.5555);
#531=VECTOR('',#1975,1.5555);
#532=VECTOR('',#1978,1.5555);
#533=VECTOR('',#1981,1.5555);
#534=VECTOR('',#1984,1.5555);
#535=VECTOR('',#1987,1.5555);
#536=VECTOR('',#1990,1.5555);
#537=VECTOR('',#1993,1.5555);
#538=VECTOR('',#1998,3.35);
#539=VECTOR('',#2005,3.5);
#540=VECTOR('',#2016,3.35);
#541=VECTOR('',#2021,10.);
#542=VECTOR('',#2022,10.);
#543=VECTOR('',#2023,10.);
#544=VECTOR('',#2024,10.);
#545=VECTOR('',#2025,10.);
#546=VECTOR('',#2026,10.);
#547=VECTOR('',#2029,10.);
#548=VECTOR('',#2030,10.);
#549=VECTOR('',#2031,10.);
#550=VECTOR('',#2034,10.);
#551=VECTOR('',#2035,10.);
#552=VECTOR('',#2038,10.);
#553=VECTOR('',#2039,10.);
#554=VECTOR('',#2042,10.);
#555=VECTOR('',#2043,10.);
#556=VECTOR('',#2046,10.);
#557=VECTOR('',#2047,10.);
#558=VECTOR('',#2050,10.);
#559=VERTEX_POINT('',#2063);
#560=VERTEX_POINT('',#2064);
#561=VERTEX_POINT('',#2066);
#562=VERTEX_POINT('',#2077);
#563=VERTEX_POINT('',#2087);
#564=VERTEX_POINT('',#2088);
#565=VERTEX_POINT('',#2135);
#566=VERTEX_POINT('',#2136);
#567=VERTEX_POINT('',#2183);
#568=VERTEX_POINT('',#2184);
#569=VERTEX_POINT('',#2234);
#570=VERTEX_POINT('',#2235);
#571=VERTEX_POINT('',#2285);
#572=VERTEX_POINT('',#2286);
#573=VERTEX_POINT('',#2333);
#574=VERTEX_POINT('',#2334);
#575=VERTEX_POINT('',#2381);
#576=VERTEX_POINT('',#2382);
#577=VERTEX_POINT('',#2435);
#578=VERTEX_POINT('',#2436);
#579=VERTEX_POINT('',#2483);
#580=VERTEX_POINT('',#2484);
#581=VERTEX_POINT('',#2531);
#582=VERTEX_POINT('',#2532);
#583=VERTEX_POINT('',#2585);
#584=VERTEX_POINT('',#2586);
#585=VERTEX_POINT('',#2633);
#586=VERTEX_POINT('',#2634);
#587=VERTEX_POINT('',#2681);
#588=VERTEX_POINT('',#2682);
#589=VERTEX_POINT('',#2729);
#590=VERTEX_POINT('',#2730);
#591=VERTEX_POINT('',#2783);
#592=VERTEX_POINT('',#2784);
#593=VERTEX_POINT('',#2831);
#594=VERTEX_POINT('',#2832);
#595=VERTEX_POINT('',#2879);
#596=VERTEX_POINT('',#2880);
#597=VERTEX_POINT('',#2933);
#598=VERTEX_POINT('',#2934);
#599=VERTEX_POINT('',#2981);
#600=VERTEX_POINT('',#2982);
#601=VERTEX_POINT('',#3029);
#602=VERTEX_POINT('',#3030);
#603=VERTEX_POINT('',#3083);
#604=VERTEX_POINT('',#3084);
#605=VERTEX_POINT('',#3131);
#606=VERTEX_POINT('',#3132);
#607=VERTEX_POINT('',#3179);
#608=VERTEX_POINT('',#3180);
#609=VERTEX_POINT('',#3227);
#610=VERTEX_POINT('',#3228);
#611=VERTEX_POINT('',#3281);
#612=VERTEX_POINT('',#3282);
#613=VERTEX_POINT('',#3329);
#614=VERTEX_POINT('',#3330);
#615=VERTEX_POINT('',#3377);
#616=VERTEX_POINT('',#3378);
#617=VERTEX_POINT('',#3431);
#618=VERTEX_POINT('',#3432);
#619=VERTEX_POINT('',#3479);
#620=VERTEX_POINT('',#3480);
#621=VERTEX_POINT('',#3527);
#622=VERTEX_POINT('',#3528);
#623=VERTEX_POINT('',#3581);
#624=VERTEX_POINT('',#3582);
#625=VERTEX_POINT('',#3629);
#626=VERTEX_POINT('',#3630);
#627=VERTEX_POINT('',#3677);
#628=VERTEX_POINT('',#3678);
#629=VERTEX_POINT('',#3725);
#630=VERTEX_POINT('',#3726);
#631=VERTEX_POINT('',#3779);
#632=VERTEX_POINT('',#3780);
#633=VERTEX_POINT('',#3827);
#634=VERTEX_POINT('',#3828);
#635=VERTEX_POINT('',#3830);
#636=VERTEX_POINT('',#3837);
#637=VERTEX_POINT('',#3838);
#638=VERTEX_POINT('',#3850);
#639=VERTEX_POINT('',#3862);
#640=VERTEX_POINT('',#3863);
#641=VERTEX_POINT('',#3887);
#642=VERTEX_POINT('',#3888);
#643=VERTEX_POINT('',#3912);
#644=VERTEX_POINT('',#3913);
#645=VERTEX_POINT('',#3936);
#646=VERTEX_POINT('',#3937);
#647=VERTEX_POINT('',#3960);
#648=VERTEX_POINT('',#3961);
#649=VERTEX_POINT('',#3985);
#650=VERTEX_POINT('',#3986);
#651=VERTEX_POINT('',#4010);
#652=VERTEX_POINT('',#4011);
#653=VERTEX_POINT('',#4034);
#654=VERTEX_POINT('',#4035);
#655=VERTEX_POINT('',#4059);
#656=VERTEX_POINT('',#4060);
#657=VERTEX_POINT('',#4084);
#658=VERTEX_POINT('',#4085);
#659=VERTEX_POINT('',#4108);
#660=VERTEX_POINT('',#4109);
#661=VERTEX_POINT('',#4133);
#662=VERTEX_POINT('',#4134);
#663=VERTEX_POINT('',#4158);
#664=VERTEX_POINT('',#4159);
#665=VERTEX_POINT('',#4182);
#666=VERTEX_POINT('',#4183);
#667=VERTEX_POINT('',#4206);
#668=VERTEX_POINT('',#4207);
#669=VERTEX_POINT('',#4231);
#670=VERTEX_POINT('',#4232);
#671=VERTEX_POINT('',#4256);
#672=VERTEX_POINT('',#4257);
#673=VERTEX_POINT('',#4280);
#674=VERTEX_POINT('',#4281);
#675=VERTEX_POINT('',#4305);
#676=VERTEX_POINT('',#4306);
#677=VERTEX_POINT('',#4330);
#678=VERTEX_POINT('',#4331);
#679=VERTEX_POINT('',#4354);
#680=VERTEX_POINT('',#4355);
#681=VERTEX_POINT('',#4379);
#682=VERTEX_POINT('',#4380);
#683=VERTEX_POINT('',#4404);
#684=VERTEX_POINT('',#4405);
#685=VERTEX_POINT('',#4428);
#686=VERTEX_POINT('',#4429);
#687=VERTEX_POINT('',#4452);
#688=VERTEX_POINT('',#4453);
#689=VERTEX_POINT('',#4477);
#690=VERTEX_POINT('',#4478);
#691=VERTEX_POINT('',#4502);
#692=VERTEX_POINT('',#4503);
#693=VERTEX_POINT('',#4526);
#694=VERTEX_POINT('',#4527);
#695=VERTEX_POINT('',#4551);
#696=VERTEX_POINT('',#4552);
#697=VERTEX_POINT('',#4576);
#698=VERTEX_POINT('',#4577);
#699=VERTEX_POINT('',#4600);
#700=VERTEX_POINT('',#4601);
#701=VERTEX_POINT('',#4625);
#702=VERTEX_POINT('',#4626);
#703=VERTEX_POINT('',#4649);
#704=VERTEX_POINT('',#4650);
#705=VERTEX_POINT('',#4674);
#706=VERTEX_POINT('',#4675);
#707=VERTEX_POINT('',#4698);
#708=VERTEX_POINT('',#4700);
#709=VERTEX_POINT('',#4702);
#710=VERTEX_POINT('',#4706);
#711=VERTEX_POINT('',#4708);
#712=VERTEX_POINT('',#4712);
#713=VERTEX_POINT('',#4798);
#714=VERTEX_POINT('',#4886);
#715=VERTEX_POINT('',#4890);
#716=VERTEX_POINT('',#4891);
#717=VERTEX_POINT('',#4893);
#718=VERTEX_POINT('',#4895);
#719=VERTEX_POINT('',#4897);
#720=VERTEX_POINT('',#4899);
#721=VERTEX_POINT('',#4903);
#722=VERTEX_POINT('',#4905);
#723=VERTEX_POINT('',#4909);
#724=VERTEX_POINT('',#4913);
#725=VERTEX_POINT('',#4917);
#726=VERTEX_POINT('',#4921);
#727=VERTEX_POINT('',#5847);
#728=VERTEX_POINT('',#6887);
#729=EDGE_CURVE('',#559,#560,#373,.T.);
#730=EDGE_CURVE('',#559,#561,#222,.T.);
#731=EDGE_CURVE('',#561,#562,#211,.F.);
#732=EDGE_CURVE('',#562,#560,#223,.T.);
#733=EDGE_CURVE('',#563,#564,#374,.T.);
#734=EDGE_CURVE('',#563,#559,#224,.T.);
#735=EDGE_CURVE('',#560,#564,#225,.T.);
#736=EDGE_CURVE('',#565,#566,#375,.T.);
#737=EDGE_CURVE('',#565,#563,#226,.T.);
#738=EDGE_CURVE('',#564,#566,#227,.T.);
#739=EDGE_CURVE('',#567,#568,#376,.T.);
#740=EDGE_CURVE('',#567,#565,#228,.T.);
#741=EDGE_CURVE('',#566,#568,#229,.T.);
#742=EDGE_CURVE('',#569,#570,#377,.T.);
#743=EDGE_CURVE('',#569,#567,#230,.T.);
#744=EDGE_CURVE('',#568,#570,#231,.T.);
#745=EDGE_CURVE('',#571,#572,#378,.T.);
#746=EDGE_CURVE('',#571,#569,#232,.T.);
#747=EDGE_CURVE('',#570,#572,#233,.T.);
#748=EDGE_CURVE('',#573,#574,#379,.T.);
#749=EDGE_CURVE('',#573,#571,#234,.T.);
#750=EDGE_CURVE('',#572,#574,#235,.T.);
#751=EDGE_CURVE('',#575,#576,#380,.T.);
#752=EDGE_CURVE('',#575,#573,#236,.T.);
#753=EDGE_CURVE('',#574,#576,#237,.T.);
#754=EDGE_CURVE('',#577,#578,#381,.T.);
#755=EDGE_CURVE('',#577,#575,#238,.T.);
#756=EDGE_CURVE('',#576,#578,#239,.T.);
#757=EDGE_CURVE('',#579,#580,#382,.T.);
#758=EDGE_CURVE('',#579,#577,#240,.T.);
#759=EDGE_CURVE('',#578,#580,#241,.T.);
#760=EDGE_CURVE('',#581,#582,#383,.T.);
#761=EDGE_CURVE('',#581,#579,#242,.T.);
#762=EDGE_CURVE('',#580,#582,#243,.T.);
#763=EDGE_CURVE('',#583,#584,#384,.T.);
#764=EDGE_CURVE('',#583,#581,#244,.T.);
#765=EDGE_CURVE('',#582,#584,#245,.T.);
#766=EDGE_CURVE('',#585,#586,#385,.T.);
#767=EDGE_CURVE('',#585,#583,#246,.T.);
#768=EDGE_CURVE('',#584,#586,#247,.T.);
#769=EDGE_CURVE('',#587,#588,#386,.T.);
#770=EDGE_CURVE('',#587,#585,#248,.T.);
#771=EDGE_CURVE('',#586,#588,#249,.T.);
#772=EDGE_CURVE('',#589,#590,#387,.T.);
#773=EDGE_CURVE('',#589,#587,#250,.T.);
#774=EDGE_CURVE('',#588,#590,#251,.T.);
#775=EDGE_CURVE('',#591,#592,#388,.T.);
#776=EDGE_CURVE('',#591,#589,#252,.T.);
#777=EDGE_CURVE('',#590,#592,#253,.T.);
#778=EDGE_CURVE('',#593,#594,#389,.T.);
#779=EDGE_CURVE('',#593,#591,#254,.T.);
#780=EDGE_CURVE('',#592,#594,#255,.T.);
#781=EDGE_CURVE('',#595,#596,#390,.T.);
#782=EDGE_CURVE('',#595,#593,#256,.T.);
#783=EDGE_CURVE('',#594,#596,#257,.T.);
#784=EDGE_CURVE('',#597,#598,#391,.T.);
#785=EDGE_CURVE('',#597,#595,#258,.T.);
#786=EDGE_CURVE('',#596,#598,#259,.T.);
#787=EDGE_CURVE('',#599,#600,#392,.T.);
#788=EDGE_CURVE('',#599,#597,#260,.T.);
#789=EDGE_CURVE('',#598,#600,#261,.T.);
#790=EDGE_CURVE('',#601,#602,#393,.T.);
#791=EDGE_CURVE('',#601,#599,#262,.T.);
#792=EDGE_CURVE('',#600,#602,#263,.T.);
#793=EDGE_CURVE('',#603,#604,#394,.T.);
#794=EDGE_CURVE('',#603,#601,#264,.T.);
#795=EDGE_CURVE('',#602,#604,#265,.T.);
#796=EDGE_CURVE('',#605,#606,#395,.T.);
#797=EDGE_CURVE('',#605,#603,#266,.T.);
#798=EDGE_CURVE('',#604,#606,#267,.T.);
#799=EDGE_CURVE('',#607,#608,#396,.T.);
#800=EDGE_CURVE('',#607,#605,#268,.T.);
#801=EDGE_CURVE('',#606,#608,#269,.T.);
#802=EDGE_CURVE('',#609,#610,#397,.T.);
#803=EDGE_CURVE('',#609,#607,#270,.T.);
#804=EDGE_CURVE('',#608,#610,#271,.T.);
#805=EDGE_CURVE('',#611,#612,#398,.T.);
#806=EDGE_CURVE('',#611,#609,#272,.T.);
#807=EDGE_CURVE('',#610,#612,#273,.T.);
#808=EDGE_CURVE('',#613,#614,#399,.T.);
#809=EDGE_CURVE('',#613,#611,#274,.T.);
#810=EDGE_CURVE('',#612,#614,#275,.T.);
#811=EDGE_CURVE('',#615,#616,#400,.T.);
#812=EDGE_CURVE('',#615,#613,#276,.T.);
#813=EDGE_CURVE('',#614,#616,#277,.T.);
#814=EDGE_CURVE('',#617,#618,#401,.T.);
#815=EDGE_CURVE('',#617,#615,#278,.T.);
#816=EDGE_CURVE('',#616,#618,#279,.T.);
#817=EDGE_CURVE('',#619,#620,#402,.T.);
#818=EDGE_CURVE('',#619,#617,#280,.T.);
#819=EDGE_CURVE('',#618,#620,#281,.T.);
#820=EDGE_CURVE('',#621,#622,#403,.T.);
#821=EDGE_CURVE('',#621,#619,#282,.T.);
#822=EDGE_CURVE('',#620,#622,#283,.T.);
#823=EDGE_CURVE('',#623,#624,#404,.T.);
#824=EDGE_CURVE('',#623,#621,#284,.T.);
#825=EDGE_CURVE('',#622,#624,#285,.T.);
#826=EDGE_CURVE('',#625,#626,#405,.T.);
#827=EDGE_CURVE('',#625,#623,#286,.T.);
#828=EDGE_CURVE('',#624,#626,#287,.T.);
#829=EDGE_CURVE('',#627,#628,#406,.T.);
#830=EDGE_CURVE('',#627,#625,#288,.T.);
#831=EDGE_CURVE('',#626,#628,#289,.T.);
#832=EDGE_CURVE('',#629,#630,#407,.T.);
#833=EDGE_CURVE('',#629,#627,#290,.T.);
#834=EDGE_CURVE('',#628,#630,#291,.T.);
#835=EDGE_CURVE('',#631,#632,#408,.T.);
#836=EDGE_CURVE('',#631,#629,#292,.T.);
#837=EDGE_CURVE('',#630,#632,#293,.T.);
#838=EDGE_CURVE('',#633,#634,#409,.T.);
#839=EDGE_CURVE('',#633,#635,#294,.T.);
#840=EDGE_CURVE('',#634,#635,#212,.T.);
#841=EDGE_CURVE('',#636,#637,#410,.T.);
#842=EDGE_CURVE('',#636,#633,#295,.T.);
#843=EDGE_CURVE('',#638,#634,#213,.T.);
#844=EDGE_CURVE('',#637,#638,#296,.T.);
#845=EDGE_CURVE('',#639,#640,#411,.T.);
#846=EDGE_CURVE('',#639,#636,#297,.T.);
#847=EDGE_CURVE('',#640,#637,#298,.T.);
#848=EDGE_CURVE('',#641,#642,#412,.T.);
#849=EDGE_CURVE('',#641,#639,#299,.T.);
#850=EDGE_CURVE('',#642,#640,#300,.T.);
#851=EDGE_CURVE('',#643,#644,#413,.T.);
#852=EDGE_CURVE('',#643,#641,#301,.T.);
#853=EDGE_CURVE('',#644,#642,#302,.T.);
#854=EDGE_CURVE('',#645,#646,#414,.T.);
#855=EDGE_CURVE('',#645,#643,#303,.T.);
#856=EDGE_CURVE('',#646,#644,#304,.T.);
#857=EDGE_CURVE('',#647,#648,#415,.T.);
#858=EDGE_CURVE('',#647,#645,#305,.T.);
#859=EDGE_CURVE('',#648,#646,#306,.T.);
#860=EDGE_CURVE('',#649,#650,#416,.T.);
#861=EDGE_CURVE('',#649,#647,#307,.T.);
#862=EDGE_CURVE('',#650,#648,#308,.T.);
#863=EDGE_CURVE('',#651,#652,#417,.T.);
#864=EDGE_CURVE('',#651,#649,#309,.T.);
#865=EDGE_CURVE('',#652,#650,#310,.T.);
#866=EDGE_CURVE('',#653,#654,#418,.T.);
#867=EDGE_CURVE('',#653,#651,#311,.T.);
#868=EDGE_CURVE('',#654,#652,#312,.T.);
#869=EDGE_CURVE('',#655,#656,#419,.T.);
#870=EDGE_CURVE('',#655,#653,#313,.T.);
#871=EDGE_CURVE('',#656,#654,#314,.T.);
#872=EDGE_CURVE('',#657,#658,#420,.T.);
#873=EDGE_CURVE('',#657,#655,#315,.T.);
#874=EDGE_CURVE('',#658,#656,#316,.T.);
#875=EDGE_CURVE('',#659,#660,#421,.T.);
#876=EDGE_CURVE('',#659,#657,#317,.T.);
#877=EDGE_CURVE('',#660,#658,#318,.T.);
#878=EDGE_CURVE('',#661,#662,#422,.T.);
#879=EDGE_CURVE('',#661,#659,#319,.T.);
#880=EDGE_CURVE('',#662,#660,#320,.T.);
#881=EDGE_CURVE('',#663,#664,#423,.T.);
#882=EDGE_CURVE('',#663,#661,#321,.T.);
#883=EDGE_CURVE('',#664,#662,#322,.T.);
#884=EDGE_CURVE('',#665,#666,#424,.T.);
#885=EDGE_CURVE('',#665,#663,#323,.T.);
#886=EDGE_CURVE('',#666,#664,#324,.T.);
#887=EDGE_CURVE('',#667,#668,#425,.T.);
#888=EDGE_CURVE('',#667,#665,#325,.T.);
#889=EDGE_CURVE('',#668,#666,#326,.T.);
#890=EDGE_CURVE('',#669,#670,#426,.T.);
#891=EDGE_CURVE('',#669,#667,#327,.T.);
#892=EDGE_CURVE('',#670,#668,#328,.T.);
#893=EDGE_CURVE('',#671,#672,#427,.T.);
#894=EDGE_CURVE('',#671,#669,#329,.T.);
#895=EDGE_CURVE('',#672,#670,#330,.T.);
#896=EDGE_CURVE('',#673,#674,#428,.T.);
#897=EDGE_CURVE('',#673,#671,#331,.T.);
#898=EDGE_CURVE('',#674,#672,#332,.T.);
#899=EDGE_CURVE('',#675,#676,#429,.T.);
#900=EDGE_CURVE('',#675,#673,#333,.T.);
#901=EDGE_CURVE('',#676,#674,#334,.T.);
#902=EDGE_CURVE('',#677,#678,#430,.T.);
#903=EDGE_CURVE('',#677,#675,#335,.T.);
#904=EDGE_CURVE('',#678,#676,#336,.T.);
#905=EDGE_CURVE('',#679,#680,#431,.T.);
#906=EDGE_CURVE('',#679,#677,#337,.T.);
#907=EDGE_CURVE('',#680,#678,#338,.T.);
#908=EDGE_CURVE('',#681,#682,#432,.T.);
#909=EDGE_CURVE('',#681,#679,#339,.T.);
#910=EDGE_CURVE('',#682,#680,#340,.T.);
#911=EDGE_CURVE('',#683,#684,#433,.T.);
#912=EDGE_CURVE('',#683,#681,#341,.T.);
#913=EDGE_CURVE('',#684,#682,#342,.T.);
#914=EDGE_CURVE('',#685,#686,#434,.T.);
#915=EDGE_CURVE('',#685,#683,#343,.T.);
#916=EDGE_CURVE('',#686,#684,#344,.T.);
#917=EDGE_CURVE('',#687,#688,#435,.T.);
#918=EDGE_CURVE('',#687,#685,#345,.T.);
#919=EDGE_CURVE('',#688,#686,#346,.T.);
#920=EDGE_CURVE('',#689,#690,#436,.T.);
#921=EDGE_CURVE('',#689,#687,#347,.T.);
#922=EDGE_CURVE('',#690,#688,#348,.T.);
#923=EDGE_CURVE('',#691,#692,#437,.T.);
#924=EDGE_CURVE('',#691,#689,#349,.T.);
#925=EDGE_CURVE('',#692,#690,#350,.T.);
#926=EDGE_CURVE('',#693,#694,#438,.T.);
#927=EDGE_CURVE('',#693,#691,#351,.T.);
#928=EDGE_CURVE('',#694,#692,#352,.T.);
#929=EDGE_CURVE('',#695,#696,#439,.T.);
#930=EDGE_CURVE('',#695,#693,#353,.T.);
#931=EDGE_CURVE('',#696,#694,#354,.T.);
#932=EDGE_CURVE('',#697,#698,#440,.T.);
#933=EDGE_CURVE('',#697,#695,#355,.T.);
#934=EDGE_CURVE('',#698,#696,#356,.T.);
#935=EDGE_CURVE('',#699,#700,#441,.T.);
#936=EDGE_CURVE('',#699,#697,#357,.T.);
#937=EDGE_CURVE('',#700,#698,#358,.T.);
#938=EDGE_CURVE('',#701,#702,#442,.T.);
#939=EDGE_CURVE('',#701,#699,#359,.T.);
#940=EDGE_CURVE('',#702,#700,#360,.T.);
#941=EDGE_CURVE('',#703,#704,#443,.T.);
#942=EDGE_CURVE('',#703,#701,#361,.T.);
#943=EDGE_CURVE('',#704,#702,#362,.T.);
#944=EDGE_CURVE('',#705,#706,#444,.T.);
#945=EDGE_CURVE('',#705,#703,#363,.T.);
#946=EDGE_CURVE('',#706,#704,#364,.T.);
#947=EDGE_CURVE('',#707,#707,#214,.T.);
#948=EDGE_CURVE('',#707,#708,#445,.T.);
#949=EDGE_CURVE('',#708,#709,#215,.T.);
#950=EDGE_CURVE('',#709,#708,#216,.T.);
#951=EDGE_CURVE('',#709,#710,#446,.T.);
#952=EDGE_CURVE('',#711,#710,#217,.T.);
#953=EDGE_CURVE('',#710,#711,#218,.T.);
#954=EDGE_CURVE('',#561,#712,#365,.T.);
#955=EDGE_CURVE('',#712,#713,#219,.T.);
#956=EDGE_CURVE('',#713,#562,#366,.T.);
#957=EDGE_CURVE('',#711,#714,#447,.T.);
#958=EDGE_CURVE('',#714,#714,#220,.T.);
#959=EDGE_CURVE('',#715,#716,#448,.T.);
#960=EDGE_CURVE('',#716,#717,#449,.T.);
#961=EDGE_CURVE('',#717,#718,#450,.T.);
#962=EDGE_CURVE('',#718,#719,#451,.T.);
#963=EDGE_CURVE('',#719,#720,#452,.T.);
#964=EDGE_CURVE('',#720,#715,#453,.T.);
#965=EDGE_CURVE('',#715,#721,#454,.T.);
#966=EDGE_CURVE('',#721,#722,#455,.T.);
#967=EDGE_CURVE('',#716,#722,#456,.T.);
#968=EDGE_CURVE('',#720,#723,#457,.T.);
#969=EDGE_CURVE('',#723,#721,#458,.T.);
#970=EDGE_CURVE('',#719,#724,#459,.T.);
#971=EDGE_CURVE('',#724,#723,#460,.T.);
#972=EDGE_CURVE('',#718,#725,#461,.T.);
#973=EDGE_CURVE('',#725,#724,#462,.T.);
#974=EDGE_CURVE('',#717,#726,#463,.T.);
#975=EDGE_CURVE('',#726,#725,#464,.T.);
#976=EDGE_CURVE('',#722,#726,#465,.T.);
#977=EDGE_CURVE('',#727,#638,#367,.T.);
#978=EDGE_CURVE('',#632,#727,#368,.T.);
#979=EDGE_CURVE('',#713,#706,#369,.T.);
#980=EDGE_CURVE('',#712,#705,#370,.T.);
#981=EDGE_CURVE('',#635,#728,#371,.T.);
#982=EDGE_CURVE('',#728,#631,#372,.T.);
#983=EDGE_CURVE('',#728,#727,#221,.F.);
#984=ORIENTED_EDGE('',*,*,#729,.F.);
#985=ORIENTED_EDGE('',*,*,#730,.T.);
#986=ORIENTED_EDGE('',*,*,#731,.T.);
#987=ORIENTED_EDGE('',*,*,#732,.T.);
#988=ORIENTED_EDGE('',*,*,#733,.F.);
#989=ORIENTED_EDGE('',*,*,#734,.T.);
#990=ORIENTED_EDGE('',*,*,#729,.T.);
#991=ORIENTED_EDGE('',*,*,#735,.T.);
#992=ORIENTED_EDGE('',*,*,#736,.F.);
#993=ORIENTED_EDGE('',*,*,#737,.T.);
#994=ORIENTED_EDGE('',*,*,#733,.T.);
#995=ORIENTED_EDGE('',*,*,#738,.T.);
#996=ORIENTED_EDGE('',*,*,#739,.F.);
#997=ORIENTED_EDGE('',*,*,#740,.T.);
#998=ORIENTED_EDGE('',*,*,#736,.T.);
#999=ORIENTED_EDGE('',*,*,#741,.T.);
#1000=ORIENTED_EDGE('',*,*,#742,.F.);
#1001=ORIENTED_EDGE('',*,*,#743,.T.);
#1002=ORIENTED_EDGE('',*,*,#739,.T.);
#1003=ORIENTED_EDGE('',*,*,#744,.T.);
#1004=ORIENTED_EDGE('',*,*,#745,.F.);
#1005=ORIENTED_EDGE('',*,*,#746,.T.);
#1006=ORIENTED_EDGE('',*,*,#742,.T.);
#1007=ORIENTED_EDGE('',*,*,#747,.T.);
#1008=ORIENTED_EDGE('',*,*,#748,.F.);
#1009=ORIENTED_EDGE('',*,*,#749,.T.);
#1010=ORIENTED_EDGE('',*,*,#745,.T.);
#1011=ORIENTED_EDGE('',*,*,#750,.T.);
#1012=ORIENTED_EDGE('',*,*,#751,.F.);
#1013=ORIENTED_EDGE('',*,*,#752,.T.);
#1014=ORIENTED_EDGE('',*,*,#748,.T.);
#1015=ORIENTED_EDGE('',*,*,#753,.T.);
#1016=ORIENTED_EDGE('',*,*,#754,.F.);
#1017=ORIENTED_EDGE('',*,*,#755,.T.);
#1018=ORIENTED_EDGE('',*,*,#751,.T.);
#1019=ORIENTED_EDGE('',*,*,#756,.T.);
#1020=ORIENTED_EDGE('',*,*,#757,.F.);
#1021=ORIENTED_EDGE('',*,*,#758,.T.);
#1022=ORIENTED_EDGE('',*,*,#754,.T.);
#1023=ORIENTED_EDGE('',*,*,#759,.T.);
#1024=ORIENTED_EDGE('',*,*,#760,.F.);
#1025=ORIENTED_EDGE('',*,*,#761,.T.);
#1026=ORIENTED_EDGE('',*,*,#757,.T.);
#1027=ORIENTED_EDGE('',*,*,#762,.T.);
#1028=ORIENTED_EDGE('',*,*,#763,.F.);
#1029=ORIENTED_EDGE('',*,*,#764,.T.);
#1030=ORIENTED_EDGE('',*,*,#760,.T.);
#1031=ORIENTED_EDGE('',*,*,#765,.T.);
#1032=ORIENTED_EDGE('',*,*,#766,.F.);
#1033=ORIENTED_EDGE('',*,*,#767,.T.);
#1034=ORIENTED_EDGE('',*,*,#763,.T.);
#1035=ORIENTED_EDGE('',*,*,#768,.T.);
#1036=ORIENTED_EDGE('',*,*,#769,.F.);
#1037=ORIENTED_EDGE('',*,*,#770,.T.);
#1038=ORIENTED_EDGE('',*,*,#766,.T.);
#1039=ORIENTED_EDGE('',*,*,#771,.T.);
#1040=ORIENTED_EDGE('',*,*,#772,.F.);
#1041=ORIENTED_EDGE('',*,*,#773,.T.);
#1042=ORIENTED_EDGE('',*,*,#769,.T.);
#1043=ORIENTED_EDGE('',*,*,#774,.T.);
#1044=ORIENTED_EDGE('',*,*,#775,.F.);
#1045=ORIENTED_EDGE('',*,*,#776,.T.);
#1046=ORIENTED_EDGE('',*,*,#772,.T.);
#1047=ORIENTED_EDGE('',*,*,#777,.T.);
#1048=ORIENTED_EDGE('',*,*,#778,.F.);
#1049=ORIENTED_EDGE('',*,*,#779,.T.);
#1050=ORIENTED_EDGE('',*,*,#775,.T.);
#1051=ORIENTED_EDGE('',*,*,#780,.T.);
#1052=ORIENTED_EDGE('',*,*,#781,.F.);
#1053=ORIENTED_EDGE('',*,*,#782,.T.);
#1054=ORIENTED_EDGE('',*,*,#778,.T.);
#1055=ORIENTED_EDGE('',*,*,#783,.T.);
#1056=ORIENTED_EDGE('',*,*,#784,.F.);
#1057=ORIENTED_EDGE('',*,*,#785,.T.);
#1058=ORIENTED_EDGE('',*,*,#781,.T.);
#1059=ORIENTED_EDGE('',*,*,#786,.T.);
#1060=ORIENTED_EDGE('',*,*,#787,.F.);
#1061=ORIENTED_EDGE('',*,*,#788,.T.);
#1062=ORIENTED_EDGE('',*,*,#784,.T.);
#1063=ORIENTED_EDGE('',*,*,#789,.T.);
#1064=ORIENTED_EDGE('',*,*,#790,.F.);
#1065=ORIENTED_EDGE('',*,*,#791,.T.);
#1066=ORIENTED_EDGE('',*,*,#787,.T.);
#1067=ORIENTED_EDGE('',*,*,#792,.T.);
#1068=ORIENTED_EDGE('',*,*,#793,.F.);
#1069=ORIENTED_EDGE('',*,*,#794,.T.);
#1070=ORIENTED_EDGE('',*,*,#790,.T.);
#1071=ORIENTED_EDGE('',*,*,#795,.T.);
#1072=ORIENTED_EDGE('',*,*,#796,.F.);
#1073=ORIENTED_EDGE('',*,*,#797,.T.);
#1074=ORIENTED_EDGE('',*,*,#793,.T.);
#1075=ORIENTED_EDGE('',*,*,#798,.T.);
#1076=ORIENTED_EDGE('',*,*,#799,.F.);
#1077=ORIENTED_EDGE('',*,*,#800,.T.);
#1078=ORIENTED_EDGE('',*,*,#796,.T.);
#1079=ORIENTED_EDGE('',*,*,#801,.T.);
#1080=ORIENTED_EDGE('',*,*,#802,.F.);
#1081=ORIENTED_EDGE('',*,*,#803,.T.);
#1082=ORIENTED_EDGE('',*,*,#799,.T.);
#1083=ORIENTED_EDGE('',*,*,#804,.T.);
#1084=ORIENTED_EDGE('',*,*,#805,.F.);
#1085=ORIENTED_EDGE('',*,*,#806,.T.);
#1086=ORIENTED_EDGE('',*,*,#802,.T.);
#1087=ORIENTED_EDGE('',*,*,#807,.T.);
#1088=ORIENTED_EDGE('',*,*,#808,.F.);
#1089=ORIENTED_EDGE('',*,*,#809,.T.);
#1090=ORIENTED_EDGE('',*,*,#805,.T.);
#1091=ORIENTED_EDGE('',*,*,#810,.T.);
#1092=ORIENTED_EDGE('',*,*,#811,.F.);
#1093=ORIENTED_EDGE('',*,*,#812,.T.);
#1094=ORIENTED_EDGE('',*,*,#808,.T.);
#1095=ORIENTED_EDGE('',*,*,#813,.T.);
#1096=ORIENTED_EDGE('',*,*,#814,.F.);
#1097=ORIENTED_EDGE('',*,*,#815,.T.);
#1098=ORIENTED_EDGE('',*,*,#811,.T.);
#1099=ORIENTED_EDGE('',*,*,#816,.T.);
#1100=ORIENTED_EDGE('',*,*,#817,.F.);
#1101=ORIENTED_EDGE('',*,*,#818,.T.);
#1102=ORIENTED_EDGE('',*,*,#814,.T.);
#1103=ORIENTED_EDGE('',*,*,#819,.T.);
#1104=ORIENTED_EDGE('',*,*,#820,.F.);
#1105=ORIENTED_EDGE('',*,*,#821,.T.);
#1106=ORIENTED_EDGE('',*,*,#817,.T.);
#1107=ORIENTED_EDGE('',*,*,#822,.T.);
#1108=ORIENTED_EDGE('',*,*,#823,.F.);
#1109=ORIENTED_EDGE('',*,*,#824,.T.);
#1110=ORIENTED_EDGE('',*,*,#820,.T.);
#1111=ORIENTED_EDGE('',*,*,#825,.T.);
#1112=ORIENTED_EDGE('',*,*,#826,.F.);
#1113=ORIENTED_EDGE('',*,*,#827,.T.);
#1114=ORIENTED_EDGE('',*,*,#823,.T.);
#1115=ORIENTED_EDGE('',*,*,#828,.T.);
#1116=ORIENTED_EDGE('',*,*,#829,.F.);
#1117=ORIENTED_EDGE('',*,*,#830,.T.);
#1118=ORIENTED_EDGE('',*,*,#826,.T.);
#1119=ORIENTED_EDGE('',*,*,#831,.T.);
#1120=ORIENTED_EDGE('',*,*,#832,.F.);
#1121=ORIENTED_EDGE('',*,*,#833,.T.);
#1122=ORIENTED_EDGE('',*,*,#829,.T.);
#1123=ORIENTED_EDGE('',*,*,#834,.T.);
#1124=ORIENTED_EDGE('',*,*,#835,.F.);
#1125=ORIENTED_EDGE('',*,*,#836,.T.);
#1126=ORIENTED_EDGE('',*,*,#832,.T.);
#1127=ORIENTED_EDGE('',*,*,#837,.T.);
#1128=ORIENTED_EDGE('',*,*,#838,.F.);
#1129=ORIENTED_EDGE('',*,*,#839,.T.);
#1130=ORIENTED_EDGE('',*,*,#840,.F.);
#1131=ORIENTED_EDGE('',*,*,#841,.F.);
#1132=ORIENTED_EDGE('',*,*,#842,.T.);
#1133=ORIENTED_EDGE('',*,*,#838,.T.);
#1134=ORIENTED_EDGE('',*,*,#843,.F.);
#1135=ORIENTED_EDGE('',*,*,#844,.F.);
#1136=ORIENTED_EDGE('',*,*,#845,.F.);
#1137=ORIENTED_EDGE('',*,*,#846,.T.);
#1138=ORIENTED_EDGE('',*,*,#841,.T.);
#1139=ORIENTED_EDGE('',*,*,#847,.F.);
#1140=ORIENTED_EDGE('',*,*,#848,.F.);
#1141=ORIENTED_EDGE('',*,*,#849,.T.);
#1142=ORIENTED_EDGE('',*,*,#845,.T.);
#1143=ORIENTED_EDGE('',*,*,#850,.F.);
#1144=ORIENTED_EDGE('',*,*,#851,.F.);
#1145=ORIENTED_EDGE('',*,*,#852,.T.);
#1146=ORIENTED_EDGE('',*,*,#848,.T.);
#1147=ORIENTED_EDGE('',*,*,#853,.F.);
#1148=ORIENTED_EDGE('',*,*,#854,.F.);
#1149=ORIENTED_EDGE('',*,*,#855,.T.);
#1150=ORIENTED_EDGE('',*,*,#851,.T.);
#1151=ORIENTED_EDGE('',*,*,#856,.F.);
#1152=ORIENTED_EDGE('',*,*,#857,.F.);
#1153=ORIENTED_EDGE('',*,*,#858,.T.);
#1154=ORIENTED_EDGE('',*,*,#854,.T.);
#1155=ORIENTED_EDGE('',*,*,#859,.F.);
#1156=ORIENTED_EDGE('',*,*,#860,.F.);
#1157=ORIENTED_EDGE('',*,*,#861,.T.);
#1158=ORIENTED_EDGE('',*,*,#857,.T.);
#1159=ORIENTED_EDGE('',*,*,#862,.F.);
#1160=ORIENTED_EDGE('',*,*,#863,.F.);
#1161=ORIENTED_EDGE('',*,*,#864,.T.);
#1162=ORIENTED_EDGE('',*,*,#860,.T.);
#1163=ORIENTED_EDGE('',*,*,#865,.F.);
#1164=ORIENTED_EDGE('',*,*,#866,.F.);
#1165=ORIENTED_EDGE('',*,*,#867,.T.);
#1166=ORIENTED_EDGE('',*,*,#863,.T.);
#1167=ORIENTED_EDGE('',*,*,#868,.F.);
#1168=ORIENTED_EDGE('',*,*,#869,.F.);
#1169=ORIENTED_EDGE('',*,*,#870,.T.);
#1170=ORIENTED_EDGE('',*,*,#866,.T.);
#1171=ORIENTED_EDGE('',*,*,#871,.F.);
#1172=ORIENTED_EDGE('',*,*,#872,.F.);
#1173=ORIENTED_EDGE('',*,*,#873,.T.);
#1174=ORIENTED_EDGE('',*,*,#869,.T.);
#1175=ORIENTED_EDGE('',*,*,#874,.F.);
#1176=ORIENTED_EDGE('',*,*,#875,.F.);
#1177=ORIENTED_EDGE('',*,*,#876,.T.);
#1178=ORIENTED_EDGE('',*,*,#872,.T.);
#1179=ORIENTED_EDGE('',*,*,#877,.F.);
#1180=ORIENTED_EDGE('',*,*,#878,.F.);
#1181=ORIENTED_EDGE('',*,*,#879,.T.);
#1182=ORIENTED_EDGE('',*,*,#875,.T.);
#1183=ORIENTED_EDGE('',*,*,#880,.F.);
#1184=ORIENTED_EDGE('',*,*,#881,.F.);
#1185=ORIENTED_EDGE('',*,*,#882,.T.);
#1186=ORIENTED_EDGE('',*,*,#878,.T.);
#1187=ORIENTED_EDGE('',*,*,#883,.F.);
#1188=ORIENTED_EDGE('',*,*,#884,.F.);
#1189=ORIENTED_EDGE('',*,*,#885,.T.);
#1190=ORIENTED_EDGE('',*,*,#881,.T.);
#1191=ORIENTED_EDGE('',*,*,#886,.F.);
#1192=ORIENTED_EDGE('',*,*,#887,.F.);
#1193=ORIENTED_EDGE('',*,*,#888,.T.);
#1194=ORIENTED_EDGE('',*,*,#884,.T.);
#1195=ORIENTED_EDGE('',*,*,#889,.F.);
#1196=ORIENTED_EDGE('',*,*,#890,.F.);
#1197=ORIENTED_EDGE('',*,*,#891,.T.);
#1198=ORIENTED_EDGE('',*,*,#887,.T.);
#1199=ORIENTED_EDGE('',*,*,#892,.F.);
#1200=ORIENTED_EDGE('',*,*,#893,.F.);
#1201=ORIENTED_EDGE('',*,*,#894,.T.);
#1202=ORIENTED_EDGE('',*,*,#890,.T.);
#1203=ORIENTED_EDGE('',*,*,#895,.F.);
#1204=ORIENTED_EDGE('',*,*,#896,.F.);
#1205=ORIENTED_EDGE('',*,*,#897,.T.);
#1206=ORIENTED_EDGE('',*,*,#893,.T.);
#1207=ORIENTED_EDGE('',*,*,#898,.F.);
#1208=ORIENTED_EDGE('',*,*,#899,.F.);
#1209=ORIENTED_EDGE('',*,*,#900,.T.);
#1210=ORIENTED_EDGE('',*,*,#896,.T.);
#1211=ORIENTED_EDGE('',*,*,#901,.F.);
#1212=ORIENTED_EDGE('',*,*,#902,.F.);
#1213=ORIENTED_EDGE('',*,*,#903,.T.);
#1214=ORIENTED_EDGE('',*,*,#899,.T.);
#1215=ORIENTED_EDGE('',*,*,#904,.F.);
#1216=ORIENTED_EDGE('',*,*,#905,.F.);
#1217=ORIENTED_EDGE('',*,*,#906,.T.);
#1218=ORIENTED_EDGE('',*,*,#902,.T.);
#1219=ORIENTED_EDGE('',*,*,#907,.F.);
#1220=ORIENTED_EDGE('',*,*,#908,.F.);
#1221=ORIENTED_EDGE('',*,*,#909,.T.);
#1222=ORIENTED_EDGE('',*,*,#905,.T.);
#1223=ORIENTED_EDGE('',*,*,#910,.F.);
#1224=ORIENTED_EDGE('',*,*,#911,.F.);
#1225=ORIENTED_EDGE('',*,*,#912,.T.);
#1226=ORIENTED_EDGE('',*,*,#908,.T.);
#1227=ORIENTED_EDGE('',*,*,#913,.F.);
#1228=ORIENTED_EDGE('',*,*,#914,.F.);
#1229=ORIENTED_EDGE('',*,*,#915,.T.);
#1230=ORIENTED_EDGE('',*,*,#911,.T.);
#1231=ORIENTED_EDGE('',*,*,#916,.F.);
#1232=ORIENTED_EDGE('',*,*,#917,.F.);
#1233=ORIENTED_EDGE('',*,*,#918,.T.);
#1234=ORIENTED_EDGE('',*,*,#914,.T.);
#1235=ORIENTED_EDGE('',*,*,#919,.F.);
#1236=ORIENTED_EDGE('',*,*,#920,.F.);
#1237=ORIENTED_EDGE('',*,*,#921,.T.);
#1238=ORIENTED_EDGE('',*,*,#917,.T.);
#1239=ORIENTED_EDGE('',*,*,#922,.F.);
#1240=ORIENTED_EDGE('',*,*,#923,.F.);
#1241=ORIENTED_EDGE('',*,*,#924,.T.);
#1242=ORIENTED_EDGE('',*,*,#920,.T.);
#1243=ORIENTED_EDGE('',*,*,#925,.F.);
#1244=ORIENTED_EDGE('',*,*,#926,.F.);
#1245=ORIENTED_EDGE('',*,*,#927,.T.);
#1246=ORIENTED_EDGE('',*,*,#923,.T.);
#1247=ORIENTED_EDGE('',*,*,#928,.F.);
#1248=ORIENTED_EDGE('',*,*,#929,.F.);
#1249=ORIENTED_EDGE('',*,*,#930,.T.);
#1250=ORIENTED_EDGE('',*,*,#926,.T.);
#1251=ORIENTED_EDGE('',*,*,#931,.F.);
#1252=ORIENTED_EDGE('',*,*,#932,.F.);
#1253=ORIENTED_EDGE('',*,*,#933,.T.);
#1254=ORIENTED_EDGE('',*,*,#929,.T.);
#1255=ORIENTED_EDGE('',*,*,#934,.F.);
#1256=ORIENTED_EDGE('',*,*,#935,.F.);
#1257=ORIENTED_EDGE('',*,*,#936,.T.);
#1258=ORIENTED_EDGE('',*,*,#932,.T.);
#1259=ORIENTED_EDGE('',*,*,#937,.F.);
#1260=ORIENTED_EDGE('',*,*,#938,.F.);
#1261=ORIENTED_EDGE('',*,*,#939,.T.);
#1262=ORIENTED_EDGE('',*,*,#935,.T.);
#1263=ORIENTED_EDGE('',*,*,#940,.F.);
#1264=ORIENTED_EDGE('',*,*,#941,.F.);
#1265=ORIENTED_EDGE('',*,*,#942,.T.);
#1266=ORIENTED_EDGE('',*,*,#938,.T.);
#1267=ORIENTED_EDGE('',*,*,#943,.F.);
#1268=ORIENTED_EDGE('',*,*,#944,.F.);
#1269=ORIENTED_EDGE('',*,*,#945,.T.);
#1270=ORIENTED_EDGE('',*,*,#941,.T.);
#1271=ORIENTED_EDGE('',*,*,#946,.F.);
#1272=ORIENTED_EDGE('',*,*,#947,.T.);
#1273=ORIENTED_EDGE('',*,*,#948,.T.);
#1274=ORIENTED_EDGE('',*,*,#949,.T.);
#1275=ORIENTED_EDGE('',*,*,#950,.T.);
#1276=ORIENTED_EDGE('',*,*,#948,.F.);
#1277=ORIENTED_EDGE('',*,*,#949,.F.);
#1278=ORIENTED_EDGE('',*,*,#950,.F.);
#1279=ORIENTED_EDGE('',*,*,#951,.T.);
#1280=ORIENTED_EDGE('',*,*,#952,.F.);
#1281=ORIENTED_EDGE('',*,*,#953,.F.);
#1282=ORIENTED_EDGE('',*,*,#951,.F.);
#1283=ORIENTED_EDGE('',*,*,#947,.F.);
#1284=ORIENTED_EDGE('',*,*,#954,.T.);
#1285=ORIENTED_EDGE('',*,*,#955,.T.);
#1286=ORIENTED_EDGE('',*,*,#956,.T.);
#1287=ORIENTED_EDGE('',*,*,#731,.F.);
#1288=ORIENTED_EDGE('',*,*,#952,.T.);
#1289=ORIENTED_EDGE('',*,*,#953,.T.);
#1290=ORIENTED_EDGE('',*,*,#957,.T.);
#1291=ORIENTED_EDGE('',*,*,#958,.T.);
#1292=ORIENTED_EDGE('',*,*,#957,.F.);
#1293=ORIENTED_EDGE('',*,*,#958,.F.);
#1294=ORIENTED_EDGE('',*,*,#959,.T.);
#1295=ORIENTED_EDGE('',*,*,#960,.T.);
#1296=ORIENTED_EDGE('',*,*,#961,.T.);
#1297=ORIENTED_EDGE('',*,*,#962,.T.);
#1298=ORIENTED_EDGE('',*,*,#963,.T.);
#1299=ORIENTED_EDGE('',*,*,#964,.T.);
#1300=ORIENTED_EDGE('',*,*,#959,.F.);
#1301=ORIENTED_EDGE('',*,*,#965,.T.);
#1302=ORIENTED_EDGE('',*,*,#966,.T.);
#1303=ORIENTED_EDGE('',*,*,#967,.F.);
#1304=ORIENTED_EDGE('',*,*,#964,.F.);
#1305=ORIENTED_EDGE('',*,*,#968,.T.);
#1306=ORIENTED_EDGE('',*,*,#969,.T.);
#1307=ORIENTED_EDGE('',*,*,#965,.F.);
#1308=ORIENTED_EDGE('',*,*,#963,.F.);
#1309=ORIENTED_EDGE('',*,*,#970,.T.);
#1310=ORIENTED_EDGE('',*,*,#971,.T.);
#1311=ORIENTED_EDGE('',*,*,#968,.F.);
#1312=ORIENTED_EDGE('',*,*,#962,.F.);
#1313=ORIENTED_EDGE('',*,*,#972,.T.);
#1314=ORIENTED_EDGE('',*,*,#973,.T.);
#1315=ORIENTED_EDGE('',*,*,#970,.F.);
#1316=ORIENTED_EDGE('',*,*,#961,.F.);
#1317=ORIENTED_EDGE('',*,*,#974,.T.);
#1318=ORIENTED_EDGE('',*,*,#975,.T.);
#1319=ORIENTED_EDGE('',*,*,#972,.F.);
#1320=ORIENTED_EDGE('',*,*,#960,.F.);
#1321=ORIENTED_EDGE('',*,*,#967,.T.);
#1322=ORIENTED_EDGE('',*,*,#976,.T.);
#1323=ORIENTED_EDGE('',*,*,#974,.F.);
#1324=ORIENTED_EDGE('',*,*,#976,.F.);
#1325=ORIENTED_EDGE('',*,*,#966,.F.);
#1326=ORIENTED_EDGE('',*,*,#969,.F.);
#1327=ORIENTED_EDGE('',*,*,#971,.F.);
#1328=ORIENTED_EDGE('',*,*,#973,.F.);
#1329=ORIENTED_EDGE('',*,*,#975,.F.);
#1330=ORIENTED_EDGE('',*,*,#977,.F.);
#1331=ORIENTED_EDGE('',*,*,#978,.F.);
#1332=ORIENTED_EDGE('',*,*,#837,.F.);
#1333=ORIENTED_EDGE('',*,*,#834,.F.);
#1334=ORIENTED_EDGE('',*,*,#831,.F.);
#1335=ORIENTED_EDGE('',*,*,#828,.F.);
#1336=ORIENTED_EDGE('',*,*,#825,.F.);
#1337=ORIENTED_EDGE('',*,*,#822,.F.);
#1338=ORIENTED_EDGE('',*,*,#819,.F.);
#1339=ORIENTED_EDGE('',*,*,#816,.F.);
#1340=ORIENTED_EDGE('',*,*,#813,.F.);
#1341=ORIENTED_EDGE('',*,*,#810,.F.);
#1342=ORIENTED_EDGE('',*,*,#807,.F.);
#1343=ORIENTED_EDGE('',*,*,#804,.F.);
#1344=ORIENTED_EDGE('',*,*,#801,.F.);
#1345=ORIENTED_EDGE('',*,*,#798,.F.);
#1346=ORIENTED_EDGE('',*,*,#795,.F.);
#1347=ORIENTED_EDGE('',*,*,#792,.F.);
#1348=ORIENTED_EDGE('',*,*,#789,.F.);
#1349=ORIENTED_EDGE('',*,*,#786,.F.);
#1350=ORIENTED_EDGE('',*,*,#783,.F.);
#1351=ORIENTED_EDGE('',*,*,#780,.F.);
#1352=ORIENTED_EDGE('',*,*,#777,.F.);
#1353=ORIENTED_EDGE('',*,*,#774,.F.);
#1354=ORIENTED_EDGE('',*,*,#771,.F.);
#1355=ORIENTED_EDGE('',*,*,#768,.F.);
#1356=ORIENTED_EDGE('',*,*,#765,.F.);
#1357=ORIENTED_EDGE('',*,*,#762,.F.);
#1358=ORIENTED_EDGE('',*,*,#759,.F.);
#1359=ORIENTED_EDGE('',*,*,#756,.F.);
#1360=ORIENTED_EDGE('',*,*,#753,.F.);
#1361=ORIENTED_EDGE('',*,*,#750,.F.);
#1362=ORIENTED_EDGE('',*,*,#747,.F.);
#1363=ORIENTED_EDGE('',*,*,#744,.F.);
#1364=ORIENTED_EDGE('',*,*,#741,.F.);
#1365=ORIENTED_EDGE('',*,*,#738,.F.);
#1366=ORIENTED_EDGE('',*,*,#735,.F.);
#1367=ORIENTED_EDGE('',*,*,#732,.F.);
#1368=ORIENTED_EDGE('',*,*,#956,.F.);
#1369=ORIENTED_EDGE('',*,*,#979,.T.);
#1370=ORIENTED_EDGE('',*,*,#946,.T.);
#1371=ORIENTED_EDGE('',*,*,#943,.T.);
#1372=ORIENTED_EDGE('',*,*,#940,.T.);
#1373=ORIENTED_EDGE('',*,*,#937,.T.);
#1374=ORIENTED_EDGE('',*,*,#934,.T.);
#1375=ORIENTED_EDGE('',*,*,#931,.T.);
#1376=ORIENTED_EDGE('',*,*,#928,.T.);
#1377=ORIENTED_EDGE('',*,*,#925,.T.);
#1378=ORIENTED_EDGE('',*,*,#922,.T.);
#1379=ORIENTED_EDGE('',*,*,#919,.T.);
#1380=ORIENTED_EDGE('',*,*,#916,.T.);
#1381=ORIENTED_EDGE('',*,*,#913,.T.);
#1382=ORIENTED_EDGE('',*,*,#910,.T.);
#1383=ORIENTED_EDGE('',*,*,#907,.T.);
#1384=ORIENTED_EDGE('',*,*,#904,.T.);
#1385=ORIENTED_EDGE('',*,*,#901,.T.);
#1386=ORIENTED_EDGE('',*,*,#898,.T.);
#1387=ORIENTED_EDGE('',*,*,#895,.T.);
#1388=ORIENTED_EDGE('',*,*,#892,.T.);
#1389=ORIENTED_EDGE('',*,*,#889,.T.);
#1390=ORIENTED_EDGE('',*,*,#886,.T.);
#1391=ORIENTED_EDGE('',*,*,#883,.T.);
#1392=ORIENTED_EDGE('',*,*,#880,.T.);
#1393=ORIENTED_EDGE('',*,*,#877,.T.);
#1394=ORIENTED_EDGE('',*,*,#874,.T.);
#1395=ORIENTED_EDGE('',*,*,#871,.T.);
#1396=ORIENTED_EDGE('',*,*,#868,.T.);
#1397=ORIENTED_EDGE('',*,*,#865,.T.);
#1398=ORIENTED_EDGE('',*,*,#862,.T.);
#1399=ORIENTED_EDGE('',*,*,#859,.T.);
#1400=ORIENTED_EDGE('',*,*,#856,.T.);
#1401=ORIENTED_EDGE('',*,*,#853,.T.);
#1402=ORIENTED_EDGE('',*,*,#850,.T.);
#1403=ORIENTED_EDGE('',*,*,#847,.T.);
#1404=ORIENTED_EDGE('',*,*,#844,.T.);
#1405=ORIENTED_EDGE('',*,*,#944,.T.);
#1406=ORIENTED_EDGE('',*,*,#979,.F.);
#1407=ORIENTED_EDGE('',*,*,#955,.F.);
#1408=ORIENTED_EDGE('',*,*,#980,.T.);
#1409=ORIENTED_EDGE('',*,*,#981,.F.);
#1410=ORIENTED_EDGE('',*,*,#839,.F.);
#1411=ORIENTED_EDGE('',*,*,#842,.F.);
#1412=ORIENTED_EDGE('',*,*,#846,.F.);
#1413=ORIENTED_EDGE('',*,*,#849,.F.);
#1414=ORIENTED_EDGE('',*,*,#852,.F.);
#1415=ORIENTED_EDGE('',*,*,#855,.F.);
#1416=ORIENTED_EDGE('',*,*,#858,.F.);
#1417=ORIENTED_EDGE('',*,*,#861,.F.);
#1418=ORIENTED_EDGE('',*,*,#864,.F.);
#1419=ORIENTED_EDGE('',*,*,#867,.F.);
#1420=ORIENTED_EDGE('',*,*,#870,.F.);
#1421=ORIENTED_EDGE('',*,*,#873,.F.);
#1422=ORIENTED_EDGE('',*,*,#876,.F.);
#1423=ORIENTED_EDGE('',*,*,#879,.F.);
#1424=ORIENTED_EDGE('',*,*,#882,.F.);
#1425=ORIENTED_EDGE('',*,*,#885,.F.);
#1426=ORIENTED_EDGE('',*,*,#888,.F.);
#1427=ORIENTED_EDGE('',*,*,#891,.F.);
#1428=ORIENTED_EDGE('',*,*,#894,.F.);
#1429=ORIENTED_EDGE('',*,*,#897,.F.);
#1430=ORIENTED_EDGE('',*,*,#900,.F.);
#1431=ORIENTED_EDGE('',*,*,#903,.F.);
#1432=ORIENTED_EDGE('',*,*,#906,.F.);
#1433=ORIENTED_EDGE('',*,*,#909,.F.);
#1434=ORIENTED_EDGE('',*,*,#912,.F.);
#1435=ORIENTED_EDGE('',*,*,#915,.F.);
#1436=ORIENTED_EDGE('',*,*,#918,.F.);
#1437=ORIENTED_EDGE('',*,*,#921,.F.);
#1438=ORIENTED_EDGE('',*,*,#924,.F.);
#1439=ORIENTED_EDGE('',*,*,#927,.F.);
#1440=ORIENTED_EDGE('',*,*,#930,.F.);
#1441=ORIENTED_EDGE('',*,*,#933,.F.);
#1442=ORIENTED_EDGE('',*,*,#936,.F.);
#1443=ORIENTED_EDGE('',*,*,#939,.F.);
#1444=ORIENTED_EDGE('',*,*,#942,.F.);
#1445=ORIENTED_EDGE('',*,*,#945,.F.);
#1446=ORIENTED_EDGE('',*,*,#980,.F.);
#1447=ORIENTED_EDGE('',*,*,#954,.F.);
#1448=ORIENTED_EDGE('',*,*,#730,.F.);
#1449=ORIENTED_EDGE('',*,*,#734,.F.);
#1450=ORIENTED_EDGE('',*,*,#737,.F.);
#1451=ORIENTED_EDGE('',*,*,#740,.F.);
#1452=ORIENTED_EDGE('',*,*,#743,.F.);
#1453=ORIENTED_EDGE('',*,*,#746,.F.);
#1454=ORIENTED_EDGE('',*,*,#749,.F.);
#1455=ORIENTED_EDGE('',*,*,#752,.F.);
#1456=ORIENTED_EDGE('',*,*,#755,.F.);
#1457=ORIENTED_EDGE('',*,*,#758,.F.);
#1458=ORIENTED_EDGE('',*,*,#761,.F.);
#1459=ORIENTED_EDGE('',*,*,#764,.F.);
#1460=ORIENTED_EDGE('',*,*,#767,.F.);
#1461=ORIENTED_EDGE('',*,*,#770,.F.);
#1462=ORIENTED_EDGE('',*,*,#773,.F.);
#1463=ORIENTED_EDGE('',*,*,#776,.F.);
#1464=ORIENTED_EDGE('',*,*,#779,.F.);
#1465=ORIENTED_EDGE('',*,*,#782,.F.);
#1466=ORIENTED_EDGE('',*,*,#785,.F.);
#1467=ORIENTED_EDGE('',*,*,#788,.F.);
#1468=ORIENTED_EDGE('',*,*,#791,.F.);
#1469=ORIENTED_EDGE('',*,*,#794,.F.);
#1470=ORIENTED_EDGE('',*,*,#797,.F.);
#1471=ORIENTED_EDGE('',*,*,#800,.F.);
#1472=ORIENTED_EDGE('',*,*,#803,.F.);
#1473=ORIENTED_EDGE('',*,*,#806,.F.);
#1474=ORIENTED_EDGE('',*,*,#809,.F.);
#1475=ORIENTED_EDGE('',*,*,#812,.F.);
#1476=ORIENTED_EDGE('',*,*,#815,.F.);
#1477=ORIENTED_EDGE('',*,*,#818,.F.);
#1478=ORIENTED_EDGE('',*,*,#821,.F.);
#1479=ORIENTED_EDGE('',*,*,#824,.F.);
#1480=ORIENTED_EDGE('',*,*,#827,.F.);
#1481=ORIENTED_EDGE('',*,*,#830,.F.);
#1482=ORIENTED_EDGE('',*,*,#833,.F.);
#1483=ORIENTED_EDGE('',*,*,#836,.F.);
#1484=ORIENTED_EDGE('',*,*,#982,.F.);
#1485=ORIENTED_EDGE('',*,*,#835,.T.);
#1486=ORIENTED_EDGE('',*,*,#978,.T.);
#1487=ORIENTED_EDGE('',*,*,#983,.F.);
#1488=ORIENTED_EDGE('',*,*,#982,.T.);
#1489=ORIENTED_EDGE('',*,*,#981,.T.);
#1490=ORIENTED_EDGE('',*,*,#983,.T.);
#1491=ORIENTED_EDGE('',*,*,#977,.T.);
#1492=ORIENTED_EDGE('',*,*,#843,.T.);
#1493=ORIENTED_EDGE('',*,*,#840,.T.);
#1494=CYLINDRICAL_SURFACE('',#1672,1.954);
#1495=CYLINDRICAL_SURFACE('',#1674,1.954);
#1496=CYLINDRICAL_SURFACE('',#1675,1.954);
#1497=CYLINDRICAL_SURFACE('',#1676,1.954);
#1498=CYLINDRICAL_SURFACE('',#1677,1.954);
#1499=CYLINDRICAL_SURFACE('',#1678,1.954);
#1500=CYLINDRICAL_SURFACE('',#1679,1.954);
#1501=CYLINDRICAL_SURFACE('',#1680,1.954);
#1502=CYLINDRICAL_SURFACE('',#1681,1.954);
#1503=CYLINDRICAL_SURFACE('',#1682,1.954);
#1504=CYLINDRICAL_SURFACE('',#1683,1.954);
#1505=CYLINDRICAL_SURFACE('',#1684,1.954);
#1506=CYLINDRICAL_SURFACE('',#1685,1.954);
#1507=CYLINDRICAL_SURFACE('',#1686,1.954);
#1508=CYLINDRICAL_SURFACE('',#1687,1.954);
#1509=CYLINDRICAL_SURFACE('',#1688,1.954);
#1510=CYLINDRICAL_SURFACE('',#1689,1.954);
#1511=CYLINDRICAL_SURFACE('',#1690,1.954);
#1512=CYLINDRICAL_SURFACE('',#1691,1.954);
#1513=CYLINDRICAL_SURFACE('',#1692,1.954);
#1514=CYLINDRICAL_SURFACE('',#1693,1.954);
#1515=CYLINDRICAL_SURFACE('',#1694,1.954);
#1516=CYLINDRICAL_SURFACE('',#1695,1.954);
#1517=CYLINDRICAL_SURFACE('',#1696,1.954);
#1518=CYLINDRICAL_SURFACE('',#1697,1.954);
#1519=CYLINDRICAL_SURFACE('',#1698,1.954);
#1520=CYLINDRICAL_SURFACE('',#1699,1.954);
#1521=CYLINDRICAL_SURFACE('',#1700,1.954);
#1522=CYLINDRICAL_SURFACE('',#1701,1.954);
#1523=CYLINDRICAL_SURFACE('',#1702,1.954);
#1524=CYLINDRICAL_SURFACE('',#1703,1.954);
#1525=CYLINDRICAL_SURFACE('',#1704,1.954);
#1526=CYLINDRICAL_SURFACE('',#1705,1.954);
#1527=CYLINDRICAL_SURFACE('',#1706,1.954);
#1528=CYLINDRICAL_SURFACE('',#1707,1.954);
#1529=CYLINDRICAL_SURFACE('',#1708,1.954);
#1530=CYLINDRICAL_SURFACE('',#1709,1.5555);
#1531=CYLINDRICAL_SURFACE('',#1711,1.5555);
#1532=CYLINDRICAL_SURFACE('',#1713,1.5555);
#1533=CYLINDRICAL_SURFACE('',#1714,1.5555);
#1534=CYLINDRICAL_SURFACE('',#1715,1.5555);
#1535=CYLINDRICAL_SURFACE('',#1716,1.5555);
#1536=CYLINDRICAL_SURFACE('',#1717,1.5555);
#1537=CYLINDRICAL_SURFACE('',#1718,1.5555);
#1538=CYLINDRICAL_SURFACE('',#1719,1.5555);
#1539=CYLINDRICAL_SURFACE('',#1720,1.5555);
#1540=CYLINDRICAL_SURFACE('',#1721,1.5555);
#1541=CYLINDRICAL_SURFACE('',#1722,1.5555);
#1542=CYLINDRICAL_SURFACE('',#1723,1.5555);
#1543=CYLINDRICAL_SURFACE('',#1724,1.5555);
#1544=CYLINDRICAL_SURFACE('',#1725,1.5555);
#1545=CYLINDRICAL_SURFACE('',#1726,1.5555);
#1546=CYLINDRICAL_SURFACE('',#1727,1.5555);
#1547=CYLINDRICAL_SURFACE('',#1728,1.5555);
#1548=CYLINDRICAL_SURFACE('',#1729,1.5555);
#1549=CYLINDRICAL_SURFACE('',#1730,1.5555);
#1550=CYLINDRICAL_SURFACE('',#1731,1.5555);
#1551=CYLINDRICAL_SURFACE('',#1732,1.5555);
#1552=CYLINDRICAL_SURFACE('',#1733,1.5555);
#1553=CYLINDRICAL_SURFACE('',#1734,1.5555);
#1554=CYLINDRICAL_SURFACE('',#1735,1.5555);
#1555=CYLINDRICAL_SURFACE('',#1736,1.5555);
#1556=CYLINDRICAL_SURFACE('',#1737,1.5555);
#1557=CYLINDRICAL_SURFACE('',#1738,1.5555);
#1558=CYLINDRICAL_SURFACE('',#1739,1.5555);
#1559=CYLINDRICAL_SURFACE('',#1740,1.5555);
#1560=CYLINDRICAL_SURFACE('',#1741,1.5555);
#1561=CYLINDRICAL_SURFACE('',#1742,1.5555);
#1562=CYLINDRICAL_SURFACE('',#1743,1.5555);
#1563=CYLINDRICAL_SURFACE('',#1744,1.5555);
#1564=CYLINDRICAL_SURFACE('',#1745,1.5555);
#1565=CYLINDRICAL_SURFACE('',#1746,1.5555);
#1566=CYLINDRICAL_SURFACE('',#1751,3.5);
#1567=CYLINDRICAL_SURFACE('',#1766,1.5555);
#1568=CYLINDRICAL_SURFACE('',#1767,1.954);
#1569=ADVANCED_FACE('',(#31),#1494,.T.);
#1570=ADVANCED_FACE('',(#32),#1495,.T.);
#1571=ADVANCED_FACE('',(#33),#1496,.T.);
#1572=ADVANCED_FACE('',(#34),#1497,.T.);
#1573=ADVANCED_FACE('',(#35),#1498,.T.);
#1574=ADVANCED_FACE('',(#36),#1499,.T.);
#1575=ADVANCED_FACE('',(#37),#1500,.T.);
#1576=ADVANCED_FACE('',(#38),#1501,.T.);
#1577=ADVANCED_FACE('',(#39),#1502,.T.);
#1578=ADVANCED_FACE('',(#40),#1503,.T.);
#1579=ADVANCED_FACE('',(#41),#1504,.T.);
#1580=ADVANCED_FACE('',(#42),#1505,.T.);
#1581=ADVANCED_FACE('',(#43),#1506,.T.);
#1582=ADVANCED_FACE('',(#44),#1507,.T.);
#1583=ADVANCED_FACE('',(#45),#1508,.T.);
#1584=ADVANCED_FACE('',(#46),#1509,.T.);
#1585=ADVANCED_FACE('',(#47),#1510,.T.);
#1586=ADVANCED_FACE('',(#48),#1511,.T.);
#1587=ADVANCED_FACE('',(#49),#1512,.T.);
#1588=ADVANCED_FACE('',(#50),#1513,.T.);
#1589=ADVANCED_FACE('',(#51),#1514,.T.);
#1590=ADVANCED_FACE('',(#52),#1515,.T.);
#1591=ADVANCED_FACE('',(#53),#1516,.T.);
#1592=ADVANCED_FACE('',(#54),#1517,.T.);
#1593=ADVANCED_FACE('',(#55),#1518,.T.);
#1594=ADVANCED_FACE('',(#56),#1519,.T.);
#1595=ADVANCED_FACE('',(#57),#1520,.T.);
#1596=ADVANCED_FACE('',(#58),#1521,.T.);
#1597=ADVANCED_FACE('',(#59),#1522,.T.);
#1598=ADVANCED_FACE('',(#60),#1523,.T.);
#1599=ADVANCED_FACE('',(#61),#1524,.T.);
#1600=ADVANCED_FACE('',(#62),#1525,.T.);
#1601=ADVANCED_FACE('',(#63),#1526,.T.);
#1602=ADVANCED_FACE('',(#64),#1527,.T.);
#1603=ADVANCED_FACE('',(#65),#1528,.T.);
#1604=ADVANCED_FACE('',(#66),#1529,.T.);
#1605=ADVANCED_FACE('',(#67),#1530,.T.);
#1606=ADVANCED_FACE('',(#68),#1531,.T.);
#1607=ADVANCED_FACE('',(#69),#1532,.T.);
#1608=ADVANCED_FACE('',(#70),#1533,.T.);
#1609=ADVANCED_FACE('',(#71),#1534,.T.);
#1610=ADVANCED_FACE('',(#72),#1535,.T.);
#1611=ADVANCED_FACE('',(#73),#1536,.T.);
#1612=ADVANCED_FACE('',(#74),#1537,.T.);
#1613=ADVANCED_FACE('',(#75),#1538,.T.);
#1614=ADVANCED_FACE('',(#76),#1539,.T.);
#1615=ADVANCED_FACE('',(#77),#1540,.T.);
#1616=ADVANCED_FACE('',(#78),#1541,.T.);
#1617=ADVANCED_FACE('',(#79),#1542,.T.);
#1618=ADVANCED_FACE('',(#80),#1543,.T.);
#1619=ADVANCED_FACE('',(#81),#1544,.T.);
#1620=ADVANCED_FACE('',(#82),#1545,.T.);
#1621=ADVANCED_FACE('',(#83),#1546,.T.);
#1622=ADVANCED_FACE('',(#84),#1547,.T.);
#1623=ADVANCED_FACE('',(#85),#1548,.T.);
#1624=ADVANCED_FACE('',(#86),#1549,.T.);
#1625=ADVANCED_FACE('',(#87),#1550,.T.);
#1626=ADVANCED_FACE('',(#88),#1551,.T.);
#1627=ADVANCED_FACE('',(#89),#1552,.T.);
#1628=ADVANCED_FACE('',(#90),#1553,.T.);
#1629=ADVANCED_FACE('',(#91),#1554,.T.);
#1630=ADVANCED_FACE('',(#92),#1555,.T.);
#1631=ADVANCED_FACE('',(#93),#1556,.T.);
#1632=ADVANCED_FACE('',(#94),#1557,.T.);
#1633=ADVANCED_FACE('',(#95),#1558,.T.);
#1634=ADVANCED_FACE('',(#96),#1559,.T.);
#1635=ADVANCED_FACE('',(#97),#1560,.T.);
#1636=ADVANCED_FACE('',(#98),#1561,.T.);
#1637=ADVANCED_FACE('',(#99),#1562,.T.);
#1638=ADVANCED_FACE('',(#100),#1563,.T.);
#1639=ADVANCED_FACE('',(#101),#1564,.T.);
#1640=ADVANCED_FACE('',(#102),#1565,.T.);
#1641=ADVANCED_FACE('',(#103),#29,.T.);
#1642=ADVANCED_FACE('',(#104),#1566,.T.);
#1643=ADVANCED_FACE('',(#105,#17),#19,.T.);
#1644=ADVANCED_FACE('',(#106),#30,.T.);
#1645=ADVANCED_FACE('',(#107,#18),#20,.T.);
#1646=ADVANCED_FACE('',(#108),#21,.F.);
#1647=ADVANCED_FACE('',(#109),#22,.F.);
#1648=ADVANCED_FACE('',(#110),#23,.F.);
#1649=ADVANCED_FACE('',(#111),#24,.F.);
#1650=ADVANCED_FACE('',(#112),#25,.F.);
#1651=ADVANCED_FACE('',(#113),#26,.F.);
#1652=ADVANCED_FACE('',(#114),#27,.F.);
#1653=ADVANCED_FACE('',(#115),#15,.F.);
#1654=ADVANCED_FACE('',(#116),#1567,.T.);
#1655=ADVANCED_FACE('',(#117),#16,.F.);
#1656=ADVANCED_FACE('',(#118),#1568,.T.);
#1657=ADVANCED_FACE('',(#119),#28,.T.);
#1658=CLOSED_SHELL('',(#1569,#1570,#1571,#1572,#1573,#1574,#1575,#1576,
#1577,#1578,#1579,#1580,#1581,#1582,#1583,#1584,#1585,#1586,#1587,#1588,
#1589,#1590,#1591,#1592,#1593,#1594,#1595,#1596,#1597,#1598,#1599,#1600,
#1601,#1602,#1603,#1604,#1605,#1606,#1607,#1608,#1609,#1610,#1611,#1612,
#1613,#1614,#1615,#1616,#1617,#1618,#1619,#1620,#1621,#1622,#1623,#1624,
#1625,#1626,#1627,#1628,#1629,#1630,#1631,#1632,#1633,#1634,#1635,#1636,
#1637,#1638,#1639,#1640,#1641,#1642,#1643,#1644,#1645,#1646,#1647,#1648,
#1649,#1650,#1651,#1652,#1653,#1654,#1655,#1656,#1657));
#1659=DERIVED_UNIT_ELEMENT(#1661,1.);
#1660=DERIVED_UNIT_ELEMENT(#6994,-3.);
#1661=(
MASS_UNIT()
NAMED_UNIT(*)
SI_UNIT(.KILO.,.GRAM.)
);
#1662=DERIVED_UNIT((#1659,#1660));
#1663=MEASURE_REPRESENTATION_ITEM('density measure',
POSITIVE_RATIO_MEASURE(7850.),#1662);
#1664=PROPERTY_DEFINITION_REPRESENTATION(#1669,#1666);
#1665=PROPERTY_DEFINITION_REPRESENTATION(#1670,#1667);
#1666=REPRESENTATION('material name',(#1668),#6991);
#1667=REPRESENTATION('density',(#1663),#6991);
#1668=DESCRIPTIVE_REPRESENTATION_ITEM('Steel','Steel');
#1669=PROPERTY_DEFINITION('material property','material name',#7001);
#1670=PROPERTY_DEFINITION('material property','density of part',#7001);
#1671=AXIS2_PLACEMENT_3D('',#2061,#1770,#1771);
#1672=AXIS2_PLACEMENT_3D('',#2062,#1772,#1773);
#1673=AXIS2_PLACEMENT_3D('',#2078,#1775,#1776);
#1674=AXIS2_PLACEMENT_3D('',#2086,#1777,#1778);
#1675=AXIS2_PLACEMENT_3D('',#2134,#1780,#1781);
#1676=AXIS2_PLACEMENT_3D('',#2182,#1783,#1784);
#1677=AXIS2_PLACEMENT_3D('',#2233,#1786,#1787);
#1678=AXIS2_PLACEMENT_3D('',#2284,#1789,#1790);
#1679=AXIS2_PLACEMENT_3D('',#2332,#1792,#1793);
#1680=AXIS2_PLACEMENT_3D('',#2380,#1795,#1796);
#1681=AXIS2_PLACEMENT_3D('',#2434,#1798,#1799);
#1682=AXIS2_PLACEMENT_3D('',#2482,#1801,#1802);
#1683=AXIS2_PLACEMENT_3D('',#2530,#1804,#1805);
#1684=AXIS2_PLACEMENT_3D('',#2584,#1807,#1808);
#1685=AXIS2_PLACEMENT_3D('',#2632,#1810,#1811);
#1686=AXIS2_PLACEMENT_3D('',#2680,#1813,#1814);
#1687=AXIS2_PLACEMENT_3D('',#2728,#1816,#1817);
#1688=AXIS2_PLACEMENT_3D('',#2782,#1819,#1820);
#1689=AXIS2_PLACEMENT_3D('',#2830,#1822,#1823);
#1690=AXIS2_PLACEMENT_3D('',#2878,#1825,#1826);
#1691=AXIS2_PLACEMENT_3D('',#2932,#1828,#1829);
#1692=AXIS2_PLACEMENT_3D('',#2980,#1831,#1832);
#1693=AXIS2_PLACEMENT_3D('',#3028,#1834,#1835);
#1694=AXIS2_PLACEMENT_3D('',#3082,#1837,#1838);
#1695=AXIS2_PLACEMENT_3D('',#3130,#1840,#1841);
#1696=AXIS2_PLACEMENT_3D('',#3178,#1843,#1844);
#1697=AXIS2_PLACEMENT_3D('',#3226,#1846,#1847);
#1698=AXIS2_PLACEMENT_3D('',#3280,#1849,#1850);
#1699=AXIS2_PLACEMENT_3D('',#3328,#1852,#1853);
#1700=AXIS2_PLACEMENT_3D('',#3376,#1855,#1856);
#1701=AXIS2_PLACEMENT_3D('',#3430,#1858,#1859);
#1702=AXIS2_PLACEMENT_3D('',#3478,#1861,#1862);
#1703=AXIS2_PLACEMENT_3D('',#3526,#1864,#1865);
#1704=AXIS2_PLACEMENT_3D('',#3580,#1867,#1868);
#1705=AXIS2_PLACEMENT_3D('',#3628,#1870,#1871);
#1706=AXIS2_PLACEMENT_3D('',#3676,#1873,#1874);
#1707=AXIS2_PLACEMENT_3D('',#3724,#1876,#1877);
#1708=AXIS2_PLACEMENT_3D('',#3778,#1879,#1880);
#1709=AXIS2_PLACEMENT_3D('',#3826,#1882,#1883);
#1710=AXIS2_PLACEMENT_3D('',#3835,#1885,#1886);
#1711=AXIS2_PLACEMENT_3D('',#3836,#1887,#1888);
#1712=AXIS2_PLACEMENT_3D('',#3851,#1890,#1891);
#1713=AXIS2_PLACEMENT_3D('',#3861,#1892,#1893);
#1714=AXIS2_PLACEMENT_3D('',#3886,#1895,#1896);
#1715=AXIS2_PLACEMENT_3D('',#3911,#1898,#1899);
#1716=AXIS2_PLACEMENT_3D('',#3935,#1901,#1902);
#1717=AXIS2_PLACEMENT_3D('',#3959,#1904,#1905);
#1718=AXIS2_PLACEMENT_3D('',#3984,#1907,#1908);
#1719=AXIS2_PLACEMENT_3D('',#4009,#1910,#1911);
#1720=AXIS2_PLACEMENT_3D('',#4033,#1913,#1914);
#1721=AXIS2_PLACEMENT_3D('',#4058,#1916,#1917);
#1722=AXIS2_PLACEMENT_3D('',#4083,#1919,#1920);
#1723=AXIS2_PLACEMENT_3D('',#4107,#1922,#1923);
#1724=AXIS2_PLACEMENT_3D('',#4132,#1925,#1926);
#1725=AXIS2_PLACEMENT_3D('',#4157,#1928,#1929);
#1726=AXIS2_PLACEMENT_3D('',#4181,#1931,#1932);
#1727=AXIS2_PLACEMENT_3D('',#4205,#1934,#1935);
#1728=AXIS2_PLACEMENT_3D('',#4230,#1937,#1938);
#1729=AXIS2_PLACEMENT_3D('',#4255,#1940,#1941);
#1730=AXIS2_PLACEMENT_3D('',#4279,#1943,#1944);
#1731=AXIS2_PLACEMENT_3D('',#4304,#1946,#1947);
#1732=AXIS2_PLACEMENT_3D('',#4329,#1949,#1950);
#1733=AXIS2_PLACEMENT_3D('',#4353,#1952,#1953);
#1734=AXIS2_PLACEMENT_3D('',#4378,#1955,#1956);
#1735=AXIS2_PLACEMENT_3D('',#4403,#1958,#1959);
#1736=AXIS2_PLACEMENT_3D('',#4427,#1961,#1962);
#1737=AXIS2_PLACEMENT_3D('',#4451,#1964,#1965);
#1738=AXIS2_PLACEMENT_3D('',#4476,#1967,#1968);
#1739=AXIS2_PLACEMENT_3D('',#4501,#1970,#1971);
#1740=AXIS2_PLACEMENT_3D('',#4525,#1973,#1974);
#1741=AXIS2_PLACEMENT_3D('',#4550,#1976,#1977);
#1742=AXIS2_PLACEMENT_3D('',#4575,#1979,#1980);
#1743=AXIS2_PLACEMENT_3D('',#4599,#1982,#1983);
#1744=AXIS2_PLACEMENT_3D('',#4624,#1985,#1986);
#1745=AXIS2_PLACEMENT_3D('',#4648,#1988,#1989);
#1746=AXIS2_PLACEMENT_3D('',#4673,#1991,#1992);
#1747=AXIS2_PLACEMENT_3D('',#4697,#1994,#1995);
#1748=AXIS2_PLACEMENT_3D('',#4699,#1996,#1997);
#1749=AXIS2_PLACEMENT_3D('',#4703,#1999,#2000);
#1750=AXIS2_PLACEMENT_3D('',#4704,#2001,#2002);
#1751=AXIS2_PLACEMENT_3D('',#4705,#2003,#2004);
#1752=AXIS2_PLACEMENT_3D('',#4709,#2006,#2007);
#1753=AXIS2_PLACEMENT_3D('',#4710,#2008,#2009);
#1754=AXIS2_PLACEMENT_3D('',#4711,#2010,#2011);
#1755=AXIS2_PLACEMENT_3D('',#4799,#2012,#2013);
#1756=AXIS2_PLACEMENT_3D('',#4885,#2014,#2015);
#1757=AXIS2_PLACEMENT_3D('',#4888,#2017,#2018);
#1758=AXIS2_PLACEMENT_3D('',#4889,#2019,#2020);
#1759=AXIS2_PLACEMENT_3D('',#4902,#2027,#2028);
#1760=AXIS2_PLACEMENT_3D('',#4908,#2032,#2033);
#1761=AXIS2_PLACEMENT_3D('',#4912,#2036,#2037);
#1762=AXIS2_PLACEMENT_3D('',#4916,#2040,#2041);
#1763=AXIS2_PLACEMENT_3D('',#4920,#2044,#2045);
#1764=AXIS2_PLACEMENT_3D('',#4924,#2048,#2049);
#1765=AXIS2_PLACEMENT_3D('',#4926,#2051,#2052);
#1766=AXIS2_PLACEMENT_3D('',#5958,#2053,#2054);
#1767=AXIS2_PLACEMENT_3D('',#6986,#2055,#2056);
#1768=AXIS2_PLACEMENT_3D('',#6987,#2057,#2058);
#1769=AXIS2_PLACEMENT_3D('',#6988,#2059,#2060);
#1770=DIRECTION('axis',(0.,0.,1.));
#1771=DIRECTION('refdir',(1.,0.,0.));
#1772=DIRECTION('center_axis',(0.,0.,-1.));
#1773=DIRECTION('ref_axis',(-1.,0.,0.));
#1774=DIRECTION('',(0.,0.,1.));
#1775=DIRECTION('center_axis',(0.,0.,1.));
#1776=DIRECTION('ref_axis',(-1.,0.,0.));
#1777=DIRECTION('center_axis',(0.,0.,-1.));
#1778=DIRECTION('ref_axis',(-1.,0.,0.));
#1779=DIRECTION('',(0.,0.,1.));
#1780=DIRECTION('center_axis',(0.,0.,-1.));
#1781=DIRECTION('ref_axis',(-1.,0.,0.));
#1782=DIRECTION('',(0.,0.,1.));
#1783=DIRECTION('center_axis',(0.,0.,-1.));
#1784=DIRECTION('ref_axis',(-1.,0.,0.));
#1785=DIRECTION('',(0.,0.,1.));
#1786=DIRECTION('center_axis',(0.,0.,-1.));
#1787=DIRECTION('ref_axis',(-1.,0.,0.));
#1788=DIRECTION('',(0.,0.,1.));
#1789=DIRECTION('center_axis',(0.,0.,-1.));
#1790=DIRECTION('ref_axis',(-1.,0.,0.));
#1791=DIRECTION('',(0.,0.,1.));
#1792=DIRECTION('center_axis',(0.,0.,-1.));
#1793=DIRECTION('ref_axis',(-1.,0.,0.));
#1794=DIRECTION('',(0.,0.,1.));
#1795=DIRECTION('center_axis',(0.,0.,-1.));
#1796=DIRECTION('ref_axis',(-1.,0.,0.));
#1797=DIRECTION('',(0.,0.,1.));
#1798=DIRECTION('center_axis',(0.,0.,-1.));
#1799=DIRECTION('ref_axis',(-1.,0.,0.));
#1800=DIRECTION('',(0.,0.,1.));
#1801=DIRECTION('center_axis',(0.,0.,-1.));
#1802=DIRECTION('ref_axis',(-1.,0.,0.));
#1803=DIRECTION('',(0.,0.,1.));
#1804=DIRECTION('center_axis',(0.,0.,-1.));
#1805=DIRECTION('ref_axis',(-1.,0.,0.));
#1806=DIRECTION('',(0.,0.,1.));
#1807=DIRECTION('center_axis',(0.,0.,-1.));
#1808=DIRECTION('ref_axis',(-1.,0.,0.));
#1809=DIRECTION('',(0.,0.,1.));
#1810=DIRECTION('center_axis',(0.,0.,-1.));
#1811=DIRECTION('ref_axis',(-1.,0.,0.));
#1812=DIRECTION('',(0.,0.,1.));
#1813=DIRECTION('center_axis',(0.,0.,-1.));
#1814=DIRECTION('ref_axis',(-1.,0.,0.));
#1815=DIRECTION('',(0.,0.,1.));
#1816=DIRECTION('center_axis',(0.,0.,-1.));
#1817=DIRECTION('ref_axis',(-1.,0.,0.));
#1818=DIRECTION('',(0.,0.,1.));
#1819=DIRECTION('center_axis',(0.,0.,-1.));
#1820=DIRECTION('ref_axis',(-1.,0.,0.));
#1821=DIRECTION('',(0.,0.,1.));
#1822=DIRECTION('center_axis',(0.,0.,-1.));
#1823=DIRECTION('ref_axis',(-1.,0.,0.));
#1824=DIRECTION('',(0.,0.,1.));
#1825=DIRECTION('center_axis',(0.,0.,-1.));
#1826=DIRECTION('ref_axis',(-1.,0.,0.));
#1827=DIRECTION('',(0.,0.,1.));
#1828=DIRECTION('center_axis',(0.,0.,-1.));
#1829=DIRECTION('ref_axis',(-1.,0.,0.));
#1830=DIRECTION('',(0.,0.,1.));
#1831=DIRECTION('center_axis',(0.,0.,-1.));
#1832=DIRECTION('ref_axis',(-1.,0.,0.));
#1833=DIRECTION('',(0.,0.,1.));
#1834=DIRECTION('center_axis',(0.,0.,-1.));
#1835=DIRECTION('ref_axis',(-1.,0.,0.));
#1836=DIRECTION('',(0.,0.,1.));
#1837=DIRECTION('center_axis',(0.,0.,-1.));
#1838=DIRECTION('ref_axis',(-1.,0.,0.));
#1839=DIRECTION('',(0.,0.,1.));
#1840=DIRECTION('center_axis',(0.,0.,-1.));
#1841=DIRECTION('ref_axis',(-1.,0.,0.));
#1842=DIRECTION('',(0.,0.,1.));
#1843=DIRECTION('center_axis',(0.,0.,-1.));
#1844=DIRECTION('ref_axis',(-1.,0.,0.));
#1845=DIRECTION('',(0.,0.,1.));
#1846=DIRECTION('center_axis',(0.,0.,-1.));
#1847=DIRECTION('ref_axis',(-1.,0.,0.));
#1848=DIRECTION('',(0.,0.,1.));
#1849=DIRECTION('center_axis',(0.,0.,-1.));
#1850=DIRECTION('ref_axis',(-1.,0.,0.));
#1851=DIRECTION('',(0.,0.,1.));
#1852=DIRECTION('center_axis',(0.,0.,-1.));
#1853=DIRECTION('ref_axis',(-1.,0.,0.));
#1854=DIRECTION('',(0.,0.,1.));
#1855=DIRECTION('center_axis',(0.,0.,-1.));
#1856=DIRECTION('ref_axis',(-1.,0.,0.));
#1857=DIRECTION('',(0.,0.,1.));
#1858=DIRECTION('center_axis',(0.,0.,-1.));
#1859=DIRECTION('ref_axis',(-1.,0.,0.));
#1860=DIRECTION('',(0.,0.,1.));
#1861=DIRECTION('center_axis',(0.,0.,-1.));
#1862=DIRECTION('ref_axis',(-1.,0.,0.));
#1863=DIRECTION('',(0.,0.,1.));
#1864=DIRECTION('center_axis',(0.,0.,-1.));
#1865=DIRECTION('ref_axis',(-1.,0.,0.));
#1866=DIRECTION('',(0.,0.,1.));
#1867=DIRECTION('center_axis',(0.,0.,-1.));
#1868=DIRECTION('ref_axis',(-1.,0.,0.));
#1869=DIRECTION('',(0.,0.,1.));
#1870=DIRECTION('center_axis',(0.,0.,-1.));
#1871=DIRECTION('ref_axis',(-1.,0.,0.));
#1872=DIRECTION('',(0.,0.,1.));
#1873=DIRECTION('center_axis',(0.,0.,-1.));
#1874=DIRECTION('ref_axis',(-1.,0.,0.));
#1875=DIRECTION('',(0.,0.,1.));
#1876=DIRECTION('center_axis',(0.,0.,-1.));
#1877=DIRECTION('ref_axis',(-1.,0.,0.));
#1878=DIRECTION('',(0.,0.,1.));
#1879=DIRECTION('center_axis',(0.,0.,-1.));
#1880=DIRECTION('ref_axis',(-1.,0.,0.));
#1881=DIRECTION('',(0.,0.,1.));
#1882=DIRECTION('center_axis',(0.,0.,-1.));
#1883=DIRECTION('ref_axis',(-1.,-3.21019344309854E-13,0.));
#1884=DIRECTION('',(0.,0.,-1.));
#1885=DIRECTION('center_axis',(0.,0.,-1.));
#1886=DIRECTION('ref_axis',(-1.,-3.21019344309854E-13,0.));
#1887=DIRECTION('center_axis',(0.,0.,-1.));
#1888=DIRECTION('ref_axis',(-1.,-3.21019344309854E-13,0.));
#1889=DIRECTION('',(0.,0.,-1.));
#1890=DIRECTION('center_axis',(0.,0.,-1.));
#1891=DIRECTION('ref_axis',(-1.,-3.21019344309854E-13,0.));
#1892=DIRECTION('center_axis',(0.,0.,-1.));
#1893=DIRECTION('ref_axis',(-1.,-3.21019344309854E-13,0.));
#1894=DIRECTION('',(0.,0.,-1.));
#1895=DIRECTION('center_axis',(0.,0.,-1.));
#1896=DIRECTION('ref_axis',(-1.,-3.21019344309854E-13,0.));
#1897=DIRECTION('',(0.,0.,-1.));
#1898=DIRECTION('center_axis',(0.,0.,-1.));
#1899=DIRECTION('ref_axis',(-1.,-3.21019344309854E-13,0.));
#1900=DIRECTION('',(0.,0.,-1.));
#1901=DIRECTION('center_axis',(0.,0.,-1.));
#1902=DIRECTION('ref_axis',(-1.,-3.21019344309854E-13,0.));
#1903=DIRECTION('',(0.,0.,-1.));
#1904=DIRECTION('center_axis',(0.,0.,-1.));
#1905=DIRECTION('ref_axis',(-1.,-3.21019344309854E-13,0.));
#1906=DIRECTION('',(0.,0.,-1.));
#1907=DIRECTION('center_axis',(0.,0.,-1.));
#1908=DIRECTION('ref_axis',(-1.,-3.21019344309854E-13,0.));
#1909=DIRECTION('',(0.,0.,-1.));
#1910=DIRECTION('center_axis',(0.,0.,-1.));
#1911=DIRECTION('ref_axis',(-1.,-3.21019344309854E-13,0.));
#1912=DIRECTION('',(0.,0.,-1.));
#1913=DIRECTION('center_axis',(0.,0.,-1.));
#1914=DIRECTION('ref_axis',(-1.,-3.21019344309854E-13,0.));
#1915=DIRECTION('',(0.,0.,-1.));
#1916=DIRECTION('center_axis',(0.,0.,-1.));
#1917=DIRECTION('ref_axis',(-1.,-3.21019344309854E-13,0.));
#1918=DIRECTION('',(0.,0.,-1.));
#1919=DIRECTION('center_axis',(0.,0.,-1.));
#1920=DIRECTION('ref_axis',(-1.,-3.21019344309854E-13,0.));
#1921=DIRECTION('',(0.,0.,-1.));
#1922=DIRECTION('center_axis',(0.,0.,-1.));
#1923=DIRECTION('ref_axis',(-1.,-3.21019344309854E-13,0.));
#1924=DIRECTION('',(0.,0.,-1.));
#1925=DIRECTION('center_axis',(0.,0.,-1.));
#1926=DIRECTION('ref_axis',(-1.,-3.21019344309854E-13,0.));
#1927=DIRECTION('',(0.,0.,-1.));
#1928=DIRECTION('center_axis',(0.,0.,-1.));
#1929=DIRECTION('ref_axis',(-1.,-3.21019344309854E-13,0.));
#1930=DIRECTION('',(0.,0.,-1.));
#1931=DIRECTION('center_axis',(0.,0.,-1.));
#1932=DIRECTION('ref_axis',(-1.,-3.21019344309854E-13,0.));
#1933=DIRECTION('',(0.,0.,-1.));
#1934=DIRECTION('center_axis',(0.,0.,-1.));
#1935=DIRECTION('ref_axis',(-1.,-3.21019344309854E-13,0.));
#1936=DIRECTION('',(0.,0.,-1.));
#1937=DIRECTION('center_axis',(0.,0.,-1.));
#1938=DIRECTION('ref_axis',(-1.,-3.21019344309854E-13,0.));
#1939=DIRECTION('',(0.,0.,-1.));
#1940=DIRECTION('center_axis',(0.,0.,-1.));
#1941=DIRECTION('ref_axis',(-1.,-3.21019344309854E-13,0.));
#1942=DIRECTION('',(0.,0.,-1.));
#1943=DIRECTION('center_axis',(0.,0.,-1.));
#1944=DIRECTION('ref_axis',(-1.,-3.21019344309854E-13,0.));
#1945=DIRECTION('',(0.,0.,-1.));
#1946=DIRECTION('center_axis',(0.,0.,-1.));
#1947=DIRECTION('ref_axis',(-1.,-3.21019344309854E-13,0.));
#1948=DIRECTION('',(0.,0.,-1.));
#1949=DIRECTION('center_axis',(0.,0.,-1.));
#1950=DIRECTION('ref_axis',(-1.,-3.21019344309854E-13,0.));
#1951=DIRECTION('',(0.,0.,-1.));
#1952=DIRECTION('center_axis',(0.,0.,-1.));
#1953=DIRECTION('ref_axis',(-1.,-3.21019344309854E-13,0.));
#1954=DIRECTION('',(0.,0.,-1.));
#1955=DIRECTION('center_axis',(0.,0.,-1.));
#1956=DIRECTION('ref_axis',(-1.,-3.21019344309854E-13,0.));
#1957=DIRECTION('',(0.,0.,-1.));
#1958=DIRECTION('center_axis',(0.,0.,-1.));
#1959=DIRECTION('ref_axis',(-1.,-3.21019344309854E-13,0.));
#1960=DIRECTION('',(0.,0.,-1.));
#1961=DIRECTION('center_axis',(0.,0.,-1.));
#1962=DIRECTION('ref_axis',(-1.,-3.21019344309854E-13,0.));
#1963=DIRECTION('',(0.,0.,-1.));
#1964=DIRECTION('center_axis',(0.,0.,-1.));
#1965=DIRECTION('ref_axis',(-1.,-3.21019344309854E-13,0.));
#1966=DIRECTION('',(0.,0.,-1.));
#1967=DIRECTION('center_axis',(0.,0.,-1.));
#1968=DIRECTION('ref_axis',(-1.,-3.21019344309854E-13,0.));
#1969=DIRECTION('',(0.,0.,-1.));
#1970=DIRECTION('center_axis',(0.,0.,-1.));
#1971=DIRECTION('ref_axis',(-1.,-3.21019344309854E-13,0.));
#1972=DIRECTION('',(0.,0.,-1.));
#1973=DIRECTION('center_axis',(0.,0.,-1.));
#1974=DIRECTION('ref_axis',(-1.,-3.21019344309854E-13,0.));
#1975=DIRECTION('',(0.,0.,-1.));
#1976=DIRECTION('center_axis',(0.,0.,-1.));
#1977=DIRECTION('ref_axis',(-1.,-3.21019344309854E-13,0.));
#1978=DIRECTION('',(0.,0.,-1.));
#1979=DIRECTION('center_axis',(0.,0.,-1.));
#1980=DIRECTION('ref_axis',(-1.,-3.21019344309854E-13,0.));
#1981=DIRECTION('',(0.,0.,-1.));
#1982=DIRECTION('center_axis',(0.,0.,-1.));
#1983=DIRECTION('ref_axis',(-1.,-3.21019344309854E-13,0.));
#1984=DIRECTION('',(0.,0.,-1.));
#1985=DIRECTION('center_axis',(0.,0.,-1.));
#1986=DIRECTION('ref_axis',(-1.,-3.21019344309854E-13,0.));
#1987=DIRECTION('',(0.,0.,-1.));
#1988=DIRECTION('center_axis',(0.,0.,-1.));
#1989=DIRECTION('ref_axis',(-1.,-3.21019344309854E-13,0.));
#1990=DIRECTION('',(0.,0.,-1.));
#1991=DIRECTION('center_axis',(0.,0.,-1.));
#1992=DIRECTION('ref_axis',(-1.,-3.21019344309854E-13,0.));
#1993=DIRECTION('',(0.,0.,-1.));
#1994=DIRECTION('center_axis',(0.,0.,1.));
#1995=DIRECTION('ref_axis',(1.,0.,0.));
#1996=DIRECTION('center_axis',(0.,0.,1.));
#1997=DIRECTION('ref_axis',(1.,0.,0.));
#1998=DIRECTION('',(-0.707106781186547,8.65956056235493E-17,0.707106781186548));
#1999=DIRECTION('center_axis',(0.,0.,-1.));
#2000=DIRECTION('ref_axis',(1.,0.,0.));
#2001=DIRECTION('center_axis',(0.,0.,-1.));
#2002=DIRECTION('ref_axis',(1.,0.,0.));
#2003=DIRECTION('center_axis',(0.,0.,-1.));
#2004=DIRECTION('ref_axis',(-1.,0.,0.));
#2005=DIRECTION('',(0.,0.,1.));
#2006=DIRECTION('center_axis',(0.,0.,1.));
#2007=DIRECTION('ref_axis',(1.,0.,0.));
#2008=DIRECTION('center_axis',(0.,0.,1.));
#2009=DIRECTION('ref_axis',(1.,0.,0.));
#2010=DIRECTION('center_axis',(0.,0.,-1.));
#2011=DIRECTION('ref_axis',(-1.,0.,0.));
#2012=DIRECTION('center_axis',(0.,0.,1.));
#2013=DIRECTION('ref_axis',(-1.,-3.21019344309854E-13,0.));
#2014=DIRECTION('center_axis',(0.,0.,-1.));
#2015=DIRECTION('ref_axis',(1.,0.,0.));
#2016=DIRECTION('',(0.70710678118655,-8.65956056235496E-17,0.707106781186545));
#2017=DIRECTION('center_axis',(0.,0.,-1.));
#2018=DIRECTION('ref_axis',(1.,0.,0.));
#2019=DIRECTION('center_axis',(0.,0.,1.));
#2020=DIRECTION('ref_axis',(1.,0.,0.));
#2021=DIRECTION('',(-0.123045495139364,-0.992401030897242,0.));
#2022=DIRECTION('',(-0.920967251068559,-0.389639990836698,0.));
#2023=DIRECTION('',(-0.797921755929195,0.602761040060545,0.));
#2024=DIRECTION('',(0.123045495139364,0.992401030897242,0.));
#2025=DIRECTION('',(0.920967251068559,0.389639990836697,0.));
#2026=DIRECTION('',(0.797921755929196,-0.602761040060544,0.));
#2027=DIRECTION('center_axis',(0.992401030897242,-0.123045495139364,0.));
#2028=DIRECTION('ref_axis',(-0.123045495139364,-0.992401030897242,0.));
#2029=DIRECTION('',(0.,0.,-1.));
#2030=DIRECTION('',(-0.123045495139364,-0.992401030897242,0.));
#2031=DIRECTION('',(0.,0.,-1.));
#2032=DIRECTION('center_axis',(0.602761040060544,0.797921755929196,0.));
#2033=DIRECTION('ref_axis',(0.797921755929196,-0.602761040060544,0.));
#2034=DIRECTION('',(0.,0.,-1.));
#2035=DIRECTION('',(0.797921755929196,-0.602761040060544,0.));
#2036=DIRECTION('center_axis',(-0.389639990836697,0.920967251068559,0.));
#2037=DIRECTION('ref_axis',(0.920967251068559,0.389639990836697,0.));
#2038=DIRECTION('',(0.,0.,-1.));
#2039=DIRECTION('',(0.920967251068559,0.389639990836697,0.));
#2040=DIRECTION('center_axis',(-0.992401030897242,0.123045495139364,0.));
#2041=DIRECTION('ref_axis',(0.123045495139364,0.992401030897242,0.));
#2042=DIRECTION('',(0.,0.,-1.));
#2043=DIRECTION('',(0.123045495139364,0.992401030897242,0.));
#2044=DIRECTION('center_axis',(-0.602761040060545,-0.797921755929195,0.));
#2045=DIRECTION('ref_axis',(-0.797921755929195,0.602761040060545,0.));
#2046=DIRECTION('',(0.,0.,-1.));
#2047=DIRECTION('',(-0.797921755929195,0.602761040060545,0.));
#2048=DIRECTION('center_axis',(0.389639990836698,-0.920967251068559,0.));
#2049=DIRECTION('ref_axis',(-0.920967251068559,-0.389639990836698,0.));
#2050=DIRECTION('',(-0.920967251068559,-0.389639990836698,0.));
#2051=DIRECTION('center_axis',(0.,0.,-1.));
#2052=DIRECTION('ref_axis',(-1.,0.,0.));
#2053=DIRECTION('center_axis',(0.,0.,-1.));
#2054=DIRECTION('ref_axis',(-1.,-3.21019344309854E-13,0.));
#2055=DIRECTION('center_axis',(0.,0.,-1.));
#2056=DIRECTION('ref_axis',(-1.,0.,0.));
#2057=DIRECTION('center_axis',(0.,0.,1.));
#2058=DIRECTION('ref_axis',(-1.,0.,0.));
#2059=DIRECTION('center_axis',(0.,0.,-1.));
#2060=DIRECTION('ref_axis',(-1.,0.,0.));
#2061=CARTESIAN_POINT('',(0.,0.,0.));
#2062=CARTESIAN_POINT('Origin',(0.,0.,-16.5));
#2063=CARTESIAN_POINT('',(1.9563571924947,0.00126336184508909,-4.22586969212423));
#2064=CARTESIAN_POINT('',(1.9558679296406,0.00207050592519734,-4.1241303078758));
#2065=CARTESIAN_POINT('',(1.954,-2.39295984553393E-16,-16.5));
#2066=CARTESIAN_POINT('',(-0.861525859670522,1.75382131162755,-4.));
#2067=CARTESIAN_POINT('Ctrl Pts',(1.9563571924947,0.00126336184508909,-4.22586969212423));
#2068=CARTESIAN_POINT('Ctrl Pts',(1.9568132649319,0.0674505234058253,-4.22208270172941));
#2069=CARTESIAN_POINT('Ctrl Pts',(1.95374639933249,0.133592131391576,-4.21829571133459));
#2070=CARTESIAN_POINT('Ctrl Pts',(1.94701751671018,0.199355573383342,-4.21450872093977));
#2071=CARTESIAN_POINT('Ctrl Pts',(1.88118807638026,0.842726965557265,-4.17746015400545));
#2072=CARTESIAN_POINT('Ctrl Pts',(1.46486932379348,1.44990433178271,-4.14041158707114));
#2073=CARTESIAN_POINT('Ctrl Pts',(0.888486333607775,1.74372191567022,-4.10336302013682));
#2074=CARTESIAN_POINT('Ctrl Pts',(0.35246302194859,2.01696570846213,-4.06890868009121));
#2075=CARTESIAN_POINT('Ctrl Pts',(-0.321993201546449,2.01919763894171,-4.0344543400456));
#2076=CARTESIAN_POINT('Ctrl Pts',(-0.863568062122048,1.75642675005758,-4.));
#2077=CARTESIAN_POINT('',(0.861525859670416,1.7538213116276,-4.));
#2078=CARTESIAN_POINT('Origin',(0.,0.,-4.));
#2079=CARTESIAN_POINT('Ctrl Pts',(0.861525859670415,1.7538213116276,-3.99999999999999));
#2080=CARTESIAN_POINT('Ctrl Pts',(1.4447541545309,1.46732333444913,-4.03704856693431));
#2081=CARTESIAN_POINT('Ctrl Pts',(1.86880507938983,0.869534416950719,-4.07409713386863));
#2082=CARTESIAN_POINT('Ctrl Pts',(1.94371187166484,0.228142852914729,-4.11114570080295));
#2083=CARTESIAN_POINT('Ctrl Pts',(1.95246286480044,0.153212222411867,-4.11547390316057));
#2084=CARTESIAN_POINT('Ctrl Pts',(1.95644870290194,0.077686498504137,-4.11980210551818));
#2085=CARTESIAN_POINT('Ctrl Pts',(1.9558679296406,0.00207050592519734,-4.1241303078758));
#2086=CARTESIAN_POINT('Origin',(0.,0.,-16.5));
#2087=CARTESIAN_POINT('',(1.95131033144575,0.00100985637022447,-4.92586969212423));
#2088=CARTESIAN_POINT('',(1.95116738748232,0.000888842143086251,-4.8241303078758));
#2089=CARTESIAN_POINT('',(1.954,-2.39295984553393E-16,-16.5));
#2090=CARTESIAN_POINT('Ctrl Pts',(1.95131033144575,0.00100985637022447,
-4.92586969212423));
#2091=CARTESIAN_POINT('Ctrl Pts',(1.95252918521372,0.2619251453801,-4.911040770002));
#2092=CARTESIAN_POINT('Ctrl Pts',(1.90388452956639,0.522404098455657,-4.89621184787977));
#2093=CARTESIAN_POINT('Ctrl Pts',(1.80322876501961,0.760934097362547,-4.88138292575754));
#2094=CARTESIAN_POINT('Ctrl Pts',(1.55175048498021,1.35687725206409,-4.84433435882322));
#2095=CARTESIAN_POINT('Ctrl Pts',(0.975618942031888,1.81581506811631,-4.8072857918889));
#2096=CARTESIAN_POINT('Ctrl Pts',(0.338535208228885,1.92770056038002,-4.77023722495458));
#2097=CARTESIAN_POINT('Ctrl Pts',(-0.298548525574117,2.03958605264373,-4.73318865802026));
#2098=CARTESIAN_POINT('Ctrl Pts',(-0.996584450231798,1.80441922111894,-4.69614009108594));
#2099=CARTESIAN_POINT('Ctrl Pts',(-1.43606615445771,1.3298097589843,-4.65909152415162));
#2100=CARTESIAN_POINT('Ctrl Pts',(-1.87554785868362,0.855200296849649,-4.6220429572173));
#2101=CARTESIAN_POINT('Ctrl Pts',(-2.05647534247777,0.141148204105144,-4.58499439028298));
#2102=CARTESIAN_POINT('Ctrl Pts',(-1.89604535818859,-0.485458121423669,
-4.54794582334866));
#2103=CARTESIAN_POINT('Ctrl Pts',(-1.73561537389941,-1.11206444695248,-4.51089725641434));
#2104=CARTESIAN_POINT('Ctrl Pts',(-1.23382792152691,-1.6512250052656,-4.47384868948002));
#2105=CARTESIAN_POINT('Ctrl Pts',(-0.620339581617215,-1.8562654663316,-4.4368001225457));
#2106=CARTESIAN_POINT('Ctrl Pts',(-0.0068512417075161,-2.0613059273976,
-4.39975155561138));
#2107=CARTESIAN_POINT('Ctrl Pts',(0.718337985739385,-1.93222629121649,-4.36270298867706));
#2108=CARTESIAN_POINT('Ctrl Pts',(1.22326253542629,-1.52790376406473,-4.32565442174274));
#2109=CARTESIAN_POINT('Ctrl Pts',(1.67657525291569,-1.16490984024186,-4.29239284520323));
#2110=CARTESIAN_POINT('Ctrl Pts',(1.95235145530073,-0.580066166531152,-4.25913126866373));
#2111=CARTESIAN_POINT('Ctrl Pts',(1.9563571924947,0.00126336184508909,-4.22586969212423));
#2112=CARTESIAN_POINT('Ctrl Pts',(1.9558679296406,0.00207050592519734,-4.1241303078758));
#2113=CARTESIAN_POINT('Ctrl Pts',(1.95147739720307,-0.56957163105995,-4.15685067245251));
#2114=CARTESIAN_POINT('Ctrl Pts',(1.68610206950169,-1.14637268103387,-4.18957103702921));
#2115=CARTESIAN_POINT('Ctrl Pts',(1.24552228953549,-1.51022426246265,-4.22229140160592));
#2116=CARTESIAN_POINT('Ctrl Pts',(0.746663255440014,-1.92220560323048,-4.25933996854024));
#2117=CARTESIAN_POINT('Ctrl Pts',(0.0231825275579707,-2.06117407419256,
-4.29638853547455));
#2118=CARTESIAN_POINT('Ctrl Pts',(-0.593288441640768,-1.86493520963525,
-4.33343710240887));
#2119=CARTESIAN_POINT('Ctrl Pts',(-1.20975941083951,-1.66869634507793,-4.37048566934319));
#2120=CARTESIAN_POINT('Ctrl Pts',(-1.71922062135494,-1.1372501450012,-4.40753423627751));
#2121=CARTESIAN_POINT('Ctrl Pts',(-1.88873425844767,-0.513130417617423,
-4.44458280321183));
#2122=CARTESIAN_POINT('Ctrl Pts',(-2.0582478955404,0.110989309766353,-4.48163137014616));
#2123=CARTESIAN_POINT('Ctrl Pts',(-1.88781395921043,0.827782564457182,-4.51867993708047));
#2124=CARTESIAN_POINT('Ctrl Pts',(-1.45531172419821,1.30878913321504,-4.55572850401479));
#2125=CARTESIAN_POINT('Ctrl Pts',(-1.02280948918599,1.7897957019729,-4.59277707094911));
#2126=CARTESIAN_POINT('Ctrl Pts',(-0.328238955491528,2.03501558479779,-4.62982563788344));
#2127=CARTESIAN_POINT('Ctrl Pts',(0.310416180042333,1.9324038583587,-4.66687420481776));
#2128=CARTESIAN_POINT('Ctrl Pts',(0.949071315576198,1.82979213191961,-4.70392277175208));
#2129=CARTESIAN_POINT('Ctrl Pts',(1.53181105294946,1.37934879621654,-4.74097133868639));
#2130=CARTESIAN_POINT('Ctrl Pts',(1.79194296325135,0.787145555673743,-4.77801990562071));
#2131=CARTESIAN_POINT('Ctrl Pts',(1.89986245034574,0.541461472160699,-4.79339003970574));
#2132=CARTESIAN_POINT('Ctrl Pts',(1.95225708862237,0.271378732991649,-4.80876017379077));
#2133=CARTESIAN_POINT('Ctrl Pts',(1.95116738748232,0.000888842143086251,
-4.8241303078758));
#2134=CARTESIAN_POINT('Origin',(0.,0.,-16.5));
#2135=CARTESIAN_POINT('',(1.95270399859694,-0.00166426946010684,-5.62586969212423));
#2136=CARTESIAN_POINT('',(1.95296455459611,-0.00171599276226006,-5.52413030787581));
#2137=CARTESIAN_POINT('',(1.954,-2.39295984553393E-16,-16.5));
#2138=CARTESIAN_POINT('Ctrl Pts',(1.95270399859694,-0.00166426946010684,
-5.62586969212423));
#2139=CARTESIAN_POINT('Ctrl Pts',(1.94902343712782,0.452716330787161,-5.59999883827458));
#2140=CARTESIAN_POINT('Ctrl Pts',(1.79099133294916,0.909405194416732,-5.57412798442494));
#2141=CARTESIAN_POINT('Ctrl Pts',(1.5011702651736,1.25584254159377,-5.5482571305753));
#2142=CARTESIAN_POINT('Ctrl Pts',(1.08612964491173,1.75196096582639,-5.51120856364098));
#2143=CARTESIAN_POINT('Ctrl Pts',(0.400817466631123,2.02197662460518,-5.47415999670667));
#2144=CARTESIAN_POINT('Ctrl Pts',(-0.241088957608928,1.94229974260536,-5.43711142977235));
#2145=CARTESIAN_POINT('Ctrl Pts',(-0.88299538184897,1.86262286060555,-5.40006286283802));
#2146=CARTESIAN_POINT('Ctrl Pts',(-1.48149605204845,1.43325343782713,-5.3630142959037));
#2147=CARTESIAN_POINT('Ctrl Pts',(-1.76264838200303,0.850719494503681,-5.32596572896938));
#2148=CARTESIAN_POINT('Ctrl Pts',(-2.04380071195761,0.268185551180228,-5.28891716203506));
#2149=CARTESIAN_POINT('Ctrl Pts',(-2.00760470166728,-0.467512912688258,
-5.25186859510074));
#2150=CARTESIAN_POINT('Ctrl Pts',(-1.6706280000397,-1.01963480880749,-5.21482002816642));
#2151=CARTESIAN_POINT('Ctrl Pts',(-1.33365129841213,-1.57175670492672,-5.1777714612321));
#2152=CARTESIAN_POINT('Ctrl Pts',(-0.695893905447306,-1.9403020332967,-5.14072289429778));
#2153=CARTESIAN_POINT('Ctrl Pts',(-0.0492662769978219,-1.95658447787737,
-5.10367432736346));
#2154=CARTESIAN_POINT('Ctrl Pts',(0.597361351451666,-1.97286692245805,-5.06662576042914));
#2155=CARTESIAN_POINT('Ctrl Pts',(1.25285921538581,-1.6368864832494,-5.02957719349482));
#2156=CARTESIAN_POINT('Ctrl Pts',(1.61719563878765,-1.10242201696964,-4.9925286265605));
#2157=CARTESIAN_POINT('Ctrl Pts',(1.8357041153624,-0.781880317570768,-4.97030898174841));
#2158=CARTESIAN_POINT('Ctrl Pts',(1.94948400195405,-0.389945399855202,-4.94808933693632));
#2159=CARTESIAN_POINT('Ctrl Pts',(1.95131033144575,0.00100985637022447,
-4.92586969212423));
#2160=CARTESIAN_POINT('Ctrl Pts',(1.95116738748232,0.000888842143086251,
-4.8241303078758));
#2161=CARTESIAN_POINT('Ctrl Pts',(1.9496304449378,-0.380617064229297,-4.84580874072509));
#2162=CARTESIAN_POINT('Ctrl Pts',(1.84169706384757,-0.762932917758556,-4.86748717357439));
#2163=CARTESIAN_POINT('Ctrl Pts',(1.6330924260114,-1.07874429105647,-4.88916560642368));
#2164=CARTESIAN_POINT('Ctrl Pts',(1.27658589523903,-1.61846775186139,-4.926214173358));
#2165=CARTESIAN_POINT('Ctrl Pts',(0.626048750463797,-1.96395152808869,-4.96326274029231));
#2166=CARTESIAN_POINT('Ctrl Pts',(-0.0207487411123838,-1.95709099818524,
-5.00031130722664));
#2167=CARTESIAN_POINT('Ctrl Pts',(-0.667546232688563,-1.95023046828179,
-5.03735987416096));
#2168=CARTESIAN_POINT('Ctrl Pts',(-1.31060407106569,-1.59102563224757,-5.07440844109528));
#2169=CARTESIAN_POINT('Ctrl Pts',(-1.65559053226552,-1.04387489729861,-5.1114570080296));
#2170=CARTESIAN_POINT('Ctrl Pts',(-2.00057699346535,-0.49672416234965,-5.14850557496392));
#2171=CARTESIAN_POINT('Ctrl Pts',(-2.04749207748789,0.238372471514056,-5.18555414189823));
#2172=CARTESIAN_POINT('Ctrl Pts',(-1.77485932658644,0.824942750532537,-5.22260270883255));
#2173=CARTESIAN_POINT('Ctrl Pts',(-1.50222657568499,1.41151302955102,-5.25965127576688));
#2174=CARTESIAN_POINT('Ctrl Pts',(-0.910045989859546,1.84955695372427,-5.29669984270121));
#2175=CARTESIAN_POINT('Ctrl Pts',(-0.269368690519927,1.93857953958633,-5.33374840963553));
#2176=CARTESIAN_POINT('Ctrl Pts',(0.371308608819692,2.02760212544839,-5.37079697656985));
#2177=CARTESIAN_POINT('Ctrl Pts',(1.06048262167348,1.76760337299926,-5.40784554350416));
#2178=CARTESIAN_POINT('Ctrl Pts',(1.48270911638426,1.27758634491294,-5.44489411043847));
#2179=CARTESIAN_POINT('Ctrl Pts',(1.78371600784722,0.928251321564351,-5.47130617625092));
#2180=CARTESIAN_POINT('Ctrl Pts',(1.94905165711167,0.462013674804451,-5.49771824206336));
#2181=CARTESIAN_POINT('Ctrl Pts',(1.95296455459611,-0.00171599276226006,
-5.52413030787581));
#2182=CARTESIAN_POINT('Origin',(0.,0.,-16.5));
#2183=CARTESIAN_POINT('',(1.95720402124534,-4.4310513180601E-5,-6.32586969212423));
#2184=CARTESIAN_POINT('',(1.9571941384038,0.000132168046828813,-6.2241303078758));
#2185=CARTESIAN_POINT('',(1.954,-2.39295984553393E-16,-16.5));
#2186=CARTESIAN_POINT('Ctrl Pts',(1.95720402124534,-4.4310513180601E-5,
-6.32586969212423));
#2187=CARTESIAN_POINT('Ctrl Pts',(1.95698910901471,0.644418689228312,-6.28895690654717));
#2188=CARTESIAN_POINT('Ctrl Pts',(1.60756113809328,1.28908139584191,-6.25204412097012));
#2189=CARTESIAN_POINT('Ctrl Pts',(1.06736936345343,1.64054113017421,-6.21513133539307));
#2190=CARTESIAN_POINT('Ctrl Pts',(0.525190527387614,1.99329368700707,-6.17808276845875));
#2191=CARTESIAN_POINT('Ctrl Pts',(-0.20915811888071,2.05068224691904,-6.14103420152443));
#2192=CARTESIAN_POINT('Ctrl Pts',(-0.799554501357517,1.78643923669738,-6.1039856345901));
#2193=CARTESIAN_POINT('Ctrl Pts',(-1.38995088383432,1.52219622647573,-6.06693706765579));
#2194=CARTESIAN_POINT('Ctrl Pts',(-1.83639500251961,0.936321646120452,-6.02988850072147));
#2195=CARTESIAN_POINT('Ctrl Pts',(-1.93454287710802,0.296978814503935,-5.99283993378715));
#2196=CARTESIAN_POINT('Ctrl Pts',(-2.03269075169643,-0.342364017112587,
-5.95579136685283));
#2197=CARTESIAN_POINT('Ctrl Pts',(-1.78254238218797,-1.03517509999035,-5.9187427999185));
#2198=CARTESIAN_POINT('Ctrl Pts',(-1.29859432643802,-1.4643446821294,-5.88169423298418));
#2199=CARTESIAN_POINT('Ctrl Pts',(-0.81464627068808,-1.89351426426844,-5.84464566604986));
#2200=CARTESIAN_POINT('Ctrl Pts',(-0.0968985286966644,-2.05904234566877,
-5.80759709911555));
#2201=CARTESIAN_POINT('Ctrl Pts',(0.52612530840353,-1.88516435885937,-5.77054853218123));
#2202=CARTESIAN_POINT('Ctrl Pts',(1.14914914550373,-1.71128637204998,-5.73349996524691));
#2203=CARTESIAN_POINT('Ctrl Pts',(1.6774490777127,-1.19800231703087,-5.69645139831258));
#2204=CARTESIAN_POINT('Ctrl Pts',(1.86921451269564,-0.580249694678083,-5.65940283137826));
#2205=CARTESIAN_POINT('Ctrl Pts',(1.92707097487939,-0.393871053306925,-5.64822511829358));
#2206=CARTESIAN_POINT('Ctrl Pts',(1.95429421515227,-0.197983108039074,-5.6370474052089));
#2207=CARTESIAN_POINT('Ctrl Pts',(1.95270399859694,-0.00166426946010684,
-5.62586969212423));
#2208=CARTESIAN_POINT('Ctrl Pts',(1.95296455459611,-0.00171599276226006,
-5.52413030787581));
#2209=CARTESIAN_POINT('Ctrl Pts',(1.95454033207518,-0.18846628955271,-5.53476680899769));
#2210=CARTESIAN_POINT('Ctrl Pts',(1.92993683634746,-0.374809846451965,-5.54540331011957));
#2211=CARTESIAN_POINT('Ctrl Pts',(1.87747219924327,-0.552947785067808,-5.55603981124145));
#2212=CARTESIAN_POINT('Ctrl Pts',(1.69472981082374,-1.17342958323874,-5.59308837817577));
#2213=CARTESIAN_POINT('Ctrl Pts',(1.17396605741691,-1.69435787585708,-5.63013694511008));
#2214=CARTESIAN_POINT('Ctrl Pts',(0.553542305082303,-1.87729678735938,-5.6671855120444));
#2215=CARTESIAN_POINT('Ctrl Pts',(-0.0668814472522972,-2.06023569886168,
-5.70423407897871));
#2216=CARTESIAN_POINT('Ctrl Pts',(-0.78696519851467,-1.90518522924794,-5.74128264591304));
#2217=CARTESIAN_POINT('Ctrl Pts',(-1.27711623321234,-1.48311392562769,-5.77833121284736));
#2218=CARTESIAN_POINT('Ctrl Pts',(-1.76726726791,-1.06104262200743,-5.81537977978169));
#2219=CARTESIAN_POINT('Ctrl Pts',(-2.02748558604296,-0.371950484380667,
-5.852428346716));
#2220=CARTESIAN_POINT('Ctrl Pts',(-1.93866541444688,0.26875481164014,-5.88947691365032));
#2221=CARTESIAN_POINT('Ctrl Pts',(-1.84984524285079,0.909460107660947,-5.92652548058464));
#2222=CARTESIAN_POINT('Ctrl Pts',(-1.41198658152566,1.5017785620758,-5.96357404751896));
#2223=CARTESIAN_POINT('Ctrl Pts',(-0.825503749732466,1.77459747397685,-6.00062261445328));
#2224=CARTESIAN_POINT('Ctrl Pts',(-0.239020917939273,2.0474163858779,-6.0376711813876));
#2225=CARTESIAN_POINT('Ctrl Pts',(0.496086084321978,2.00073575526516,-6.07471974832192));
#2226=CARTESIAN_POINT('Ctrl Pts',(1.0433480871117,1.65592194175231,-6.11176831525624));
#2227=CARTESIAN_POINT('Ctrl Pts',(1.59061008990143,1.31110812823945,-6.14881688219056));
#2228=CARTESIAN_POINT('Ctrl Pts',(1.95002709321962,0.668161131826478,-6.18586544912488));
#2229=CARTESIAN_POINT('Ctrl Pts',(1.95708868945695,0.0213671845280953,-6.2229140160592));
#2230=CARTESIAN_POINT('Ctrl Pts',(1.95716596605563,0.0142891762971043,-6.22331944666474));
#2231=CARTESIAN_POINT('Ctrl Pts',(1.95720104666508,0.0072107073781408,-6.22372487727027));
#2232=CARTESIAN_POINT('Ctrl Pts',(1.9571941384038,0.000132168046828813,
-6.2241303078758));
#2233=CARTESIAN_POINT('Origin',(0.,0.,-16.5));
#2234=CARTESIAN_POINT('',(1.95283344111577,0.00169192838247886,-7.02586969212423));
#2235=CARTESIAN_POINT('',(1.95257828126766,0.00163354825700673,-6.9241303078758));
#2236=CARTESIAN_POINT('',(1.954,-2.39295984553393E-16,-16.5));
#2237=CARTESIAN_POINT('Ctrl Pts',(1.95283344111577,0.00169192838247889,
-7.02586969212422));
#2238=CARTESIAN_POINT('Ctrl Pts',(1.95441846280044,0.193209056792394,-7.01496354175408));
#2239=CARTESIAN_POINT('Ctrl Pts',(1.92852717783155,0.384306913213098,-7.00405739138393));
#2240=CARTESIAN_POINT('Ctrl Pts',(1.87340764031663,0.566565413674574,-6.99315124101379));
#2241=CARTESIAN_POINT('Ctrl Pts',(1.68616468054592,1.18570379197714,-6.95610267407947));
#2242=CARTESIAN_POINT('Ctrl Pts',(1.16163230258672,1.70283739856257,-6.91905410714515));
#2243=CARTESIAN_POINT('Ctrl Pts',(0.539896618522438,1.88126664674664,-6.88200554021083));
#2244=CARTESIAN_POINT('Ctrl Pts',(-0.0818390655418441,2.05969589493071,
-6.84495697327651));
#2245=CARTESIAN_POINT('Ctrl Pts',(-0.800778055711204,1.89942078471343,-6.80790840634219));
#2246=CARTESIAN_POINT('Ctrl Pts',(-1.28785150093821,1.47380156946679,-6.77085983940787));
#2247=CARTESIAN_POINT('Ctrl Pts',(-1.7749249461652,1.04818235422016,-6.73381127247355));
#2248=CARTESIAN_POINT('Ctrl Pts',(-2.03013284644985,0.357219033944176,-6.69676270553923));
#2249=CARTESIAN_POINT('Ctrl Pts',(-1.93666282728728,-0.282824412290184,
-6.65971413860492));
#2250=CARTESIAN_POINT('Ctrl Pts',(-1.84319280812471,-0.922867858524549,
-6.6226655716706));
#2251=CARTESIAN_POINT('Ctrl Pts',(-1.40104486951491,-1.51199143071729,-6.58561700473627));
#2252=CARTESIAN_POINT('Ctrl Pts',(-0.812596565349986,-1.78054468555412,
-6.54856843780195));
#2253=CARTESIAN_POINT('Ctrl Pts',(-0.224148261185062,-2.04909794039095,
-6.51151987086762));
#2254=CARTESIAN_POINT('Ctrl Pts',(0.510600408534998,-1.99708087787187,-6.47447130393331));
#2255=CARTESIAN_POINT('Ctrl Pts',(1.05534427222682,-1.64830246641456,-6.43742273699899));
#2256=CARTESIAN_POINT('Ctrl Pts',(1.60008813591865,-1.29952405495724,-6.40037417006467));
#2257=CARTESIAN_POINT('Ctrl Pts',(1.95482719358224,-0.653984294561687,-6.36332560313035));
#2258=CARTESIAN_POINT('Ctrl Pts',(1.95719220948239,-0.0071561374870342,
-6.32627703619602));
#2259=CARTESIAN_POINT('Ctrl Pts',(1.95720087716094,-0.0047855409335648,
-6.32614125483876));
#2260=CARTESIAN_POINT('Ctrl Pts',(1.95720481178644,-0.00241492707447941,
-6.32600547348149));
#2261=CARTESIAN_POINT('Ctrl Pts',(1.95720402124534,-4.43105131804344E-5,
-6.32586969212423));
#2262=CARTESIAN_POINT('Ctrl Pts',(1.9571941384038,0.000132168046828813,
-6.2241303078758));
#2263=CARTESIAN_POINT('Ctrl Pts',(1.95656976432722,-0.639631772284421,-6.26077344420459));
#2264=CARTESIAN_POINT('Ctrl Pts',(1.61295147845411,-1.27997088900021,-6.29741658053338));
#2265=CARTESIAN_POINT('Ctrl Pts',(1.07925326960792,-1.6327477032443,-6.33405971686217));
#2266=CARTESIAN_POINT('Ctrl Pts',(0.539650064365069,-1.98942774553452,-6.37110828379649));
#2267=CARTESIAN_POINT('Ctrl Pts',(-0.194262535277114,-2.05214693193118,
-6.4081568507308));
#2268=CARTESIAN_POINT('Ctrl Pts',(-0.786562041311949,-1.7921977704316,-6.44520541766513));
#2269=CARTESIAN_POINT('Ctrl Pts',(-1.37886154734678,-1.53224860893202,-6.48225398459945));
#2270=CARTESIAN_POINT('Ctrl Pts',(-1.82954795977428,-0.9496310995362,-6.51930255153377));
#2271=CARTESIAN_POINT('Ctrl Pts',(-1.93233553971318,-0.311017768735036,
-6.55635111846809));
#2272=CARTESIAN_POINT('Ctrl Pts',(-2.03512311965209,0.327595562066129,-6.59339968540241));
#2273=CARTESIAN_POINT('Ctrl Pts',(-1.7900118671024,1.02220471427264,-6.63044825233673));
#2274=CARTESIAN_POINT('Ctrl Pts',(-1.30919277437251,1.45487695994822,-6.66749681927105));
#2275=CARTESIAN_POINT('Ctrl Pts',(-0.828373681642608,1.88754920562381,-6.70454538620536));
#2276=CARTESIAN_POINT('Ctrl Pts',(-0.111846748732491,2.05828454476846,-6.74159395313968));
#2277=CARTESIAN_POINT('Ctrl Pts',(0.51242320736973,1.88893492401595,-6.77864252007401));
#2278=CARTESIAN_POINT('Ctrl Pts',(1.13669316347195,1.71958530326344,-6.81569108700833));
#2279=CARTESIAN_POINT('Ctrl Pts',(1.66870614276628,1.21015072261378,-6.85273965394265));
#2280=CARTESIAN_POINT('Ctrl Pts',(1.86495205278121,0.593806812824113,-6.88978822087697));
#2281=CARTESIAN_POINT('Ctrl Pts',(1.92558862321271,0.403367272488492,-6.90123558320992));
#2282=CARTESIAN_POINT('Ctrl Pts',(1.95416942971755,0.202721072447306,-6.91268294554286));
#2283=CARTESIAN_POINT('Ctrl Pts',(1.95257828126766,0.00163354825700673,
-6.9241303078758));
#2284=CARTESIAN_POINT('Origin',(0.,0.,-16.5));
#2285=CARTESIAN_POINT('',(1.95123890376408,-0.000941368688732458,-7.72586969212423));
#2286=CARTESIAN_POINT('',(1.95138701708921,-0.00107132562457594,-7.6241303078758));
#2287=CARTESIAN_POINT('',(1.954,-2.39295984553393E-16,-16.5));
#2288=CARTESIAN_POINT('Ctrl Pts',(1.95123890376408,-0.000941368688732458,
-7.72586969212423));
#2289=CARTESIAN_POINT('Ctrl Pts',(1.94955684687666,0.385270335116766,-7.70392161002667));
#2290=CARTESIAN_POINT('Ctrl Pts',(1.83873063443187,0.772372117763352,-7.68197352792911));
#2291=CARTESIAN_POINT('Ctrl Pts',(1.62521369534339,1.09056544931624,-7.66002544583155));
#2292=CARTESIAN_POINT('Ctrl Pts',(1.26479511415398,1.62767875560386,-7.62297687889724));
#2293=CARTESIAN_POINT('Ctrl Pts',(0.611772099242312,1.96844601420102,-7.58592831196292));
#2294=CARTESIAN_POINT('Ctrl Pts',(-0.0349572006202778,1.95689308571037,
-7.5488797450286));
#2295=CARTESIAN_POINT('Ctrl Pts',(-0.681686500482877,1.94534015721972,-7.51183117809428));
#2296=CARTESIAN_POINT('Ctrl Pts',(-1.3221220852964,1.58146704164125,-7.47478261115995));
#2297=CARTESIAN_POINT('Ctrl Pts',(-1.66312725645086,1.03182376577706,-7.43773404422563));
#2298=CARTESIAN_POINT('Ctrl Pts',(-2.00413242760532,0.482180489912881,-7.40068547729131));
#2299=CARTESIAN_POINT('Ctrl Pts',(-2.04570718510074,-0.253232946237004,
-7.363636910357));
#2300=CARTESIAN_POINT('Ctrl Pts',(-1.7688221566671,-0.83780709764016,-7.32658834342268));
#2301=CARTESIAN_POINT('Ctrl Pts',(-1.49193712823346,-1.42238124904333,-7.28953977648836));
#2302=CARTESIAN_POINT('Ctrl Pts',(-0.896592313870737,-1.85611611569975,
-7.25249120955403));
#2303=CARTESIAN_POINT('Ctrl Pts',(-0.255285709562742,-1.94048492941317,
-7.21544264261971));
#2304=CARTESIAN_POINT('Ctrl Pts',(0.386020894745243,-2.02485374312658,-7.17839407568539));
#2305=CARTESIAN_POINT('Ctrl Pts',(1.0732892889985,-1.759856503897,-7.14134550875107));
#2306=CARTESIAN_POINT('Ctrl Pts',(1.49194671533403,-1.26678630927235,-7.10429694181675));
#2307=CARTESIAN_POINT('Ctrl Pts',(1.78736210498597,-0.918863366770747,-7.07815452525258));
#2308=CARTESIAN_POINT('Ctrl Pts',(1.94903408976468,-0.457381198260993,-7.0520121086884));
#2309=CARTESIAN_POINT('Ctrl Pts',(1.95283344111577,0.00169192838247886,
-7.02586969212423));
#2310=CARTESIAN_POINT('Ctrl Pts',(1.95257828126766,0.00163354825700673,
-6.9241303078758));
#2311=CARTESIAN_POINT('Ctrl Pts',(1.94901979191159,-0.44808427318076,-6.94973151247718));
#2312=CARTESIAN_POINT('Ctrl Pts',(1.79455291010136,-0.900009426493236,-6.97533271707855));
#2313=CARTESIAN_POINT('Ctrl Pts',(1.51024944256224,-1.24490935863529,-7.00093392167993));
#2314=CARTESIAN_POINT('Ctrl Pts',(1.09882208159284,-1.74402838137535,-7.03798248861425));
#2315=CARTESIAN_POINT('Ctrl Pts',(0.415488518918515,-2.01901318792579,-7.07503105554857));
#2316=CARTESIAN_POINT('Ctrl Pts',(-0.226979517388153,-1.94399922553608,
-7.11207962248289));
#2317=CARTESIAN_POINT('Ctrl Pts',(-0.869447553694823,-1.86898526314637,
-7.14912818941721));
#2318=CARTESIAN_POINT('Ctrl Pts',(-1.47105006363384,-1.44397253181652,-7.18617675635153));
#2319=CARTESIAN_POINT('Ctrl Pts',(-1.75642481275529,-0.863495551379394,
-7.22322532328585));
#2320=CARTESIAN_POINT('Ctrl Pts',(-2.04179956187674,-0.283018570942267,
-7.26027389022017));
#2321=CARTESIAN_POINT('Ctrl Pts',(-2.01094655018063,0.452922658602132,-7.2973224571545));
#2322=CARTESIAN_POINT('Ctrl Pts',(-1.67798765067611,1.00747711352658,-7.33437102408882));
#2323=CARTESIAN_POINT('Ctrl Pts',(-1.34502875117158,1.56203156845103,-7.37141959102314));
#2324=CARTESIAN_POINT('Ctrl Pts',(-0.709963963858654,1.93519924875553,-7.40846815795745));
#2325=CARTESIAN_POINT('Ctrl Pts',(-0.0634716950698369,1.95617586991993,
-7.44551672489177));
#2326=CARTESIAN_POINT('Ctrl Pts',(0.583020573718974,1.97715249108433,-7.48256529182609));
#2327=CARTESIAN_POINT('Ctrl Pts',(1.24094032398367,1.64593805310864,-7.51961385876041));
#2328=CARTESIAN_POINT('Ctrl Pts',(1.60914809983076,1.11413423021161,-7.55666242569473));
#2329=CARTESIAN_POINT('Ctrl Pts',(1.83265830903845,0.791317626353354,-7.57915171975509));
#2330=CARTESIAN_POINT('Ctrl Pts',(1.94941670401285,0.394588714247104,-7.60164101381545));
#2331=CARTESIAN_POINT('Ctrl Pts',(1.95138701708921,-0.00107132562457594,
-7.6241303078758));
#2332=CARTESIAN_POINT('Origin',(0.,0.,-16.5));
#2333=CARTESIAN_POINT('',(1.9562722488491,-0.00119362856103949,-8.42586969212423));
#2334=CARTESIAN_POINT('',(1.95648388000283,-0.00106080519795703,-8.3241303078758));
#2335=CARTESIAN_POINT('',(1.954,-2.39295984553393E-16,-16.5));
#2336=CARTESIAN_POINT('Ctrl Pts',(1.9562722488491,-0.00119362856103949,
-8.42586969212423));
#2337=CARTESIAN_POINT('Ctrl Pts',(1.95212658320913,0.575509495918942,-8.39287967829926));
#2338=CARTESIAN_POINT('Ctrl Pts',(1.68136722599814,1.15559633578011,-8.35988966447429));
#2339=CARTESIAN_POINT('Ctrl Pts',(1.23439175868131,1.5188579725814,-8.32689965064932));
#2340=CARTESIAN_POINT('Ctrl Pts',(0.732427721723178,1.92680939500601,-8.28985108371501));
#2341=CARTESIAN_POINT('Ctrl Pts',(0.00822306337775205,2.06130473085878,
-8.25280251678068));
#2342=CARTESIAN_POINT('Ctrl Pts',(-0.606743192234935,1.8607835052609,-8.21575394984636));
#2343=CARTESIAN_POINT('Ctrl Pts',(-1.22170944784762,1.66026227966303,-8.17870538291204));
#2344=CARTESIAN_POINT('Ctrl Pts',(-1.72743730072756,1.12472449261452,-8.14165681597772));
#2345=CARTESIAN_POINT('Ctrl Pts',(-1.89244774392396,0.499293592279667,-8.1046082490434));
#2346=CARTESIAN_POINT('Ctrl Pts',(-2.05745818712036,-0.126137308055189,
-8.06755968210908));
#2347=CARTESIAN_POINT('Ctrl Pts',(-1.88175122063321,-0.841461321676384,
-8.03051111517476));
#2348=CARTESIAN_POINT('Ctrl Pts',(-1.44575048315506,-1.31926422494938,-7.99346254824044));
#2349=CARTESIAN_POINT('Ctrl Pts',(-1.00974974567691,-1.79706712822238,-7.95641398130611));
#2350=CARTESIAN_POINT('Ctrl Pts',(-0.313455237207761,-2.03734892114717,
-7.9193654143718));
#2351=CARTESIAN_POINT('Ctrl Pts',(0.324428900394432,-1.9301291260855,-7.88231684743748));
#2352=CARTESIAN_POINT('Ctrl Pts',(0.96231303799662,-1.82290933102383,-7.84526828050316));
#2353=CARTESIAN_POINT('Ctrl Pts',(1.54178680473185,-1.3681879479757,-7.80821971356884));
#2354=CARTESIAN_POINT('Ctrl Pts',(1.7976166143659,-0.774097579462599,-7.77117114663452));
#2355=CARTESIAN_POINT('Ctrl Pts',(1.90188931587199,-0.531954540102863,-7.75607066179775));
#2356=CARTESIAN_POINT('Ctrl Pts',(1.95239617456388,-0.266658616836992,-7.74097017696099));
#2357=CARTESIAN_POINT('Ctrl Pts',(1.95123890376408,-0.000941368688732458,
-7.72586969212423));
#2358=CARTESIAN_POINT('Ctrl Pts',(1.95138701708921,-0.00107132562457594,
-7.6241303078758));
#2359=CARTESIAN_POINT('Ctrl Pts',(1.95266257183312,-0.257216426060162,-7.63868958074977));
#2360=CARTESIAN_POINT('Ctrl Pts',(1.90582932657972,-0.512913551760873,-7.65324885362373));
#2361=CARTESIAN_POINT('Ctrl Pts',(1.80870683208688,-0.747818350724204,-7.66780812649769));
#2362=CARTESIAN_POINT('Ctrl Pts',(1.56156198706642,-1.34557390094465,-7.70485669343201));
#2363=CARTESIAN_POINT('Ctrl Pts',(0.988776495596034,-1.80869179356719,-7.74190526036634));
#2364=CARTESIAN_POINT('Ctrl Pts',(0.352522622869038,-1.92519622129467,-7.77895382730066));
#2365=CARTESIAN_POINT('Ctrl Pts',(-0.283731249857958,-2.04170064902216,
-7.81600239423498));
#2366=CARTESIAN_POINT('Ctrl Pts',(-0.983453503841556,-1.81159161185459,
-7.85305096116929));
#2367=CARTESIAN_POINT('Ctrl Pts',(-1.42637106815752,-1.3401933688997,-7.89009952810361));
#2368=CARTESIAN_POINT('Ctrl Pts',(-1.86928863247349,-0.868795125944806,
-7.92714809503793));
#2369=CARTESIAN_POINT('Ctrl Pts',(-2.05540150712182,-0.15610767720259,-7.96419666197226));
#2370=CARTESIAN_POINT('Ctrl Pts',(-1.89952311762597,0.471661547854158,-8.00124522890658));
#2371=CARTESIAN_POINT('Ctrl Pts',(-1.74364472813013,1.0994307729109,-8.0382937958409));
#2372=CARTESIAN_POINT('Ctrl Pts',(-1.24577507449012,1.64228177428217,-8.07534236277522));
#2373=CARTESIAN_POINT('Ctrl Pts',(-0.63379635136692,1.85174373905089,-8.11239092970953));
#2374=CARTESIAN_POINT('Ctrl Pts',(-0.0218176282437096,2.06120570381962,
-8.14943949664386));
#2375=CARTESIAN_POINT('Ctrl Pts',(0.70427016436271,1.93727863198579,-8.18648806357818));
#2376=CARTESIAN_POINT('Ctrl Pts',(1.21212606434283,1.53668575000246,-8.2235366305125));
#2377=CARTESIAN_POINT('Ctrl Pts',(1.67176680780456,1.17412461778464,-8.25706785630027));
#2378=CARTESIAN_POINT('Ctrl Pts',(1.95264594367123,0.584936550366244,-8.29059908208803));
#2379=CARTESIAN_POINT('Ctrl Pts',(1.95648388000283,-0.00106080519795703,
-8.3241303078758));
#2380=CARTESIAN_POINT('Origin',(0.,0.,-16.5));
#2381=CARTESIAN_POINT('',(1.9548726457309,0.00169036260399262,-9.12586969212423));
#2382=CARTESIAN_POINT('',(1.95458682531491,0.00173680777996419,-9.0241303078758));
#2383=CARTESIAN_POINT('',(1.954,-2.39295984553393E-16,-16.5));
#2384=CARTESIAN_POINT('Ctrl Pts',(1.9548726457309,0.00169036260399262,-9.12586969212423));
#2385=CARTESIAN_POINT('Ctrl Pts',(1.95598774355025,0.123995275995963,-9.11888631350617));
#2386=CARTESIAN_POINT('Ctrl Pts',(1.94549426440149,0.246109455611194,-9.11190293488811));
#2387=CARTESIAN_POINT('Ctrl Pts',(1.9227017597232,0.365883175251037,-9.10491955627004));
#2388=CARTESIAN_POINT('Ctrl Pts',(1.80178183237019,1.00131265884973,-9.06787098933572));
#2389=CARTESIAN_POINT('Ctrl Pts',(1.33469754445812,1.57086831944931,-9.0308224224014));
#2390=CARTESIAN_POINT('Ctrl Pts',(0.735240180197452,1.81385623250512,-8.99377385546708));
#2391=CARTESIAN_POINT('Ctrl Pts',(0.135782815936794,2.05684414556093,-8.95672528853276));
#2392=CARTESIAN_POINT('Ctrl Pts',(-0.596047624672447,1.97326431107299,-8.91967672159844));
#2393=CARTESIAN_POINT('Ctrl Pts',(-1.12528168585694,1.60137243708308,-8.88262815466412));
#2394=CARTESIAN_POINT('Ctrl Pts',(-1.65451574704144,1.22948056309318,-8.84557958772981));
#2395=CARTESIAN_POINT('Ctrl Pts',(-1.98115342880119,0.569276649601327,-8.80853102079549));
#2396=CARTESIAN_POINT('Ctrl Pts',(-1.95568790493334,-0.0770543527122634,
-8.77148245386117));
#2397=CARTESIAN_POINT('Ctrl Pts',(-1.93022238106549,-0.723385355025863,
-8.73443388692684));
#2398=CARTESIAN_POINT('Ctrl Pts',(-1.55265365157003,-1.3558434461612,-8.69738531999252));
#2399=CARTESIAN_POINT('Ctrl Pts',(-0.995800425287272,-1.68494334260002,
-8.6603367530582));
#2400=CARTESIAN_POINT('Ctrl Pts',(-0.43894719900452,-2.01404323903885,-8.62328818612388));
#2401=CARTESIAN_POINT('Ctrl Pts',(0.297190524065529,-2.03978494078118,-8.58623961918956));
#2402=CARTESIAN_POINT('Ctrl Pts',(0.875671782208147,-1.7503860958711,-8.54919105225524));
#2403=CARTESIAN_POINT('Ctrl Pts',(1.45415304035076,-1.46098725096102,-8.51214248532092));
#2404=CARTESIAN_POINT('Ctrl Pts',(1.87497783356595,-0.85644785939853,-8.4750939183866));
#2405=CARTESIAN_POINT('Ctrl Pts',(1.94552852238812,-0.213474409119074,-8.43804535145228));
#2406=CARTESIAN_POINT('Ctrl Pts',(1.95325712678984,-0.143038705074494,-8.43398679834293));
#2407=CARTESIAN_POINT('Ctrl Pts',(1.95678226391798,-0.0721417727918523,
-8.42992824523358));
#2408=CARTESIAN_POINT('Ctrl Pts',(1.9562722488491,-0.00119362856103949,
-8.42586969212423));
#2409=CARTESIAN_POINT('Ctrl Pts',(1.95648388000283,-0.00106080519795703,
-8.3241303078758));
#2410=CARTESIAN_POINT('Ctrl Pts',(1.9568864698593,-0.0625304521337247,-8.32764764902235));
#2411=CARTESIAN_POINT('Ctrl Pts',(1.95424064195029,-0.123964990130036,-8.33116499016891));
#2412=CARTESIAN_POINT('Ctrl Pts',(1.94843295828337,-0.185099155035939,-8.33468233131546));
#2413=CARTESIAN_POINT('Ctrl Pts',(1.88725994488997,-0.829032485958201,-8.37173089824978));
#2414=CARTESIAN_POINT('Ctrl Pts',(1.47528991074933,-1.43964045566991,-8.40877946518411));
#2415=CARTESIAN_POINT('Ctrl Pts',(0.901087543080691,-1.73743889959468,-8.44582803211843));
#2416=CARTESIAN_POINT('Ctrl Pts',(0.326885175412055,-2.03523734351946,-8.48287659905274));
#2417=CARTESIAN_POINT('Ctrl Pts',(-0.409549525784576,-2.02022626165731,
-8.51992516598705));
#2418=CARTESIAN_POINT('Ctrl Pts',(-0.971139667578833,-1.69927644489495,
-8.55697373292137));
#2419=CARTESIAN_POINT('Ctrl Pts',(-1.53272980937309,-1.37832662813258,-8.59402229985569));
#2420=CARTESIAN_POINT('Ctrl Pts',(-1.91947539176498,-0.751438076469995,
-8.63107086679002));
#2421=CARTESIAN_POINT('Ctrl Pts',(-1.95435732663251,-0.105546814057985,
-8.66811943372434));
#2422=CARTESIAN_POINT('Ctrl Pts',(-1.98923926150004,0.540344448354029,-8.70516800065866));
#2423=CARTESIAN_POINT('Ctrl Pts',(-1.67225754884322,1.20523842151547,-8.74221656759298));
#2424=CARTESIAN_POINT('Ctrl Pts',(-1.14849933711458,1.58480344609902,-8.7792651345273));
#2425=CARTESIAN_POINT('Ctrl Pts',(-0.624741125385934,1.96436847068257,-8.81631370146162));
#2426=CARTESIAN_POINT('Ctrl Pts',(0.105793585414526,2.05860454668821,-8.85336226839595));
#2427=CARTESIAN_POINT('Ctrl Pts',(0.70872841392634,1.82437844906516,-8.89041083533027));
#2428=CARTESIAN_POINT('Ctrl Pts',(1.31166324243815,1.59015235144211,-8.92745940226459));
#2429=CARTESIAN_POINT('Ctrl Pts',(1.78699818866132,1.02746408019035,-8.9645079691989));
#2430=CARTESIAN_POINT('Ctrl Pts',(1.91716552186046,0.393864255689018,-9.00155653613322));
#2431=CARTESIAN_POINT('Ctrl Pts',(1.94360260081853,0.265179675798799,-9.00908112671408));
#2432=CARTESIAN_POINT('Ctrl Pts',(1.95580154955103,0.133570001283338,-9.01660571729494));
#2433=CARTESIAN_POINT('Ctrl Pts',(1.95458682531491,0.00173680777996419,
-9.0241303078758));
#2434=CARTESIAN_POINT('Origin',(0.,0.,-16.5));
#2435=CARTESIAN_POINT('',(1.95080301293053,0.00014409735493201,-9.82586969212423));
#2436=CARTESIAN_POINT('',(1.95079334055761,-1.22113099327668E-5,-9.7241303078758));
#2437=CARTESIAN_POINT('',(1.954,-2.39295984553393E-16,-16.5));
#2438=CARTESIAN_POINT('Ctrl Pts',(1.95080301293053,0.00014409735493201,
-9.82586969212423));
#2439=CARTESIAN_POINT('Ctrl Pts',(1.95101178673783,0.31750541068794,-9.80784438177876));
#2440=CARTESIAN_POINT('Ctrl Pts',(1.87796454635398,0.634776127913279,-9.78981907143329));
#2441=CARTESIAN_POINT('Ctrl Pts',(1.73113959235704,0.913131023757465,-9.77179376108781));
#2442=CARTESIAN_POINT('Ctrl Pts',(1.42936092494287,1.48525154720623,-9.73474519415349));
#2443=CARTESIAN_POINT('Ctrl Pts',(0.815906862737847,1.89297142175187,-9.69769662721917));
#2444=CARTESIAN_POINT('Ctrl Pts',(0.171564268321364,1.94967132014856,-9.66064806028484));
#2445=CARTESIAN_POINT('Ctrl Pts',(-0.472778326095119,2.00637121854524,-9.62359949335052));
#2446=CARTESIAN_POINT('Ctrl Pts',(-1.14800945272307,1.71205114079297,-9.5865509264162));
#2447=CARTESIAN_POINT('Ctrl Pts',(-1.54506598647646,1.20142567485799,-9.54950235948189));
#2448=CARTESIAN_POINT('Ctrl Pts',(-1.94212252022984,0.690800208923029,-9.51245379254757));
#2449=CARTESIAN_POINT('Ctrl Pts',(-2.06100446110867,-0.0361306451946181,
-9.47540522561325));
#2450=CARTESIAN_POINT('Ctrl Pts',(-1.84729781260809,-0.646640043848072,
-9.43835665867893));
#2451=CARTESIAN_POINT('Ctrl Pts',(-1.63359116410751,-1.25714944250153,-9.40130809174461));
#2452=CARTESIAN_POINT('Ctrl Pts',(-1.08729592622751,-1.75123738569078,-9.36425952481028));
#2453=CARTESIAN_POINT('Ctrl Pts',(-0.458459389118922,-1.90275262272928,
-9.32721095787596));
#2454=CARTESIAN_POINT('Ctrl Pts',(0.17037714798967,-2.05426785976779,-9.29016239094165));
#2455=CARTESIAN_POINT('Ctrl Pts',(0.881754984326858,-1.86321039065554,-9.25311382400733));
#2456=CARTESIAN_POINT('Ctrl Pts',(1.35006611909849,-1.41703000280051,-9.21606525707301));
#2457=CARTESIAN_POINT('Ctrl Pts',(1.73010409688237,-1.05495129115522,-9.18600006875675));
#2458=CARTESIAN_POINT('Ctrl Pts',(1.95007187124004,-0.524862822357611,-9.15593488044049));
#2459=CARTESIAN_POINT('Ctrl Pts',(1.9548726457309,0.00169036260399262,-9.12586969212423));
#2460=CARTESIAN_POINT('Ctrl Pts',(1.95458682531491,0.00173680777996419,
-9.0241303078758));
#2461=CARTESIAN_POINT('Ctrl Pts',(1.94982065375545,-0.515532543391749,-9.05365428422926));
#2462=CARTESIAN_POINT('Ctrl Pts',(1.73854896351403,-1.03624300309813,-9.08317826058273));
#2463=CARTESIAN_POINT('Ctrl Pts',(1.37057344311476,-1.39720475491193,-9.11270223693618));
#2464=CARTESIAN_POINT('Ctrl Pts',(0.908814310994787,-1.85016256326067,-9.1497508038705));
#2465=CARTESIAN_POINT('Ctrl Pts',(0.200296326579711,-2.05156680220726,-9.18679937080482));
#2466=CARTESIAN_POINT('Ctrl Pts',(-0.430681505230433,-1.90923181703333,
-9.22384793773914));
#2467=CARTESIAN_POINT('Ctrl Pts',(-1.06165933704058,-1.7668968318594,-9.26089650467346));
#2468=CARTESIAN_POINT('Ctrl Pts',(-1.61509701624578,-1.28082262256497,-9.29794507160779));
#2469=CARTESIAN_POINT('Ctrl Pts',(-1.83767805323202,-0.673492437069121,
-9.33499363854211));
#2470=CARTESIAN_POINT('Ctrl Pts',(-2.06025909021827,-0.0661622515732731,
-9.37204220547643));
#2471=CARTESIAN_POINT('Ctrl Pts',(-1.95198348498554,0.662423910123985,-9.40909077241075));
#2472=CARTESIAN_POINT('Ctrl Pts',(-1.56241055967429,1.17878154597798,-9.44613933934506));
#2473=CARTESIAN_POINT('Ctrl Pts',(-1.17283763436304,1.69513918183196,-9.48318790627938));
#2474=CARTESIAN_POINT('Ctrl Pts',(-0.501967388973282,1.99926829184268,-9.5202364732137));
#2475=CARTESIAN_POINT('Ctrl Pts',(0.14313309029174,1.95196455105708,-9.55728504014802));
#2476=CARTESIAN_POINT('Ctrl Pts',(0.788233569556776,1.90466081027148,-9.59433360708234));
#2477=CARTESIAN_POINT('Ctrl Pts',(1.40756428269708,1.50592421868954,-9.63138217401667));
#2478=CARTESIAN_POINT('Ctrl Pts',(1.71764853837467,0.938262324054044,-9.66843074095099));
#2479=CARTESIAN_POINT('Ctrl Pts',(1.87304419134792,0.653784188935075,-9.68699726325926));
#2480=CARTESIAN_POINT('Ctrl Pts',(1.95077525802676,0.32688191779218,-9.70556378556753));
#2481=CARTESIAN_POINT('Ctrl Pts',(1.95079347571077,-1.22107952547253E-5,
-9.7241303078758));
#2482=CARTESIAN_POINT('Origin',(0.,0.,-16.5));
#2483=CARTESIAN_POINT('',(1.95434362458154,-0.00176438468208418,-10.5258696921242));
#2484=CARTESIAN_POINT('',(1.95463165876455,-0.00173053936388181,-10.4241303078758));
#2485=CARTESIAN_POINT('',(1.954,-2.39295984553393E-16,-16.5));
#2486=CARTESIAN_POINT('Ctrl Pts',(1.95434362458154,-0.00176438468208417,
-10.5258696921242));
#2487=CARTESIAN_POINT('Ctrl Pts',(1.94963742405031,0.507665607652486,-10.4968024500514));
#2488=CARTESIAN_POINT('Ctrl Pts',(1.74553833092082,1.02043653830267,-10.4677352079785));
#2489=CARTESIAN_POINT('Ctrl Pts',(1.38765342625654,1.38024292187025,-10.4386679659056));
#2490=CARTESIAN_POINT('Ctrl Pts',(0.931499973101628,1.83884545635126,-10.4016193989713));
#2491=CARTESIAN_POINT('Ctrl Pts',(0.225512577397628,2.04894823987028,-10.3645708320369));
#2492=CARTESIAN_POINT('Ctrl Pts',(-0.407168043280323,1.91438416711634,-10.3275222651026));
#2493=CARTESIAN_POINT('Ctrl Pts',(-1.03984866395826,1.77982009436241,-10.2904736981683));
#2494=CARTESIAN_POINT('Ctrl Pts',(-1.59922250961015,1.30058916533555,-10.253425131234));
#2495=CARTESIAN_POINT('Ctrl Pts',(-1.82925602074664,0.696042358866628,-10.2163765642997));
#2496=CARTESIAN_POINT('Ctrl Pts',(-2.05928953188313,0.0914955523977038,
-10.1793279973653));
#2497=CARTESIAN_POINT('Ctrl Pts',(-1.95998270850421,-0.638367131513283,
-10.142279430431));
#2498=CARTESIAN_POINT('Ctrl Pts',(-1.57678973061656,-1.1594769080049,-10.1052308634967));
#2499=CARTESIAN_POINT('Ctrl Pts',(-1.1935967527289,-1.68058668449653,-10.0681822965624));
#2500=CARTESIAN_POINT('Ctrl Pts',(-0.526517620332509,-1.99294355356879,
-10.0311337296281));
#2501=CARTESIAN_POINT('Ctrl Pts',(0.11911582802469,-1.95357722506392,-9.99408516269373));
#2502=CARTESIAN_POINT('Ctrl Pts',(0.76474927638189,-1.91421089655905,-9.95703659575941));
#2503=CARTESIAN_POINT('Ctrl Pts',(1.38893704069989,-1.52312137047704,-9.91998802882508));
#2504=CARTESIAN_POINT('Ctrl Pts',(1.70597928654722,-0.959316021260094,-9.88293946189076));
#2505=CARTESIAN_POINT('Ctrl Pts',(1.86877036030048,-0.669819970216293,-9.86391620530192));
#2506=CARTESIAN_POINT('Ctrl Pts',(1.95058268065169,-0.334787483804928,-9.84489294871307));
#2507=CARTESIAN_POINT('Ctrl Pts',(1.95080301293053,0.00014409735493201,
-9.82586969212423));
#2508=CARTESIAN_POINT('Ctrl Pts',(1.95079347571077,-1.22107952547253E-5,
-9.7241303078758));
#2509=CARTESIAN_POINT('Ctrl Pts',(1.95081161050431,-0.325418970996902,-9.74261235250185));
#2510=CARTESIAN_POINT('Ctrl Pts',(1.8738224744263,-0.650817662571781,-9.7610943971279));
#2511=CARTESIAN_POINT('Ctrl Pts',(1.71977846056928,-0.934352576216221,-9.77957644175395));
#2512=CARTESIAN_POINT('Ctrl Pts',(1.41098632887141,-1.50271838416193,-9.81662500868827));
#2513=CARTESIAN_POINT('Ctrl Pts',(0.792564267260769,-1.90286280236428,-9.85367357562259));
#2514=CARTESIAN_POINT('Ctrl Pts',(0.147573064030732,-1.95163390032366,-9.89072214255691));
#2515=CARTESIAN_POINT('Ctrl Pts',(-0.497418139199302,-2.00040499828303,
-9.92777070949123));
#2516=CARTESIAN_POINT('Ctrl Pts',(-1.16897848404873,-1.69780277599943,-9.96481927642555));
#2517=CARTESIAN_POINT('Ctrl Pts',(-1.55972501573653,-1.18233267966576,-10.0018678433599));
#2518=CARTESIAN_POINT('Ctrl Pts',(-1.95047154742433,-0.666862583332097,
-10.0389164102942));
#2519=CARTESIAN_POINT('Ctrl Pts',(-2.06040426595051,0.0614753870516307,
-10.0759649772285));
#2520=CARTESIAN_POINT('Ctrl Pts',(-1.83920536427532,0.66931033022121,-10.1130135441628));
#2521=CARTESIAN_POINT('Ctrl Pts',(-1.61800646260013,1.2771452733908,-10.1500621110972));
#2522=CARTESIAN_POINT('Ctrl Pts',(-1.06567594072355,1.76447718934624,-10.1871106780315));
#2523=CARTESIAN_POINT('Ctrl Pts',(-0.435023526218512,1.90824715950433,-10.2241592449658));
#2524=CARTESIAN_POINT('Ctrl Pts',(0.195628888286521,2.05201712966242,-10.2612078119001));
#2525=CARTESIAN_POINT('Ctrl Pts',(0.904603195420021,1.85222515402316,-10.2982563788344));
#2526=CARTESIAN_POINT('Ctrl Pts',(1.36739152472488,1.40031893089771,-10.3353049457688));
#2527=CARTESIAN_POINT('Ctrl Pts',(1.73724245582205,1.03916475563447,-10.3649133998044));
#2528=CARTESIAN_POINT('Ctrl Pts',(1.94985740067122,0.516988280481119,-10.3945218538401));
#2529=CARTESIAN_POINT('Ctrl Pts',(1.95463165876455,-0.00173053936388181,
-10.4241303078758));
#2530=CARTESIAN_POINT('Origin',(0.,0.,-16.5));
#2531=CARTESIAN_POINT('',(1.9566457732407,0.00094040759606534,-11.2258696921242));
#2532=CARTESIAN_POINT('',(1.95645219878341,0.00108226487587547,-11.1241303078758));
#2533=CARTESIAN_POINT('',(1.954,-2.39295984553393E-16,-16.5));
#2534=CARTESIAN_POINT('Ctrl Pts',(1.9566457732407,0.00094040759606534,-11.2258696921242));
#2535=CARTESIAN_POINT('Ctrl Pts',(1.95696324068037,0.0544164023782871,-11.2228090852583));
#2536=CARTESIAN_POINT('Ctrl Pts',(1.95496095108064,0.107868261742265,-11.2197484783923));
#2537=CARTESIAN_POINT('Ctrl Pts',(1.95056202336327,0.161122151759009,-11.2166878715263));
#2538=CARTESIAN_POINT('Ctrl Pts',(1.89731311714535,0.805759112725525,-11.179639304592));
#2539=CARTESIAN_POINT('Ctrl Pts',(1.49288387204556,1.42138754631461,-11.1425907376577));
#2540=CARTESIAN_POINT('Ctrl Pts',(0.92238744626639,1.72622534848282,-11.1055421707233));
#2541=CARTESIAN_POINT('Ctrl Pts',(0.351891020487212,2.03106315065103,-11.068493603789));
#2542=CARTESIAN_POINT('Ctrl Pts',(-0.384672585971346,2.02511032139835,-11.0314450368547));
#2543=CARTESIAN_POINT('Ctrl Pts',(-0.950167478362327,1.7110915574092,-10.9943964699204));
#2544=CARTESIAN_POINT('Ctrl Pts',(-1.5156623707533,1.39707279342005,-10.9573479029861));
#2545=CARTESIAN_POINT('Ctrl Pts',(-1.9100885490767,0.774988094694411,-10.9202993360517));
#2546=CARTESIAN_POINT('Ctrl Pts',(-1.95291140454287,0.129574691899521,-10.8832507691174));
#2547=CARTESIAN_POINT('Ctrl Pts',(-1.99573426000904,-0.515838710895374,
-10.8462022021831));
#2548=CARTESIAN_POINT('Ctrl Pts',(-1.68695379261798,-1.18458081775953,-10.8091536352488));
#2549=CARTESIAN_POINT('Ctrl Pts',(-1.16790332136816,-1.57055862250082,-10.7721050683145));
#2550=CARTESIAN_POINT('Ctrl Pts',(-0.648852850118357,-1.9565364272421,-10.7350565013801));
#2551=CARTESIAN_POINT('Ctrl Pts',(0.0804676249902087,-2.05974992986053,
-10.6980079344458));
#2552=CARTESIAN_POINT('Ctrl Pts',(0.686237495965208,-1.83295680633938,-10.6609593675115));
#2553=CARTESIAN_POINT('Ctrl Pts',(1.29200736694022,-1.60616368281823,-10.6239108005772));
#2554=CARTESIAN_POINT('Ctrl Pts',(1.77422663378167,-1.0493639331575,-10.5868622336428));
#2555=CARTESIAN_POINT('Ctrl Pts',(1.91217651189948,-0.417412915605635,-10.5498136667085));
#2556=CARTESIAN_POINT('Ctrl Pts',(1.94189487573809,-0.281272525167961,-10.5418323418471));
#2557=CARTESIAN_POINT('Ctrl Pts',(1.95563585984791,-0.141644399882154,-10.5338510169857));
#2558=CARTESIAN_POINT('Ctrl Pts',(1.95434362458154,-0.00176438468208417,
-10.5258696921242));
#2559=CARTESIAN_POINT('Ctrl Pts',(1.95463165876455,-0.00173053936388181,
-10.4241303078758));
#2560=CARTESIAN_POINT('Ctrl Pts',(1.95583135055457,-0.132075966303184,-10.4315704207744));
#2561=CARTESIAN_POINT('Ctrl Pts',(1.94390728606949,-0.262203065319026,-10.4390105336731));
#2562=CARTESIAN_POINT('Ctrl Pts',(1.91805652688689,-0.389502053635832,-10.4464506465717));
#2563=CARTESIAN_POINT('Ctrl Pts',(1.78933084826783,-1.02339634443229,-10.483499213506));
#2564=CARTESIAN_POINT('Ctrl Pts',(1.31527713955347,-1.58716445541357,-10.5205477804404));
#2565=CARTESIAN_POINT('Ctrl Pts',(0.712876690403197,-1.8227615078226,-10.5575963473747));
#2566=CARTESIAN_POINT('Ctrl Pts',(0.110476241252912,-2.05835856023164,-10.594644914309));
#2567=CARTESIAN_POINT('Ctrl Pts',(-0.620270948333301,-1.96578455406841,
-10.6316934812433));
#2568=CARTESIAN_POINT('Ctrl Pts',(-1.14489124235882,-1.58741196079973,-10.6687420481776));
#2569=CARTESIAN_POINT('Ctrl Pts',(-1.66951153638434,-1.20903936753104,-10.705790615112));
#2570=CARTESIAN_POINT('Ctrl Pts',(-1.98800493484916,-0.544868187156893,
-10.7428391820463));
#2571=CARTESIAN_POINT('Ctrl Pts',(-1.95459236868047,0.10110075378556,-10.7798877489806));
#2572=CARTESIAN_POINT('Ctrl Pts',(-1.92117980251179,0.747069694728013,-10.8169363159149));
#2573=CARTESIAN_POINT('Ctrl Pts',(-1.5358612717096,1.37483639623877,-10.8539848828492));
#2574=CARTESIAN_POINT('Ctrl Pts',(-0.975002682090472,1.69706289218648,-10.8910334497836));
#2575=CARTESIAN_POINT('Ctrl Pts',(-0.414144092471354,2.01928938813418,-10.9280820167179));
#2576=CARTESIAN_POINT('Ctrl Pts',(0.322254555964694,2.03597567851883,-10.9651305836522));
#2577=CARTESIAN_POINT('Ctrl Pts',(0.897132872161129,1.73948420510445,-11.0021791505865));
#2578=CARTESIAN_POINT('Ctrl Pts',(1.47201118835757,1.44299273169007,-11.0392277175208));
#2579=CARTESIAN_POINT('Ctrl Pts',(1.8853691723144,0.833323494476638,-11.0762762844552));
#2580=CARTESIAN_POINT('Ctrl Pts',(1.94800685195842,0.189530986498249,-11.1133248513895));
#2581=CARTESIAN_POINT('Ctrl Pts',(1.9540964147297,0.126942223451813,-11.1169266702183));
#2582=CARTESIAN_POINT('Ctrl Pts',(1.95687114330973,0.0640309441915786,-11.120528489047));
#2583=CARTESIAN_POINT('Ctrl Pts',(1.95645219878341,0.00108226487587547,
-11.1241303078758));
#2584=CARTESIAN_POINT('Origin',(0.,0.,-16.5));
#2585=CARTESIAN_POINT('',(1.95152696896177,0.0011747475203415,-11.9258696921242));
#2586=CARTESIAN_POINT('',(1.95136261175774,0.0010515478963842,-11.8241303078758));
#2587=CARTESIAN_POINT('',(1.954,-2.39295984553393E-16,-16.5));
#2588=CARTESIAN_POINT('Ctrl Pts',(1.95152696896177,0.0011747475203415,-11.9258696921242));
#2589=CARTESIAN_POINT('Ctrl Pts',(1.95288766466548,0.249239806422386,-11.9117671535308));
#2590=CARTESIAN_POINT('Ctrl Pts',(1.90903733500537,0.49684175199088,-11.8976646149374));
#2591=CARTESIAN_POINT('Ctrl Pts',(1.81776712645501,0.725517214650308,-11.8835620763441));
#2592=CARTESIAN_POINT('Ctrl Pts',(1.57799253493772,1.32626708166674,-11.8465135094097));
#2593=CARTESIAN_POINT('Ctrl Pts',(1.01094607621978,1.79639440079506,-11.8094649424754));
#2594=CARTESIAN_POINT('Ctrl Pts',(0.37617317658437,1.92071504809872,-11.7724163755411));
#2595=CARTESIAN_POINT('Ctrl Pts',(-0.258599723051048,2.04503569540239,-11.7353678086068));
#2596=CARTESIAN_POINT('Ctrl Pts',(-0.96109906360394,1.8235496708814,-11.6983192416725));
#2597=CARTESIAN_POINT('Ctrl Pts',(-1.40978066116439,1.35763435511236,-11.6612706747381));
#2598=CARTESIAN_POINT('Ctrl Pts',(-1.85846225872484,0.891719039343325,-11.6242221078038));
#2599=CARTESIAN_POINT('Ctrl Pts',(-2.05332611329286,0.181374432326243,-11.5871735408695));
#2600=CARTESIAN_POINT('Ctrl Pts',(-1.90518019937657,-0.448264389259171,
-11.5501249739352));
#2601=CARTESIAN_POINT('Ctrl Pts',(-1.75703428546029,-1.07790321084459,-11.5130764070009));
#2602=CARTESIAN_POINT('Ctrl Pts',(-1.26587860305973,-1.62683624699832,-11.4760278400665));
#2603=CARTESIAN_POINT('Ctrl Pts',(-0.656522264374034,-1.84380884886575,
-11.4389792731322));
#2604=CARTESIAN_POINT('Ctrl Pts',(-0.0471659256883504,-2.06078145073318,
-11.4019307061979));
#2605=CARTESIAN_POINT('Ctrl Pts',(0.680391069282456,-1.9457936183143,-11.3648821392636));
#2606=CARTESIAN_POINT('Ctrl Pts',(1.19313528309984,-1.5514769579329,-11.3278335723293));
#2607=CARTESIAN_POINT('Ctrl Pts',(1.66352135485784,-1.18973506030204,-11.2938456122609));
#2608=CARTESIAN_POINT('Ctrl Pts',(1.95312030553609,-0.592909131028468,-11.2598576521926));
#2609=CARTESIAN_POINT('Ctrl Pts',(1.9566457732407,0.00094040759606534,-11.2258696921242));
#2610=CARTESIAN_POINT('Ctrl Pts',(1.95645219878341,0.00108226487587547,
-11.1241303078758));
#2611=CARTESIAN_POINT('Ctrl Pts',(1.95256184984908,-0.583463688359588,-11.1575770559813));
#2612=CARTESIAN_POINT('Ctrl Pts',(1.67327746423571,-1.17123469059179,-11.1910238040869));
#2613=CARTESIAN_POINT('Ctrl Pts',(1.21561859275944,-1.53392442025593,-11.2244705521924));
#2614=CARTESIAN_POINT('Ctrl Pts',(0.708675278585239,-1.93567154028837,-11.2615191191268));
#2615=CARTESIAN_POINT('Ctrl Pts',(-0.0171287250943897,-2.06125000160992,
-11.2985676860611));
#2616=CARTESIAN_POINT('Ctrl Pts',(-0.629582350496747,-1.85318071273768,
-11.3356162529954));
#2617=CARTESIAN_POINT('Ctrl Pts',(-1.2420359758991,-1.64511142386545,-11.3726648199297));
#2618=CARTESIAN_POINT('Ctrl Pts',(-1.7411392230242,-1.10339438479943,-11.409713386864));
#2619=CARTESIAN_POINT('Ctrl Pts',(-1.89844526349876,-0.475981377386847,
-11.4467619537984));
#2620=CARTESIAN_POINT('Ctrl Pts',(-2.05575130397331,0.151431630025738,-11.4838105207327));
#2621=CARTESIAN_POINT('Ctrl Pts',(-1.87126013779734,0.864540605784906,-11.520859087667));
#2622=CARTESIAN_POINT('Ctrl Pts',(-1.4294160598508,1.33694518135956,-11.5579076546013));
#2623=CARTESIAN_POINT('Ctrl Pts',(-0.987571981904274,1.80934975693421,-11.5949562215356));
#2624=CARTESIAN_POINT('Ctrl Pts',(-0.288374992187214,2.04104993232436,-11.63200478847));
#2625=CARTESIAN_POINT('Ctrl Pts',(0.348142259484839,1.92599316127569,-11.6690533554043));
#2626=CARTESIAN_POINT('Ctrl Pts',(0.984659511156891,1.81093639022703,-11.7061019223386));
#2627=CARTESIAN_POINT('Ctrl Pts',(1.55849702478392,1.34912267273954,-11.7431504892729));
#2628=CARTESIAN_POINT('Ctrl Pts',(1.80700100930204,0.751930876145766,-11.7801990562072));
#2629=CARTESIAN_POINT('Ctrl Pts',(1.90522425145749,0.515885910654277,-11.7948428067634));
#2630=CARTESIAN_POINT('Ctrl Pts',(1.95262094246145,0.258690955239109,-11.8094865573196));
#2631=CARTESIAN_POINT('Ctrl Pts',(1.95136261175774,0.0010515478963842,-11.8241303078758));
#2632=CARTESIAN_POINT('Origin',(0.,0.,-16.5));
#2633=CARTESIAN_POINT('',(1.95237211790595,-0.00157426677272185,-12.6258696921242));
#2634=CARTESIAN_POINT('',(1.95261736831517,-0.00164352225738918,-12.5241303078758));
#2635=CARTESIAN_POINT('',(1.954,-2.39295984553393E-16,-16.5));
#2636=CARTESIAN_POINT('Ctrl Pts',(1.95237211790595,-0.00157426677272185,
-12.6258696921242));
#2637=CARTESIAN_POINT('Ctrl Pts',(1.94902866933513,0.440238168814956,-12.6007252218034));
#2638=CARTESIAN_POINT('Ctrl Pts',(1.8004899997625,0.884085898010184,-12.5755807514826));
#2639=CARTESIAN_POINT('Ctrl Pts',(1.52544583904763,1.22624122704577,-12.5504362811618));
#2640=CARTESIAN_POINT('Ctrl Pts',(1.12018806793014,1.73038247352976,-12.5133877142275));
#2641=CARTESIAN_POINT('Ctrl Pts',(0.440288126870776,2.01375052515664,-12.4763391472932));
#2642=CARTESIAN_POINT('Ctrl Pts',(-0.203053874652394,1.94664369589381,-12.4392905803589));
#2643=CARTESIAN_POINT('Ctrl Pts',(-0.846395876175573,1.87953686663098,-12.4022420134245));
#2644=CARTESIAN_POINT('Ctrl Pts',(-1.45317993816256,1.46195515647843,-12.3651934464902));
#2645=CARTESIAN_POINT('Ctrl Pts',(-1.74567215431875,0.885031798530771,-12.3281448795559));
#2646=CARTESIAN_POINT('Ctrl Pts',(-2.03816437047493,0.30810844058311,-12.2910963126216));
#2647=CARTESIAN_POINT('Ctrl Pts',(-2.01636474080031,-0.428156565159662,
-12.2540477456873));
#2648=CARTESIAN_POINT('Ctrl Pts',(-1.6902512734276,-0.986763997848943,-12.2169991787529));
#2649=CARTESIAN_POINT('Ctrl Pts',(-1.36413780605489,-1.54537143053822,-12.1799506118186));
#2650=CARTESIAN_POINT('Ctrl Pts',(-0.733710500984097,-1.92632129017402,
-12.1429020448843));
#2651=CARTESIAN_POINT('Ctrl Pts',(-0.0875251213622216,-1.95524727538616,
-12.10585347795));
#2652=CARTESIAN_POINT('Ctrl Pts',(0.558660258259645,-1.9841732605983,-12.0688049110157));
#2653=CARTESIAN_POINT('Ctrl Pts',(1.22060371243259,-1.6610753713868,-12.0317563440813));
#2654=CARTESIAN_POINT('Ctrl Pts',(1.59532407736076,-1.13384021932877,-11.994707777147));
#2655=CARTESIAN_POINT('Ctrl Pts',(1.82740711929887,-0.807297150526542,-11.9717617488061));
#2656=CARTESIAN_POINT('Ctrl Pts',(1.94931300145698,-0.402448177123004,-11.9488157204652));
#2657=CARTESIAN_POINT('Ctrl Pts',(1.95152696896177,0.0011747475203415,-11.9258696921242));
#2658=CARTESIAN_POINT('Ctrl Pts',(1.95136261175774,0.0010515478963842,-11.8241303078758));
#2659=CARTESIAN_POINT('Ctrl Pts',(1.94943737626213,-0.393134599370764,-11.8465351242539));
#2660=CARTESIAN_POINT('Ctrl Pts',(1.83361684055678,-0.788361152827067,-11.8689399406321));
#2661=CARTESIAN_POINT('Ctrl Pts',(1.61167837753073,-1.11047084496616,-11.8913447570102));
#2662=CARTESIAN_POINT('Ctrl Pts',(1.24468130583208,-1.64311089378422,-11.9283933239445));
#2663=CARTESIAN_POINT('Ctrl Pts',(0.587516707025571,-1.97582111572026,-11.9654418908788));
#2664=CARTESIAN_POINT('Ctrl Pts',(-0.0590216068242795,-1.95631519445304,
-12.0024904578132));
#2665=CARTESIAN_POINT('Ctrl Pts',(-0.705559920674121,-1.93680927318581,
-12.0395390247475));
#2666=CARTESIAN_POINT('Ctrl Pts',(-1.3414719495673,-1.56508720871533,-12.0765875916818));
#2667=CARTESIAN_POINT('Ctrl Pts',(-1.67569149234836,-1.01129160611135,-12.1136361586161));
#2668=CARTESIAN_POINT('Ctrl Pts',(-2.00991103512942,-0.457496003507368,
-12.1506847255504));
#2669=CARTESIAN_POINT('Ctrl Pts',(-2.04243809179835,0.278373137230107,-12.1877332924848));
#2670=CARTESIAN_POINT('Ctrl Pts',(-1.75838455458359,0.859497788433336,-12.2247818594191));
#2671=CARTESIAN_POINT('Ctrl Pts',(-1.47433101736883,1.44062243963657,-12.2618304263534));
#2672=CARTESIAN_POINT('Ctrl Pts',(-0.873696886270367,1.86700260130556,-12.2988789932877));
#2673=CARTESIAN_POINT('Ctrl Pts',(-0.231401154607817,1.94347786088911,-12.335927560222));
#2674=CARTESIAN_POINT('Ctrl Pts',(0.410894577054715,2.01995312047266,-12.3729761271564));
#2675=CARTESIAN_POINT('Ctrl Pts',(1.09485190928133,1.74652347797081,-12.4100246940907));
#2676=CARTESIAN_POINT('Ctrl Pts',(1.50741360553866,1.24834166475243,-12.447073261025));
#2677=CARTESIAN_POINT('Ctrl Pts',(1.79344163656171,0.902953412718811,-12.4727589433086));
#2678=CARTESIAN_POINT('Ctrl Pts',(1.94902021982902,0.449535433356803,-12.4984446255922));
#2679=CARTESIAN_POINT('Ctrl Pts',(1.95261736831517,-0.00164352225738918,
-12.5241303078758));
#2680=CARTESIAN_POINT('Origin',(0.,0.,-16.5));
#2681=CARTESIAN_POINT('',(1.9571557654826,-0.000279964421012191,-13.3258696921242));
#2682=CARTESIAN_POINT('',(1.95719828669822,-0.000104676094050344,-13.2241303078758));
#2683=CARTESIAN_POINT('',(1.954,-2.39295984553393E-16,-16.5));
#2684=CARTESIAN_POINT('Ctrl Pts',(1.9571557654826,-0.000279964421012191,
-13.3258696921242));
#2685=CARTESIAN_POINT('Ctrl Pts',(1.95588923437889,0.631543010019712,-13.289683290076));
#2686=CARTESIAN_POINT('Ctrl Pts',(1.6219736738515,1.26451564145825,-13.2534968880278));
#2687=CARTESIAN_POINT('Ctrl Pts',(1.0992521402276,1.61935088445324,-13.2173104859796));
#2688=CARTESIAN_POINT('Ctrl Pts',(0.564076421440435,1.98264031105165,-13.1802619190453));
#2689=CARTESIAN_POINT('Ctrl Pts',(-0.16900930200074,2.05438084786371,-13.1432133521109));
#2690=CARTESIAN_POINT('Ctrl Pts',(-0.764461013080368,1.80173580589791,-13.1061647851766));
#2691=CARTESIAN_POINT('Ctrl Pts',(-1.35991272416,1.54909076393211,-13.0691162182423));
#2692=CARTESIAN_POINT('Ctrl Pts',(-1.81773042287808,0.972060143188427,-13.032067651308));
#2693=CARTESIAN_POINT('Ctrl Pts',(-1.92836427791668,0.334759266383085,-12.9950190843737));
#2694=CARTESIAN_POINT('Ctrl Pts',(-2.03899813295528,-0.302541610422257,
-12.9579705174393));
#2695=CARTESIAN_POINT('Ctrl Pts',(-1.80244814431441,-1.00011274328926,-12.920921950505));
#2696=CARTESIAN_POINT('Ctrl Pts',(-1.32698668843723,-1.43866566077211,-12.8838733835707));
#2697=CARTESIAN_POINT('Ctrl Pts',(-0.85152523256006,-1.87721857825495,-12.8468248166364));
#2698=CARTESIAN_POINT('Ctrl Pts',(-0.137152309446601,-2.05675328035364,
-12.8097762497021));
#2699=CARTESIAN_POINT('Ctrl Pts',(0.489153185251717,-1.89509411801434,-12.7727276827677));
#2700=CARTESIAN_POINT('Ctrl Pts',(1.11545867995004,-1.73343495567504,-12.7356791158334));
#2701=CARTESIAN_POINT('Ctrl Pts',(1.65369674623322,-1.23058192889773,-12.6986305488991));
#2702=CARTESIAN_POINT('Ctrl Pts',(1.857507978787,-0.616698194838529,-12.6615819819648));
#2703=CARTESIAN_POINT('Ctrl Pts',(1.92299468458972,-0.419450854808813,-12.6496778853513));
#2704=CARTESIAN_POINT('Ctrl Pts',(1.95395500011829,-0.210740650124129,-12.6377737887377));
#2705=CARTESIAN_POINT('Ctrl Pts',(1.95237211790595,-0.00157426677272185,
-12.6258696921242));
#2706=CARTESIAN_POINT('Ctrl Pts',(1.95261736831517,-0.00164352225738918,
-12.5241303078758));
#2707=CARTESIAN_POINT('Ctrl Pts',(1.95420868221793,-0.201236991213029,-12.5354931925265));
#2708=CARTESIAN_POINT('Ctrl Pts',(1.92605694458737,-0.400392279026272,-12.5468560771772));
#2709=CARTESIAN_POINT('Ctrl Pts',(1.86629802375448,-0.589562869124293,-12.558218961828));
#2710=CARTESIAN_POINT('Ctrl Pts',(1.67145468542491,-1.20635160584771,-12.5952675287623));
#2711=CARTESIAN_POINT('Ctrl Pts',(1.14060194847772,-1.71699509535964,-12.6323160956966));
#2712=CARTESIAN_POINT('Ctrl Pts',(0.516718845382441,-1.88776437219971,-12.6693646626309));
#2713=CARTESIAN_POINT('Ctrl Pts',(-0.107164257712848,-2.05853364903979,
-12.7064132295652));
#2714=CARTESIAN_POINT('Ctrl Pts',(-0.824077726956233,-1.88942871320801,
-12.7434617964996));
#2715=CARTESIAN_POINT('Ctrl Pts',(-1.30587982171568,-1.45785135777135,-12.7805103634339));
#2716=CARTESIAN_POINT('Ctrl Pts',(-1.78768191647512,-1.02627400233469,-12.8175589303682));
#2717=CARTESIAN_POINT('Ctrl Pts',(-2.03437263675063,-0.332224227293152,
-12.8546074973025));
#2718=CARTESIAN_POINT('Ctrl Pts',(-1.93303804547472,0.306621272691965,-12.8916560642369));
#2719=CARTESIAN_POINT('Ctrl Pts',(-1.8317034541988,0.945466772677082,-12.9287046311712));
#2720=CARTESIAN_POINT('Ctrl Pts',(-1.38234355137147,1.52910799760578,-12.9657531981055));
#2721=CARTESIAN_POINT('Ctrl Pts',(-0.790636911897474,1.79040385490681,-13.0028017650398));
#2722=CARTESIAN_POINT('Ctrl Pts',(-0.198930272423486,2.05169971220784,-13.0398503319741));
#2723=CARTESIAN_POINT('Ctrl Pts',(0.53512310369716,1.99065020188122,-13.0768988989084));
#2724=CARTESIAN_POINT('Ctrl Pts',(1.07553629071838,1.63519857432292,-13.1139474658428));
#2725=CARTESIAN_POINT('Ctrl Pts',(1.61126786097218,1.28282623561164,-13.1506750798538));
#2726=CARTESIAN_POINT('Ctrl Pts',(1.95669973212794,0.641130515304981,-13.1874026938648));
#2727=CARTESIAN_POINT('Ctrl Pts',(1.95719828669822,-0.000104676094050344,
-13.2241303078758));
#2728=CARTESIAN_POINT('Origin',(0.,0.,-16.5));
#2729=CARTESIAN_POINT('',(1.95319181089187,0.00174908941366972,-14.0258696921242));
#2730=CARTESIAN_POINT('',(1.95292323799231,0.00170884744466681,-13.9241303078758));
#2731=CARTESIAN_POINT('',(1.954,-2.39295984553393E-16,-16.5));
#2732=CARTESIAN_POINT('Ctrl Pts',(1.95319181089187,0.00174908941366972,
-14.0258696921242));
#2733=CARTESIAN_POINT('Ctrl Pts',(1.95474278867177,0.180427432416026,-14.0156899252829));
#2734=CARTESIAN_POINT('Ctrl Pts',(1.93224182899503,0.35872225702177,-14.0055101584416));
#2735=CARTESIAN_POINT('Ctrl Pts',(1.88413059296573,0.529815499419434,-13.9953303916003));
#2736=CARTESIAN_POINT('Ctrl Pts',(1.70903303168449,1.15249768279305,-13.958281824666));
#2737=CARTESIAN_POINT('Ctrl Pts',(1.19471548549114,1.67979157068956,-13.9212332577317));
#2738=CARTESIAN_POINT('Ctrl Pts',(0.576588589121829,1.870347067704,-13.8841846907973));
#2739=CARTESIAN_POINT('Ctrl Pts',(-0.0415383072474549,2.06090256471843,
-13.847136123863));
#2740=CARTESIAN_POINT('Ctrl Pts',(-0.763474553792678,1.91471967085082,-13.8100875569287));
#2741=CARTESIAN_POINT('Ctrl Pts',(-1.2587794115266,1.49870842657643,-13.7730389899944));
#2742=CARTESIAN_POINT('Ctrl Pts',(-1.75408426926053,1.08269718230204,-13.7359904230601));
#2743=CARTESIAN_POINT('Ctrl Pts',(-2.02275773818314,0.396857587620834,-13.6989418561257));
#2744=CARTESIAN_POINT('Ctrl Pts',(-1.9418240568724,-0.244891581982878,-13.6618932891914));
#2745=CARTESIAN_POINT('Ctrl Pts',(-1.86089037556165,-0.8866407515866,-13.6248447222571));
#2746=CARTESIAN_POINT('Ctrl Pts',(-1.43034954401755,-1.48429949611284,-13.5877961553228));
#2747=CARTESIAN_POINT('Ctrl Pts',(-0.847266374015976,-1.76431070002885,
-13.5507475883885));
#2748=CARTESIAN_POINT('Ctrl Pts',(-0.264183204014419,-2.04432190394485,
-13.5136990214542));
#2749=CARTESIAN_POINT('Ctrl Pts',(0.471442304444588,-2.00668556725063,-13.4766504545198));
#2750=CARTESIAN_POINT('Ctrl Pts',(1.02290363773701,-1.6686283896299,-13.4396018875855));
#2751=CARTESIAN_POINT('Ctrl Pts',(1.57436497102944,-1.33057121200915,-13.4025533206512));
#2752=CARTESIAN_POINT('Ctrl Pts',(1.94166212915527,-0.692093193461871,-13.3655047537169));
#2753=CARTESIAN_POINT('Ctrl Pts',(1.95667785115159,-0.045435025995857,-13.3284561867825));
#2754=CARTESIAN_POINT('Ctrl Pts',(1.95702728513288,-0.0303865096446186,
-13.3275940218964));
#2755=CARTESIAN_POINT('Ctrl Pts',(1.95718594142115,-0.015333563341134,-13.3267318570103));
#2756=CARTESIAN_POINT('Ctrl Pts',(1.9571557654826,-0.000279964421012191,
-13.3258696921242));
#2757=CARTESIAN_POINT('Ctrl Pts',(1.95719828669822,-0.000104676094050344,
-13.2241303078758));
#2758=CARTESIAN_POINT('Ctrl Pts',(1.957202643435,-0.00570826115530549,-13.2244512607991));
#2759=CARTESIAN_POINT('Ctrl Pts',(1.95718065916412,-0.0113118110480371,
-13.2247722137224));
#2760=CARTESIAN_POINT('Ctrl Pts',(1.95713223069271,-0.0169151323884276,
-13.2250931666457));
#2761=CARTESIAN_POINT('Ctrl Pts',(1.95154198572402,-0.66372346675146,-13.26214173358));
#2762=CARTESIAN_POINT('Ctrl Pts',(1.59358849786485,-1.30748639068752,-13.2991903005144));
#2763=CARTESIAN_POINT('Ctrl Pts',(1.04711229405547,-1.65354423398887,-13.3362388674487));
#2764=CARTESIAN_POINT('Ctrl Pts',(0.500636090246081,-1.99960207729022,-13.373287434383));
#2765=CARTESIAN_POINT('Ctrl Pts',(-0.234362829513522,-2.04795483995685,
-13.4103360013173));
#2766=CARTESIAN_POINT('Ctrl Pts',(-0.821464750376679,-1.77647075799421,
-13.4473845682516));
#2767=CARTESIAN_POINT('Ctrl Pts',(-1.40856667123982,-1.50498667603158,-13.484433135186));
#2768=CARTESIAN_POINT('Ctrl Pts',(-1.84777159320652,-0.913665749439722,
-13.5214817021203));
#2769=CARTESIAN_POINT('Ctrl Pts',(-1.9380490240747,-0.273164182137875,-13.5585302690546));
#2770=CARTESIAN_POINT('Ctrl Pts',(-2.02832645494287,0.367337385163971,-13.5955788359889));
#2771=CARTESIAN_POINT('Ctrl Pts',(-1.76967639471252,1.0570195931758,-13.6326274029232));
#2772=CARTESIAN_POINT('Ctrl Pts',(-1.28048674460153,1.48020484630328,-13.6696759698576));
#2773=CARTESIAN_POINT('Ctrl Pts',(-0.791297094490538,1.90339009943077,-13.7067245367919));
#2774=CARTESIAN_POINT('Ctrl Pts',(-0.0715678544989069,2.0600783976739,-13.7437731037262));
#2775=CARTESIAN_POINT('Ctrl Pts',(0.549270415442776,1.87855122390614,-13.7808216706605));
#2776=CARTESIAN_POINT('Ctrl Pts',(1.17010868538446,1.69702405013839,-13.8178702375949));
#2777=CARTESIAN_POINT('Ctrl Pts',(1.69205598527619,1.17728140435974,-13.8549188045292));
#2778=CARTESIAN_POINT('Ctrl Pts',(1.87620943094505,0.557217068432754,-13.8919673714635));
#2779=CARTESIAN_POINT('Ctrl Pts',(1.92949908156011,0.377785118623757,-13.9026883502676));
#2780=CARTESIAN_POINT('Ctrl Pts',(1.9545023248479,0.189952364135157,-13.9134093290717));
#2781=CARTESIAN_POINT('Ctrl Pts',(1.95292323799231,0.00170884744466681,
-13.9241303078758));
#2782=CARTESIAN_POINT('Origin',(0.,0.,-16.5));
#2783=CARTESIAN_POINT('',(1.95107192590074,-0.000756022162454323,-14.7258696921242));
#2784=CARTESIAN_POINT('',(1.95119285449292,-0.000895229217322242,-14.6241303078758));
#2785=CARTESIAN_POINT('',(1.954,-2.39295984553393E-16,-16.5));
#2786=CARTESIAN_POINT('Ctrl Pts',(1.95107192590074,-0.000756022162454323,
-14.7258696921242));
#2787=CARTESIAN_POINT('Ctrl Pts',(1.94977223762988,0.372753712117172,-14.7046479935555));
#2788=CARTESIAN_POINT('Ctrl Pts',(1.84662640828994,0.746928049279277,-14.6834262949868));
#2789=CARTESIAN_POINT('Ctrl Pts',(1.6462329175837,1.05856966508508,-14.6622045964181));
#2790=CARTESIAN_POINT('Ctrl Pts',(1.29638855288353,1.60262956798649,-14.6251560294838));
#2791=CARTESIAN_POINT('Ctrl Pts',(0.650155441273016,1.95610396308967,-14.5881074625494));
#2792=CARTESIAN_POINT('Ctrl Pts',(0.00332389385028248,1.95720246947119,
-14.5510588956151));
#2793=CARTESIAN_POINT('Ctrl Pts',(-0.643507653572451,1.95830097585271,-14.5140103286808));
#2794=CARTESIAN_POINT('Ctrl Pts',(-1.29093763680742,1.60702359351259,-14.4769617617465));
#2795=CARTESIAN_POINT('Ctrl Pts',(-1.64262791917501,1.06415509862109,-14.4399131948122));
#2796=CARTESIAN_POINT('Ctrl Pts',(-1.9943182015426,0.521286603729585,-14.4028646278778));
#2797=CARTESIAN_POINT('Ctrl Pts',(-2.05026878304282,-0.213173003713267,
-14.3658160609435));
#2798=CARTESIAN_POINT('Ctrl Pts',(-1.78487026729729,-0.803050859966262,
-14.3287674940092));
#2799=CARTESIAN_POINT('Ctrl Pts',(-1.51947175155176,-1.39292871621927,-14.2917189270749));
#2800=CARTESIAN_POINT('Ctrl Pts',(-0.932724138560461,-1.83822482128239,
-14.2546703601406));
#2801=CARTESIAN_POINT('Ctrl Pts',(-0.293190359972402,-1.93512065969895,
-14.2176217932062));
#2802=CARTESIAN_POINT('Ctrl Pts',(0.346343418615639,-2.03201649811551,-14.1805732262719));
#2803=CARTESIAN_POINT('Ctrl Pts',(1.03866336280045,-1.78051206988554,-14.1435246593376));
#2804=CARTESIAN_POINT('Ctrl Pts',(1.46688454670828,-1.2957246163452,-14.1064760924033));
#2805=CARTESIAN_POINT('Ctrl Pts',(1.77744418067226,-0.944141322992242,-14.0796072923103));
#2806=CARTESIAN_POINT('Ctrl Pts',(1.94909811085272,-0.469860207137196,-14.0527384922173));
#2807=CARTESIAN_POINT('Ctrl Pts',(1.95319181089187,0.00174908941366972,
-14.0258696921242));
#2808=CARTESIAN_POINT('Ctrl Pts',(1.95292323799231,0.00170884744466681,
-13.9241303078758));
#2809=CARTESIAN_POINT('Ctrl Pts',(1.94904546254706,-0.460562169611483,-13.950457896006));
#2810=CARTESIAN_POINT('Ctrl Pts',(1.78486296220379,-0.925310287862938,-13.9767854841362));
#2811=CARTESIAN_POINT('Ctrl Pts',(1.48561165888966,-1.27420982930248,-14.0031130722665));
#2812=CARTESIAN_POINT('Ctrl Pts',(1.06450084971945,-1.76518636503537,-14.0401616392008));
#2813=CARTESIAN_POINT('Ctrl Pts',(0.375919639933015,-2.02675341042586,-14.0772102061351));
#2814=CARTESIAN_POINT('Ctrl Pts',(-0.264958317805091,-1.93918791764642,
-14.1142587730694));
#2815=CARTESIAN_POINT('Ctrl Pts',(-0.905836275543206,-1.85162242486697,
-14.1513073400037));
#2816=CARTESIAN_POINT('Ctrl Pts',(-1.499010981233,-1.41492439391761,-14.188355906938));
#2817=CARTESIAN_POINT('Ctrl Pts',(-1.7729777292517,-0.828976876455211,-14.2254044738724));
#2818=CARTESIAN_POINT('Ctrl Pts',(-2.0469444772704,-0.243029358992798,-14.2624530408067));
#2819=CARTESIAN_POINT('Ctrl Pts',(-2.00170326761798,0.492167644982662,-14.299501607741));
#2820=CARTESIAN_POINT('Ctrl Pts',(-1.65796166113759,1.04010375459271,-14.3365501746753));
#2821=CARTESIAN_POINT('Ctrl Pts',(-1.31422005465721,1.58803986420273,-14.3735987416097));
#2822=CARTESIAN_POINT('Ctrl Pts',(-0.671978051348902,1.94871507944737,-14.410647308544));
#2823=CARTESIAN_POINT('Ctrl Pts',(-0.0251991738885572,1.9570430991052,-14.4476958754783));
#2824=CARTESIAN_POINT('Ctrl Pts',(0.621579703571778,1.96537111876303,-14.4847444424126));
#2825=CARTESIAN_POINT('Ctrl Pts',(1.27289545518415,1.62135194283405,-14.5217930093469));
#2826=CARTESIAN_POINT('Ctrl Pts',(1.63063137146519,1.08244816065875,-14.5588415762813));
#2827=CARTESIAN_POINT('Ctrl Pts',(1.84077107143623,0.765887608738621,-14.5806044868128));
#2828=CARTESIAN_POINT('Ctrl Pts',(1.94960892803103,0.382080715338256,-14.6023673973443));
#2829=CARTESIAN_POINT('Ctrl Pts',(1.95119285449292,-0.000895229217322242,
-14.6241303078758));
#2830=CARTESIAN_POINT('Origin',(0.,0.,-16.5));
#2831=CARTESIAN_POINT('',(1.95595929160946,-0.00135341900223657,-15.4258696921242));
#2832=CARTESIAN_POINT('',(1.95619544503254,-0.00123644543129125,-15.3241303078758));
#2833=CARTESIAN_POINT('',(1.954,-2.39295984553393E-16,-16.5));
#2834=CARTESIAN_POINT('Ctrl Pts',(1.95595929160946,-0.00135341900223657,
-15.4258696921242));
#2835=CARTESIAN_POINT('Ctrl Pts',(1.95150053943175,0.562888152248102,-15.3936060618281));
#2836=CARTESIAN_POINT('Ctrl Pts',(1.69396431838553,1.13067917657432,-15.361342431532));
#2837=CARTESIAN_POINT('Ctrl Pts',(1.26386261342488,1.49442425340373,-15.3290788012358));
#2838=CARTESIAN_POINT('Ctrl Pts',(0.769973622677604,1.91211543391417,-15.2920302343015));
#2839=CARTESIAN_POINT('Ctrl Pts',(0.0485380604465855,2.06074958908648,-15.2549816673672));
#2840=CARTESIAN_POINT('Ctrl Pts',(-0.57023250478671,1.87229470043023,-15.2179331004329));
#2841=CARTESIAN_POINT('Ctrl Pts',(-1.18900307002001,1.68383981177398,-15.1808845334986));
#2842=CARTESIAN_POINT('Ctrl Pts',(-1.70510863825558,1.15829587928916,-15.1438359665642));
#2843=CARTESIAN_POINT('Ctrl Pts',(-1.88232017101624,0.536212018291149,-15.1067873996299));
#2844=CARTESIAN_POINT('Ctrl Pts',(-2.05953170377689,-0.0858718427068333,
-15.0697388326956));
#2845=CARTESIAN_POINT('Ctrl Pts',(-1.89784920106266,-0.804495632217995,
-15.0326902657613));
#2846=CARTESIAN_POINT('Ctrl Pts',(-1.47127710015435,-1.2907347711036,-14.995641698827));
#2847=CARTESIAN_POINT('Ctrl Pts',(-1.04470499924604,-1.77697390998921,-14.9585931318926));
#2848=CARTESIAN_POINT('Ctrl Pts',(-0.353243300143631,-2.03082839824926,
-14.9215445649583));
#2849=CARTESIAN_POINT('Ctrl Pts',(0.286615902558364,-1.93610533783033,-14.884495998024));
#2850=CARTESIAN_POINT('Ctrl Pts',(0.926475105260359,-1.84138227741141,-14.8474474310897));
#2851=CARTESIAN_POINT('Ctrl Pts',(1.51473181156194,-1.39808166831351,-14.8103988641554));
#2852=CARTESIAN_POINT('Ctrl Pts',(1.78213235581782,-0.809108658414736,-14.773350297221));
#2853=CARTESIAN_POINT('Ctrl Pts',(1.89636385152803,-0.557503830754756,-14.7575234288554));
#2854=CARTESIAN_POINT('Ctrl Pts',(1.95204121660631,-0.27931475197247,-14.7416965604898));
#2855=CARTESIAN_POINT('Ctrl Pts',(1.95107192590074,-0.000756022162454323,
-14.7258696921242));
#2856=CARTESIAN_POINT('Ctrl Pts',(1.95119285449292,-0.000895229217322242,
-14.6241303078758));
#2857=CARTESIAN_POINT('Ctrl Pts',(1.95230535990109,-0.269886763715284,-14.6394159642786));
#2858=CARTESIAN_POINT('Ctrl Pts',(1.90050668519274,-0.538468369328224,-14.6547016206814));
#2859=CARTESIAN_POINT('Ctrl Pts',(1.79373444127996,-0.783051367590917,-14.6699872770842));
#2860=CARTESIAN_POINT('Ctrl Pts',(1.534945513864,-1.37585872524363,-14.7070358440185));
#2861=CARTESIAN_POINT('Ctrl Pts',(0.953211578082382,-1.8276850521274,-14.7440844109529));
#2862=CARTESIAN_POINT('Ctrl Pts',(0.314800732473644,-1.93172285510992,-14.7811329778872));
#2863=CARTESIAN_POINT('Ctrl Pts',(-0.323610113135094,-2.03576065809243,
-14.8181815448215));
#2864=CARTESIAN_POINT('Ctrl Pts',(-1.01869786857094,-1.79200993717369,-14.8552301117558));
#2865=CARTESIAN_POINT('Ctrl Pts',(-1.45231074042228,-1.31203894887843,-14.8922786786901));
#2866=CARTESIAN_POINT('Ctrl Pts',(-1.88592361227362,-0.832067960583175,
-14.9293272456245));
#2867=CARTESIAN_POINT('Ctrl Pts',(-2.05806160054045,-0.115876704911408,
-14.9663758125588));
#2868=CARTESIAN_POINT('Ctrl Pts',(-1.88993463986329,0.508723645179555,-15.0034243794931));
#2869=CARTESIAN_POINT('Ctrl Pts',(-1.72180767918613,1.13332399527051,-15.0404729464274));
#2870=CARTESIAN_POINT('Ctrl Pts',(-1.21341576956497,1.66633343978067,-15.0775215133618));
#2871=CARTESIAN_POINT('Ctrl Pts',(-0.597457295537646,1.86378578976469,-15.1145700802961));
#2872=CARTESIAN_POINT('Ctrl Pts',(0.0185011784896884,2.06123813974871,-15.1516186472304));
#2873=CARTESIAN_POINT('Ctrl Pts',(0.742026216923169,1.92313339520662,-15.1886672141647));
#2874=CARTESIAN_POINT('Ctrl Pts',(1.24194986757891,1.51268410996502,-15.225715781099));
#2875=CARTESIAN_POINT('Ctrl Pts',(1.68460980987418,1.14924970016693,-15.2585206233579));
#2876=CARTESIAN_POINT('Ctrl Pts',(1.95195939496145,0.572288803846592,-15.2913254656169));
#2877=CARTESIAN_POINT('Ctrl Pts',(1.95619544503254,-0.00123644543129125,
-15.3241303078758));
#2878=CARTESIAN_POINT('Origin',(0.,0.,-16.5));
#2879=CARTESIAN_POINT('',(1.95524845150812,0.00160484462141182,-16.1258696921242));
#2880=CARTESIAN_POINT('',(1.95496952095871,0.00167106692833661,-16.0241303078758));
#2881=CARTESIAN_POINT('',(1.954,-2.39295984553393E-16,-16.5));
#2882=CARTESIAN_POINT('Ctrl Pts',(1.95524845150812,0.00160484462141182,
-16.1258696921242));
#2883=CARTESIAN_POINT('Ctrl Pts',(1.95621953917493,0.111133650527958,-16.119612697035));
#2884=CARTESIAN_POINT('Ctrl Pts',(1.94780904317937,0.220513293352202,-16.1133557019458));
#2885=CARTESIAN_POINT('Ctrl Pts',(1.92949018658013,0.328207517685753,-16.1070987068566));
#2886=CARTESIAN_POINT('Ctrl Pts',(1.82102160458523,0.965880493573533,-16.0700501399222));
#2887=CARTESIAN_POINT('Ctrl Pts',(1.36516646965001,1.54446279410523,-16.0330015729879));
#2888=CARTESIAN_POINT('Ctrl Pts',(0.770576319053535,1.79912887011697,-15.9959530060536));
#2889=CARTESIAN_POINT('Ctrl Pts',(0.175986168457065,2.0537949461287,-15.9589044391193));
#2890=CARTESIAN_POINT('Ctrl Pts',(-0.557338997800666,1.98454479762049,-15.921855872185));
#2891=CARTESIAN_POINT('Ctrl Pts',(-1.09374556623818,1.62307522657109,-15.8848073052506));
#2892=CARTESIAN_POINT('Ctrl Pts',(-1.6301521346757,1.26160565552168,-15.8477587383163));
#2893=CARTESIAN_POINT('Ctrl Pts',(-1.969640105293,0.607916661931069,-15.810710171382));
#2894=CARTESIAN_POINT('Ctrl Pts',(-1.95682088744249,-0.0387887772847014,
-15.7736616044477));
#2895=CARTESIAN_POINT('Ctrl Pts',(-1.94400166959198,-0.685494216500471,
-15.7366130375134));
#2896=CARTESIAN_POINT('Ctrl Pts',(-1.57887526327368,-1.3252161013414,-15.699564470579));
#2897=CARTESIAN_POINT('Ctrl Pts',(-1.02856534471931,-1.66514440407339,-15.6625159036447));
#2898=CARTESIAN_POINT('Ctrl Pts',(-0.478255426164951,-2.00507270680536,
-15.6254673367104));
#2899=CARTESIAN_POINT('Ctrl Pts',(0.25723800462546,-2.0452074274284,-15.5884187697761));
#2900=CARTESIAN_POINT('Ctrl Pts',(0.841268887901225,-1.76717831953199,-15.5513702028418));
#2901=CARTESIAN_POINT('Ctrl Pts',(1.425299771177,-1.48914921163556,-15.5143216359074));
#2902=CARTESIAN_POINT('Ctrl Pts',(1.85786810693812,-0.892956275219669,-15.4772730689731));
#2903=CARTESIAN_POINT('Ctrl Pts',(1.94098106518691,-0.251485704087449,-15.4402245020388));
#2904=CARTESIAN_POINT('Ctrl Pts',(1.95171535997725,-0.168637802208516,-15.4354395654006));
#2905=CARTESIAN_POINT('Ctrl Pts',(1.95662055776147,-0.0850346458909521,
-15.4306546287624));
#2906=CARTESIAN_POINT('Ctrl Pts',(1.95595929160946,-0.00135341900223657,
-15.4258696921242));
#2907=CARTESIAN_POINT('Ctrl Pts',(1.95619544503254,-0.00123644543129125,
-15.3241303078758));
#2908=CARTESIAN_POINT('Ctrl Pts',(1.95674343212758,-0.0754292500517295,
-15.3283740325512));
#2909=CARTESIAN_POINT('Ctrl Pts',(1.95288828745978,-0.149564560075328,-15.3326177572266));
#2910=CARTESIAN_POINT('Ctrl Pts',(1.94443993035094,-0.223172685104565,-15.336861481902));
#2911=CARTESIAN_POINT('Ctrl Pts',(1.87068407958928,-0.865786368991476,-15.3739100488363));
#2912=CARTESIAN_POINT('Ctrl Pts',(1.44685011518799,-1.46821991082423,-15.4109586157706));
#2913=CARTESIAN_POINT('Ctrl Pts',(0.866933018109572,-1.75473070077188,-15.4480071827049));
#2914=CARTESIAN_POINT('Ctrl Pts',(0.287015921031155,-2.04124149071952,-15.4850557496393));
#2915=CARTESIAN_POINT('Ctrl Pts',(-0.448984308724394,-2.01182952878208,
-15.5221043165736));
#2916=CARTESIAN_POINT('Ctrl Pts',(-1.00418964213575,-1.67995709848413,-15.5591528835079));
#2917=CARTESIAN_POINT('Ctrl Pts',(-1.55939497554712,-1.34808466818618,-15.5962014504422));
#2918=CARTESIAN_POINT('Ctrl Pts',(-1.93380541261428,-0.713751769527729,
-15.6332500173765));
#2919=CARTESIAN_POINT('Ctrl Pts',(-1.95604784095914,-0.0673018127471454,
-15.6702985843109));
#2920=CARTESIAN_POINT('Ctrl Pts',(-1.97829026930399,0.579148144033438,-15.7073471512452));
#2921=CARTESIAN_POINT('Ctrl Pts',(-1.64836468892653,1.23771515893616,-15.7443957181795));
#2922=CARTESIAN_POINT('Ctrl Pts',(-1.11728284513315,1.60696351361539,-15.7814442851138));
#2923=CARTESIAN_POINT('Ctrl Pts',(-0.586201001339771,1.97621186829461,-15.8184928520481));
#2924=CARTESIAN_POINT('Ctrl Pts',(0.146037105869514,2.05614156275036,-15.8555414189825));
#2925=CARTESIAN_POINT('Ctrl Pts',(0.744275425778676,1.81016761121779,-15.8925899859168));
#2926=CARTESIAN_POINT('Ctrl Pts',(1.34251374568785,1.56419365968522,-15.9296385528511));
#2927=CARTESIAN_POINT('Ctrl Pts',(1.80675227829687,0.992316062164322,-15.9666871197854));
#2928=CARTESIAN_POINT('Ctrl Pts',(1.92450228306144,0.356291527560318,-16.0037356867198));
#2929=CARTESIAN_POINT('Ctrl Pts',(1.9461087574545,0.239584544424679,-16.0105338937718));
#2930=CARTESIAN_POINT('Ctrl Pts',(1.95604888705676,0.120717719836451,-16.0173321008238));
#2931=CARTESIAN_POINT('Ctrl Pts',(1.95496952095871,0.00167106692833661,
-16.0241303078758));
#2932=CARTESIAN_POINT('Origin',(0.,0.,-16.5));
#2933=CARTESIAN_POINT('',(1.950851395818,0.000351999102760348,-16.8258696921242));
#2934=CARTESIAN_POINT('',(1.95081152421019,0.000197389957505578,-16.7241303078758));
#2935=CARTESIAN_POINT('',(1.954,-2.39295984553393E-16,-16.5));
#2936=CARTESIAN_POINT('Ctrl Pts',(1.950851395818,0.000351999102760348,-16.8258696921242));
#2937=CARTESIAN_POINT('Ctrl Pts',(1.95134151240738,0.304905449981547,-16.8085707653076));
#2938=CARTESIAN_POINT('Ctrl Pts',(1.88432452114855,0.609254755649315,-16.791271838491));
#2939=CARTESIAN_POINT('Ctrl Pts',(1.74866815411488,0.879097401633583,-16.7739729116743));
#2940=CARTESIAN_POINT('Ctrl Pts',(1.45813718376127,1.45701090097665,-16.73692434474));
#2941=CARTESIAN_POINT('Ctrl Pts',(0.852774966003815,1.87665118484742,-16.6998757778057));
#2942=CARTESIAN_POINT('Ctrl Pts',(0.209664608316358,1.94594278096608,-16.6628272108714));
#2943=CARTESIAN_POINT('Ctrl Pts',(-0.433445749371107,2.01523437708475,-16.6257786439371));
#2944=CARTESIAN_POINT('Ctrl Pts',(-1.11430424698855,1.73417728545132,-16.5887300770027));
#2945=CARTESIAN_POINT('Ctrl Pts',(-1.52127202975472,1.23141543203763,-16.5516815100684));
#2946=CARTESIAN_POINT('Ctrl Pts',(-1.92823981252086,0.728653578623969,-16.5146329431341));
#2947=CARTESIAN_POINT('Ctrl Pts',(-2.06131688043571,0.00418696343005565,
-16.4775843761998));
#2948=CARTESIAN_POINT('Ctrl Pts',(-1.8595919205205,-0.61038548795768,-16.4405358092655));
#2949=CARTESIAN_POINT('Ctrl Pts',(-1.65786696060528,-1.22495793934545,-16.4034872423311));
#2950=CARTESIAN_POINT('Ctrl Pts',(-1.12133997285995,-1.72963622692706,-16.3664386753968));
#2951=CARTESIAN_POINT('Ctrl Pts',(-0.495587177020818,-1.89342174508137,
-16.3293901084625));
#2952=CARTESIAN_POINT('Ctrl Pts',(0.130165618818308,-2.05720726323569,-16.2923415415282));
#2953=CARTESIAN_POINT('Ctrl Pts',(0.845144222751243,-1.88010001196272,-16.2552929745938));
#2954=CARTESIAN_POINT('Ctrl Pts',(1.32209251019042,-1.4431645607043,-16.2182444076595));
#2955=CARTESIAN_POINT('Ctrl Pts',(1.71849076994265,-1.08002151760243,-16.1874528358144));
#2956=CARTESIAN_POINT('Ctrl Pts',(1.95046958957295,-0.537402146447951,-16.1566612639693));
#2957=CARTESIAN_POINT('Ctrl Pts',(1.95524845150812,0.00160484462141182,
-16.1258696921242));
#2958=CARTESIAN_POINT('Ctrl Pts',(1.95496952095871,0.00167106692833661,
-16.0241303078758));
#2959=CARTESIAN_POINT('Ctrl Pts',(1.95016660562225,-0.528057443206255,-16.0543806677581));
#2960=CARTESIAN_POINT('Ctrl Pts',(1.72717409543948,-1.06134661249666,-16.0846310276404));
#2961=CARTESIAN_POINT('Ctrl Pts',(1.34298366866103,-1.42374420308906,-16.1148813875227));
#2962=CARTESIAN_POINT('Ctrl Pts',(0.872453572575938,-1.86758392744737,-16.151929954457));
#2963=CARTESIAN_POINT('Ctrl Pts',(0.160131903485645,-2.05509190447686,-16.1889785213914));
#2964=CARTESIAN_POINT('Ctrl Pts',(-0.467941331812521,-1.90044300101357,
-16.2260270883257));
#2965=CARTESIAN_POINT('Ctrl Pts',(-1.09601456711066,-1.74579409755029,-16.26307565526));
#2966=CARTESIAN_POINT('Ctrl Pts',(-1.63983936861668,-1.24898831359427,-16.3001242221943));
#2967=CARTESIAN_POINT('Ctrl Pts',(-1.85049920090353,-0.637420895151181,
-16.3371727891286));
#2968=CARTESIAN_POINT('Ctrl Pts',(-2.0611590331904,-0.0258534767080676,
-16.3742213560629));
#2969=CARTESIAN_POINT('Ctrl Pts',(-1.93865389625805,0.700475576222122,-16.4112699229973));
#2970=CARTESIAN_POINT('Ctrl Pts',(-1.5390561762367,1.2091148731645,-16.4483184899316));
#2971=CARTESIAN_POINT('Ctrl Pts',(-1.13945845621536,1.71775417010687,-16.4853670568659));
#2972=CARTESIAN_POINT('Ctrl Pts',(-0.46276815310502,2.00870371106144,-16.5224156238002));
#2973=CARTESIAN_POINT('Ctrl Pts',(0.181283721671435,1.94879165186453,-16.5594641907345));
#2974=CARTESIAN_POINT('Ctrl Pts',(0.825335596447898,1.88887959266763,-16.5965127576689));
#2975=CARTESIAN_POINT('Ctrl Pts',(1.43674904289048,1.47810593331924,-16.6335613246032));
#2976=CARTESIAN_POINT('Ctrl Pts',(1.73567121798697,0.904487762864472,-16.6706098915375));
#2977=CARTESIAN_POINT('Ctrl Pts',(1.87961236144403,0.628271201358617,-16.6884500303169));
#2978=CARTESIAN_POINT('Ctrl Pts',(1.95109464102254,0.314295094721156,-16.7062901690964));
#2979=CARTESIAN_POINT('Ctrl Pts',(1.95081152421019,0.000197389957505578,
-16.7241303078758));
#2980=CARTESIAN_POINT('Origin',(0.,0.,-16.5));
#2981=CARTESIAN_POINT('',(1.9539567969601,-0.00178627748769394,-17.5258696921242));
#2982=CARTESIAN_POINT('',(1.95424490919818,-0.00177252535316646,-17.4241303078758));
#2983=CARTESIAN_POINT('',(1.954,-2.39295984553393E-16,-16.5));
#2984=CARTESIAN_POINT('Ctrl Pts',(1.9539567969601,-0.00178627748769394,
-17.5258696921242));
#2985=CARTESIAN_POINT('Ctrl Pts',(1.94939832767639,0.495165033773773,-17.4975288335802));
#2986=CARTESIAN_POINT('Ctrl Pts',(1.75639701496615,0.995265447839315,-17.4691879750361));
#2987=CARTESIAN_POINT('Ctrl Pts',(1.41438382455618,1.35283810990388,-17.4408471164921));
#2988=CARTESIAN_POINT('Ctrl Pts',(0.967287327545332,1.82027471503677,-17.4037985495578));
#2989=CARTESIAN_POINT('Ctrl Pts',(0.26554433128592,2.04414554774211,-17.3667499826234));
#2990=CARTESIAN_POINT('Ctrl Pts',(-0.369647170115572,1.92198166598956,-17.3297014156891));
#2991=CARTESIAN_POINT('Ctrl Pts',(-1.00483867151708,1.799817784237,-17.2926528487548));
#2992=CARTESIAN_POINT('Ctrl Pts',(-1.57347867806068,1.33161918802653,-17.2556042818205));
#2993=CARTESIAN_POINT('Ctrl Pts',(-1.81529237340463,0.731687196712797,-17.2185557148862));
#2994=CARTESIAN_POINT('Ctrl Pts',(-2.05710606874859,0.131755205399057,-17.1815071479519));
#2995=CARTESIAN_POINT('Ctrl Pts',(-1.97209345289291,-0.599910181017925,
-17.1444585810175));
#2996=CARTESIAN_POINT('Ctrl Pts',(-1.59916603878768,-1.12841505447356,-17.1074100140832));
#2997=CARTESIAN_POINT('Ctrl Pts',(-1.22623862468246,-1.65691992792919,-17.0703614471489));
#2998=CARTESIAN_POINT('Ctrl Pts',(-0.565396412327701,-1.98226428842346,
-17.0333128802146));
#2999=CARTESIAN_POINT('Ctrl Pts',(0.080883488906509,-1.95553328174101,-16.9962643132803));
#3000=CARTESIAN_POINT('Ctrl Pts',(0.727163390140719,-1.92880227505856,-16.9592157463459));
#3001=CARTESIAN_POINT('Ctrl Pts',(1.35888098025439,-1.54999590119938,-16.9221671794116));
#3002=CARTESIAN_POINT('Ctrl Pts',(1.68688991383633,-0.992499356862115,-16.8851186124773));
#3003=CARTESIAN_POINT('Ctrl Pts',(1.8617430574171,-0.695312258180746,-16.8653689723596));
#3004=CARTESIAN_POINT('Ctrl Pts',(1.95029184513843,-0.347347087390277,-16.8456193322419));
#3005=CARTESIAN_POINT('Ctrl Pts',(1.950851395818,0.000351999102760348,-16.8258696921242));
#3006=CARTESIAN_POINT('Ctrl Pts',(1.95081152421019,0.000197389957505578,
-16.7241303078758));
#3007=CARTESIAN_POINT('Ctrl Pts',(1.95050669312021,-0.337990741321109,-16.7433387360307));
#3008=CARTESIAN_POINT('Ctrl Pts',(1.86700589269013,-0.676319838503726,-16.7625471641856));
#3009=CARTESIAN_POINT('Ctrl Pts',(1.70117470229961,-0.967810581868052,-16.7817555923405));
#3010=CARTESIAN_POINT('Ctrl Pts',(1.38132510776535,-1.53002807458467,-16.8188041592748));
#3011=CARTESIAN_POINT('Ctrl Pts',(0.755195014946426,-1.91800037845677,-16.8558527262091));
#3012=CARTESIAN_POINT('Ctrl Pts',(0.109373290329801,-1.95414691706698,-16.8929012931434));
#3013=CARTESIAN_POINT('Ctrl Pts',(-0.536448434286805,-1.99029345567719,
-16.9299498600778));
#3014=CARTESIAN_POINT('Ctrl Pts',(-1.20196179070111,-1.67461422902554,-16.9669984270121));
#3015=CARTESIAN_POINT('Ctrl Pts',(-1.58255161884627,-1.15160021874216,-17.0040469939464));
#3016=CARTESIAN_POINT('Ctrl Pts',(-1.96314144699146,-0.628586208458748,
-17.0410955608807));
#3017=CARTESIAN_POINT('Ctrl Pts',(-2.05880774686746,0.101762585456412,-17.078144127815));
#3018=CARTESIAN_POINT('Ctrl Pts',(-1.82576265911901,0.705154878510133,-17.1151926947494));
#3019=CARTESIAN_POINT('Ctrl Pts',(-1.59271757137056,1.30854717156382,-17.1522412616837));
#3020=CARTESIAN_POINT('Ctrl Pts',(-1.03096109599769,1.78498296375608,-17.189289828618));
#3021=CARTESIAN_POINT('Ctrl Pts',(-0.397617356829044,1.91639065111167,-17.2263383955523));
#3022=CARTESIAN_POINT('Ctrl Pts',(0.235726382339619,2.04779833846727,-17.2633869624866));
#3023=CARTESIAN_POINT('Ctrl Pts',(0.940657385304065,1.83417792098617,-17.300435529421));
#3024=CARTESIAN_POINT('Ctrl Pts',(1.39451846083818,1.37330657629732,-17.3374840963553));
#3025=CARTESIAN_POINT('Ctrl Pts',(1.74833639952195,1.01402361953719,-17.3663661668621));
#3026=CARTESIAN_POINT('Ctrl Pts',(1.9495705063699,0.504477768752102,-17.395248237369));
#3027=CARTESIAN_POINT('Ctrl Pts',(1.95424490919818,-0.00177252535316646,
-17.4241303078758));
#3028=CARTESIAN_POINT('Origin',(0.,0.,-16.5));
#3029=CARTESIAN_POINT('',(1.95686749602958,0.00073512099560781,-18.2258696921243));
#3030=CARTESIAN_POINT('',(1.95670669922305,0.000889599383228368,-18.1241303078758));
#3031=CARTESIAN_POINT('',(1.954,-2.39295984553393E-16,-16.5));
#3032=CARTESIAN_POINT('Ctrl Pts',(1.95686749602958,0.00073512099560781,
-18.2258696921243));
#3033=CARTESIAN_POINT('Ctrl Pts',(1.95706402445481,0.0415072389054533,-18.2235354687871));
#3034=CARTESIAN_POINT('Ctrl Pts',(1.95590014436478,0.0822679265941959,-18.22120124545));
#3035=CARTESIAN_POINT('Ctrl Pts',(1.95334024853846,0.122940750828062,-18.2188670221128));
#3036=CARTESIAN_POINT('Ctrl Pts',(1.91270982969328,0.768495881333602,-18.1818184551785));
#3037=CARTESIAN_POINT('Ctrl Pts',(1.52039887866459,1.39191668643905,-18.1447698882442));
#3038=CARTESIAN_POINT('Ctrl Pts',(0.955973833889416,1.70785438011946,-18.1077213213098));
#3039=CARTESIAN_POINT('Ctrl Pts',(0.391548789114237,2.02379207379987,-18.0706727543755));
#3040=CARTESIAN_POINT('Ctrl Pts',(-0.34499034940743,2.03224665605525,-18.0336241874412));
#3041=CARTESIAN_POINT('Ctrl Pts',(-0.916518886259845,1.72934834140016,-17.9965756205069));
#3042=CARTESIAN_POINT('Ctrl Pts',(-1.48804742311226,1.42645002674506,-17.9595270535726));
#3043=CARTESIAN_POINT('Ctrl Pts',(-1.89456535829542,0.812198815179485,-17.9224784866382));
#3044=CARTESIAN_POINT('Ctrl Pts',(-1.9500035097225,0.167746436159973,-17.8854299197039));
#3045=CARTESIAN_POINT('Ctrl Pts',(-2.00544166114959,-0.476705942859538,
-17.8483813527696));
#3046=CARTESIAN_POINT('Ctrl Pts',(-1.70980002882059,-1.15135948933299,-17.8113327858353));
#3047=CARTESIAN_POINT('Ctrl Pts',(-1.19839809548721,-1.54741544502667,-17.774284218901));
#3048=CARTESIAN_POINT('Ctrl Pts',(-0.686996162153823,-1.94347140072035,
-17.7372356519667));
#3049=CARTESIAN_POINT('Ctrl Pts',(0.0401660721839504,-2.06092976563427,
-17.7001870850323));
#3050=CARTESIAN_POINT('Ctrl Pts',(0.65025585778115,-1.84602813472486,-17.663138518098));
#3051=CARTESIAN_POINT('Ctrl Pts',(1.26034564337835,-1.63112650381545,-17.6260899511637));
#3052=CARTESIAN_POINT('Ctrl Pts',(1.75336298023498,-1.08386487708272,-17.5890413842294));
#3053=CARTESIAN_POINT('Ctrl Pts',(1.90364664978215,-0.454732874936116,-17.5519928172951));
#3054=CARTESIAN_POINT('Ctrl Pts',(1.93896856581082,-0.306864860948086,-17.5432851089048));
#3055=CARTESIAN_POINT('Ctrl Pts',(1.95535738336672,-0.154474210208661,-17.5345774005145));
#3056=CARTESIAN_POINT('Ctrl Pts',(1.9539567969601,-0.00178627748769394,
-17.5258696921242));
#3057=CARTESIAN_POINT('Ctrl Pts',(1.95424490919818,-0.00177252535316646,
-17.4241303078758));
#3058=CARTESIAN_POINT('Ctrl Pts',(1.95556661132437,-0.144916390930215,-17.4322968043033));
#3059=CARTESIAN_POINT('Ctrl Pts',(1.94117349403923,-0.287796778912293,-17.4404633007308));
#3060=CARTESIAN_POINT('Ctrl Pts',(1.91007144190201,-0.426942357877872,-17.4486297971582));
#3061=CARTESIAN_POINT('Ctrl Pts',(1.76897219932796,-1.05819767546761,-17.4856783640925));
#3062=CARTESIAN_POINT('Ctrl Pts',(1.28398256607607,-1.61258603875048,-17.5227269310269));
#3063=CARTESIAN_POINT('Ctrl Pts',(0.677089363807999,-1.83635581615819,-17.5597754979612));
#3064=CARTESIAN_POINT('Ctrl Pts',(0.0701961615399299,-2.06012559356591,
-17.5968240648955));
#3065=CARTESIAN_POINT('Ctrl Pts',(-0.658600609744321,-1.95327678509848,
-17.6338726318298));
#3066=CARTESIAN_POINT('Ctrl Pts',(-1.17572004892343,-1.56471564722777,-17.6709211987641));
#3067=CARTESIAN_POINT('Ctrl Pts',(-1.69283948810254,-1.17615450935707,-17.7079697656985));
#3068=CARTESIAN_POINT('Ctrl Pts',(-1.9982815951765,-0.5058810420831,-17.7450183326328));
#3069=CARTESIAN_POINT('Ctrl Pts',(-1.95224106730544,0.139310822429809,-17.7820668995671));
#3070=CARTESIAN_POINT('Ctrl Pts',(-1.90620053943437,0.784502686942718,-17.8191154665014));
#3071=CARTESIAN_POINT('Ctrl Pts',(-1.50867737661827,1.40461294869456,-17.8561640334357));
#3072=CARTESIAN_POINT('Ctrl Pts',(-0.941623722573588,1.71580810558949,-17.8932126003701));
#3073=CARTESIAN_POINT('Ctrl Pts',(-0.374570068528917,2.02700326248441,-17.9302611673044));
#3074=CARTESIAN_POINT('Ctrl Pts',(0.362014076744335,2.02928331452243,-17.9673097342387));
#3075=CARTESIAN_POINT('Ctrl Pts',(0.930983417584467,1.72160464866435,-18.004358301173));
#3076=CARTESIAN_POINT('Ctrl Pts',(1.49995275842462,1.41392598280625,-18.0414068681074));
#3077=CARTESIAN_POINT('Ctrl Pts',(1.90130729483164,0.796288599052027,-18.0784554350417));
#3078=CARTESIAN_POINT('Ctrl Pts',(1.95134120757164,0.151394127207048,-18.115504001976));
#3079=CARTESIAN_POINT('Ctrl Pts',(1.95522446921417,0.101342195849887,-18.1183794372759));
#3080=CARTESIAN_POINT('Ctrl Pts',(1.95699147575822,0.0511260755787945,-18.1212548725759));
#3081=CARTESIAN_POINT('Ctrl Pts',(1.95670669922305,0.000889599383228368,
-18.1241303078758));
#3082=CARTESIAN_POINT('Origin',(0.,0.,-16.5));
#3083=CARTESIAN_POINT('',(1.95177638044463,0.00132593711585888,-18.9258696921242));
#3084=CARTESIAN_POINT('',(1.95158753272192,0.00121490267594886,-18.8241303078758));
#3085=CARTESIAN_POINT('',(1.954,-2.39295984553393E-16,-16.5));
#3086=CARTESIAN_POINT('Ctrl Pts',(1.95177638044463,0.00132593711585888,
-18.9258696921242));
#3087=CARTESIAN_POINT('Ctrl Pts',(1.95324467290867,0.236538402914852,-18.9124935370597));
#3088=CARTESIAN_POINT('Ctrl Pts',(1.91391995371529,0.471276449807264,-18.8991173819951));
#3089=CARTESIAN_POINT('Ctrl Pts',(1.83160962318433,0.689825153957873,-18.8857412269306));
#3090=CARTESIAN_POINT('Ctrl Pts',(1.60363082244929,1.29514979732949,-18.8486926599963));
#3091=CARTESIAN_POINT('Ctrl Pts',(1.04588794322569,1.77627791250332,-18.8116440930619));
#3092=CARTESIAN_POINT('Ctrl Pts',(0.413668027904724,1.91299015090613,-18.7745955261276));
#3093=CARTESIAN_POINT('Ctrl Pts',(-0.218551887416244,2.04970238930895,-18.7375469591933));
#3094=CARTESIAN_POINT('Ctrl Pts',(-0.925248838834578,1.84199875094075,-18.700498392259));
#3095=CARTESIAN_POINT('Ctrl Pts',(-1.38295733478614,1.3849482174203,-18.6634498253247));
#3096=CARTESIAN_POINT('Ctrl Pts',(-1.84066583073769,0.927897683899861,-18.6264012583903));
#3097=CARTESIAN_POINT('Ctrl Pts',(-2.04938587122248,0.221500255227174,-18.589352691456));
#3098=CARTESIAN_POINT('Ctrl Pts',(-1.91358325256351,-0.410915672958484,
-18.5523041245217));
#3099=CARTESIAN_POINT('Ctrl Pts',(-1.77778063390454,-1.04333160114412,-18.5152555575874));
#3100=CARTESIAN_POINT('Ctrl Pts',(-1.29745535610184,-1.60176602884274,-18.4782069906531));
#3101=CARTESIAN_POINT('Ctrl Pts',(-0.692459297366153,-1.83061538184995,
-18.4411584237187));
#3102=CARTESIAN_POINT('Ctrl Pts',(-0.0874632386304458,-2.05946473485716,
-18.4041098567844));
#3103=CARTESIAN_POINT('Ctrl Pts',(0.642203601038259,-1.95872901317296,-18.3670612898501));
#3104=CARTESIAN_POINT('Ctrl Pts',(1.16256207754178,-1.57451642437803,-18.3300127229158));
#3105=CARTESIAN_POINT('Ctrl Pts',(1.65013567192864,-1.21451092550316,-18.2952983793186));
#3106=CARTESIAN_POINT('Ctrl Pts',(1.95394474430675,-0.605623871217014,-18.2605840357214));
#3107=CARTESIAN_POINT('Ctrl Pts',(1.95686749602958,0.00073512099560781,
-18.2258696921243));
#3108=CARTESIAN_POINT('Ctrl Pts',(1.95670669922305,0.000889599383228368,
-18.1241303078758));
#3109=CARTESIAN_POINT('Ctrl Pts',(1.95332227042965,-0.596146165572347,-18.1583034395102));
#3110=CARTESIAN_POINT('Ctrl Pts',(1.66014089663845,-1.19605703208465,-18.1924765711446));
#3111=CARTESIAN_POINT('Ctrl Pts',(1.18538439226802,-1.55740699005987,-18.226649702779));
#3112=CARTESIAN_POINT('Ctrl Pts',(0.670680375151383,-1.94916207554606,-18.2636982697133));
#3113=CARTESIAN_POINT('Ctrl Pts',(-0.0574409481548526,-2.06052068658272,
-18.3007468366476));
#3114=CARTESIAN_POINT('Ctrl Pts',(-0.665707838910529,-1.84051236435212,
-18.3377954035819));
#3115=CARTESIAN_POINT('Ctrl Pts',(-1.2739747296662,-1.62050404212152,-18.3748439705162));
#3116=CARTESIAN_POINT('Ctrl Pts',(-1.76238718787128,-1.06912878662366,-18.4118925374506));
#3117=CARTESIAN_POINT('Ctrl Pts',(-1.90739171501092,-0.438759086091269,
-18.4489411043849));
#3118=CARTESIAN_POINT('Ctrl Pts',(-2.05239624215056,0.191610614441126,-18.4859896713192));
#3119=CARTESIAN_POINT('Ctrl Pts',(-1.85399283822475,0.900974760008063,-18.5230382382535));
#3120=CARTESIAN_POINT('Ctrl Pts',(-1.40299363203928,1.36464704542133,-18.5600868051878));
#3121=CARTESIAN_POINT('Ctrl Pts',(-0.951994425853812,1.82831933083461,-18.5971353721222));
#3122=CARTESIAN_POINT('Ctrl Pts',(-0.248399417408683,2.04629975609422,-18.6341839390565));
#3123=CARTESIAN_POINT('Ctrl Pts',(0.385745706227532,1.91881550448368,-18.6712325059908));
#3124=CARTESIAN_POINT('Ctrl Pts',(1.01989082986375,1.79133125287314,-18.7082810729251));
#3125=CARTESIAN_POINT('Ctrl Pts',(1.58458606869106,1.31838232439246,-18.7453296398594));
#3126=CARTESIAN_POINT('Ctrl Pts',(1.82136218402856,0.716444334690885,-18.7823782067938));
#3127=CARTESIAN_POINT('Ctrl Pts',(1.91030759739107,0.490325145108402,-18.7962955738211));
#3128=CARTESIAN_POINT('Ctrl Pts',(1.95297890039862,0.246003741547066,-18.8102129408485));
#3129=CARTESIAN_POINT('Ctrl Pts',(1.95158753272192,0.00121490267594886,
-18.8241303078758));
#3130=CARTESIAN_POINT('Origin',(0.,0.,-16.5));
#3131=CARTESIAN_POINT('',(1.95206410863664,-0.00146214650111401,-19.6258696921242));
#3132=CARTESIAN_POINT('',(1.95229122280615,-0.00154771713231522,-19.5241303078758));
#3133=CARTESIAN_POINT('',(1.954,-2.39295984553393E-16,-16.5));
#3134=CARTESIAN_POINT('Ctrl Pts',(1.95206410863664,-0.00146214650111401,
-19.6258696921242));
#3135=CARTESIAN_POINT('Ctrl Pts',(1.94908025765861,0.427757632304185,-19.6014516053323));
#3136=CARTESIAN_POINT('Ctrl Pts',(1.80968646781966,0.85873925901769,-19.5770335185403));
#3137=CARTESIAN_POINT('Ctrl Pts',(1.54913779631016,1.19617082509889,-19.5526154317484));
#3138=CARTESIAN_POINT('Ctrl Pts',(1.15381792631749,1.70814197452684,-19.515566864814));
#3139=CARTESIAN_POINT('Ctrl Pts',(0.479590372402582,2.00475382202673,-19.4785182978797));
#3140=CARTESIAN_POINT('Ctrl Pts',(-0.16494109020182,1.95024280322669,-19.4414697309454));
#3141=CARTESIAN_POINT('Ctrl Pts',(-0.809472552806204,1.89573178442664,-19.4044211640111));
#3142=CARTESIAN_POINT('Ctrl Pts',(-1.42430792410006,1.49009789932668,-19.3673725970767));
#3143=CARTESIAN_POINT('Ctrl Pts',(-1.72802809620776,0.91900568740952,-19.3303240301424));
#3144=CARTESIAN_POINT('Ctrl Pts',(-2.03174826831545,0.347913475492373,-19.2932754632081));
#3145=CARTESIAN_POINT('Ctrl Pts',(-2.02435324123697,-0.388637063242002,
-19.2562268962738));
#3146=CARTESIAN_POINT('Ctrl Pts',(-1.7092278266151,-0.953516015334338,-19.2191783293395));
#3147=CARTESIAN_POINT('Ctrl Pts',(-1.39410241199323,-1.51839496742667,-19.1821297624051));
#3148=CARTESIAN_POINT('Ctrl Pts',(-0.771246609827985,-1.91160233287701,
-19.1450811954708));
#3149=CARTESIAN_POINT('Ctrl Pts',(-0.125750596066191,-1.95316137130639,
-19.1080326285365));
#3150=CARTESIAN_POINT('Ctrl Pts',(0.519745417695622,-1.99472040973577,-19.0709840616022));
#3151=CARTESIAN_POINT('Ctrl Pts',(1.18788164305397,-1.68463112114416,-19.0339354946679));
#3152=CARTESIAN_POINT('Ctrl Pts',(1.57284239460991,-1.16482589106365,-18.9968869277335));
#3153=CARTESIAN_POINT('Ctrl Pts',(1.8188154569603,-0.832693111937798,-18.9732145158638));
#3154=CARTESIAN_POINT('Ctrl Pts',(1.94917787408862,-0.414940646250388,-18.949542103994));
#3155=CARTESIAN_POINT('Ctrl Pts',(1.95177638044463,0.00132593711585888,
-18.9258696921242));
#3156=CARTESIAN_POINT('Ctrl Pts',(1.95158753272192,0.00121490267594886,
-18.8241303078758));
#3157=CARTESIAN_POINT('Ctrl Pts',(1.94927502606672,-0.40563357346159,-18.8472615077828));
#3158=CARTESIAN_POINT('Ctrl Pts',(1.82524503181299,-0.813773279809143,-18.8703927076897));
#3159=CARTESIAN_POINT('Ctrl Pts',(1.58965064239856,-1.14178085692561,-18.8935239075967));
#3160=CARTESIAN_POINT('Ctrl Pts',(1.21230599358336,-1.66714100791808,-18.930572474531));
#3161=CARTESIAN_POINT('Ctrl Pts',(0.548759704105261,-1.98693425898054,-18.9676210414654));
#3162=CARTESIAN_POINT('Ctrl Pts',(-0.0972734211666612,-1.9547865795668,
-19.0046696083997));
#3163=CARTESIAN_POINT('Ctrl Pts',(-0.743306546438584,-1.92263890015307,
-19.041718175334));
#3164=CARTESIAN_POINT('Ctrl Pts',(-1.37182650750431,-1.53855029026313,-19.0787667422683));
#3165=CARTESIAN_POINT('Ctrl Pts',(-1.69515056035885,-0.978323702991506,
-19.1158153092026));
#3166=CARTESIAN_POINT('Ctrl Pts',(-2.01847461321338,-0.418097115719913,
-19.152863876137));
#3167=CARTESIAN_POINT('Ctrl Pts',(-2.03660275785673,0.318267448933388,-19.1899124430713));
#3168=CARTESIAN_POINT('Ctrl Pts',(-1.74123747835023,0.893725200555781,-19.2269610100056));
#3169=CARTESIAN_POINT('Ctrl Pts',(-1.44587219884372,1.46918295217821,-19.2640095769399));
#3170=CARTESIAN_POINT('Ctrl Pts',(-0.837013495187343,1.88373389076974,-19.3010581438743));
#3171=CARTESIAN_POINT('Ctrl Pts',(-0.193344867396263,1.947632011539,-19.3381067108086));
#3172=CARTESIAN_POINT('Ctrl Pts',(0.450323760394817,2.01153013230827,-19.3751552777429));
#3173=CARTESIAN_POINT('Ctrl Pts',(1.12880231232058,1.72477543525525,-19.4122038446772));
#3174=CARTESIAN_POINT('Ctrl Pts',(1.53154126941973,1.21861972336909,-19.4492524116115));
#3175=CARTESIAN_POINT('Ctrl Pts',(1.80286301766005,0.877627002873541,-19.4742117103663));
#3176=CARTESIAN_POINT('Ctrl Pts',(1.94903758692042,0.437056932636226,-19.499171009121));
#3177=CARTESIAN_POINT('Ctrl Pts',(1.95229122280615,-0.00154771713231522,
-19.5241303078758));
#3178=CARTESIAN_POINT('Origin',(0.,0.,-16.5));
#3179=CARTESIAN_POINT('',(1.95704293825908,-0.000509794827265875,-20.3258696921243));
#3180=CARTESIAN_POINT('',(1.95713288298432,-0.000339288382369827,-20.2241303078758));
#3181=CARTESIAN_POINT('',(1.954,-2.39295984553393E-16,-16.5));
#3182=CARTESIAN_POINT('Ctrl Pts',(1.95704293825908,-0.000509794827265875,
-20.3258696921243));
#3183=CARTESIAN_POINT('Ctrl Pts',(1.95488299294222,0.618726006098614,-20.2904096736049));
#3184=CARTESIAN_POINT('Ctrl Pts',(1.63604429578827,1.23987656036275,-20.2549496550855));
#3185=CARTESIAN_POINT('Ctrl Pts',(1.13071436296528,1.59754110562404,-20.2194896365661));
#3186=CARTESIAN_POINT('Ctrl Pts',(0.602746510103628,1.97122841314494,-20.1824410696318));
#3187=CARTESIAN_POINT('Ctrl Pts',(-0.128795824578433,2.05729347634293,-20.1453925026975));
#3188=CARTESIAN_POINT('Ctrl Pts',(-0.729075055588281,1.8163430617847,-20.1083439357632));
#3189=CARTESIAN_POINT('Ctrl Pts',(-1.32935428659813,1.57539264722646,-20.0712953688288));
#3190=CARTESIAN_POINT('Ctrl Pts',(-1.79837041393577,1.007426754912,-20.0342468018945));
#3191=CARTESIAN_POINT('Ctrl Pts',(-1.92144792233783,0.372411649278203,-19.9971982349602));
#3192=CARTESIAN_POINT('Ctrl Pts',(-2.04452543073989,-0.262603456355594,
-19.9601496680259));
#3193=CARTESIAN_POINT('Ctrl Pts',(-1.82166432020637,-0.964667775308724,
-19.9231011010915));
#3194=CARTESIAN_POINT('Ctrl Pts',(-1.35487136821746,-1.41243623939596,-19.8860525341572));
#3195=CARTESIAN_POINT('Ctrl Pts',(-0.888078416228554,-1.86020470348319,
-19.8490039672229));
#3196=CARTESIAN_POINT('Ctrl Pts',(-0.177353622784255,-2.05367731270453,
-19.8119554002886));
#3197=CARTESIAN_POINT('Ctrl Pts',(0.451993918568497,-1.90429883483437,-19.7749068333543));
#3198=CARTESIAN_POINT('Ctrl Pts',(1.08134145992125,-1.75492035696421,-19.7378582664199));
#3199=CARTESIAN_POINT('Ctrl Pts',(1.62931174918245,-1.26269079200255,-19.7008096994856));
#3200=CARTESIAN_POINT('Ctrl Pts',(1.84509080077784,-0.652910783843742,-19.6637611325513));
#3201=CARTESIAN_POINT('Ctrl Pts',(1.91865351188469,-0.445026514044326,-19.6511306524089));
#3202=CARTESIAN_POINT('Ctrl Pts',(1.95360753301902,-0.223480027717406,-19.6385001722666));
#3203=CARTESIAN_POINT('Ctrl Pts',(1.95206410863664,-0.00146214650111401,
-19.6258696921242));
#3204=CARTESIAN_POINT('Ctrl Pts',(1.95229122280615,-0.00154771713231522,
-19.5241303078758));
#3205=CARTESIAN_POINT('Ctrl Pts',(1.95386715156793,-0.213989953108289,-19.5362195760554));
#3206=CARTESIAN_POINT('Ctrl Pts',(1.92191326909651,-0.425971093737652,-19.5483088442349));
#3207=CARTESIAN_POINT('Ctrl Pts',(1.85440989768596,-0.625952571273819,-19.5603981124145));
#3208=CARTESIAN_POINT('Ctrl Pts',(1.64754020658053,-1.23881242731127,-19.5974466793488));
#3209=CARTESIAN_POINT('Ctrl Pts',(1.10680146209717,-1.73897541266684,-19.6344952462831));
#3210=CARTESIAN_POINT('Ctrl Pts',(0.479697666398372,-1.89750964133832,-19.6715438132174));
#3211=CARTESIAN_POINT('Ctrl Pts',(-0.147406129300404,-2.0560438700098,-19.7085923801518));
#3212=CARTESIAN_POINT('Ctrl Pts',(-0.860874976214586,-1.8729493419972,-19.7456409470861));
#3213=CARTESIAN_POINT('Ctrl Pts',(-1.33414378754198,-1.43203109054346,-19.7826895140204));
#3214=CARTESIAN_POINT('Ctrl Pts',(-1.80741259886939,-0.991112839089701,
-19.8197380809547));
#3215=CARTESIAN_POINT('Ctrl Pts',(-2.04048137460999,-0.292370864194741,
-19.8567866478891));
#3216=CARTESIAN_POINT('Ctrl Pts',(-1.9266711401879,0.344370451239627,-19.8938352148234));
#3217=CARTESIAN_POINT('Ctrl Pts',(-1.81286090576582,0.981111766674012,-19.9308837817577));
#3218=CARTESIAN_POINT('Ctrl Pts',(-1.35217166118106,1.55585242264783,-19.967932348692));
#3219=CARTESIAN_POINT('Ctrl Pts',(-0.75546758613449,1.80552524668587,-20.0049809156263));
#3220=CARTESIAN_POINT('Ctrl Pts',(-0.158763511087949,2.0551980707239,-20.0420294825607));
#3221=CARTESIAN_POINT('Ctrl Pts',(0.573955394420374,1.97980306282619,-20.079078049495));
#3222=CARTESIAN_POINT('Ctrl Pts',(1.10731301128753,1.6138496166475,-20.1161266164293));
#3223=CARTESIAN_POINT('Ctrl Pts',(1.62559299032957,1.25824141228751,-20.1521278469115));
#3224=CARTESIAN_POINT('Ctrl Pts',(1.95562396236206,0.628270327062089,-20.1881290773936));
#3225=CARTESIAN_POINT('Ctrl Pts',(1.95713288298432,-0.000339288382369827,
-20.2241303078758));
#3226=CARTESIAN_POINT('Origin',(0.,0.,-16.5));
#3227=CARTESIAN_POINT('',(1.95356439870552,0.00178090173797545,-21.0258696921242));
#3228=CARTESIAN_POINT('',(1.95328565492086,0.00175964657469605,-20.9241303078758));
#3229=CARTESIAN_POINT('',(1.954,-2.39295984553393E-16,-16.5));
#3230=CARTESIAN_POINT('Ctrl Pts',(1.95356439870552,0.00178090173797545,
-21.0258696921242));
#3231=CARTESIAN_POINT('Ctrl Pts',(1.95505385232687,0.167629070144682,-21.0164163088118));
#3232=CARTESIAN_POINT('Ctrl Pts',(1.93569480450862,0.333134650945657,-21.0069629254993));
#3233=CARTESIAN_POINT('Ctrl Pts',(1.89413271156158,0.492862887390428,-20.9975095421868));
#3234=CARTESIAN_POINT('Ctrl Pts',(1.73124753790649,1.11885064898079,-20.9604609752525));
#3235=CARTESIAN_POINT('Ctrl Pts',(1.22734159199905,1.65610308519163,-20.9234124083182));
#3236=CARTESIAN_POINT('Ctrl Pts',(0.613059967422753,1.85871192795389,-20.8863638413839));
#3237=CARTESIAN_POINT('Ctrl Pts',(-0.00122165715354436,2.06132077071615,
-20.8493152744496));
#3238=CARTESIAN_POINT('Ctrl Pts',(-0.725878960398717,1.92928602002982,-20.8122667075152));
#3239=CARTESIAN_POINT('Ctrl Pts',(-1.22922573602686,1.52304190509115,-20.7752181405809));
#3240=CARTESIAN_POINT('Ctrl Pts',(-1.73257251165501,1.11679779015248,-20.7381695736466));
#3241=CARTESIAN_POINT('Ctrl Pts',(-2.01460875966615,0.436344310961462,-20.7011210067123));
#3242=CARTESIAN_POINT('Ctrl Pts',(-1.94624237994758,-0.206865060535671,
-20.664072439778));
#3243=CARTESIAN_POINT('Ctrl Pts',(-1.87787600022901,-0.850074432032822,
-20.6270238728436));
#3244=CARTESIAN_POINT('Ctrl Pts',(-1.45910699278075,-1.45603969583605,-20.5899753059093));
#3245=CARTESIAN_POINT('Ctrl Pts',(-0.881612033969095,-1.74740172150978,
-20.552926738975));
#3246=CARTESIAN_POINT('Ctrl Pts',(-0.304117075157452,-2.03876374718349,
-20.5158781720407));
#3247=CARTESIAN_POINT('Ctrl Pts',(0.432103835017578,-2.01552253472769,-20.4788296051063));
#3248=CARTESIAN_POINT('Ctrl Pts',(0.990071658891222,-1.68831592571854,-20.441781038172));
#3249=CARTESIAN_POINT('Ctrl Pts',(1.54803948276487,-1.36110931670939,-20.4047324712377));
#3250=CARTESIAN_POINT('Ctrl Pts',(1.92775422033714,-0.729937311146893,-20.3676839043034));
#3251=CARTESIAN_POINT('Ctrl Pts',(1.95541490360265,-0.0836965324437523,
-20.3306353373691));
#3252=CARTESIAN_POINT('Ctrl Pts',(1.95660092341917,-0.0559873698598984,
-20.3290467889541));
#3253=CARTESIAN_POINT('Ctrl Pts',(1.95713970012928,-0.0282505036907062,
-20.3274582405392));
#3254=CARTESIAN_POINT('Ctrl Pts',(1.95704293825908,-0.000509794827265875,
-20.3258696921243));
#3255=CARTESIAN_POINT('Ctrl Pts',(1.95713288298432,-0.000339288382369827,
-20.2241303078758));
#3256=CARTESIAN_POINT('Ctrl Pts',(1.95717678002755,-0.0186266012216118,
-20.225177644328));
#3257=CARTESIAN_POINT('Ctrl Pts',(1.95694264027486,-0.0369127618134044,
-20.2262249807801));
#3258=CARTESIAN_POINT('Ctrl Pts',(1.95642701005616,-0.055190981533889,-20.2272723172323));
#3259=CARTESIAN_POINT('Ctrl Pts',(1.93818706373165,-0.701766249076943,-20.2643208841666));
#3260=CARTESIAN_POINT('Ctrl Pts',(1.56771084285664,-1.33840489970336,-20.3013694511009));
#3261=CARTESIAN_POINT('Ctrl Pts',(1.01457071173473,-1.67370814690316,-20.3384180180352));
#3262=CARTESIAN_POINT('Ctrl Pts',(0.461430580612829,-2.00901139410297,-20.3754665849695));
#3263=CARTESIAN_POINT('Ctrl Pts',(-0.274373460755972,-2.04297923787615,
-20.4125151519038));
#3264=CARTESIAN_POINT('Ctrl Pts',(-0.856053181633493,-1.76006410120061,
-20.4495637188382));
#3265=CARTESIAN_POINT('Ctrl Pts',(-1.43773290251103,-1.47714896452506,-20.4866122857725));
#3266=CARTESIAN_POINT('Ctrl Pts',(-1.86528830289728,-0.877350847400769,
-20.5236608527068));
#3267=CARTESIAN_POINT('Ctrl Pts',(-1.9430210463564,-0.235206087370265,-20.5607094196411));
#3268=CARTESIAN_POINT('Ctrl Pts',(-2.02075378981551,0.406938672660202,-20.5977579865755));
#3269=CARTESIAN_POINT('Ctrl Pts',(-1.74866387634754,1.09143007559687,-20.6348065535098));
#3270=CARTESIAN_POINT('Ctrl Pts',(-1.25129082382209,1.50496643296074,-20.6718551204441));
#3271=CARTESIAN_POINT('Ctrl Pts',(-0.75391777129662,1.91850279032462,-20.7089036873784));
#3272=CARTESIAN_POINT('Ctrl Pts',(-0.0312615797136534,2.06108410211569,
-20.7459522543127));
#3273=CARTESIAN_POINT('Ctrl Pts',(0.585907482605839,1.86744882445181,-20.7830008212471));
#3274=CARTESIAN_POINT('Ctrl Pts',(1.20307654492533,1.67381354678792,-20.8200493881814));
#3275=CARTESIAN_POINT('Ctrl Pts',(1.71475847798135,1.14396167966909,-20.8570979551157));
#3276=CARTESIAN_POINT('Ctrl Pts',(1.88674900557279,0.520414142861263,-20.89414652205));
#3277=CARTESIAN_POINT('Ctrl Pts',(1.93314690586142,0.352199667080615,-20.9041411173253));
#3278=CARTESIAN_POINT('Ctrl Pts',(1.9548234577066,0.17716640442234,-20.9141357126005));
#3279=CARTESIAN_POINT('Ctrl Pts',(1.95328565492086,0.00175964657469605,
-20.9241303078758));
#3280=CARTESIAN_POINT('Origin',(0.,0.,-16.5));
#3281=CARTESIAN_POINT('',(1.95094292418262,-0.000560502125898643,-21.7258696921242));
#3282=CARTESIAN_POINT('',(1.95103540826796,-0.000707041736234569,-21.6241303078758));
#3283=CARTESIAN_POINT('',(1.954,-2.39295984553393E-16,-16.5));
#3284=CARTESIAN_POINT('Ctrl Pts',(1.95094292418262,-0.000560502125898643,
-21.7258696921242));
#3285=CARTESIAN_POINT('Ctrl Pts',(1.95001584290671,0.36022419395414,-21.7053743770844));
#3286=CARTESIAN_POINT('Ctrl Pts',(1.8542329621919,0.72146653217756,-21.6848790620445));
#3287=CARTESIAN_POINT('Ctrl Pts',(1.66662232108731,1.02616889137607,-21.6643837470046));
#3288=CARTESIAN_POINT('Ctrl Pts',(1.32748601695971,1.57696724347986,-21.6273351800703));
#3289=CARTESIAN_POINT('Ctrl Pts',(0.688290045670955,1.94301354222309,-21.590286613136));
#3290=CARTESIAN_POINT('Ctrl Pts',(0.0416037166595301,1.95676306320785,-21.5532380462017));
#3291=CARTESIAN_POINT('Ctrl Pts',(-0.605082612351877,1.97051258419261,-21.5161894792673));
#3292=CARTESIAN_POINT('Ctrl Pts',(-1.25925929908595,1.63196532741893,-21.479140912333));
#3293=CARTESIAN_POINT('Ctrl Pts',(-1.62150014236897,1.09607930510153,-21.4420923453987));
#3294=CARTESIAN_POINT('Ctrl Pts',(-1.983740985652,0.560193282784131,-21.4050437784643));
#3295=CARTESIAN_POINT('Ctrl Pts',(-2.05404598548397,-0.173031505076988,
-21.36799521153));
#3296=CARTESIAN_POINT('Ctrl Pts',(-1.80023551906558,-0.767987389655029,
-21.3309466445957));
#3297=CARTESIAN_POINT('Ctrl Pts',(-1.54642505264719,-1.36294327423307,-21.2938980776614));
#3298=CARTESIAN_POINT('Ctrl Pts',(-0.968499119978434,-1.81963025552803,
-21.2568495107271));
#3299=CARTESIAN_POINT('Ctrl Pts',(-0.330982841088743,-1.92901604806162,
-21.2198009437928));
#3300=CARTESIAN_POINT('Ctrl Pts',(0.306533437800949,-2.03840184059521,-21.1827523768584));
#3301=CARTESIAN_POINT('Ctrl Pts',(1.00364006291158,-1.80048644436743,-21.1457038099241));
#3302=CARTESIAN_POINT('Ctrl Pts',(1.44126117476551,-1.32416720276859,-21.1086552429898));
#3303=CARTESIAN_POINT('Ctrl Pts',(1.76721804537318,-0.969386491335287,-21.0810600593679));
#3304=CARTESIAN_POINT('Ctrl Pts',(1.94921656419814,-0.482343195345581,-21.0534648757461));
#3305=CARTESIAN_POINT('Ctrl Pts',(1.95356439870552,0.00178090173797545,
-21.0258696921242));
#3306=CARTESIAN_POINT('Ctrl Pts',(1.95328565492086,0.00175964657469605,
-20.9241303078758));
#3307=CARTESIAN_POINT('Ctrl Pts',(1.94912303784262,-0.473041916162205,-20.9511842795349));
#3308=CARTESIAN_POINT('Ctrl Pts',(1.77486671172946,-0.950580112463851,-20.9782382511939));
#3309=CARTESIAN_POINT('Ctrl Pts',(1.46040550723494,-1.30302281045184,-21.005292222853));
#3310=CARTESIAN_POINT('Ctrl Pts',(1.02977235917878,-1.78566902046029,-21.0423407897873));
#3311=CARTESIAN_POINT('Ctrl Pts',(0.336206940939559,-2.03371823398038,-21.0793893567216));
#3312=CARTESIAN_POINT('Ctrl Pts',(-0.302835749987104,-1.93363471179271,
-21.1164379236559));
#3313=CARTESIAN_POINT('Ctrl Pts',(-0.941878440913767,-1.83355118960504,
-21.1534864905902));
#3314=CARTESIAN_POINT('Ctrl Pts',(-1.52639840452787,-1.38533493170965,-21.1905350575246));
#3315=CARTESIAN_POINT('Ctrl Pts',(-1.7888523367583,-0.794141050062462,-21.2275836244589));
#3316=CARTESIAN_POINT('Ctrl Pts',(-2.05130626898873,-0.202947168415271,
-21.2646321913932));
#3317=CARTESIAN_POINT('Ctrl Pts',(-1.99169416983543,0.531224336983711,-21.3016807583275));
#3318=CARTESIAN_POINT('Ctrl Pts',(-1.63730136565661,1.07233247089648,-21.3387293252619));
#3319=CARTESIAN_POINT('Ctrl Pts',(-1.28290856147779,1.61344060480924,-21.3757778921962));
#3320=CARTESIAN_POINT('Ctrl Pts',(-0.633735052273483,1.96148536723579,-21.4128264591305));
#3321=CARTESIAN_POINT('Ctrl Pts',(0.0130829880366256,1.9571615992411,-21.4498750260648));
#3322=CARTESIAN_POINT('Ctrl Pts',(0.659901028346734,1.9528378312464,-21.4869235929991));
#3323=CARTESIAN_POINT('Ctrl Pts',(1.30436359976263,1.59614553283041,-21.5239721599335));
#3324=CARTESIAN_POINT('Ctrl Pts',(1.65149079323084,1.05034796614917,-21.5610207268678));
#3325=CARTESIAN_POINT('Ctrl Pts',(1.84859289954719,0.740438941332128,-21.5820572538704));
#3326=CARTESIAN_POINT('Ctrl Pts',(1.94983182337288,0.369560942803343,-21.6030937808731));
#3327=CARTESIAN_POINT('Ctrl Pts',(1.95103540826796,-0.000707041736234569,
-21.6241303078758));
#3328=CARTESIAN_POINT('Origin',(0.,0.,-16.5));
#3329=CARTESIAN_POINT('',(1.95561916382771,-0.00149015440187944,-22.4258696921242));
#3330=CARTESIAN_POINT('',(1.9558749425092,-0.00139053766908936,-22.3241303078758));
#3331=CARTESIAN_POINT('',(1.954,-2.39295984553393E-16,-16.5));
#3332=CARTESIAN_POINT('Ctrl Pts',(1.95561916382771,-0.00149015440187944,
-22.4258696921242));
#3333=CARTESIAN_POINT('Ctrl Pts',(1.95095307862356,0.550298263860554,-22.3943324453569));
#3334=CARTESIAN_POINT('Ctrl Pts',(1.70623367830728,1.10570822730292,-22.3627951985897));
#3335=CARTESIAN_POINT('Ctrl Pts',(1.29284993734719,1.46941879471981,-22.3312579518224));
#3336=CARTESIAN_POINT('Ctrl Pts',(0.807224945745031,1.89668993227648,-22.294209384888));
#3337=CARTESIAN_POINT('Ctrl Pts',(0.0888344877373864,2.05940604204719,-22.2571608179537));
#3338=CARTESIAN_POINT('Ctrl Pts',(-0.533503656765915,1.88308958974124,-22.2201122510194));
#3339=CARTESIAN_POINT('Ctrl Pts',(-1.1558418012692,1.70677313743531,-22.1830636840851));
#3340=CARTESIAN_POINT('Ctrl Pts',(-1.68212763226813,1.19142412305275,-22.1460151171508));
#3341=CARTESIAN_POINT('Ctrl Pts',(-1.87147245668764,0.572925299348869,-22.1089665502164));
#3342=CARTESIAN_POINT('Ctrl Pts',(-2.06081728110716,-0.0455735243550323,
-22.0719179832821));
#3343=CARTESIAN_POINT('Ctrl Pts',(-1.9132210989472,-0.767222157380298,-22.0348694163478));
#3344=CARTESIAN_POINT('Ctrl Pts',(-1.49624083332674,-1.26171150563833,-21.9978208494135));
#3345=CARTESIAN_POINT('Ctrl Pts',(-1.07926056770629,-1.75620085389635,-21.9607722824792));
#3346=CARTESIAN_POINT('Ctrl Pts',(-0.392896218625366,-2.0235309173872,-21.9237237155448));
#3347=CARTESIAN_POINT('Ctrl Pts',(0.248693250697141,-1.94134083092901,-21.8866751486105));
#3348=CARTESIAN_POINT('Ctrl Pts',(0.890282720019685,-1.85915074447082,-21.8496265816762));
#3349=CARTESIAN_POINT('Ctrl Pts',(1.48709730958379,-1.42744050806355,-21.8125780147419));
#3350=CARTESIAN_POINT('Ctrl Pts',(1.76596628588258,-0.843810187127729,-21.7755294478076));
#3351=CARTESIAN_POINT('Ctrl Pts',(1.89056458460768,-0.583044912918561,-21.7589761959131));
#3352=CARTESIAN_POINT('Ctrl Pts',(1.95169169090599,-0.291951970969067,-21.7424229440187));
#3353=CARTESIAN_POINT('Ctrl Pts',(1.95094292418262,-0.000560502125898643,
-21.7258696921242));
#3354=CARTESIAN_POINT('Ctrl Pts',(1.95103540826796,-0.000707041736234569,
-21.6241303078758));
#3355=CARTESIAN_POINT('Ctrl Pts',(1.95195152191157,-0.28253805657553,-21.6401423478074));
#3356=CARTESIAN_POINT('Ctrl Pts',(1.894911597002,-0.564015656365162,-21.6561543877391));
#3357=CARTESIAN_POINT('Ctrl Pts',(1.778075800339,-0.817984803262727,-21.6721664276707));
#3358=CARTESIAN_POINT('Ctrl Pts',(1.50774179845842,-1.4056171710468,-21.709214994605));
#3359=CARTESIAN_POINT('Ctrl Pts',(0.917281979176735,-1.84597907166843,-21.7462635615394));
#3360=CARTESIAN_POINT('Ctrl Pts',(0.276958405050607,-1.93751044693745,-21.7833121284737));
#3361=CARTESIAN_POINT('Ctrl Pts',(-0.36336516907552,-2.02904182220647,-21.820360695408));
#3362=CARTESIAN_POINT('Ctrl Pts',(-1.05355249804607,-1.77174267212288,-21.8574092623423));
#3363=CARTESIAN_POINT('Ctrl Pts',(-1.47769478504408,-1.28338256664701,-21.8944578292766));
#3364=CARTESIAN_POINT('Ctrl Pts',(-1.90183707204209,-0.795022461171149,
-21.931506396211));
#3365=CARTESIAN_POINT('Ctrl Pts',(-2.05993431706753,-0.0756014003029708,
-21.9685549631453));
#3366=CARTESIAN_POINT('Ctrl Pts',(-1.8796231075226,0.545591114101976,-22.0056035300796));
#3367=CARTESIAN_POINT('Ctrl Pts',(-1.69931189797767,1.16678362850691,-22.042652097014));
#3368=CARTESIAN_POINT('Ctrl Pts',(-1.18059223386242,1.68974759644864,-22.0797006639482));
#3369=CARTESIAN_POINT('Ctrl Pts',(-0.560889663426705,1.87511478997447,-22.1167492308826));
#3370=CARTESIAN_POINT('Ctrl Pts',(0.0588129070090076,2.06048198350031,-22.1537977978169));
#3371=CARTESIAN_POINT('Ctrl Pts',(0.779498383765159,1.90825240261023,-22.1908463647512));
#3372=CARTESIAN_POINT('Ctrl Pts',(1.27129852341127,1.48810374453271,-22.2278949316856));
#3373=CARTESIAN_POINT('Ctrl Pts',(1.69712310418537,1.12431851601,-22.2599733904157));
#3374=CARTESIAN_POINT('Ctrl Pts',(1.95135367183875,0.559675905242274,-22.2920518491457));
#3375=CARTESIAN_POINT('Ctrl Pts',(1.9558749425092,-0.00139053766908936,
-22.3241303078758));
#3376=CARTESIAN_POINT('Origin',(0.,0.,-16.5));
#3377=CARTESIAN_POINT('',(1.95560981966665,0.00149345564179747,-23.1258696921242));
#3378=CARTESIAN_POINT('',(1.9553422191137,0.0015788674175047,-23.0241303078758));
#3379=CARTESIAN_POINT('',(1.954,-2.39295984553393E-16,-16.5));
#3380=CARTESIAN_POINT('Ctrl Pts',(1.95560981966665,0.00149345564179747,
-23.1258696921242));
#3381=CARTESIAN_POINT('Ctrl Pts',(1.95642932935228,0.0982604741750717,-23.1203390805639));
#3382=CARTESIAN_POINT('Ctrl Pts',(1.94986768773119,0.194915956490131,-23.1148084690035));
#3383=CARTESIAN_POINT('Ctrl Pts',(1.93554042562724,0.290406293900744,-23.1092778574431));
#3384=CARTESIAN_POINT('Ctrl Pts',(1.83956468709475,0.930078800008908,-23.0722292905088));
#3385=CARTESIAN_POINT('Ctrl Pts',(1.39511310701002,1.5174663854204,-23.0351807235744));
#3386=CARTESIAN_POINT('Ctrl Pts',(0.805617649442003,1.78371319378481,-22.9981321566401));
#3387=CARTESIAN_POINT('Ctrl Pts',(0.216122191873987,2.04996000214921,-22.9610835897058));
#3388=CARTESIAN_POINT('Ctrl Pts',(-0.518417143177329,1.99506603346653,-22.9240350227715));
#3389=CARTESIAN_POINT('Ctrl Pts',(-1.06179099948262,1.64415705703322,-22.8869864558372));
#3390=CARTESIAN_POINT('Ctrl Pts',(-1.6051648557879,1.29324808059993,-22.8499378889029));
#3391=CARTESIAN_POINT('Ctrl Pts',(-1.95737323334716,0.64632409641607,-22.8128893219685));
#3392=CARTESIAN_POINT('Ctrl Pts',(-1.95720522591336,-0.000508361977161288,
-22.7758407550342));
#3393=CARTESIAN_POINT('Ctrl Pts',(-1.95703721847955,-0.647340820370429,
-22.7387921880999));
#3394=CARTESIAN_POINT('Ctrl Pts',(-1.60449282605259,-1.29408175297305,-22.7017436211656));
#3395=CARTESIAN_POINT('Ctrl Pts',(-1.06093675378044,-1.64470841161961,-22.6646950542313));
#3396=CARTESIAN_POINT('Ctrl Pts',(-0.517380681508297,-1.99533507026615,
-22.6276464872969));
#3397=CARTESIAN_POINT('Ctrl Pts',(0.217187070609042,-2.04984745495666,-22.5905979203626));
#3398=CARTESIAN_POINT('Ctrl Pts',(0.806544139437088,-1.78329445294773,-22.5535493534283));
#3399=CARTESIAN_POINT('Ctrl Pts',(1.39590120826513,-1.51674145093881,-22.5165007864939));
#3400=CARTESIAN_POINT('Ctrl Pts',(1.8400475938039,-0.929123062230446,-22.4794522195596));
#3401=CARTESIAN_POINT('Ctrl Pts',(1.93569102397495,-0.28940078520496,-22.4424036526253));
#3402=CARTESIAN_POINT('Ctrl Pts',(1.94991887701122,-0.194236124911333,-22.4368923324583));
#3403=CARTESIAN_POINT('Ctrl Pts',(1.95643458978028,-0.0979184399762205,
-22.4313810122913));
#3404=CARTESIAN_POINT('Ctrl Pts',(1.95561916382771,-0.00149015440187944,
-22.4258696921242));
#3405=CARTESIAN_POINT('Ctrl Pts',(1.9558749425092,-0.00139053766908936,
-22.3241303078758));
#3406=CARTESIAN_POINT('Ctrl Pts',(1.95657545011906,-0.0883199302093877,
-22.32910041608));
#3407=CARTESIAN_POINT('Ctrl Pts',(1.95128164478322,-0.17516347624923,-22.3340705242843));
#3408=CARTESIAN_POINT('Ctrl Pts',(1.93970299510894,-0.261160833367803,-22.3390406324885));
#3409=CARTESIAN_POINT('Ctrl Pts',(1.85339252462443,-0.902209017925726,-22.3760891994228));
#3410=CARTESIAN_POINT('Ctrl Pts',(1.41785678111939,-1.4962376517766,-22.4131377663571));
#3411=CARTESIAN_POINT('Ctrl Pts',(0.832446820352401,-1.77135117393619,-22.4501863332915));
#3412=CARTESIAN_POINT('Ctrl Pts',(0.247036859585391,-2.04646469609579,-22.4872349002258));
#3413=CARTESIAN_POINT('Ctrl Pts',(-0.488247318443589,-2.00266310656408,
-22.5242834671601));
#3414=CARTESIAN_POINT('Ctrl Pts',(-1.03685543202165,-1.65999503107905,-22.5613320340944));
#3415=CARTESIAN_POINT('Ctrl Pts',(-1.58546354559971,-1.31732695559403,-22.5983806010287));
#3416=CARTESIAN_POINT('Ctrl Pts',(-1.94739559472686,-0.675792394155684,
-22.6354291679631));
#3417=CARTESIAN_POINT('Ctrl Pts',(-1.95699000700099,-0.0290310629883013,
-22.6724777348974));
#3418=CARTESIAN_POINT('Ctrl Pts',(-1.96658441927511,0.617730268179081,-22.7095263018317));
#3419=CARTESIAN_POINT('Ctrl Pts',(-1.62384119469623,1.2697183690755,-22.746574868766));
#3420=CARTESIAN_POINT('Ctrl Pts',(-1.08563890108068,1.62850878615385,-22.7836234357003));
#3421=CARTESIAN_POINT('Ctrl Pts',(-0.547436607465128,1.98729920323219,-22.8206720026347));
#3422=CARTESIAN_POINT('Ctrl Pts',(0.186224755187087,2.05289193649246,-22.857720569569));
#3423=CARTESIAN_POINT('Ctrl Pts',(0.779537691406191,1.79526423620509,-22.8947691365033));
#3424=CARTESIAN_POINT('Ctrl Pts',(1.37285062762528,1.53763653591773,-22.9318177034376));
#3425=CARTESIAN_POINT('Ctrl Pts',(1.82581513741126,0.956788402082767,-22.9688662703719));
#3426=CARTESIAN_POINT('Ctrl Pts',(1.93110276473364,0.318582488781198,-23.0059148373063));
#3427=CARTESIAN_POINT('Ctrl Pts',(1.94835816609394,0.213988060503188,-23.0119866608294));
#3428=CARTESIAN_POINT('Ctrl Pts',(1.95627519335722,0.107853039712272,-23.0180584843526));
#3429=CARTESIAN_POINT('Ctrl Pts',(1.9553422191137,0.0015788674175047,-23.0241303078758));
#3430=CARTESIAN_POINT('Origin',(0.,0.,-16.5));
#3431=CARTESIAN_POINT('',(1.95094002902354,0.000555195100540307,-23.8258696921242));
#3432=CARTESIAN_POINT('',(1.95087023135742,0.000404354957191717,-23.7241303078758));
#3433=CARTESIAN_POINT('',(1.954,-2.39295984553393E-16,-16.5));
#3434=CARTESIAN_POINT('Ctrl Pts',(1.95094002902354,0.000555195100540307,
-23.8258696921242));
#3435=CARTESIAN_POINT('Ctrl Pts',(1.95168250815575,0.292287336530505,-23.8092971488364));
#3436=CARTESIAN_POINT('Ctrl Pts',(1.89040681732516,0.583723115771224,-23.7927246055486));
#3437=CARTESIAN_POINT('Ctrl Pts',(1.76552770727981,0.844727452851945,-23.7761520622609));
#3438=CARTESIAN_POINT('Ctrl Pts',(1.48635558584553,1.42821282890814,-23.7391034953265));
#3439=CARTESIAN_POINT('Ctrl Pts',(0.889316813096676,1.85961297537299,-23.7020549283922));
#3440=CARTESIAN_POINT('Ctrl Pts',(0.247684734450212,1.94146975951077,-23.6650063614579));
#3441=CARTESIAN_POINT('Ctrl Pts',(-0.393947344196234,2.02332654364854,-23.6279577945236));
#3442=CARTESIAN_POINT('Ctrl Pts',(-1.08017272874028,1.75563996545925,-23.5909092275893));
#3443=CARTESIAN_POINT('Ctrl Pts',(-1.49689606205633,1.26093407209684,-23.553860660655));
#3444=CARTESIAN_POINT('Ctrl Pts',(-1.9136193953724,0.766228178734398,-23.5168120937206));
#3445=CARTESIAN_POINT('Ctrl Pts',(-2.06084067746042,0.0445029701988002,
-23.4797635267863));
#3446=CARTESIAN_POINT('Ctrl Pts',(-1.87117458242685,-0.573897409694598,
-23.442714959852));
#3447=CARTESIAN_POINT('Ctrl Pts',(-1.68150848739328,-1.19229778958798,-23.4056663929176));
#3448=CARTESIAN_POINT('Ctrl Pts',(-1.15495501523813,-1.70737334083917,-23.3686178259833));
#3449=CARTESIAN_POINT('Ctrl Pts',(-0.532525362293354,-1.88336647875255,
-23.331569259049));
#3450=CARTESIAN_POINT('Ctrl Pts',(0.0899042906514272,-2.05935961666594,
-23.2945206921147));
#3451=CARTESIAN_POINT('Ctrl Pts',(0.808210124385844,-1.89627034124152,-23.2574721251803));
#3452=CARTESIAN_POINT('Ctrl Pts',(1.29361309276292,-1.46874699012689,-23.220423558246));
#3453=CARTESIAN_POINT('Ctrl Pts',(1.70655508651965,-1.10504434204237,-23.1889056028721));
#3454=CARTESIAN_POINT('Ctrl Pts',(1.95093958213178,-0.54996428795584,-23.1573876474982));
#3455=CARTESIAN_POINT('Ctrl Pts',(1.95560981966665,0.00149345564179747,
-23.1258696921242));
#3456=CARTESIAN_POINT('Ctrl Pts',(1.9553422191137,0.0015788674175047,-23.0241303078758));
#3457=CARTESIAN_POINT('Ctrl Pts',(1.95058244577047,-0.540602201225403,-23.0551070512869));
#3458=CARTESIAN_POINT('Ctrl Pts',(1.71547884401815,-1.08640504214729,-23.0860837946981));
#3459=CARTESIAN_POINT('Ctrl Pts',(1.31488009311103,-1.44973895266019,-23.1170605381092));
#3460=CARTESIAN_POINT('Ctrl Pts',(0.835759049307359,-1.88429078803168,-23.1541091050435));
#3461=CARTESIAN_POINT('Ctrl Pts',(0.119906216841299,-2.05783076600652,-23.1911576719778));
#3462=CARTESIAN_POINT('Ctrl Pts',(-0.505022132562082,-1.89092711010826,
-23.2282062389122));
#3463=CARTESIAN_POINT('Ctrl Pts',(-1.12995048196552,-1.72402345420999,-23.2652548058465));
#3464=CARTESIAN_POINT('Ctrl Pts',(-1.66395434830628,-1.21667616443855,-23.3023033727809));
#3465=CARTESIAN_POINT('Ctrl Pts',(-1.86261238127796,-0.601105487605961,
-23.3393519397152));
#3466=CARTESIAN_POINT('Ctrl Pts',(-2.06127041424963,0.0144651892266083,
-23.3764005066495));
#3467=CARTESIAN_POINT('Ctrl Pts',(-1.92458261385229,0.738259253120282,-23.4134490735838));
#3468=CARTESIAN_POINT('Ctrl Pts',(-1.51511297793196,1.23898561501823,-23.4504976405181));
#3469=CARTESIAN_POINT('Ctrl Pts',(-1.10564334201162,1.73971197691618,-23.4875462074524));
#3470=CARTESIAN_POINT('Ctrl Pts',(-0.423391870568291,2.01737063681836,-23.5245947743867));
#3471=CARTESIAN_POINT('Ctrl Pts',(0.21936499720034,1.94487318047302,-23.5616433413211));
#3472=CARTESIAN_POINT('Ctrl Pts',(0.862121864968971,1.87237572412768,-23.5986919082554));
#3473=CARTESIAN_POINT('Ctrl Pts',(1.46538412906292,1.44972215153482,-23.6357404751897));
#3474=CARTESIAN_POINT('Ctrl Pts',(1.75302986139742,0.870367161127351,-23.672789042124));
#3475=CARTESIAN_POINT('Ctrl Pts',(1.88590136141455,0.602747106440322,-23.6899027973746));
#3476=CARTESIAN_POINT('Ctrl Pts',(1.95142752156925,0.301690557850957,-23.7070165526252));
#3477=CARTESIAN_POINT('Ctrl Pts',(1.95087023135742,0.000404354957191717,
-23.7241303078758));
#3478=CARTESIAN_POINT('Origin',(0.,0.,-16.5));
#3479=CARTESIAN_POINT('',(1.95357444573957,-0.00178139231580776,-24.5258696921242));
#3480=CARTESIAN_POINT('',(1.95385873351423,-0.00178755979695919,-24.4241303078758));
#3481=CARTESIAN_POINT('',(1.954,-2.39295984553393E-16,-16.5));
#3482=CARTESIAN_POINT('Ctrl Pts',(1.95357444573957,-0.00178139231580776,
-24.5258696921242));
#3483=CARTESIAN_POINT('Ctrl Pts',(1.94922048325485,0.4826748019916,-24.498255217109));
#3484=CARTESIAN_POINT('Ctrl Pts',(1.76694223308938,0.970056486725306,-24.4706407420938));
#3485=CARTESIAN_POINT('Ctrl Pts',(1.44057310536017,1.32491572671148,-24.4430262670786));
#3486=CARTESIAN_POINT('Ctrl Pts',(1.00270461547161,1.80100756976308,-24.4059777001443));
#3487=CARTESIAN_POINT('Ctrl Pts',(0.305474492748545,2.03856080275081,-24.36892913321));
#3488=CARTESIAN_POINT('Ctrl Pts',(-0.331984876674778,1.9288438496762,-24.3318805662757));
#3489=CARTESIAN_POINT('Ctrl Pts',(-0.969444246098101,1.81912689660158,-24.2948319993413));
#3490=CARTESIAN_POINT('Ctrl Pts',(-1.54713286222168,1.36213975746462,-24.257783432407));
#3491=CARTESIAN_POINT('Ctrl Pts',(-1.80063422825662,0.76705210436133,-24.2207348654727));
#3492=CARTESIAN_POINT('Ctrl Pts',(-2.05413559429157,0.171964451258025,-24.1836862985384));
#3493=CARTESIAN_POINT('Ctrl Pts',(-1.98344971023786,-0.561223715811616,
-24.146637731604));
#3494=CARTESIAN_POINT('Ctrl Pts',(-1.62093053515275,-1.09692148989062,-24.1095891646697));
#3495=CARTESIAN_POINT('Ctrl Pts',(-1.25841136006767,-1.63261926396959,-24.0725405977354));
#3496=CARTESIAN_POINT('Ctrl Pts',(-0.604058893951232,-1.97082664505796,
-24.0354920308011));
#3497=CARTESIAN_POINT('Ctrl Pts',(0.042620205238368,-1.95674118699431,-23.9984434638668));
#3498=CARTESIAN_POINT('Ctrl Pts',(0.689299304427987,-1.94265572893066,-23.9613948969324));
#3499=CARTESIAN_POINT('Ctrl Pts',(1.32830503669077,-1.57627743171497,-23.9243463299981));
#3500=CARTESIAN_POINT('Ctrl Pts',(1.66715516776229,-1.02530298028336,-23.8872977630638));
#3501=CARTESIAN_POINT('Ctrl Pts',(1.85443105642894,-0.720790098148178,-23.8668217394173));
#3502=CARTESIAN_POINT('Ctrl Pts',(1.95002266709519,-0.359891244690902,-23.8463457157708));
#3503=CARTESIAN_POINT('Ctrl Pts',(1.95094002902354,0.000555195100540307,
-23.8258696921242));
#3504=CARTESIAN_POINT('Ctrl Pts',(1.95087023135742,0.000404354957191717,
-23.7241303078758));
#3505=CARTESIAN_POINT('Ctrl Pts',(1.95022107661239,-0.350546306055043,-23.7440651195595));
#3506=CARTESIAN_POINT('Ctrl Pts',(1.85990622010637,-0.701808574803445,-23.7639999312433));
#3507=CARTESIAN_POINT('Ctrl Pts',(1.68192010556683,-1.00089832081487,-23.783934742927));
#3508=CARTESIAN_POINT('Ctrl Pts',(1.35113541682667,-1.55675240412753,-23.8209833098613));
#3509=CARTESIAN_POINT('Ctrl Pts',(0.717536838771291,-1.93240416253079,-23.8580318767956));
#3510=CARTESIAN_POINT('Ctrl Pts',(0.0711316723996527,-1.95591231278439,
-23.8950804437299));
#3511=CARTESIAN_POINT('Ctrl Pts',(-0.575273493972004,-1.97942046303798,
-23.9321290106643));
#3512=CARTESIAN_POINT('Ctrl Pts',(-1.23448524865992,-1.65078500514189,-23.9691775775986));
#3513=CARTESIAN_POINT('Ctrl Pts',(-1.60477276652463,-1.1204271765451,-24.0062261445329));
#3514=CARTESIAN_POINT('Ctrl Pts',(-1.97506028438931,-0.590069347948352,
-24.0432747114673));
#3515=CARTESIAN_POINT('Ctrl Pts',(-2.05642356543084,0.142010851349061,-24.0803232784016));
#3516=CARTESIAN_POINT('Ctrl Pts',(-1.81162145041605,0.740729647383165,-24.1173718453359));
#3517=CARTESIAN_POINT('Ctrl Pts',(-1.56681933540124,1.3394484434173,-24.1544204122702));
#3518=CARTESIAN_POINT('Ctrl Pts',(-0.995851824330074,1.80480583618812,-24.1914689792045));
#3519=CARTESIAN_POINT('Ctrl Pts',(-0.360059066279346,1.92380096655293,-24.2285175461388));
#3520=CARTESIAN_POINT('Ctrl Pts',(0.275733691771383,2.04279609691774,-24.2655661130732));
#3521=CARTESIAN_POINT('Ctrl Pts',(0.976351696801669,1.81542896487655,-24.3026146800075));
#3522=CARTESIAN_POINT('Ctrl Pts',(1.42111187958223,1.34576881960841,-24.3396632469418));
#3523=CARTESIAN_POINT('Ctrl Pts',(1.75911492593071,0.988842624334705,-24.3678189339198));
#3524=CARTESIAN_POINT('Ctrl Pts',(1.94934734123168,0.491980150591456,-24.3959746208978));
#3525=CARTESIAN_POINT('Ctrl Pts',(1.95385873351423,-0.00178755979695919,
-24.4241303078758));
#3526=CARTESIAN_POINT('Origin',(0.,0.,-16.5));
#3527=CARTESIAN_POINT('',(1.95703912798258,0.000515778119467778,-25.2258696921242));
#3528=CARTESIAN_POINT('',(1.95691632059192,0.000680399308419078,-25.1241303078758));
#3529=CARTESIAN_POINT('',(1.954,-2.39295984553393E-16,-16.5));
#3530=CARTESIAN_POINT('Ctrl Pts',(1.95703912798258,0.000515778119467778,
-25.2258696921242));
#3531=CARTESIAN_POINT('Ctrl Pts',(1.95713810091359,0.0285935173295591,-25.2242618523159));
#3532=CARTESIAN_POINT('Ctrl Pts',(1.95658615311844,0.0566672786561062,-25.2226540125076));
#3533=CARTESIAN_POINT('Ctrl Pts',(1.95537116130489,0.0847123150045732,-25.2210461726994));
#3534=CARTESIAN_POINT('Ctrl Pts',(1.92737477429123,0.730938637411545,-25.183997605765));
#3535=CARTESIAN_POINT('Ctrl Pts',(1.54733220835873,1.36191330458572,-25.1469490388307));
#3536=CARTESIAN_POINT('Ctrl Pts',(0.989194483331435,1.68883001776991,-25.1099004718964));
#3537=CARTESIAN_POINT('Ctrl Pts',(0.431056758304109,2.01574673095412,-25.0728519049621));
#3538=CARTESIAN_POINT('Ctrl Pts',(-0.305176125818017,2.03860549014829,-25.0358033380277));
#3539=CARTESIAN_POINT('Ctrl Pts',(-0.882519650720972,1.74694350820669,-24.9987547710934));
#3540=CARTESIAN_POINT('Ctrl Pts',(-1.45986317562389,1.45528152626512,-24.9617062041591));
#3541=CARTESIAN_POINT('Ctrl Pts',(-1.87831734130767,0.849098803187773,-24.9246576372248));
#3542=CARTESIAN_POINT('Ctrl Pts',(-1.9463495790685,0.205854003688554,-24.8876090702904));
#3543=CARTESIAN_POINT('Ctrl Pts',(-2.01438181682933,-0.437390795810684,
-24.8505605033561));
#3544=CARTESIAN_POINT('Ctrl Pts',(-1.73199212666722,-1.11769767173183,-24.8135119364218));
#3545=CARTESIAN_POINT('Ctrl Pts',(-1.22843438431741,-1.52368025458135,-24.7764633694875));
#3546=CARTESIAN_POINT('Ctrl Pts',(-0.724876641967602,-1.92966283743086,
-24.7394148025532));
#3547=CARTESIAN_POINT('Ctrl Pts',(-0.00015084743010263,-2.06132112720873,
-24.7023662356189));
#3548=CARTESIAN_POINT('Ctrl Pts',(0.614025443546896,-1.85839320636174,-24.6653176686845));
#3549=CARTESIAN_POINT('Ctrl Pts',(1.22820173452388,-1.65546528551475,-24.6282691017502));
#3550=CARTESIAN_POINT('Ctrl Pts',(1.73182852194034,-1.11795115404293,-24.5912205348159));
#3551=CARTESIAN_POINT('Ctrl Pts',(1.89438848712156,-0.491878861749282,-24.5541719678816));
#3552=CARTESIAN_POINT('Ctrl Pts',(1.93578295338006,-0.332455055587414,-24.5447378759625));
#3553=CARTESIAN_POINT('Ctrl Pts',(1.95506191498426,-0.167288948239534,-24.5353037840433));
#3554=CARTESIAN_POINT('Ctrl Pts',(1.95357444573957,-0.00178139231580776,
-24.5258696921242));
#3555=CARTESIAN_POINT('Ctrl Pts',(1.95385873351423,-0.00178755979695919,
-24.4241303078758));
#3556=CARTESIAN_POINT('Ctrl Pts',(1.95528364174098,-0.157742446574356,-24.4330231878321));
#3557=CARTESIAN_POINT('Ctrl Pts',(1.93818118441273,-0.31338860248731,-24.4419160677884));
#3558=CARTESIAN_POINT('Ctrl Pts',(1.9013555983654,-0.464219321748336,-24.4508089477448));
#3559=CARTESIAN_POINT('Ctrl Pts',(1.74793677383718,-1.09259415934185,-24.4878575146791));
#3560=CARTESIAN_POINT('Ctrl Pts',(1.25219676424989,-1.63739067603377,-24.5249060816134));
#3561=CARTESIAN_POINT('Ctrl Pts',(0.641042995151844,-1.84924756819813,-24.5619546485477));
#3562=CARTESIAN_POINT('Ctrl Pts',(0.0298892260537948,-2.06110446036249,
-24.599003215482));
#3563=CARTESIAN_POINT('Ctrl Pts',(-0.696678302555,-1.94002172799928,-24.6360517824163));
#3564=CARTESIAN_POINT('Ctrl Pts',(-1.2060990464069,-1.5414207019423,-24.6731003493507));
#3565=CARTESIAN_POINT('Ctrl Pts',(-1.71551979025879,-1.14281967588533,-24.710148916285));
#3566=CARTESIAN_POINT('Ctrl Pts',(-2.00779374935379,-0.46670035613457,-24.7471974832193));
#3567=CARTESIAN_POINT('Ctrl Pts',(-1.94914287404791,0.177467593290214,-24.7842460501537));
#3568=CARTESIAN_POINT('Ctrl Pts',(-1.89049199874203,0.821635542715033,-24.821294617088));
#3569=CARTESIAN_POINT('Ctrl Pts',(-1.4809162890353,1.43385212181385,-24.8583431840223));
#3570=CARTESIAN_POINT('Ctrl Pts',(-0.907884514967172,1.73389688205577,-24.8953917509566));
#3571=CARTESIAN_POINT('Ctrl Pts',(-0.33485274089908,2.03394164229768,-24.9324403178909));
#3572=CARTESIAN_POINT('Ctrl Pts',(0.401635097530412,2.02181458368266,-24.9694888848252));
#3573=CARTESIAN_POINT('Ctrl Pts',(0.964477785705263,1.70306643763564,-25.0065374517596));
#3574=CARTESIAN_POINT('Ctrl Pts',(1.52732047388011,1.38431829158862,-25.0435860186939));
#3575=CARTESIAN_POINT('Ctrl Pts',(1.91651801180037,0.758949058109613,-25.0806345856282));
#3576=CARTESIAN_POINT('Ctrl Pts',(1.95392901557239,0.113199347279604,-25.1176831525625));
#3577=CARTESIAN_POINT('Ctrl Pts',(1.95609909097792,0.0757417699811173,-25.1198322043336));
#3578=CARTESIAN_POINT('Ctrl Pts',(1.95708549774947,0.0382156177673223,-25.1219812561047));
#3579=CARTESIAN_POINT('Ctrl Pts',(1.95691632059192,0.000680399308419078,
-25.1241303078758));
#3580=CARTESIAN_POINT('Origin',(0.,0.,-16.5));
#3581=CARTESIAN_POINT('',(1.95205628660114,0.00145888344044109,-25.9258696921242));
#3582=CARTESIAN_POINT('',(1.95184498881283,0.00136164442814147,-25.8241303078758));
#3583=CARTESIAN_POINT('',(1.954,-2.39295984553393E-16,-16.5));
#3584=CARTESIAN_POINT('Ctrl Pts',(1.95205628660114,0.00145888344044109,
-25.9258696921242));
#3585=CARTESIAN_POINT('Ctrl Pts',(1.95359821341635,0.223818110066104,-25.9132199205885));
#3586=CARTESIAN_POINT('Ctrl Pts',(1.91853459407272,0.445705693730574,-25.9005701490528));
#3587=CARTESIAN_POINT('Ctrl Pts',(1.84475137944727,0.653869178720568,-25.8879203775171));
#3588=CARTESIAN_POINT('Ctrl Pts',(1.62865559005175,1.26353701225943,-25.8508718105828));
#3589=CARTESIAN_POINT('Ctrl Pts',(1.08042967254846,1.75548185262803,-25.8138232436485));
#3590=CARTESIAN_POINT('Ctrl Pts',(0.451004617358682,1.90453337851824,-25.7767746767141));
#3591=CARTESIAN_POINT('Ctrl Pts',(-0.178420437831079,2.05358490440844,-25.7397261097798));
#3592=CARTESIAN_POINT('Ctrl Pts',(-0.889044630707323,1.85974311582026,-25.7026775428455));
#3593=CARTESIAN_POINT('Ctrl Pts',(-1.3556049141088,1.41173222375913,-25.6656289759112));
#3594=CARTESIAN_POINT('Ctrl Pts',(-1.82216519751029,0.963721331698008,-25.6285804089769));
#3595=CARTESIAN_POINT('Ctrl Pts',(-2.044661571437,0.261541336163936,-25.5915318420425));
#3596=CARTESIAN_POINT('Ctrl Pts',(-1.92125420364713,-0.373409747803664,
-25.5544832751082));
#3597=CARTESIAN_POINT('Ctrl Pts',(-1.79784683585726,-1.00836083177125,-25.5174347081739));
#3598=CARTESIAN_POINT('Ctrl Pts',(-1.32853572635084,-1.57608300417236,-25.4803861412396));
#3599=CARTESIAN_POINT('Ctrl Pts',(-0.728131408038877,-1.81672155472434,
-25.4433375743053));
#3600=CARTESIAN_POINT('Ctrl Pts',(-0.127727089726918,-2.05736010527631,
-25.4062890073709));
#3601=CARTESIAN_POINT('Ctrl Pts',(0.60377043739057,-1.97091503397914,-25.3692404404366));
#3602=CARTESIAN_POINT('Ctrl Pts',(1.13154409690193,-1.59695350951069,-25.3321918735023));
#3603=CARTESIAN_POINT('Ctrl Pts',(1.6364133482338,-1.2392212288582,-25.2967511463763));
#3604=CARTESIAN_POINT('Ctrl Pts',(1.9548575221892,-0.618386359101662,-25.2613104192503));
#3605=CARTESIAN_POINT('Ctrl Pts',(1.95703912798258,0.000515778119467778,
-25.2258696921242));
#3606=CARTESIAN_POINT('Ctrl Pts',(1.95691632059192,0.000680399308419078,
-25.1241303078758));
#3607=CARTESIAN_POINT('Ctrl Pts',(1.95416896901364,-0.608872587447649,-25.159029823039));
#3608=CARTESIAN_POINT('Ctrl Pts',(1.64666964516327,-1.22081653517863,-25.1939293382022));
#3609=CARTESIAN_POINT('Ctrl Pts',(1.15469668529353,-1.58029372430944,-25.2288288533655));
#3610=CARTESIAN_POINT('Ctrl Pts',(0.632428881618897,-1.96190689688744,-25.2658774202998));
#3611=CARTESIAN_POINT('Ctrl Pts',(-0.0977311953541248,-2.0590030538624,
-25.3029259872341));
#3612=CARTESIAN_POINT('Ctrl Pts',(-0.701578639627308,-1.82713986945123,
-25.3399745541684));
#3613=CARTESIAN_POINT('Ctrl Pts',(-1.30542608390049,-1.59527668504005,-25.3770231211027));
#3614=CARTESIAN_POINT('Ctrl Pts',(-1.78296089547384,-1.03445415924273,-25.4140716880371));
#3615=CARTESIAN_POINT('Ctrl Pts',(-1.91560843318655,-0.401368933559049,
-25.4511202549714));
#3616=CARTESIAN_POINT('Ctrl Pts',(-2.04825597089926,0.231716292124636,-25.4881688219057));
#3617=CARTESIAN_POINT('Ctrl Pts',(-1.83601623475134,0.937064217694689,-25.52521738884));
#3618=CARTESIAN_POINT('Ctrl Pts',(-1.37603444441141,1.3918268203735,-25.5622659557744));
#3619=CARTESIAN_POINT('Ctrl Pts',(-0.916052654071477,1.84658942305231,-25.5993145227087));
#3620=CARTESIAN_POINT('Ctrl Pts',(-0.208328809539536,2.05076670283988,-25.636363089643));
#3621=CARTESIAN_POINT('Ctrl Pts',(0.423201573685663,1.91090374382075,-25.6734116565773));
#3622=CARTESIAN_POINT('Ctrl Pts',(1.05473195691086,1.77104078480162,-25.7104602235116));
#3623=CARTESIAN_POINT('Ctrl Pts',(1.61006887882932,1.2871375869758,-25.747508790446));
#3624=CARTESIAN_POINT('Ctrl Pts',(1.83502653875327,0.680683694679998,-25.7845573573803));
#3625=CARTESIAN_POINT('Ctrl Pts',(1.9151217495931,0.46475838507069,-25.7977483408788));
#3626=CARTESIAN_POINT('Ctrl Pts',(1.95333526008733,0.233297501491181,-25.8109393243773));
#3627=CARTESIAN_POINT('Ctrl Pts',(1.95184498881283,0.00136164442814147,
-25.8241303078758));
#3628=CARTESIAN_POINT('Origin',(0.,0.,-16.5));
#3629=CARTESIAN_POINT('',(1.95178343068403,-0.00132971287323064,-26.6258696921242));
#3630=CARTESIAN_POINT('',(1.95198986725025,-0.00143023897251229,-26.5241303078758));
#3631=CARTESIAN_POINT('',(1.954,-2.39295984553393E-16,-16.5));
#3632=CARTESIAN_POINT('Ctrl Pts',(1.95178343068403,-0.00132971287323064,
-26.6258696921242));
#3633=CARTESIAN_POINT('Ctrl Pts',(1.94917480724106,0.415272318580312,-26.6021779888611));
#3634=CARTESIAN_POINT('Ctrl Pts',(1.81858323852772,0.833367271772697,-26.578486285598));
#3635=CARTESIAN_POINT('Ctrl Pts',(1.57223708272269,1.16564278985627,-26.5547945823349));
#3636=CARTESIAN_POINT('Ctrl Pts',(1.18700635697048,1.68524797128371,-26.5177460154005));
#3637=CARTESIAN_POINT('Ctrl Pts',(0.518709135323051,1.99499013659833,-26.4806974484662));
#3638=CARTESIAN_POINT('Ctrl Pts',(-0.126765202851189,1.95309578323962,-26.4436488815319));
#3639=CARTESIAN_POINT('Ctrl Pts',(-0.772239541025393,1.91120142988091,-26.4066003145976));
#3640=CARTESIAN_POINT('Ctrl Pts',(-1.39489099572643,1.51767055784892,-26.3695517476633));
#3641=CARTESIAN_POINT('Ctrl Pts',(-1.7097229257214,0.952627981414007,-26.3325031807289));
#3642=CARTESIAN_POINT('Ctrl Pts',(-2.02455485571638,0.38758540497908,-26.2954546137946));
#3643=CARTESIAN_POINT('Ctrl Pts',(-2.03156726100531,-0.348968875858735,
-26.2584060468603));
#3644=CARTESIAN_POINT('Ctrl Pts',(-1.72755046051454,-0.919903234938118,
-26.221357479926));
#3645=CARTESIAN_POINT('Ctrl Pts',(-1.42353366002378,-1.49083759401748,-26.1843089129917));
#3646=CARTESIAN_POINT('Ctrl Pts',(-0.808487653753332,-1.89615203133839,
-26.1472603460573));
#3647=CARTESIAN_POINT('Ctrl Pts',(-0.163927960801258,-1.95032822326171,
-26.110211779123));
#3648=CARTESIAN_POINT('Ctrl Pts',(0.480631732150853,-2.00450441518503,-26.0731632121887));
#3649=CARTESIAN_POINT('Ctrl Pts',(1.15470511178461,-1.70754236171071,-26.0361146452544));
#3650=CARTESIAN_POINT('Ctrl Pts',(1.54975897095759,-1.195365921619,-25.9990660783201));
#3651=CARTESIAN_POINT('Ctrl Pts',(1.80992661248831,-0.858065745017218,-25.9746672829215));
#3652=CARTESIAN_POINT('Ctrl Pts',(1.94908222839163,-0.427426117377301,-25.9502684875228));
#3653=CARTESIAN_POINT('Ctrl Pts',(1.95205628660114,0.00145888344044109,
-25.9258696921242));
#3654=CARTESIAN_POINT('Ctrl Pts',(1.95184498881283,0.00136164442814147,
-25.8241303078758));
#3655=CARTESIAN_POINT('Ctrl Pts',(1.94914964230758,-0.418124064296304,-25.8479878913116));
#3656=CARTESIAN_POINT('Ctrl Pts',(1.81657784149057,-0.839163475695532,-25.8718454747474));
#3657=CARTESIAN_POINT('Ctrl Pts',(1.56701473587161,-1.17265404432108,-25.8957030581832));
#3658=CARTESIAN_POINT('Ctrl Pts',(1.17946687513654,-1.6905333042606,-25.9327516251175));
#3659=CARTESIAN_POINT('Ctrl Pts',(0.509792755736931,-1.99728723737384,-25.9698001920519));
#3660=CARTESIAN_POINT('Ctrl Pts',(-0.135488020457757,-1.95251009893083,
-26.0068487589862));
#3661=CARTESIAN_POINT('Ctrl Pts',(-0.780768796652407,-1.90773296048783,
-26.0438973259205));
#3662=CARTESIAN_POINT('Ctrl Pts',(-1.40165622964214,-1.51142475048862,-26.0809458928549));
#3663=CARTESIAN_POINT('Ctrl Pts',(-1.71396109465557,-0.94498151103909,-26.1179944597892));
#3664=CARTESIAN_POINT('Ctrl Pts',(-2.026265959669,-0.378538271589558,-26.1550430267235));
#3665=CARTESIAN_POINT('Ctrl Pts',(-2.02998825670612,0.358039997310295,-26.1920915936578));
#3666=CARTESIAN_POINT('Ctrl Pts',(-1.72342423632263,0.927610689693185,-26.2291401605921));
#3667=CARTESIAN_POINT('Ctrl Pts',(-1.41686021593912,1.49718138207609,-26.2661887275264));
#3668=CARTESIAN_POINT('Ctrl Pts',(-0.80000987813498,1.89974449794203,-26.3032372944608));
#3669=CARTESIAN_POINT('Ctrl Pts',(-0.155214610040163,1.95104103364313,-26.3402858613951));
#3670=CARTESIAN_POINT('Ctrl Pts',(0.489580658054654,2.00233756934423,-26.3773344283294));
#3671=CARTESIAN_POINT('Ctrl Pts',(1.16232085644015,1.7023675248805,-26.4143829952637));
#3672=CARTESIAN_POINT('Ctrl Pts',(1.5550829936544,1.18843156027812,-26.451431562198));
#3673=CARTESIAN_POINT('Ctrl Pts',(1.81198285139878,0.852273708779191,-26.4756644774239));
#3674=CARTESIAN_POINT('Ctrl Pts',(1.9491004498999,0.424575394402364,-26.4998973926499));
#3675=CARTESIAN_POINT('Ctrl Pts',(1.95198986725025,-0.00143023897251229,
-26.5241303078758));
#3676=CARTESIAN_POINT('Origin',(0.,0.,-16.5));
#3677=CARTESIAN_POINT('',(1.95687262375158,-0.000729449414825223,-27.3258696921242));
#3678=CARTESIAN_POINT('',(1.95700473336238,-0.000566919064529019,-27.2241303078758));
#3679=CARTESIAN_POINT('',(1.954,-2.39295984553393E-16,-16.5));
#3680=CARTESIAN_POINT('Ctrl Pts',(1.95687262375158,-0.000729449414825223,
-27.3258696921242));
#3681=CARTESIAN_POINT('Ctrl Pts',(1.95396767386035,0.605962196890783,-27.2911360571337));
#3682=CARTESIAN_POINT('Ctrl Pts',(1.64977560466987,1.21516804797488,-27.2564024221431));
#3683=CARTESIAN_POINT('Ctrl Pts',(1.16174404558755,1.57512013092967,-27.2216687871526));
#3684=CARTESIAN_POINT('Ctrl Pts',(0.641186093975114,1.95906234838364,-27.1846202202183));
#3685=CARTESIAN_POINT('Ctrl Pts',(-0.0885330754605271,2.05941902216786,
-27.147571653284));
#3686=CARTESIAN_POINT('Ctrl Pts',(-0.693410193833993,1.8302554208998,-27.1105230863497));
#3687=CARTESIAN_POINT('Ctrl Pts',(-1.29828731220746,1.60109181963174,-27.0734745194154));
#3688=CARTESIAN_POINT('Ctrl Pts',(-1.77832237951875,1.0424079433114,-27.036425952481));
#3689=CARTESIAN_POINT('Ctrl Pts',(-1.91379644181574,0.40992155267782,-26.9993773855467));
#3690=CARTESIAN_POINT('Ctrl Pts',(-2.04927050411273,-0.222564837955779,
-26.9623288186124));
#3691=CARTESIAN_POINT('Ctrl Pts',(-1.8401835613954,-0.928853742902624,-26.9252802516781));
#3692=CARTESIAN_POINT('Ctrl Pts',(-1.38223770621367,-1.38566644480511,-26.8882316847438));
#3693=CARTESIAN_POINT('Ctrl Pts',(-0.924291851031967,-1.84247914670757,
-26.8511831178094));
#3694=CARTESIAN_POINT('Ctrl Pts',(-0.217487083385892,-2.04981564556571,
-26.8141345508751));
#3695=CARTESIAN_POINT('Ctrl Pts',(0.414661731091921,-1.91277500203275,-26.7770859839408));
#3696=CARTESIAN_POINT('Ctrl Pts',(1.04681054556975,-1.77573435849979,-26.7400374170065));
#3697=CARTESIAN_POINT('Ctrl Pts',(1.60430340687932,-1.29431657257572,-26.7029888500722));
#3698=CARTESIAN_POINT('Ctrl Pts',(1.8319677226056,-0.688873580843563,-26.6659402831378));
#3699=CARTESIAN_POINT('Ctrl Pts',(1.91404596421061,-0.47059740526058,-26.6525834194666));
#3700=CARTESIAN_POINT('Ctrl Pts',(1.95325411547652,-0.236200818486642,-26.6392265557954));
#3701=CARTESIAN_POINT('Ctrl Pts',(1.95178343068403,-0.00132971287323064,
-26.6258696921242));
#3702=CARTESIAN_POINT('Ctrl Pts',(1.95198986725025,-0.00143023897251229,
-26.5241303078758));
#3703=CARTESIAN_POINT('Ctrl Pts',(1.95351794449796,-0.226724627710201,-26.5369459595842));
#3704=CARTESIAN_POINT('Ctrl Pts',(1.9175043358744,-0.451545597990526,-26.5497616112926));
#3705=CARTESIAN_POINT('Ctrl Pts',(1.84181230786516,-0.662102795382856,-26.562577263001));
#3706=CARTESIAN_POINT('Ctrl Pts',(1.62299540881863,-1.27079930170043,-26.5996258299353));
#3707=CARTESIAN_POINT('Ctrl Pts',(1.07257753468255,-1.76029042959455,-26.6366743968696));
#3708=CARTESIAN_POINT('Ctrl Pts',(0.442492964381778,-1.90652895781317,-26.673722963804));
#3709=CARTESIAN_POINT('Ctrl Pts',(-0.18759160591901,-2.0527674860318,-26.7107715307383));
#3710=CARTESIAN_POINT('Ctrl Pts',(-0.897342872384508,-1.8557534145749,-26.7478200976726));
#3711=CARTESIAN_POINT('Ctrl Pts',(-1.36189733531513,-1.40566295435084,-26.784868664607));
#3712=CARTESIAN_POINT('Ctrl Pts',(-1.82645179824573,-0.955572494126811,
-26.8219172315413));
#3713=CARTESIAN_POINT('Ctrl Pts',(-2.04580945764151,-0.252405645135636,
-26.8589657984756));
#3714=CARTESIAN_POINT('Ctrl Pts',(-1.91956712357821,0.381987880025791,-26.8960143654099));
#3715=CARTESIAN_POINT('Ctrl Pts',(-1.79332478951491,1.01638140518724,-26.9330629323442));
#3716=CARTESIAN_POINT('Ctrl Pts',(-1.32148246199256,1.58200160651889,-26.9701114992785));
#3717=CARTESIAN_POINT('Ctrl Pts',(-0.720009236093755,1.81995587718897,-27.0071600662129));
#3718=CARTESIAN_POINT('Ctrl Pts',(-0.118536010194936,2.05791014785906,-27.0442086331472));
#3719=CARTESIAN_POINT('Ctrl Pts',(0.612568114080333,1.96819848786749,-27.0812572000815));
#3720=CARTESIAN_POINT('Ctrl Pts',(1.13866610142017,1.59188322986737,-27.1183057670158));
#3721=CARTESIAN_POINT('Ctrl Pts',(1.63957686589756,1.23358426635588,-27.1535806139691));
#3722=CARTESIAN_POINT('Ctrl Pts',(1.9546411628269,0.615467391670172,-27.1888554609225));
#3723=CARTESIAN_POINT('Ctrl Pts',(1.95700473336238,-0.000566919064529019,
-27.2241303078758));
#3724=CARTESIAN_POINT('Origin',(0.,0.,-16.5));
#3725=CARTESIAN_POINT('',(1.95394648319599,0.00178650116976854,-28.0258696921242));
#3726=CARTESIAN_POINT('',(1.95366117793185,0.00178484674930849,-27.9241303078758));
#3727=CARTESIAN_POINT('',(1.954,-2.39295984553393E-16,-16.5));
#3728=CARTESIAN_POINT('Ctrl Pts',(1.95394648319599,0.00178650116976854,
-28.0258696921242));
#3729=CARTESIAN_POINT('Ctrl Pts',(1.95534777325144,0.154814968228551,-28.0171426923406));
#3730=CARTESIAN_POINT('Ctrl Pts',(1.93888367415111,0.307544930630097,-28.008415692557));
#3731=CARTESIAN_POINT('Ctrl Pts',(1.90340557478466,0.455722235115502,-27.9996886927734));
#3732=CARTESIAN_POINT('Ctrl Pts',(1.7527910713275,1.08477654008752,-27.962640125839));
#3733=CARTESIAN_POINT('Ctrl Pts',(1.25949843424426,1.63178097149758,-27.9255915589047));
#3734=CARTESIAN_POINT('Ctrl Pts',(0.649299213043656,1.84636540572661,-27.8885429919704));
#3735=CARTESIAN_POINT('Ctrl Pts',(0.0390999918430725,2.06094983995563,-27.8514944250361));
#3736=CARTESIAN_POINT('Ctrl Pts',(-0.688005813474848,1.94311427700363,-27.8144458581017));
#3737=CARTESIAN_POINT('Ctrl Pts',(-1.19920304827696,1.54679283894658,-27.7773972911674));
#3738=CARTESIAN_POINT('Ctrl Pts',(-1.71040028307911,1.15047140088951,-27.7403487242331));
#3739=CARTESIAN_POINT('Ctrl Pts',(-2.00568894736542,0.475664087727315,-27.7033001572988));
#3740=CARTESIAN_POINT('Ctrl Pts',(-1.94991544069523,-0.168759471610387,
-27.6662515903645));
#3741=CARTESIAN_POINT('Ctrl Pts',(-1.89414193402505,-0.813183030948053,
-27.6292030234302));
#3742=CARTESIAN_POINT('Ctrl Pts',(-1.48730625639844,-1.42722283646125,-27.5921544564958));
#3743=CARTESIAN_POINT('Ctrl Pts',(-0.915620754663769,-1.72982417935393,
-27.5551058895615));
#3744=CARTESIAN_POINT('Ctrl Pts',(-0.34393525292906,-2.03242552224663,-27.5180573226272));
#3745=CARTESIAN_POINT('Ctrl Pts',(0.392600072913721,-2.02358840251877,-27.4810087556929));
#3746=CARTESIAN_POINT('Ctrl Pts',(0.956861080172118,-1.7073575636516,-27.4439601887585));
#3747=CARTESIAN_POINT('Ctrl Pts',(1.52112208743047,-1.39112672478447,-27.4069116218242));
#3748=CARTESIAN_POINT('Ctrl Pts',(1.91310877610445,-0.767502166778111,-27.3698630548899));
#3749=CARTESIAN_POINT('Ctrl Pts',(1.95340375354684,-0.121926007213082,-27.3328144879556));
#3750=CARTESIAN_POINT('Ctrl Pts',(1.95592153326613,-0.081588013126037,-27.3304995560118));
#3751=CARTESIAN_POINT('Ctrl Pts',(1.95706623323991,-0.0411643152861913,
-27.328184624068));
#3752=CARTESIAN_POINT('Ctrl Pts',(1.95687262375158,-0.000729449414825223,
-27.3258696921242));
#3753=CARTESIAN_POINT('Ctrl Pts',(1.95700473336238,-0.000566919064529019,
-27.2241303078758));
#3754=CARTESIAN_POINT('Ctrl Pts',(1.95712358043465,-0.0315428824011457,
-27.2259040278568));
#3755=CARTESIAN_POINT('Ctrl Pts',(1.95645180580618,-0.062513580255101,-27.2276777478378));
#3756=CARTESIAN_POINT('Ctrl Pts',(1.95497328206005,-0.0934457163209448,
-27.2294514678188));
#3757=CARTESIAN_POINT('Ctrl Pts',(1.92409062495571,-0.739540548500554,-27.2665000347531));
#3758=CARTESIAN_POINT('Ctrl Pts',(1.54123346034261,-1.36881135685115,-27.3035486016874));
#3759=CARTESIAN_POINT('Ctrl Pts',(0.981640999817575,-1.69323172821364,-27.3405971686217));
#3760=CARTESIAN_POINT('Ctrl Pts',(0.422048539292505,-2.01765209957616,-27.3776457355561));
#3761=CARTESIAN_POINT('Ctrl Pts',(-0.314279217144518,-2.03722203395054,
-27.4146943024904));
#3762=CARTESIAN_POINT('Ctrl Pts',(-0.890314153344577,-1.74298407849285,
-27.4517428694247));
#3763=CARTESIAN_POINT('Ctrl Pts',(-1.4663490895446,-1.44874612303517,-27.488791436359));
#3764=CARTESIAN_POINT('Ctrl Pts',(-1.88209120550766,-0.840700277745486,
-27.5258400032933));
#3765=CARTESIAN_POINT('Ctrl Pts',(-1.94724960740265,-0.197158002160524,
-27.5628885702277));
#3766=CARTESIAN_POINT('Ctrl Pts',(-2.01240800929763,0.446384273424456,-27.599937137162));
#3767=CARTESIAN_POINT('Ctrl Pts',(-1.72698269712448,1.12542297930474,-27.6369857040963));
#3768=CARTESIAN_POINT('Ctrl Pts',(-1.22161636623246,1.52915223757994,-27.6740342710306));
#3769=CARTESIAN_POINT('Ctrl Pts',(-0.716250035340431,1.93288149585516,-27.7110828379649));
#3770=CARTESIAN_POINT('Ctrl Pts',(0.00905731427047508,2.06130130652533,
-27.7481314048993));
#3771=CARTESIAN_POINT('Ctrl Pts',(0.62232074315384,1.85563199076688,-27.7851799718336));
#3772=CARTESIAN_POINT('Ctrl Pts',(1.23558417203719,1.64996267500844,-27.8222285387679));
#3773=CARTESIAN_POINT('Ctrl Pts',(1.73680368019299,1.11020423282141,-27.8592771057022));
#3774=CARTESIAN_POINT('Ctrl Pts',(1.89656607612115,0.48341208263925,-27.8963256726365));
#3775=CARTESIAN_POINT('Ctrl Pts',(1.93653285046902,0.326611351880217,-27.9055938843829));
#3776=CARTESIAN_POINT('Ctrl Pts',(1.95513057408252,0.164363882262489,-27.9148620961294));
#3777=CARTESIAN_POINT('Ctrl Pts',(1.95366117793185,0.00178484674930849,
-27.9241303078758));
#3778=CARTESIAN_POINT('Origin',(0.,0.,-16.5));
#3779=CARTESIAN_POINT('',(1.95120501233361,-0.000395843940229901,-28.7258696921242));
#3780=CARTESIAN_POINT('',(1.95096851994036,-0.000506717556155302,-28.6241303078758));
#3781=CARTESIAN_POINT('',(1.954,-2.39295984553393E-16,-16.5));
#3782=CARTESIAN_POINT('Ctrl Pts',(1.95120501233361,-0.000395843940229901,
-28.7258696921242));
#3783=CARTESIAN_POINT('Ctrl Pts',(1.95045768648354,0.347662852360584,-28.7061007606132));
#3784=CARTESIAN_POINT('Ctrl Pts',(1.86144228165114,0.696002698239937,-28.6863318291022));
#3785=CARTESIAN_POINT('Ctrl Pts',(1.68615819395233,0.993400538133461,-28.6665628975911));
#3786=CARTESIAN_POINT('Ctrl Pts',(1.35766172200042,1.55074799878262,-28.6295143306568));
#3787=CARTESIAN_POINT('Ctrl Pts',(0.726174338725445,1.92917810141243,-28.5924657637225));
#3788=CARTESIAN_POINT('Ctrl Pts',(0.0799822975835911,1.95556198753416,-28.5554171967881));
#3789=CARTESIAN_POINT('Ctrl Pts',(-0.566209743558281,1.98194587365589,-28.5183686298538));
#3790=CARTESIAN_POINT('Ctrl Pts',(-1.22710644256705,1.65628354326951,-28.4813200629195));
#3791=CARTESIAN_POINT('Ctrl Pts',(-1.59981237956333,1.12759101318548,-28.4442714959852));
#3792=CARTESIAN_POINT('Ctrl Pts',(-1.97251831655959,0.598898483101463,-28.4072229290509));
#3793=CARTESIAN_POINT('Ctrl Pts',(-2.05703349154341,-0.132824246680156,
-28.3701743621165));
#3794=CARTESIAN_POINT('Ctrl Pts',(-1.81488031282301,-0.732633693017006,
-28.3331257951822));
#3795=CARTESIAN_POINT('Ctrl Pts',(-1.57272713410261,-1.33244313935386,-28.2960772282479));
#3796=CARTESIAN_POINT('Ctrl Pts',(-1.00390560167798,-1.80033930224591,-28.2590286613136));
#3797=CARTESIAN_POINT('Ctrl Pts',(-0.368665354272767,-1.92217154398967,
-28.2219800943793));
#3798=CARTESIAN_POINT('Ctrl Pts',(0.266574893132407,-2.04400378573342,-28.184931527445));
#3799=CARTESIAN_POINT('Ctrl Pts',(0.968233855518167,-1.81977210632893,-28.1478829605106));
#3800=CARTESIAN_POINT('Ctrl Pts',(1.41509515179551,-1.35210417735974,-28.1108343935763));
#3801=CARTESIAN_POINT('Ctrl Pts',(1.75669573872257,-0.994598077919699,-28.0825128264256));
#3802=CARTESIAN_POINT('Ctrl Pts',(1.94939890311268,-0.494833885358733,-28.0541912592749));
#3803=CARTESIAN_POINT('Ctrl Pts',(1.95394648319599,0.00178650116976854,
-28.0258696921242));
#3804=CARTESIAN_POINT('Ctrl Pts',(1.95366117793185,0.00178484674930849,
-27.9241303078758));
#3805=CARTESIAN_POINT('Ctrl Pts',(1.94925683887547,-0.485526349438324,-27.9519106630637));
#3806=CARTESIAN_POINT('Ctrl Pts',(1.76456370474498,-0.975816429316334,-27.9796910182516));
#3807=CARTESIAN_POINT('Ctrl Pts',(1.43464190363264,-1.33133721467117,-28.0074713734395));
#3808=CARTESIAN_POINT('Ctrl Pts',(0.994650051515427,-1.80546850362219,-28.0445199403738));
#3809=CARTESIAN_POINT('Ctrl Pts',(0.296361063580458,-2.03990522334697,-28.0815685073081));
#3810=CARTESIAN_POINT('Ctrl Pts',(-0.340599746195639,-1.92734185463526,
-28.1186170742425));
#3811=CARTESIAN_POINT('Ctrl Pts',(-0.977560555971755,-1.81477848592354,
-28.1556656411768));
#3812=CARTESIAN_POINT('Ctrl Pts',(-1.55319318758899,-1.3552150287753,-28.1927142081111));
#3813=CARTESIAN_POINT('Ctrl Pts',(-1.80403794683713,-0.759001167197475,
-28.2297627750454));
#3814=CARTESIAN_POINT('Ctrl Pts',(-2.05488270608527,-0.162787305619632,
-28.2668113419797));
#3815=CARTESIAN_POINT('Ctrl Pts',(-1.98093959296429,0.570076960387808,-28.3038599089141));
#3816=CARTESIAN_POINT('Ctrl Pts',(-1.61602345714213,1.10415048944839,-28.3409084758484));
#3817=CARTESIAN_POINT('Ctrl Pts',(-1.25110732131999,1.63822401850894,-28.3779570427827));
#3818=CARTESIAN_POINT('Ctrl Pts',(-0.595218162796711,1.97350681062266,-28.415005609717));
#3819=CARTESIAN_POINT('Ctrl Pts',(0.0513768807844669,1.95653216827217,-28.4520541766513));
#3820=CARTESIAN_POINT('Ctrl Pts',(0.697971924365663,1.93955752592168,-28.4891027435856));
#3821=CARTESIAN_POINT('Ctrl Pts',(1.33527285300476,1.57032544910696,-28.52615131052));
#3822=CARTESIAN_POINT('Ctrl Pts',(1.67168651713218,1.01784432261036,-28.5631998774543));
#3823=CARTESIAN_POINT('Ctrl Pts',(1.85610956909789,0.714972393296084,-28.5835100209281));
#3824=CARTESIAN_POINT('Ctrl Pts',(1.95010794512283,0.357029220069807,-28.603820164402));
#3825=CARTESIAN_POINT('Ctrl Pts',(1.95096851994036,-0.000506717556155302,
-28.6241303078758));
#3826=CARTESIAN_POINT('Origin',(0.,0.,-2.70594377439627));
#3827=CARTESIAN_POINT('',(1.55327502389198,-0.000315115275668214,-28.9559437743963));
#3828=CARTESIAN_POINT('',(1.5555,4.99155096264371E-13,-29.));
#3829=CARTESIAN_POINT('',(1.5555,4.99155096264371E-13,-2.70594377439627));
#3830=CARTESIAN_POINT('',(1.4354529988586,-0.599211930845714,-29.));
#3831=CARTESIAN_POINT('Ctrl Pts',(1.55327502389198,-0.00031511527566799,
-28.9559437743963));
#3832=CARTESIAN_POINT('Ctrl Pts',(1.55371695878916,-0.206141374518498,-28.9706291829308));
#3833=CARTESIAN_POINT('Ctrl Pts',(1.51538362616726,-0.411844127616798,-28.9853145914654));
#3834=CARTESIAN_POINT('Ctrl Pts',(1.43762256765474,-0.600707839115166,-29.));
#3835=CARTESIAN_POINT('Origin',(0.,0.,-29.));
#3836=CARTESIAN_POINT('Origin',(0.,0.,-2.70594377439627));
#3837=CARTESIAN_POINT('',(1.55545739744696,0.00142216098777858,-28.2559437743963));
#3838=CARTESIAN_POINT('',(1.55308676190749,-0.000403377255513704,-28.3940562256037));
#3839=CARTESIAN_POINT('',(1.5555,4.99155096264371E-13,-2.70594377439627));
#3840=CARTESIAN_POINT('Ctrl Pts',(1.55545739744696,0.00142216098777863,
-28.2559437743963));
#3841=CARTESIAN_POINT('Ctrl Pts',(1.55183725373179,-0.393917148758983,-28.284265341547));
#3842=CARTESIAN_POINT('Ctrl Pts',(1.19776132977006,-1.31219199289101,-28.349635475632));
#3843=CARTESIAN_POINT('Ctrl Pts',(-0.346352748067238,-1.80565008496525,
-28.4520541766514));
#3844=CARTESIAN_POINT('Ctrl Pts',(-1.70479987245805,-0.688230717444511,
-28.5631998774543));
#3845=CARTESIAN_POINT('Ctrl Pts',(-1.50296258276418,1.05925347832118,-28.6743455782573));
#3846=CARTESIAN_POINT('Ctrl Pts',(0.0753764376678504,1.83699312251162,-28.7854912790602));
#3847=CARTESIAN_POINT('Ctrl Pts',(1.34901832621708,1.07374045371307,-28.8793573444399));
#3848=CARTESIAN_POINT('Ctrl Pts',(1.55268010814999,0.276760269624977,-28.9361748428852));
#3849=CARTESIAN_POINT('Ctrl Pts',(1.55327502389198,-0.00031511527566799,
-28.9559437743963));
#3850=CARTESIAN_POINT('',(1.03331015022959,1.16269100943995,-29.));
#3851=CARTESIAN_POINT('Origin',(0.,0.,-29.));
#3852=CARTESIAN_POINT('Ctrl Pts',(1.55308676190749,-0.0004033772555136,
-28.3940562256037));
#3853=CARTESIAN_POINT('Ctrl Pts',(1.55365135511506,-0.234970271033632,-28.4107946490642));
#3854=CARTESIAN_POINT('Ctrl Pts',(1.3936437275399,-0.988016340417299,-28.464581639459));
#3855=CARTESIAN_POINT('Ctrl Pts',(0.224170018138477,-1.82482138010396,-28.5554171967882));
#3856=CARTESIAN_POINT('Ctrl Pts',(-1.41076219733665,-1.17817195330545,-28.6665628975911));
#3857=CARTESIAN_POINT('Ctrl Pts',(-1.75662416608682,0.54688471244166,-28.7777085983941));
#3858=CARTESIAN_POINT('Ctrl Pts',(-0.48968016795829,1.77159414037137,-28.8888542991971));
#3859=CARTESIAN_POINT('Ctrl Pts',(0.646660558056503,1.50631536443263,-28.9629514330657));
#3860=CARTESIAN_POINT('Ctrl Pts',(1.03331015022959,1.16269100943995,-29.));
#3861=CARTESIAN_POINT('Origin',(0.,0.,-2.70594377439627));
#3862=CARTESIAN_POINT('',(1.55778677904073,-0.000580685037981911,-27.5559437743963));
#3863=CARTESIAN_POINT('',(1.55523027751944,0.00142084397118637,-27.6940562256037));
#3864=CARTESIAN_POINT('',(1.5555,4.99155096264371E-13,-2.70594377439627));
#3865=CARTESIAN_POINT('Ctrl Pts',(1.55778677904073,-0.000580685037982124,
-27.5559437743963));
#3866=CARTESIAN_POINT('Ctrl Pts',(1.55794090368715,-0.0327692387038083,
-27.5582587063401));
#3867=CARTESIAN_POINT('Ctrl Pts',(1.54244586747776,-0.579957738833197,-27.5976222052182));
#3868=CARTESIAN_POINT('Ctrl Pts',(0.898858808989673,-1.60386162762597,-27.6740342710306));
#3869=CARTESIAN_POINT('Ctrl Pts',(-0.860118723275022,-1.62496624339376,
-27.7851799718335));
#3870=CARTESIAN_POINT('Ctrl Pts',(-1.83171477734093,-0.158529829664297,
-27.8963256726366));
#3871=CARTESIAN_POINT('Ctrl Pts',(-1.12651285723258,1.45303021479382,-28.0074713734395));
#3872=CARTESIAN_POINT('Ctrl Pts',(0.609945300656975,1.73444252519086,-28.1186170742425));
#3873=CARTESIAN_POINT('Ctrl Pts',(1.48782615429292,0.76097428121255,-28.2014412078947));
#3874=CARTESIAN_POINT('Ctrl Pts',(1.55657290751923,0.123241905363326,-28.2472167746127));
#3875=CARTESIAN_POINT('Ctrl Pts',(1.55545739744696,0.00142216098777863,
-28.2559437743963));
#3876=CARTESIAN_POINT('Ctrl Pts',(1.55523027751944,0.00142084397118641,
-27.6940562256037));
#3877=CARTESIAN_POINT('Ctrl Pts',(1.55172416216534,-0.38650779762051,-27.7218365807916));
#3878=CARTESIAN_POINT('Ctrl Pts',(1.20861903033254,-1.29732152810883,-27.7866655029138));
#3879=CARTESIAN_POINT('Ctrl Pts',(-0.319958488399816,-1.81051120391411,
-27.8885429919704));
#3880=CARTESIAN_POINT('Ctrl Pts',(-1.69467173069356,-0.712991821732916,
-27.9996886927733));
#3881=CARTESIAN_POINT('Ctrl Pts',(-1.51808240757238,1.03721856584315,-28.1108343935763));
#3882=CARTESIAN_POINT('Ctrl Pts',(0.0482977143564182,1.83793358600638,-28.2219800943793));
#3883=CARTESIAN_POINT('Ctrl Pts',(1.3410760528298,1.08893855191025,-28.3163873717217));
#3884=CARTESIAN_POINT('Ctrl Pts',(1.55240169326424,0.284216454360049,-28.3737460821299));
#3885=CARTESIAN_POINT('Ctrl Pts',(1.55308676190749,-0.0004033772555136,
-28.3940562256037));
#3886=CARTESIAN_POINT('Origin',(0.,0.,-2.70594377439627));
#3887=CARTESIAN_POINT('',(1.55373547923696,-0.00105853038575477,-26.8559437743963));
#3888=CARTESIAN_POINT('',(1.55789194613366,-0.000451301230114942,-26.9940562256037));
#3889=CARTESIAN_POINT('',(1.5555,4.99155096264371E-13,-2.70594377439627));
#3890=CARTESIAN_POINT('Ctrl Pts',(1.55373547923696,-0.00105853038575462,
-26.8559437743963));
#3891=CARTESIAN_POINT('Ctrl Pts',(1.55490623163961,-0.188029873672232,-26.8693006380675));
#3892=CARTESIAN_POINT('Ctrl Pts',(1.4371199648894,-0.892186994161488,-26.919706068673));
#3893=CARTESIAN_POINT('Ctrl Pts',(0.389525925213384,-1.79682710371099,-27.0071600662128));
#3894=CARTESIAN_POINT('Ctrl Pts',(-1.2984497391779,-1.30167061859259,-27.1183057670158));
#3895=CARTESIAN_POINT('Ctrl Pts',(-1.79778659597962,0.385073073799576,-27.2294514678188));
#3896=CARTESIAN_POINT('Ctrl Pts',(-0.651377362812799,1.71930966993519,-27.3405971686217));
#3897=CARTESIAN_POINT('Ctrl Pts',(1.05502520019862,1.48463187533505,-27.4494279374809));
#3898=CARTESIAN_POINT('Ctrl Pts',(1.55547426647369,0.482381881916091,-27.5212101394057));
#3899=CARTESIAN_POINT('Ctrl Pts',(1.55778677904073,-0.000580685037982124,
-27.5559437743963));
#3900=CARTESIAN_POINT('Ctrl Pts',(1.55789194613366,-0.000451301230114699,
-26.9940562256037));
#3901=CARTESIAN_POINT('Ctrl Pts',(1.55798655545861,-0.0251100069468246,
-26.9958299455847));
#3902=CARTESIAN_POINT('Ctrl Pts',(1.54628172546999,-0.564735556422356,-27.0346522325));
#3903=CARTESIAN_POINT('Ctrl Pts',(0.922136298877889,-1.59059202045613,-27.1105230863497));
#3904=CARTESIAN_POINT('Ctrl Pts',(-0.836345520678548,-1.63732850907343,
-27.2216687871526));
#3905=CARTESIAN_POINT('Ctrl Pts',(-1.82921173569485,-0.185206739859319,
-27.3328144879556));
#3906=CARTESIAN_POINT('Ctrl Pts',(-1.14756525705834,1.43645862400464,-27.4439601887585));
#3907=CARTESIAN_POINT('Ctrl Pts',(0.584597868304594,1.74314800296708,-27.5551058895616));
#3908=CARTESIAN_POINT('Ctrl Pts',(1.48241432836049,0.776298137859821,-27.6384712351765));
#3909=CARTESIAN_POINT('Ctrl Pts',(1.55640000408663,0.130843407809703,-27.6847880138573));
#3910=CARTESIAN_POINT('Ctrl Pts',(1.55523027751944,0.00142084397118641,
-27.6940562256037));
#3911=CARTESIAN_POINT('Origin',(0.,0.,-2.70594377439627));
#3912=CARTESIAN_POINT('',(1.55395268874517,0.0011613578260748,-26.1559437743963));
#3913=CARTESIAN_POINT('',(1.55389981499885,-0.00113855512833466,-26.2940562256037));
#3914=CARTESIAN_POINT('',(1.5555,4.99155096264371E-13,-2.70594377439627));
#3915=CARTESIAN_POINT('Ctrl Pts',(1.55395268874517,0.00116135782607482,
-26.1559437743963));
#3916=CARTESIAN_POINT('Ctrl Pts',(1.5515851618543,-0.340256563756379,-26.1803425697949));
#3917=CARTESIAN_POINT('Ctrl Pts',(1.27260003304316,-1.20362130263854,-26.2417899321278));
#3918=CARTESIAN_POINT('Ctrl Pts',(-0.153991035137824,-1.83210393654023,
-26.3402858613951));
#3919=CARTESIAN_POINT('Ctrl Pts',(-1.62283043547624,-0.864140875251669,
-26.451431562198));
#3920=CARTESIAN_POINT('Ctrl Pts',(-1.60608356276356,0.894881924917146,-26.562577263001));
#3921=CARTESIAN_POINT('Ctrl Pts',(-0.119080997071474,1.83470373368758,-26.673722963804));
#3922=CARTESIAN_POINT('Ctrl Pts',(1.28513197123539,1.18387959245595,-26.7715118009357));
#3923=CARTESIAN_POINT('Ctrl Pts',(1.55165886011431,0.330581418399237,-26.8322520711332));
#3924=CARTESIAN_POINT('Ctrl Pts',(1.55373547923696,-0.00105853038575462,
-26.8559437743963));
#3925=CARTESIAN_POINT('Ctrl Pts',(1.55389981499885,-0.0011385551283344,
-26.2940562256037));
#3926=CARTESIAN_POINT('Ctrl Pts',(1.55511625520301,-0.180486263256143,-26.3068718773121));
#3927=CARTESIAN_POINT('Ctrl Pts',(1.44356860689389,-0.876841099215848,-26.3567360959549));
#3928=CARTESIAN_POINT('Ctrl Pts',(0.415670088014466,-1.7909596789527,-26.4436488815319));
#3929=CARTESIAN_POINT('Ctrl Pts',(-1.27934234031776,-1.32045498885378,-26.5547945823349));
#3930=CARTESIAN_POINT('Ctrl Pts',(-1.80320749772342,0.358832677890003,-26.6659402831378));
#3931=CARTESIAN_POINT('Ctrl Pts',(-0.676363986268433,1.70963445348594,-26.7770859839408));
#3932=CARTESIAN_POINT('Ctrl Pts',(1.04177919831718,1.49880610212754,-26.8864579647628));
#3933=CARTESIAN_POINT('Ctrl Pts',(1.55601040367289,0.489948581240468,-26.9587813786503));
#3934=CARTESIAN_POINT('Ctrl Pts',(1.55789194613366,-0.000451301230114699,
-26.9940562256037));
#3935=CARTESIAN_POINT('Origin',(0.,0.,-2.70594377439627));
#3936=CARTESIAN_POINT('',(1.5579193262932,0.000410590002707124,-25.4559437743963));
#3937=CARTESIAN_POINT('',(1.5537844831619,0.00108394979996179,-25.5940562256037));
#3938=CARTESIAN_POINT('',(1.5555,4.99155096264371E-13,-2.70594377439627));
#3939=CARTESIAN_POINT('Ctrl Pts',(1.5579193262932,0.00041059000270714,-25.4559437743963));
#3940=CARTESIAN_POINT('Ctrl Pts',(1.55618263856983,-0.492272252600938,-25.4913845015223));
#3941=CARTESIAN_POINT('Ctrl Pts',(1.03768114637324,-1.50313642504963,-25.5638737955827));
#3942=CARTESIAN_POINT('Ctrl Pts',(-0.683993803224803,-1.70659618841359,
-25.6734116565773));
#3943=CARTESIAN_POINT('Ctrl Pts',(-1.80479231525753,-0.35077453155087,-25.7845573573803));
#3944=CARTESIAN_POINT('Ctrl Pts',(-1.27343134855904,1.32615635338247,-25.8957030581833));
#3945=CARTESIAN_POINT('Ctrl Pts',(0.423665783506921,1.7890850670196,-26.0068487589862));
#3946=CARTESIAN_POINT('Ctrl Pts',(1.44551683483876,0.87213762568518,-26.0935956643906));
#3947=CARTESIAN_POINT('Ctrl Pts',(1.55518015402716,0.178172502665446,-26.1432940028606));
#3948=CARTESIAN_POINT('Ctrl Pts',(1.55395268874517,0.00116135782607482,
-26.1559437743963));
#3949=CARTESIAN_POINT('Ctrl Pts',(1.5537844831619,0.00108394979996169,-25.5940562256037));
#3950=CARTESIAN_POINT('Ctrl Pts',(1.55163882733351,-0.332851577283554,-25.6179138090395));
#3951=CARTESIAN_POINT('Ctrl Pts',(1.2822179098401,-1.18851487687723,-25.6788199594096));
#3952=CARTESIAN_POINT('Ctrl Pts',(-0.127275056897095,-1.83415355204331,
-25.7767746767142));
#3953=CARTESIAN_POINT('Ctrl Pts',(-1.61006482457715,-0.887698965573981,
-25.8879203775171));
#3954=CARTESIAN_POINT('Ctrl Pts',(-1.61895433282895,0.871381122359107,-25.99906607832));
#3955=CARTESIAN_POINT('Ctrl Pts',(-0.14580586744363,1.83277353801344,-26.1102117791231));
#3956=CARTESIAN_POINT('Ctrl Pts',(1.27556587495714,1.19899404068205,-26.2085418282175));
#3957=CARTESIAN_POINT('Ctrl Pts',(1.55159966725644,0.337987219034594,-26.2698233103778));
#3958=CARTESIAN_POINT('Ctrl Pts',(1.55389981499885,-0.0011385551283344,
-26.2940562256037));
#3959=CARTESIAN_POINT('Origin',(0.,0.,-2.70594377439627));
#3960=CARTESIAN_POINT('',(1.5551612335455,-0.00141809403622277,-24.7559437743963));
#3961=CARTESIAN_POINT('',(1.55782156431972,0.000541638242356045,-24.8940562256037));
#3962=CARTESIAN_POINT('',(1.5555,4.99155096264371E-13,-2.70594377439627));
#3963=CARTESIAN_POINT('Ctrl Pts',(1.5551612335455,-0.00141809403622283,
-24.7559437743963));
#3964=CARTESIAN_POINT('Ctrl Pts',(1.5563453473685,-0.133171933974525,-24.7653778663154));
#3965=CARTESIAN_POINT('Ctrl Pts',(1.48072825858772,-0.780996254564194,-24.8118605251688));
#3966=CARTESIAN_POINT('Ctrl Pts',(0.576804672582274,-1.745741803031,-24.8953917509566));
#3967=CARTESIAN_POINT('Ctrl Pts',(-1.15396959569269,-1.43131835919876,-25.0065374517595));
#3968=CARTESIAN_POINT('Ctrl Pts',(-1.82836646833429,0.19337562057912,-25.1176831525625));
#3969=CARTESIAN_POINT('Ctrl Pts',(-0.829023395579377,1.64104792213513,-25.2288288533654));
#3970=CARTESIAN_POINT('Ctrl Pts',(0.929231851992688,1.58645713412116,-25.3399745541685));
#3971=CARTESIAN_POINT('Ctrl Pts',(1.54743426612536,0.560071940803511,-25.4156795278454));
#3972=CARTESIAN_POINT('Ctrl Pts',(1.55799811462184,0.0227621372602357,-25.454335934588));
#3973=CARTESIAN_POINT('Ctrl Pts',(1.5579193262932,0.00041059000270714,-25.4559437743963));
#3974=CARTESIAN_POINT('Ctrl Pts',(1.55782156431972,0.000541638242356059,
-24.8940562256037));
#3975=CARTESIAN_POINT('Ctrl Pts',(1.555634509366,-0.484698725575164,-24.9289557407669));
#3976=CARTESIAN_POINT('Ctrl Pts',(1.05098547202249,-1.48898361395777,-25.0009038228645));
#3977=CARTESIAN_POINT('Ctrl Pts',(-0.659050600872393,-1.71638296952795,
-25.1099004718964));
#3978=CARTESIAN_POINT('Ctrl Pts',(-1.7994887780511,-0.377038897556078,-25.2210461726993));
#3979=CARTESIAN_POINT('Ctrl Pts',(-1.29262248903674,1.30745756849956,-25.3321918735024));
#3980=CARTESIAN_POINT('Ctrl Pts',(0.397548094641992,1.79506927583267,-25.4433375743052));
#3981=CARTESIAN_POINT('Ctrl Pts',(1.43911151173677,0.887483541159524,-25.5306256916724));
#3982=CARTESIAN_POINT('Ctrl Pts',(1.5549708275669,0.185718660987904,-25.5808652421052));
#3983=CARTESIAN_POINT('Ctrl Pts',(1.5537844831619,0.00108394979996169,-25.5940562256037));
#3984=CARTESIAN_POINT('Origin',(0.,0.,-2.70594377439627));
#3985=CARTESIAN_POINT('',(1.55306408144633,0.000441968259690779,-24.0559437743963));
#3986=CARTESIAN_POINT('',(1.55538754349098,-0.00142300371700155,-24.1940562256037));
#3987=CARTESIAN_POINT('',(1.5555,4.99155096264371E-13,-2.70594377439627));
#3988=CARTESIAN_POINT('Ctrl Pts',(1.55306408144633,0.000441968259690898,
-24.0559437743963));
#3989=CARTESIAN_POINT('Ctrl Pts',(1.55233380689185,-0.286494795862982,-24.0764197980428));
#3990=CARTESIAN_POINT('Ctrl Pts',(1.3385508157082,-1.0936162144596,-24.1339443886237));
#3991=CARTESIAN_POINT('Ctrl Pts',(0.0400366691418696,-1.83812816155099,
-24.2285175461388));
#3992=CARTESIAN_POINT('Ctrl Pts',(-1.5226735576404,-1.03042870205828,-24.3396632469418));
#3993=CARTESIAN_POINT('Ctrl Pts',(-1.691484037649,0.720555218939843,-24.4508089477447));
#3994=CARTESIAN_POINT('Ctrl Pts',(-0.311860738191197,1.81192189487782,-24.5619546485477));
#3995=CARTESIAN_POINT('Ctrl Pts',(1.2119137852895,1.29275676904623,-24.6636662574316));
#3996=CARTESIAN_POINT('Ctrl Pts',(1.55169522093286,0.38423779657027,-24.7283292993811));
#3997=CARTESIAN_POINT('Ctrl Pts',(1.5551612335455,-0.00141809403622283,
-24.7559437743963));
#3998=CARTESIAN_POINT('Ctrl Pts',(1.55538754349098,-0.00142300371700124,
-24.1940562256037));
#3999=CARTESIAN_POINT('Ctrl Pts',(1.55652185502977,-0.125572351916877,-24.20294910556));
#4000=CARTESIAN_POINT('Ctrl Pts',(1.48618771033697,-0.765669797609692,-24.2488905524507));
#4001=CARTESIAN_POINT('Ctrl Pts',(0.602184484072618,-1.73715055183457,-24.3318805662757));
#4002=CARTESIAN_POINT('Ctrl Pts',(-1.13298817317048,-1.44798342257525,-24.4430262670786));
#4003=CARTESIAN_POINT('Ctrl Pts',(-1.83099044037467,0.166709927279786,-24.5541719678816));
#4004=CARTESIAN_POINT('Ctrl Pts',(-0.852850701712248,1.62879215162212,-24.6653176686845));
#4005=CARTESIAN_POINT('Ctrl Pts',(0.906013422152164,1.59983057586634,-24.7764633694875));
#4006=CARTESIAN_POINT('Ctrl Pts',(1.54363388856726,0.575291149272698,-24.8527095551272));
#4007=CARTESIAN_POINT('Ctrl Pts',(1.55795623938039,0.0304219004288713,-24.8919071738326));
#4008=CARTESIAN_POINT('Ctrl Pts',(1.55782156431972,0.000541638242356059,
-24.8940562256037));
#4009=CARTESIAN_POINT('Origin',(0.,0.,-2.70594377439627));
#4010=CARTESIAN_POINT('',(1.55678151202225,0.00118887935083466,-23.3559437743963));
#4011=CARTESIAN_POINT('',(1.55300851836052,0.000321890551254617,-23.4940562256037));
#4012=CARTESIAN_POINT('',(1.5555,4.99155096264371E-13,-2.70594377439627));
#4013=CARTESIAN_POINT('Ctrl Pts',(1.55678151202225,0.00118887935083465,
-23.3559437743963));
#4014=CARTESIAN_POINT('Ctrl Pts',(1.55306372569406,-0.437804222064874,-23.3874617297702));
#4015=CARTESIAN_POINT('Ctrl Pts',(1.12983689514508,-1.39909585966919,-23.4560282520785));
#4016=CARTESIAN_POINT('Ctrl Pts',(-0.500244933605609,-1.76920125468097,
-23.5616433413211));
#4017=CARTESIAN_POINT('Ctrl Pts',(-1.75774840229146,-0.539109105288178,
-23.672789042124));
#4018=CARTESIAN_POINT('Ctrl Pts',(-1.4061577611126,1.18449922922119,-23.783934742927));
#4019=CARTESIAN_POINT('Ctrl Pts',(0.232670671320777,1.82378245190317,-23.8950804437299));
#4020=CARTESIAN_POINT('Ctrl Pts',(1.39582849848593,0.983323708008846,-23.9857501208864));
#4021=CARTESIAN_POINT('Ctrl Pts',(1.5536551389131,0.232678071634407,-24.0393712311085));
#4022=CARTESIAN_POINT('Ctrl Pts',(1.55306408144633,0.000441968259690898,
-24.0559437743963));
#4023=CARTESIAN_POINT('Ctrl Pts',(1.55300851836052,0.000321890551254703,
-23.4940562256037));
#4024=CARTESIAN_POINT('Ctrl Pts',(1.55249175264626,-0.279055669942542,-23.5139910372874));
#4025=CARTESIAN_POINT('Ctrl Pts',(1.34697808471381,-1.07836156544614,-23.5709744159055));
#4026=CARTESIAN_POINT('Ctrl Pts',(0.0668198385587698,-1.83734953173639,
-23.6650063614578));
#4027=CARTESIAN_POINT('Ctrl Pts',(-1.50749523475297,-1.05250952955021,-23.7761520622609));
#4028=CARTESIAN_POINT('Ctrl Pts',(-1.70180524037252,0.69582836708312,-23.8872977630638));
#4029=CARTESIAN_POINT('Ctrl Pts',(-0.338233136783243,1.8071846994092,-23.9984434638668));
#4030=CARTESIAN_POINT('Ctrl Pts',(1.2010929661515,1.3076369304574,-24.1006962847134));
#4031=CARTESIAN_POINT('Ctrl Pts',(1.5517962074133,0.391645406471774,-24.1659005386257));
#4032=CARTESIAN_POINT('Ctrl Pts',(1.55538754349098,-0.00142300371700124,
-24.1940562256037));
#4033=CARTESIAN_POINT('Origin',(0.,0.,-2.70594377439627));
#4034=CARTESIAN_POINT('',(1.55678895052917,-0.00118625136728046,-22.6559437743963));
#4035=CARTESIAN_POINT('',(1.55656848609589,0.00125687219502364,-22.7940562256037));
#4036=CARTESIAN_POINT('',(1.5555,4.99155096264371E-13,-2.70594377439627));
#4037=CARTESIAN_POINT('Ctrl Pts',(1.55678895052917,-0.00118625136728023,
-22.6559437743963));
#4038=CARTESIAN_POINT('Ctrl Pts',(1.55743807799552,-0.0779488911886591,
-22.6614550945633));
#4039=CARTESIAN_POINT('Ctrl Pts',(1.5173834951224,-0.670050604405058,-22.7040149816646));
#4040=CARTESIAN_POINT('Ctrl Pts',(0.757653340200147,-1.67519535853176,-22.7836234357003));
#4041=CARTESIAN_POINT('Ctrl Pts',(-0.996625275590822,-1.54501007544168,
-22.8947691365033));
#4042=CARTESIAN_POINT('Ctrl Pts',(-1.83856407152764,-0.000477546275950244,
-23.0059148373062));
#4043=CARTESIAN_POINT('Ctrl Pts',(-0.997427738937977,1.54449214266691,-23.1170605381093));
#4044=CARTESIAN_POINT('Ctrl Pts',(0.756783011838321,1.67558871628921,-23.2282062389122));
#4045=CARTESIAN_POINT('Ctrl Pts',(1.51721944497544,0.670595280932017,-23.3078339843412));
#4046=CARTESIAN_POINT('Ctrl Pts',(1.55743389038251,0.0782211707164109,-23.3504131628359));
#4047=CARTESIAN_POINT('Ctrl Pts',(1.55678151202225,0.00118887935083465,
-23.3559437743963));
#4048=CARTESIAN_POINT('Ctrl Pts',(1.55656848609589,0.00125687219502359,
-22.7940562256037));
#4049=CARTESIAN_POINT('Ctrl Pts',(1.55277942394897,-0.430351445243222,-22.8250329690149));
#4050=CARTESIAN_POINT('Ctrl Pts',(1.1417816099503,-1.38450005386224,-22.8930582793603));
#4051=CARTESIAN_POINT('Ctrl Pts',(-0.474408884648984,-1.77630357843558,
-22.9981321566402));
#4052=CARTESIAN_POINT('Ctrl Pts',(-1.74970522153701,-0.564667893830608,
-23.1092778574431));
#4053=CARTESIAN_POINT('Ctrl Pts',(-1.42327041060866,1.16388123572933,-23.220423558246));
#4054=CARTESIAN_POINT('Ctrl Pts',(0.206067609601269,1.82697956553164,-23.331569259049));
#4055=CARTESIAN_POINT('Ctrl Pts',(1.38836543610011,0.998645970044846,-23.4227801481682));
#4056=CARTESIAN_POINT('Ctrl Pts',(1.5534521544528,0.24016359403176,-23.4769424703531));
#4057=CARTESIAN_POINT('Ctrl Pts',(1.55300851836052,0.000321890551254703,
-23.4940562256037));
#4058=CARTESIAN_POINT('Origin',(0.,0.,-2.70594377439627));
#4059=CARTESIAN_POINT('',(1.55306638616482,-0.000446192966371012,-21.9559437743963));
#4060=CARTESIAN_POINT('',(1.55699256554404,-0.00110695053379448,-22.0940562256037));
#4061=CARTESIAN_POINT('',(1.5555,4.99155096264371E-13,-2.70594377439627));
#4062=CARTESIAN_POINT('Ctrl Pts',(1.55306638616482,-0.000446192966371012,
-21.9559437743963));
#4063=CARTESIAN_POINT('Ctrl Pts',(1.5536624489275,-0.232411100737963,-21.9724970262907));
#4064=CARTESIAN_POINT('Ctrl Pts',(1.39609173748291,-0.98277742326053,-22.0260988451195));
#4065=CARTESIAN_POINT('Ctrl Pts',(0.233618053696969,-1.82366133866725,-22.1167492308826));
#4066=CARTESIAN_POINT('Ctrl Pts',(-1.40554225079961,-1.18522953657927,-22.2278949316855));
#4067=CARTESIAN_POINT('Ctrl Pts',(-1.75802822011874,0.538195921973481,-22.3390406324885));
#4068=CARTESIAN_POINT('Ctrl Pts',(-0.501163926179954,1.76894115002696,-22.4501863332914));
#4069=CARTESIAN_POINT('Ctrl Pts',(1.12940772584481,1.39961514776404,-22.5558207139274));
#4070=CARTESIAN_POINT('Ctrl Pts',(1.55307446970256,0.438070086712108,-22.624406527629));
#4071=CARTESIAN_POINT('Ctrl Pts',(1.55678895052917,-0.00118625136728023,
-22.6559437743963));
#4072=CARTESIAN_POINT('Ctrl Pts',(1.55699256554404,-0.00110695053379427,
-22.0940562256037));
#4073=CARTESIAN_POINT('Ctrl Pts',(1.55755021118743,-0.0703079075945674,
-22.0990263338079));
#4074=CARTESIAN_POINT('Ctrl Pts',(1.52192233500013,-0.654774262078565,-22.1410450089465));
#4075=CARTESIAN_POINT('Ctrl Pts',(0.781985861826698,-1.66397605286258,-22.2201122510194));
#4076=CARTESIAN_POINT('Ctrl Pts',(-0.974003706634024,-1.55937005616375,
-22.3312579518224));
#4077=CARTESIAN_POINT('Ctrl Pts',(-1.83836189867702,-0.0272712685732157,
-22.4424036526253));
#4078=CARTESIAN_POINT('Ctrl Pts',(-1.01983003711245,1.52979243297912,-22.5535493534283));
#4079=CARTESIAN_POINT('Ctrl Pts',(0.73228395921127,1.68643956182213,-22.6646950542312));
#4080=CARTESIAN_POINT('Ctrl Pts',(1.51255314064472,0.685880162281886,-22.7448640116231));
#4081=CARTESIAN_POINT('Ctrl Pts',(1.55731118898009,0.0858574223506865,-22.7879844020805));
#4082=CARTESIAN_POINT('Ctrl Pts',(1.55656848609589,0.00125687219502359,
-22.7940562256037));
#4083=CARTESIAN_POINT('Origin',(0.,0.,-2.70594377439627));
#4084=CARTESIAN_POINT('',(1.55515323550995,0.00141770350757004,-21.2559437743963));
#4085=CARTESIAN_POINT('',(1.55314000898711,-0.000562847195227228,-21.3940562256037));
#4086=CARTESIAN_POINT('',(1.5555,4.99155096264371E-13,-2.70594377439627));
#4087=CARTESIAN_POINT('Ctrl Pts',(1.55515323550995,0.00141770350757004,
-21.2559437743963));
#4088=CARTESIAN_POINT('Ctrl Pts',(1.55169210113116,-0.383973817993724,-21.2835389580181));
#4089=CARTESIAN_POINT('Ctrl Pts',(1.21229622028143,-1.29222565169908,-21.3481827085743));
#4090=CARTESIAN_POINT('Ctrl Pts',(-0.310919443633561,-1.8120836550042,-21.4498750260648));
#4091=CARTESIAN_POINT('Ctrl Pts',(-1.69110949726656,-0.721433809450071,
-21.5610207268678));
#4092=CARTESIAN_POINT('Ctrl Pts',(-1.52320863661371,1.02963756852021,-21.6721664276707));
#4093=CARTESIAN_POINT('Ctrl Pts',(0.0390817976976827,1.83814871168018,-21.7833121284737));
#4094=CARTESIAN_POINT('Ctrl Pts',(1.33824748091383,1.0941596830313,-21.8779045773822));
#4095=CARTESIAN_POINT('Ctrl Pts',(1.55232837443259,0.286759843242643,-21.9354484593564));
#4096=CARTESIAN_POINT('Ctrl Pts',(1.55306638616482,-0.000446192966371012,
-21.9559437743963));
#4097=CARTESIAN_POINT('Ctrl Pts',(1.55314000898711,-0.000562847195227072,
-21.3940562256037));
#4098=CARTESIAN_POINT('Ctrl Pts',(1.55386928983296,-0.224917066019623,-21.4100682655353));
#4099=CARTESIAN_POINT('Ctrl Pts',(1.40339927995777,-0.967448499698669,-21.4631288724013));
#4100=CARTESIAN_POINT('Ctrl Pts',(0.260169841206231,-1.82006314349906,-21.5532380462017));
#4101=CARTESIAN_POINT('Ctrl Pts',(-1.38812042012499,-1.20558694909533,-21.6643837470045));
#4102=CARTESIAN_POINT('Ctrl Pts',(-1.76568479776647,0.512518670424152,-21.7755294478076));
#4103=CARTESIAN_POINT('Ctrl Pts',(-0.526889857851564,1.76144976377133,-21.8866751486105));
#4104=CARTESIAN_POINT('Ctrl Pts',(1.11727176191887,1.4141553581456,-21.9928507412093));
#4105=CARTESIAN_POINT('Ctrl Pts',(1.55339336568311,0.445535245959696,-22.0619777668736));
#4106=CARTESIAN_POINT('Ctrl Pts',(1.55699256554404,-0.00110695053379427,
-22.0940562256037));
#4107=CARTESIAN_POINT('Origin',(0.,0.,-2.70594377439627));
#4108=CARTESIAN_POINT('',(1.55792235949948,-0.000405826946401543,-20.5559437743963));
#4109=CARTESIAN_POINT('',(1.55493133890962,0.00140078313617668,-20.6940562256037));
#4110=CARTESIAN_POINT('',(1.5555,4.99155096264371E-13,-2.70594377439627));
#4111=CARTESIAN_POINT('Ctrl Pts',(1.55792235949948,-0.000405826946401778,
-20.5559437743963));
#4112=CARTESIAN_POINT('Ctrl Pts',(1.55799938769248,-0.0224890780401563,
-20.5575323228112));
#4113=CARTESIAN_POINT('Ctrl Pts',(1.54756760554102,-0.559529636791488,-20.5961694381605));
#4114=CARTESIAN_POINT('Ctrl Pts',(0.930055855244262,-1.58597420511453,-20.6718551204441));
#4115=CARTESIAN_POINT('Ctrl Pts',(-0.828170796409646,-1.64147835963104,
-20.7830008212471));
#4116=CARTESIAN_POINT('Ctrl Pts',(-1.82826576737052,-0.194325389550308,
-20.89414652205));
#4117=CARTESIAN_POINT('Ctrl Pts',(-1.15471297753236,1.43071870494557,-21.005292222853));
#4118=CARTESIAN_POINT('Ctrl Pts',(0.575897721338427,1.74604120447371,-21.1164379236559));
#4119=CARTESIAN_POINT('Ctrl Pts',(1.48053122420671,0.781542656200675,-21.199988440837));
#4120=CARTESIAN_POINT('Ctrl Pts',(1.55633892901454,0.133442691202849,-21.2464903910838));
#4121=CARTESIAN_POINT('Ctrl Pts',(1.55515323550995,0.00141770350757004,
-21.2559437743963));
#4122=CARTESIAN_POINT('Ctrl Pts',(1.55493133890962,0.00140078313617679,
-20.6940562256037));
#4123=CARTESIAN_POINT('Ctrl Pts',(1.55161764860004,-0.376569447589294,-20.7211101972628));
#4124=CARTESIAN_POINT('Ctrl Pts',(1.22293391801172,-1.27730596235445,-20.7852127358562));
#4125=CARTESIAN_POINT('Ctrl Pts',(-0.284478562660861,-1.81642234625743,
-20.8863638413839));
#4126=CARTESIAN_POINT('Ctrl Pts',(-1.68041633656337,-0.746002096785176,
-20.9975095421869));
#4127=CARTESIAN_POINT('Ctrl Pts',(-1.53805202709631,1.00733021127229,-21.1086552429898));
#4128=CARTESIAN_POINT('Ctrl Pts',(0.0122899282271265,1.83852308940114,-21.2198009437927));
#4129=CARTESIAN_POINT('Ctrl Pts',(1.32965441415286,1.10939809878449,-21.3149346046641));
#4130=CARTESIAN_POINT('Ctrl Pts',(1.5521818839592,0.294192449606689,-21.373019698601));
#4131=CARTESIAN_POINT('Ctrl Pts',(1.55314000898711,-0.000562847195227072,
-21.3940562256037));
#4132=CARTESIAN_POINT('Origin',(0.,0.,-2.70594377439627));
#4133=CARTESIAN_POINT('',(1.55395891554979,-0.00116395541548137,-19.8559437743963));
#4134=CARTESIAN_POINT('',(1.55799396084038,-0.00027009369368447,-19.9940562256037));
#4135=CARTESIAN_POINT('',(1.5555,4.99155096264371E-13,-2.70594377439627));
#4136=CARTESIAN_POINT('Ctrl Pts',(1.55395891554979,-0.00116395541548148,
-19.8559437743963));
#4137=CARTESIAN_POINT('Ctrl Pts',(1.55518757298421,-0.177903369045004,-19.8685742545386));
#4138=CARTESIAN_POINT('Ctrl Pts',(1.4457425550025,-0.871590629994796,-19.9182533016153));
#4139=CARTESIAN_POINT('Ctrl Pts',(0.424595115640699,-1.7888647408166,-20.0049809156263));
#4140=CARTESIAN_POINT('Ctrl Pts',(-1.27274226849844,-1.32681769325715,-20.1161266164293));
#4141=CARTESIAN_POINT('Ctrl Pts',(-1.80497429117238,0.349836935399303,-20.2272723172323));
#4142=CARTESIAN_POINT('Ctrl Pts',(-0.684880249094121,1.70624063882079,-20.3384180180352));
#4143=CARTESIAN_POINT('Ctrl Pts',(1.03720339440479,1.50363959909518,-20.4479751704232));
#4144=CARTESIAN_POINT('Ctrl Pts',(1.55620291480115,0.492542631774218,-20.5204837558769));
#4145=CARTESIAN_POINT('Ctrl Pts',(1.55792235949948,-0.000405826946401778,
-20.5559437743963));
#4146=CARTESIAN_POINT('Ctrl Pts',(1.55799396084038,-0.00027009369368444,
-19.9940562256037));
#4147=CARTESIAN_POINT('Ctrl Pts',(1.55802890549277,-0.014827880347632,-19.9951035620559));
#4148=CARTESIAN_POINT('Ctrl Pts',(1.5512491712752,-0.544320660816987,-20.0331994654423));
#4149=CARTESIAN_POINT('Ctrl Pts',(0.953069833414852,-1.57225191532131,-20.1083439357632));
#4150=CARTESIAN_POINT('Ctrl Pts',(-0.804161261287035,-1.65337317579614,
-20.2194896365661));
#4151=CARTESIAN_POINT('Ctrl Pts',(-1.82523970340709,-0.220948450330288,
-20.3306353373691));
#4152=CARTESIAN_POINT('Ctrl Pts',(-1.17544053186253,1.41373892520921,-20.441781038172));
#4153=CARTESIAN_POINT('Ctrl Pts',(0.550391155968523,1.75424849095805,-20.552926738975));
#4154=CARTESIAN_POINT('Ctrl Pts',(1.47493477980479,0.796874126777076,-20.6370184681189));
#4155=CARTESIAN_POINT('Ctrl Pts',(1.5561555212193,0.141034975475835,-20.6840616303284));
#4156=CARTESIAN_POINT('Ctrl Pts',(1.55493133890962,0.00140078313617679,
-20.6940562256037));
#4157=CARTESIAN_POINT('Origin',(0.,0.,-2.70594377439627));
#4158=CARTESIAN_POINT('',(1.55372986682785,0.0010555246592514,-19.1559437743963));
#4159=CARTESIAN_POINT('',(1.55413971191145,-0.00123207471758729,-19.2940562256037));
#4160=CARTESIAN_POINT('',(1.5555,4.99155096264371E-13,-2.70594377439627));
#4161=CARTESIAN_POINT('Ctrl Pts',(1.55372986682785,0.00105552465925121,
-19.1559437743963));
#4162=CARTESIAN_POINT('Ctrl Pts',(1.55166130150713,-0.330317387534342,-19.1796161862661));
#4163=CARTESIAN_POINT('Ctrl Pts',(1.28546984307198,-1.18334037188723,-19.2403371650702));
#4164=CARTESIAN_POINT('Ctrl Pts',(-0.118127892179707,-1.83476534582817,
-19.3381067108085));
#4165=CARTESIAN_POINT('Ctrl Pts',(-1.60561847600996,-0.895716128390139,
-19.4492524116116));
#4166=CARTESIAN_POINT('Ctrl Pts',(-1.62327911769976,0.86329773496902,-19.5603981124145));
#4167=CARTESIAN_POINT('Ctrl Pts',(-0.154942751198911,1.83202369444658,-19.6715438132175));
#4168=CARTESIAN_POINT('Ctrl Pts',(1.27225408310542,1.20415927788442,-19.770059033878));
#4169=CARTESIAN_POINT('Ctrl Pts',(1.55158359303369,0.340520469319179,-19.8315256876043));
#4170=CARTESIAN_POINT('Ctrl Pts',(1.55395891554979,-0.00116395541548148,
-19.8559437743963));
#4171=CARTESIAN_POINT('Ctrl Pts',(1.55413971191145,-0.0012320747175871,
-19.2940562256037));
#4172=CARTESIAN_POINT('Ctrl Pts',(1.55539424476153,-0.170348706273854,-19.3061454937833));
#4173=CARTESIAN_POINT('Ctrl Pts',(1.45200268277668,-0.85624536564347,-19.3552833288972));
#4174=CARTESIAN_POINT('Ctrl Pts',(0.450619527762785,-1.7824870921821,-19.4414697309454));
#4175=CARTESIAN_POINT('Ctrl Pts',(-1.25327114476803,-1.34522475084604,-19.5526154317483));
#4176=CARTESIAN_POINT('Ctrl Pts',(-1.80988088990294,0.323495528502508,-19.6637611325513));
#4177=CARTESIAN_POINT('Ctrl Pts',(-0.709672926824892,1.69607857410226,-19.7749068333543));
#4178=CARTESIAN_POINT('Ctrl Pts',(1.02370118714996,1.51771855905385,-19.8850051977051));
#4179=CARTESIAN_POINT('Ctrl Pts',(1.55679277044715,0.50014047786388,-19.9580549951215));
#4180=CARTESIAN_POINT('Ctrl Pts',(1.55799396084038,-0.00027009369368444,
-19.9940562256037));
#4181=CARTESIAN_POINT('Origin',(0.,0.,-2.70594377439627));
#4182=CARTESIAN_POINT('',(1.55778269706961,0.000585199953493553,-18.4559437743963));
#4183=CARTESIAN_POINT('',(1.55357953282956,0.000967134653833343,-18.5940562256037));
#4184=CARTESIAN_POINT('',(1.5555,4.99155096264371E-13,-2.70594377439627));
#4185=CARTESIAN_POINT('Ctrl Pts',(1.5577826970696,0.000585199953493675,
-18.4559437743963));
#4186=CARTESIAN_POINT('Ctrl Pts',(1.55545601318797,-0.482112554594521,-18.4906581179935));
#4187=CARTESIAN_POINT('Ctrl Pts',(1.05549368551571,-1.48412538642864,-18.562421028525));
#4188=CARTESIAN_POINT('Ctrl Pts',(-0.650484051583459,-1.71964780458044,
-18.6712325059908));
#4189=CARTESIAN_POINT('Ctrl Pts',(-1.79758635908935,-0.386006936179477,
-18.7823782067938));
#4190=CARTESIAN_POINT('Ctrl Pts',(-1.29912573016304,1.30099593019777,-18.8935239075967));
#4191=CARTESIAN_POINT('Ctrl Pts',(0.388592449874627,1.79702920985254,-19.0046696083997));
#4192=CARTESIAN_POINT('Ctrl Pts',(1.43688749373952,0.892733991771388,-19.0921428973329));
#4193=CARTESIAN_POINT('Ctrl Pts',(1.55489871479498,0.188298610918333,-19.1425676193317));
#4194=CARTESIAN_POINT('Ctrl Pts',(1.55372986682785,0.00105552465925121,
-19.1559437743963));
#4195=CARTESIAN_POINT('Ctrl Pts',(1.55357953282956,0.000967134653833187,
-18.5940562256037));
#4196=CARTESIAN_POINT('Ctrl Pts',(1.55173864024924,-0.322908405076082,-18.6171874255107));
#4197=CARTESIAN_POINT('Ctrl Pts',(1.29486205551305,-1.16820017899487,-18.677367192352));
#4198=CARTESIAN_POINT('Ctrl Pts',(-0.091376936308712,-1.83629203780548,
-18.7745955261276));
#4199=CARTESIAN_POINT('Ctrl Pts',(-1.59239454035853,-0.919020032661574,
-18.8857412269306));
#4200=CARTESIAN_POINT('Ctrl Pts',(-1.63568777832087,0.839549691470758,-18.9968869277335));
#4201=CARTESIAN_POINT('Ctrl Pts',(-0.181624758560206,1.82957116277966,-19.1080326285365));
#4202=CARTESIAN_POINT('Ctrl Pts',(1.26246054755677,1.21923758141758,-19.2070890611599));
#4203=CARTESIAN_POINT('Ctrl Pts',(1.55154962459286,0.34792326444037,-19.269096926849));
#4204=CARTESIAN_POINT('Ctrl Pts',(1.55413971191145,-0.0012320747175871,
-19.2940562256037));
#4205=CARTESIAN_POINT('Origin',(0.,0.,-2.70594377439627));
#4206=CARTESIAN_POINT('',(1.55546560781547,-0.00142198292309934,-17.7559437743963));
#4207=CARTESIAN_POINT('',(1.55765469326585,0.000708173921107683,-17.8940562256037));
#4208=CARTESIAN_POINT('',(1.5555,4.99155096264371E-13,-2.70594377439627));
#4209=CARTESIAN_POINT('Ctrl Pts',(1.55546560781547,-0.00142198292309929,
-17.7559437743963));
#4210=CARTESIAN_POINT('Ctrl Pts',(1.55658055774153,-0.122970641749876,-17.7646514827866));
#4211=CARTESIAN_POINT('Ctrl Pts',(1.48802544260517,-0.760427161814545,-17.8104077581112));
#4212=CARTESIAN_POINT('Ctrl Pts',(0.610838884746553,-1.73412627280841,-17.8932126003701));
#4213=CARTESIAN_POINT('Ctrl Pts',(-1.12575403569217,-1.45361477850412,-18.0043583011731));
#4214=CARTESIAN_POINT('Ctrl Pts',(-1.831798906349,0.157578043716072,-18.115504001976));
#4215=CARTESIAN_POINT('Ctrl Pts',(-0.860961677826982,1.62451933274927,-18.226649702779));
#4216=CARTESIAN_POINT('Ctrl Pts',(0.898024959793985,1.60432828459446,-18.3377954035819));
#4217=CARTESIAN_POINT('Ctrl Pts',(1.54230702929688,0.580500513712104,-18.4142267607877));
#4218=CARTESIAN_POINT('Ctrl Pts',(1.55793914536307,0.0330422262629505,-18.4536095510592));
#4219=CARTESIAN_POINT('Ctrl Pts',(1.5577826970696,0.000585199953493675,
-18.4559437743963));
#4220=CARTESIAN_POINT('Ctrl Pts',(1.55765469326585,0.000708173921107743,
-17.8940562256037));
#4221=CARTESIAN_POINT('Ctrl Pts',(1.55496048702851,-0.474567738253274,-17.9282293572381));
#4222=CARTESIAN_POINT('Ctrl Pts',(1.06854277671086,-1.46988086579043,-17.9994510558068));
#4223=CARTESIAN_POINT('Ctrl Pts',(-0.625354203304779,-1.72894485539765,
-18.1077213213099));
#4224=CARTESIAN_POINT('Ctrl Pts',(-1.79177013790775,-0.412162547423965,
-18.2188670221128));
#4225=CARTESIAN_POINT('Ctrl Pts',(-1.31794747443816,1.2819253672578,-18.3300127229158));
#4226=CARTESIAN_POINT('Ctrl Pts',(0.362362713335186,1.80250144426608,-18.4411584237187));
#4227=CARTESIAN_POINT('Ctrl Pts',(1.43029175946011,0.908079350134393,-18.5291729246147));
#4228=CARTESIAN_POINT('Ctrl Pts',(1.55468714409924,0.195833582383467,-18.5801388585764));
#4229=CARTESIAN_POINT('Ctrl Pts',(1.55357953282956,0.000967134653833187,
-18.5940562256037));
#4230=CARTESIAN_POINT('Origin',(0.,0.,-2.70594377439627));
#4231=CARTESIAN_POINT('',(1.55299352415297,0.000280212182556715,-17.0559437743963));
#4232=CARTESIAN_POINT('',(1.55569496226088,-0.00141103540730519,-17.1940562256037));
#4233=CARTESIAN_POINT('',(1.5555,4.99155096264371E-13,-2.70594377439627));
#4234=CARTESIAN_POINT('Ctrl Pts',(1.55299352415297,0.00028021218255677,
-17.0559437743963));
#4235=CARTESIAN_POINT('Ctrl Pts',(1.55254808859411,-0.276508901962775,-17.075693414514));
#4236=CARTESIAN_POINT('Ctrl Pts',(1.3498248590525,-1.07313892938522,-17.132491621566));
#4237=CARTESIAN_POINT('Ctrl Pts',(0.0759805230001633,-1.83699347665892,
-17.2263383955523));
#4238=CARTESIAN_POINT('Ctrl Pts',(-1.50222837359839,-1.06001320120021,-17.3374840963553));
#4239=CARTESIAN_POINT('Ctrl Pts',(-1.70525364068681,0.687334048397982,-17.4486297971583));
#4240=CARTESIAN_POINT('Ctrl Pts',(-0.347240032429132,1.80547568054554,-17.5597754979612));
#4241=CARTESIAN_POINT('Ctrl Pts',(1.19734985679241,1.31271889275941,-17.6622134903739));
#4242=CARTESIAN_POINT('Ctrl Pts',(1.55183679565022,0.394180762556509,-17.7276029158523));
#4243=CARTESIAN_POINT('Ctrl Pts',(1.55546560781547,-0.00142198292309929,
-17.7559437743963));
#4244=CARTESIAN_POINT('Ctrl Pts',(1.55569496226088,-0.00141103540730507,
-17.1940562256037));
#4245=CARTESIAN_POINT('Ctrl Pts',(1.55674711561675,-0.115362050200221,-17.2022227220312));
#4246=CARTESIAN_POINT('Ctrl Pts',(1.49330937778953,-0.745108088803773,-17.247437785393));
#4247=CARTESIAN_POINT('Ctrl Pts',(0.636045807066648,-1.72504026732998,-17.3297014156891));
#4248=CARTESIAN_POINT('Ctrl Pts',(-1.10445067870509,-1.46986628334172,-17.4408471164921));
#4249=CARTESIAN_POINT('Ctrl Pts',(-1.83390082848036,0.130866129674599,-17.551992817295));
#4250=CARTESIAN_POINT('Ctrl Pts',(-0.884544718305786,1.61179987402725,-17.663138518098));
#4251=CARTESIAN_POINT('Ctrl Pts',(0.874549403453519,1.61724504436279,-17.774284218901));
#4252=CARTESIAN_POINT('Ctrl Pts',(1.53835085976213,0.595732746340932,-17.8512567880695));
#4253=CARTESIAN_POINT('Ctrl Pts',(1.5578813922937,0.040699391281322,-17.8911807903038));
#4254=CARTESIAN_POINT('Ctrl Pts',(1.55765469326585,0.000708173921107743,
-17.8940562256037));
#4255=CARTESIAN_POINT('Origin',(0.,0.,-2.70594377439627));
#4256=CARTESIAN_POINT('',(1.55649384151529,0.0012775515910833,-16.3559437743963));
#4257=CARTESIAN_POINT('',(1.55296178398615,0.000157134124832425,-16.4940562256037));
#4258=CARTESIAN_POINT('',(1.5555,4.99155096264371E-13,-2.70594377439627));
#4259=CARTESIAN_POINT('Ctrl Pts',(1.55649384151529,0.00127755159108323,
-16.3559437743963));
#4260=CARTESIAN_POINT('Ctrl Pts',(1.55268958371588,-0.427804011668104,-16.3867353462414));
#4261=CARTESIAN_POINT('Ctrl Pts',(1.14582615116944,-1.37949425763969,-16.4545754850208));
#4262=CARTESIAN_POINT('Ctrl Pts',(-0.465545853810427,-1.7786469945334,-16.5594641907346));
#4263=CARTESIAN_POINT('Ctrl Pts',(-1.74686785397095,-0.573385362496897,
-16.6706098915375));
#4264=CARTESIAN_POINT('Ctrl Pts',(-1.42905611526858,1.15676993934674,-16.7817555923405));
#4265=CARTESIAN_POINT('Ctrl Pts',(0.196955235361815,1.82798432937112,-16.8929012931434));
#4266=CARTESIAN_POINT('Ctrl Pts',(1.38577723042823,1.00388664892866,-16.9842973538287));
#4267=CARTESIAN_POINT('Ctrl Pts',(1.55338368605405,0.242722839020783,-17.0386448475797));
#4268=CARTESIAN_POINT('Ctrl Pts',(1.55299352415297,0.00028021218255677,
-17.0559437743963));
#4269=CARTESIAN_POINT('Ctrl Pts',(1.55296178398615,0.000157134124832582,
-16.4940562256037));
#4270=CARTESIAN_POINT('Ctrl Pts',(1.5527191203422,-0.269060695048228,-16.5132646537586));
#4271=CARTESIAN_POINT('Ctrl Pts',(1.35803936214498,-1.05786543094778,-16.5695216488478));
#4272=CARTESIAN_POINT('Ctrl Pts',(0.1027433400049,-1.83569115013435,-16.6628272108714));
#4273=CARTESIAN_POINT('Ctrl Pts',(-1.48662108052096,-1.08179293561552,-16.7739729116743));
#4274=CARTESIAN_POINT('Ctrl Pts',(-1.71508924243068,0.662410056608087,-16.8851186124773));
#4275=CARTESIAN_POINT('Ctrl Pts',(-0.373514732539462,1.80022357977361,-16.9962643132802));
#4276=CARTESIAN_POINT('Ctrl Pts',(1.18628982761349,1.32754455171627,-17.0992435176557));
#4277=CARTESIAN_POINT('Ctrl Pts',(1.55197386011163,0.401594252453744,-17.1651741550969));
#4278=CARTESIAN_POINT('Ctrl Pts',(1.55569496226088,-0.00141103540730507,
-17.1940562256037));
#4279=CARTESIAN_POINT('Origin',(0.,0.,-2.70594377439627));
#4280=CARTESIAN_POINT('',(1.55705971243527,-0.00107740187185641,-15.6559437743963));
#4281=CARTESIAN_POINT('',(1.55627179623914,0.00133026847908526,-15.7940562256037));
#4282=CARTESIAN_POINT('',(1.5555,4.99155096264371E-13,-2.70594377439627));
#4283=CARTESIAN_POINT('Ctrl Pts',(1.55705971243527,-0.00107740187185621,
-15.6559437743963));
#4284=CARTESIAN_POINT('Ctrl Pts',(1.55758611954861,-0.0676926262451696,
-15.6607287110345));
#4285=CARTESIAN_POINT('Ctrl Pts',(1.52344717999393,-0.649549510649156,-15.702562214607));
#4286=CARTESIAN_POINT('Ctrl Pts',(0.790273156494173,-1.66005614702862,-15.7814442851138));
#4287=CARTESIAN_POINT('Ctrl Pts',(-0.966216144827982,-1.56420728633916,
-15.8925899859168));
#4288=CARTESIAN_POINT('Ctrl Pts',(-1.8382030307464,-0.0364374932940891,
-16.0037356867197));
#4289=CARTESIAN_POINT('Ctrl Pts',(-1.0274452953905,1.5246882429345,-16.1148813875227));
#4290=CARTESIAN_POINT('Ctrl Pts',(0.723865804067893,1.69006993076142,-16.2260270883257));
#4291=CARTESIAN_POINT('Ctrl Pts',(1.51092806930611,0.691111574949831,-16.3063812172835));
#4292=CARTESIAN_POINT('Ctrl Pts',(1.55726688494707,0.0884689833145094,-16.3496867793071));
#4293=CARTESIAN_POINT('Ctrl Pts',(1.55649384151529,0.00127755159108323,
-16.3559437743963));
#4294=CARTESIAN_POINT('Ctrl Pts',(1.55627179623914,0.00133026847908518,
-15.7940562256037));
#4295=CARTESIAN_POINT('Ctrl Pts',(1.55244839050446,-0.420365073135375,-15.824306585486));
#4296=CARTESIAN_POINT('Ctrl Pts',(1.15752457390651,-1.36482995186165,-15.8916055123027));
#4297=CARTESIAN_POINT('Ctrl Pts',(-0.439575834389843,-1.78524263852772,
-15.9959530060536));
#4298=CARTESIAN_POINT('Ctrl Pts',(-1.73832631352397,-0.598781947212117,
-16.1070987068566));
#4299=CARTESIAN_POINT('Ctrl Pts',(-1.4457622288287,1.1358211876388,-16.2182444076595));
#4300=CARTESIAN_POINT('Ctrl Pts',(0.170294730979048,1.83066050844981,-16.3293901084625));
#4301=CARTESIAN_POINT('Ctrl Pts',(1.37811035717701,1.01919839966213,-16.4213273811106));
#4302=CARTESIAN_POINT('Ctrl Pts',(1.55318716177605,0.250197553653791,-16.4762160868243));
#4303=CARTESIAN_POINT('Ctrl Pts',(1.55296178398615,0.000157134124832582,
-16.4940562256037));
#4304=CARTESIAN_POINT('Origin',(0.,0.,-2.70594377439627));
#4305=CARTESIAN_POINT('',(1.55316907919068,-0.000601838522684568,-14.9559437743963));
#4306=CARTESIAN_POINT('',(1.55724770457938,-0.000984283964870353,-15.0940562256037));
#4307=CARTESIAN_POINT('',(1.5555,4.99155096264371E-13,-2.70594377439627));
#4308=CARTESIAN_POINT('Ctrl Pts',(1.55316907919068,-0.000601838522684695,
-14.9559437743963));
#4309=CARTESIAN_POINT('Ctrl Pts',(1.55394069213468,-0.222351124203103,-14.9717706427619));
#4310=CARTESIAN_POINT('Ctrl Pts',(1.40586523034629,-0.962202520677752,-15.0246460780618));
#4311=CARTESIAN_POINT('Ctrl Pts',(0.269241924043298,-1.81874320878464,-15.1145700802961));
#4312=CARTESIAN_POINT('Ctrl Pts',(-1.38209176012325,-1.21249348029678,-15.225715781099));
#4313=CARTESIAN_POINT('Ctrl Pts',(-1.76821837164637,0.503708113231306,-15.336861481902));
#4314=CARTESIAN_POINT('Ctrl Pts',(-0.535666358252768,1.75880062138919,-15.4480071827049));
#4315=CARTESIAN_POINT('Ctrl Pts',(1.11307691879013,1.41911738852862,-15.5543679468697));
#4316=CARTESIAN_POINT('Ctrl Pts',(1.55351028100613,0.448092385272391,-15.6236801441002));
#4317=CARTESIAN_POINT('Ctrl Pts',(1.55705971243527,-0.00107740187185621,
-15.6559437743963));
#4318=CARTESIAN_POINT('Ctrl Pts',(1.55724770457938,-0.000984283964870214,
-15.0940562256037));
#4319=CARTESIAN_POINT('Ctrl Pts',(1.55768393483853,-0.060046160928721,-15.0982999502791));
#4320=CARTESIAN_POINT('Ctrl Pts',(1.52782268907838,-0.634284718204427,-15.1395922418888));
#4321=CARTESIAN_POINT('Ctrl Pts',(0.814381587793733,-1.64836307349428,-15.2179331004329));
#4322=CARTESIAN_POINT('Ctrl Pts',(-0.943318039716159,-1.57812207022873,
-15.3290788012358));
#4323=CARTESIAN_POINT('Ctrl Pts',(-1.83747684451355,-0.0632221359454399,
-15.4402245020388));
#4324=CARTESIAN_POINT('Ctrl Pts',(-1.04955580007591,1.50955318393357,-15.5513702028418));
#4325=CARTESIAN_POINT('Ctrl Pts',(0.699159208773736,1.70043952946991,-15.6625159036447));
#4326=CARTESIAN_POINT('Ctrl Pts',(1.50609455012345,0.706406910565441,-15.7434112445654));
#4327=CARTESIAN_POINT('Ctrl Pts',(1.55713103573015,0.0960984714464695,-15.7872580185517));
#4328=CARTESIAN_POINT('Ctrl Pts',(1.55627179623914,0.00133026847908518,
-15.7940562256037));
#4329=CARTESIAN_POINT('Origin',(0.,0.,-2.70594377439627));
#4330=CARTESIAN_POINT('',(1.55485663349146,0.00139237900887157,-14.2559437743963));
#4331=CARTESIAN_POINT('',(1.55326534552904,-0.000712655602065765,-14.3940562256037));
#4332=CARTESIAN_POINT('',(1.5555,4.99155096264371E-13,-2.70594377439627));
#4333=CARTESIAN_POINT('Ctrl Pts',(1.55485663349146,0.00139237900887164,
-14.2559437743963));
#4334=CARTESIAN_POINT('Ctrl Pts',(1.55159780523618,-0.374036618322208,-14.2828125744893));
#4335=CARTESIAN_POINT('Ctrl Pts',(1.22653310402807,-1.27219286241188,-14.3467299415166));
#4336=CARTESIAN_POINT('Ctrl Pts',(-0.275417853389259,-1.81781821951405,
-14.4476958754783));
#4337=CARTESIAN_POINT('Ctrl Pts',(-1.67667565074033,-0.754371815073509,
-14.5588415762812));
#4338=CARTESIAN_POINT('Ctrl Pts',(-1.54305569753124,0.9996485319747,-14.6699872770842));
#4339=CARTESIAN_POINT('Ctrl Pts',(0.00312240726192391,1.8385614821745,-14.7811329778872));
#4340=CARTESIAN_POINT('Ctrl Pts',(1.3266773153442,1.11460790858831,-14.8764518103245));
#4341=CARTESIAN_POINT('Ctrl Pts',(1.55213445017053,0.296734083520254,-14.9347220758276));
#4342=CARTESIAN_POINT('Ctrl Pts',(1.55316907919068,-0.000601838522684695,
-14.9559437743963));
#4343=CARTESIAN_POINT('Ctrl Pts',(1.55326534552904,-0.000712655602065418,
-14.3940562256037));
#4344=CARTESIAN_POINT('Ctrl Pts',(1.55415096587835,-0.214845885853799,-14.4093418820065));
#4345=CARTESIAN_POINT('Ctrl Pts',(1.41297336588482,-0.946866670099305,-14.4616761053437));
#4346=CARTESIAN_POINT('Ctrl Pts',(0.295718256191947,-1.81462638180749,-14.5510588956151));
#4347=CARTESIAN_POINT('Ctrl Pts',(-1.36427509628578,-1.23250624917336,-14.6622045964181));
#4348=CARTESIAN_POINT('Ctrl Pts',(-1.77537126939087,0.477886020321138,-14.7733502972211));
#4349=CARTESIAN_POINT('Ctrl Pts',(-0.561240846541903,1.75080750077496,-14.884495998024));
#4350=CARTESIAN_POINT('Ctrl Pts',(1.10069149984116,1.43358179336845,-14.9913979741515));
#4351=CARTESIAN_POINT('Ctrl Pts',(1.55387555724781,0.455575862018491,-15.0612513833448));
#4352=CARTESIAN_POINT('Ctrl Pts',(1.55724770457938,-0.000984283964870214,
-15.0940562256037));
#4353=CARTESIAN_POINT('Origin',(0.,0.,-2.70594377439627));
#4354=CARTESIAN_POINT('',(1.55801217666744,-0.000222868299137153,-13.5559437743963));
#4355=CARTESIAN_POINT('',(1.55464283351947,0.00136034401289654,-13.6940562256037));
#4356=CARTESIAN_POINT('',(1.5555,4.99155096264371E-13,-2.70594377439627));
#4357=CARTESIAN_POINT('Ctrl Pts',(1.55801217666744,-0.00022286829913702,
-13.5559437743963));
#4358=CARTESIAN_POINT('Ctrl Pts',(1.55803619850594,-0.0122064267025767,
-13.5568059392824));
#4359=CARTESIAN_POINT('Ctrl Pts',(1.55248259867834,-0.539119295417904,-13.5947166711028));
#4360=CARTESIAN_POINT('Ctrl Pts',(0.960897637140101,-1.5674800809265,-13.6696759698576));
#4361=CARTESIAN_POINT('Ctrl Pts',(-0.795907089177208,-1.65736235584143,
-13.7808216706605));
#4362=CARTESIAN_POINT('Ctrl Pts',(-1.82411527259619,-0.230046833153843,
-13.8919673714635));
#4363=CARTESIAN_POINT('Ctrl Pts',(-1.18247517908181,1.40786026437932,-14.0031130722665));
#4364=CARTESIAN_POINT('Ctrl Pts',(0.541637151779673,1.75697104955511,-14.1142587730694));
#4365=CARTESIAN_POINT('Ctrl Pts',(1.47298933940769,0.802120647016825,-14.1985356737794));
#4366=CARTESIAN_POINT('Ctrl Pts',(1.55609130387866,0.143630947350796,-14.245764007555));
#4367=CARTESIAN_POINT('Ctrl Pts',(1.55485663349146,0.00139237900887164,
-14.2559437743963));
#4368=CARTESIAN_POINT('Ctrl Pts',(1.55464283351947,0.00136034401289654,
-13.6940562256037));
#4369=CARTESIAN_POINT('Ctrl Pts',(1.55155589405946,-0.366634828469758,-13.7203838137339));
#4370=CARTESIAN_POINT('Ctrl Pts',(1.23693530939586,-1.25722502157777,-13.7837599687985));
#4371=CARTESIAN_POINT('Ctrl Pts',(-0.248897170883701,-1.82163892989885,
-13.8841846907974));
#4372=CARTESIAN_POINT('Ctrl Pts',(-1.66550401023969,-0.778726257726336,
-13.9953303916003));
#4373=CARTESIAN_POINT('Ctrl Pts',(-1.55745994430171,0.977055123569129,-14.1064760924033));
#4374=CARTESIAN_POINT('Ctrl Pts',(-0.023671659532949,1.83841177246337,-14.2176217932062));
#4375=CARTESIAN_POINT('Ctrl Pts',(1.31786717632631,1.12982291422304,-14.3134818376064));
#4376=CARTESIAN_POINT('Ctrl Pts',(1.55200444603483,0.304158931785803,-14.3722933150722));
#4377=CARTESIAN_POINT('Ctrl Pts',(1.55326534552904,-0.000712655602065418,
-14.3940562256037));
#4378=CARTESIAN_POINT('Origin',(0.,0.,-2.70594377439627));
#4379=CARTESIAN_POINT('',(1.55420410921326,-0.00125320980792412,-12.8559437743963));
#4380=CARTESIAN_POINT('',(1.55804602607936,-8.3328384504755E-5,-12.9940562256037));
#4381=CARTESIAN_POINT('',(1.5555,4.99155096264371E-13,-2.70594377439627));
#4382=CARTESIAN_POINT('Ctrl Pts',(1.55420410921326,-0.00125320980792388,
-12.8559437743963));
#4383=CARTESIAN_POINT('Ctrl Pts',(1.55546417742274,-0.167762068202572,-12.8678478710098));
#4384=CARTESIAN_POINT('Ctrl Pts',(1.45411255195596,-0.850995366544987,-12.9168005345577));
#4385=CARTESIAN_POINT('Ctrl Pts',(0.459501875414038,-1.78021799217224,-13.0028017650398));
#4386=CARTESIAN_POINT('Ctrl Pts',(-1.24654789209315,-1.35145714911013,-13.1139474658428));
#4387=CARTESIAN_POINT('Ctrl Pts',(-1.8114713936248,0.314466950953216,-13.2250931666457));
#4388=CARTESIAN_POINT('Ctrl Pts',(-0.718121193487776,1.69251884025747,-13.3362388674487));
#4389=CARTESIAN_POINT('Ctrl Pts',(1.01903746833201,1.5225186739173,-13.4465224033655));
#4390=CARTESIAN_POINT('Ctrl Pts',(1.55700394272069,0.502745727781973,-13.5197573723481));
#4391=CARTESIAN_POINT('Ctrl Pts',(1.55801217666744,-0.00022286829913702,
-13.5559437743963));
#4392=CARTESIAN_POINT('Ctrl Pts',(1.55804602607936,-8.33283845047214E-5,
-12.9940562256037));
#4393=CARTESIAN_POINT('Ctrl Pts',(1.55804949430048,-0.00454411475248852,
-12.994377178527));
#4394=CARTESIAN_POINT('Ctrl Pts',(1.55601182498958,-0.523923707342286,-13.0317466983847));
#4395=CARTESIAN_POINT('Ctrl Pts',(0.983638821936554,-1.55331029114476,-13.1061647851766));
#4396=CARTESIAN_POINT('Ctrl Pts',(-0.771669498973429,-1.6687852998367,-13.2173104859796));
#4397=CARTESIAN_POINT('Ctrl Pts',(-1.82056907336332,-0.256605615117755,
-13.3284561867826));
#4398=CARTESIAN_POINT('Ctrl Pts',(-1.20286666493714,1.3904783274039,-13.4396018875855));
#4399=CARTESIAN_POINT('Ctrl Pts',(0.515974941214793,1.76467788920113,-13.5507475883885));
#4400=CARTESIAN_POINT('Ctrl Pts',(1.46721318417414,0.817457583120408,-13.6355657010612));
#4401=CARTESIAN_POINT('Ctrl Pts',(1.55589988039959,0.151213358450861,-13.6833352467996));
#4402=CARTESIAN_POINT('Ctrl Pts',(1.55464283351947,0.00136034401289654,
-13.6940562256037));
#4403=CARTESIAN_POINT('Origin',(0.,0.,-2.70594377439627));
#4404=CARTESIAN_POINT('',(1.55353132048108,0.000935168765721824,-12.1559437743963));
#4405=CARTESIAN_POINT('',(1.55439934309839,-0.00130834128467816,-12.2940562256037));
#4406=CARTESIAN_POINT('',(1.5555,4.99155096264371E-13,-2.70594377439627));
#4407=CARTESIAN_POINT('Ctrl Pts',(1.55353132048108,0.000935168765721951,
-12.1559437743963));
#4408=CARTESIAN_POINT('Ctrl Pts',(1.55176887091422,-0.320372640488509,-12.1788898027372));
#4409=CARTESIAN_POINT('Ctrl Pts',(1.29803717638958,-1.163014637985,-12.2388843980125));
#4410=CARTESIAN_POINT('Ctrl Pts',(-0.0822195553955579,-1.83672480733324,
-12.335927560222));
#4411=CARTESIAN_POINT('Ctrl Pts',(-1.58779223662021,-0.926948696795771,
-12.447073261025));
#4412=CARTESIAN_POINT('Ctrl Pts',(-1.6398536347148,0.831383262927165,-12.5582189618279));
#4413=CARTESIAN_POINT('Ctrl Pts',(-0.190745228746475,1.8286427564927,-12.669364662631));
#4414=CARTESIAN_POINT('Ctrl Pts',(1.25907054863059,1.22438991391554,-12.7686062668204));
#4415=CARTESIAN_POINT('Ctrl Pts',(1.55154252566568,0.350455717293716,-12.8307993040755));
#4416=CARTESIAN_POINT('Ctrl Pts',(1.55420410921326,-0.00125320980792388,
-12.8559437743963));
#4417=CARTESIAN_POINT('Ctrl Pts',(1.55439934309839,-0.00130834128467807,
-12.2940562256037));
#4418=CARTESIAN_POINT('Ctrl Pts',(1.55566612343403,-0.160196591520503,-12.3054191102544));
#4419=CARTESIAN_POINT('Ctrl Pts',(1.46018661614311,-0.835652188768557,-12.3538305618395));
#4420=CARTESIAN_POINT('Ctrl Pts',(0.485396570386878,-1.77333255822296,-12.4392905803588));
#4421=CARTESIAN_POINT('Ctrl Pts',(-1.22672047374019,-1.36947985450813,-12.5504362811618));
#4422=CARTESIAN_POINT('Ctrl Pts',(-1.81586184844124,0.288034615927524,-12.6615819819648));
#4423=CARTESIAN_POINT('Ctrl Pts',(-0.742710371192748,1.68187380534916,-12.7727276827678));
#4424=CARTESIAN_POINT('Ctrl Pts',(1.00527757976141,1.53649771699648,-12.8835524306474));
#4425=CARTESIAN_POINT('Ctrl Pts',(1.55764914704435,0.510377951155381,-12.9573286115927));
#4426=CARTESIAN_POINT('Ctrl Pts',(1.55804602607936,-8.33283845047214E-5,
-12.9940562256037));
#4427=CARTESIAN_POINT('Origin',(0.,0.,-2.70594377439627));
#4428=CARTESIAN_POINT('',(1.55760619256699,0.000748620274334868,-11.4559437743963));
#4429=CARTESIAN_POINT('',(1.55340048238954,0.000837094551610559,-11.5940562256037));
#4430=CARTESIAN_POINT('',(1.5555,4.99155096264371E-13,-2.70594377439627));
#4431=CARTESIAN_POINT('Ctrl Pts',(1.55760619256699,0.000748620274334901,
-11.4559437743963));
#4432=CARTESIAN_POINT('Ctrl Pts',(1.55479971098337,-0.471990866588769,-11.4899317344646));
#4433=CARTESIAN_POINT('Ctrl Pts',(1.07296391479439,-1.46499203646293,-11.5609682614673));
#4434=CARTESIAN_POINT('Ctrl Pts',(-0.616725436583971,-1.73204151481224,
-11.6690533554043));
#4435=CARTESIAN_POINT('Ctrl Pts',(-1.7896926791236,-0.421091661582297,-11.7801990562072));
#4436=CARTESIAN_POINT('Ctrl Pts',(-1.32432308990077,1.27533776965887,-11.8913447570102));
#4437=CARTESIAN_POINT('Ctrl Pts',(0.353370447811607,1.80428584203729,-12.0024904578132));
#4438=CARTESIAN_POINT('Ctrl Pts',(1.42800217181567,0.91332933628913,-12.0906901302752));
#4439=CARTESIAN_POINT('Ctrl Pts',(1.55461451503947,0.198409682134235,-12.1418412358029));
#4440=CARTESIAN_POINT('Ctrl Pts',(1.55353132048108,0.000935168765721951,
-12.1559437743963));
#4441=CARTESIAN_POINT('Ctrl Pts',(1.55340048238954,0.000837094551610715,
-11.5940562256037));
#4442=CARTESIAN_POINT('Ctrl Pts',(1.55186788064276,-0.31295847969318,-11.6164610419819));
#4443=CARTESIAN_POINT('Ctrl Pts',(1.30720605587953,-1.14784366801218,-11.6759144252943));
#4444=CARTESIAN_POINT('Ctrl Pts',(-0.0554438565327577,-1.83772799167062,
-11.7724163755411));
#4445=CARTESIAN_POINT('Ctrl Pts',(-1.57411503505382,-0.949989499423255,
-11.8835620763441));
#4446=CARTESIAN_POINT('Ctrl Pts',(-1.65179543932496,0.807397064164977,-11.994707777147));
#4447=CARTESIAN_POINT('Ctrl Pts',(-0.217374163597836,1.82566882692265,-12.10585347795));
#4448=CARTESIAN_POINT('Ctrl Pts',(1.24904730024309,1.2394288997774,-12.2056362941022));
#4449=CARTESIAN_POINT('Ctrl Pts',(1.55153579935711,0.357856891805176,-12.2683705433201));
#4450=CARTESIAN_POINT('Ctrl Pts',(1.55439934309839,-0.00130834128467807,
-12.2940562256037));
#4451=CARTESIAN_POINT('Origin',(0.,0.,-2.70594377439627));
#4452=CARTESIAN_POINT('',(1.55577354556631,-0.0014045549501373,-10.7559437743963));
#4453=CARTESIAN_POINT('',(1.55745209580737,0.000861547090875367,-10.8940562256037));
#4454=CARTESIAN_POINT('',(1.5555,4.99155096264371E-13,-2.70594377439627));
#4455=CARTESIAN_POINT('Ctrl Pts',(1.55577354556631,-0.00140455495013726,
-10.7559437743963));
#4456=CARTESIAN_POINT('Ctrl Pts',(1.55680224155243,-0.112757351083085,-10.7639250992577));
#4457=CARTESIAN_POINT('Ctrl Pts',(1.49508745820646,-0.739868148400019,-10.8089549910535));
#4458=CARTESIAN_POINT('Ctrl Pts',(0.644639401076696,-1.72184729745185,-10.8910334497836));
#4459=CARTESIAN_POINT('Ctrl Pts',(-1.09710778269718,-1.47535507126524,-11.0021791505865));
#4460=CARTESIAN_POINT('Ctrl Pts',(-1.83453053145899,0.121720180362954,-11.1133248513895));
#4461=CARTESIAN_POINT('Ctrl Pts',(-0.892570571814192,1.60736923184876,-11.2244705521924));
#4462=CARTESIAN_POINT('Ctrl Pts',(0.866474499597714,1.62158564828062,-11.3356162529954));
#4463=CARTESIAN_POINT('Ctrl Pts',(1.5369703548398,0.600946517723281,-11.41277399373));
#4464=CARTESIAN_POINT('Ctrl Pts',(1.55785891549555,0.0433186867450045,-11.4528831675303));
#4465=CARTESIAN_POINT('Ctrl Pts',(1.55760619256699,0.000748620274334901,
-11.4559437743963));
#4466=CARTESIAN_POINT('Ctrl Pts',(1.55745209580737,0.000861547090875367,
-10.8940562256037));
#4467=CARTESIAN_POINT('Ctrl Pts',(1.55435514710369,-0.464471733491557,-10.9275029737093));
#4468=CARTESIAN_POINT('Ctrl Pts',(1.08575926485118,-1.45066031237928,-10.9979982887491));
#4469=CARTESIAN_POINT('Ctrl Pts',(-0.591418556605811,-1.74084527844931,
-11.1055421707233));
#4470=CARTESIAN_POINT('Ctrl Pts',(-1.78336599913878,-0.447128511406637,
-11.2166878715263));
#4471=CARTESIAN_POINT('Ctrl Pts',(-1.34276823713265,1.25590272471423,-11.3278335723292));
#4472=CARTESIAN_POINT('Ctrl Pts',(0.327038698647641,1.80924400846978,-11.4389792731322));
#4473=CARTESIAN_POINT('Ctrl Pts',(1.42121355603886,0.928672511358606,-11.527720157557));
#4474=CARTESIAN_POINT('Ctrl Pts',(1.55440218833094,0.205933357663859,-11.5794124750475));
#4475=CARTESIAN_POINT('Ctrl Pts',(1.55340048238954,0.000837094551610715,
-11.5940562256037));
#4476=CARTESIAN_POINT('Origin',(0.,0.,-2.70594377439627));
#4477=CARTESIAN_POINT('',(1.55295500850227,0.000114710049113908,-10.0559437743963));
#4478=CARTESIAN_POINT('',(1.55600283787526,-0.00137761206723153,-10.1940562256037));
#4479=CARTESIAN_POINT('',(1.5555,4.99155096264371E-13,-2.70594377439627));
#4480=CARTESIAN_POINT('Ctrl Pts',(1.55295500850227,0.00011471004911395,
-10.0559437743963));
#4481=CARTESIAN_POINT('Ctrl Pts',(1.55277961092823,-0.266510711902892,-10.0749670309851));
#4482=CARTESIAN_POINT('Ctrl Pts',(1.36081375898128,-1.05263676734047,-10.1310388545083));
#4483=CARTESIAN_POINT('Ctrl Pts',(0.111895308093967,-1.83515599151389,-10.2241592449658));
#4484=CARTESIAN_POINT('Ctrl Pts',(-1.48120846433585,-1.08919215859398,-10.3353049457687));
#4485=CARTESIAN_POINT('Ctrl Pts',(-1.71837084473398,0.653849916365366,-10.4464506465717));
#4486=CARTESIAN_POINT('Ctrl Pts',(-0.382486478953828,1.79833872409518,-10.5575963473747));
#4487=CARTESIAN_POINT('Ctrl Pts',(1.18246452528583,1.33260723361486,-10.6607607233162));
#4488=CARTESIAN_POINT('Ctrl Pts',(1.55202713055791,0.404131961465601,-10.7268765323234));
#4489=CARTESIAN_POINT('Ctrl Pts',(1.55577354556631,-0.00140455495013726,
-10.7559437743963));
#4490=CARTESIAN_POINT('Ctrl Pts',(1.55600283787526,-0.00137761206723139,
-10.1940562256037));
#4491=CARTESIAN_POINT('Ctrl Pts',(1.55695786376034,-0.105140309920047,-10.2014963385024));
#4492=CARTESIAN_POINT('Ctrl Pts',(1.5001982064191,-0.724557418927809,-10.2459850183353));
#4493=CARTESIAN_POINT('Ctrl Pts',(0.669663790517125,-1.71227001383169,-10.3275222651026));
#4494=CARTESIAN_POINT('Ctrl Pts',(-1.07549064152181,-1.49118680003411,-10.4386679659056));
#4495=CARTESIAN_POINT('Ctrl Pts',(-1.836109599524,0.0949722650712411,-10.5498136667085));
#4496=CARTESIAN_POINT('Ctrl Pts',(-0.915900324197382,1.59419095115111,-10.6609593675115));
#4497=CARTESIAN_POINT('Ctrl Pts',(0.842750798078384,1.6340407843549,-10.7721050683144));
#4498=CARTESIAN_POINT('Ctrl Pts',(1.53285637589826,0.616191468372987,-10.8498040210118));
#4499=CARTESIAN_POINT('Ctrl Pts',(1.55778560052111,0.0509724327998111,-10.8904544067749));
#4500=CARTESIAN_POINT('Ctrl Pts',(1.55745209580737,0.000861547090875367,
-10.8940562256037));
#4501=CARTESIAN_POINT('Origin',(0.,0.,-2.70594377439627));
#4502=CARTESIAN_POINT('',(1.55619467780677,0.001345628981994,-9.35594377439629));
#4503=CARTESIAN_POINT('',(1.55294725627349,-9.72112682090502E-6,-9.4940562256037));
#4504=CARTESIAN_POINT('',(1.5555,4.99155096264371E-13,-2.70594377439627));
#4505=CARTESIAN_POINT('Ctrl Pts',(1.55619467780677,0.00134562898199396,
-9.35594377439629));
#4506=CARTESIAN_POINT('Ctrl Pts',(1.55237297631216,-0.417821965290171,-9.38600896271255));
#4507=CARTESIAN_POINT('Ctrl Pts',(1.16148516535791,-1.35980140653106,-9.45312271796314));
#4508=CARTESIAN_POINT('Ctrl Pts',(-0.430668664649084,-1.78741225643447,
-9.55728504014802));
#4509=CARTESIAN_POINT('Ctrl Pts',(-1.73531898581959,-0.607442252907104,
-9.668430740951));
#4510=CARTESIAN_POINT('Ctrl Pts',(-1.45140773857761,1.12859809035804,-9.77957644175394));
#4511=CARTESIAN_POINT('Ctrl Pts',(0.161164447916371,1.8314868533218,-9.89072214255692));
#4512=CARTESIAN_POINT('Ctrl Pts',(1.3754519948114,1.02443511663145,-9.98284458677103));
#4513=CARTESIAN_POINT('Ctrl Pts',(1.55312120484679,0.252753155744833,-10.0379184640508));
#4514=CARTESIAN_POINT('Ctrl Pts',(1.55295500850227,0.00011471004911395,
-10.0559437743963));
#4515=CARTESIAN_POINT('Ctrl Pts',(1.55294741630916,-9.72051738769644E-6,
-9.4940562256037));
#4516=CARTESIAN_POINT('Ctrl Pts',(1.55296185268149,-0.259052819541923,-9.51253827022976));
#4517=CARTESIAN_POINT('Ctrl Pts',(1.36881794957318,-1.0373468514722,-9.56806888179013));
#4518=CARTESIAN_POINT('Ctrl Pts',(0.138627533720064,-1.83333046652579,-9.66064806028485));
#4519=CARTESIAN_POINT('Ctrl Pts',(-1.46517817213456,-1.11066246740284,-9.7717937610878));
#4520=CARTESIAN_POINT('Ctrl Pts',(-1.72771708257604,0.628738320107719,-9.88293946189076));
#4521=CARTESIAN_POINT('Ctrl Pts',(-0.408653428360641,1.79257372737806,-9.99408516269372));
#4522=CARTESIAN_POINT('Ctrl Pts',(1.17116325918233,1.3473746644837,-10.097790750598));
#4523=CARTESIAN_POINT('Ctrl Pts',(1.55220224500704,0.411553362481685,-10.164447771568));
#4524=CARTESIAN_POINT('Ctrl Pts',(1.55600283787526,-0.00137761206723139,
-10.1940562256037));
#4525=CARTESIAN_POINT('Origin',(0.,0.,-2.70594377439627));
#4526=CARTESIAN_POINT('',(1.55730884497685,-0.000950199194694133,-8.65594377439629));
#4527=CARTESIAN_POINT('',(1.55596714778779,0.00138260209975784,-8.79405622560371));
#4528=CARTESIAN_POINT('',(1.5555,4.99155096264371E-13,-2.70594377439627));
#4529=CARTESIAN_POINT('Ctrl Pts',(1.55730884497685,-0.000950199194694346,
-8.65594377439629));
#4530=CARTESIAN_POINT('Ctrl Pts',(1.55771484724894,-0.0574291338676989,
-8.66000232750564));
#4531=CARTESIAN_POINT('Ctrl Pts',(1.52929201907232,-0.629064009696619,-8.70110944754931));
#4532=CARTESIAN_POINT('Ctrl Pts',(0.822590628669189,-1.64428182827289,-8.77926513452732));
#4533=CARTESIAN_POINT('Ctrl Pts',(-0.93543735736275,-1.58280606001272,-8.89041083533026));
#4534=CARTESIAN_POINT('Ctrl Pts',(-1.83713872695882,-0.072383499990767,
-9.00155653613324));
#4535=CARTESIAN_POINT('Ctrl Pts',(-1.05706976998252,1.50430102524457,-9.11270223693618));
#4536=CARTESIAN_POINT('Ctrl Pts',(0.690671658422285,1.7039045552539,-9.22384793773915));
#4537=CARTESIAN_POINT('Ctrl Pts',(1.50441188549693,0.711641778315603,-9.30492845022585));
#4538=CARTESIAN_POINT('Ctrl Pts',(1.55708236186919,0.0987076007226153,-9.34896039577823));
#4539=CARTESIAN_POINT('Ctrl Pts',(1.55619467780677,0.00134562898199396,
-9.35594377439629));
#4540=CARTESIAN_POINT('Ctrl Pts',(1.55596714778779,0.00138260209975784,
-8.79405622560371));
#4541=CARTESIAN_POINT('Ctrl Pts',(1.55217299228092,-0.410394509337256,-8.82358020195718));
#4542=CARTESIAN_POINT('Ctrl Pts',(1.17293917044258,-1.34507258892345,-8.89015274524495));
#4543=CARTESIAN_POINT('Ctrl Pts',(-0.404574610421027,-1.79349869729522,
-8.99377385546709));
#4544=CARTESIAN_POINT('Ctrl Pts',(-1.72628235351788,-0.632666917524326,
-9.10491955627003));
#4545=CARTESIAN_POINT('Ctrl Pts',(-1.467700924747,1.1073265950449,-9.21606525707301));
#4546=CARTESIAN_POINT('Ctrl Pts',(0.134456700693773,1.83364107399335,-9.32721095787594));
#4547=CARTESIAN_POINT('Ctrl Pts',(1.36757883050583,1.03973419255943,-9.41987461405287));
#4548=CARTESIAN_POINT('Ctrl Pts',(1.55293291395111,0.260217412040171,-9.47548970329544));
#4549=CARTESIAN_POINT('Ctrl Pts',(1.55294741630916,-9.72051738769644E-6,
-9.4940562256037));
#4550=CARTESIAN_POINT('Origin',(0.,0.,-2.70594377439627));
#4551=CARTESIAN_POINT('',(1.55330200348261,-0.000749385360795384,-7.95594377439629));
#4552=CARTESIAN_POINT('',(1.55747731593879,-0.000844463912193644,-8.0940562256037));
#4553=CARTESIAN_POINT('',(1.5555,4.99155096264371E-13,-2.70594377439627));
#4554=CARTESIAN_POINT('Ctrl Pts',(1.55330200348261,-0.000749385360795281,
-7.95594377439629));
#4555=CARTESIAN_POINT('Ctrl Pts',(1.55422325974112,-0.212276089298698,-7.97104425923305));
#4556=CARTESIAN_POINT('Ctrl Pts',(1.41537151583226,-0.941618648932394,-8.02319331100414));
#4557=CARTESIAN_POINT('Ctrl Pts',(0.304762787332296,-1.81312926086945,-8.11239092970955));
#4558=CARTESIAN_POINT('Ctrl Pts',(-1.35811250630708,-1.2392935460878,-8.2235366305125));
#4559=CARTESIAN_POINT('Ctrl Pts',(-1.77773203502382,0.469027594937398,-8.33468233131547));
#4560=CARTESIAN_POINT('Ctrl Pts',(-0.56996385413124,1.74798720766108,-8.44582803211841));
#4561=CARTESIAN_POINT('Ctrl Pts',(1.09641101530399,1.43851716333235,-8.55291517981205));
#4562=CARTESIAN_POINT('Ctrl Pts',(1.55400864901828,0.458139724105505,-8.62295376057132));
#4563=CARTESIAN_POINT('Ctrl Pts',(1.55730884497685,-0.000950199194694346,
-8.65594377439629));
#4564=CARTESIAN_POINT('Ctrl Pts',(1.55747731593879,-0.000844463912193427,
-8.09405622560371));
#4565=CARTESIAN_POINT('Ctrl Pts',(1.55779780136446,-0.0497779520436424,
-8.09757356675027));
#4566=CARTESIAN_POINT('Ctrl Pts',(1.53350633348877,-0.613811274515517,-8.13813947483115));
#4567=CARTESIAN_POINT('Ctrl Pts',(0.846465746195007,-1.63211946043039,-8.21575394984635));
#4568=CARTESIAN_POINT('Ctrl Pts',(-0.912271476493903,-1.59627032352686,
-8.32689965064932));
#4569=CARTESIAN_POINT('Ctrl Pts',(-1.83588880516938,-0.09914881567972,-8.43804535145227));
#4570=CARTESIAN_POINT('Ctrl Pts',(-1.07888002210242,1.48873640732846,-8.54919105225524));
#4571=CARTESIAN_POINT('Ctrl Pts',(0.665766972754452,1.71378893991831,-8.66033675305819));
#4572=CARTESIAN_POINT('Ctrl Pts',(1.49940890721505,0.726946834847599,-8.7419584775077));
#4573=CARTESIAN_POINT('Ctrl Pts',(1.5569341403923,0.106329650459109,-8.78653163502286));
#4574=CARTESIAN_POINT('Ctrl Pts',(1.55596714778779,0.00138260209975784,
-8.79405622560371));
#4575=CARTESIAN_POINT('Origin',(0.,0.,-2.70594377439627));
#4576=CARTESIAN_POINT('',(1.55457134987491,0.00134687543463336,-7.25594377439629));
#4577=CARTESIAN_POINT('',(1.55341991048222,-0.000852838796285282,-7.3940562256037));
#4578=CARTESIAN_POINT('',(1.5555,4.99155096264371E-13,-2.70594377439627));
#4579=CARTESIAN_POINT('Ctrl Pts',(1.55457134987491,0.00134687543463326,
-7.25594377439629));
#4580=CARTESIAN_POINT('Ctrl Pts',(1.55154684064946,-0.364102586435358,-7.28208619096047));
#4581=CARTESIAN_POINT('Ctrl Pts',(1.24045429109345,-1.25209604165818,-7.34527717445897));
#4582=CARTESIAN_POINT('Ctrl Pts',(-0.239810893287868,-1.82285731988488,
-7.44551672489177));
#4583=CARTESIAN_POINT('Ctrl Pts',(-1.6616003386429,-0.787021211772291,-7.55666242569474));
#4584=CARTESIAN_POINT('Ctrl Pts',(-1.56231241343709,0.969277048101568,-7.66780812649769));
#4585=CARTESIAN_POINT('Ctrl Pts',(-0.0328381777502177,1.83827085252691,
-7.77895382730067));
#4586=CARTESIAN_POINT('Ctrl Pts',(1.3148153960981,1.13502425414935,-7.87499904326685));
#4587=CARTESIAN_POINT('Ctrl Pts',(1.55196298634421,0.306698058482297,-7.93399569229873));
#4588=CARTESIAN_POINT('Ctrl Pts',(1.55330200348261,-0.000749385360795281,
-7.95594377439629));
#4589=CARTESIAN_POINT('Ctrl Pts',(1.55341991048222,-0.000852838796285057,
-7.3940562256037));
#4590=CARTESIAN_POINT('Ctrl Pts',(1.55443532778227,-0.204759544900612,-7.40861549847768));
#4591=CARTESIAN_POINT('Ctrl Pts',(1.42228273024984,-0.926277756165607,-7.46022333828597));
#4592=CARTESIAN_POINT('Ctrl Pts',(0.331153534758275,-1.80849537710751,-7.54887974502859));
#4593=CARTESIAN_POINT('Ctrl Pts',(-1.33990782563811,-1.2589540148034,-7.66002544583154));
#4594=CARTESIAN_POINT('Ctrl Pts',(-1.78437851629658,0.443070539728581,-7.77117114663452));
#4595=CARTESIAN_POINT('Ctrl Pts',(-0.595377114704486,1.73949541071078,-7.88231684743747));
#4596=CARTESIAN_POINT('Ctrl Pts',(1.08377445118165,1.45290150451331,-7.98994520709386));
#4597=CARTESIAN_POINT('Ctrl Pts',(1.55442209077804,0.46564421908671,-8.06052499981595));
#4598=CARTESIAN_POINT('Ctrl Pts',(1.55747731593879,-0.000844463912193427,
-8.09405622560371));
#4599=CARTESIAN_POINT('Origin',(0.,0.,-2.70594377439627));
#4600=CARTESIAN_POINT('',(1.55805059111931,-3.52737988130061E-5,-6.55594377439629));
#4601=CARTESIAN_POINT('',(1.55436822748815,0.00130040138939705,-6.6940562256037));
#4602=CARTESIAN_POINT('',(1.5555,4.99155096264371E-13,-2.70594377439627));
#4603=CARTESIAN_POINT('Ctrl Pts',(1.55805059111931,-3.52737988131339E-5,
-6.55594377439629));
#4604=CARTESIAN_POINT('Ctrl Pts',(1.55805122043696,-0.00192242531424705,
-6.55607955575356));
#4605=CARTESIAN_POINT('Ctrl Pts',(1.55719345431809,-0.518726945851112,-6.59326390404515));
#4606=CARTESIAN_POINT('Ctrl Pts',(0.991371796942655,-1.54838626652054,-6.66749681927106));
#4607=CARTESIAN_POINT('Ctrl Pts',(-0.763338882304356,-1.67261227585806,
-6.77864252007401));
#4608=CARTESIAN_POINT('Ctrl Pts',(-1.81926690457803,-0.265680264784732,
-6.88978822087698));
#4609=CARTESIAN_POINT('Ctrl Pts',(-1.20978498713787,1.38446320198495,-7.00093392167993));
#4610=CARTESIAN_POINT('Ctrl Pts',(0.507169361697989,1.76722870957409,-7.1120796224829));
#4611=CARTESIAN_POINT('Ctrl Pts',(1.46520584770667,0.82270577053721,-7.19708290672168));
#4612=CARTESIAN_POINT('Ctrl Pts',(1.55583312123135,0.153805879140665,-7.24503762402614));
#4613=CARTESIAN_POINT('Ctrl Pts',(1.55457134987491,0.00134687543463326,
-7.25594377439629));
#4614=CARTESIAN_POINT('Ctrl Pts',(1.55436822748815,0.00130040138939708,
-6.6940562256037));
#4615=CARTESIAN_POINT('Ctrl Pts',(1.55153545870969,-0.356701682155509,-6.71965743020509));
#4616=CARTESIAN_POINT('Ctrl Pts',(1.25062316796284,-1.23708349303805,-6.7823072017408));
#4617=CARTESIAN_POINT('Ctrl Pts',(-0.213220555558813,-1.8261585877215,-6.88200554021082));
#4618=CARTESIAN_POINT('Ctrl Pts',(-1.64995449242194,-0.811152492148009,
-6.99315124101379));
#4619=CARTESIAN_POINT('Ctrl Pts',(-1.57627200568719,0.946406232349911,-7.10429694181675));
#4620=CARTESIAN_POINT('Ctrl Pts',(-0.0596241909504176,1.83759711266779,
-7.2154426426197));
#4621=CARTESIAN_POINT('Ctrl Pts',(1.30578578266963,1.15021313181458,-7.3120290705487));
#4622=CARTESIAN_POINT('Ctrl Pts',(1.5518514243049,0.314116041459653,-7.37156693154336));
#4623=CARTESIAN_POINT('Ctrl Pts',(1.55341991048222,-0.000852838796285057,
-7.3940562256037));
#4624=CARTESIAN_POINT('Origin',(0.,0.,-2.70594377439627));
#4625=CARTESIAN_POINT('',(1.55446830594551,-0.00132485729008425,-5.85594377439629));
#4626=CARTESIAN_POINT('',(1.55804272379074,0.000105213612060543,-5.9940562256037));
#4627=CARTESIAN_POINT('',(1.5555,4.99155096264371E-13,-2.70594377439627));
#4628=CARTESIAN_POINT('Ctrl Pts',(1.55446830594551,-0.00132485729008402,
-5.85594377439629));
#4629=CARTESIAN_POINT('Ctrl Pts',(1.55573421272743,-0.157606307346195,-5.86712148748097));
#4630=CARTESIAN_POINT('Ctrl Pts',(1.46223325096726,-0.830403193248963,-5.91534776749997));
#4631=CARTESIAN_POINT('Ctrl Pts',(0.494232830747297,-1.77089012246976,-6.00062261445328));
#4632=CARTESIAN_POINT('Ctrl Pts',(-1.2198766052829,-1.37557958416147,-6.11176831525626));
#4633=CARTESIAN_POINT('Ctrl Pts',(-1.8172754621465,0.278976668780705,-6.22291401605921));
#4634=CARTESIAN_POINT('Ctrl Pts',(-0.751087396719309,1.67814950871317,-6.33405971686217));
#4635=CARTESIAN_POINT('Ctrl Pts',(1.00052547671326,1.54126283936301,-6.44506963630786));
#4636=CARTESIAN_POINT('Ctrl Pts',(1.55787950822531,0.512995532801921,-6.51903098881924));
#4637=CARTESIAN_POINT('Ctrl Pts',(1.55805059111931,-3.52737988131339E-5,
-6.55594377439629));
#4638=CARTESIAN_POINT('Ctrl Pts',(1.55804272379074,0.000105213612060562,
-5.9940562256037));
#4639=CARTESIAN_POINT('Ctrl Pts',(1.55754568495977,-0.509184862736744,-6.0306993619325));
#4640=CARTESIAN_POINT('Ctrl Pts',(1.00743804137119,-1.53432076811856,-6.10439106519562));
#4641=CARTESIAN_POINT('Ctrl Pts',(-0.738882508887791,-1.68355898007115,
-6.21513133539306));
#4642=CARTESIAN_POINT('Ctrl Pts',(-1.81520192730799,-0.292164605662032,
-6.32627703619602));
#4643=CARTESIAN_POINT('Ctrl Pts',(-1.22983260283364,1.36668575706662,-6.43742273699898));
#4644=CARTESIAN_POINT('Ctrl Pts',(0.481361323688876,1.77443215426146,-6.54856843780194));
#4645=CARTESIAN_POINT('Ctrl Pts',(1.45924758121186,0.83804696271031,-6.63411293400352));
#4646=CARTESIAN_POINT('Ctrl Pts',(1.55563487611338,0.161378008286893,-6.68260886327077));
#4647=CARTESIAN_POINT('Ctrl Pts',(1.55436822748815,0.00130040138939708,
-6.6940562256037));
#4648=CARTESIAN_POINT('Origin',(0.,0.,-2.70594377439627));
#4649=CARTESIAN_POINT('',(1.55335886415756,0.00080390562143164,-5.15594377439629));
#4650=CARTESIAN_POINT('',(1.55467572398886,-0.00136603210877426,-5.2940562256037));
#4651=CARTESIAN_POINT('',(1.5555,4.99155096264371E-13,-2.70594377439627));
#4652=CARTESIAN_POINT('Ctrl Pts',(1.55335886415756,0.000803905621431754,
-5.15594377439629));
#4653=CARTESIAN_POINT('Ctrl Pts',(1.55190499746141,-0.310419687550889,-5.17816341920838));
#4654=CARTESIAN_POINT('Ctrl Pts',(1.3103057016599,-1.14265113861556,-5.23743163095479));
#4655=CARTESIAN_POINT('Ctrl Pts',(-0.0462801152335012,-1.83797956554378,
-5.33374840963554));
#4656=CARTESIAN_POINT('Ctrl Pts',(-1.56935835181,-0.957827684869093,-5.44489411043848));
#4657=CARTESIAN_POINT('Ctrl Pts',(-1.65580087075577,0.799151271959086,-5.55603981124145));
#4658=CARTESIAN_POINT('Ctrl Pts',(-0.226474679616689,1.82456192262218,-5.66718551204441));
#4659=CARTESIAN_POINT('Ctrl Pts',(1.24557830416823,1.2445673321698,-5.76715349976269));
#4660=CARTESIAN_POINT('Ctrl Pts',(1.55153836051803,0.360389074994751,-5.83007292054665));
#4661=CARTESIAN_POINT('Ctrl Pts',(1.55446830594551,-0.00132485729008402,
-5.85594377439629));
#4662=CARTESIAN_POINT('Ctrl Pts',(1.55467572398886,-0.00136603210877433,
-5.2940562256037));
#4663=CARTESIAN_POINT('Ctrl Pts',(1.55593013640893,-0.150030354861007,-5.30469272672559));
#4664=CARTESIAN_POINT('Ctrl Pts',(1.46812379341854,-0.815063748987125,-5.3523777947818));
#4665=CARTESIAN_POINT('Ctrl Pts',(0.519987811611007,-1.76349930146544,-5.43711142977233));
#4666=CARTESIAN_POINT('Ctrl Pts',(-1.19970043059264,-1.39321116612648,-5.5482571305753));
#4667=CARTESIAN_POINT('Ctrl Pts',(-1.82114811819124,0.252463583226237,-5.65940283137825));
#4668=CARTESIAN_POINT('Ctrl Pts',(-0.775463653977557,1.66702554204253,-5.77054853218122));
#4669=CARTESIAN_POINT('Ctrl Pts',(0.980102787195506,1.55554388249589,-5.88169423298418));
#4670=CARTESIAN_POINT('Ctrl Pts',(1.55546837449686,0.526294924379032,-5.95619679745834));
#4671=CARTESIAN_POINT('Ctrl Pts',(1.55804822317683,0.00574015113997645,
-5.99365079499818));
#4672=CARTESIAN_POINT('Ctrl Pts',(1.55804272379074,0.000105213612060562,
-5.9940562256037));
#4673=CARTESIAN_POINT('Origin',(0.,0.,-2.70594377439627));
#4674=CARTESIAN_POINT('',(1.55737646516146,0.00100571102887057,-4.45594377439629));
#4675=CARTESIAN_POINT('',(1.55324507227674,0.000707571112884692,-4.5940562256037));
#4676=CARTESIAN_POINT('',(1.5555,4.99155096264371E-13,-2.70594377439627));
#4677=CARTESIAN_POINT('Ctrl Pts',(1.55737646516146,0.00100571102887061,
-4.45594377439629));
#4678=CARTESIAN_POINT('Ctrl Pts',(1.55418766055292,-0.46176710442113,-4.4892053509358));
#4679=CARTESIAN_POINT('Ctrl Pts',(1.09012417587522,-1.44591508697631,-4.55951549440962));
#4680=CARTESIAN_POINT('Ctrl Pts',(-0.582747671325212,-1.74367694173325,
-4.66687420481776));
#4681=CARTESIAN_POINT('Ctrl Pts',(-1.78110547403577,-0.456065506028017,
-4.77801990562072));
#4682=CARTESIAN_POINT('Ctrl Pts',(-1.3490184202358,1.24921806141941,-4.88916560642369));
#4683=CARTESIAN_POINT('Ctrl Pts',(0.318015685401356,1.81083833742281,-5.00031130722664));
#4684=CARTESIAN_POINT('Ctrl Pts',(1.41885701618816,0.933924510441886,-5.08923736321752));
#4685=CARTESIAN_POINT('Ctrl Pts',(1.55432914411458,0.208507965014879,-5.14111485227406));
#4686=CARTESIAN_POINT('Ctrl Pts',(1.55335886415756,0.000803905621431754,
-5.15594377439629));
#4687=CARTESIAN_POINT('Ctrl Pts',(1.55324507227674,0.000707571112884779,
-4.5940562256037));
#4688=CARTESIAN_POINT('Ctrl Pts',(1.55202157477018,-0.302993778612044,-4.615734658453));
#4689=CARTESIAN_POINT('Ctrl Pts',(1.31926006324409,-1.12746916379001,-4.67446165823663));
#4690=CARTESIAN_POINT('Ctrl Pts',(-0.0194942156352164,-1.83844760279608,
-4.77023722495457));
#4691=CARTESIAN_POINT('Ctrl Pts',(-1.55523085984553,-0.980602481325523,
-4.88138292575753));
#4692=CARTESIAN_POINT('Ctrl Pts',(-1.66727243589026,0.774939198267602,-4.9925286265605));
#4693=CARTESIAN_POINT('Ctrl Pts',(-0.25303973181949,1.82106610315741,-5.10367432736345));
#4694=CARTESIAN_POINT('Ctrl Pts',(1.23532287352853,1.2595643440009,-5.20418352704452));
#4695=CARTESIAN_POINT('Ctrl Pts',(1.55156082530037,0.367790312773367,-5.26764415979127));
#4696=CARTESIAN_POINT('Ctrl Pts',(1.55467572398886,-0.00136603210877433,
-5.2940562256037));
#4697=CARTESIAN_POINT('Origin',(0.,0.,-3.85));
#4698=CARTESIAN_POINT('',(-3.2,-3.91886975727153E-16,-4.));
#4699=CARTESIAN_POINT('Origin',(0.,0.,-4.));
#4700=CARTESIAN_POINT('',(-3.5,4.28626379701574E-16,-3.7));
#4701=CARTESIAN_POINT('',(-3.35,4.10256677714363E-16,-3.85));
#4702=CARTESIAN_POINT('',(3.5,-4.28626379701574E-16,-3.7));
#4703=CARTESIAN_POINT('Origin',(0.,0.,-3.7));
#4704=CARTESIAN_POINT('Origin',(0.,0.,-3.7));
#4705=CARTESIAN_POINT('Origin',(0.,0.,-2.));
#4706=CARTESIAN_POINT('',(3.5,-4.28626379701574E-16,-0.299999999999996));
#4707=CARTESIAN_POINT('',(3.5,-4.28626379701574E-16,-2.));
#4708=CARTESIAN_POINT('',(-3.5,-4.28626379701574E-16,-0.299999999999996));
#4709=CARTESIAN_POINT('Origin',(0.,0.,-0.299999999999996));
#4710=CARTESIAN_POINT('Origin',(0.,0.,-0.299999999999996));
#4711=CARTESIAN_POINT('Origin',(-2.,0.,-4.));
#4712=CARTESIAN_POINT('',(-0.903606778650206,-1.26612599672284,-4.));
#4713=CARTESIAN_POINT('Ctrl Pts',(-0.863568062122029,1.75642675005759,-4.));
#4714=CARTESIAN_POINT('Ctrl Pts',(-0.902266940072962,1.73265961409543,-4.));
#4715=CARTESIAN_POINT('Ctrl Pts',(-0.940020386647075,1.70748225547675,-4.));
#4716=CARTESIAN_POINT('Ctrl Pts',(-0.976740247794024,1.68089002015011,-4.));
#4717=CARTESIAN_POINT('Ctrl Pts',(-1.03492186037967,1.63875535282743,-4.));
#4718=CARTESIAN_POINT('Ctrl Pts',(-1.09051084720594,1.59306974652629,-4.));
#4719=CARTESIAN_POINT('Ctrl Pts',(-1.14334591599123,1.54417397411572,-4.));
#4720=CARTESIAN_POINT('Ctrl Pts',(-1.16847333709636,1.5209200124598,-4.));
#4721=CARTESIAN_POINT('Ctrl Pts',(-1.19297725969774,1.49693953100011,-4.));
#4722=CARTESIAN_POINT('Ctrl Pts',(-1.21683675332738,1.4722672730505,-4.));
#4723=CARTESIAN_POINT('Ctrl Pts',(-1.22938523803451,1.45929132911906,-4.));
#4724=CARTESIAN_POINT('Ctrl Pts',(-1.24175543022784,1.44612402031793,-4.));
#4725=CARTESIAN_POINT('Ctrl Pts',(-1.25394400948225,1.43277031566849,-4.));
#4726=CARTESIAN_POINT('Ctrl Pts',(-1.26383649487539,1.42193219209137,-4.));
#4727=CARTESIAN_POINT('Ctrl Pts',(-1.27360266950341,1.41097857341385,-4.));
#4728=CARTESIAN_POINT('Ctrl Pts',(-1.28323988539315,1.39991410773861,-4.));
#4729=CARTESIAN_POINT('Ctrl Pts',(-1.3301288034594,1.34608104739954,-4.));
#4730=CARTESIAN_POINT('Ctrl Pts',(-1.37398013407485,1.28961341421066,-4.));
#4731=CARTESIAN_POINT('Ctrl Pts',(-1.41463028930206,1.23084541405186,-4.));
#4732=CARTESIAN_POINT('Ctrl Pts',(-1.44366028745074,1.18887669520501,-4.));
#4733=CARTESIAN_POINT('Ctrl Pts',(-1.47105677228516,1.14573411984099,-4.));
#4734=CARTESIAN_POINT('Ctrl Pts',(-1.49674460863189,1.10153460230881,-4.));
#4735=CARTESIAN_POINT('Ctrl Pts',(-1.51157064400354,1.07602433349921,-4.));
#4736=CARTESIAN_POINT('Ctrl Pts',(-1.52582725399085,1.05016192945987,-4.));
#4737=CARTESIAN_POINT('Ctrl Pts',(-1.53949786966006,1.02396971447136,-4.));
#4738=CARTESIAN_POINT('Ctrl Pts',(-1.5452938445244,1.01286491689763,-4.));
#4739=CARTESIAN_POINT('Ctrl Pts',(-1.55098013290366,1.00170910771307,-4.));
#4740=CARTESIAN_POINT('Ctrl Pts',(-1.55655501644665,0.990506032529958,-4.));
#4741=CARTESIAN_POINT('Ctrl Pts',(-1.58757205087487,0.928175372888916,-4.));
#4742=CARTESIAN_POINT('Ctrl Pts',(-1.6151546367229,0.864363542977637,-4.));
#4743=CARTESIAN_POINT('Ctrl Pts',(-1.63914852694024,0.799378725253138,-4.));
#4744=CARTESIAN_POINT('Ctrl Pts',(-1.6625508463915,0.735996112008869,-4.));
#4745=CARTESIAN_POINT('Ctrl Pts',(-1.68253933852648,0.67149666620964,-4.));
#4746=CARTESIAN_POINT('Ctrl Pts',(-1.69892253872195,0.606161331964709,-4.));
#4747=CARTESIAN_POINT('Ctrl Pts',(-1.70968366339721,0.5632465369844,-4.));
#4748=CARTESIAN_POINT('Ctrl Pts',(-1.71888834444346,0.51997103944099,-4.));
#4749=CARTESIAN_POINT('Ctrl Pts',(-1.72647021980582,0.476416171180571,-4.));
#4750=CARTESIAN_POINT('Ctrl Pts',(-1.73282905837366,0.439887164453948,-4.));
#4751=CARTESIAN_POINT('Ctrl Pts',(-1.73804625724153,0.403161644575265,-4.));
#4752=CARTESIAN_POINT('Ctrl Pts',(-1.74207715750656,0.366289305324944,-4.));
#4753=CARTESIAN_POINT('Ctrl Pts',(-1.74335110760135,0.354635948259563,-4.));
#4754=CARTESIAN_POINT('Ctrl Pts',(-1.7445064865329,0.342967301021754,-4.));
#4755=CARTESIAN_POINT('Ctrl Pts',(-1.74554066611321,0.33130074224153,-4.));
#4756=CARTESIAN_POINT('Ctrl Pts',(-1.75129434706591,0.266393584611214,-4.));
#4757=CARTESIAN_POINT('Ctrl Pts',(-1.75331443122516,0.201433608320804,-4.));
#4758=CARTESIAN_POINT('Ctrl Pts',(-1.75143365461889,0.136681121079118,-4.));
#4759=CARTESIAN_POINT('Ctrl Pts',(-1.75089601760672,0.11817103665163,-4.));
#4760=CARTESIAN_POINT('Ctrl Pts',(-1.75003929963262,0.0996779484651312,
-4.));
#4761=CARTESIAN_POINT('Ctrl Pts',(-1.74885881223521,0.0812080803902244,
-4.));
#4762=CARTESIAN_POINT('Ctrl Pts',(-1.74447772498373,0.0126617293350666,
-4.));
#4763=CARTESIAN_POINT('Ctrl Pts',(-1.73564137133512,-0.0555669337595247,
-4.));
#4764=CARTESIAN_POINT('Ctrl Pts',(-1.72254296881589,-0.123140442767066,
-4.));
#4765=CARTESIAN_POINT('Ctrl Pts',(-1.71078747005209,-0.183786029161049,
-4.));
#4766=CARTESIAN_POINT('Ctrl Pts',(-1.69559784312387,-0.243904196250854,
-4.));
#4767=CARTESIAN_POINT('Ctrl Pts',(-1.67708139361573,-0.30322605748763,-4.));
#4768=CARTESIAN_POINT('Ctrl Pts',(-1.67395820418797,-0.313231939542304,
-4.));
#4769=CARTESIAN_POINT('Ctrl Pts',(-1.67074138426499,-0.323211479498315,
-4.));
#4770=CARTESIAN_POINT('Ctrl Pts',(-1.66743429262401,-0.333155680243833,
-4.));
#4771=CARTESIAN_POINT('Ctrl Pts',(-1.64698152495506,-0.394655768412244,
-4.));
#4772=CARTESIAN_POINT('Ctrl Pts',(-1.62305193274185,-0.454896277639171,
-4.));
#4773=CARTESIAN_POINT('Ctrl Pts',(-1.59583267288693,-0.513603656249239,
-4.));
#4774=CARTESIAN_POINT('Ctrl Pts',(-1.56871388736597,-0.572094328571342,
-4.));
#4775=CARTESIAN_POINT('Ctrl Pts',(-1.5383289201721,-0.629064006379374,-4.));
#4776=CARTESIAN_POINT('Ctrl Pts',(-1.50482308452566,-0.684209824447608,
-4.));
#4777=CARTESIAN_POINT('Ctrl Pts',(-1.47199750795553,-0.738236033273516,
-4.));
#4778=CARTESIAN_POINT('Ctrl Pts',(-1.43617575251763,-0.790512313153788,
-4.));
#4779=CARTESIAN_POINT('Ctrl Pts',(-1.39746742187587,-0.840712184588185,
-4.));
#4780=CARTESIAN_POINT('Ctrl Pts',(-1.39000012124355,-0.850396341086009,
-4.));
#4781=CARTESIAN_POINT('Ctrl Pts',(-1.38242533337206,-0.860003081284808,
-4.));
#4782=CARTESIAN_POINT('Ctrl Pts',(-1.3747437615352,-0.869529848397467,-4.));
#4783=CARTESIAN_POINT('Ctrl Pts',(-1.3679550422823,-0.877949290236856,-4.));
#4784=CARTESIAN_POINT('Ctrl Pts',(-1.36108609924818,-0.886302245333089,
-4.));
#4785=CARTESIAN_POINT('Ctrl Pts',(-1.3541427179265,-0.894581260064413,-4.));
#4786=CARTESIAN_POINT('Ctrl Pts',(-1.31426906720408,-0.942125032533324,
-4.));
#4787=CARTESIAN_POINT('Ctrl Pts',(-1.27189324778818,-0.987295634640278,
-4.));
#4788=CARTESIAN_POINT('Ctrl Pts',(-1.22715394344389,-1.02982582350723,-4.));
#4789=CARTESIAN_POINT('Ctrl Pts',(-1.18321956992255,-1.07159082703151,-4.));
#4790=CARTESIAN_POINT('Ctrl Pts',(-1.13700528489497,-1.11081010910088,-4.));
#4791=CARTESIAN_POINT('Ctrl Pts',(-1.08861905572179,-1.14718668190923,-4.));
#4792=CARTESIAN_POINT('Ctrl Pts',(-1.04177715955015,-1.18240223136794,-4.));
#4793=CARTESIAN_POINT('Ctrl Pts',(-0.992899142831754,-1.21495393341011,
-4.));
#4794=CARTESIAN_POINT('Ctrl Pts',(-0.94207042257605,-1.24452498229285,-4.));
#4795=CARTESIAN_POINT('Ctrl Pts',(-0.929370600818712,-1.25191346361008,
-4.));
#4796=CARTESIAN_POINT('Ctrl Pts',(-0.916548962630959,-1.25911562032729,
-4.));
#4797=CARTESIAN_POINT('Ctrl Pts',(-0.903606778650125,-1.26612599672289,
-4.));
#4798=CARTESIAN_POINT('',(0.903606778650284,-1.26612599672278,-4.));
#4799=CARTESIAN_POINT('Origin',(0.,0.,-4.));
#4800=CARTESIAN_POINT('Ctrl Pts',(0.905548009516913,-1.26790821951714,-4.));
#4801=CARTESIAN_POINT('Ctrl Pts',(0.93779973717285,-1.25066581234921,-4.));
#4802=CARTESIAN_POINT('Ctrl Pts',(0.969342035921027,-1.23224042947963,-4.));
#4803=CARTESIAN_POINT('Ctrl Pts',(1.00010212884292,-1.21264670460633,-4.));
#4804=CARTESIAN_POINT('Ctrl Pts',(1.0501215282384,-1.18078508596392,-4.));
#4805=CARTESIAN_POINT('Ctrl Pts',(1.09807386623542,-1.14583696459152,-4.));
#4806=CARTESIAN_POINT('Ctrl Pts',(1.14388075261101,-1.10812290500208,-4.));
#4807=CARTESIAN_POINT('Ctrl Pts',(1.17026398108542,-1.08640087302009,-4.));
#4808=CARTESIAN_POINT('Ctrl Pts',(1.19593521904062,-1.06376031131978,-4.));
#4809=CARTESIAN_POINT('Ctrl Pts',(1.22087664722441,-1.0402554381255,-4.));
#4810=CARTESIAN_POINT('Ctrl Pts',(1.23379138083385,-1.02808455626618,-4.));
#4811=CARTESIAN_POINT('Ctrl Pts',(1.24651356279339,-1.01567841776021,-4.));
#4812=CARTESIAN_POINT('Ctrl Pts',(1.25901992347711,-1.00306552062659,-4.));
#4813=CARTESIAN_POINT('Ctrl Pts',(1.30290225238867,-0.958809376529771,-4.));
#4814=CARTESIAN_POINT('Ctrl Pts',(1.34417616370095,-0.911969849524838,-4.));
#4815=CARTESIAN_POINT('Ctrl Pts',(1.38275331529367,-0.862896043587356,-4.));
#4816=CARTESIAN_POINT('Ctrl Pts',(1.41242016837443,-0.825156984824501,-4.));
#4817=CARTESIAN_POINT('Ctrl Pts',(1.44049188666427,-0.786095340147632,-4.));
#4818=CARTESIAN_POINT('Ctrl Pts',(1.46691820620599,-0.745851593751239,-4.));
#4819=CARTESIAN_POINT('Ctrl Pts',(1.47995691179352,-0.72599539091629,-4.));
#4820=CARTESIAN_POINT('Ctrl Pts',(1.49259490561302,-0.705851194361945,-4.));
#4821=CARTESIAN_POINT('Ctrl Pts',(1.50482516389883,-0.685434715656423,-4.));
#4822=CARTESIAN_POINT('Ctrl Pts',(1.51109775225324,-0.674963623094564,-4.));
#4823=CARTESIAN_POINT('Ctrl Pts',(1.51725826700699,-0.664428900396274,-4.));
#4824=CARTESIAN_POINT('Ctrl Pts',(1.523305135883,-0.653834845007554,-4.));
#4825=CARTESIAN_POINT('Ctrl Pts',(1.55542287372286,-0.597564881062119,-4.));
#4826=CARTESIAN_POINT('Ctrl Pts',(1.58434632461113,-0.539608562535531,-4.));
#4827=CARTESIAN_POINT('Ctrl Pts',(1.60998193607255,-0.480319244594517,-4.));
#4828=CARTESIAN_POINT('Ctrl Pts',(1.63611484393785,-0.419879793580038,-4.));
#4829=CARTESIAN_POINT('Ctrl Pts',(1.658831868085,-0.358054329088923,-4.));
#4830=CARTESIAN_POINT('Ctrl Pts',(1.67799949315833,-0.295176254986897,-4.));
#4831=CARTESIAN_POINT('Ctrl Pts',(1.69037781240509,-0.254570031113148,-4.));
#4832=CARTESIAN_POINT('Ctrl Pts',(1.70127513293547,-0.21352401363083,-4.));
#4833=CARTESIAN_POINT('Ctrl Pts',(1.71064581724637,-0.172121689363173,-4.));
#4834=CARTESIAN_POINT('Ctrl Pts',(1.71591845686613,-0.14882568151133,-4.));
#4835=CARTESIAN_POINT('Ctrl Pts',(1.72070761382119,-0.125416791017756,-4.));
#4836=CARTESIAN_POINT('Ctrl Pts',(1.72500393349224,-0.101909441764414,-4.));
#4837=CARTESIAN_POINT('Ctrl Pts',(1.72709884345125,-0.0904471242853957,
-4.));
#4838=CARTESIAN_POINT('Ctrl Pts',(1.72907684810637,-0.0789596154936446,
-4.));
#4839=CARTESIAN_POINT('Ctrl Pts',(1.73093588021039,-0.0674541772610978,
-4.));
#4840=CARTESIAN_POINT('Ctrl Pts',(1.74175246542978,-0.000510979852069812,
-4.));
#4841=CARTESIAN_POINT('Ctrl Pts',(1.74850393322836,0.0667766035325098,-4.));
#4842=CARTESIAN_POINT('Ctrl Pts',(1.7510711173851,0.134050595104127,-4.));
#4843=CARTESIAN_POINT('Ctrl Pts',(1.7519823153363,0.157928867773969,-4.));
#4844=CARTESIAN_POINT('Ctrl Pts',(1.75236598662725,0.18180572322803,-4.));
#4845=CARTESIAN_POINT('Ctrl Pts',(1.75221546734835,0.20566599477518,-4.));
#4846=CARTESIAN_POINT('Ctrl Pts',(1.75180641876152,0.270508255706532,-4.));
#4847=CARTESIAN_POINT('Ctrl Pts',(1.74745611920381,0.335227379837118,-4.));
#4848=CARTESIAN_POINT('Ctrl Pts',(1.73938149833553,0.399587931802845,-4.));
#4849=CARTESIAN_POINT('Ctrl Pts',(1.73502418660838,0.434318848885072,-4.));
#4850=CARTESIAN_POINT('Ctrl Pts',(1.72958144628768,0.468945539896769,-4.));
#4851=CARTESIAN_POINT('Ctrl Pts',(1.72308126737471,0.503431633860288,-4.));
#4852=CARTESIAN_POINT('Ctrl Pts',(1.71846374485091,0.5279294696532,-4.));
#4853=CARTESIAN_POINT('Ctrl Pts',(1.71331252552795,0.552356364423686,-4.));
#4854=CARTESIAN_POINT('Ctrl Pts',(1.70763639796799,0.576699224470865,-4.));
#4855=CARTESIAN_POINT('Ctrl Pts',(1.70506890728093,0.587710264270002,-4.));
#4856=CARTESIAN_POINT('Ctrl Pts',(1.70239345075279,0.598706280138408,-4.));
#4857=CARTESIAN_POINT('Ctrl Pts',(1.69961257246884,0.609678999185403,-4.));
#4858=CARTESIAN_POINT('Ctrl Pts',(1.68298690201283,0.675280148266383,-4.));
#4859=CARTESIAN_POINT('Ctrl Pts',(1.66264771662131,0.739856242052936,-4.));
#4860=CARTESIAN_POINT('Ctrl Pts',(1.63885563222506,0.803152418587285,-4.));
#4861=CARTESIAN_POINT('Ctrl Pts',(1.61454125660065,0.867838092453148,-4.));
#4862=CARTESIAN_POINT('Ctrl Pts',(1.58662056216832,0.931187903080256,-4.));
#4863=CARTESIAN_POINT('Ctrl Pts',(1.55531637711548,0.992934218302192,-4.));
#4864=CARTESIAN_POINT('Ctrl Pts',(1.52372631011929,1.05524442479172,-4.));
#4865=CARTESIAN_POINT('Ctrl Pts',(1.48869036407,1.11592269308564,-4.));
#4866=CARTESIAN_POINT('Ctrl Pts',(1.45038550491484,1.17468436364918,-4.));
#4867=CARTESIAN_POINT('Ctrl Pts',(1.43548192491031,1.19754723999852,-4.));
#4868=CARTESIAN_POINT('Ctrl Pts',(1.42008296307486,1.22011979654282,-4.));
#4869=CARTESIAN_POINT('Ctrl Pts',(1.40419710184817,1.24238437600486,-4.));
#4870=CARTESIAN_POINT('Ctrl Pts',(1.39813370814433,1.25088243028107,-4.));
#4871=CARTESIAN_POINT('Ctrl Pts',(1.39200063342444,1.25933375863846,-4.));
#4872=CARTESIAN_POINT('Ctrl Pts',(1.38580381197408,1.26773032188268,-4.));
#4873=CARTESIAN_POINT('Ctrl Pts',(1.34293423505176,1.3258177005114,-4.));
#4874=CARTESIAN_POINT('Ctrl Pts',(1.29694820132073,1.38138329923237,-4.));
#4875=CARTESIAN_POINT('Ctrl Pts',(1.24808674177666,1.43414642089071,-4.));
#4876=CARTESIAN_POINT('Ctrl Pts',(1.19911414941482,1.48702954949193,-4.));
#4877=CARTESIAN_POINT('Ctrl Pts',(1.14725260408913,1.53709844771371,-4.));
#4878=CARTESIAN_POINT('Ctrl Pts',(1.09269520165226,1.58405424127116,-4.));
#4879=CARTESIAN_POINT('Ctrl Pts',(1.03930501491074,1.63000544999172,-4.));
#4880=CARTESIAN_POINT('Ctrl Pts',(0.983332519417086,1.6729761903902,-4.));
#4881=CARTESIAN_POINT('Ctrl Pts',(0.92491893962813,1.71265717562467,-4.));
#4882=CARTESIAN_POINT('Ctrl Pts',(0.904096643771648,1.72680198950894,-4.));
#4883=CARTESIAN_POINT('Ctrl Pts',(0.882963835698167,1.74052845179674,-4.));
#4884=CARTESIAN_POINT('Ctrl Pts',(0.861525859670534,1.75382131162754,-4.));
#4885=CARTESIAN_POINT('Origin',(0.,0.,-0.149999999999997));
#4886=CARTESIAN_POINT('',(-3.2,3.91886975727153E-16,2.42861286636753E-15));
#4887=CARTESIAN_POINT('',(-3.35,4.10256677714363E-16,-0.149999999999997));
#4888=CARTESIAN_POINT('Origin',(0.,0.,2.42861286636753E-15));
#4889=CARTESIAN_POINT('Origin',(-3.5,0.,2.4347592391011E-15));
#4890=CARTESIAN_POINT('',(2.12688276127705,0.899835014386443,1.83697019872103E-16));
#4891=CARTESIAN_POINT('',(1.84272136231192,-1.3920169949439,1.83697019872103E-16));
#4892=CARTESIAN_POINT('',(2.02934707225611,0.113178678662617,2.4347592391011E-15));
#4893=CARTESIAN_POINT('',(-0.284161398965131,-2.29185200933034,1.83697019872103E-16));
#4894=CARTESIAN_POINT('',(-0.173315513703705,-2.2449556732582,2.4347592391011E-15));
#4895=CARTESIAN_POINT('',(-2.12688276127705,-0.899835014386442,1.83697019872103E-16));
#4896=CARTESIAN_POINT('',(-1.85903021456709,-1.10217450248543,2.4347592391011E-15));
#4897=CARTESIAN_POINT('',(-1.84272136231192,1.3920169949439,1.83697019872103E-16));
#4898=CARTESIAN_POINT('',(-2.08233775081543,-0.540565345445098,2.4347592391011E-15));
#4899=CARTESIAN_POINT('',(0.28416139896513,2.29185200933034,1.83697019872103E-16));
#4900=CARTESIAN_POINT('',(-2.79531685768902,0.988995823822817,2.4347592391011E-15));
#4901=CARTESIAN_POINT('',(-0.369346735480869,2.7855210187033,2.4347592391011E-15));
#4902=CARTESIAN_POINT('Origin',(2.12688276127705,0.899835014386443,1.83697019872103E-16));
#4903=CARTESIAN_POINT('',(2.12688276127705,0.899835014386443,-1.5));
#4904=CARTESIAN_POINT('',(2.12688276127705,0.899835014386443,1.83697019872103E-16));
#4905=CARTESIAN_POINT('',(1.84272136231192,-1.3920169949439,-1.5));
#4906=CARTESIAN_POINT('',(1.84272136231192,-1.3920169949439,-1.5));
#4907=CARTESIAN_POINT('',(1.84272136231192,-1.3920169949439,1.83697019872103E-16));
#4908=CARTESIAN_POINT('Origin',(0.28416139896513,2.29185200933034,1.83697019872103E-16));
#4909=CARTESIAN_POINT('',(0.28416139896513,2.29185200933034,-1.5));
#4910=CARTESIAN_POINT('',(0.28416139896513,2.29185200933034,1.83697019872103E-16));
#4911=CARTESIAN_POINT('',(2.12688276127705,0.899835014386443,-1.5));
#4912=CARTESIAN_POINT('Origin',(-1.84272136231192,1.3920169949439,1.83697019872103E-16));
#4913=CARTESIAN_POINT('',(-1.84272136231192,1.3920169949439,-1.5));
#4914=CARTESIAN_POINT('',(-1.84272136231192,1.3920169949439,1.83697019872103E-16));
#4915=CARTESIAN_POINT('',(0.28416139896513,2.29185200933034,-1.5));
#4916=CARTESIAN_POINT('Origin',(-2.12688276127705,-0.899835014386442,1.83697019872103E-16));
#4917=CARTESIAN_POINT('',(-2.12688276127705,-0.899835014386442,-1.5));
#4918=CARTESIAN_POINT('',(-2.12688276127705,-0.899835014386442,1.83697019872103E-16));
#4919=CARTESIAN_POINT('',(-1.84272136231192,1.3920169949439,-1.5));
#4920=CARTESIAN_POINT('Origin',(-0.284161398965131,-2.29185200933034,1.83697019872103E-16));
#4921=CARTESIAN_POINT('',(-0.284161398965131,-2.29185200933034,-1.5));
#4922=CARTESIAN_POINT('',(-0.284161398965131,-2.29185200933034,1.83697019872103E-16));
#4923=CARTESIAN_POINT('',(-2.12688276127705,-0.899835014386442,-1.5));
#4924=CARTESIAN_POINT('Origin',(1.84272136231192,-1.3920169949439,1.83697019872103E-16));
#4925=CARTESIAN_POINT('',(-0.284161398965131,-2.29185200933034,-1.5));
#4926=CARTESIAN_POINT('Origin',(0.,-2.77555756156289E-16,-1.5));
#4927=CARTESIAN_POINT('Ctrl Pts',(0.685825729128532,1.39614588036685,-3.76992591772793));
#4928=CARTESIAN_POINT('Ctrl Pts',(1.15011007542102,1.16807648246457,-3.80697448466225));
#4929=CARTESIAN_POINT('Ctrl Pts',(1.82524949570568,0.216325549845595,-3.88107161853088));
#4930=CARTESIAN_POINT('Ctrl Pts',(1.1703218864164,-1.41956261987888,-3.99221731933385));
#4931=CARTESIAN_POINT('Ctrl Pts',(-0.557478940943639,-1.75144407829484,
-4.1033630201368));
#4932=CARTESIAN_POINT('Ctrl Pts',(-1.77416304476679,-0.482255903956117,
-4.21450872093977));
#4933=CARTESIAN_POINT('Ctrl Pts',(-1.36713645117232,1.2295740464097,-4.32565442174273));
#4934=CARTESIAN_POINT('Ctrl Pts',(0.291621683671671,1.8152027993281,-4.43680012254569));
#4935=CARTESIAN_POINT('Ctrl Pts',(1.68330796025941,0.739463891417048,-4.54794582334865));
#4936=CARTESIAN_POINT('Ctrl Pts',(1.53410434428983,-1.013370815813,-4.65909152415161));
#4937=CARTESIAN_POINT('Ctrl Pts',(-0.0194942156352164,-1.83844760279608,
-4.77023722495457));
#4938=CARTESIAN_POINT('Ctrl Pts',(-1.55523085984553,-0.980602481325523,
-4.88138292575753));
#4939=CARTESIAN_POINT('Ctrl Pts',(-1.66727243589026,0.774939198267602,-4.9925286265605));
#4940=CARTESIAN_POINT('Ctrl Pts',(-0.25303973181949,1.82106610315741,-5.10367432736345));
#4941=CARTESIAN_POINT('Ctrl Pts',(1.39283055015713,1.20014277751581,-5.21482002816642));
#4942=CARTESIAN_POINT('Ctrl Pts',(1.76366440079873,-0.519429763336636,-5.32596572896938));
#4943=CARTESIAN_POINT('Ctrl Pts',(0.519987811611007,-1.76349930146544,-5.43711142977233));
#4944=CARTESIAN_POINT('Ctrl Pts',(-1.19970043059264,-1.39321116612648,-5.5482571305753));
#4945=CARTESIAN_POINT('Ctrl Pts',(-1.82114811819124,0.252463583226237,-5.65940283137825));
#4946=CARTESIAN_POINT('Ctrl Pts',(-0.775463653977557,1.66702554204253,-5.77054853218122));
#4947=CARTESIAN_POINT('Ctrl Pts',(0.980102787195506,1.55554388249589,-5.88169423298418));
#4948=CARTESIAN_POINT('Ctrl Pts',(1.83845460192659,0.0200719486366133,-5.99283993378714));
#4949=CARTESIAN_POINT('Ctrl Pts',(1.01383148611232,-1.53377439290626,-6.1039856345901));
#4950=CARTESIAN_POINT('Ctrl Pts',(-0.738882508887791,-1.68355898007115,
-6.21513133539306));
#4951=CARTESIAN_POINT('Ctrl Pts',(-1.81520192730799,-0.292164605662032,
-6.32627703619602));
#4952=CARTESIAN_POINT('Ctrl Pts',(-1.22983260283364,1.36668575706662,-6.43742273699898));
#4953=CARTESIAN_POINT('Ctrl Pts',(0.481361323688876,1.77443215426146,-6.54856843780194));
#4954=CARTESIAN_POINT('Ctrl Pts',(1.75190306774064,0.557811647300622,-6.65971413860491));
#4955=CARTESIAN_POINT('Ctrl Pts',(1.41870169122708,-1.16944589592628,-6.77085983940786));
#4956=CARTESIAN_POINT('Ctrl Pts',(-0.213220555558813,-1.8261585877215,-6.88200554021082));
#4957=CARTESIAN_POINT('Ctrl Pts',(-1.64995449242194,-0.811152492148009,
-6.99315124101379));
#4958=CARTESIAN_POINT('Ctrl Pts',(-1.57627200568719,0.946406232349911,-7.10429694181675));
#4959=CARTESIAN_POINT('Ctrl Pts',(-0.0596241909504176,1.83759711266779,
-7.2154426426197));
#4960=CARTESIAN_POINT('Ctrl Pts',(1.51160534569765,1.04659804674488,-7.32658834342267));
#4961=CARTESIAN_POINT('Ctrl Pts',(1.69906729931632,-0.702487369982005,-7.43773404422562));
#4962=CARTESIAN_POINT('Ctrl Pts',(0.331153534758275,-1.80849537710751,-7.54887974502859));
#4963=CARTESIAN_POINT('Ctrl Pts',(-1.33990782563811,-1.2589540148034,-7.66002544583154));
#4964=CARTESIAN_POINT('Ctrl Pts',(-1.78437851629658,0.443070539728581,-7.77117114663452));
#4965=CARTESIAN_POINT('Ctrl Pts',(-0.595377114704486,1.73949541071078,-7.88231684743747));
#4966=CARTESIAN_POINT('Ctrl Pts',(1.13864984752572,1.44353549222955,-7.99346254824043));
#4967=CARTESIAN_POINT('Ctrl Pts',(1.83032355802566,-0.173878881791808,-8.1046082490434));
#4968=CARTESIAN_POINT('Ctrl Pts',(0.846465746195007,-1.63211946043039,-8.21575394984635));
#4969=CARTESIAN_POINT('Ctrl Pts',(-0.912271476493903,-1.59627032352686,
-8.32689965064932));
#4970=CARTESIAN_POINT('Ctrl Pts',(-1.83588880516938,-0.09914881567972,-8.43804535145227));
#4971=CARTESIAN_POINT('Ctrl Pts',(-1.07888002210242,1.48873640732846,-8.54919105225524));
#4972=CARTESIAN_POINT('Ctrl Pts',(0.665766972754452,1.71378893991831,-8.66033675305819));
#4973=CARTESIAN_POINT('Ctrl Pts',(1.80095147968922,0.369989135519066,-8.77148245386118));
#4974=CARTESIAN_POINT('Ctrl Pts',(1.28749252073193,-1.31250950535845,-8.8826281546641));
#4975=CARTESIAN_POINT('Ctrl Pts',(-0.404574610421027,-1.79349869729522,
-8.99377385546709));
#4976=CARTESIAN_POINT('Ctrl Pts',(-1.72628235351788,-0.632666917524326,
-9.10491955627003));
#4977=CARTESIAN_POINT('Ctrl Pts',(-1.467700924747,1.1073265950449,-9.21606525707301));
#4978=CARTESIAN_POINT('Ctrl Pts',(0.134456700693773,1.83364107399335,-9.32721095787594));
#4979=CARTESIAN_POINT('Ctrl Pts',(1.6135287441274,0.881387079818858,-9.43835665867894));
#4980=CARTESIAN_POINT('Ctrl Pts',(1.61552955547336,-0.877714331652969,-9.54950235948186));
#4981=CARTESIAN_POINT('Ctrl Pts',(0.138627533720064,-1.83333046652579,-9.66064806028485));
#4982=CARTESIAN_POINT('Ctrl Pts',(-1.46517817213456,-1.11066246740284,-9.7717937610878));
#4983=CARTESIAN_POINT('Ctrl Pts',(-1.72771708257604,0.628738320107719,-9.88293946189076));
#4984=CARTESIAN_POINT('Ctrl Pts',(-0.408653428360641,1.79257372737806,-9.99408516269372));
#4985=CARTESIAN_POINT('Ctrl Pts',(1.28450348271332,1.31543490735738,-10.1052308634967));
#4986=CARTESIAN_POINT('Ctrl Pts',(1.80178847409715,-0.365891359842779,-10.2163765642997));
#4987=CARTESIAN_POINT('Ctrl Pts',(0.669663790517125,-1.71227001383169,-10.3275222651026));
#4988=CARTESIAN_POINT('Ctrl Pts',(-1.07549064152181,-1.49118680003411,-10.4386679659056));
#4989=CARTESIAN_POINT('Ctrl Pts',(-1.836109599524,0.0949722650712411,-10.5498136667085));
#4990=CARTESIAN_POINT('Ctrl Pts',(-0.915900324197382,1.59419095115111,-10.6609593675115));
#4991=CARTESIAN_POINT('Ctrl Pts',(0.842750798078384,1.6340407843549,-10.7721050683144));
#4992=CARTESIAN_POINT('Ctrl Pts',(1.82992328125889,0.178042066107039,-10.8832507691174));
#4993=CARTESIAN_POINT('Ctrl Pts',(1.14193066712548,-1.44094154776498,-10.9943964699204));
#4994=CARTESIAN_POINT('Ctrl Pts',(-0.591418556605811,-1.74084527844931,
-11.1055421707233));
#4995=CARTESIAN_POINT('Ctrl Pts',(-1.78336599913878,-0.447128511406637,
-11.2166878715263));
#4996=CARTESIAN_POINT('Ctrl Pts',(-1.34276823713265,1.25590272471423,-11.3278335723292));
#4997=CARTESIAN_POINT('Ctrl Pts',(0.327038698647641,1.80924400846978,-11.4389792731322));
#4998=CARTESIAN_POINT('Ctrl Pts',(1.69746487947704,0.706350603835621,-11.5501249739352));
#4999=CARTESIAN_POINT('Ctrl Pts',(1.51398224394344,-1.04315672725672,-11.6612706747382));
#5000=CARTESIAN_POINT('Ctrl Pts',(-0.0554438565327577,-1.83772799167062,
-11.7724163755411));
#5001=CARTESIAN_POINT('Ctrl Pts',(-1.57411503505382,-0.949989499423255,
-11.8835620763441));
#5002=CARTESIAN_POINT('Ctrl Pts',(-1.65179543932496,0.807397064164977,-11.994707777147));
#5003=CARTESIAN_POINT('Ctrl Pts',(-0.217374163597836,1.82566882692265,-12.10585347795));
#5004=CARTESIAN_POINT('Ctrl Pts',(1.41603775597004,1.1726701438445,-12.2169991787529));
#5005=CARTESIAN_POINT('Ctrl Pts',(1.75316744907875,-0.55382496159676,-12.3281448795559));
#5006=CARTESIAN_POINT('Ctrl Pts',(0.485396570386878,-1.77333255822296,-12.4392905803588));
#5007=CARTESIAN_POINT('Ctrl Pts',(-1.22672047374019,-1.36947985450813,-12.5504362811618));
#5008=CARTESIAN_POINT('Ctrl Pts',(-1.81586184844124,0.288034615927524,-12.6615819819648));
#5009=CARTESIAN_POINT('Ctrl Pts',(-0.742710371192748,1.68187380534916,-12.7727276827678));
#5010=CARTESIAN_POINT('Ctrl Pts',(1.01033982310973,1.53607670200272,-12.8838733835707));
#5011=CARTESIAN_POINT('Ctrl Pts',(1.83849550110474,-0.0158897770466295,
-12.9950190843737));
#5012=CARTESIAN_POINT('Ctrl Pts',(0.983638821936554,-1.55331029114476,-13.1061647851766));
#5013=CARTESIAN_POINT('Ctrl Pts',(-0.771669498973429,-1.6687852998367,-13.2173104859796));
#5014=CARTESIAN_POINT('Ctrl Pts',(-1.82056907336332,-0.256605615117755,
-13.3284561867826));
#5015=CARTESIAN_POINT('Ctrl Pts',(-1.20286666493714,1.3904783274039,-13.4396018875855));
#5016=CARTESIAN_POINT('Ctrl Pts',(0.515974941214793,1.76467788920113,-13.5507475883885));
#5017=CARTESIAN_POINT('Ctrl Pts',(1.76247805019378,0.523439886884916,-13.6618932891914));
#5018=CARTESIAN_POINT('Ctrl Pts',(1.39555739179199,-1.19697024140607,-13.7730389899944));
#5019=CARTESIAN_POINT('Ctrl Pts',(-0.248897170883701,-1.82163892989885,
-13.8841846907974));
#5020=CARTESIAN_POINT('Ctrl Pts',(-1.66550401023969,-0.778726257726336,
-13.9953303916003));
#5021=CARTESIAN_POINT('Ctrl Pts',(-1.55745994430171,0.977055123569129,-14.1064760924033));
#5022=CARTESIAN_POINT('Ctrl Pts',(-0.023671659532949,1.83841177246337,-14.2176217932062));
#5023=CARTESIAN_POINT('Ctrl Pts',(1.53178635218622,1.01683271183267,-14.3287674940092));
#5024=CARTESIAN_POINT('Ctrl Pts',(1.68500249944926,-0.735584644651245,-14.4399131948121));
#5025=CARTESIAN_POINT('Ctrl Pts',(0.295718256191947,-1.81462638180749,-14.5510588956151));
#5026=CARTESIAN_POINT('Ctrl Pts',(-1.36427509628578,-1.23250624917336,-14.6622045964181));
#5027=CARTESIAN_POINT('Ctrl Pts',(-1.77537126939087,0.477886020321138,-14.7733502972211));
#5028=CARTESIAN_POINT('Ctrl Pts',(-0.561240846541903,1.75080750077496,-14.884495998024));
#5029=CARTESIAN_POINT('Ctrl Pts',(1.16666580230662,1.42098877487657,-14.995641698827));
#5030=CARTESIAN_POINT('Ctrl Pts',(1.82657257800785,-0.209644484465289,-15.1067873996299));
#5031=CARTESIAN_POINT('Ctrl Pts',(0.814381587793733,-1.64836307349428,-15.2179331004329));
#5032=CARTESIAN_POINT('Ctrl Pts',(-0.943318039716159,-1.57812207022873,
-15.3290788012358));
#5033=CARTESIAN_POINT('Ctrl Pts',(-1.83747684451355,-0.0632221359454399,
-15.4402245020388));
#5034=CARTESIAN_POINT('Ctrl Pts',(-1.04955580007591,1.50955318393357,-15.5513702028418));
#5035=CARTESIAN_POINT('Ctrl Pts',(0.699159208773736,1.70043952946991,-15.6625159036447));
#5036=CARTESIAN_POINT('Ctrl Pts',(1.80784350376872,0.334693977355725,-15.7736616044477));
#5037=CARTESIAN_POINT('Ctrl Pts',(1.26157517318934,-1.33744019492059,-15.8848073052507));
#5038=CARTESIAN_POINT('Ctrl Pts',(-0.439575834389843,-1.78524263852772,
-15.9959530060536));
#5039=CARTESIAN_POINT('Ctrl Pts',(-1.73832631352397,-0.598781947212117,
-16.1070987068566));
#5040=CARTESIAN_POINT('Ctrl Pts',(-1.4457622288287,1.1358211876388,-16.2182444076595));
#5041=CARTESIAN_POINT('Ctrl Pts',(0.170294730979048,1.83066050844981,-16.3293901084625));
#5042=CARTESIAN_POINT('Ctrl Pts',(1.6304589315033,0.849659852692868,-16.4405358092655));
#5043=CARTESIAN_POINT('Ctrl Pts',(1.59805351305474,-0.909144192089667,-16.5516815100684));
#5044=CARTESIAN_POINT('Ctrl Pts',(0.1027433400049,-1.83569115013435,-16.6628272108714));
#5045=CARTESIAN_POINT('Ctrl Pts',(-1.48662108052096,-1.08179293561552,-16.7739729116743));
#5046=CARTESIAN_POINT('Ctrl Pts',(-1.71508924243068,0.662410056608087,-16.8851186124773));
#5047=CARTESIAN_POINT('Ctrl Pts',(-0.373514732539462,1.80022357977361,-16.9962643132802));
#5048=CARTESIAN_POINT('Ctrl Pts',(1.30998604808163,1.2900599778415,-17.1074100140832));
#5049=CARTESIAN_POINT('Ctrl Pts',(1.79428742608905,-0.401062121342444,-17.2185557148862));
#5050=CARTESIAN_POINT('Ctrl Pts',(0.636045807066648,-1.72504026732998,-17.3297014156891));
#5051=CARTESIAN_POINT('Ctrl Pts',(-1.10445067870509,-1.46986628334172,-17.4408471164921));
#5052=CARTESIAN_POINT('Ctrl Pts',(-1.83390082848036,0.130866129674599,-17.551992817295));
#5053=CARTESIAN_POINT('Ctrl Pts',(-0.884544718305786,1.61179987402725,-17.663138518098));
#5054=CARTESIAN_POINT('Ctrl Pts',(0.874549403453519,1.61724504436279,-17.774284218901));
#5055=CARTESIAN_POINT('Ctrl Pts',(1.83305551611654,0.142216973078798,-17.8854299197039));
#5056=CARTESIAN_POINT('Ctrl Pts',(1.11352919240074,-1.46300065969511,-17.9965756205069));
#5057=CARTESIAN_POINT('Ctrl Pts',(-0.625354203304779,-1.72894485539765,
-18.1077213213099));
#5058=CARTESIAN_POINT('Ctrl Pts',(-1.79177013790775,-0.412162547423965,
-18.2188670221128));
#5059=CARTESIAN_POINT('Ctrl Pts',(-1.31794747443816,1.2819253672578,-18.3300127229158));
#5060=CARTESIAN_POINT('Ctrl Pts',(0.362362713335186,1.80250144426608,-18.4411584237187));
#5061=CARTESIAN_POINT('Ctrl Pts',(1.71095551373835,0.673015172641241,-18.5523041245217));
#5062=CARTESIAN_POINT('Ctrl Pts',(1.49328977804618,-1.07256880030129,-18.6634498253247));
#5063=CARTESIAN_POINT('Ctrl Pts',(-0.091376936308712,-1.83629203780548,
-18.7745955261276));
#5064=CARTESIAN_POINT('Ctrl Pts',(-1.59239454035853,-0.919020032661574,
-18.8857412269306));
#5065=CARTESIAN_POINT('Ctrl Pts',(-1.63568777832087,0.839549691470758,-18.9968869277335));
#5066=CARTESIAN_POINT('Ctrl Pts',(-0.181624758560206,1.82957116277966,-19.1080326285365));
#5067=CARTESIAN_POINT('Ctrl Pts',(1.43870285789921,1.14474987629159,-19.2191783293395));
#5068=CARTESIAN_POINT('Ctrl Pts',(1.74199995311155,-0.588008806019365,-19.3303240301424));
#5069=CARTESIAN_POINT('Ctrl Pts',(0.450619527762785,-1.7824870921821,-19.4414697309454));
#5070=CARTESIAN_POINT('Ctrl Pts',(-1.25327114476803,-1.34522475084604,-19.5526154317483));
#5071=CARTESIAN_POINT('Ctrl Pts',(-1.80988088990294,0.323495528502508,-19.6637611325513));
#5072=CARTESIAN_POINT('Ctrl Pts',(-0.709672926824892,1.69607857410226,-19.7749068333543));
#5073=CARTESIAN_POINT('Ctrl Pts',(1.04019031399124,1.51602186767729,-19.8860525341572));
#5074=CARTESIAN_POINT('Ctrl Pts',(1.83783302927618,-0.0518454346927248,
-19.9971982349602));
#5075=CARTESIAN_POINT('Ctrl Pts',(0.953069833414852,-1.57225191532131,-20.1083439357632));
#5076=CARTESIAN_POINT('Ctrl Pts',(-0.804161261287035,-1.65337317579614,
-20.2194896365661));
#5077=CARTESIAN_POINT('Ctrl Pts',(-1.82523970340709,-0.220948450330288,
-20.3306353373691));
#5078=CARTESIAN_POINT('Ctrl Pts',(-1.17544053186253,1.41373892520921,-20.441781038172));
#5079=CARTESIAN_POINT('Ctrl Pts',(0.550391155968523,1.75424849095805,-20.552926738975));
#5080=CARTESIAN_POINT('Ctrl Pts',(1.77237874072086,0.488867867667426,-20.6640724397779));
#5081=CARTESIAN_POINT('Ctrl Pts',(1.37187917746869,-1.22403664774581,-20.7752181405809));
#5082=CARTESIAN_POINT('Ctrl Pts',(-0.284478562660861,-1.81642234625743,
-20.8863638413839));
#5083=CARTESIAN_POINT('Ctrl Pts',(-1.68041633656337,-0.746002096785176,
-20.9975095421869));
#5084=CARTESIAN_POINT('Ctrl Pts',(-1.53805202709631,1.00733021127229,-21.1086552429898));
#5085=CARTESIAN_POINT('Ctrl Pts',(0.0122899282271265,1.83852308940114,-21.2198009437927));
#5086=CARTESIAN_POINT('Ctrl Pts',(1.55138132511163,0.986678355236322,-21.3309466445957));
#5087=CARTESIAN_POINT('Ctrl Pts',(1.67029304830851,-0.768400498027706,-21.4420923453986));
#5088=CARTESIAN_POINT('Ctrl Pts',(0.260169841206231,-1.82006314349906,-21.5532380462017));
#5089=CARTESIAN_POINT('Ctrl Pts',(-1.38812042012499,-1.20558694909533,-21.6643837470045));
#5090=CARTESIAN_POINT('Ctrl Pts',(-1.76568479776647,0.512518670424152,-21.7755294478076));
#5091=CARTESIAN_POINT('Ctrl Pts',(-0.526889857851564,1.76144976377133,-21.8866751486105));
#5092=CARTESIAN_POINT('Ctrl Pts',(1.1942354119963,1.39789841309408,-21.9978208494135));
#5093=CARTESIAN_POINT('Ctrl Pts',(1.82212278458314,-0.245329880976509,-22.1089665502164));
#5094=CARTESIAN_POINT('Ctrl Pts',(0.781985861826698,-1.66397605286258,-22.2201122510194));
#5095=CARTESIAN_POINT('Ctrl Pts',(-0.974003706634024,-1.55937005616375,
-22.3312579518224));
#5096=CARTESIAN_POINT('Ctrl Pts',(-1.83836189867702,-0.0272712685732157,
-22.4424036526253));
#5097=CARTESIAN_POINT('Ctrl Pts',(-1.01983003711245,1.52979243297912,-22.5535493534283));
#5098=CARTESIAN_POINT('Ctrl Pts',(0.73228395921127,1.68643956182213,-22.6646950542312));
#5099=CARTESIAN_POINT('Ctrl Pts',(1.81404387984408,0.299270771371339,-22.7758407550342));
#5100=CARTESIAN_POINT('Ctrl Pts',(1.23517516995847,-1.36185920421863,-22.8869864558371));
#5101=CARTESIAN_POINT('Ctrl Pts',(-0.474408884648984,-1.77630357843558,
-22.9981321566402));
#5102=CARTESIAN_POINT('Ctrl Pts',(-1.74970522153701,-0.564667893830608,
-23.1092778574431));
#5103=CARTESIAN_POINT('Ctrl Pts',(-1.42327041060866,1.16388123572933,-23.220423558246));
#5104=CARTESIAN_POINT('Ctrl Pts',(0.206067609601269,1.82697956553164,-23.331569259049));
#5105=CARTESIAN_POINT('Ctrl Pts',(1.64676533498229,0.817607561179341,-23.4427149598519));
#5106=CARTESIAN_POINT('Ctrl Pts',(1.5799660844622,-0.940226230513771,-23.553860660655));
#5107=CARTESIAN_POINT('Ctrl Pts',(0.0668198385587698,-1.83734953173639,
-23.6650063614578));
#5108=CARTESIAN_POINT('Ctrl Pts',(-1.50749523475297,-1.05250952955021,-23.7761520622609));
#5109=CARTESIAN_POINT('Ctrl Pts',(-1.70180524037252,0.69582836708312,-23.8872977630638));
#5110=CARTESIAN_POINT('Ctrl Pts',(-0.338233136783243,1.8071846994092,-23.9984434638668));
#5111=CARTESIAN_POINT('Ctrl Pts',(1.3349674366425,1.26419149486979,-24.1095891646697));
#5112=CARTESIAN_POINT('Ctrl Pts',(1.78609991638527,-0.436079443777748,-24.2207348654727));
#5113=CARTESIAN_POINT('Ctrl Pts',(0.602184484072618,-1.73715055183457,-24.3318805662757));
#5114=CARTESIAN_POINT('Ctrl Pts',(-1.13298817317048,-1.44798342257525,-24.4430262670786));
#5115=CARTESIAN_POINT('Ctrl Pts',(-1.83099044037467,0.166709927279786,-24.5541719678816));
#5116=CARTESIAN_POINT('Ctrl Pts',(-0.852850701712248,1.62879215162212,-24.6653176686845));
#5117=CARTESIAN_POINT('Ctrl Pts',(0.906013422152164,1.59983057586634,-24.7764633694875));
#5118=CARTESIAN_POINT('Ctrl Pts',(1.83548645731343,0.106337470426361,-24.8876090702905));
#5119=CARTESIAN_POINT('Ctrl Pts',(1.08470170168368,-1.48450005421377,-24.9987547710934));
#5120=CARTESIAN_POINT('Ctrl Pts',(-0.659050600872393,-1.71638296952795,
-25.1099004718964));
#5121=CARTESIAN_POINT('Ctrl Pts',(-1.7994887780511,-0.377038897556078,-25.2210461726993));
#5122=CARTESIAN_POINT('Ctrl Pts',(-1.29262248903674,1.30745756849956,-25.3321918735024));
#5123=CARTESIAN_POINT('Ctrl Pts',(0.397548094641992,1.79506927583267,-25.4433375743052));
#5124=CARTESIAN_POINT('Ctrl Pts',(1.72379156758602,0.639422258097749,-25.5544832751083));
#5125=CARTESIAN_POINT('Ctrl Pts',(1.47202600665357,-1.10157052805502,-25.6656289759111));
#5126=CARTESIAN_POINT('Ctrl Pts',(-0.127275056897095,-1.83415355204331,
-25.7767746767142));
#5127=CARTESIAN_POINT('Ctrl Pts',(-1.61006482457715,-0.887698965573981,
-25.8879203775171));
#5128=CARTESIAN_POINT('Ctrl Pts',(-1.61895433282895,0.871381122359107,-25.99906607832));
#5129=CARTESIAN_POINT('Ctrl Pts',(-0.14580586744363,1.83277353801344,-26.1102117791231));
#5130=CARTESIAN_POINT('Ctrl Pts',(1.46081753878257,1.11639164830525,-26.2213574799259));
#5131=CARTESIAN_POINT('Ctrl Pts',(1.73016599879024,-0.62196768902533,-26.332503180729));
#5132=CARTESIAN_POINT('Ctrl Pts',(0.415670088014466,-1.7909596789527,-26.4436488815319));
#5133=CARTESIAN_POINT('Ctrl Pts',(-1.27934234031776,-1.32045498885378,-26.5547945823349));
#5134=CARTESIAN_POINT('Ctrl Pts',(-1.80320749772342,0.358832677890003,-26.6659402831378));
#5135=CARTESIAN_POINT('Ctrl Pts',(-0.676363986268433,1.70963445348594,-26.7770859839408));
#5136=CARTESIAN_POINT('Ctrl Pts',(1.06964286937658,1.49538703211932,-26.8882316847438));
#5137=CARTESIAN_POINT('Ctrl Pts',(1.83646739338502,-0.0877812593669505,
-26.9993773855467));
#5138=CARTESIAN_POINT('Ctrl Pts',(0.922136298877889,-1.59059202045613,-27.1105230863497));
#5139=CARTESIAN_POINT('Ctrl Pts',(-0.836345520678548,-1.63732850907343,
-27.2216687871526));
#5140=CARTESIAN_POINT('Ctrl Pts',(-1.82921173569485,-0.185206739859319,
-27.3328144879556));
#5141=CARTESIAN_POINT('Ctrl Pts',(-1.14756525705834,1.43645862400464,-27.4439601887585));
#5142=CARTESIAN_POINT('Ctrl Pts',(0.584597868304594,1.74314800296708,-27.5551058895616));
#5143=CARTESIAN_POINT('Ctrl Pts',(1.781599319077,0.454108714090118,-27.6662515903645));
#5144=CARTESIAN_POINT('Ctrl Pts',(1.34767997741314,-1.25063456491926,-27.7773972911674));
#5145=CARTESIAN_POINT('Ctrl Pts',(-0.319958488399816,-1.81051120391411,
-27.8885429919704));
#5146=CARTESIAN_POINT('Ctrl Pts',(-1.69467173069356,-0.712991821732916,
-27.9996886927733));
#5147=CARTESIAN_POINT('Ctrl Pts',(-1.51808240757238,1.03721856584315,-28.1108343935763));
#5148=CARTESIAN_POINT('Ctrl Pts',(0.0482977143564182,1.83793358600638,-28.2219800943793));
#5149=CARTESIAN_POINT('Ctrl Pts',(1.5702858328285,0.956141627738371,-28.3331257951823));
#5150=CARTESIAN_POINT('Ctrl Pts',(1.65512920222825,-0.80091306373392,-28.4442714959852));
#5151=CARTESIAN_POINT('Ctrl Pts',(0.224170018138477,-1.82482138010396,-28.5554171967882));
#5152=CARTESIAN_POINT('Ctrl Pts',(-1.41076219733665,-1.17817195330545,-28.6665628975911));
#5153=CARTESIAN_POINT('Ctrl Pts',(-1.75662416608682,0.54688471244166,-28.7777085983941));
#5154=CARTESIAN_POINT('Ctrl Pts',(-0.48968016795829,1.77159414037137,-28.8888542991971));
#5155=CARTESIAN_POINT('Ctrl Pts',(0.646660558056503,1.50631536443263,-28.9629514330657));
#5156=CARTESIAN_POINT('Ctrl Pts',(1.03331015022959,1.16269100943995,-29.));
#5157=CARTESIAN_POINT('Ctrl Pts',(0.74439243930916,1.51537102412043,-3.84661727848528));
#5158=CARTESIAN_POINT('Ctrl Pts',(1.24832476845764,1.26782543312609,-3.8836658454196));
#5159=CARTESIAN_POINT('Ctrl Pts',(1.98111833188671,0.234798866381164,-3.95776297928824));
#5160=CARTESIAN_POINT('Ctrl Pts',(1.27026258538495,-1.54078745734205,-4.06890868009121));
#5161=CARTESIAN_POINT('Ctrl Pts',(-0.605085360737118,-1.90101023391478,
-4.18005438089415));
#5162=CARTESIAN_POINT('Ctrl Pts',(-1.92566930713465,-0.523438584278904,
-4.29120008169713));
#5163=CARTESIAN_POINT('Ctrl Pts',(-1.48388430840837,1.33457463732247,-4.40234578250008));
#5164=CARTESIAN_POINT('Ctrl Pts',(0.316524981848762,1.97021368875962,-4.51349148330305));
#5165=CARTESIAN_POINT('Ctrl Pts',(1.82705557028051,0.802611081115855,-4.624637184106));
#5166=CARTESIAN_POINT('Ctrl Pts',(1.66511057619798,-1.09990853575336,-4.73578288490897));
#5167=CARTESIAN_POINT('Ctrl Pts',(-0.0211589418606264,-1.99544350330272,
-4.84692858571192));
#5168=CARTESIAN_POINT('Ctrl Pts',(-1.68804120971129,-1.06434191962147,-4.9580742865149));
#5169=CARTESIAN_POINT('Ctrl Pts',(-1.80965067776365,0.841115833970989,-5.06921998731784));
#5170=CARTESIAN_POINT('Ctrl Pts',(-0.27464828922436,1.97657769473745,-5.18036568812082));
#5171=CARTESIAN_POINT('Ctrl Pts',(1.51177257828051,1.30263005852725,-5.29151138892375));
#5172=CARTESIAN_POINT('Ctrl Pts',(1.91427412194267,-0.563786939097888,-5.40265708972675));
#5173=CARTESIAN_POINT('Ctrl Pts',(0.5643926424107,-1.9140949238021,-5.51380279052968));
#5174=CARTESIAN_POINT('Ctrl Pts',(-1.30214993698744,-1.51218569729572,-5.62494849133267));
#5175=CARTESIAN_POINT('Ctrl Pts',(-1.97666671351947,0.274022939899523,-5.7360941921356));
#5176=CARTESIAN_POINT('Ctrl Pts',(-0.841685076051884,1.8093827001919,-5.84723989293858));
#5177=CARTESIAN_POINT('Ctrl Pts',(1.06379955365808,1.68838096321474,-5.95838559374153));
#5178=CARTESIAN_POINT('Ctrl Pts',(1.99545110013033,0.021786010895576,-6.0695312945445));
#5179=CARTESIAN_POINT('Ctrl Pts',(1.10040854541063,-1.6647524483168,-6.18067699534746));
#5180=CARTESIAN_POINT('Ctrl Pts',(-0.801980050898292,-1.82732802615671,
-6.29182269615042));
#5181=CARTESIAN_POINT('Ctrl Pts',(-1.97021274227258,-0.317114267154818,
-6.40296839695338));
#5182=CARTESIAN_POINT('Ctrl Pts',(-1.33485527340666,1.4833951268708,-6.51411409775634));
#5183=CARTESIAN_POINT('Ctrl Pts',(0.522467610518459,1.92596139747868,-6.6252597985593));
#5184=CARTESIAN_POINT('Ctrl Pts',(1.90150841918063,0.605446478855121,-6.73640549936226));
#5185=CARTESIAN_POINT('Ctrl Pts',(1.53985300890711,-1.26931178889249,-6.84755120016522));
#5186=CARTESIAN_POINT('Ctrl Pts',(-0.231428718291146,-1.98210505663974,
-6.95869690096818));
#5187=CARTESIAN_POINT('Ctrl Pts',(-1.79085385280558,-0.880421594927558,
-7.06984260177114));
#5188=CARTESIAN_POINT('Ctrl Pts',(-1.7108791832863,1.02722545094878,-7.1809883025741));
#5189=CARTESIAN_POINT('Ctrl Pts',(-0.0647158528155209,1.99452038479854,
-7.29213400337706));
#5190=CARTESIAN_POINT('Ctrl Pts',(1.64069025521456,1.13597323620756,-7.40327970418003));
#5191=CARTESIAN_POINT('Ctrl Pts',(1.84416069238982,-0.762476916095375,-7.51442540498298));
#5192=CARTESIAN_POINT('Ctrl Pts',(0.359432691214064,-1.96293348013492,-7.62557110578595));
#5193=CARTESIAN_POINT('Ctrl Pts',(-1.45433046970046,-1.36646353476461,-7.7367168065889));
#5194=CARTESIAN_POINT('Ctrl Pts',(-1.9367571381211,0.480906950332258,-7.84786250739187));
#5195=CARTESIAN_POINT('Ctrl Pts',(-0.646219883419692,1.888041199025,-7.95900820819482));
#5196=CARTESIAN_POINT('Ctrl Pts',(1.23588588400685,1.56680751487035,-8.07015390899779));
#5197=CARTESIAN_POINT('Ctrl Pts',(1.98662569836064,-0.188727426610038,-8.18129960980074));
#5198=CARTESIAN_POINT('Ctrl Pts',(0.918750456332905,-1.77149578208079,-8.29244531060372));
#5199=CARTESIAN_POINT('Ctrl Pts',(-0.990175726656343,-1.73258527561629,
-8.40359101140666));
#5200=CARTESIAN_POINT('Ctrl Pts',(-1.99266619483187,-0.107615718722286,
-8.51473671220963));
#5201=CARTESIAN_POINT('Ctrl Pts',(-1.17101196013041,1.61586840311128,-8.62588241301258));
#5202=CARTESIAN_POINT('Ctrl Pts',(0.722620747241298,1.86013950084349,-8.73702811381556));
#5203=CARTESIAN_POINT('Ctrl Pts',(1.9547453647543,0.401584693325583,-8.84817381461851));
#5204=CARTESIAN_POINT('Ctrl Pts',(1.39743911229124,-1.42459244501033,-8.95931951542147));
#5205=CARTESIAN_POINT('Ctrl Pts',(-0.439123626225807,-1.94665614524809,
-9.07046521622443));
#5206=CARTESIAN_POINT('Ctrl Pts',(-1.87369980082892,-0.686694082773062,
-9.18161091702739));
#5207=CARTESIAN_POINT('Ctrl Pts',(-1.59303657641561,1.20188775397035,-9.29275661783036));
#5208=CARTESIAN_POINT('Ctrl Pts',(0.145938752601349,1.99022651661337,-9.4039023186333));
#5209=CARTESIAN_POINT('Ctrl Pts',(1.75131749469739,0.956653928915102,-9.51504801943629));
#5210=CARTESIAN_POINT('Ctrl Pts',(1.75348916714292,-0.952667543088503,-9.62619372023922));
#5211=CARTESIAN_POINT('Ctrl Pts',(0.150465757696749,-1.9898893845394,-9.7373394210422));
#5212=CARTESIAN_POINT('Ctrl Pts',(-1.59029839105575,-1.20550849617384,-9.84848512184516));
#5213=CARTESIAN_POINT('Ctrl Pts',(-1.87525704987626,0.682429999216935,-9.95963082264812));
#5214=CARTESIAN_POINT('Ctrl Pts',(-0.443550758522749,1.94565218668593,-10.0707765234511));
#5215=CARTESIAN_POINT('Ctrl Pts',(1.39419482266005,1.42776766436622,-10.181922224254));
#5216=CARTESIAN_POINT('Ctrl Pts',(1.95565383505883,-0.39713698437885,-10.293067925057));
#5217=CARTESIAN_POINT('Ctrl Pts',(0.72685033729112,-1.85849086468608,-10.40421362586));
#5218=CARTESIAN_POINT('Ctrl Pts',(-1.16733314032104,-1.61852804932447,-10.5153593266629));
#5219=CARTESIAN_POINT('Ctrl Pts',(-1.99290584412066,0.103082507786578,-10.6265050274659));
#5220=CARTESIAN_POINT('Ctrl Pts',(-0.994114463100725,1.73032833335058,-10.7376507282689));
#5221=CARTESIAN_POINT('Ctrl Pts',(0.914718266852506,1.77358117920443,-10.8487964290718));
#5222=CARTESIAN_POINT('Ctrl Pts',(1.98619123959633,0.193246129825761,-10.9599421298748));
#5223=CARTESIAN_POINT('Ctrl Pts',(1.23944687217194,-1.5639920581656,-11.0710878306777));
#5224=CARTESIAN_POINT('Ctrl Pts',(-0.641923280661877,-1.88950633994336,
-11.1822335314807));
#5225=CARTESIAN_POINT('Ctrl Pts',(-1.93565815614228,-0.485311456182232,
-11.2933792322837));
#5226=CARTESIAN_POINT('Ctrl Pts',(-1.45743514862888,1.36315167699084,-11.4045249330866));
#5227=CARTESIAN_POINT('Ctrl Pts',(0.354966464941718,1.96374604155136,-11.5156706338896));
#5228=CARTESIAN_POINT('Ctrl Pts',(1.84242143245501,0.766670054307768,-11.6268163346925));
#5229=CARTESIAN_POINT('Ctrl Pts',(1.64327013084182,-1.13223804212054,-11.7379620354955));
#5230=CARTESIAN_POINT('Ctrl Pts',(-0.060178534948817,-1.99466244033251,
-11.8491077362984));
#5231=CARTESIAN_POINT('Ctrl Pts',(-1.70853801618937,-1.03111471436378,-11.9602534371014));
#5232=CARTESIAN_POINT('Ctrl Pts',(-1.79285200903907,0.876345468765846,-12.0713991379044));
#5233=CARTESIAN_POINT('Ctrl Pts',(-0.235937027455867,1.98157347227327,-12.1825448387074));
#5234=CARTESIAN_POINT('Ctrl Pts',(1.53696158448268,1.27281137438599,-12.2936905395103));
#5235=CARTESIAN_POINT('Ctrl Pts',(1.90288077350987,-0.601119346509765,-12.4048362403133));
#5236=CARTESIAN_POINT('Ctrl Pts',(0.526847450768094,-1.92476790043917,-12.5159819411162));
#5237=CARTESIAN_POINT('Ctrl Pts',(-1.33147738122667,-1.4864278287975,-12.6271276419192));
#5238=CARTESIAN_POINT('Ctrl Pts',(-1.97092901796954,0.312631593201146,-12.7382733427221));
#5239=CARTESIAN_POINT('Ctrl Pts',(-0.806134796976547,1.82549894441093,-12.8494190435251));
#5240=CARTESIAN_POINT('Ctrl Pts',(1.09661870867909,1.66725136518668,-12.9605647443281));
#5241=CARTESIAN_POINT('Ctrl Pts',(1.99549549193089,-0.0172466989695523,
-13.071710445131));
#5242=CARTESIAN_POINT('Ctrl Pts',(1.06763755129293,-1.68595663230437,-13.182856145934));
#5243=CARTESIAN_POINT('Ctrl Pts',(-0.837566915739982,-1.81129273409896,
-13.2940018467369));
#5244=CARTESIAN_POINT('Ctrl Pts',(-1.97603822063329,-0.278518684361125,
-13.4051475475399));
#5245=CARTESIAN_POINT('Ctrl Pts',(-1.30558655478548,1.50921948533181,-13.5162932483428));
#5246=CARTESIAN_POINT('Ctrl Pts',(0.560037089307435,1.91537415810643,-13.6274389491458));
#5247=CARTESIAN_POINT('Ctrl Pts',(1.91298646185183,0.568139510783643,-13.7385846499488));
#5248=CARTESIAN_POINT('Ctrl Pts',(1.51473228102995,-1.29918660081901,-13.8497303507517));
#5249=CARTESIAN_POINT('Ctrl Pts',(-0.270151970540271,-1.97719943853802,
-13.9608760515547));
#5250=CARTESIAN_POINT('Ctrl Pts',(-1.80773123580073,-0.84522629280696,-14.0720217523576));
#5251=CARTESIAN_POINT('Ctrl Pts',(-1.69046064885632,1.06049163203211,-14.1831674531607));
#5252=CARTESIAN_POINT('Ctrl Pts',(-0.025693122368831,1.99540461320625,-14.2943131539636));
#5253=CARTESIAN_POINT('Ctrl Pts',(1.66259463705632,1.10366606352347,-14.4054588547665));
#5254=CARTESIAN_POINT('Ctrl Pts',(1.82889481618138,-0.798400562554115,-14.5166045555695));
#5255=CARTESIAN_POINT('Ctrl Pts',(0.320971384894885,-1.96958804754205,-14.6277502563725));
#5256=CARTESIAN_POINT('Ctrl Pts',(-1.48077860552612,-1.33775723820056,-14.7388959571754));
#5257=CARTESIAN_POINT('Ctrl Pts',(-1.92698070919634,0.518695530467544,-14.8500416579784));
#5258=CARTESIAN_POINT('Ctrl Pts',(-0.609168517675884,1.90031929528024,-14.9611873587813));
#5259=CARTESIAN_POINT('Ctrl Pts',(1.26629428665664,1.54233540013922,-15.0723330595843));
#5260=CARTESIAN_POINT('Ctrl Pts',(1.98255440000209,-0.227547265363103,-15.1834787603873));
#5261=CARTESIAN_POINT('Ctrl Pts',(0.88392644212473,-1.78912653321518,-15.2946244611902));
#5262=CARTESIAN_POINT('Ctrl Pts',(-1.02387353930409,-1.71288723576736,-15.4057701619932));
#5263=CARTESIAN_POINT('Ctrl Pts',(-1.99438984623618,-0.0686210475867192,
-15.5169158627962));
#5264=CARTESIAN_POINT('Ctrl Pts',(-1.13918356956697,1.63846284723533,-15.6280615635991));
#5265=CARTESIAN_POINT('Ctrl Pts',(0.758864543542097,1.84565010538198,-15.7392072644021));
#5266=CARTESIAN_POINT('Ctrl Pts',(1.96222593948111,0.363275473118293,-15.850352965205));
#5267=CARTESIAN_POINT('Ctrl Pts',(1.3693085293483,-1.45165211341968,-15.961498666008));
#5268=CARTESIAN_POINT('Ctrl Pts',(-0.477113811461434,-1.93769505285393,
-16.0726443668109));
#5269=CARTESIAN_POINT('Ctrl Pts',(-1.88677226572356,-0.649915474687486,
-16.1837900676139));
#5270=CARTESIAN_POINT('Ctrl Pts',(-1.56922440566104,1.2328156681433,-16.2949357684169));
#5271=CARTESIAN_POINT('Ctrl Pts',(0.184837203987807,1.98699142297188,-16.4060814692198));
#5272=CARTESIAN_POINT('Ctrl Pts',(1.76969345077989,0.922217326452194,-16.5172271700228));
#5273=CARTESIAN_POINT('Ctrl Pts',(1.73452074223125,-0.986781384963968,-16.6283728708258));
#5274=CARTESIAN_POINT('Ctrl Pts',(0.111517200712438,-1.99245166086586,-16.7395185716287));
#5275=CARTESIAN_POINT('Ctrl Pts',(-1.61357243605246,-1.17417362453497,-16.8506642724317));
#5276=CARTESIAN_POINT('Ctrl Pts',(-1.86155084386827,0.718977164195902,-16.9618099732347));
#5277=CARTESIAN_POINT('Ctrl Pts',(-0.405411361901244,1.9539553051652,-17.0729556740376));
#5278=CARTESIAN_POINT('Ctrl Pts',(1.42185349481059,1.40022581972935,-17.1841013748406));
#5279=CARTESIAN_POINT('Ctrl Pts',(1.94751222825265,-0.435311184956542,-17.2952470756435));
#5280=CARTESIAN_POINT('Ctrl Pts',(0.690361515652492,-1.87235164556444,-17.4063927764465));
#5281=CARTESIAN_POINT('Ctrl Pts',(-1.19876624614625,-1.5953868477715,-17.5175384772494));
#5282=CARTESIAN_POINT('Ctrl Pts',(-1.9905084530704,0.142041561513358,-17.6286841780524));
#5283=CARTESIAN_POINT('Ctrl Pts',(-0.960081216804586,1.74944098616696,-17.7398298788553));
#5284=CARTESIAN_POINT('Ctrl Pts',(0.949232342974882,1.75535115176202,-17.8509755796583));
#5285=CARTESIAN_POINT('Ctrl Pts',(1.98959095449058,0.154361720485133,-17.9621212804613));
#5286=CARTESIAN_POINT('Ctrl Pts',(1.20862002775304,-1.58793492796654,-18.0732669812642));
#5287=CARTESIAN_POINT('Ctrl Pts',(-0.678756892690222,-1.87658966947156,
-18.1844126820672));
#5288=CARTESIAN_POINT('Ctrl Pts',(-1.94477997396395,-0.447359541991247,
-18.2955583828701));
#5289=CARTESIAN_POINT('Ctrl Pts',(-1.43049479439175,1.39139654669687,-18.4067040836732));
#5290=CARTESIAN_POINT('Ctrl Pts',(0.393307005902271,1.956427689962,-18.5178497844761));
#5291=CARTESIAN_POINT('Ctrl Pts',(1.85706411166502,0.730487913731418,-18.6289954852791));
#5292=CARTESIAN_POINT('Ctrl Pts',(1.62081061305128,-1.16416178581939,-18.740141186082));
#5293=CARTESIAN_POINT('Ctrl Pts',(-0.0991801526634249,-1.99310386188465,
-18.851286886885));
#5294=CARTESIAN_POINT('Ctrl Pts',(-1.72837851642903,-0.997500581898781,
-18.9624325876879));
#5295=CARTESIAN_POINT('Ctrl Pts',(-1.77536881971394,0.911243798842729,-19.0735782884909));
#5296=CARTESIAN_POINT('Ctrl Pts',(-0.197134769550456,1.9858090516402,-19.1847239892938));
#5297=CARTESIAN_POINT('Ctrl Pts',(1.56156219334826,1.2425068302618,-19.2958696900968));
#5298=CARTESIAN_POINT('Ctrl Pts',(1.89075961909567,-0.63822235133147,-19.4070153908998));
#5299=CARTESIAN_POINT('Ctrl Pts',(0.489100591046453,-1.93470419412888,-19.5181610917027));
#5300=CARTESIAN_POINT('Ctrl Pts',(-1.3602953708883,-1.46010143855888,-19.6293067925057));
#5301=CARTESIAN_POINT('Ctrl Pts',(-1.96443731005214,0.351120722568399,-19.7404524933086));
#5302=CARTESIAN_POINT('Ctrl Pts',(-0.770276090082044,1.84091674227537,-19.8515981941116));
#5303=CARTESIAN_POINT('Ctrl Pts',(1.12901830930373,1.64548393009436,-19.9627438949146));
#5304=CARTESIAN_POINT('Ctrl Pts',(1.99477644771967,-0.0562728226119959,
-20.0738895957176));
#5305=CARTESIAN_POINT('Ctrl Pts',(1.03445809627045,-1.70651579365747,-20.1850352965205));
#5306=CARTESIAN_POINT('Ctrl Pts',(-0.872833341566282,-1.7945644777472,-20.2961809973234));
#5307=CARTESIAN_POINT('Ctrl Pts',(-1.98110770336589,-0.239816543645705,
-20.4073266981264));
#5308=CARTESIAN_POINT('Ctrl Pts',(-1.27581834220155,1.534466442984,-20.5184723989294));
#5309=CARTESIAN_POINT('Ctrl Pts',(0.597392307935454,1.90405413194095,-20.6296180997324));
#5310=CARTESIAN_POINT('Ctrl Pts',(1.92373263082636,0.530615182628369,-20.7407638005353));
#5311=CARTESIAN_POINT('Ctrl Pts',(1.48903204411845,-1.32856436747727,-20.8519095013383));
#5312=CARTESIAN_POINT('Ctrl Pts',(-0.308771867540446,-1.97153738000511,
-20.9630552021412));
#5313=CARTESIAN_POINT('Ctrl Pts',(-1.82391701375625,-0.809707622461523,
-21.0742009029442));
#5314=CARTESIAN_POINT('Ctrl Pts',(-1.66939537495826,1.09335208830909,-21.1853466037472));
#5315=CARTESIAN_POINT('Ctrl Pts',(0.0133394377950571,1.99552543615489,-21.2964923045501));
#5316=CARTESIAN_POINT('Ctrl Pts',(1.68386294046727,1.07093664829568,-21.4076380053531));
#5317=CARTESIAN_POINT('Ctrl Pts',(1.81292923811904,-0.834018755493527,-21.518783706156));
#5318=CARTESIAN_POINT('Ctrl Pts',(0.282387280769168,-1.9754890864294,-21.629929406959));
#5319=CARTESIAN_POINT('Ctrl Pts',(-1.5066602224222,-1.30853914007665,-21.7410751077619));
#5320=CARTESIAN_POINT('Ctrl Pts',(-1.91646705254197,0.556285667137801,-21.8522208085649));
#5321=CARTESIAN_POINT('Ctrl Pts',(-0.571884095150101,1.91187036397769,-21.9633665093678));
#5322=CARTESIAN_POINT('Ctrl Pts',(1.29621822817131,1.51727321596944,-22.0745122101709));
#5323=CARTESIAN_POINT('Ctrl Pts',(1.97772461243192,-0.266280048675937,-22.1856579109738));
#5324=CARTESIAN_POINT('Ctrl Pts',(0.848764253755921,-1.80607279711755,-22.2968036117767));
#5325=CARTESIAN_POINT('Ctrl Pts',(-1.0571796365802,-1.69253387645329,-22.4079493125797));
#5326=CARTESIAN_POINT('Ctrl Pts',(-1.99535048040268,-0.0296001232879243,
-22.5190950133827));
#5327=CARTESIAN_POINT('Ctrl Pts',(-1.10691934811408,1.66043044531006,-22.6302407141857));
#5328=CARTESIAN_POINT('Ctrl Pts',(0.794818012087279,1.830454597799,-22.7413864149886));
#5329=CARTESIAN_POINT('Ctrl Pts',(1.96895580229515,0.324827270330141,-22.8525321157916));
#5330=CARTESIAN_POINT('Ctrl Pts',(1.34065407389681,-1.47815640616469,-22.9636778165945));
#5331=CARTESIAN_POINT('Ctrl Pts',(-0.514921461640913,-1.92799263361751,
-23.0748235173975));
#5332=CARTESIAN_POINT('Ctrl Pts',(-1.899122885907,-0.61288822077613,-23.1859692182004));
#5333=CARTESIAN_POINT('Ctrl Pts',(-1.54481187822409,1.26327192949088,-23.2971149190034));
#5334=CARTESIAN_POINT('Ctrl Pts',(0.223664940025855,1.98299614259461,-23.4082606198064));
#5335=CARTESIAN_POINT('Ctrl Pts',(1.78739235437381,0.887427900433547,-23.5194063206093));
#5336=CARTESIAN_POINT('Ctrl Pts',(1.71488872126882,-1.02051770225061,-23.6305520214123));
#5337=CARTESIAN_POINT('Ctrl Pts',(0.0725259792778179,-1.99425166146894,
-23.7416977222152));
#5338=CARTESIAN_POINT('Ctrl Pts',(-1.6362291576179,-1.14238953544876,-23.8528434230182));
#5339=CARTESIAN_POINT('Ctrl Pts',(-1.84713244240581,0.755249261604247,-23.9639891238212));
#5340=CARTESIAN_POINT('Ctrl Pts',(-0.36711686227513,1.96151087592578,-24.0751348246241));
#5341=CARTESIAN_POINT('Ctrl Pts',(1.44896819170565,1.37214827419164,-24.1862805254271));
#5342=CARTESIAN_POINT('Ctrl Pts',(1.93862553873167,-0.473318843401805,-24.2974262262301));
#5343=CARTESIAN_POINT('Ctrl Pts',(0.653608574269278,-1.88549609879828,-24.408571927033));
#5344=CARTESIAN_POINT('Ctrl Pts',(-1.22974072583492,-1.57163528026219,-24.519717627836));
#5345=CARTESIAN_POINT('Ctrl Pts',(-1.98734952973271,0.180946272725243,-24.6308633286389));
#5346=CARTESIAN_POINT('Ctrl Pts',(-0.925680660917673,1.76788433471898,-24.7420090294419));
#5347=CARTESIAN_POINT('Ctrl Pts',(0.983383260088056,1.73644955893344,-24.8531547302449));
#5348=CARTESIAN_POINT('Ctrl Pts',(1.99222948811583,0.115418255161102,-24.9643004310478));
#5349=CARTESIAN_POINT('Ctrl Pts',(1.17733078731976,-1.61127028278,-25.0754461318508));
#5350=CARTESIAN_POINT('Ctrl Pts',(-0.715330824690644,-1.86295504996442,
-25.1865918326537));
#5351=CARTESIAN_POINT('Ctrl Pts',(-1.95315775438313,-0.409236476185857,
-25.2977375334567));
#5352=CARTESIAN_POINT('Ctrl Pts',(-1.4030071588923,1.41910909342129,-25.4088832342597));
#5353=CARTESIAN_POINT('Ctrl Pts',(0.431497074758797,1.94836084476426,-25.5200289350626));
#5354=CARTESIAN_POINT('Ctrl Pts',(1.87099631197328,0.694026301781824,-25.6311746358656));
#5355=CARTESIAN_POINT('Ctrl Pts',(1.59773100261442,-1.19564014241913,-25.7423203366685));
#5356=CARTESIAN_POINT('Ctrl Pts',(-0.138143825818925,-1.99078275819123,
-25.8534660374715));
#5357=CARTESIAN_POINT('Ctrl Pts',(-1.74755777059539,-0.963504823879139,
-25.9646117382745));
#5358=CARTESIAN_POINT('Ctrl Pts',(-1.75720640646705,0.94579350364279,-26.0757574390774));
#5359=CARTESIAN_POINT('Ctrl Pts',(-0.158257091739367,1.98928489661161,-26.1869031398804));
#5360=CARTESIAN_POINT('Ctrl Pts',(1.58556537746359,1.21172692567576,-26.2980488406833));
#5361=CARTESIAN_POINT('Ctrl Pts',(1.87791509351173,-0.675081183952322,-26.4091945414863));
#5362=CARTESIAN_POINT('Ctrl Pts',(0.451166612191801,-1.94390030513136,-26.5203402422893));
#5363=CARTESIAN_POINT('Ctrl Pts',(-1.38859293982848,-1.4332164402752,-26.6314859430922));
#5364=CARTESIAN_POINT('Ctrl Pts',(-1.95719403749472,0.389475519878515,-26.7426316438952));
#5365=CARTESIAN_POINT('Ctrl Pts',(-0.734122702335667,1.85563023827417,-26.8537773446981));
#5366=CARTESIAN_POINT('Ctrl Pts',(1.16098599236956,1.62308696403818,-26.9649230455011));
#5367=CARTESIAN_POINT('Ctrl Pts',(1.99329419211296,-0.0952774196279501,
-27.076068746304));
#5368=CARTESIAN_POINT('Ctrl Pts',(1.00088296449508,-1.72642206870469,-27.1872144471071));
#5369=CARTESIAN_POINT('Ctrl Pts',(-0.907766004979545,-1.77714966215725,
-27.2983601479099));
#5370=CARTESIAN_POINT('Ctrl Pts',(-1.98541893095349,-0.201022637391456,
-27.409505848713));
#5371=CARTESIAN_POINT('Ctrl Pts',(-1.24556263302267,1.55912631106476,-27.5206515495159));
#5372=CARTESIAN_POINT('Ctrl Pts',(0.634520133496837,1.89200570770988,-27.6317972503189));
#5373=CARTESIAN_POINT('Ctrl Pts',(1.93374060883425,0.492887739604892,-27.7429429511218));
#5374=CARTESIAN_POINT('Ctrl Pts',(1.46276633142557,-1.35743363791197,-27.8540886519248));
#5375=CARTESIAN_POINT('Ctrl Pts',(-0.347281633718053,-1.96512145029999,
-27.9652343527278));
#5376=CARTESIAN_POINT('Ctrl Pts',(-1.83938976019778,-0.773878405030965,
-28.0763800535307));
#5377=CARTESIAN_POINT('Ctrl Pts',(-1.64772043166269,1.12579278602716,-28.1875257543337));
#5378=CARTESIAN_POINT('Ctrl Pts',(0.0524221414797995,1.99488559158306,-28.2986714551366));
#5379=CARTESIAN_POINT('Ctrl Pts',(1.70438181576695,1.03779220925633,-28.4098171559396));
#5380=CARTESIAN_POINT('Ctrl Pts',(1.7964704616492,-0.869307761237013,-28.5209628567426));
#5381=CARTESIAN_POINT('Ctrl Pts',(0.243313220158826,-1.98065365696487,-28.6321085575455));
#5382=CARTESIAN_POINT('Ctrl Pts',(-1.53123551473488,-1.27878301585598,-28.7432542583485));
#5383=CARTESIAN_POINT('Ctrl Pts',(-1.90663268000207,0.593586428483282,-28.8543999591514));
#5384=CARTESIAN_POINT('Ctrl Pts',(-0.531496850039326,1.9228810288184,-28.9655456599544));
#5385=CARTESIAN_POINT('Ctrl Pts',(0.701882722930757,1.63494853120137,-29.039642793823));
#5386=CARTESIAN_POINT('Ctrl Pts',(1.12155060771735,1.26198006274793,-29.0766913607574));
#5387=CARTESIAN_POINT('Ctrl Pts',(0.802959149489788,1.63459616787402,-3.92330863924264));
#5388=CARTESIAN_POINT('Ctrl Pts',(1.34653946149427,1.36757438378761,-3.96035720617696));
#5389=CARTESIAN_POINT('Ctrl Pts',(2.13698716806773,0.253272182916735,-4.03445434004559));
#5390=CARTESIAN_POINT('Ctrl Pts',(1.3702032843535,-1.66201229480522,-4.14560004084857));
#5391=CARTESIAN_POINT('Ctrl Pts',(-0.652691780530594,-2.05057638953471,
-4.25674574165151));
#5392=CARTESIAN_POINT('Ctrl Pts',(-2.07717556950252,-0.564621264601691,
-4.36789144245449));
#5393=CARTESIAN_POINT('Ctrl Pts',(-1.60063216564441,1.43957522823524,-4.47903714325743));
#5394=CARTESIAN_POINT('Ctrl Pts',(0.341428280025852,2.12522457819115,-4.59018284406041));
#5395=CARTESIAN_POINT('Ctrl Pts',(1.97080318030161,0.86575827081466,-4.70132854486335));
#5396=CARTESIAN_POINT('Ctrl Pts',(1.79611680810613,-1.18644625569372,-4.81247424566633));
#5397=CARTESIAN_POINT('Ctrl Pts',(-0.0228236680860357,-2.15243940380937,
-4.92361994646928));
#5398=CARTESIAN_POINT('Ctrl Pts',(-1.82085155957705,-1.14808135791741,-5.03476564727224));
#5399=CARTESIAN_POINT('Ctrl Pts',(-1.95202891963704,0.907292469674374,-5.14591134807521));
#5400=CARTESIAN_POINT('Ctrl Pts',(-0.296256846629232,2.13208928631749,-5.25705704887817));
#5401=CARTESIAN_POINT('Ctrl Pts',(1.6307146064039,1.40511733953868,-5.36820274968112));
#5402=CARTESIAN_POINT('Ctrl Pts',(2.06488384308662,-0.608144114859141,-5.47934845048409));
#5403=CARTESIAN_POINT('Ctrl Pts',(0.608797473210391,-2.06469054613876,-5.59049415128704));
#5404=CARTESIAN_POINT('Ctrl Pts',(-1.40459944338225,-1.63116022846495,-5.70163985209001));
#5405=CARTESIAN_POINT('Ctrl Pts',(-2.13218530884769,0.29558229657281,-5.81278555289297));
#5406=CARTESIAN_POINT('Ctrl Pts',(-0.90790649812621,1.95173985834127,-5.92393125369593));
#5407=CARTESIAN_POINT('Ctrl Pts',(1.14749632012066,1.82121804393358,-6.03507695449889));
#5408=CARTESIAN_POINT('Ctrl Pts',(2.15244759833407,0.0235000731545409,-6.14622265530186));
#5409=CARTESIAN_POINT('Ctrl Pts',(1.18698560470894,-1.79573050372734,-6.25736835610481));
#5410=CARTESIAN_POINT('Ctrl Pts',(-0.865077592908791,-1.97109707224227,
-6.36851405690777));
#5411=CARTESIAN_POINT('Ctrl Pts',(-2.12522355723718,-0.342063928647605,
-6.47965975771073));
#5412=CARTESIAN_POINT('Ctrl Pts',(-1.43987794397969,1.60010449667499,-6.5908054585137));
#5413=CARTESIAN_POINT('Ctrl Pts',(0.563573897348039,2.07749064069589,-6.70195115931665));
#5414=CARTESIAN_POINT('Ctrl Pts',(2.05111377062062,0.653081310409621,-6.81309686011961));
#5415=CARTESIAN_POINT('Ctrl Pts',(1.66100432658714,-1.3691776818587,-6.92424256092257));
#5416=CARTESIAN_POINT('Ctrl Pts',(-0.249636881023475,-2.13805152555799,
-7.03538826172554));
#5417=CARTESIAN_POINT('Ctrl Pts',(-1.93175321318922,-0.949690697707108,
-7.14653396252849));
#5418=CARTESIAN_POINT('Ctrl Pts',(-1.84548636088541,1.10804466954766,-7.25767966333146));
#5419=CARTESIAN_POINT('Ctrl Pts',(-0.0698075146806244,2.15144365692928,
-7.36882536413442));
#5420=CARTESIAN_POINT('Ctrl Pts',(1.76977516473147,1.22534842567025,-7.47997106493737));
#5421=CARTESIAN_POINT('Ctrl Pts',(1.98925408546331,-0.822466462208747,-7.59111676574035));
#5422=CARTESIAN_POINT('Ctrl Pts',(0.387711847669855,-2.11737158316232,-7.7022624665433));
#5423=CARTESIAN_POINT('Ctrl Pts',(-1.56875311376281,-1.47397305472582,-7.81340816734625));
#5424=CARTESIAN_POINT('Ctrl Pts',(-2.08913575994562,0.51874336093594,-7.92455386814924));
#5425=CARTESIAN_POINT('Ctrl Pts',(-0.6970626521349,2.03658698733922,-8.03569956895217));
#5426=CARTESIAN_POINT('Ctrl Pts',(1.33312192048798,1.69007953751116,-8.14684526975515));
#5427=CARTESIAN_POINT('Ctrl Pts',(2.14292783869562,-0.203575971428269,-8.2579909705581));
#5428=CARTESIAN_POINT('Ctrl Pts',(0.991035166470805,-1.9108721037312,-8.36913667136107));
#5429=CARTESIAN_POINT('Ctrl Pts',(-1.06807997681878,-1.86890022770572,-8.48028237216402));
#5430=CARTESIAN_POINT('Ctrl Pts',(-2.14944358449436,-0.11608262176485,-8.59142807296698));
#5431=CARTESIAN_POINT('Ctrl Pts',(-1.26314389815841,1.7430003988941,-8.70257377376995));
#5432=CARTESIAN_POINT('Ctrl Pts',(0.779474521728147,2.00649006176867,-8.8137194745729));
#5433=CARTESIAN_POINT('Ctrl Pts',(2.10853924981938,0.433180251132102,-8.92486517537588));
#5434=CARTESIAN_POINT('Ctrl Pts',(1.50738570385055,-1.53667538466221,-9.03601087617882));
#5435=CARTESIAN_POINT('Ctrl Pts',(-0.473672642030588,-2.09981359320097,
-9.14715657698179));
#5436=CARTESIAN_POINT('Ctrl Pts',(-2.02111724813995,-0.740721248021796,
-9.25830227778475));
#5437=CARTESIAN_POINT('Ctrl Pts',(-1.71837222808421,1.29644891289579,-9.36944797858772));
#5438=CARTESIAN_POINT('Ctrl Pts',(0.157420804508923,2.14681195923339,-9.48059367939066));
#5439=CARTESIAN_POINT('Ctrl Pts',(1.88910624526739,1.03192077801134,-9.59173938019365));
#5440=CARTESIAN_POINT('Ctrl Pts',(1.89144877881248,-1.02762075452404,-9.70288508099658));
#5441=CARTESIAN_POINT('Ctrl Pts',(0.162303981673437,-2.14644830255302,-9.81403078179957));
#5442=CARTESIAN_POINT('Ctrl Pts',(-1.71541860997695,-1.30035452494484,-9.92517648260251));
#5443=CARTESIAN_POINT('Ctrl Pts',(-2.02279701717648,0.736121678326149,-10.0363221834055));
#5444=CARTESIAN_POINT('Ctrl Pts',(-0.478448088684858,2.09873064599381,-10.1474678842084));
#5445=CARTESIAN_POINT('Ctrl Pts',(1.50388616260678,1.54010042137506,-10.2586135850114));
#5446=CARTESIAN_POINT('Ctrl Pts',(2.10951919602051,-0.428382608914921,-10.3697592858143));
#5447=CARTESIAN_POINT('Ctrl Pts',(0.784036884065117,-2.00471171554047,-10.4809049866173));
#5448=CARTESIAN_POINT('Ctrl Pts',(-1.25917563912028,-1.74586929861483,-10.5920506874203));
#5449=CARTESIAN_POINT('Ctrl Pts',(-2.14970208871732,0.111192750501915,-10.7031963882232));
#5450=CARTESIAN_POINT('Ctrl Pts',(-1.07232860200407,1.86646571555005,-10.8143420890262));
#5451=CARTESIAN_POINT('Ctrl Pts',(0.986685735626629,1.91312157405396,-10.9254877898292));
#5452=CARTESIAN_POINT('Ctrl Pts',(2.14245919793378,0.208450193544484,-11.0366334906321));
#5453=CARTESIAN_POINT('Ctrl Pts',(1.3369630772184,-1.68704256856621,-11.1477791914351));
#5454=CARTESIAN_POINT('Ctrl Pts',(-0.692428004717947,-2.03816740143741,
-11.258924892238));
#5455=CARTESIAN_POINT('Ctrl Pts',(-2.08795031314578,-0.523494400957827,
-11.370070593041));
#5456=CARTESIAN_POINT('Ctrl Pts',(-1.57210206012512,1.47040062926745,-11.481216293844));
#5457=CARTESIAN_POINT('Ctrl Pts',(0.382894231235797,2.11824807463293,-11.5923619946469));
#5458=CARTESIAN_POINT('Ctrl Pts',(1.98737798543298,0.826989504779916,-11.7035076954499));
#5459=CARTESIAN_POINT('Ctrl Pts',(1.77255801774021,-1.22131935698436,-11.8146533962529));
#5460=CARTESIAN_POINT('Ctrl Pts',(-0.064913213364875,-2.15159688899441,
-11.9257990970558));
#5461=CARTESIAN_POINT('Ctrl Pts',(-1.84296099732493,-1.11223992930431,-12.0369447978588));
#5462=CARTESIAN_POINT('Ctrl Pts',(-1.93390857875318,0.945293873366717,-12.1480904986617));
#5463=CARTESIAN_POINT('Ctrl Pts',(-0.254499891313901,2.1374781176239,-12.2592361994647));
#5464=CARTESIAN_POINT('Ctrl Pts',(1.65788541299532,1.37295260492748,-12.3703819002676));
#5465=CARTESIAN_POINT('Ctrl Pts',(2.05259409794098,-0.648413731422769,-12.4815276010706));
#5466=CARTESIAN_POINT('Ctrl Pts',(0.568298331149312,-2.07620324265537,-12.5926733018736));
#5467=CARTESIAN_POINT('Ctrl Pts',(-1.43623428871314,-1.60337580308686,-12.7038190026765));
#5468=CARTESIAN_POINT('Ctrl Pts',(-2.12599618749783,0.337228570474765,-12.8149647034795));
#5469=CARTESIAN_POINT('Ctrl Pts',(-0.869559222760347,1.9691240834727,-12.9261104042824));
#5470=CARTESIAN_POINT('Ctrl Pts',(1.18289759424846,1.79842602837063,-13.0372561050854));
#5471=CARTESIAN_POINT('Ctrl Pts',(2.15249548275704,-0.0186036208924719,
-13.1484018058884));
#5472=CARTESIAN_POINT('Ctrl Pts',(1.1516362806493,-1.81860297346398,-13.2595475066913));
#5473=CARTESIAN_POINT('Ctrl Pts',(-0.903464332506536,-1.95380016836121,
-13.3706932074943));
#5474=CARTESIAN_POINT('Ctrl Pts',(-2.13150736790326,-0.300431753604498,
-13.4818389082973));
#5475=CARTESIAN_POINT('Ctrl Pts',(-1.40830644463382,1.62796064325973,-13.5929846091002));
#5476=CARTESIAN_POINT('Ctrl Pts',(0.604099237400078,2.06607042701173,-13.7041303099032));
#5477=CARTESIAN_POINT('Ctrl Pts',(2.06349487350988,0.612839134682373,-13.8152760107061));
#5478=CARTESIAN_POINT('Ctrl Pts',(1.63390717026791,-1.40140296023195,-13.9264217115091));
#5479=CARTESIAN_POINT('Ctrl Pts',(-0.291406770196843,-2.13275994717718,
-14.0375674123121));
#5480=CARTESIAN_POINT('Ctrl Pts',(-1.94995846136178,-0.911726327887584,
-14.148713113115));
#5481=CARTESIAN_POINT('Ctrl Pts',(-1.82346135341094,1.14392814049509,-14.259858813918));
#5482=CARTESIAN_POINT('Ctrl Pts',(-0.0277145852047133,2.15239745394913,
-14.3710045147209));
#5483=CARTESIAN_POINT('Ctrl Pts',(1.79340292192643,1.19049941521427,-14.4821502155239));
#5484=CARTESIAN_POINT('Ctrl Pts',(1.9727871329135,-0.861216480456982,-14.5932959163269));
#5485=CARTESIAN_POINT('Ctrl Pts',(0.346224513597822,-2.12454971327661,-14.7044416171298));
#5486=CARTESIAN_POINT('Ctrl Pts',(-1.59728211476646,-1.44300822722775,-14.8155873179328));
#5487=CARTESIAN_POINT('Ctrl Pts',(-2.07859014900181,0.55950504061395,-14.9267330187357));
#5488=CARTESIAN_POINT('Ctrl Pts',(-0.657096188809868,2.04983108978552,-15.0378787195387));
#5489=CARTESIAN_POINT('Ctrl Pts',(1.36592277100667,1.66368202540187,-15.1490244203417));
#5490=CARTESIAN_POINT('Ctrl Pts',(2.13853622199632,-0.245450046260918,-15.2601701211446));
#5491=CARTESIAN_POINT('Ctrl Pts',(0.953471296455728,-1.92988999293607,-15.3713158219476));
#5492=CARTESIAN_POINT('Ctrl Pts',(-1.10442903889203,-1.84765240130599,-15.4824615227505));
#5493=CARTESIAN_POINT('Ctrl Pts',(-2.1513028479588,-0.0740199592279952,
-15.5936072235535));
#5494=CARTESIAN_POINT('Ctrl Pts',(-1.22881133905804,1.76737251053709,-15.7047529243565));
#5495=CARTESIAN_POINT('Ctrl Pts',(0.818569878310457,1.99086068129404,-15.8158986251594));
#5496=CARTESIAN_POINT('Ctrl Pts',(2.1166083751935,0.391856968880862,-15.9270443259624));
#5497=CARTESIAN_POINT('Ctrl Pts',(1.47704188550726,-1.56586403191878,-16.0381900267654));
#5498=CARTESIAN_POINT('Ctrl Pts',(-0.514651788533027,-2.09014746718013,
-16.1493357275683));
#5499=CARTESIAN_POINT('Ctrl Pts',(-2.03521821792314,-0.701049002162855,
-16.2604814283713));
#5500=CARTESIAN_POINT('Ctrl Pts',(-1.69268658249337,1.32981014864779,-16.3716271291742));
#5501=CARTESIAN_POINT('Ctrl Pts',(0.199379676996569,2.14332233749395,-16.4827728299772));
#5502=CARTESIAN_POINT('Ctrl Pts',(1.90892797005647,0.99477480021152,-16.5939185307801));
#5503=CARTESIAN_POINT('Ctrl Pts',(1.87098797140776,-1.06441857783827,-16.7050642315831));
#5504=CARTESIAN_POINT('Ctrl Pts',(0.120291061419975,-2.14921217159736,-16.8162099323861));
#5505=CARTESIAN_POINT('Ctrl Pts',(-1.74052379158396,-1.26655431345441,-16.927355633189));
#5506=CARTESIAN_POINT('Ctrl Pts',(-2.00801244530587,0.775544271783718,-17.038501333992));
#5507=CARTESIAN_POINT('Ctrl Pts',(-0.437307991263022,2.10768703055678,-17.1496470347949));
#5508=CARTESIAN_POINT('Ctrl Pts',(1.53372094153955,1.51039166161721,-17.2607927355979));
#5509=CARTESIAN_POINT('Ctrl Pts',(2.10073703041625,-0.469560248570639,-17.3719384364009));
#5510=CARTESIAN_POINT('Ctrl Pts',(0.744677224238335,-2.01966302379889,-17.4830841372038));
#5511=CARTESIAN_POINT('Ctrl Pts',(-1.29308181358741,-1.72090741220127,-17.5942298380068));
#5512=CARTESIAN_POINT('Ctrl Pts',(-2.14711607766043,0.153216993352115,-17.7053755388097));
#5513=CARTESIAN_POINT('Ctrl Pts',(-1.03561771530339,1.88708209830668,-17.8165212396127));
#5514=CARTESIAN_POINT('Ctrl Pts',(1.02391528249624,1.89345725916124,-17.9276669404157));
#5515=CARTESIAN_POINT('Ctrl Pts',(2.14612639286462,0.166506467891469,-18.0388126412186));
#5516=CARTESIAN_POINT('Ctrl Pts',(1.30371086310534,-1.71286919623797,-18.1499583420216));
#5517=CARTESIAN_POINT('Ctrl Pts',(-0.732159582075667,-2.02423448354546,
-18.2611040428245));
#5518=CARTESIAN_POINT('Ctrl Pts',(-2.09778981002016,-0.482556536558529,
-18.3722497436275));
#5519=CARTESIAN_POINT('Ctrl Pts',(-1.54304211434534,1.50086772613593,-18.4833954444305));
#5520=CARTESIAN_POINT('Ctrl Pts',(0.424251298469357,2.11035393565791,-18.5945411452334));
#5521=CARTESIAN_POINT('Ctrl Pts',(2.00317270959169,0.787960654821596,-18.7056868460364));
#5522=CARTESIAN_POINT('Ctrl Pts',(1.74833144805637,-1.25575477133751,-18.8168325468394));
#5523=CARTESIAN_POINT('Ctrl Pts',(-0.106983369018136,-2.14991568596383,
-18.9279782476423));
#5524=CARTESIAN_POINT('Ctrl Pts',(-1.86436249249953,-1.07598113113599,-19.0391239484453));
#5525=CARTESIAN_POINT('Ctrl Pts',(-1.91504986110702,0.982937906214703,-19.1502696492482));
#5526=CARTESIAN_POINT('Ctrl Pts',(-0.212644780540707,2.14204694050074,-19.2614153500512));
#5527=CARTESIAN_POINT('Ctrl Pts',(1.68442152879731,1.34026378423202,-19.3725610508542));
#5528=CARTESIAN_POINT('Ctrl Pts',(2.03951928507978,-0.688435896643577,-19.4837067516571));
#5529=CARTESIAN_POINT('Ctrl Pts',(0.527581654330124,-2.08692129607565,-19.5948524524601));
#5530=CARTESIAN_POINT('Ctrl Pts',(-1.46731959700857,-1.57497812627173,-19.705998153263));
#5531=CARTESIAN_POINT('Ctrl Pts',(-2.11899373020135,0.378745916634292,-19.817143854066));
#5532=CARTESIAN_POINT('Ctrl Pts',(-0.830879253339198,1.98575491044849,-19.928289554869));
#5533=CARTESIAN_POINT('Ctrl Pts',(1.21784630461621,1.77494599251143,-20.0394352556719));
#5534=CARTESIAN_POINT('Ctrl Pts',(2.15171986616316,-0.0607002105312699,
-20.1505809564749));
#5535=CARTESIAN_POINT('Ctrl Pts',(1.11584635912604,-1.84077967199362,-20.2617266572778));
#5536=CARTESIAN_POINT('Ctrl Pts',(-0.941505421845528,-1.93575577969827,
-20.3728723580808));
#5537=CARTESIAN_POINT('Ctrl Pts',(-2.13697570332469,-0.25868463696112,-20.4840180588838));
#5538=CARTESIAN_POINT('Ctrl Pts',(-1.37619615254057,1.65519396075878,-20.5951637596867));
#5539=CARTESIAN_POINT('Ctrl Pts',(0.644393459902382,2.05385977292385,-20.7063094604897));
#5540=CARTESIAN_POINT('Ctrl Pts',(2.07508652093186,0.572362497589312,-20.8174551612926));
#5541=CARTESIAN_POINT('Ctrl Pts',(1.60618491076821,-1.43309208720874,-20.9286008620956));
#5542=CARTESIAN_POINT('Ctrl Pts',(-0.33306517242003,-2.12665241375279,-21.0397465628986));
#5543=CARTESIAN_POINT('Ctrl Pts',(-1.96741769094914,-0.873413148137869,
-21.1508922637015));
#5544=CARTESIAN_POINT('Ctrl Pts',(-1.8007387228202,1.17937396534588,-21.2620379645045));
#5545=CARTESIAN_POINT('Ctrl Pts',(0.0143889473629854,2.15252778290864,-21.3731836653074));
#5546=CARTESIAN_POINT('Ctrl Pts',(1.81634455582291,1.15519494135503,-21.4843293661105));
#5547=CARTESIAN_POINT('Ctrl Pts',(1.95556542792957,-0.899637012959348,-21.5954750669134));
#5548=CARTESIAN_POINT('Ctrl Pts',(0.304604720332107,-2.13091502935973,-21.7066207677164));
#5549=CARTESIAN_POINT('Ctrl Pts',(-1.62520002471942,-1.41149133105796,-21.8177664685193));
#5550=CARTESIAN_POINT('Ctrl Pts',(-2.06724930731747,0.600052663851452,-21.9289121693223));
#5551=CARTESIAN_POINT('Ctrl Pts',(-0.616878332448639,2.06229096418404,-22.0400578701252));
#5552=CARTESIAN_POINT('Ctrl Pts',(1.39820104434633,1.63664801884479,-22.1512035709282));
#5553=CARTESIAN_POINT('Ctrl Pts',(2.13332644028071,-0.287230216375362,-22.2623492717312));
#5554=CARTESIAN_POINT('Ctrl Pts',(0.915542645685146,-1.94816954137252,-22.3734949725341));
#5555=CARTESIAN_POINT('Ctrl Pts',(-1.14035556652639,-1.82569769674283,-22.4846406733371));
#5556=CARTESIAN_POINT('Ctrl Pts',(-2.15233906212834,-0.0319289780026344,
-22.59578637414));
#5557=CARTESIAN_POINT('Ctrl Pts',(-1.19400865911571,1.79106845764099,-22.706932074943));
#5558=CARTESIAN_POINT('Ctrl Pts',(0.85735206496329,1.97446963377586,-22.8180777757459));
#5559=CARTESIAN_POINT('Ctrl Pts',(2.12386772474621,0.350383769288942,-22.9292234765489));
#5560=CARTESIAN_POINT('Ctrl Pts',(1.44613297783515,-1.59445360811075,-23.0403691773519));
#5561=CARTESIAN_POINT('Ctrl Pts',(-0.555434038632845,-2.07968168879945,
-23.1515148781548));
#5562=CARTESIAN_POINT('Ctrl Pts',(-2.04854055027699,-0.661108547721651,
-23.2626605789578));
#5563=CARTESIAN_POINT('Ctrl Pts',(-1.66635334583952,1.36266262325245,-23.3738062797607));
#5564=CARTESIAN_POINT('Ctrl Pts',(0.241262270450443,2.13901271965757,-23.4849519805637));
#5565=CARTESIAN_POINT('Ctrl Pts',(1.92801937376534,0.957248239687755,-23.5960976813667));
#5566=CARTESIAN_POINT('Ctrl Pts',(1.84981135807543,-1.10080917398744,-23.7072433821696));
#5567=CARTESIAN_POINT('Ctrl Pts',(0.0782321199968649,-2.1511537912015,-23.8183890829726));
#5568=CARTESIAN_POINT('Ctrl Pts',(-1.76496308048283,-1.2322695413473,-23.9295347837756));
#5569=CARTESIAN_POINT('Ctrl Pts',(-1.99245964443911,0.814670156125374,-24.0406804845785));
#5570=CARTESIAN_POINT('Ctrl Pts',(-0.396000587767016,2.11583705244236,-24.1518261853815));
#5571=CARTESIAN_POINT('Ctrl Pts',(1.5629689467688,1.4801050535135,-24.2629718861844));
#5572=CARTESIAN_POINT('Ctrl Pts',(2.09115116107807,-0.51055824302586,-24.3741175869874));
#5573=CARTESIAN_POINT('Ctrl Pts',(0.705032664465939,-2.03384164576199,-24.4852632877904));
#5574=CARTESIAN_POINT('Ctrl Pts',(-1.32649327849936,-1.69528713794913,-24.5964089885933));
#5575=CARTESIAN_POINT('Ctrl Pts',(-2.14370861909075,0.195182618170701,-24.7075546893963));
#5576=CARTESIAN_POINT('Ctrl Pts',(-0.998510620123102,1.90697651781584,-24.8187003901993));
#5577=CARTESIAN_POINT('Ctrl Pts',(1.06075309802395,1.87306854200055,-24.9298460910022));
#5578=CARTESIAN_POINT('Ctrl Pts',(2.14897251891824,0.124499039895842,-25.0409917918052));
#5579=CARTESIAN_POINT('Ctrl Pts',(1.26995987295584,-1.73804051134624,-25.1521374926081));
#5580=CARTESIAN_POINT('Ctrl Pts',(-0.771611048508896,-2.0095271304009,-25.2632831934111));
#5581=CARTESIAN_POINT('Ctrl Pts',(-2.10682673071515,-0.441434054815637,
-25.374428894214));
#5582=CARTESIAN_POINT('Ctrl Pts',(-1.51339182874786,1.53076061834301,-25.485574595017));
#5583=CARTESIAN_POINT('Ctrl Pts',(0.4654460548756,2.10165241369585,-25.5967202958199));
#5584=CARTESIAN_POINT('Ctrl Pts',(2.01820105636053,0.748630345465898,-25.707865996623));
#5585=CARTESIAN_POINT('Ctrl Pts',(1.72343599857527,-1.28970975678324,-25.8190116974259));
#5586=CARTESIAN_POINT('Ctrl Pts',(-0.149012594740756,-2.14741196433914,
-25.9301573982289));
#5587=CARTESIAN_POINT('Ctrl Pts',(-1.88505071661363,-1.0393106821843,-26.0413030990318));
#5588=CARTESIAN_POINT('Ctrl Pts',(-1.89545848010516,1.02020588492647,-26.1524487998348));
#5589=CARTESIAN_POINT('Ctrl Pts',(-0.170708316035103,2.14579625520979,-26.2635945006378));
#5590=CARTESIAN_POINT('Ctrl Pts',(1.71031321614461,1.30706220304626,-26.3747402014407));
#5591=CARTESIAN_POINT('Ctrl Pts',(2.02566418823322,-0.728194678879316,-26.4858859022437));
#5592=CARTESIAN_POINT('Ctrl Pts',(0.486663136369137,-2.09684093131001,-26.5970316030466));
#5593=CARTESIAN_POINT('Ctrl Pts',(-1.49784353933921,-1.54597789169662,-26.7081773038496));
#5594=CARTESIAN_POINT('Ctrl Pts',(-2.11118057726601,0.420118361867028,-26.8193230046525));
#5595=CARTESIAN_POINT('Ctrl Pts',(-0.791881418402901,2.00162602306239,-26.9304687054555));
#5596=CARTESIAN_POINT('Ctrl Pts',(1.25232911536255,1.75078689595705,-27.0416144062585));
#5597=CARTESIAN_POINT('Ctrl Pts',(2.15012099084089,-0.102773579888952,-27.1527601070614));
#5598=CARTESIAN_POINT('Ctrl Pts',(1.07962963011228,-1.86225211695324,-27.2639058078644));
#5599=CARTESIAN_POINT('Ctrl Pts',(-0.979186489280545,-1.91697081524107,
-27.3750515086673));
#5600=CARTESIAN_POINT('Ctrl Pts',(-2.14162612621212,-0.21683853492359,-27.4861972094703));
#5601=CARTESIAN_POINT('Ctrl Pts',(-1.343560008987,1.68179399812486,-27.5973429102732));
#5602=CARTESIAN_POINT('Ctrl Pts',(0.684442398689079,2.04086341245269,-27.7084886110763));
#5603=CARTESIAN_POINT('Ctrl Pts',(2.08588189859151,0.531666765119663,-27.8196343118791));
#5604=CARTESIAN_POINT('Ctrl Pts',(1.57785268543799,-1.46423271090468,-27.9307800126822));
#5605=CARTESIAN_POINT('Ctrl Pts',(-0.374604779036289,-2.11973169668588,
-28.041925713485));
#5606=CARTESIAN_POINT('Ctrl Pts',(-1.98410778970201,-0.834764988329015,
-28.1530714142881));
#5607=CARTESIAN_POINT('Ctrl Pts',(-1.77735845575301,1.21436700621117,-28.264217115091));
#5608=CARTESIAN_POINT('Ctrl Pts',(0.0565465686031837,2.15183759715973,-28.375362815894));
#5609=CARTESIAN_POINT('Ctrl Pts',(1.8384777987054,1.11944279077428,-28.4865085166969));
#5610=CARTESIAN_POINT('Ctrl Pts',(1.93781172107015,-0.937702458740103,-28.5976542174999));
#5611=CARTESIAN_POINT('Ctrl Pts',(0.262456422179171,-2.13648593382579,-28.7087999183029));
#5612=CARTESIAN_POINT('Ctrl Pts',(-1.6517088321331,-1.37939407840651,-28.8199456191058));
#5613=CARTESIAN_POINT('Ctrl Pts',(-2.05664119391732,0.640288144524903,-28.9310913199088));
#5614=CARTESIAN_POINT('Ctrl Pts',(-0.573313532120362,2.07416791726542,-29.0422370207117));
#5615=CARTESIAN_POINT('Ctrl Pts',(0.757104887805012,1.7635816979701,-29.1163341545804));
#5616=CARTESIAN_POINT('Ctrl Pts',(1.20979106520511,1.36126911605592,-29.1533827215147));
#5617=CARTESIAN_POINT('Ctrl Pts',(0.861525859670415,1.7538213116276,-3.99999999999999));
#5618=CARTESIAN_POINT('Ctrl Pts',(1.4447541545309,1.46732333444913,-4.03704856693431));
#5619=CARTESIAN_POINT('Ctrl Pts',(2.29285600424875,0.271745499452303,-4.11114570080294));
#5620=CARTESIAN_POINT('Ctrl Pts',(1.47014398332206,-1.78323713226839,-4.22229140160592));
#5621=CARTESIAN_POINT('Ctrl Pts',(-0.700298200324073,-2.20014254515465,
-4.33343710240887));
#5622=CARTESIAN_POINT('Ctrl Pts',(-2.22868183187038,-0.605803944924477,
-4.44458280321184));
#5623=CARTESIAN_POINT('Ctrl Pts',(-1.71738002288046,1.54457581914801,-4.55572850401479));
#5624=CARTESIAN_POINT('Ctrl Pts',(0.366331578202942,2.28023546762268,-4.66687420481776));
#5625=CARTESIAN_POINT('Ctrl Pts',(2.11455079032271,0.928905460513466,-4.77801990562071));
#5626=CARTESIAN_POINT('Ctrl Pts',(1.92712304001427,-1.27298397563407,-4.88916560642368));
#5627=CARTESIAN_POINT('Ctrl Pts',(-0.0244883943114422,-2.309435304316,-5.00031130722663));
#5628=CARTESIAN_POINT('Ctrl Pts',(-1.95366190944281,-1.23182079621336,-5.11145700802961));
#5629=CARTESIAN_POINT('Ctrl Pts',(-2.09440716151043,0.973469105377762,-5.22260270883255));
#5630=CARTESIAN_POINT('Ctrl Pts',(-0.317865404034102,2.28760087789753,-5.33374840963554));
#5631=CARTESIAN_POINT('Ctrl Pts',(1.74965663452728,1.50760462055012,-5.44489411043846));
#5632=CARTESIAN_POINT('Ctrl Pts',(2.21549356423057,-0.652501290620389,-5.55603981124146));
#5633=CARTESIAN_POINT('Ctrl Pts',(0.653202304010082,-2.21528616847543,-5.66718551204439));
#5634=CARTESIAN_POINT('Ctrl Pts',(-1.50704894977705,-1.75013475963419,-5.77833121284737));
#5635=CARTESIAN_POINT('Ctrl Pts',(-2.28770390417592,0.317141653246095,-5.88947691365032));
#5636=CARTESIAN_POINT('Ctrl Pts',(-0.974127920200536,2.09409701649064,-6.00062261445328));
#5637=CARTESIAN_POINT('Ctrl Pts',(1.23119308658323,1.95405512465243,-6.11176831525624));
#5638=CARTESIAN_POINT('Ctrl Pts',(2.30944409653781,0.0252141354135045,-6.2229140160592));
#5639=CARTESIAN_POINT('Ctrl Pts',(1.27356266400725,-1.92670855913787,-6.33405971686217));
#5640=CARTESIAN_POINT('Ctrl Pts',(-0.928175134919293,-2.11486611832783,
-6.44520541766512));
#5641=CARTESIAN_POINT('Ctrl Pts',(-2.28023437220177,-0.36701359014039,-6.55635111846809));
#5642=CARTESIAN_POINT('Ctrl Pts',(-1.54490061455272,1.71681386647916,-6.66749681927105));
#5643=CARTESIAN_POINT('Ctrl Pts',(0.604680184177623,2.22901988391311,-6.778642520074));
#5644=CARTESIAN_POINT('Ctrl Pts',(2.20071912206061,0.70071614196412,-6.88978822087698));
#5645=CARTESIAN_POINT('Ctrl Pts',(1.78215564426717,-1.4690435748249,-7.00093392167992));
#5646=CARTESIAN_POINT('Ctrl Pts',(-0.267845043755806,-2.29399799447623,
-7.1120796224829));
#5647=CARTESIAN_POINT('Ctrl Pts',(-2.07265257357286,-1.01895980048666,-7.22322532328585));
#5648=CARTESIAN_POINT('Ctrl Pts',(-1.98009353848451,1.18886388814653,-7.33437102408882));
#5649=CARTESIAN_POINT('Ctrl Pts',(-0.074899176545728,2.30836692906003,-7.44551672489177));
#5650=CARTESIAN_POINT('Ctrl Pts',(1.89886007424837,1.31472361513294,-7.55666242569474));
#5651=CARTESIAN_POINT('Ctrl Pts',(2.13434747853681,-0.882456008322117,-7.66780812649769));
#5652=CARTESIAN_POINT('Ctrl Pts',(0.415991004125643,-2.27180968618973,-7.77895382730066));
#5653=CARTESIAN_POINT('Ctrl Pts',(-1.68317575782516,-1.58148257468702,-7.8900995281036));
#5654=CARTESIAN_POINT('Ctrl Pts',(-2.24151438177014,0.556579771539617,-8.00124522890659));
#5655=CARTESIAN_POINT('Ctrl Pts',(-0.747905420850106,2.18513277565345,-8.11239092970953));
#5656=CARTESIAN_POINT('Ctrl Pts',(1.4303579569691,1.81335156015197,-8.22353663051251));
#5657=CARTESIAN_POINT('Ctrl Pts',(2.29922997903061,-0.218424516246499,-8.33468233131545));
#5658=CARTESIAN_POINT('Ctrl Pts',(1.0633198766087,-2.0502484253816,-8.44582803211843));
#5659=CARTESIAN_POINT('Ctrl Pts',(-1.14598422698122,-2.00521517979515,-8.55697373292137));
#5660=CARTESIAN_POINT('Ctrl Pts',(-2.30622097415685,-0.124549524807417,
-8.66811943372435));
#5661=CARTESIAN_POINT('Ctrl Pts',(-1.3552758361864,1.87013239467692,-8.77926513452729));
#5662=CARTESIAN_POINT('Ctrl Pts',(0.836328296214991,2.15284062269386,-8.89041083533027));
#5663=CARTESIAN_POINT('Ctrl Pts',(2.26233313488447,0.464775808938619,-9.00155653613322));
#5664=CARTESIAN_POINT('Ctrl Pts',(1.61733229540986,-1.64875832431409,-9.11270223693619));
#5665=CARTESIAN_POINT('Ctrl Pts',(-0.508221657835367,-2.25297104115384,
-9.22384793773913));
#5666=CARTESIAN_POINT('Ctrl Pts',(-2.16853469545099,-0.794748413270532,
-9.33499363854211));
#5667=CARTESIAN_POINT('Ctrl Pts',(-1.84370787975281,1.39101007182123,-9.44613933934506));
#5668=CARTESIAN_POINT('Ctrl Pts',(0.168902856416502,2.30339740185342,-9.55728504014803));
#5669=CARTESIAN_POINT('Ctrl Pts',(2.02689499583738,1.10718762710758,-9.66843074095099));
#5670=CARTESIAN_POINT('Ctrl Pts',(2.02940839048205,-1.10257396595957,-9.77957644175394));
#5671=CARTESIAN_POINT('Ctrl Pts',(0.174142205650125,-2.30300722056664,-9.89072214255692));
#5672=CARTESIAN_POINT('Ctrl Pts',(-1.84053882889815,-1.39520055371583,-10.0018678433599));
#5673=CARTESIAN_POINT('Ctrl Pts',(-2.1703369844767,0.789813357435363,-10.1130135441628));
#5674=CARTESIAN_POINT('Ctrl Pts',(-0.513345418846971,2.25180910530168,-10.2241592449658));
#5675=CARTESIAN_POINT('Ctrl Pts',(1.61357750255351,1.6524331783839,-10.3353049457688));
#5676=CARTESIAN_POINT('Ctrl Pts',(2.26338455698218,-0.459628233450995,-10.4464506465717));
#5677=CARTESIAN_POINT('Ctrl Pts',(0.841223430839115,-2.15093256639486,-10.5575963473747));
#5678=CARTESIAN_POINT('Ctrl Pts',(-1.35101813791951,-1.87321054790518,-10.6687420481776));
#5679=CARTESIAN_POINT('Ctrl Pts',(-2.30649833331398,0.119302993217253,-10.7798877489806));
#5680=CARTESIAN_POINT('Ctrl Pts',(-1.15054274090741,2.00260309774952,-10.8910334497835));
#5681=CARTESIAN_POINT('Ctrl Pts',(1.05865320440075,2.05266196890349,-11.0021791505865));
#5682=CARTESIAN_POINT('Ctrl Pts',(2.29872715627122,0.223654257263208,-11.1133248513895));
#5683=CARTESIAN_POINT('Ctrl Pts',(1.43447928226486,-1.81009307896684,-11.2244705521924));
#5684=CARTESIAN_POINT('Ctrl Pts',(-0.742932728774014,-2.18682846293146,
-11.3356162529954));
#5685=CARTESIAN_POINT('Ctrl Pts',(-2.24024247014929,-0.561677345733424,
-11.4467619537984));
#5686=CARTESIAN_POINT('Ctrl Pts',(-1.68676897162136,1.57764958154406,-11.5579076546013));
#5687=CARTESIAN_POINT('Ctrl Pts',(0.410821997529874,2.2727501077145,-11.6690533554043));
#5688=CARTESIAN_POINT('Ctrl Pts',(2.13233453841095,0.887308955252065,-11.7801990562072));
#5689=CARTESIAN_POINT('Ctrl Pts',(1.9018459046386,-1.31040067184817,-11.8913447570102));
#5690=CARTESIAN_POINT('Ctrl Pts',(-0.0696478917809326,-2.3085313376563,
-12.0024904578132));
#5691=CARTESIAN_POINT('Ctrl Pts',(-1.97738397846049,-1.19336514424483,-12.1136361586161));
#5692=CARTESIAN_POINT('Ctrl Pts',(-2.07496514846729,1.01424227796758,-12.2247818594191));
#5693=CARTESIAN_POINT('Ctrl Pts',(-0.273062755171932,2.29338276297453,-12.335927560222));
#5694=CARTESIAN_POINT('Ctrl Pts',(1.77880924150795,1.47309383546896,-12.447073261025));
#5695=CARTESIAN_POINT('Ctrl Pts',(2.2023074223721,-0.695708116335773,-12.558218961828));
#5696=CARTESIAN_POINT('Ctrl Pts',(0.609749211530526,-2.22763858487157,-12.6693646626309));
#5697=CARTESIAN_POINT('Ctrl Pts',(-1.54099119619962,-1.72032377737623,-12.7805103634339));
#5698=CARTESIAN_POINT('Ctrl Pts',(-2.28106335702613,0.361825547748387,-12.8916560642369));
#5699=CARTESIAN_POINT('Ctrl Pts',(-0.932983648544143,2.11274922253446,-13.0028017650398));
#5700=CARTESIAN_POINT('Ctrl Pts',(1.26917647981782,1.9296006915546,-13.1139474658428));
#5701=CARTESIAN_POINT('Ctrl Pts',(2.30949547358319,-0.019960542815396,-13.2250931666457));
#5702=CARTESIAN_POINT('Ctrl Pts',(1.23563501000568,-1.95124931462359,-13.3362388674487));
#5703=CARTESIAN_POINT('Ctrl Pts',(-0.969361749273092,-2.09630760262347,
-13.4473845682516));
#5704=CARTESIAN_POINT('Ctrl Pts',(-2.28697651517323,-0.322344822847869,
-13.5585302690546));
#5705=CARTESIAN_POINT('Ctrl Pts',(-1.51102633448216,1.74670180118764,-13.6696759698576));
#5706=CARTESIAN_POINT('Ctrl Pts',(0.648161385492724,2.21676669591703,-13.7808216706605));
#5707=CARTESIAN_POINT('Ctrl Pts',(2.21400328516793,0.657538758581099,-13.8919673714635));
#5708=CARTESIAN_POINT('Ctrl Pts',(1.75308205950588,-1.50361931964489,-14.0031130722664));
#5709=CARTESIAN_POINT('Ctrl Pts',(-0.312661569853413,-2.28832045581635,
-14.1142587730694));
#5710=CARTESIAN_POINT('Ctrl Pts',(-2.09218568692282,-0.978226362968209,
-14.2254044738723));
#5711=CARTESIAN_POINT('Ctrl Pts',(-1.95646205796555,1.22736464895807,-14.3365501746754));
#5712=CARTESIAN_POINT('Ctrl Pts',(-0.0297360480405947,2.30939029469201,
-14.4476958754783));
#5713=CARTESIAN_POINT('Ctrl Pts',(1.92421120679653,1.27733276690507,-14.5588415762813));
#5714=CARTESIAN_POINT('Ctrl Pts',(2.11667944964562,-0.924032398359853,-14.6699872770842));
#5715=CARTESIAN_POINT('Ctrl Pts',(0.37147764230076,-2.27951137901117,-14.7811329778872));
#5716=CARTESIAN_POINT('Ctrl Pts',(-1.7137856240068,-1.54825921625495,-14.8922786786901));
#5717=CARTESIAN_POINT('Ctrl Pts',(-2.23019958880727,0.600314550760353,-15.0034243794931));
#5718=CARTESIAN_POINT('Ctrl Pts',(-0.705023859943847,2.19934288429081,-15.1145700802961));
#5719=CARTESIAN_POINT('Ctrl Pts',(1.46555125535668,1.78502865066452,-15.225715781099));
#5720=CARTESIAN_POINT('Ctrl Pts',(2.29451804399056,-0.263352827158732,-15.336861481902));
#5721=CARTESIAN_POINT('Ctrl Pts',(1.02301615078672,-2.07065345265697,-15.4480071827049));
#5722=CARTESIAN_POINT('Ctrl Pts',(-1.18498453847996,-1.98241756684462,-15.5591528835079));
#5723=CARTESIAN_POINT('Ctrl Pts',(-2.30821584968144,-0.0794188708692721,
-15.6702985843109));
#5724=CARTESIAN_POINT('Ctrl Pts',(-1.3184391085491,1.89628217383885,-15.7814442851138));
#5725=CARTESIAN_POINT('Ctrl Pts',(0.878275213078814,2.13607125720611,-15.8925899859168));
#5726=CARTESIAN_POINT('Ctrl Pts',(2.27099081090589,0.42043846464343,-16.0037356867198));
#5727=CARTESIAN_POINT('Ctrl Pts',(1.58477524166621,-1.68007595041787,-16.1148813875227));
#5728=CARTESIAN_POINT('Ctrl Pts',(-0.552189765604614,-2.24259988150634,
-16.2260270883257));
#5729=CARTESIAN_POINT('Ctrl Pts',(-2.18366417012273,-0.752182529638222,
-16.3371727891286));
#5730=CARTESIAN_POINT('Ctrl Pts',(-1.81614875932571,1.42680462915229,-16.4483184899316));
#5731=CARTESIAN_POINT('Ctrl Pts',(0.213922150005328,2.29965325201601,-16.5594641907345));
#5732=CARTESIAN_POINT('Ctrl Pts',(2.04816248933306,1.06733227397085,-16.6706098915375));
#5733=CARTESIAN_POINT('Ctrl Pts',(2.00745520058427,-1.14205577071257,-16.7817555923405));
#5734=CARTESIAN_POINT('Ctrl Pts',(0.129064922127511,-2.30597268232886,-16.8929012931434));
#5735=CARTESIAN_POINT('Ctrl Pts',(-1.86747514711545,-1.35893500237386,-17.0040469939464));
#5736=CARTESIAN_POINT('Ctrl Pts',(-2.15447404674346,0.832111379371534,-17.1151926947494));
#5737=CARTESIAN_POINT('Ctrl Pts',(-0.469204620624803,2.26141875594837,-17.2263383955523));
#5738=CARTESIAN_POINT('Ctrl Pts',(1.64558838826851,1.62055750350506,-17.3374840963553));
#5739=CARTESIAN_POINT('Ctrl Pts',(2.25396183257984,-0.50380931218474,-17.4486297971582));
#5740=CARTESIAN_POINT('Ctrl Pts',(0.798992932824181,-2.16697440203334,-17.5597754979612));
#5741=CARTESIAN_POINT('Ctrl Pts',(-1.38739738102857,-1.84642797663104,-17.6709211987641));
#5742=CARTESIAN_POINT('Ctrl Pts',(-2.30372370225047,0.164392425190872,-17.7820668995671));
#5743=CARTESIAN_POINT('Ctrl Pts',(-1.11115421380219,2.02472321044639,-17.8932126003701));
#5744=CARTESIAN_POINT('Ctrl Pts',(1.09859822201761,2.03156336656046,-18.0043583011731));
#5745=CARTESIAN_POINT('Ctrl Pts',(2.30266183123866,0.178651215297804,-18.115504001976));
#5746=CARTESIAN_POINT('Ctrl Pts',(1.39880169845764,-1.8378034645094,-18.2266497027789));
#5747=CARTESIAN_POINT('Ctrl Pts',(-0.785562271461111,-2.17187929761937,
-18.3377954035819));
#5748=CARTESIAN_POINT('Ctrl Pts',(-2.25079964607637,-0.51775353112581,-18.4489411043849));
#5749=CARTESIAN_POINT('Ctrl Pts',(-1.65558943429894,1.610338905575,-18.5600868051879));
#5750=CARTESIAN_POINT('Ctrl Pts',(0.455195591036441,2.26428018135383,-18.6712325059908));
#5751=CARTESIAN_POINT('Ctrl Pts',(2.14928130751836,0.845433395911773,-18.7823782067938));
#5752=CARTESIAN_POINT('Ctrl Pts',(1.87585228306146,-1.34734775685561,-18.8935239075967));
#5753=CARTESIAN_POINT('Ctrl Pts',(-0.114786585372845,-2.306727510043,-19.0046696083997));
#5754=CARTESIAN_POINT('Ctrl Pts',(-2.00034646857003,-1.1544616803732,-19.1158153092027));
#5755=CARTESIAN_POINT('Ctrl Pts',(-2.05473090250009,1.05463201358667,-19.2269610100056));
#5756=CARTESIAN_POINT('Ctrl Pts',(-0.228154791530957,2.29828482936128,-19.3381067108086));
#5757=CARTESIAN_POINT('Ctrl Pts',(1.80728086424635,1.43802073820223,-19.4492524116115));
#5758=CARTESIAN_POINT('Ctrl Pts',(2.1882789510639,-0.738649441955682,-19.5603981124145));
#5759=CARTESIAN_POINT('Ctrl Pts',(0.566062717613793,-2.23913839802242,-19.6715438132174));
#5760=CARTESIAN_POINT('Ctrl Pts',(-1.57434382312884,-1.68985481398457,-19.7826895140204));
#5761=CARTESIAN_POINT('Ctrl Pts',(-2.27355015035056,0.406371110700181,-19.8938352148234));
#5762=CARTESIAN_POINT('Ctrl Pts',(-0.891482416596351,2.1305930786216,-20.0049809156263));
#5763=CARTESIAN_POINT('Ctrl Pts',(1.3066742999287,1.9044080549285,-20.1161266164293));
#5764=CARTESIAN_POINT('Ctrl Pts',(2.30866328460665,-0.0651275984505421,
-20.2272723172323));
#5765=CARTESIAN_POINT('Ctrl Pts',(1.19723462198163,-1.97504355032978,-20.3384180180352));
#5766=CARTESIAN_POINT('Ctrl Pts',(-1.01017750212477,-2.07694708164934,-20.4495637188382));
#5767=CARTESIAN_POINT('Ctrl Pts',(-2.2928437032835,-0.277552730276536,-20.5607094196411));
#5768=CARTESIAN_POINT('Ctrl Pts',(-1.47657396287959,1.77592147853356,-20.6718551204441));
#5769=CARTESIAN_POINT('Ctrl Pts',(0.691394611869314,2.20366541390676,-20.7830008212471));
#5770=CARTESIAN_POINT('Ctrl Pts',(2.22644041103737,0.614109812550256,-20.89414652205));
#5771=CARTESIAN_POINT('Ctrl Pts',(1.72333777741798,-1.5376198069402,-21.005292222853));
#5772=CARTESIAN_POINT('Ctrl Pts',(-0.357358477299617,-2.28176744750047,
-21.1164379236559));
#5773=CARTESIAN_POINT('Ctrl Pts',(-2.11091836814202,-0.937118673814219,
-21.2275836244589));
#5774=CARTESIAN_POINT('Ctrl Pts',(-1.93208207068214,1.26539584238268,-21.3387293252619));
#5775=CARTESIAN_POINT('Ctrl Pts',(0.0154384569309177,2.30953012966238,-21.4498750260648));
#5776=CARTESIAN_POINT('Ctrl Pts',(1.94882617117856,1.23945323441438,-21.5610207268678));
#5777=CARTESIAN_POINT('Ctrl Pts',(2.0982016177401,-0.96525527042517,-21.6721664276707));
#5778=CARTESIAN_POINT('Ctrl Pts',(0.326822159895044,-2.28634097229007,-21.7833121284737));
#5779=CARTESIAN_POINT('Ctrl Pts',(-1.74373982701664,-1.51444352203928,-21.8944578292766));
#5780=CARTESIAN_POINT('Ctrl Pts',(-2.21803156209297,0.643819660565104,-22.0056035300797));
#5781=CARTESIAN_POINT('Ctrl Pts',(-0.661872569747175,2.21271156439039,-22.1167492308825));
#5782=CARTESIAN_POINT('Ctrl Pts',(1.50018386052134,1.75602282172015,-22.2278949316856));
#5783=CARTESIAN_POINT('Ctrl Pts',(2.28892826812949,-0.30818038407479,-22.3390406324885));
#5784=CARTESIAN_POINT('Ctrl Pts',(0.982321037614371,-2.09026628562749,-22.4501863332915));
#5785=CARTESIAN_POINT('Ctrl Pts',(-1.22353149647257,-1.95886151703237,-22.5613320340944));
#5786=CARTESIAN_POINT('Ctrl Pts',(-2.309327643854,-0.0342578327173421,-22.6724777348974));
#5787=CARTESIAN_POINT('Ctrl Pts',(-1.28109797011734,1.92170646997193,-22.7836234357004));
#5788=CARTESIAN_POINT('Ctrl Pts',(0.919886117839302,2.11848466975272,-22.8947691365033));
#5789=CARTESIAN_POINT('Ctrl Pts',(2.27877964719728,0.375940268247741,-23.0059148373063));
#5790=CARTESIAN_POINT('Ctrl Pts',(1.55161188177349,-1.7107508100568,-23.1170605381092));
#5791=CARTESIAN_POINT('Ctrl Pts',(-0.595946615624777,-2.23137074398139,
-23.2282062389122));
#5792=CARTESIAN_POINT('Ctrl Pts',(-2.19795821464698,-0.70932887466717,-23.3393519397152));
#5793=CARTESIAN_POINT('Ctrl Pts',(-1.78789481345495,1.462053317014,-23.450497640518));
#5794=CARTESIAN_POINT('Ctrl Pts',(0.258859600875032,2.29502929672054,-23.5616433413211));
#5795=CARTESIAN_POINT('Ctrl Pts',(2.06864639315686,1.02706857894196,-23.672789042124));
#5796=CARTESIAN_POINT('Ctrl Pts',(1.98473399488205,-1.18110064572427,-23.783934742927));
#5797=CARTESIAN_POINT('Ctrl Pts',(0.0839382607159118,-2.30805592093405,
-23.8950804437299));
#5798=CARTESIAN_POINT('Ctrl Pts',(-1.89369700334776,-1.32214954724585,-24.0062261445329));
#5799=CARTESIAN_POINT('Ctrl Pts',(-2.1377868464724,0.874091050646503,-24.1173718453359));
#5800=CARTESIAN_POINT('Ctrl Pts',(-0.424884313258904,2.27016322895893,-24.2285175461388));
#5801=CARTESIAN_POINT('Ctrl Pts',(1.67696970183196,1.58806183283536,-24.3396632469418));
#5802=CARTESIAN_POINT('Ctrl Pts',(2.24367678342447,-0.547797642649918,-24.4508089477447));
#5803=CARTESIAN_POINT('Ctrl Pts',(0.7564567546626,-2.1821871927257,-24.5619546485477));
#5804=CARTESIAN_POINT('Ctrl Pts',(-1.42324583116381,-1.81893899563606,-24.6731003493507));
#5805=CARTESIAN_POINT('Ctrl Pts',(-2.30006770844879,0.209418963616158,-24.7842460501537));
#5806=CARTESIAN_POINT('Ctrl Pts',(-1.07134057932853,2.04606870091271,-24.8953917509566));
#5807=CARTESIAN_POINT('Ctrl Pts',(1.13812293595984,2.00968752506764,-25.0065374517596));
#5808=CARTESIAN_POINT('Ctrl Pts',(2.30571554972064,0.133579824630584,-25.1176831525625));
#5809=CARTESIAN_POINT('Ctrl Pts',(1.36258895859192,-1.86481073991247,-25.2288288533655));
#5810=CARTESIAN_POINT('Ctrl Pts',(-0.827891272327147,-2.15609921083737,
-25.3399745541684));
#5811=CARTESIAN_POINT('Ctrl Pts',(-2.26049570704718,-0.473631633445417,
-25.4511202549714));
#5812=CARTESIAN_POINT('Ctrl Pts',(-1.62377649860342,1.64241214326474,-25.5622659557744));
#5813=CARTESIAN_POINT('Ctrl Pts',(0.499395034992404,2.25494398262745,-25.6734116565773));
#5814=CARTESIAN_POINT('Ctrl Pts',(2.16540580074778,0.803234389149973,-25.7845573573803));
#5815=CARTESIAN_POINT('Ctrl Pts',(1.84914099453612,-1.38377937114735,-25.8957030581832));
#5816=CARTESIAN_POINT('Ctrl Pts',(-0.159881363662589,-2.30404117048705,
-26.0068487589862));
#5817=CARTESIAN_POINT('Ctrl Pts',(-2.02254366263186,-1.11511654048946,-26.1179944597892));
#5818=CARTESIAN_POINT('Ctrl Pts',(-2.03371055374326,1.09461826621016,-26.2291401605921));
#5819=CARTESIAN_POINT('Ctrl Pts',(-0.183159540330838,2.30230761380796,-26.3402858613951));
#5820=CARTESIAN_POINT('Ctrl Pts',(1.83506105482564,1.40239748041676,-26.451431562198));
#5821=CARTESIAN_POINT('Ctrl Pts',(2.17341328295471,-0.781308173806307,-26.562577263001));
#5822=CARTESIAN_POINT('Ctrl Pts',(0.522159660546472,-2.24978155748867,-26.6737229638039));
#5823=CARTESIAN_POINT('Ctrl Pts',(-1.60709413884993,-1.65873934311804,-26.784868664607));
#5824=CARTESIAN_POINT('Ctrl Pts',(-2.2651671170373,0.45076120385554,-26.8960143654099));
#5825=CARTESIAN_POINT('Ctrl Pts',(-0.849640134470138,2.14762180785061,-27.0071600662129));
#5826=CARTESIAN_POINT('Ctrl Pts',(1.34367223835553,1.87848682787593,-27.1183057670158));
#5827=CARTESIAN_POINT('Ctrl Pts',(2.30694778956883,-0.110269740149955,-27.2294514678188));
#5828=CARTESIAN_POINT('Ctrl Pts',(1.15837629572947,-1.9980821652018,-27.3405971686217));
#5829=CARTESIAN_POINT('Ctrl Pts',(-1.05060697358154,-2.05679196832489,-27.4517428694247));
#5830=CARTESIAN_POINT('Ctrl Pts',(-2.29783332147076,-0.232654432455724,
-27.5628885702277));
#5831=CARTESIAN_POINT('Ctrl Pts',(-1.44155738495133,1.80446168518497,-27.6740342710306));
#5832=CARTESIAN_POINT('Ctrl Pts',(0.734364663881323,2.1897211171955,-27.7851799718336));
#5833=CARTESIAN_POINT('Ctrl Pts',(2.23802318834877,0.570445790634434,-27.8963256726365));
#5834=CARTESIAN_POINT('Ctrl Pts',(1.69293903945042,-1.57103178389739,-28.0074713734395));
#5835=CARTESIAN_POINT('Ctrl Pts',(-0.401927924354532,-2.27434194307177,
-28.1186170742425));
#5836=CARTESIAN_POINT('Ctrl Pts',(-2.12882581920623,-0.895651571627064,
-28.2297627750454));
#5837=CARTESIAN_POINT('Ctrl Pts',(-1.90699647984333,1.30294122639518,-28.3409084758484));
#5838=CARTESIAN_POINT('Ctrl Pts',(0.0606709957265698,2.3087896027364,-28.4520541766513));
#5839=CARTESIAN_POINT('Ctrl Pts',(1.97257378164385,1.20109337229224,-28.5631998774543));
#5840=CARTESIAN_POINT('Ctrl Pts',(2.07915298049109,-1.0060971562432,-28.6743455782572));
#5841=CARTESIAN_POINT('Ctrl Pts',(0.281599624199519,-2.2923182106867,-28.7854912790602));
#5842=CARTESIAN_POINT('Ctrl Pts',(-1.77218214953132,-1.48000514095704,-28.8966369798632));
#5843=CARTESIAN_POINT('Ctrl Pts',(-2.20664970783257,0.686989860566525,-29.0077826806661));
#5844=CARTESIAN_POINT('Ctrl Pts',(-0.615130214201397,2.22545480571245,-29.1189283814691));
#5845=CARTESIAN_POINT('Ctrl Pts',(0.812327052679266,1.89221486473884,-29.1930255153377));
#5846=CARTESIAN_POINT('Ctrl Pts',(1.29803152269288,1.4605581693639,-29.2300740822721));
#5847=CARTESIAN_POINT('',(-1.90155688860646,0.449663651403268,-29.));
#5848=CARTESIAN_POINT('Ctrl Pts',(-1.90455136910472,0.451074987134612,-29.));
#5849=CARTESIAN_POINT('Ctrl Pts',(-1.88998225776002,0.494119405889034,-29.));
#5850=CARTESIAN_POINT('Ctrl Pts',(-1.87383523128451,0.536527579067501,-29.));
#5851=CARTESIAN_POINT('Ctrl Pts',(-1.85609168977642,0.578218205917963,-29.));
#5852=CARTESIAN_POINT('Ctrl Pts',(-1.82837736740714,0.643336405223554,-29.));
#5853=CARTESIAN_POINT('Ctrl Pts',(-1.79677006896907,0.706705763402731,-29.));
#5854=CARTESIAN_POINT('Ctrl Pts',(-1.76157084487994,0.768119320542808,-29.));
#5855=CARTESIAN_POINT('Ctrl Pts',(-1.72581334885068,0.830506918065378,-29.));
#5856=CARTESIAN_POINT('Ctrl Pts',(-1.68634820658655,0.890876912783981,-29.));
#5857=CARTESIAN_POINT('Ctrl Pts',(-1.64345374710481,0.948974904248355,-29.));
#5858=CARTESIAN_POINT('Ctrl Pts',(-1.62389977069923,0.975459601060759,-29.));
#5859=CARTESIAN_POINT('Ctrl Pts',(-1.60363272113408,1.00147157492699,-29.));
#5860=CARTESIAN_POINT('Ctrl Pts',(-1.58267722415518,1.02698357034458,-29.));
#5861=CARTESIAN_POINT('Ctrl Pts',(-1.56843865442888,1.04431813062614,-29.));
#5862=CARTESIAN_POINT('Ctrl Pts',(-1.55388222512597,1.06142182069789,-29.));
#5863=CARTESIAN_POINT('Ctrl Pts',(-1.53901546922841,1.07828550757336,-29.));
#5864=CARTESIAN_POINT('Ctrl Pts',(-1.53126141973803,1.08708109576515,-29.));
#5865=CARTESIAN_POINT('Ctrl Pts',(-1.52342304557318,1.09581114779865,-29.));
#5866=CARTESIAN_POINT('Ctrl Pts',(-1.51551109815172,1.10446410881014,-29.));
#5867=CARTESIAN_POINT('Ctrl Pts',(-1.46796708150187,1.1564609814493,-29.));
#5868=CARTESIAN_POINT('Ctrl Pts',(-1.41768358508443,1.20577549369512,-29.));
#5869=CARTESIAN_POINT('Ctrl Pts',(-1.36494553259595,1.25219697916242,-29.));
#5870=CARTESIAN_POINT('Ctrl Pts',(-1.31253444301909,1.29833066287493,-29.));
#5871=CARTESIAN_POINT('Ctrl Pts',(-1.25769816529534,1.34160760068313,-29.));
#5872=CARTESIAN_POINT('Ctrl Pts',(-1.20069182434113,1.38177634331492,-29.));
#5873=CARTESIAN_POINT('Ctrl Pts',(-1.14591920279497,1.42037112595362,-29.));
#5874=CARTESIAN_POINT('Ctrl Pts',(-1.08914239473747,1.45609668756816,-29.));
#5875=CARTESIAN_POINT('Ctrl Pts',(-1.03057833926516,1.48868410240663,-29.));
#5876=CARTESIAN_POINT('Ctrl Pts',(-1.01599738176715,1.49679753831707,-29.));
#5877=CARTESIAN_POINT('Ctrl Pts',(-1.00130562257394,1.50471620904363,-29.));
#5878=CARTESIAN_POINT('Ctrl Pts',(-0.986506405508204,1.51243547984704,-29.));
#5879=CARTESIAN_POINT('Ctrl Pts',(-0.973212171927797,1.5193697513477,-29.));
#5880=CARTESIAN_POINT('Ctrl Pts',(-0.959827548443055,1.52614477849972,-29.));
#5881=CARTESIAN_POINT('Ctrl Pts',(-0.946379705564002,1.53274533916325,-29.));
#5882=CARTESIAN_POINT('Ctrl Pts',(-0.88618183567016,1.56229206242755,-29.));
#5883=CARTESIAN_POINT('Ctrl Pts',(-0.82462859012452,1.5883957670032,-29.));
#5884=CARTESIAN_POINT('Ctrl Pts',(-0.761955054808295,1.61083579903171,-29.));
#5885=CARTESIAN_POINT('Ctrl Pts',(-0.701157783323915,1.63260404159968,-29.));
#5886=CARTESIAN_POINT('Ctrl Pts',(-0.639305505569166,1.65092485149601,-29.));
#5887=CARTESIAN_POINT('Ctrl Pts',(-0.576607440927486,1.66554867616808,-29.));
#5888=CARTESIAN_POINT('Ctrl Pts',(-0.540777963605581,1.67390561664849,-29.));
#5889=CARTESIAN_POINT('Ctrl Pts',(-0.504672244435024,1.68105434074943,-29.));
#5890=CARTESIAN_POINT('Ctrl Pts',(-0.468329940414347,1.68694057543803,-29.));
#5891=CARTESIAN_POINT('Ctrl Pts',(-0.43442478464018,1.69243207382863,-29.));
#5892=CARTESIAN_POINT('Ctrl Pts',(-0.400313661252391,1.69682457597481,-29.));
#5893=CARTESIAN_POINT('Ctrl Pts',(-0.366043476641098,1.70012714198708,-29.));
#5894=CARTESIAN_POINT('Ctrl Pts',(-0.35221227957319,1.70146003359136,-29.));
#5895=CARTESIAN_POINT('Ctrl Pts',(-0.338355190550644,1.70261535205869,-29.));
#5896=CARTESIAN_POINT('Ctrl Pts',(-0.324475371118049,1.7035935482134,-29.));
#5897=CARTESIAN_POINT('Ctrl Pts',(-0.313550710996199,1.70436347613463,-29.));
#5898=CARTESIAN_POINT('Ctrl Pts',(-0.302613025820127,1.70502351504388,-29.));
#5899=CARTESIAN_POINT('Ctrl Pts',(-0.2916764164395,1.70557353549398,-29.));
#5900=CARTESIAN_POINT('Ctrl Pts',(-0.226581000478757,1.70884729326845,-29.));
#5901=CARTESIAN_POINT('Ctrl Pts',(-0.161403932032617,1.70823683516097,-29.));
#5902=CARTESIAN_POINT('Ctrl Pts',(-0.0964566588922433,1.70388087895739,
-29.));
#5903=CARTESIAN_POINT('Ctrl Pts',(-0.0312836168393696,1.69950978063241,
-29.));
#5904=CARTESIAN_POINT('Ctrl Pts',(0.0336590835567753,1.69136660304301,-29.));
#5905=CARTESIAN_POINT('Ctrl Pts',(0.098041644223183,1.67954115055927,-29.));
#5906=CARTESIAN_POINT('Ctrl Pts',(0.142539484576172,1.67136801964809,-29.));
#5907=CARTESIAN_POINT('Ctrl Pts',(0.186769442283406,1.6614348724681,-29.));
#5908=CARTESIAN_POINT('Ctrl Pts',(0.230614487810675,1.64975923967757,-29.));
#5909=CARTESIAN_POINT('Ctrl Pts',(0.257408269612979,1.64262424064561,-29.));
#5910=CARTESIAN_POINT('Ctrl Pts',(0.284058161358231,1.63483833369751,-29.));
#5911=CARTESIAN_POINT('Ctrl Pts',(0.310535783899618,1.62640392266694,-29.));
#5912=CARTESIAN_POINT('Ctrl Pts',(0.32522768469822,1.62172383743791,-29.));
#5913=CARTESIAN_POINT('Ctrl Pts',(0.339869599232309,1.61684284456036,-29.));
#5914=CARTESIAN_POINT('Ctrl Pts',(0.354432733137572,1.61176991810624,-29.));
#5915=CARTESIAN_POINT('Ctrl Pts',(0.414674422037874,1.59078531003688,-29.));
#5916=CARTESIAN_POINT('Ctrl Pts',(0.473652995118517,1.56649511134506,-29.));
#5917=CARTESIAN_POINT('Ctrl Pts',(0.531048240143768,1.53897613387964,-29.));
#5918=CARTESIAN_POINT('Ctrl Pts',(0.578586921610786,1.51618302787493,-29.));
#5919=CARTESIAN_POINT('Ctrl Pts',(0.62503918192012,1.49117395202254,-29.));
#5920=CARTESIAN_POINT('Ctrl Pts',(0.670202897237164,1.46397328687545,-29.));
#5921=CARTESIAN_POINT('Ctrl Pts',(0.685818865634175,1.45456828721294,-29.));
#5922=CARTESIAN_POINT('Ctrl Pts',(0.701280597154506,1.44490113996294,-29.));
#5923=CARTESIAN_POINT('Ctrl Pts',(0.71657909932254,1.43497243908725,-29.));
#5924=CARTESIAN_POINT('Ctrl Pts',(0.727623888313948,1.42780439054718,-29.));
#5925=CARTESIAN_POINT('Ctrl Pts',(0.738576207939288,1.42050477701208,-29.));
#5926=CARTESIAN_POINT('Ctrl Pts',(0.749430726823769,1.41307587960494,-29.));
#5927=CARTESIAN_POINT('Ctrl Pts',(0.801710987829108,1.37729495743228,-29.));
#5928=CARTESIAN_POINT('Ctrl Pts',(0.851744815967156,1.33850578545165,-29.));
#5929=CARTESIAN_POINT('Ctrl Pts',(0.899183298498981,1.29676246649521,-29.));
#5930=CARTESIAN_POINT('Ctrl Pts',(0.943427792686995,1.25782968588365,-29.));
#5931=CARTESIAN_POINT('Ctrl Pts',(0.985414856214245,1.21632642212603,-29.));
#5932=CARTESIAN_POINT('Ctrl Pts',(1.02481740121598,1.17227177158078,-29.));
#5933=CARTESIAN_POINT('Ctrl Pts',(1.02766185162189,1.16909148795646,-29.));
#5934=CARTESIAN_POINT('Ctrl Pts',(1.03049281231548,1.16589789949091,-29.));
#5935=CARTESIAN_POINT('Ctrl Pts',(1.03331015022959,1.16269100943995,-29.));
#5936=CARTESIAN_POINT('Ctrl Pts',(1.95096851994036,-0.000506717556155302,
-28.6241303078758));
#5937=CARTESIAN_POINT('Ctrl Pts',(1.95167775499495,-0.295166769270755,-28.6408687313363));
#5938=CARTESIAN_POINT('Ctrl Pts',(1.88912700284348,-0.589550223099957,-28.6576071547968));
#5939=CARTESIAN_POINT('Ctrl Pts',(1.76179755463462,-0.852602243894541,-28.6743455782573));
#5940=CARTESIAN_POINT('Ctrl Pts',(1.47996852839391,-1.43483750772435,-28.7113941451916));
#5941=CARTESIAN_POINT('Ctrl Pts',(0.880784076296692,-1.86357785920553,-28.7484427121259));
#5942=CARTESIAN_POINT('Ctrl Pts',(0.238894887959642,-1.9425625233245,-28.7854912790602));
#5943=CARTESIAN_POINT('Ctrl Pts',(-0.402994300377463,-2.02154718744348,
-28.8225398459945));
#5944=CARTESIAN_POINT('Ctrl Pts',(-1.08758822495444,-1.75077616420024,-28.8595884129289));
#5945=CARTESIAN_POINT('Ctrl Pts',(-1.50229644695979,-1.2542248189913,-28.8966369798632));
#5946=CARTESIAN_POINT('Ctrl Pts',(-1.88796583401079,-0.792443154716495,
-28.9310913199088));
#5947=CARTESIAN_POINT('Ctrl Pts',(-2.0402222849164,-0.135393466342278,-28.9655456599544));
#5948=CARTESIAN_POINT('Ctrl Pts',(-1.90455136910477,0.451074987134396,-29.));
#5949=CARTESIAN_POINT('Ctrl Pts',(0.905548009516926,-1.26790821951713,-4.));
#5950=CARTESIAN_POINT('Ctrl Pts',(0.514149531972469,-1.54437413968922,-4.0344543400456));
#5951=CARTESIAN_POINT('Ctrl Pts',(-0.585877291886677,-1.72182024161089,
-4.10595724702552));
#5952=CARTESIAN_POINT('Ctrl Pts',(-1.77416304476679,-0.482255903956117,
-4.21450872093977));
#5953=CARTESIAN_POINT('Ctrl Pts',(-1.36713645117232,1.2295740464097,-4.32565442174273));
#5954=CARTESIAN_POINT('Ctrl Pts',(0.291621683671671,1.8152027993281,-4.43680012254569));
#5955=CARTESIAN_POINT('Ctrl Pts',(1.41186626457215,0.949281576762114,-4.52626739049935));
#5956=CARTESIAN_POINT('Ctrl Pts',(1.5541125390747,0.216033581969931,-4.57868609151869));
#5957=CARTESIAN_POINT('Ctrl Pts',(1.55324507227674,0.000707571112884779,
-4.5940562256037));
#5958=CARTESIAN_POINT('Origin',(0.,0.,-2.70594377439627));
#5959=CARTESIAN_POINT('Ctrl Pts',(-0.903606778650123,-1.2661259967229,-4.));
#5960=CARTESIAN_POINT('Ctrl Pts',(-1.32465338200217,-0.965634129482781,
-4.03704856693432));
#5961=CARTESIAN_POINT('Ctrl Pts',(-1.8361409362488,0.0831856108098174,-4.11114570080296));
#5962=CARTESIAN_POINT('Ctrl Pts',(-0.924058636102957,1.59088890080996,-4.22229140160592));
#5963=CARTESIAN_POINT('Ctrl Pts',(0.834708502309021,1.63755915110123,-4.33343710240888));
#5964=CARTESIAN_POINT('Ctrl Pts',(1.53141354972491,0.621454224053237,-4.41132122667234));
#5965=CARTESIAN_POINT('Ctrl Pts',(1.5577395258964,0.0536946208587918,-4.45215678400148));
#5966=CARTESIAN_POINT('Ctrl Pts',(1.55737646516146,0.00100571102887061,
-4.45594377439629));
#5967=CARTESIAN_POINT('Ctrl Pts',(-1.13509973994375,-1.5904919303095,-3.76992591772793));
#5968=CARTESIAN_POINT('Ctrl Pts',(-1.66401331303912,-1.21301773642506,-3.80697448466225));
#5969=CARTESIAN_POINT('Ctrl Pts',(-2.30653769812288,0.104496742862502,-3.8810716185309));
#5970=CARTESIAN_POINT('Ctrl Pts',(-1.1607911121472,1.99845510265688,-3.99221731933385));
#5971=CARTESIAN_POINT('Ctrl Pts',(1.04855057120671,2.05708169800816,-4.10336302013682));
#5972=CARTESIAN_POINT('Ctrl Pts',(2.29750682896703,0.235549599331819,-4.21450872093977));
#5973=CARTESIAN_POINT('Ctrl Pts',(1.44352721318628,-1.80314665503537,-4.32565442174274));
#5974=CARTESIAN_POINT('Ctrl Pts',(-0.73204046915441,-2.19038556357872,-4.4368001225457));
#5975=CARTESIAN_POINT('Ctrl Pts',(-2.23740282627191,-0.572903888639355,
-4.54794582334866));
#5976=CARTESIAN_POINT('Ctrl Pts',(-1.69462037488948,1.56925238959415,-4.65909152415162));
#5977=CARTESIAN_POINT('Ctrl Pts',(0.39948739908356,2.27475288416852,-4.77023722495458));
#5978=CARTESIAN_POINT('Ctrl Pts',(2.12788202792853,0.897939436011885,-4.88138292575753));
#5979=CARTESIAN_POINT('Ctrl Pts',(1.90835707931996,-1.30090604404076,-4.99252862656051));
#5980=CARTESIAN_POINT('Ctrl Pts',(-0.0581365124824777,-2.30884736166669,
-5.10367432736345));
#5981=CARTESIAN_POINT('Ctrl Pts',(-1.97140869137696,-1.20321137655674,-5.21482002816643));
#5982=CARTESIAN_POINT('Ctrl Pts',(-2.07999672224794,1.00388401504871,-5.32596572896937));
#5983=CARTESIAN_POINT('Ctrl Pts',(-0.284494711649487,2.29199228338397,-5.43711142977235));
#5984=CARTESIAN_POINT('Ctrl Pts',(1.77144182319234,1.4819453070476,-5.5482571305753));
#5985=CARTESIAN_POINT('Ctrl Pts',(2.20574900992168,-0.684718262011758,-5.65940283137826));
#5986=CARTESIAN_POINT('Ctrl Pts',(0.620849213294756,-2.22457042706909,-5.77054853218123));
#5987=CARTESIAN_POINT('Ctrl Pts',(-1.5323940126795,-1.72798618286812,-5.88169423298418));
#5988=CARTESIAN_POINT('Ctrl Pts',(-2.2828391212049,0.350447065765174,-5.99283993378715));
#5989=CARTESIAN_POINT('Ctrl Pts',(-0.943506765149028,2.108070806831,-6.1039856345901));
#5990=CARTESIAN_POINT('Ctrl Pts',(1.25953917365593,1.93590512709511,-6.21513133539307));
#5991=CARTESIAN_POINT('Ctrl Pts',(2.30956625124583,-0.00844453416613641,
-6.32627703619602));
#5992=CARTESIAN_POINT('Ctrl Pts',(1.24534907825506,-1.94506381535279,-6.437422736999));
#5993=CARTESIAN_POINT('Ctrl Pts',(-0.958896930905127,-2.10111500291003,
-6.54856843780194));
#5994=CARTESIAN_POINT('Ctrl Pts',(-2.28534074673449,-0.333744286331811,
-6.65971413860492));
#5995=CARTESIAN_POINT('Ctrl Pts',(-1.51971704588056,1.73914567449614,-6.77085983940786));
#5996=CARTESIAN_POINT('Ctrl Pts',(0.637099924627511,2.21997100514799,-6.88200554021084));
#5997=CARTESIAN_POINT('Ctrl Pts',(2.21069705850512,0.668570185391728,-6.99315124101378));
#5998=CARTESIAN_POINT('Ctrl Pts',(1.76055768325177,-1.49485926466741,-7.10429694181676));
#5999=CARTESIAN_POINT('Ctrl Pts',(-0.301247499508021,-2.28985098235617,
-7.21544264261971));
#6000=CARTESIAN_POINT('Ctrl Pts',(-2.08728194259616,-0.988646382386912,
-7.32658834342268));
#6001=CARTESIAN_POINT('Ctrl Pts',(-1.9625576701099,1.21759392606278,-7.43773404422563));
#6002=CARTESIAN_POINT('Ctrl Pts',(-0.0412509156693593,2.30921327279819,
-7.5488797450286));
#6003=CARTESIAN_POINT('Ctrl Pts',(1.91781812906567,1.28691149700668,-7.66002544583156));
#6004=CARTESIAN_POINT('Ctrl Pts',(2.12126057146709,-0.913466564927578,-7.77117114663451));
#6005=CARTESIAN_POINT('Ctrl Pts',(0.382839271261376,-2.27763071407197,-7.88231684743748));
#6006=CARTESIAN_POINT('Ctrl Pts',(-1.70604425414605,-1.55678533529758,-7.99346254824043));
#6007=CARTESIAN_POINT('Ctrl Pts',(-2.23316515360751,0.589186705565995,-8.10460824904341));
#6008=CARTESIAN_POINT('Ctrl Pts',(-0.715981594967674,2.19580006671155,-8.21575394984635));
#6009=CARTESIAN_POINT('Ctrl Pts',(1.4566323800686,1.79231405915323,-8.32689965064933));
#6010=CARTESIAN_POINT('Ctrl Pts',(2.29580262678114,-0.251908467836041,-8.43804535145227));
#6011=CARTESIAN_POINT('Ctrl Pts',(1.03332824713557,-2.06552664252351,-8.54919105225525));
#6012=CARTESIAN_POINT('Ctrl Pts',(-1.17508492207458,-1.98830153729651,-8.6603367530582));
#6013=CARTESIAN_POINT('Ctrl Pts',(-2.30779111056094,-0.0909272638905348,
-8.77148245386117));
#6014=CARTESIAN_POINT('Ctrl Pts',(-1.32787806528169,1.88968447658504,-8.88262815466412));
#6015=CARTESIAN_POINT('Ctrl Pts',(0.86761325654604,2.14042398004888,-8.99377385546708));
#6016=CARTESIAN_POINT('Ctrl Pts',(2.26886612028227,0.431756998250158,-9.10491955627004));
#6017=CARTESIAN_POINT('Ctrl Pts',(1.59313282066405,-1.67215292154328,-9.21606525707301));
#6018=CARTESIAN_POINT('Ctrl Pts',(-0.5410006883475,-2.24532532888003,-9.32721095787596));
#6019=CARTESIAN_POINT('Ctrl Pts',(-2.1798864019875,-0.763061499312287,-9.43835665867893));
#6020=CARTESIAN_POINT('Ctrl Pts',(-1.82324057935101,1.4177310630407,-9.54950235948189));
#6021=CARTESIAN_POINT('Ctrl Pts',(0.202452800532835,2.30069129629751,-9.66064806028484));
#6022=CARTESIAN_POINT('Ctrl Pts',(2.04281498714787,1.07753167266059,-9.77179376108782));
#6023=CARTESIAN_POINT('Ctrl Pts',(2.01312480501788,-1.13203184439503,-9.88293946189076));
#6024=CARTESIAN_POINT('Ctrl Pts',(0.140561512063887,-2.30530042264106,-9.99408516269374));
#6025=CARTESIAN_POINT('Ctrl Pts',(-1.8606758851253,-1.36822981542426,-10.1052308634967));
#6026=CARTESIAN_POINT('Ctrl Pts',(-2.15859635526205,0.821358236308672,-10.2163765642997));
#6027=CARTESIAN_POINT('Ctrl Pts',(-0.480474818306365,2.25905102338929,-10.3275222651026));
#6028=CARTESIAN_POINT('Ctrl Pts',(1.63748736880563,1.62874267283225,-10.4386679659056));
#6029=CARTESIAN_POINT('Ctrl Pts',(2.25644590062312,-0.492564183496774,-10.5498136667085));
#6030=CARTESIAN_POINT('Ctrl Pts',(0.809788100098777,-2.16296343247895,-10.6609593675115));
#6031=CARTESIAN_POINT('Ctrl Pts',(-1.37817332522692,-1.85332292462368,-10.7721050683145));
#6032=CARTESIAN_POINT('Ctrl Pts',(-2.30451472740009,0.152903395968785,-10.8832507691174));
#6033=CARTESIAN_POINT('Ctrl Pts',(-1.12123619242991,2.01915749214567,-10.9943964699204));
#6034=CARTESIAN_POINT('Ctrl Pts',(1.08845462694576,2.0370159799037,-11.1055421707233));
#6035=CARTESIAN_POINT('Ctrl Pts',(2.30174236224514,0.190130679136428,-11.2166878715263));
#6036=CARTESIAN_POINT('Ctrl Pts',(1.40794806425329,-1.83080578589542,-11.3278335723293));
#6037=CARTESIAN_POINT('Ctrl Pts',(-0.774722920659144,-2.17576928315207,
-11.4389792731322));
#6038=CARTESIAN_POINT('Ctrl Pts',(-2.24818996786087,-0.528970174690827,
-11.5501249739352));
#6039=CARTESIAN_POINT('Ctrl Pts',(-1.66359840415683,1.6020636463604,-11.6612706747381));
#6040=CARTESIAN_POINT('Ctrl Pts',(0.44389961750184,2.26652171992338,-11.7724163755411));
#6041=CARTESIAN_POINT('Ctrl Pts',(2.14503899365569,0.856139762538403,-11.8835620763441));
#6042=CARTESIAN_POINT('Ctrl Pts',(1.88254716660555,-1.33797748217529,-11.994707777147));
#6043=CARTESIAN_POINT('Ctrl Pts',(-0.103283195913311,-2.3072711498098,-12.10585347795));
#6044=CARTESIAN_POINT('Ctrl Pts',(-1.99456511112569,-1.16442157090243,-12.2169991787529));
#6045=CARTESIAN_POINT('Ctrl Pts',(-2.05996400014955,1.04437344632587,-12.3281448795559));
#6046=CARTESIAN_POINT('Ctrl Pts',(-0.239611814188606,2.29711857678352,-12.4392905803589));
#6047=CARTESIAN_POINT('Ctrl Pts',(1.8000880089895,1.44701442190288,-12.5504362811618));
#6048=CARTESIAN_POINT('Ctrl Pts',(2.19193481251641,-0.727728902120427,-12.6615819819648));
#6049=CARTESIAN_POINT('Ctrl Pts',(0.577220613666861,-2.23628798245234,-12.7727276827677));
#6050=CARTESIAN_POINT('Ctrl Pts',(-1.56589815567354,-1.69768387615625,-12.8838733835707));
#6051=CARTESIAN_POINT('Ctrl Pts',(-2.27554812159615,0.395029522444757,-12.9950190843737));
#6052=CARTESIAN_POINT('Ctrl Pts',(-0.902095025441914,2.12612138467578,-13.1061647851766));
#6053=CARTESIAN_POINT('Ctrl Pts',(1.2971621448816,1.91089977423958,-13.2173104859796));
#6054=CARTESIAN_POINT('Ctrl Pts',(2.30895928728108,-0.0536151749146293,
-13.3284561867825));
#6055=CARTESIAN_POINT('Ctrl Pts',(1.2070678129036,-1.96904923055642,-13.4396018875855));
#6056=CARTESIAN_POINT('Ctrl Pts',(-0.999808712473466,-2.08195824063906,
-13.5507475883885));
#6057=CARTESIAN_POINT('Ctrl Pts',(-2.29143120710574,-0.288982007060353,
-13.6618932891914));
#6058=CARTESIAN_POINT('Ctrl Pts',(-1.48541080033795,1.76853677698319,-13.7730389899944));
#6059=CARTESIAN_POINT('Ctrl Pts',(0.680397939297786,2.20708545858606,-13.8841846907973));
#6060=CARTESIAN_POINT('Ctrl Pts',(2.22335057787782,0.625203794896566,-13.9953303916003));
#6061=CARTESIAN_POINT('Ctrl Pts',(1.73098330698526,-1.52900764165556,-14.1064760924033));
#6062=CARTESIAN_POINT('Ctrl Pts',(-0.345976525569172,-2.28352092634549,
-14.2176217932062));
#6063=CARTESIAN_POINT('Ctrl Pts',(-2.10621936454303,-0.94763261115617,-14.3287674940092));
#6064=CARTESIAN_POINT('Ctrl Pts',(-1.93836762004238,1.25574621117246,-14.4399131948121));
#6065=CARTESIAN_POINT('Ctrl Pts',(0.00392232966250884,2.30957835819284,
-14.5510588956151));
#6066=CARTESIAN_POINT('Ctrl Pts',(1.94262166449403,1.24915517288332,-14.6622045964181));
#6067=CARTESIAN_POINT('Ctrl Pts',(2.10298851786352,-0.954781059215621,-14.773350297221));
#6068=CARTESIAN_POINT('Ctrl Pts',(0.338218398958774,-2.2846828865093,-14.884495998024));
#6069=CARTESIAN_POINT('Ctrl Pts',(-1.73616669834843,-1.52311942172917,-14.9956416988269));
#6070=CARTESIAN_POINT('Ctrl Pts',(-2.22121420649112,0.632751946804372,-15.1067873996299));
#6071=CARTESIAN_POINT('Ctrl Pts',(-0.67289750178443,2.20938374425879,-15.2179331004329));
#6072=CARTESIAN_POINT('Ctrl Pts',(1.49140918490859,1.76348127874186,-15.3290788012358));
#6073=CARTESIAN_POINT('Ctrl Pts',(2.29043644269924,-0.296763338803776,-15.4402245020388));
#6074=CARTESIAN_POINT('Ctrl Pts',(0.992731435415881,-2.08534214805145,-15.5513702028418));
#6075=CARTESIAN_POINT('Ctrl Pts',(-1.21374885695537,-1.96493798618232,-15.6625159036447));
#6076=CARTESIAN_POINT('Ctrl Pts',(-2.30912807591029,-0.0457723316595412,
-15.7736616044477));
#6077=CARTESIAN_POINT('Ctrl Pts',(-1.29066416405841,1.91529464911228,-15.8848073052507));
#6078=CARTESIAN_POINT('Ctrl Pts',(0.909311334714805,2.12304509463692,-15.9959530060536));
#6079=CARTESIAN_POINT('Ctrl Pts',(2.27687673952045,0.387298193041837,-16.1070987068566));
#6080=CARTESIAN_POINT('Ctrl Pts',(1.56012282668418,-1.70299276068975,-16.2182444076595));
#6081=CARTESIAN_POINT('Ctrl Pts',(-0.584812985114627,-2.23431451450865,
-16.3293901084625));
#6082=CARTESIAN_POINT('Ctrl Pts',(-2.19439394835057,-0.720279651763879,
-16.4405358092655));
#6083=CARTESIAN_POINT('Ctrl Pts',(-1.79516274460601,1.45312019381788,-16.5516815100684));
#6084=CARTESIAN_POINT('Ctrl Pts',(0.247412748246364,2.29629146871818,-16.6628272108714));
#6085=CARTESIAN_POINT('Ctrl Pts',(2.06349940151871,1.03737061710588,-16.7739729116743));
#6086=CARTESIAN_POINT('Ctrl Pts',(1.99059857036805,-1.17118952734021,-16.8851186124773));
#6087=CARTESIAN_POINT('Ctrl Pts',(0.0954458000270546,-2.30760864891773,
-16.9962643132803));
#6088=CARTESIAN_POINT('Ctrl Pts',(-1.88708083703722,-1.33157556743492,-17.1074100140832));
#6089=CARTESIAN_POINT('Ctrl Pts',(-2.14211868460427,0.863420591816057,-17.2185557148862));
#6090=CARTESIAN_POINT('Ctrl Pts',(-0.436198664973506,2.26801638044746,-17.3297014156891));
#6091=CARTESIAN_POINT('Ctrl Pts',(1.66903032380476,1.59640388233142,-17.4408471164921));
#6092=CARTESIAN_POINT('Ctrl Pts',(2.2463803170916,-0.536603250349988,-17.5519928172951));
#6093=CARTESIAN_POINT('Ctrl Pts',(0.767328306521724,-2.17838813054819,-17.663138518098));
#6094=CARTESIAN_POINT('Ctrl Pts',(-1.4141583964916,-1.82601303580644,-17.774284218901));
#6095=CARTESIAN_POINT('Ctrl Pts',(-2.30108329347858,0.197947603613911,-17.8854299197039));
#6096=CARTESIAN_POINT('Ctrl Pts',(-1.0815294879291,2.04070123831063,-17.9965756205069));
#6097=CARTESIAN_POINT('Ctrl Pts',(1.12808792763591,2.01533749154449,-18.1077213213098));
#6098=CARTESIAN_POINT('Ctrl Pts',(2.30502078072197,0.145075076228156,-18.2188670221128));
#6099=CARTESIAN_POINT('Ctrl Pts',(1.37187044070696,-1.85799329148875,-18.3300127229158));
#6100=CARTESIAN_POINT('Ctrl Pts',(-0.81713007829913,-2.16020045654137,-18.4411584237187));
#6101=CARTESIAN_POINT('Ctrl Pts',(-2.25810591170725,-0.484897173445494,
-18.5523041245217));
#6102=CARTESIAN_POINT('Ctrl Pts',(-1.63194579025291,1.63429511257255,-18.6634498253247));
#6103=CARTESIAN_POINT('Ctrl Pts',(0.488145064002091,2.25740602767715,-18.7745955261276));
#6104=CARTESIAN_POINT('Ctrl Pts',(2.16137370167289,0.814021682155659,-18.8857412269306));
#6105=CARTESIAN_POINT('Ctrl Pts',(1.85601786841232,-1.37454183255255,-18.9968869277336));
#6106=CARTESIAN_POINT('Ctrl Pts',(-0.148390807662734,-2.30480969832738,
-19.1080326285365));
#6107=CARTESIAN_POINT('Ctrl Pts',(-2.01695821415851,-1.12518760197629,-19.2191783293395));
#6108=CARTESIAN_POINT('Ctrl Pts',(-2.03914329539391,1.08446401422673,-19.3303240301424));
#6109=CARTESIAN_POINT('Ctrl Pts',(-0.194637181512336,2.30136566952661,-19.4414697309454));
#6110=CARTESIAN_POINT('Ctrl Pts',(1.82804548023235,1.41153012702698,-19.5526154317484));
#6111=CARTESIAN_POINT('Ctrl Pts',(2.17728203844366,-0.770461227040888,-19.6637611325513));
#6112=CARTESIAN_POINT('Ctrl Pts',(0.533371170660044,-2.24714992192587,-19.7749068333543));
#6113=CARTESIAN_POINT('Ctrl Pts',(-1.59880320967285,-1.66673209426185,-19.8860525341572));
#6114=CARTESIAN_POINT('Ctrl Pts',(-2.2673865412734,0.439460862597537,-19.9971982349602));
#6115=CARTESIAN_POINT('Ctrl Pts',(-0.860338159260493,2.14335853954092,-20.1083439357632));
#6116=CARTESIAN_POINT('Ctrl Pts',(1.33428884478567,1.88516334994695,-20.2194896365661));
#6117=CARTESIAN_POINT('Ctrl Pts',(2.3074689579094,-0.0987653055844237,-20.3306353373691));
#6118=CARTESIAN_POINT('Ctrl Pts',(1.1683247451926,-1.99228132227188,-20.441781038172));
#6119=CARTESIAN_POINT('Ctrl Pts',(-1.04033798533247,-2.06200495963931,-20.552926738975));
#6120=CARTESIAN_POINT('Ctrl Pts',(-2.29664500767729,-0.244109168229552,
-20.6640724397779));
#6121=CARTESIAN_POINT('Ctrl Pts',(-1.45053626364388,1.79725126934349,-20.7752181405809));
#6122=CARTESIAN_POINT('Ctrl Pts',(0.723435646091617,2.19335552140248,-20.8863638413839));
#6123=CARTESIAN_POINT('Ctrl Pts',(2.23515348381391,0.581598212769962,-20.9975095421868));
#6124=CARTESIAN_POINT('Ctrl Pts',(1.70074668802219,-1.56257104813965,-21.1086552429898));
#6125=CARTESIAN_POINT('Ctrl Pts',(-0.390573187309681,-2.276317236823,-21.2198009437928));
#6126=CARTESIAN_POINT('Ctrl Pts',(-2.12435098531594,-0.906256292938107,
-21.3309466445957));
#6127=CARTESIAN_POINT('Ctrl Pts',(-1.91343598582002,1.29341807064525,-21.4420923453986));
#6128=CARTESIAN_POINT('Ctrl Pts',(0.0490940743821972,2.30905984096629,-21.5532380462017));
#6129=CARTESIAN_POINT('Ctrl Pts',(1.96668198824842,1.21092094473668,-21.6643837470046));
#6130=CARTESIAN_POINT('Ctrl Pts',(2.08391189914784,-0.99573027165632,-21.7755294478076));
#6131=CARTESIAN_POINT('Ctrl Pts',(0.293468130455573,-2.29086098087807,-21.8866751486105));
#6132=CARTESIAN_POINT('Ctrl Pts',(-1.76562491678727,-1.48887079040547,-21.9978208494135));
#6133=CARTESIAN_POINT('Ctrl Pts',(-2.20841346326709,0.676075108670144,-22.1089665502164));
#6134=CARTESIAN_POINT('Ctrl Pts',(-0.629555970270268,2.22212215181789,-22.2201122510194));
#6135=CARTESIAN_POINT('Ctrl Pts',(1.52561540375268,1.73397382250577,-22.3312579518224));
#6136=CARTESIAN_POINT('Ctrl Pts',(2.28419397934267,-0.341504673522092,-22.4424036526253));
#6137=CARTESIAN_POINT('Ctrl Pts',(0.951754822726371,-2.10435983964716,-22.5535493534283));
#6138=CARTESIAN_POINT('Ctrl Pts',(-1.25194843362563,-1.94082268557565,-22.6646950542313));
#6139=CARTESIAN_POINT('Ctrl Pts',(-2.30958161090647,-0.000599887767903545,
-22.7758407550342));
#6140=CARTESIAN_POINT('Ctrl Pts',(-1.25295647822861,1.94017206478385,-22.8869864558372));
#6141=CARTESIAN_POINT('Ctrl Pts',(0.950661526925293,2.10485397083189,-22.9981321566401));
#6142=CARTESIAN_POINT('Ctrl Pts',(2.28401626717948,0.342691214597419,-23.1092778574431));
#6143=CARTESIAN_POINT('Ctrl Pts',(1.52651595812026,-1.73318106581711,-23.220423558246));
#6144=CARTESIAN_POINT('Ctrl Pts',(-0.628401543082989,-2.22244889209035,
-23.331569259049));
#6145=CARTESIAN_POINT('Ctrl Pts',(-2.20806195954842,-0.677222238336791,
-23.4427149598519));
#6146=CARTESIAN_POINT('Ctrl Pts',(-1.76639811328439,1.48795338726993,-23.553860660655));
#6147=CARTESIAN_POINT('Ctrl Pts',(0.292278040347819,2.29101312183784,-23.6650063614579));
#6148=CARTESIAN_POINT('Ctrl Pts',(2.08339435859437,0.996812682443305,-23.7761520622609));
#6149=CARTESIAN_POINT('Ctrl Pts',(1.96731076895353,-1.2098991344993,-23.8872977630638));
#6150=CARTESIAN_POINT('Ctrl Pts',(0.0502935721652064,-2.30903402614634,
-23.9984434638668));
#6151=CARTESIAN_POINT('Ctrl Pts',(-1.91276382618416,-1.29441188288119,-24.1095891646697));
#6152=CARTESIAN_POINT('Ctrl Pts',(-2.12482147834526,0.905152618327657,-24.2207348654727));
#6153=CARTESIAN_POINT('Ctrl Pts',(-0.391755629974521,2.27611403573854,-24.3318805662757));
#6154=CARTESIAN_POINT('Ctrl Pts',(1.69993473819468,1.56345433677536,-24.4430262670786));
#6155=CARTESIAN_POINT('Ctrl Pts',(2.23545530935683,-0.580437022571086,-24.5541719678816));
#6156=CARTESIAN_POINT('Ctrl Pts',(0.724574947107387,-2.19297941698659,-24.6653176686845));
#6157=CARTESIAN_POINT('Ctrl Pts',(-1.44960243650511,-1.79800454765299,-24.7764633694875));
#6158=CARTESIAN_POINT('Ctrl Pts',(-2.29677150699143,0.24291608011047,-24.8876090702904));
#6159=CARTESIAN_POINT('Ctrl Pts',(-1.04140900994014,2.06146424934243,-24.9987547710934));
#6160=CARTESIAN_POINT('Ctrl Pts',(1.16728964242618,1.99288797175996,-25.1099004718964));
#6161=CARTESIAN_POINT('Ctrl Pts',(2.30741734022376,0.0999639702373588,-25.2210461726994));
#6162=CARTESIAN_POINT('Ctrl Pts',(1.33526796450812,-1.88446996268196,-25.3321918735023));
#6163=CARTESIAN_POINT('Ctrl Pts',(-0.859224616844413,-2.1438051765735,-25.4433375743053));
#6164=CARTESIAN_POINT('Ctrl Pts',(-2.26715794536372,-0.440638659370088,
-25.5544832751082));
#6165=CARTESIAN_POINT('Ctrl Pts',(-1.59966882358355,1.66590132723209,-25.6656289759112));
#6166=CARTESIAN_POINT('Ctrl Pts',(0.532203755045165,2.24742669299662,-25.7767746767141));
#6167=CARTESIAN_POINT('Ctrl Pts',(2.17688150755499,0.77159217189087,-25.8879203775171));
#6168=CARTESIAN_POINT('Ctrl Pts',(1.82877849141835,-1.41058030823638,-25.9990660783201));
#6169=CARTESIAN_POINT('Ctrl Pts',(-0.19344164748283,-2.30146646865933,-26.110211779123));
#6170=CARTESIAN_POINT('Ctrl Pts',(-2.03857966629424,-1.08552315669659,-26.221357479926));
#6171=CARTESIAN_POINT('Ctrl Pts',(-2.01754245042744,1.12413968581698,-26.3325031807289));
#6172=CARTESIAN_POINT('Ctrl Pts',(-0.149588086324285,2.30473230191292,-26.4436488815319));
#6173=CARTESIAN_POINT('Ctrl Pts',(1.85530357861789,1.37550580596909,-26.5547945823348));
#6174=CARTESIAN_POINT('Ctrl Pts',(2.16179626818888,-0.812898786651651,-26.6659402831379));
#6175=CARTESIAN_POINT('Ctrl Pts',(0.489317684260186,-2.25715214442386,-26.7770859839408));
#6176=CARTESIAN_POINT('Ctrl Pts',(-1.6310966186781,-1.63514264784941,-26.8882316847438));
#6177=CARTESIAN_POINT('Ctrl Pts',(-2.25835744683004,0.483724066991064,-26.9993773855467));
#6178=CARTESIAN_POINT('Ctrl Pts',(-0.818252244896168,2.15977569595207,-27.1105230863497));
#6179=CARTESIAN_POINT('Ctrl Pts',(1.37090526341075,1.85870567459943,-27.2216687871526));
#6180=CARTESIAN_POINT('Ctrl Pts',(2.30509546477847,-0.143877608771726,-27.3328144879556));
#6181=CARTESIAN_POINT('Ctrl Pts',(1.12913539875642,-2.01475128279091,-27.4439601887585));
#6182=CARTESIAN_POINT('Ctrl Pts',(-1.08047057877184,-2.04126264197448,-27.5551058895615));
#6183=CARTESIAN_POINT('Ctrl Pts',(-2.30097761165169,-0.19914322543478,-27.6662515903645));
#6184=CARTESIAN_POINT('Ctrl Pts',(-1.41511161879284,1.8252787140516,-27.7773972911674));
#6185=CARTESIAN_POINT('Ctrl Pts',(0.76620579716101,2.17878540290765,-27.8885429919704));
#6186=CARTESIAN_POINT('Ctrl Pts',(2.24608370841074,0.537772108677444,-27.9996886927734));
#6187=CARTESIAN_POINT('Ctrl Pts',(1.669892817904,-1.5955404269244,-28.1108343935763));
#6188=CARTESIAN_POINT('Ctrl Pts',(-0.435084069253367,-2.26823546513794,
-28.2219800943793));
#6189=CARTESIAN_POINT('Ctrl Pts',(-2.14154866652724,-0.864546976461817,
-28.3331257951822));
#6190=CARTESIAN_POINT('Ctrl Pts',(-1.88800314157575,1.33062121288318,-28.4442714959852));
#6191=CARTESIAN_POINT('Ctrl Pts',(0.0946869554504756,2.30760820404224,-28.5554171967881));
#6192=CARTESIAN_POINT('Ctrl Pts',(1.9891491052754,1.17231789615281,-28.6665628975912));
#6193=CARTESIAN_POINT('Ctrl Pts',(2.0656657871619,-1.03647655985271,-28.777708598394));
#6194=CARTESIAN_POINT('Ctrl Pts',(0.245275618266814,-2.29583875592663,-28.888854299197));
#6195=CARTESIAN_POINT('Ctrl Pts',(-1.10904643114666,-1.73504131029036,-28.9629514330657));
#6196=CARTESIAN_POINT('Ctrl Pts',(-1.51814181076368,-1.23018756391502,-29.));
#6197=CARTESIAN_POINT('Ctrl Pts',(-1.05793541951254,-1.4823699524473,-3.84661727848529));
#6198=CARTESIAN_POINT('Ctrl Pts',(-1.5508933360268,-1.13055653411097,-3.88366584541961));
#6199=CARTESIAN_POINT('Ctrl Pts',(-2.14973877749819,0.0973930321782718,
-3.95776297928825));
#6200=CARTESIAN_POINT('Ctrl Pts',(-1.08188028679912,1.86259970204125,-4.06890868009121));
#6201=CARTESIAN_POINT('Ctrl Pts',(0.977269881574147,1.91724084903918,-4.18005438089417));
#6202=CARTESIAN_POINT('Ctrl Pts',(2.14132182873786,0.219536887743028,-4.29120008169713));
#6203=CARTESIAN_POINT('Ctrl Pts',(1.34539592788185,-1.68056836400301,-4.40234578250009));
#6204=CARTESIAN_POINT('Ctrl Pts',(-0.682276203211344,-2.04148268963023,
-4.51349148330305));
#6205=CARTESIAN_POINT('Ctrl Pts',(-2.08530370885986,-0.533957761102243,
-4.62463718410601));
#6206=CARTESIAN_POINT('Ctrl Pts',(-1.57941972333825,1.46257428020257,-4.73578288490897));
#6207=CARTESIAN_POINT('Ctrl Pts',(0.372330161189491,2.12011470191995,-4.84692858571194));
#6208=CARTESIAN_POINT('Ctrl Pts',(1.98322815755501,0.836897323209,-4.95807428651489));
#6209=CARTESIAN_POINT('Ctrl Pts',(1.77862656138941,-1.2124701759837,-5.06921998731786));
#6210=CARTESIAN_POINT('Ctrl Pts',(-0.0541843800661521,-2.15189142962572,
-5.18036568812081));
#6211=CARTESIAN_POINT('Ctrl Pts',(-1.8373919115213,-1.12141681266086,-5.29151138892377));
#6212=CARTESIAN_POINT('Ctrl Pts',(-1.93859810508388,0.935639767352166,-5.40265708972674));
#6213=CARTESIAN_POINT('Ctrl Pts',(-0.265154700971888,2.13618216313004,-5.5138027905297));
#6214=CARTESIAN_POINT('Ctrl Pts',(1.65101883333524,1.38120235159583,-5.62494849133266));
#6215=CARTESIAN_POINT('Ctrl Pts',(2.05580172564093,-0.638170969720404,-5.73609419213562));
#6216=CARTESIAN_POINT('Ctrl Pts',(0.578643752445602,-2.07334365886931,-5.84723989293858));
#6217=CARTESIAN_POINT('Ctrl Pts',(-1.4282215435473,-1.61051731663257,-5.95838559374154));
#6218=CARTESIAN_POINT('Ctrl Pts',(-2.1276512348521,0.326623600103684,-6.0695312945445));
#6219=CARTESIAN_POINT('Ctrl Pts',(-0.879366975672453,1.96476370745839,-6.18067699534746));
#6220=CARTESIAN_POINT('Ctrl Pts',(1.17391543419805,1.80430188704952,-6.29182269615043));
#6221=CARTESIAN_POINT('Ctrl Pts',(2.1525614489392,-0.00787047294719465,
-6.40296839695338));
#6222=CARTESIAN_POINT('Ctrl Pts',(1.16068998448426,-1.81283796574204,-6.51411409775635));
#6223=CARTESIAN_POINT('Ctrl Pts',(-0.893710914704869,-1.95828076055937,
-6.6252597985593));
#6224=CARTESIAN_POINT('Ctrl Pts',(-2.12998279934901,-0.311056279149452,
-6.73640549936227));
#6225=CARTESIAN_POINT('Ctrl Pts',(-1.41640635963299,1.62091818365908,-6.84755120016522));
#6226=CARTESIAN_POINT('Ctrl Pts',(0.593789736984337,2.06905690662336,-6.95869690096819));
#6227=CARTESIAN_POINT('Ctrl Pts',(2.06041340483498,0.623120642764915,-7.06984260177114));
#6228=CARTESIAN_POINT('Ctrl Pts',(1.64087459953023,-1.39323841564487,-7.18098830257412));
#6229=CARTESIAN_POINT('Ctrl Pts',(-0.280768630767971,-2.13418642819907,
-7.29213400337706));
#6230=CARTESIAN_POINT('Ctrl Pts',(-1.94538807461174,-0.921437992182039,
-7.40327970418004));
#6231=CARTESIAN_POINT('Ctrl Pts',(-1.8291425845523,1.13482163340905,-7.51442540498299));
#6232=CARTESIAN_POINT('Ctrl Pts',(-0.038446669696312,2.1522324660411,-7.62557110578595));
#6233=CARTESIAN_POINT('Ctrl Pts',(1.78744444697205,1.19942698121737,-7.73671680658891));
#6234=CARTESIAN_POINT('Ctrl Pts',(1.97705682910449,-0.851368914616445,-7.84786250739187));
#6235=CARTESIAN_POINT('Ctrl Pts',(0.356813776618351,-2.12279689633779,-7.95900820819484));
#6236=CARTESIAN_POINT('Ctrl Pts',(-1.5900670048664,-1.45095473889432,-8.07015390899779));
#6237=CARTESIAN_POINT('Ctrl Pts',(-2.08135411407961,0.549133668689795,-8.18129960980076));
#6238=CARTESIAN_POINT('Ctrl Pts',(-0.667309014688863,2.04652911369473,-8.29244531060371));
#6239=CARTESIAN_POINT('Ctrl Pts',(1.35761020274729,1.67047217028042,-8.40359101140667));
#6240=CARTESIAN_POINT('Ctrl Pts',(2.13973347857707,-0.234783676905828,-8.51473671220964));
#6241=CARTESIAN_POINT('Ctrl Pts',(0.963082374313444,-1.92511170443997,-8.62588241301259));
#6242=CARTESIAN_POINT('Ctrl Pts',(-1.09520240050397,-1.85313637820191,-8.73702811381556));
#6243=CARTESIAN_POINT('Ctrl Pts',(-2.15090698269357,-0.0847460092572791,
-8.84817381461852));
#6244=CARTESIAN_POINT('Ctrl Pts',(-1.2376086335153,1.76122332613822,-8.95931951542148));
#6245=CARTESIAN_POINT('Ctrl Pts',(0.808632723838119,1.99491750511722,-9.07046521622444));
#6246=CARTESIAN_POINT('Ctrl Pts',(2.11462812148792,0.402406066178771,-9.18161091702739));
#6247=CARTESIAN_POINT('Ctrl Pts',(1.48483131451692,-1.55847961222306,-9.29275661783037));
#6248=CARTESIAN_POINT('Ctrl Pts',(-0.504223347114694,-2.09268763806484,
-9.4039023186333));
#6249=CARTESIAN_POINT('Ctrl Pts',(-2.03169726326486,-0.711188417177226,
-9.5150480194363));
#6250=CARTESIAN_POINT('Ctrl Pts',(-1.69929629909321,1.32135340547981,-9.62619372023924));
#6251=CARTESIAN_POINT('Ctrl Pts',(0.188690016327347,2.14428981530561,-9.7373394210422));
#6252=CARTESIAN_POINT('Ctrl Pts',(1.90394399220101,1.00428084162083,-9.84848512184517));
#6253=CARTESIAN_POINT('Ctrl Pts',(1.87627215493267,-1.05507608015218,-9.95963082264812));
#6254=CARTESIAN_POINT('Ctrl Pts',(0.131006110740581,-2.14858561226534,-10.0707765234511));
#6255=CARTESIAN_POINT('Ctrl Pts',(-1.73418674486215,-1.2752172631475,-10.181922224254));
#6256=CARTESIAN_POINT('Ctrl Pts',(-2.01185451841936,0.765522129660905,-10.293067925057));
#6257=CARTESIAN_POINT('Ctrl Pts',(-0.447812038522186,2.10548025695791,-10.40421362586));
#6258=CARTESIAN_POINT('Ctrl Pts',(1.52617063109338,1.51802040140211,-10.5153593266629));
#6259=CARTESIAN_POINT('Ctrl Pts',(2.10305223098848,-0.459079566109589,-10.6265050274659));
#6260=CARTESIAN_POINT('Ctrl Pts',(0.754738533758082,-2.01592472080325,-10.7376507282689));
#6261=CARTESIAN_POINT('Ctrl Pts',(-1.28448481105034,-1.72733364017086,-10.8487964290718));
#6262=CARTESIAN_POINT('Ctrl Pts',(-2.14785332875306,0.142508990766842,-10.9599421298748));
#6263=CARTESIAN_POINT('Ctrl Pts',(-1.04501431889134,1.88189473871337,-11.0710878306777));
#6264=CARTESIAN_POINT('Ctrl Pts',(1.01446125116308,1.89853920269601,-11.1822335314807));
#6265=CARTESIAN_POINT('Ctrl Pts',(2.14526942956777,0.177205555350069,-11.2933792322837));
#6266=CARTESIAN_POINT('Ctrl Pts',(1.31223545701945,-1.7063472212964,-11.4045249330866));
#6267=CARTESIAN_POINT('Ctrl Pts',(-0.722057092634083,-2.02786002703879,
-11.5156706338896));
#6268=CARTESIAN_POINT('Ctrl Pts',(-2.09535753828178,-0.493010670321316,
-11.6268163346925));
#6269=CARTESIAN_POINT('Ctrl Pts',(-1.55050663273814,1.49315502079323,-11.7379620354955));
#6270=CARTESIAN_POINT('Ctrl Pts',(0.413723227605094,2.11244309396135,-11.8491077362985));
#6271=CARTESIAN_POINT('Ctrl Pts',(1.99921878912278,0.797939200380207,-11.9602534371014));
#6272=CARTESIAN_POINT('Ctrl Pts',(1.75457121200095,-1.24702148991206,-12.0713991379044));
#6273=CARTESIAN_POINT('Ctrl Pts',(-0.0962619824073927,-2.15042236898428,
-12.1825448387073));
#6274=CARTESIAN_POINT('Ctrl Pts',(-1.85897415295719,-1.08526394620021,-12.2936905395103));
#6275=CARTESIAN_POINT('Ctrl Pts',(-1.9199272116713,0.973376718526302,-12.4048362403133));
#6276=CARTESIAN_POINT('Ctrl Pts',(-0.223322952374563,2.14095997001991,-12.5159819411162));
#6277=CARTESIAN_POINT('Ctrl Pts',(1.67771764536233,1.34864607541225,-12.6271276419192));
#6278=CARTESIAN_POINT('Ctrl Pts',(2.04292662029742,-0.678257737416367,-12.7382733427222));
#6279=CARTESIAN_POINT('Ctrl Pts',(0.537981034249253,-2.08426465235897,-12.8494190435251));
#6280=CARTESIAN_POINT('Ctrl Pts',(-1.45944806781341,-1.58227496714088,-12.9605647443281));
#6281=CARTESIAN_POINT('Ctrl Pts',(-2.12085587893903,0.368175331947577,-13.071710445131));
#6282=CARTESIAN_POINT('Ctrl Pts',(-0.840770414790535,1.98158720320301,-13.182856145934));
#6283=CARTESIAN_POINT('Ctrl Pts',(1.20898078788134,1.78099640337053,-13.2940018467369));
#6284=CARTESIAN_POINT('Ctrl Pts',(2.15199574651317,-0.0499704039825751,
-13.4051475475399));
#6285=CARTESIAN_POINT('Ctrl Pts',(1.1250110876491,-1.83519284734645,-13.5162932483429));
#6286=CARTESIAN_POINT('Ctrl Pts',(-0.931841504708045,-1.94042627903985,
-13.6274389491458));
#6287=CARTESIAN_POINT('Ctrl Pts',(-2.13565922893589,-0.269336949091514,
-13.7385846499488));
#6288=CARTESIAN_POINT('Ctrl Pts',(-1.38443225991923,1.6483112727819,-13.8497303507517));
#6289=CARTESIAN_POINT('Ctrl Pts',(0.634144343458415,2.05704732224241,-13.9608760515547));
#6290=CARTESIAN_POINT('Ctrl Pts',(2.0722067352841,0.582702308668988,-14.0720217523577));
#6291=CARTESIAN_POINT('Ctrl Pts',(1.61331069561824,-1.42506537874189,-14.1831674531606));
#6292=CARTESIAN_POINT('Ctrl Pts',(-0.322456968175868,-2.12828669073501,
-14.2943131539636));
#6293=CARTESIAN_POINT('Ctrl Pts',(-1.9630381266088,-0.883212345795282,-14.4054588547665));
#6294=CARTESIAN_POINT('Ctrl Pts',(-1.80659697920533,1.17038031810654,-14.5166045555695));
#6295=CARTESIAN_POINT('Ctrl Pts',(0.00365568886231482,2.15257273285339,
-14.6277502563725));
#6296=CARTESIAN_POINT('Ctrl Pts',(1.81056183281525,1.16423733999458,-14.7388959571754));
#6297=CARTESIAN_POINT('Ctrl Pts',(1.96002691357002,-0.889874840843455,-14.8500416579784));
#6298=CARTESIAN_POINT('Ctrl Pts',(0.315226240653616,-2.12936966060108,-14.9611873587813));
#6299=CARTESIAN_POINT('Ctrl Pts',(-1.61814171894004,-1.41957744125171,-15.0723330595843));
#6300=CARTESIAN_POINT('Ctrl Pts',(-2.0702155948762,0.589737335613349,-15.1834787603873));
#6301=CARTESIAN_POINT('Ctrl Pts',(-0.627153787273877,2.05918936996893,-15.2946244611902));
#6302=CARTESIAN_POINT('Ctrl Pts',(1.39002287303785,1.64359944838047,-15.4057701619932));
#6303=CARTESIAN_POINT('Ctrl Pts',(2.13473208882418,-0.276589304256941,-15.5169158627962));
#6304=CARTESIAN_POINT('Ctrl Pts',(0.925245342441978,-1.9435801477105,-15.6280615635991));
#6305=CARTESIAN_POINT('Ctrl Pts',(-1.13123795291291,-1.8313610862346,-15.7392072644021));
#6306=CARTESIAN_POINT('Ctrl Pts',(-2.15215306085566,-0.0426607188710577,
-15.850352965205));
#6307=CARTESIAN_POINT('Ctrl Pts',(-1.2029245411691,1.78509251371969,-15.961498666008));
#6308=CARTESIAN_POINT('Ctrl Pts',(0.847496157832502,1.97872004001175,-16.072644366811));
#6309=CARTESIAN_POINT('Ctrl Pts',(2.12209417713577,0.360969579952969,-16.1837900676139));
#6310=CARTESIAN_POINT('Ctrl Pts',(1.45406534691047,-1.58722295258074,-16.2949357684169));
#6311=CARTESIAN_POINT('Ctrl Pts',(-0.545057274679894,-2.08242534118357,
-16.4060814692198));
#6312=CARTESIAN_POINT('Ctrl Pts',(-2.04521858355736,-0.671314888674886,
-16.5172271700228));
#6313=CARTESIAN_POINT('Ctrl Pts',(-1.67312720149354,1.35433677566083,-16.6283728708258));
#6314=CARTESIAN_POINT('Ctrl Pts',(0.230593577284849,2.14018908893583,-16.7395185716287));
#6315=CARTESIAN_POINT('Ctrl Pts',(1.9232222757075,0.966849943118081,-16.8506642724317));
#6316=CARTESIAN_POINT('Ctrl Pts',(1.85527725847936,-1.09157181552764,-16.9618099732346));
#6317=CARTESIAN_POINT('Ctrl Pts',(0.0889573743514249,-2.15073692483146,
-17.0729556740376));
#6318=CARTESIAN_POINT('Ctrl Pts',(-1.75879668255761,-1.24105477869002,-17.1841013748406));
#6319=CARTESIAN_POINT('Ctrl Pts',(-1.99649700329845,0.804725077343365,-17.2952470756435));
#6320=CARTESIAN_POINT('Ctrl Pts',(-0.406545787458715,2.11383614714682,-17.4063927764465));
#6321=CARTESIAN_POINT('Ctrl Pts',(1.55556928933933,1.48788000872022,-17.5175384772494));
#6322=CARTESIAN_POINT('Ctrl Pts',(2.09367090795463,-0.500124847882451,-17.6286841780524));
#6323=CARTESIAN_POINT('Ctrl Pts',(0.715165165929999,-2.03030084463493,-17.7398298788554));
#6324=CARTESIAN_POINT('Ctrl Pts',(-1.31802360955845,-1.70188028337233,-17.8509755796583));
#6325=CARTESIAN_POINT('Ctrl Pts',(-2.14465516443539,0.184491083647963,-17.9621212804613));
#6326=CARTESIAN_POINT('Ctrl Pts',(-1.00800688456173,1.90197393645685,-18.0732669812642));
#6327=CARTESIAN_POINT('Ctrl Pts',(1.0514002716886,1.87833442256115,-18.1844126820672));
#6328=CARTESIAN_POINT('Ctrl Pts',(2.14832498046306,0.135212841858202,-18.2955583828701));
#6329=CARTESIAN_POINT('Ctrl Pts',(1.27861039795337,-1.73168651450847,-18.4067040836732));
#6330=CARTESIAN_POINT('Ctrl Pts',(-0.761581402727238,-2.01334957255439,
-18.5178497844761));
#6331=CARTESIAN_POINT('Ctrl Pts',(-2.10459939416795,-0.451933761023489,
-18.6289954852791));
#6332=CARTESIAN_POINT('Ctrl Pts',(-1.52100577022295,1.52319538511429,-18.740141186082));
#6333=CARTESIAN_POINT('Ctrl Pts',(0.454960859292936,2.10394708840228,-18.851286886885));
#6334=CARTESIAN_POINT('Ctrl Pts',(2.01444306023367,0.7586843160112,-18.9624325876879));
#6335=CARTESIAN_POINT('Ctrl Pts',(1.72984538111069,-1.28110018801615,-19.0735782884909));
#6336=CARTESIAN_POINT('Ctrl Pts',(-0.138303169168392,-2.14812824749431,
-19.1847239892938));
#6337=CARTESIAN_POINT('Ctrl Pts',(-1.87984496810899,-1.04869711078091,-19.2958696900968));
#6338=CARTESIAN_POINT('Ctrl Pts',(-1.9005219028292,1.01074192114082,-19.4070153908998));
#6339=CARTESIAN_POINT('Ctrl Pts',(-0.181405704741193,2.14491834449993,-19.5181610917027));
#6340=CARTESIAN_POINT('Ctrl Pts',(1.7037745617962,1.31557401040807,-19.6293067925057));
#6341=CARTESIAN_POINT('Ctrl Pts',(2.02926994490566,-0.718085109849484,-19.7404524933086));
#6342=CARTESIAN_POINT('Ctrl Pts',(0.497112485653597,-2.09438819488945,-19.8515981941116));
#6343=CARTESIAN_POINT('Ctrl Pts',(-1.49011622928138,-1.55342729392695,-19.9627438949146));
#6344=CARTESIAN_POINT('Ctrl Pts',(-2.11324912457306,0.409586220198126,-20.0738895957175));
#6345=CARTESIAN_POINT('Ctrl Pts',(-0.801852189205037,1.99765257263421,-20.1850352965205));
#6346=CARTESIAN_POINT('Ctrl Pts',(1.24358360687245,1.75700954664539,-20.2961809973235));
#6347=CARTESIAN_POINT('Ctrl Pts',(2.15060673004743,-0.0920512192187424,
-20.4073266981264));
#6348=CARTESIAN_POINT('Ctrl Pts',(1.08890178187649,-1.85684561655276,-20.5184723989294));
#6349=CARTESIAN_POINT('Ctrl Pts',(-0.969615589024864,-1.92182942630322,
-20.6296180997324));
#6350=CARTESIAN_POINT('Ctrl Pts',(-2.1405185942417,-0.22751457533647,-20.7407638005353));
#6351=CARTESIAN_POINT('Ctrl Pts',(-1.35192850160671,1.67507374787752,-20.8519095013383));
#6352=CARTESIAN_POINT('Ctrl Pts',(0.674256337840555,2.04425074909289,-20.9630552021412));
#6353=CARTESIAN_POINT('Ctrl Pts',(2.08320727717796,0.542061043239323,-21.0742009029442));
#6354=CARTESIAN_POINT('Ctrl Pts',(1.58512956840829,-1.45634713775346,-21.1853466037471));
#6355=CARTESIAN_POINT('Ctrl Pts',(-0.364021939417641,-2.12157270955007,
-21.2964923045501));
#6356=CARTESIAN_POINT('Ctrl Pts',(-1.97993715596615,-0.844648798442093,
-21.4076380053531));
#6357=CARTESIAN_POINT('Ctrl Pts',(-1.78336020275125,1.20549123660357,-21.518783706156));
#6358=CARTESIAN_POINT('Ctrl Pts',(0.0457566488206903,2.15208946453759,-21.629929406959));
#6359=CARTESIAN_POINT('Ctrl Pts',(1.83298653067129,1.12860228276511,-21.7410751077619));
#6360=CARTESIAN_POINT('Ctrl Pts',(1.94224712742994,-0.928040317160369,-21.8522208085649));
#6361=CARTESIAN_POINT('Ctrl Pts',(0.273518104869373,-2.1351277668078,-21.9633665093679));
#6362=CARTESIAN_POINT('Ctrl Pts',(-1.64559736145805,-1.38765703913007,-22.0745122101709));
#6363=CARTESIAN_POINT('Ctrl Pts',(-2.05828504888431,0.630115379771255,-22.1856579109738));
#6364=CARTESIAN_POINT('Ctrl Pts',(-0.586758622240164,2.07106181788758,-22.2968036117768));
#6365=CARTESIAN_POINT('Ctrl Pts',(1.42190374588922,1.61609791526107,-22.4079493125797));
#6366=CARTESIAN_POINT('Ctrl Pts',(2.12891398944706,-0.318289113576888,-22.5190950133827));
#6367=CARTESIAN_POINT('Ctrl Pts',(0.887054328550964,-1.96130501260869,-22.6302407141856));
#6368=CARTESIAN_POINT('Ctrl Pts',(-1.16684071428069,-1.80888514886433,-22.7413864149886));
#6369=CARTESIAN_POINT('Ctrl Pts',(-2.15257576444686,-0.000559107270584095,
-22.8525321157916));
#6370=CARTESIAN_POINT('Ctrl Pts',(-1.1677802317984,1.80827875741154,-22.9636778165945));
#6371=CARTESIAN_POINT('Ctrl Pts',(0.886035355229635,1.961765552651,-23.0748235173975));
#6372=CARTESIAN_POINT('Ctrl Pts',(2.12874835819431,0.319394993339,-23.1859692182004));
#6373=CARTESIAN_POINT('Ctrl Pts',(1.42274308038045,-1.61535905033975,-23.2971149190034));
#6374=CARTESIAN_POINT('Ctrl Pts',(-0.585682673257194,-2.07136634628723,
-23.4082606198063));
#6375=CARTESIAN_POINT('Ctrl Pts',(-2.05795744046277,-0.631184527320586,
-23.5194063206094));
#6376=CARTESIAN_POINT('Ctrl Pts',(-1.6463179958938,1.38680200125368,-23.6305520214123));
#6377=CARTESIAN_POINT('Ctrl Pts',(0.272408917338806,2.13526956519295,-23.7416977222152));
#6378=CARTESIAN_POINT('Ctrl Pts',(1.94176476939274,0.929049145433164,-23.8528434230182));
#6379=CARTESIAN_POINT('Ctrl Pts',(1.8335725667311,-1.12764993540374,-23.9639891238212));
#6380=CARTESIAN_POINT('Ctrl Pts',(0.0468746044907623,-2.15206540461456,
-24.0751348246241));
#6381=CARTESIAN_POINT('Ctrl Pts',(-1.78273373666958,-1.20641748927355,-24.1862805254271));
#6382=CARTESIAN_POINT('Ctrl Pts',(-1.98037566477984,0.843620151865052,-24.2974262262301));
#6383=CARTESIAN_POINT('Ctrl Pts',(-0.365123999380079,2.1213833221183,-24.408571927033));
#6384=CARTESIAN_POINT('Ctrl Pts',(1.58437281510175,1.45717038024093,-24.519717627836));
#6385=CARTESIAN_POINT('Ctrl Pts',(2.08348858455665,-0.540978790995716,-24.6308633286389));
#6386=CARTESIAN_POINT('Ctrl Pts',(0.675318188932349,-2.04390021233473,-24.7420090294419));
#6387=CARTESIAN_POINT('Ctrl Pts',(-1.3510581562343,-1.67577581816824,-24.8531547302448));
#6388=CARTESIAN_POINT('Ctrl Pts',(-2.14063649410572,0.226402593600019,-24.9643004310478));
#6389=CARTESIAN_POINT('Ctrl Pts',(-0.97061380515322,1.92132547360667,-25.0754461318507));
#6390=CARTESIAN_POINT('Ctrl Pts',(1.08793704561501,1.85741102588036,-25.1865918326538));
#6391=CARTESIAN_POINT('Ctrl Pts',(2.15055862134297,0.0931683983950942,-25.2977375334567));
#6392=CARTESIAN_POINT('Ctrl Pts',(1.24449616582912,-1.7563632959933,-25.4088832342596));
#6393=CARTESIAN_POINT('Ctrl Pts',(-0.800814345637877,-1.99806884718686,
-25.5200289350626));
#6394=CARTESIAN_POINT('Ctrl Pts',(-2.11303606866165,-0.410683950097016,
-25.6311746358656));
#6395=CARTESIAN_POINT('Ctrl Pts',(-1.49092299857538,1.55265300261555,-25.7423203366685));
#6396=CARTESIAN_POINT('Ctrl Pts',(0.496024431199084,2.09464615100428,-25.8534660374715));
#6397=CARTESIAN_POINT('Ctrl Pts',(2.02889664219151,0.719139172829408,-25.9646117382745));
#6398=CARTESIAN_POINT('Ctrl Pts',(1.70445774272676,-1.31468876049971,-26.0757574390774));
#6399=CARTESIAN_POINT('Ctrl Pts',(-0.180291443367828,-2.14501229128629,
-26.1869031398804));
#6400=CARTESIAN_POINT('Ctrl Pts',(-1.89999658935491,-1.01172906288162,-26.2980488406833));
#6401=CARTESIAN_POINT('Ctrl Pts',(-1.88038948787282,1.0477204321837,-26.4091945414863));
#6402=CARTESIAN_POINT('Ctrl Pts',(-0.139419056573347,2.14805611250447,-26.5203402422892));
#6403=CARTESIAN_POINT('Ctrl Pts',(1.72917964888753,1.28199863031598,-26.6314859430922));
#6404=CARTESIAN_POINT('Ctrl Pts',(2.01483690058854,-0.757637755181009,-26.7426316438952));
#6405=CARTESIAN_POINT('Ctrl Pts',(0.456053764577918,-2.10371046418623,-26.8537773446981));
#6406=CARTESIAN_POINT('Ctrl Pts',(-1.52021432551137,-1.5239853047638,-26.9649230455011));
#6407=CARTESIAN_POINT('Ctrl Pts',(-2.1048338298799,0.450840402593901,-27.0760687463041));
#6408=CARTESIAN_POINT('Ctrl Pts',(-0.76262728420171,2.01295368727978,-27.187214447107));
#6409=CARTESIAN_POINT('Ctrl Pts',(1.27771083361386,1.73235046966464,-27.29836014791));
#6410=CARTESIAN_POINT('Ctrl Pts',(2.14839458748161,-0.134096778492679,-27.4095058487129));
#6411=CARTESIAN_POINT('Ctrl Pts',(1.05237653550084,-1.8777880644026,-27.5206515495159));
#6412=CARTESIAN_POINT('Ctrl Pts',(-1.0070199602729,-1.9024971757809,-27.6317972503188));
#6413=CARTESIAN_POINT('Ctrl Pts',(-2.14455666688144,-0.185605426844621,
-27.7429429511219));
#6414=CARTESIAN_POINT('Ctrl Pts',(-1.31891203160609,1.70119588096568,-27.8540886519248));
#6415=CARTESIAN_POINT('Ctrl Pts',(0.714118964992997,2.03067111033539,-27.9652343527278));
#6416=CARTESIAN_POINT('Ctrl Pts',(2.09339446279462,0.501214246973636,-28.0763800535307));
#6417=CARTESIAN_POINT('Ctrl Pts',(1.55637315090731,-1.48707525119436,-28.1875257543337));
#6418=CARTESIAN_POINT('Ctrl Pts',(-0.405506962191323,-2.11404033841371,
-28.2986714551367));
#6419=CARTESIAN_POINT('Ctrl Pts',(-1.99596573517085,-0.805774890122717,
-28.4098171559396));
#6420=CARTESIAN_POINT('Ctrl Pts',(-1.75965628863856,1.24016530136252,-28.5209628567426));
#6421=CARTESIAN_POINT('Ctrl Pts',(0.0882501161895999,2.1507365101987,-28.6321085575455));
#6422=CARTESIAN_POINT('Ctrl Pts',(1.85392632833026,1.09262347758974,-28.7432542583485));
#6423=CARTESIAN_POINT('Ctrl Pts',(1.92524138999644,-0.966016664066028,-28.8543999591514));
#6424=CARTESIAN_POINT('Ctrl Pts',(0.228601729853458,-2.1397671516556,-28.9655456599544));
#6425=CARTESIAN_POINT('Ctrl Pts',(-1.03365322015858,-1.61709283500025,-29.039642793823));
#6426=CARTESIAN_POINT('Ctrl Pts',(-1.41493820933253,-1.14655915309619,-29.0766913607574));
#6427=CARTESIAN_POINT('Ctrl Pts',(-0.980771099081332,-1.3742479745851,-3.92330863924264));
#6428=CARTESIAN_POINT('Ctrl Pts',(-1.43777335901448,-1.04809533179687,-3.96035720617696));
#6429=CARTESIAN_POINT('Ctrl Pts',(-1.9929398568735,0.0902893214940451,-4.03445434004561));
#6430=CARTESIAN_POINT('Ctrl Pts',(-1.00296946145104,1.7267443014256,-4.14560004084857));
#6431=CARTESIAN_POINT('Ctrl Pts',(0.905989191941584,1.7774000000702,-4.25674574165153));
#6432=CARTESIAN_POINT('Ctrl Pts',(1.98513682850869,0.203524176154237,-4.36789144245449));
#6433=CARTESIAN_POINT('Ctrl Pts',(1.24726464257743,-1.55799007297064,-4.47903714325745));
#6434=CARTESIAN_POINT('Ctrl Pts',(-0.632511937268277,-1.89257981568174,
-4.59018284406041));
#6435=CARTESIAN_POINT('Ctrl Pts',(-1.93320459144781,-0.495011633565131,
-4.70132854486337));
#6436=CARTESIAN_POINT('Ctrl Pts',(-1.46421907178703,1.35589617081099,-4.81247424566633));
#6437=CARTESIAN_POINT('Ctrl Pts',(0.345172923295424,1.96547651967138,-4.92361994646929));
#6438=CARTESIAN_POINT('Ctrl Pts',(1.83857428718148,0.775855210406115,-5.03476564727225));
#6439=CARTESIAN_POINT('Ctrl Pts',(1.64889604345886,-1.12403430792666,-5.14591134807521));
#6440=CARTESIAN_POINT('Ctrl Pts',(-0.0502322476498265,-1.99493549758474,
-5.25705704887817));
#6441=CARTESIAN_POINT('Ctrl Pts',(-1.70337513166565,-1.03962224876498,-5.36820274968114));
#6442=CARTESIAN_POINT('Ctrl Pts',(-1.79719948791982,0.867395519655628,-5.47934845048409));
#6443=CARTESIAN_POINT('Ctrl Pts',(-0.245814690294288,1.98037204287611,-5.59049415128705));
#6444=CARTESIAN_POINT('Ctrl Pts',(1.53059584347815,1.28045939614406,-5.70163985209002));
#6445=CARTESIAN_POINT('Ctrl Pts',(1.90585444136019,-0.591623677429054,-5.81278555289297));
#6446=CARTESIAN_POINT('Ctrl Pts',(0.536438291596449,-1.92211689066953,-5.92393125369594));
#6447=CARTESIAN_POINT('Ctrl Pts',(-1.3240490744151,-1.49304845039702,-6.03507695449889));
#6448=CARTESIAN_POINT('Ctrl Pts',(-1.9724633484993,0.302800134442195,-6.14622265530186));
#6449=CARTESIAN_POINT('Ctrl Pts',(-0.815227186195882,1.82145660808578,-6.25736835610481));
#6450=CARTESIAN_POINT('Ctrl Pts',(1.08829169474018,1.67269864700392,-6.36851405690778));
#6451=CARTESIAN_POINT('Ctrl Pts',(1.99555664663257,-0.00729641172825206,
-6.47965975771074));
#6452=CARTESIAN_POINT('Ctrl Pts',(1.07603089071346,-1.68061211613129,-6.5908054585137));
#6453=CARTESIAN_POINT('Ctrl Pts',(-0.828524898504612,-1.81544651820871,
-6.70195115931667));
#6454=CARTESIAN_POINT('Ctrl Pts',(-1.97462485196352,-0.288368271967093,
-6.81309686011961));
#6455=CARTESIAN_POINT('Ctrl Pts',(-1.31309567338543,1.50269069282202,-6.92424256092259));
#6456=CARTESIAN_POINT('Ctrl Pts',(0.550479549341162,1.91814280809872,-7.03538826172554));
#6457=CARTESIAN_POINT('Ctrl Pts',(1.91012975116484,0.577671100138102,-7.14653396252851));
#6458=CARTESIAN_POINT('Ctrl Pts',(1.52119151580869,-1.29161756662232,-7.25767966333146));
#6459=CARTESIAN_POINT('Ctrl Pts',(-0.26028976202792,-1.97852187404198,-7.36882536413442));
#6460=CARTESIAN_POINT('Ctrl Pts',(-1.80349420662732,-0.854229601977163,
-7.47997106493739));
#6461=CARTESIAN_POINT('Ctrl Pts',(-1.69572749899469,1.05204934075531,-7.59111676574035));
#6462=CARTESIAN_POINT('Ctrl Pts',(-0.0356424237232645,1.995251659284,-7.70226246654331));
#6463=CARTESIAN_POINT('Ctrl Pts',(1.65707076487843,1.11194246542805,-7.81340816734626));
#6464=CARTESIAN_POINT('Ctrl Pts',(1.8328530867419,-0.789271264305314,-7.92455386814923));
#6465=CARTESIAN_POINT('Ctrl Pts',(0.330788281975323,-1.96796307860362,-8.03569956895218));
#6466=CARTESIAN_POINT('Ctrl Pts',(-1.47408975558674,-1.34512414249106,-8.14684526975516));
#6467=CARTESIAN_POINT('Ctrl Pts',(-1.92954307455172,0.509080631813597,-8.2579909705581));
#6468=CARTESIAN_POINT('Ctrl Pts',(-0.618636434410052,1.8972581606779,-8.36913667136107));
#6469=CARTESIAN_POINT('Ctrl Pts',(1.25858802542598,1.54863028140761,-8.48028237216403));
#6470=CARTESIAN_POINT('Ctrl Pts',(1.983664330373,-0.217658885975618,-8.59142807296699));
#6471=CARTESIAN_POINT('Ctrl Pts',(0.892836501491316,-1.78469676635643,-8.70257377376996));
#6472=CARTESIAN_POINT('Ctrl Pts',(-1.01531987893336,-1.71797121910731,-8.81371947457291));
#6473=CARTESIAN_POINT('Ctrl Pts',(-1.99402285482619,-0.0785647546240252,
-8.92486517537588));
#6474=CARTESIAN_POINT('Ctrl Pts',(-1.14733920174891,1.6327621756914,-9.03601087617883));
#6475=CARTESIAN_POINT('Ctrl Pts',(0.749652191130201,1.84941103018556,-9.1471565769818));
#6476=CARTESIAN_POINT('Ctrl Pts',(1.96039012269356,0.373055134107387,-9.25830227778476));
#6477=CARTESIAN_POINT('Ctrl Pts',(1.37652980836979,-1.44480630290283,-9.36944797858772));
#6478=CARTESIAN_POINT('Ctrl Pts',(-0.467446005881888,-1.94004994724966,
-9.48059367939067));
#6479=CARTESIAN_POINT('Ctrl Pts',(-1.88350812454222,-0.659315335042164,
-9.59173938019364));
#6480=CARTESIAN_POINT('Ctrl Pts',(-1.57535201883541,1.22497574791893,-9.70288508099659));
#6481=CARTESIAN_POINT('Ctrl Pts',(0.174927232121857,1.9878883343137,-9.81403078179957));
#6482=CARTESIAN_POINT('Ctrl Pts',(1.76507299725414,0.93103001058108,-9.92517648260251));
#6483=CARTESIAN_POINT('Ctrl Pts',(1.73941950484746,-0.97812031590932,-10.0363221834055));
#6484=CARTESIAN_POINT('Ctrl Pts',(0.121450709417276,-1.99187080188962,-10.1474678842084));
#6485=CARTESIAN_POINT('Ctrl Pts',(-1.607697604599,-1.18220471087074,-10.2586135850114));
#6486=CARTESIAN_POINT('Ctrl Pts',(-1.86511268157667,0.709686023013134,-10.3697592858143));
#6487=CARTESIAN_POINT('Ctrl Pts',(-0.415149258738007,1.95190949052655,-10.4809049866173));
#6488=CARTESIAN_POINT('Ctrl Pts',(1.41485389338113,1.40729812997197,-10.5920506874203));
#6489=CARTESIAN_POINT('Ctrl Pts',(1.94965856135384,-0.425594948722401,-10.7031963882232));
#6490=CARTESIAN_POINT('Ctrl Pts',(0.699688967417389,-1.86888600912755,-10.8143420890262));
#6491=CARTESIAN_POINT('Ctrl Pts',(-1.19079629687376,-1.60134435571805,-10.9254877898292));
#6492=CARTESIAN_POINT('Ctrl Pts',(-1.99119193010603,0.132114585564899,-11.0366334906321));
#6493=CARTESIAN_POINT('Ctrl Pts',(-0.968792445352763,1.74463198528106,-11.1477791914351));
#6494=CARTESIAN_POINT('Ctrl Pts',(0.940467875380396,1.76006242548831,-11.258924892238));
#6495=CARTESIAN_POINT('Ctrl Pts',(1.98879649689041,0.16428043156371,-11.370070593041));
#6496=CARTESIAN_POINT('Ctrl Pts',(1.21652284978562,-1.58188865669737,-11.481216293844));
#6497=CARTESIAN_POINT('Ctrl Pts',(-0.669391264609027,-1.87995077092552,
-11.5923619946469));
#6498=CARTESIAN_POINT('Ctrl Pts',(-1.94252510870269,-0.457051165951807,
-11.7035076954499));
#6499=CARTESIAN_POINT('Ctrl Pts',(-1.43741486131946,1.38424639522605,-11.8146533962528));
#6500=CARTESIAN_POINT('Ctrl Pts',(0.38354683770835,1.95836446799932,-11.9257990970558));
#6501=CARTESIAN_POINT('Ctrl Pts',(1.85339858458988,0.739738638222013,-12.0369447978588));
#6502=CARTESIAN_POINT('Ctrl Pts',(1.62659525739634,-1.15606549764883,-12.1480904986617));
#6503=CARTESIAN_POINT('Ctrl Pts',(-0.0892407689014763,-1.99357358815876,
-12.2592361994647));
#6504=CARTESIAN_POINT('Ctrl Pts',(-1.7233831947887,-1.00610632149799,-12.3703819002677));
#6505=CARTESIAN_POINT('Ctrl Pts',(-1.77989042319305,0.902379990726734,-12.4815276010706));
#6506=CARTESIAN_POINT('Ctrl Pts',(-0.207034090560519,1.98480136325631,-12.5926733018736));
#6507=CARTESIAN_POINT('Ctrl Pts',(1.55534728173517,1.25027772892161,-12.7038190026765));
#6508=CARTESIAN_POINT('Ctrl Pts',(1.89391842807843,-0.628786572712302,-12.8149647034795));
#6509=CARTESIAN_POINT('Ctrl Pts',(0.498741454831647,-1.93224132226561,-12.9261104042825));
#6510=CARTESIAN_POINT('Ctrl Pts',(-1.35299797995328,-1.46686605812551,-13.0372561050854));
#6511=CARTESIAN_POINT('Ctrl Pts',(-1.96616363628191,0.341321141450397,-13.1484018058884));
#6512=CARTESIAN_POINT('Ctrl Pts',(-0.779445804139156,1.83705302173024,-13.2595475066913));
#6513=CARTESIAN_POINT('Ctrl Pts',(1.12079943088108,1.65109303250149,-13.3706932074943));
#6514=CARTESIAN_POINT('Ctrl Pts',(1.99503220574526,-0.0463256330505171,
-13.4818389082973));
#6515=CARTESIAN_POINT('Ctrl Pts',(1.0429543623946,-1.70133646413648,-13.5929846091002));
#6516=CARTESIAN_POINT('Ctrl Pts',(-0.863874296942626,-1.79889431744064,
-13.7041303099032));
#6517=CARTESIAN_POINT('Ctrl Pts',(-1.97988725076604,-0.249691891122681,
-13.8152760107061));
#6518=CARTESIAN_POINT('Ctrl Pts',(-1.28345371950052,1.52808576858061,-13.9264217115091));
#6519=CARTESIAN_POINT('Ctrl Pts',(0.587890747619044,1.90700918589876,-14.0375674123121));
#6520=CARTESIAN_POINT('Ctrl Pts',(1.92106289269039,0.540200822441411,-14.148713113115));
#6521=CARTESIAN_POINT('Ctrl Pts',(1.49563808425122,-1.32112311582822,-14.259858813918));
#6522=CARTESIAN_POINT('Ctrl Pts',(-0.298937410782565,-1.97305245512453,
-14.3710045147209));
#6523=CARTESIAN_POINT('Ctrl Pts',(-1.81985688867456,-0.818792080434395,
-14.4821502155239));
#6524=CARTESIAN_POINT('Ctrl Pts',(-1.67482633836829,1.08501442504062,-14.5932959163269));
#6525=CARTESIAN_POINT('Ctrl Pts',(0.00338904806211894,1.99556710751394,
-14.7044416171298));
#6526=CARTESIAN_POINT('Ctrl Pts',(1.67850200113647,1.07931950710584,-14.8155873179328));
#6527=CARTESIAN_POINT('Ctrl Pts',(1.81706530927651,-0.824968622471289,-14.9267330187358));
#6528=CARTESIAN_POINT('Ctrl Pts',(0.292234082348458,-1.97405643469286,-15.0378787195387));
#6529=CARTESIAN_POINT('Ctrl Pts',(-1.50011673953164,-1.31603546077424,-15.1490244203417));
#6530=CARTESIAN_POINT('Ctrl Pts',(-1.91921698326128,0.546722724422327,-15.2601701211446));
#6531=CARTESIAN_POINT('Ctrl Pts',(-0.581410072763322,1.90899499567906,-15.3713158219476));
#6532=CARTESIAN_POINT('Ctrl Pts',(1.28863656116712,1.52371761801907,-15.4824615227505));
#6533=CARTESIAN_POINT('Ctrl Pts',(1.97902773494912,-0.256415269710106,-15.5936072235535));
#6534=CARTESIAN_POINT('Ctrl Pts',(0.857759249468076,-1.80181814736956,-15.7047529243565));
#6535=CARTESIAN_POINT('Ctrl Pts',(-1.04872704887045,-1.69778418628688,-15.8158986251594));
#6536=CARTESIAN_POINT('Ctrl Pts',(-1.99517804580103,-0.0395491060825735,
-15.9270443259624));
#6537=CARTESIAN_POINT('Ctrl Pts',(-1.11518491827981,1.65489037832709,-16.0381900267654));
#6538=CARTESIAN_POINT('Ctrl Pts',(0.785680980950198,1.83439498538659,-16.1493357275683));
#6539=CARTESIAN_POINT('Ctrl Pts',(1.9673116147511,0.334640966864101,-16.2604814283713));
#6540=CARTESIAN_POINT('Ctrl Pts',(1.34800786713676,-1.47145314447173,-16.3716271291742));
#6541=CARTESIAN_POINT('Ctrl Pts',(-0.505301564245161,-1.93053616785849,
-16.4827728299772));
#6542=CARTESIAN_POINT('Ctrl Pts',(-1.89604321876416,-0.62235012558589,-16.5939185307801));
#6543=CARTESIAN_POINT('Ctrl Pts',(-1.55109165838106,1.25555335750378,-16.7050642315831));
#6544=CARTESIAN_POINT('Ctrl Pts',(0.213774406323333,1.98408670915347,-16.8162099323861));
#6545=CARTESIAN_POINT('Ctrl Pts',(1.78294514989629,0.896329269130281,-16.927355633189));
#6546=CARTESIAN_POINT('Ctrl Pts',(1.71995594659066,-1.01195410371507,-17.038501333992));
#6547=CARTESIAN_POINT('Ctrl Pts',(0.0824689486757926,-1.99386520074519,
-17.1496470347949));
#6548=CARTESIAN_POINT('Ctrl Pts',(-1.630512528078,-1.15053398994512,-17.2607927355979));
#6549=CARTESIAN_POINT('Ctrl Pts',(-1.85087532199263,0.746029562870674,-17.3719384364009));
#6550=CARTESIAN_POINT('Ctrl Pts',(-0.376892909943923,1.95965591384618,-17.4830841372038));
#6551=CARTESIAN_POINT('Ctrl Pts',(1.4421082548739,1.37935613510901,-17.5942298380068));
#6552=CARTESIAN_POINT('Ctrl Pts',(1.94096149881765,-0.463646445414915,-17.7053755388098));
#6553=CARTESIAN_POINT('Ctrl Pts',(0.663002025338275,-1.88221355872167,-17.8165212396127));
#6554=CARTESIAN_POINT('Ctrl Pts',(-1.22188882262531,-1.57774753093823,-17.9276669404157));
#6555=CARTESIAN_POINT('Ctrl Pts',(-1.9882270353922,0.171034563682018,-18.0388126412186));
#6556=CARTESIAN_POINT('Ctrl Pts',(-0.934484281194354,1.76324663460306,-18.1499583420216));
#6557=CARTESIAN_POINT('Ctrl Pts',(0.974712615741292,1.7413313535778,-18.2611040428246));
#6558=CARTESIAN_POINT('Ctrl Pts',(1.99162918020416,0.125350607488245,-18.3722497436275));
#6559=CARTESIAN_POINT('Ctrl Pts',(1.18535035519979,-1.60537973752819,-18.4833954444305));
#6560=CARTESIAN_POINT('Ctrl Pts',(-0.706032727155348,-1.86649868856741,
-18.5945411452334));
#6561=CARTESIAN_POINT('Ctrl Pts',(-1.95109287662865,-0.418970348601483,
-18.7056868460364));
#6562=CARTESIAN_POINT('Ctrl Pts',(-1.41006575019299,1.41209565765603,-18.8168325468393));
#6563=CARTESIAN_POINT('Ctrl Pts',(0.421776654583781,1.95048814912741,-18.9279782476424));
#6564=CARTESIAN_POINT('Ctrl Pts',(1.86751241879445,0.703346949866744,-19.0391239484453));
#6565=CARTESIAN_POINT('Ctrl Pts',(1.60367289380906,-1.18765854347975,-19.1502696492483));
#6566=CARTESIAN_POINT('Ctrl Pts',(-0.128215530674049,-1.99144679666124,
-19.2614153500512));
#6567=CARTESIAN_POINT('Ctrl Pts',(-1.74273172205947,-0.972206619585524,
-19.3725610508542));
#6568=CARTESIAN_POINT('Ctrl Pts',(-1.76190051026448,0.937019828054921,-19.4837067516572));
#6569=CARTESIAN_POINT('Ctrl Pts',(-0.168174227970053,1.98847101947326,-19.5948524524601));
#6570=CARTESIAN_POINT('Ctrl Pts',(1.57950364336004,1.21961789378915,-19.7059981532631));
#6571=CARTESIAN_POINT('Ctrl Pts',(1.88125785136767,-0.665708992658078,-19.817143854066));
#6572=CARTESIAN_POINT('Ctrl Pts',(0.460853800647147,-1.94162646785303,-19.928289554869));
#6573=CARTESIAN_POINT('Ctrl Pts',(-1.38142924888991,-1.44012249359205,-20.0394352556719));
#6574=CARTESIAN_POINT('Ctrl Pts',(-1.95911170787272,0.379711577798712,-20.1505809564749));
#6575=CARTESIAN_POINT('Ctrl Pts',(-0.74336621914958,1.8519466057275,-20.2617266572779));
#6576=CARTESIAN_POINT('Ctrl Pts',(1.15287836895923,1.62885574334383,-20.3728723580808));
#6577=CARTESIAN_POINT('Ctrl Pts',(1.99374450218545,-0.0853371328530593,
-20.4840180588838));
#6578=CARTESIAN_POINT('Ctrl Pts',(1.00947881856037,-1.72140991083364,-20.5951637596867));
#6579=CARTESIAN_POINT('Ctrl Pts',(-0.898893192717254,-1.78165389296713,
-20.7063094604897));
#6580=CARTESIAN_POINT('Ctrl Pts',(-1.98439218080611,-0.21091998244339,-20.8174551612926));
#6581=CARTESIAN_POINT('Ctrl Pts',(-1.25332073956953,1.55289622641155,-20.9286008620956));
#6582=CARTESIAN_POINT('Ctrl Pts',(0.62507702958949,1.8951459767833,-21.0397465628986));
#6583=CARTESIAN_POINT('Ctrl Pts',(1.93126107054202,0.502523873708685,-21.1508922637015));
#6584=CARTESIAN_POINT('Ctrl Pts',(1.46951244879439,-1.35012322736728,-21.2620379645045));
#6585=CARTESIAN_POINT('Ctrl Pts',(-0.337470691525599,-1.96682818227713,
-21.3731836653074));
#6586=CARTESIAN_POINT('Ctrl Pts',(-1.83552332661635,-0.783041303946083,
-21.4843293661104));
#6587=CARTESIAN_POINT('Ctrl Pts',(-1.65328441968248,1.11756440256189,-21.5954750669134));
#6588=CARTESIAN_POINT('Ctrl Pts',(0.0424192232591866,1.99511908810889,-21.7066207677164));
#6589=CARTESIAN_POINT('Ctrl Pts',(1.69929107309416,1.04628362079353,-21.8177664685193));
#6590=CARTESIAN_POINT('Ctrl Pts',(1.80058235571205,-0.86035036266442,-21.9289121693223));
#6591=CARTESIAN_POINT('Ctrl Pts',(0.253568079283172,-1.97939455273752,-22.0400578701252));
#6592=CARTESIAN_POINT('Ctrl Pts',(-1.52556980612883,-1.28644328785467,-22.1512035709282));
#6593=CARTESIAN_POINT('Ctrl Pts',(-1.90815663450152,0.584155650872368,-22.2623492717312));
#6594=CARTESIAN_POINT('Ctrl Pts',(-0.543961274210058,1.92000148395727,-22.3734949725341));
#6595=CARTESIAN_POINT('Ctrl Pts',(1.31819208802576,1.49822200801638,-22.4846406733371));
#6596=CARTESIAN_POINT('Ctrl Pts',(1.97363399955146,-0.295073553631683,-22.5957863741401));
#6597=CARTESIAN_POINT('Ctrl Pts',(0.822353834375554,-1.81825018557023,-22.706932074943));
#6598=CARTESIAN_POINT('Ctrl Pts',(-1.08173299493576,-1.676947612153,-22.818077775746));
#6599=CARTESIAN_POINT('Ctrl Pts',(-1.99556991798726,-0.000518326773269189,
-22.9292234765489));
#6600=CARTESIAN_POINT('Ctrl Pts',(-1.08260398536819,1.67638545003923,-23.0403691773519));
#6601=CARTESIAN_POINT('Ctrl Pts',(0.821409183533977,1.8186771344701,-23.1515148781548));
#6602=CARTESIAN_POINT('Ctrl Pts',(1.97348044920914,0.296098772080584,-23.2626605789578));
#6603=CARTESIAN_POINT('Ctrl Pts',(1.31897020264064,-1.49753703486239,-23.3738062797608));
#6604=CARTESIAN_POINT('Ctrl Pts',(-0.542963803431401,-1.9202838004841,-23.4849519805637));
#6605=CARTESIAN_POINT('Ctrl Pts',(-1.90785292137711,-0.585146816304382,
-23.5960976813667));
#6606=CARTESIAN_POINT('Ctrl Pts',(-1.5262378785032,1.28565061523743,-23.7072433821696));
#6607=CARTESIAN_POINT('Ctrl Pts',(0.252539794329792,1.97952600854806,-23.8183890829726));
#6608=CARTESIAN_POINT('Ctrl Pts',(1.80013518019111,0.861285608423023,-23.9295347837756));
#6609=CARTESIAN_POINT('Ctrl Pts',(1.69983436450868,-1.04540073630818,-24.0406804845785));
#6610=CARTESIAN_POINT('Ctrl Pts',(0.0434556368163154,-1.99509678308277,
-24.1518261853815));
#6611=CARTESIAN_POINT('Ctrl Pts',(-1.65270364715499,-1.11842309566592,-24.2629718861845));
#6612=CARTESIAN_POINT('Ctrl Pts',(-1.83592985121442,0.78208768540245,-24.3741175869874));
#6613=CARTESIAN_POINT('Ctrl Pts',(-0.338492368785638,1.96665260849806,-24.4852632877904));
#6614=CARTESIAN_POINT('Ctrl Pts',(1.46881089200882,1.35088642370651,-24.5964089885933));
#6615=CARTESIAN_POINT('Ctrl Pts',(1.93152185975648,-0.501520559420351,-24.7075546893963));
#6616=CARTESIAN_POINT('Ctrl Pts',(0.626061430757311,-1.89482100768286,-24.8187003901993));
#6617=CARTESIAN_POINT('Ctrl Pts',(-1.2525138759635,-1.5535470886835,-24.9298460910022));
#6618=CARTESIAN_POINT('Ctrl Pts',(-1.98450148122,0.20988910708957,-25.0409917918052));
#6619=CARTESIAN_POINT('Ctrl Pts',(-0.8998186003663,1.7811866978709,-25.1521374926081));
#6620=CARTESIAN_POINT('Ctrl Pts',(1.00858444880385,1.72193408000076,-25.2632831934111));
#6621=CARTESIAN_POINT('Ctrl Pts',(1.99369990246219,0.0863728265528302,-25.374428894214));
#6622=CARTESIAN_POINT('Ctrl Pts',(1.15372436715012,-1.62825662930465,-25.485574595017));
#6623=CARTESIAN_POINT('Ctrl Pts',(-0.74240407443134,-1.85233251780023,-25.59672029582));
#6624=CARTESIAN_POINT('Ctrl Pts',(-1.95891419195959,-0.380729240823943,
-25.7078659966229));
#6625=CARTESIAN_POINT('Ctrl Pts',(-1.38217717356721,1.43940467799901,-25.8190116974259));
#6626=CARTESIAN_POINT('Ctrl Pts',(0.459845107353002,1.94186560901194,-25.9301573982288));
#6627=CARTESIAN_POINT('Ctrl Pts',(1.88091177682803,0.666686173767944,-26.0413030990318));
#6628=CARTESIAN_POINT('Ctrl Pts',(1.58013699403518,-1.21879721276303,-26.1524487998348));
#6629=CARTESIAN_POINT('Ctrl Pts',(-0.167141239252825,-1.98855811391326,
-26.2635945006378));
#6630=CARTESIAN_POINT('Ctrl Pts',(-1.76141351241558,-0.937934969066642,
-26.3747402014407));
#6631=CARTESIAN_POINT('Ctrl Pts',(-1.74323652531819,0.97130117855042,-26.4858859022437));
#6632=CARTESIAN_POINT('Ctrl Pts',(-0.129250026822411,1.99137992309603,-26.5970316030466));
#6633=CARTESIAN_POINT('Ctrl Pts',(1.60305571915717,1.18849145466288,-26.7081773038496));
#6634=CARTESIAN_POINT('Ctrl Pts',(1.8678775329882,-0.702376723710366,-26.8193230046526));
#6635=CARTESIAN_POINT('Ctrl Pts',(0.422789844895652,-1.95026878394861,-26.9304687054555));
#6636=CARTESIAN_POINT('Ctrl Pts',(-1.40933203234464,-1.4128279616782,-27.0416144062585));
#6637=CARTESIAN_POINT('Ctrl Pts',(-1.95131021292976,0.417956738196739,-27.1527601070614));
#6638=CARTESIAN_POINT('Ctrl Pts',(-0.707002323507254,1.86613167860749,-27.2639058078644));
#6639=CARTESIAN_POINT('Ctrl Pts',(1.18451640381697,1.60599526472985,-27.3750515086673));
#6640=CARTESIAN_POINT('Ctrl Pts',(1.99169371018475,-0.124315948213634,-27.4861972094703));
#6641=CARTESIAN_POINT('Ctrl Pts',(0.975617672245255,-1.74082484601428,-27.5973429102732));
#6642=CARTESIAN_POINT('Ctrl Pts',(-0.93356934177396,-1.76373170958733,-27.7084886110762));
#6643=CARTESIAN_POINT('Ctrl Pts',(-1.98813572211118,-0.172067628254458,
-27.8196343118792));
#6644=CARTESIAN_POINT('Ctrl Pts',(-1.22271244441933,1.57711304787975,-27.9307800126822));
#6645=CARTESIAN_POINT('Ctrl Pts',(0.662032132824986,1.88255681776312,-28.0419257134851));
#6646=CARTESIAN_POINT('Ctrl Pts',(1.94070521717849,0.464656385269825,-28.1530714142881));
#6647=CARTESIAN_POINT('Ctrl Pts',(1.44285348391063,-1.3786100754643,-28.264217115091));
#6648=CARTESIAN_POINT('Ctrl Pts',(-0.375929855129282,-1.95984521168948,
-28.375362815894));
#6649=CARTESIAN_POINT('Ctrl Pts',(-1.85038280381445,-0.747002803783614,
-28.4865085166969));
#6650=CARTESIAN_POINT('Ctrl Pts',(-1.63130943570137,1.14970938984185,-28.5976542174999));
#6651=CARTESIAN_POINT('Ctrl Pts',(0.0818132769287255,1.99386481635516,-28.7087999183028));
#6652=CARTESIAN_POINT('Ctrl Pts',(1.71870355138513,1.01292905902668,-28.8199456191059));
#6653=CARTESIAN_POINT('Ctrl Pts',(1.78481699283099,-0.895556768279351,-28.9310913199088));
#6654=CARTESIAN_POINT('Ctrl Pts',(0.211927841440102,-1.98369554738457,-29.0422370207118));
#6655=CARTESIAN_POINT('Ctrl Pts',(-0.958260009170498,-1.49914435971015,
-29.1163341545804));
#6656=CARTESIAN_POINT('Ctrl Pts',(-1.31173460790137,-1.06293074227736,-29.1533827215147));
#6657=CARTESIAN_POINT('Ctrl Pts',(-0.903606778650123,-1.2661259967229,-4.));
#6658=CARTESIAN_POINT('Ctrl Pts',(-1.32465338200217,-0.965634129482781,
-4.03704856693432));
#6659=CARTESIAN_POINT('Ctrl Pts',(-1.8361409362488,0.0831856108098174,-4.11114570080296));
#6660=CARTESIAN_POINT('Ctrl Pts',(-0.924058636102957,1.59088890080996,-4.22229140160592));
#6661=CARTESIAN_POINT('Ctrl Pts',(0.834708502309021,1.63755915110123,-4.33343710240888));
#6662=CARTESIAN_POINT('Ctrl Pts',(1.82895182827952,0.187511464565445,-4.44458280321185));
#6663=CARTESIAN_POINT('Ctrl Pts',(1.149133357273,-1.43541178193827,-4.5557285040148));
#6664=CARTESIAN_POINT('Ctrl Pts',(-0.582747671325212,-1.74367694173325,
-4.66687420481776));
#6665=CARTESIAN_POINT('Ctrl Pts',(-1.78110547403577,-0.456065506028017,
-4.77801990562072));
#6666=CARTESIAN_POINT('Ctrl Pts',(-1.3490184202358,1.24921806141941,-4.88916560642369));
#6667=CARTESIAN_POINT('Ctrl Pts',(0.318015685401356,1.81083833742281,-5.00031130722664));
#6668=CARTESIAN_POINT('Ctrl Pts',(1.69392041680795,0.714813097603225,-5.11145700802961));
#6669=CARTESIAN_POINT('Ctrl Pts',(1.51916552552832,-1.0355984398696,-5.22260270883256));
#6670=CARTESIAN_POINT('Ctrl Pts',(-0.0462801152335012,-1.83797956554378,
-5.33374840963554));
#6671=CARTESIAN_POINT('Ctrl Pts',(-1.56935835181,-0.957827684869093,-5.44489411043848));
#6672=CARTESIAN_POINT('Ctrl Pts',(-1.65580087075577,0.799151271959086,-5.55603981124145));
#6673=CARTESIAN_POINT('Ctrl Pts',(-0.226474679616689,1.82456192262218,-5.66718551204441));
#6674=CARTESIAN_POINT('Ctrl Pts',(1.41017285362105,1.17971644069228,-5.77833121284737));
#6675=CARTESIAN_POINT('Ctrl Pts',(1.75590715707945,-0.545076385137699,-5.88947691365033));
#6676=CARTESIAN_POINT('Ctrl Pts',(0.494232830747297,-1.77089012246976,-6.00062261445328));
#6677=CARTESIAN_POINT('Ctrl Pts',(-1.2198766052829,-1.37557958416147,-6.11176831525626));
#6678=CARTESIAN_POINT('Ctrl Pts',(-1.8172754621465,0.278976668780705,-6.22291401605921));
#6679=CARTESIAN_POINT('Ctrl Pts',(-0.751087396719309,1.67814950871317,-6.33405971686217));
#6680=CARTESIAN_POINT('Ctrl Pts',(1.0026679552823,1.54109540695833,-6.44520541766513));
#6681=CARTESIAN_POINT('Ctrl Pts',(1.83855184432594,-0.00672235050930946,
-6.5563511184681));
#6682=CARTESIAN_POINT('Ctrl Pts',(0.991371796942655,-1.54838626652054,-6.66749681927106));
#6683=CARTESIAN_POINT('Ctrl Pts',(-0.763338882304356,-1.67261227585806,
-6.77864252007401));
#6684=CARTESIAN_POINT('Ctrl Pts',(-1.81926690457803,-0.265680264784732,
-6.88978822087698));
#6685=CARTESIAN_POINT('Ctrl Pts',(-1.20978498713787,1.38446320198495,-7.00093392167993));
#6686=CARTESIAN_POINT('Ctrl Pts',(0.507169361697989,1.76722870957409,-7.1120796224829));
#6687=CARTESIAN_POINT('Ctrl Pts',(1.7598460974947,0.532221557511288,-7.22322532328585));
#6688=CARTESIAN_POINT('Ctrl Pts',(1.40150843208714,-1.18999671759978,-7.33437102408882));
#6689=CARTESIAN_POINT('Ctrl Pts',(-0.239810893287868,-1.82285731988488,
-7.44551672489177));
#6690=CARTESIAN_POINT('Ctrl Pts',(-1.6616003386429,-0.787021211772291,-7.55666242569474));
#6691=CARTESIAN_POINT('Ctrl Pts',(-1.56231241343709,0.969277048101568,-7.66780812649769));
#6692=CARTESIAN_POINT('Ctrl Pts',(-0.0328381777502177,1.83827085252691,
-7.77895382730067));
#6693=CARTESIAN_POINT('Ctrl Pts',(1.52669708278481,1.02445794963874,-7.89009952810362));
#6694=CARTESIAN_POINT('Ctrl Pts',(1.6886493443793,-0.727173613994181,-8.00124522890658));
#6695=CARTESIAN_POINT('Ctrl Pts',(0.304762787332296,-1.81312926086945,-8.11239092970955));
#6696=CARTESIAN_POINT('Ctrl Pts',(-1.35811250630708,-1.2392935460878,-8.2235366305125));
#6697=CARTESIAN_POINT('Ctrl Pts',(-1.77773203502382,0.469027594937398,-8.33468233131547));
#6698=CARTESIAN_POINT('Ctrl Pts',(-0.56996385413124,1.74798720766108,-8.44582803211841));
#6699=CARTESIAN_POINT('Ctrl Pts',(1.15956584810467,1.4267883925348,-8.5569737329214));
#6700=CARTESIAN_POINT('Ctrl Pts',(1.82759518216893,-0.200534095045408,-8.66811943372434));
#6701=CARTESIAN_POINT('Ctrl Pts',(0.822590628669189,-1.64428182827289,-8.77926513452732));
#6702=CARTESIAN_POINT('Ctrl Pts',(-0.93543735736275,-1.58280606001272,-8.89041083533026));
#6703=CARTESIAN_POINT('Ctrl Pts',(-1.83713872695882,-0.072383499990767,
-9.00155653613324));
#6704=CARTESIAN_POINT('Ctrl Pts',(-1.05706976998252,1.50430102524457,-9.11270223693618));
#6705=CARTESIAN_POINT('Ctrl Pts',(0.690671658422285,1.7039045552539,-9.22384793773915));
#6706=CARTESIAN_POINT('Ctrl Pts',(1.8061521238992,0.343704202036002,-9.33499363854211));
#6707=CARTESIAN_POINT('Ctrl Pts',(1.26822830222267,-1.33113299358261,-9.44613933934508));
#6708=CARTESIAN_POINT('Ctrl Pts',(-0.430668664649084,-1.78741225643447,
-9.55728504014802));
#6709=CARTESIAN_POINT('Ctrl Pts',(-1.73531898581959,-0.607442252907104,
-9.668430740951));
#6710=CARTESIAN_POINT('Ctrl Pts',(-1.45140773857761,1.12859809035804,-9.77957644175394));
#6711=CARTESIAN_POINT('Ctrl Pts',(0.161164447916371,1.8314868533218,-9.89072214255692));
#6712=CARTESIAN_POINT('Ctrl Pts',(1.62620200230727,0.857779179541327,-10.0018678433599));
#6713=CARTESIAN_POINT('Ctrl Pts',(1.60256685476225,-0.901164551666464,-10.1130135441628));
#6714=CARTESIAN_POINT('Ctrl Pts',(0.111895308093967,-1.83515599151389,-10.2241592449658));
#6715=CARTESIAN_POINT('Ctrl Pts',(-1.48120846433585,-1.08919215859398,-10.3353049457687));
#6716=CARTESIAN_POINT('Ctrl Pts',(-1.71837084473398,0.653849916365366,-10.4464506465717));
#6717=CARTESIAN_POINT('Ctrl Pts',(-0.382486478953828,1.79833872409518,-10.5575963473747));
#6718=CARTESIAN_POINT('Ctrl Pts',(1.30353715566888,1.29657585854183,-10.6687420481777));
#6719=CARTESIAN_POINT('Ctrl Pts',(1.7962648917192,-0.392110331335214,-10.7798877489806));
#6720=CARTESIAN_POINT('Ctrl Pts',(0.644639401076696,-1.72184729745185,-10.8910334497836));
#6721=CARTESIAN_POINT('Ctrl Pts',(-1.09710778269718,-1.47535507126524,-11.0021791505865));
#6722=CARTESIAN_POINT('Ctrl Pts',(-1.83453053145899,0.121720180362954,-11.1133248513895));
#6723=CARTESIAN_POINT('Ctrl Pts',(-0.892570571814192,1.60736923184876,-11.2244705521924));
#6724=CARTESIAN_POINT('Ctrl Pts',(0.866474499597714,1.62158564828062,-11.3356162529954));
#6725=CARTESIAN_POINT('Ctrl Pts',(1.83232356421304,0.151355307777352,-11.4467619537984));
#6726=CARTESIAN_POINT('Ctrl Pts',(1.12081024255178,-1.45743009209835,-11.5579076546013));
#6727=CARTESIAN_POINT('Ctrl Pts',(-0.616725436583971,-1.73204151481224,
-11.6690533554043));
#6728=CARTESIAN_POINT('Ctrl Pts',(-1.7896926791236,-0.421091661582297,-11.7801990562072));
#6729=CARTESIAN_POINT('Ctrl Pts',(-1.32432308990077,1.27533776965887,-11.8913447570102));
#6730=CARTESIAN_POINT('Ctrl Pts',(0.353370447811607,1.80428584203729,-12.0024904578132));
#6731=CARTESIAN_POINT('Ctrl Pts',(1.70757838005698,0.68153807606382,-12.1136361586161));
#6732=CARTESIAN_POINT('Ctrl Pts',(1.49861930279174,-1.0651095053856,-12.2247818594191));
#6733=CARTESIAN_POINT('Ctrl Pts',(-0.0822195553955579,-1.83672480733324,
-12.335927560222));
#6734=CARTESIAN_POINT('Ctrl Pts',(-1.58779223662021,-0.926948696795771,
-12.447073261025));
#6735=CARTESIAN_POINT('Ctrl Pts',(-1.6398536347148,0.831383262927165,-12.5582189618279));
#6736=CARTESIAN_POINT('Ctrl Pts',(-0.190745228746475,1.8286427564927,-12.669364662631));
#6737=CARTESIAN_POINT('Ctrl Pts',(1.432976918108,1.15190938243097,-12.7805103634339));
#6738=CARTESIAN_POINT('Ctrl Pts',(1.74491023585944,-0.57931540800824,-12.8916560642369));
#6739=CARTESIAN_POINT('Ctrl Pts',(0.459501875414038,-1.78021799217224,-13.0028017650398));
#6740=CARTESIAN_POINT('Ctrl Pts',(-1.24654789209315,-1.35145714911013,-13.1139474658428));
#6741=CARTESIAN_POINT('Ctrl Pts',(-1.8114713936248,0.314466950953216,-13.2250931666457));
#6742=CARTESIAN_POINT('Ctrl Pts',(-0.718121193487776,1.69251884025747,-13.3362388674487));
#6743=CARTESIAN_POINT('Ctrl Pts',(1.03261807388083,1.52118966163244,-13.4473845682516));
#6744=CARTESIAN_POINT('Ctrl Pts',(1.83806866497734,-0.0426808621184607,
-13.5585302690546));
#6745=CARTESIAN_POINT('Ctrl Pts',(0.960897637140101,-1.5674800809265,-13.6696759698576));
#6746=CARTESIAN_POINT('Ctrl Pts',(-0.795907089177208,-1.65736235584143,
-13.7808216706605));
#6747=CARTESIAN_POINT('Ctrl Pts',(-1.82411527259619,-0.230046833153843,
-13.8919673714635));
#6748=CARTESIAN_POINT('Ctrl Pts',(-1.18247517908181,1.40786026437932,-14.0031130722665));
#6749=CARTESIAN_POINT('Ctrl Pts',(0.541637151779673,1.75697104955511,-14.1142587730694));
#6750=CARTESIAN_POINT('Ctrl Pts',(1.76991905009667,0.497699336213835,-14.2254044738724));
#6751=CARTESIAN_POINT('Ctrl Pts',(1.3779654728842,-1.21718085291455,-14.3365501746753));
#6752=CARTESIAN_POINT('Ctrl Pts',(-0.275417853389259,-1.81781821951405,
-14.4476958754783));
#6753=CARTESIAN_POINT('Ctrl Pts',(-1.67667565074033,-0.754371815073509,
-14.5588415762812));
#6754=CARTESIAN_POINT('Ctrl Pts',(-1.54305569753124,0.9996485319747,-14.6699872770842));
#6755=CARTESIAN_POINT('Ctrl Pts',(0.00312240726192391,1.8385614821745,-14.7811329778872));
#6756=CARTESIAN_POINT('Ctrl Pts',(1.54644216945769,0.994401674217097,-14.8922786786902));
#6757=CARTESIAN_POINT('Ctrl Pts',(1.67410370498301,-0.760062404099122,-15.0034243794931));
#6758=CARTESIAN_POINT('Ctrl Pts',(0.269241924043298,-1.81874320878464,-15.1145700802961));
#6759=CARTESIAN_POINT('Ctrl Pts',(-1.38209176012325,-1.21249348029678,-15.225715781099));
#6760=CARTESIAN_POINT('Ctrl Pts',(-1.76821837164637,0.503708113231306,-15.336861481902));
#6761=CARTESIAN_POINT('Ctrl Pts',(-0.535666358252768,1.75880062138919,-15.4480071827049));
#6762=CARTESIAN_POINT('Ctrl Pts',(1.18725024929638,1.40383578765768,-15.5591528835079));
#6763=CARTESIAN_POINT('Ctrl Pts',(1.82332338107405,-0.236241235163274,-15.6702985843109));
#6764=CARTESIAN_POINT('Ctrl Pts',(0.790273156494173,-1.66005614702862,-15.7814442851138));
#6765=CARTESIAN_POINT('Ctrl Pts',(-0.966216144827982,-1.56420728633916,
-15.8925899859168));
#6766=CARTESIAN_POINT('Ctrl Pts',(-1.8382030307464,-0.0364374932940891,
-16.0037356867197));
#6767=CARTESIAN_POINT('Ctrl Pts',(-1.0274452953905,1.5246882429345,-16.1148813875227));
#6768=CARTESIAN_POINT('Ctrl Pts',(0.723865804067893,1.69006993076142,-16.2260270883257));
#6769=CARTESIAN_POINT('Ctrl Pts',(1.81252905236644,0.308312353775234,-16.3371727891287));
#6770=CARTESIAN_POINT('Ctrl Pts',(1.24195038736306,-1.35568333636272,-16.4483184899316));
#6771=CARTESIAN_POINT('Ctrl Pts',(-0.465545853810427,-1.7786469945334,-16.5594641907346));
#6772=CARTESIAN_POINT('Ctrl Pts',(-1.74686785397095,-0.573385362496897,
-16.6706098915375));
#6773=CARTESIAN_POINT('Ctrl Pts',(-1.42905611526858,1.15676993934674,-16.7817555923405));
#6774=CARTESIAN_POINT('Ctrl Pts',(0.196955235361815,1.82798432937112,-16.8929012931434));
#6775=CARTESIAN_POINT('Ctrl Pts',(1.64266802408508,0.825808595142481,-17.0040469939464));
#6776=CARTESIAN_POINT('Ctrl Pts',(1.58463463470196,-0.932336391902503,-17.1151926947493));
#6777=CARTESIAN_POINT('Ctrl Pts',(0.0759805230001633,-1.83699347665892,
-17.2263383955523));
#6778=CARTESIAN_POINT('Ctrl Pts',(-1.50222837359839,-1.06001320120021,-17.3374840963553));
#6779=CARTESIAN_POINT('Ctrl Pts',(-1.70525364068681,0.687334048397982,-17.4486297971583));
#6780=CARTESIAN_POINT('Ctrl Pts',(-0.347240032429132,1.80547568054554,-17.5597754979612));
#6781=CARTESIAN_POINT('Ctrl Pts',(1.32864722040847,1.2708322614978,-17.6709211987642));
#6782=CARTESIAN_POINT('Ctrl Pts',(1.78825208968067,-0.427168042947377,-17.7820668995671));
#6783=CARTESIAN_POINT('Ctrl Pts',(0.610838884746553,-1.73412627280841,-17.8932126003701));
#6784=CARTESIAN_POINT('Ctrl Pts',(-1.12575403569217,-1.45361477850412,-18.0043583011731));
#6785=CARTESIAN_POINT('Ctrl Pts',(-1.831798906349,0.157578043716072,-18.115504001976));
#6786=CARTESIAN_POINT('Ctrl Pts',(-0.860961677826982,1.62451933274927,-18.226649702779));
#6787=CARTESIAN_POINT('Ctrl Pts',(0.898024959793985,1.60432828459446,-18.3377954035819));
#6788=CARTESIAN_POINT('Ctrl Pts',(1.83493337994525,0.115488373118288,-18.4489411043849));
#6789=CARTESIAN_POINT('Ctrl Pts',(1.0920903124462,-1.47907296054791,-18.5600868051878));
#6790=CARTESIAN_POINT('Ctrl Pts',(-0.650484051583459,-1.71964780458044,
-18.6712325059908));
#6791=CARTESIAN_POINT('Ctrl Pts',(-1.79758635908935,-0.386006936179477,
-18.7823782067938));
#6792=CARTESIAN_POINT('Ctrl Pts',(-1.29912573016304,1.30099593019777,-18.8935239075967));
#6793=CARTESIAN_POINT('Ctrl Pts',(0.388592449874627,1.79702920985254,-19.0046696083997));
#6794=CARTESIAN_POINT('Ctrl Pts',(1.72058177735522,0.648009583722286,-19.1158153092026));
#6795=CARTESIAN_POINT('Ctrl Pts',(1.47750040650742,-1.09421689894334,-19.2269610100056));
#6796=CARTESIAN_POINT('Ctrl Pts',(-0.118127892179707,-1.83476534582817,
-19.3381067108085));
#6797=CARTESIAN_POINT('Ctrl Pts',(-1.60561847600996,-0.895716128390139,
-19.4492524116116));
#6798=CARTESIAN_POINT('Ctrl Pts',(-1.62327911769976,0.86329773496902,-19.5603981124145));
#6799=CARTESIAN_POINT('Ctrl Pts',(-0.154942751198911,1.83202369444658,-19.6715438132175));
#6800=CARTESIAN_POINT('Ctrl Pts',(1.45523272492389,1.12366177717024,-19.7826895140204));
#6801=CARTESIAN_POINT('Ctrl Pts',(1.73324575782968,-0.613332875466675,-19.8938352148234));
#6802=CARTESIAN_POINT('Ctrl Pts',(0.424595115640699,-1.7888647408166,-20.0049809156263));
#6803=CARTESIAN_POINT('Ctrl Pts',(-1.27274226849844,-1.32681769325715,-20.1161266164293));
#6804=CARTESIAN_POINT('Ctrl Pts',(-1.80497429117238,0.349836935399303,-20.2272723172323));
#6805=CARTESIAN_POINT('Ctrl Pts',(-0.684880249094121,1.70624063882079,-20.3384180180352));
#6806=CARTESIAN_POINT('Ctrl Pts',(1.06217313104601,1.50070194004228,-20.4495637188381));
#6807=CARTESIAN_POINT('Ctrl Pts',(1.83688227432348,-0.0786230464873775,
-20.5607094196412));
#6808=CARTESIAN_POINT('Ctrl Pts',(0.930055855244262,-1.58597420511453,-20.6718551204441));
#6809=CARTESIAN_POINT('Ctrl Pts',(-0.828170796409646,-1.64147835963104,
-20.7830008212471));
#6810=CARTESIAN_POINT('Ctrl Pts',(-1.82826576737052,-0.194325389550308,
-20.89414652205));
#6811=CARTESIAN_POINT('Ctrl Pts',(-1.15471297753236,1.43071870494557,-21.005292222853));
#6812=CARTESIAN_POINT('Ctrl Pts',(0.575897721338427,1.74604120447371,-21.1164379236559));
#6813=CARTESIAN_POINT('Ctrl Pts',(1.77931486390608,0.462986704178046,-21.2275836244589));
#6814=CARTESIAN_POINT('Ctrl Pts',(1.35389532918049,-1.24389931698109,-21.3387293252619));
#6815=CARTESIAN_POINT('Ctrl Pts',(-0.310919443633561,-1.8120836550042,-21.4498750260648));
#6816=CARTESIAN_POINT('Ctrl Pts',(-1.69110949726656,-0.721433809450071,
-21.5610207268678));
#6817=CARTESIAN_POINT('Ctrl Pts',(-1.52320863661371,1.02963756852021,-21.6721664276707));
#6818=CARTESIAN_POINT('Ctrl Pts',(0.0390817976976827,1.83814871168018,-21.7833121284737));
#6819=CARTESIAN_POINT('Ctrl Pts',(1.56559561551704,0.963964958821957,-21.8944578292767));
#6820=CARTESIAN_POINT('Ctrl Pts',(1.65891758399415,-0.792660408168469,-22.0056035300796));
#6821=CARTESIAN_POINT('Ctrl Pts',(0.233618053696969,-1.82366133866725,-22.1167492308826));
#6822=CARTESIAN_POINT('Ctrl Pts',(-1.40554225079961,-1.18522953657927,-22.2278949316855));
#6823=CARTESIAN_POINT('Ctrl Pts',(-1.75802822011874,0.538195921973481,-22.3390406324885));
#6824=CARTESIAN_POINT('Ctrl Pts',(-0.501163926179954,1.76894115002696,-22.4501863332914));
#6825=CARTESIAN_POINT('Ctrl Pts',(1.21448043016229,1.38034610077169,-22.5613320340945));
#6826=CARTESIAN_POINT('Ctrl Pts',(1.81835400965586,-0.271857993686479,-22.6724777348974));
#6827=CARTESIAN_POINT('Ctrl Pts',(0.757653340200147,-1.67519535853176,-22.7836234357003));
#6828=CARTESIAN_POINT('Ctrl Pts',(-0.996625275590822,-1.54501007544168,
-22.8947691365033));
#6829=CARTESIAN_POINT('Ctrl Pts',(-1.83856407152764,-0.000477546275950244,
-23.0059148373062));
#6830=CARTESIAN_POINT('Ctrl Pts',(-0.997427738937977,1.54449214266691,-23.1170605381093));
#6831=CARTESIAN_POINT('Ctrl Pts',(0.756783011838321,1.67558871628921,-23.2282062389122));
#6832=CARTESIAN_POINT('Ctrl Pts',(1.81821254022397,0.272802550822167,-23.3393519397152));
#6833=CARTESIAN_POINT('Ctrl Pts',(1.21519732490084,-1.37971501938503,-23.4504976405181));
#6834=CARTESIAN_POINT('Ctrl Pts',(-0.500244933605609,-1.76920125468097,
-23.5616433413211));
#6835=CARTESIAN_POINT('Ctrl Pts',(-1.75774840229146,-0.539109105288178,
-23.672789042124));
#6836=CARTESIAN_POINT('Ctrl Pts',(-1.4061577611126,1.18449922922119,-23.783934742927));
#6837=CARTESIAN_POINT('Ctrl Pts',(0.232670671320777,1.82378245190317,-23.8950804437299));
#6838=CARTESIAN_POINT('Ctrl Pts',(1.65850559098948,0.793522071412883,-24.0062261445329));
#6839=CARTESIAN_POINT('Ctrl Pts',(1.56609616228625,-0.963151537212621,-24.1173718453359));
#6840=CARTESIAN_POINT('Ctrl Pts',(0.0400366691418696,-1.83812816155099,
-24.2285175461388));
#6841=CARTESIAN_POINT('Ctrl Pts',(-1.5226735576404,-1.03042870205828,-24.3396632469418));
#6842=CARTESIAN_POINT('Ctrl Pts',(-1.691484037649,0.720555218939843,-24.4508089477447));
#6843=CARTESIAN_POINT('Ctrl Pts',(-0.311860738191197,1.81192189487782,-24.5619546485477));
#6844=CARTESIAN_POINT('Ctrl Pts',(1.35324896891589,1.24460246717208,-24.6731003493507));
#6845=CARTESIAN_POINT('Ctrl Pts',(1.7795551349563,-0.46206232784498,-24.7842460501536));
#6846=CARTESIAN_POINT('Ctrl Pts',(0.576804672582274,-1.745741803031,-24.8953917509566));
#6847=CARTESIAN_POINT('Ctrl Pts',(-1.15396959569269,-1.43131835919876,-25.0065374517595));
#6848=CARTESIAN_POINT('Ctrl Pts',(-1.82836646833429,0.19337562057912,-25.1176831525625));
#6849=CARTESIAN_POINT('Ctrl Pts',(-0.829023395579377,1.64104792213513,-25.2288288533654));
#6850=CARTESIAN_POINT('Ctrl Pts',(0.929231851992688,1.58645713412116,-25.3399745541685));
#6851=CARTESIAN_POINT('Ctrl Pts',(1.8368411835814,0.0795772547105667,-25.4511202549714));
#6852=CARTESIAN_POINT('Ctrl Pts',(1.06295256847112,-1.50014996261599,-25.5622659557744));
#6853=CARTESIAN_POINT('Ctrl Pts',(-0.683993803224803,-1.70659618841359,
-25.6734116565773));
#6854=CARTESIAN_POINT('Ctrl Pts',(-1.80479231525753,-0.35077453155087,-25.7845573573803));
#6855=CARTESIAN_POINT('Ctrl Pts',(-1.27343134855904,1.32615635338247,-25.8957030581833));
#6856=CARTESIAN_POINT('Ctrl Pts',(0.423665783506921,1.7890850670196,-26.0068487589862));
#6857=CARTESIAN_POINT('Ctrl Pts',(1.73292691146454,0.614233174706483,-26.1179944597892));
#6858=CARTESIAN_POINT('Ctrl Pts',(1.45581624534359,-1.12290566502636,-26.2291401605921));
#6859=CARTESIAN_POINT('Ctrl Pts',(-0.153991035137824,-1.83210393654023,
-26.3402858613951));
#6860=CARTESIAN_POINT('Ctrl Pts',(-1.62283043547624,-0.864140875251669,
-26.451431562198));
#6861=CARTESIAN_POINT('Ctrl Pts',(-1.60608356276356,0.894881924917146,-26.562577263001));
#6862=CARTESIAN_POINT('Ctrl Pts',(-0.119080997071474,1.83470373368758,-26.673722963804));
#6863=CARTESIAN_POINT('Ctrl Pts',(1.47693178942681,1.09498427900978,-26.7848686646069));
#6864=CARTESIAN_POINT('Ctrl Pts',(1.72091816538787,-0.647115692239724,-26.8960143654099));
#6865=CARTESIAN_POINT('Ctrl Pts',(0.389525925213384,-1.79682710371099,-27.0071600662128));
#6866=CARTESIAN_POINT('Ctrl Pts',(-1.2984497391779,-1.30167061859259,-27.1183057670158));
#6867=CARTESIAN_POINT('Ctrl Pts',(-1.79778659597962,0.385073073799576,-27.2294514678188));
#6868=CARTESIAN_POINT('Ctrl Pts',(-0.651377362812799,1.71930966993519,-27.3405971686217));
#6869=CARTESIAN_POINT('Ctrl Pts',(1.09132197402008,1.47964005979506,-27.4517428694247));
#6870=CARTESIAN_POINT('Ctrl Pts',(1.83499283288788,-0.114535117934588,-27.5628885702276));
#6871=CARTESIAN_POINT('Ctrl Pts',(0.898858808989673,-1.60386162762597,-27.6740342710306));
#6872=CARTESIAN_POINT('Ctrl Pts',(-0.860118723275022,-1.62496624339376,
-27.7851799718335));
#6873=CARTESIAN_POINT('Ctrl Pts',(-1.83171477734093,-0.158529829664297,
-27.8963256726366));
#6874=CARTESIAN_POINT('Ctrl Pts',(-1.12651285723258,1.45303021479382,-28.0074713734395));
#6875=CARTESIAN_POINT('Ctrl Pts',(0.609945300656975,1.73444252519086,-28.1186170742425));
#6876=CARTESIAN_POINT('Ctrl Pts',(1.78801597156236,0.428098523566015,-28.2297627750454));
#6877=CARTESIAN_POINT('Ctrl Pts',(1.32933381691394,-1.27014489973426,-28.3409084758483));
#6878=CARTESIAN_POINT('Ctrl Pts',(-0.346352748067238,-1.80565008496525,
-28.4520541766514));
#6879=CARTESIAN_POINT('Ctrl Pts',(-1.70479987245805,-0.688230717444511,
-28.5631998774543));
#6880=CARTESIAN_POINT('Ctrl Pts',(-1.50296258276418,1.05925347832118,-28.6743455782573));
#6881=CARTESIAN_POINT('Ctrl Pts',(0.0753764376678504,1.83699312251162,-28.7854912790602));
#6882=CARTESIAN_POINT('Ctrl Pts',(1.58348077444,0.933234640463611,-28.8966369798632));
#6883=CARTESIAN_POINT('Ctrl Pts',(1.64439259566553,-0.825096872492669,-29.0077826806661));
#6884=CARTESIAN_POINT('Ctrl Pts',(0.195253953026746,-1.82762394311354,-29.1189283814691));
#6885=CARTESIAN_POINT('Ctrl Pts',(-0.882866798182419,-1.38119588442004,
-29.1930255153377));
#6886=CARTESIAN_POINT('Ctrl Pts',(-1.20853100647021,-0.979302331458526,
-29.2300740822721));
#6887=CARTESIAN_POINT('',(-1.51814181076365,-1.23018756391506,-29.));
#6888=CARTESIAN_POINT('Ctrl Pts',(1.43762256765472,-0.600707839115207,-29.));
#6889=CARTESIAN_POINT('Ctrl Pts',(1.42798460108153,-0.636004395416592,-29.));
#6890=CARTESIAN_POINT('Ctrl Pts',(1.4170386609146,-0.67085574327886,-29.));
#6891=CARTESIAN_POINT('Ctrl Pts',(1.40478684000412,-0.705188137264906,-29.));
#6892=CARTESIAN_POINT('Ctrl Pts',(1.38499413294226,-0.760651812571863,-29.));
#6893=CARTESIAN_POINT('Ctrl Pts',(1.36179650037519,-0.814761611476571,-29.));
#6894=CARTESIAN_POINT('Ctrl Pts',(1.33549964995841,-0.867377105988636,-29.));
#6895=CARTESIAN_POINT('Ctrl Pts',(1.30782265427428,-0.922754034839375,-29.));
#6896=CARTESIAN_POINT('Ctrl Pts',(1.27671250582248,-0.976476484412185,-29.));
#6897=CARTESIAN_POINT('Ctrl Pts',(1.24246693893219,-1.02837341845386,-29.));
#6898=CARTESIAN_POINT('Ctrl Pts',(1.22748450341769,-1.05107832709709,-29.));
#6899=CARTESIAN_POINT('Ctrl Pts',(1.21190120666166,-1.07343365530262,-29.));
#6900=CARTESIAN_POINT('Ctrl Pts',(1.19573882190374,-1.09542403939816,-29.));
#6901=CARTESIAN_POINT('Ctrl Pts',(1.18476419009732,-1.11035601709481,-29.));
#6902=CARTESIAN_POINT('Ctrl Pts',(1.17352251831331,-1.12511971442513,-29.));
#6903=CARTESIAN_POINT('Ctrl Pts',(1.16202017089227,-1.13971008781288,-29.));
#6904=CARTESIAN_POINT('Ctrl Pts',(1.15455313437348,-1.14918179362397,-29.));
#6905=CARTESIAN_POINT('Ctrl Pts',(1.14698082680054,-1.1585745290742,-29.));
#6906=CARTESIAN_POINT('Ctrl Pts',(1.13931081225232,-1.16788075902413,-29.));
#6907=CARTESIAN_POINT('Ctrl Pts',(1.0990371111938,-1.21674589749673,-29.));
#6908=CARTESIAN_POINT('Ctrl Pts',(1.05603030770267,-1.26328220462035,-29.));
#6909=CARTESIAN_POINT('Ctrl Pts',(1.0106176768347,-1.30732903464962,-29.));
#6910=CARTESIAN_POINT('Ctrl Pts',(0.964226442146785,-1.3523250366449,-29.));
#6911=CARTESIAN_POINT('Ctrl Pts',(0.91532405899792,-1.39472397014942,-29.));
#6912=CARTESIAN_POINT('Ctrl Pts',(0.864207903461476,-1.4343367691274,-29.));
#6913=CARTESIAN_POINT('Ctrl Pts',(0.814478995245428,-1.47287451172333,-29.));
#6914=CARTESIAN_POINT('Ctrl Pts',(0.762653992208269,-1.50877593462205,-29.));
#6915=CARTESIAN_POINT('Ctrl Pts',(0.708969257245832,-1.54183943517071,-29.));
#6916=CARTESIAN_POINT('Ctrl Pts',(0.697790443418681,-1.54872427342811,-29.));
#6917=CARTESIAN_POINT('Ctrl Pts',(0.686530883757674,-1.55548594280044,-29.));
#6918=CARTESIAN_POINT('Ctrl Pts',(0.67519255244804,-1.5621224278128,-29.));
#6919=CARTESIAN_POINT('Ctrl Pts',(0.665052072710483,-1.56805779342867,-29.));
#6920=CARTESIAN_POINT('Ctrl Pts',(0.654855825153883,-1.57388874759981,-29.));
#6921=CARTESIAN_POINT('Ctrl Pts',(0.644610157809184,-1.57961172858408,-29.));
#6922=CARTESIAN_POINT('Ctrl Pts',(0.586053242283063,-1.61232019966545,-29.));
#6923=CARTESIAN_POINT('Ctrl Pts',(0.525839119651395,-1.64153130401262,-29.));
#6924=CARTESIAN_POINT('Ctrl Pts',(0.464290689114279,-1.66705474238908,-29.));
#6925=CARTESIAN_POINT('Ctrl Pts',(0.402938714638466,-1.69249671265774,-29.));
#6926=CARTESIAN_POINT('Ctrl Pts',(0.340260099240739,-1.71427535271085,-29.));
#6927=CARTESIAN_POINT('Ctrl Pts',(0.276537031078466,-1.73216788395798,-29.));
#6928=CARTESIAN_POINT('Ctrl Pts',(0.247695917929239,-1.7402660583414,-29.));
#6929=CARTESIAN_POINT('Ctrl Pts',(0.218640415958166,-1.74756763060975,-29.));
#6930=CARTESIAN_POINT('Ctrl Pts',(0.189394852460737,-1.7540489165642,-29.));
#6931=CARTESIAN_POINT('Ctrl Pts',(0.151808142161673,-1.76237873443749,-29.));
#6932=CARTESIAN_POINT('Ctrl Pts',(0.113907524762893,-1.76935385570726,-29.));
#6933=CARTESIAN_POINT('Ctrl Pts',(0.0757484199746961,-1.774999886679,-29.));
#6934=CARTESIAN_POINT('Ctrl Pts',(0.0650035739261427,-1.7765896968675,-29.));
#6935=CARTESIAN_POINT('Ctrl Pts',(0.054238222582729,-1.77807408925458,-29.));
#6936=CARTESIAN_POINT('Ctrl Pts',(0.043453581592071,-1.77945354707631,-29.));
#6937=CARTESIAN_POINT('Ctrl Pts',(0.032085150548451,-1.78090767718017,-29.));
#6938=CARTESIAN_POINT('Ctrl Pts',(0.0207040911792578,-1.78224405696418,
-29.));
#6939=CARTESIAN_POINT('Ctrl Pts',(0.00931514669749155,-1.7834634657056,
-29.));
#6940=CARTESIAN_POINT('Ctrl Pts',(-0.0556344878741335,-1.79041759146108,
-29.));
#6941=CARTESIAN_POINT('Ctrl Pts',(-0.120871252741557,-1.79357546714271,
-29.));
#6942=CARTESIAN_POINT('Ctrl Pts',(-0.186106186924049,-1.79312796542411,
-29.));
#6943=CARTESIAN_POINT('Ctrl Pts',(-0.253894236239717,-1.79266294972432,
-29.));
#6944=CARTESIAN_POINT('Ctrl Pts',(-0.321681049010738,-1.78830502796168,
-29.));
#6945=CARTESIAN_POINT('Ctrl Pts',(-0.389163420383779,-1.78021623194941,
-29.));
#6946=CARTESIAN_POINT('Ctrl Pts',(-0.441769847218058,-1.77391054578369,
-29.));
#6947=CARTESIAN_POINT('Ctrl Pts',(-0.494191835784514,-1.76533649071269,
-29.));
#6948=CARTESIAN_POINT('Ctrl Pts',(-0.54628933225944,-1.7545492032764,-29.));
#6949=CARTESIAN_POINT('Ctrl Pts',(-0.572504899669137,-1.74912101804509,
-29.));
#6950=CARTESIAN_POINT('Ctrl Pts',(-0.598638320354951,-1.74313212095069,
-29.));
#6951=CARTESIAN_POINT('Ctrl Pts',(-0.62467167940672,-1.73658777467384,-29.));
#6952=CARTESIAN_POINT('Ctrl Pts',(-0.642472959149634,-1.73211283394195,
-29.));
#6953=CARTESIAN_POINT('Ctrl Pts',(-0.660233524573317,-1.72737628897819,
-29.));
#6954=CARTESIAN_POINT('Ctrl Pts',(-0.677913971859005,-1.72238946839721,
-29.));
#6955=CARTESIAN_POINT('Ctrl Pts',(-0.745959169506341,-1.70319712633811,
-29.));
#6956=CARTESIAN_POINT('Ctrl Pts',(-0.812892577344768,-1.68028562179792,
-29.));
#6957=CARTESIAN_POINT('Ctrl Pts',(-0.878392278442548,-1.65381721813639,
-29.));
#6958=CARTESIAN_POINT('Ctrl Pts',(-0.938098745628291,-1.62968985803871,
-29.));
#6959=CARTESIAN_POINT('Ctrl Pts',(-0.996614628793415,-1.60260623783735,
-29.));
#6960=CARTESIAN_POINT('Ctrl Pts',(-1.05369498269682,-1.57265244336179,-29.));
#6961=CARTESIAN_POINT('Ctrl Pts',(-1.07342864979745,-1.56229689774654,-29.));
#6962=CARTESIAN_POINT('Ctrl Pts',(-1.09299068513619,-1.55159800803958,-29.));
#6963=CARTESIAN_POINT('Ctrl Pts',(-1.11237071165678,-1.54055839500915,-29.));
#6964=CARTESIAN_POINT('Ctrl Pts',(-1.12454775541446,-1.53362187968517,-29.));
#6965=CARTESIAN_POINT('Ctrl Pts',(-1.13664450284285,-1.52655563418876,-29.));
#6966=CARTESIAN_POINT('Ctrl Pts',(-1.14865775086847,-1.51936133424923,-29.));
#6967=CARTESIAN_POINT('Ctrl Pts',(-1.21107743413933,-1.48198044253505,-29.));
#6968=CARTESIAN_POINT('Ctrl Pts',(-1.27125079725267,-1.44114240224273,-29.));
#6969=CARTESIAN_POINT('Ctrl Pts',(-1.32883946807856,-1.39698617421534,-29.));
#6970=CARTESIAN_POINT('Ctrl Pts',(-1.38562585058005,-1.35344510235821,-29.));
#6971=CARTESIAN_POINT('Ctrl Pts',(-1.43990007773653,-1.3066773270987,-29.));
#6972=CARTESIAN_POINT('Ctrl Pts',(-1.4913205502497,-1.25676892280606,-29.));
#6973=CARTESIAN_POINT('Ctrl Pts',(-1.50034967367245,-1.2480053094014,-29.));
#6974=CARTESIAN_POINT('Ctrl Pts',(-1.50929074109369,-1.23914474825223,-29.));
#6975=CARTESIAN_POINT('Ctrl Pts',(-1.51814181076368,-1.23018756391502,-29.));
#6976=CARTESIAN_POINT('Ctrl Pts',(-1.51814181076368,-1.23018756391502,-29.));
#6977=CARTESIAN_POINT('Ctrl Pts',(-1.10904643114666,-1.73504131029035,-28.9629514330657));
#6978=CARTESIAN_POINT('Ctrl Pts',(-0.431885406439972,-2.01544003310848,
-28.9259028661314));
#6979=CARTESIAN_POINT('Ctrl Pts',(0.210093467395906,-1.94574569517191,-28.888854299197));
#6980=CARTESIAN_POINT('Ctrl Pts',(0.852072341231802,-1.87605135723535,-28.8518057322627));
#6981=CARTESIAN_POINT('Ctrl Pts',(1.45886906419687,-1.45626395854402,-28.8147571653284));
#6982=CARTESIAN_POINT('Ctrl Pts',(1.74951464536497,-0.878237849864109,-28.7777085983941));
#6983=CARTESIAN_POINT('Ctrl Pts',(1.88507318637088,-0.608643605076148,-28.7604289629708));
#6984=CARTESIAN_POINT('Ctrl Pts',(1.9518582352063,-0.304627125971365,-28.7431493275475));
#6985=CARTESIAN_POINT('Ctrl Pts',(1.95120501233361,-0.000395843940229901,
-28.7258696921242));
#6986=CARTESIAN_POINT('Origin',(0.,0.,-16.5));
#6987=CARTESIAN_POINT('Origin',(0.,0.,-29.));
#6988=CARTESIAN_POINT('Origin',(-1.80750038301197E-15,0.,-29.));
#6989=UNCERTAINTY_MEASURE_WITH_UNIT(LENGTH_MEASURE(0.01),#6993,
'DISTANCE_ACCURACY_VALUE',
'Maximum model space distance between geometric entities at asserted c
onnectivities');
#6990=UNCERTAINTY_MEASURE_WITH_UNIT(LENGTH_MEASURE(0.01),#6993,
'DISTANCE_ACCURACY_VALUE',
'Maximum model space distance between geometric entities at asserted c
onnectivities');
#6991=(
GEOMETRIC_REPRESENTATION_CONTEXT(3)
GLOBAL_UNCERTAINTY_ASSIGNED_CONTEXT((#6989))
GLOBAL_UNIT_ASSIGNED_CONTEXT((#6993,#6995,#6996))
REPRESENTATION_CONTEXT('','3D')
);
#6992=(
GEOMETRIC_REPRESENTATION_CONTEXT(3)
GLOBAL_UNCERTAINTY_ASSIGNED_CONTEXT((#6990))
GLOBAL_UNIT_ASSIGNED_CONTEXT((#6993,#6995,#6996))
REPRESENTATION_CONTEXT('','3D')
);
#6993=(
LENGTH_UNIT()
NAMED_UNIT(*)
SI_UNIT(.MILLI.,.METRE.)
);
#6994=(
LENGTH_UNIT()
NAMED_UNIT(*)
SI_UNIT($,.METRE.)
);
#6995=(
NAMED_UNIT(*)
PLANE_ANGLE_UNIT()
SI_UNIT($,.RADIAN.)
);
#6996=(
NAMED_UNIT(*)
SI_UNIT($,.STERADIAN.)
SOLID_ANGLE_UNIT()
);
#6997=SHAPE_DEFINITION_REPRESENTATION(#6998,#6999);
#6998=PRODUCT_DEFINITION_SHAPE('',$,#7001);
#6999=SHAPE_REPRESENTATION('',(#1671),#6991);
#7000=PRODUCT_DEFINITION_CONTEXT('part definition',#7005,'design');
#7001=PRODUCT_DEFINITION('4 x 10 Allen','4 x 10 Allen v4',#7002,#7000);
#7002=PRODUCT_DEFINITION_FORMATION('',$,#7007);
#7003=PRODUCT_RELATED_PRODUCT_CATEGORY('4 x 10 Allen v4',
'4 x 10 Allen v4',(#7007));
#7004=APPLICATION_PROTOCOL_DEFINITION('international standard',
'automotive_design',2009,#7005);
#7005=APPLICATION_CONTEXT(
'Core Data for Automotive Mechanical Design Process');
#7006=PRODUCT_CONTEXT('part definition',#7005,'mechanical');
#7007=PRODUCT('4 x 10 Allen','4 x 10 Allen v4',$,(#7006));
#7008=PRESENTATION_STYLE_ASSIGNMENT((#7009));
#7009=SURFACE_STYLE_USAGE(.BOTH.,#7010);
#7010=SURFACE_SIDE_STYLE('',(#7011));
#7011=SURFACE_STYLE_FILL_AREA(#7012);
#7012=FILL_AREA_STYLE('Steel - Satin',(#7013));
#7013=FILL_AREA_STYLE_COLOUR('Steel - Satin',#7014);
#7014=COLOUR_RGB('Steel - Satin',0.627450980392157,0.627450980392157,0.627450980392157);
ENDSEC;
END-ISO-10303-21;
