ISO-10303-21;
HEADER;
/* Generated by software containing ST-Developer
 * from STEP Tools, Inc. (www.steptools.com) 
 */

FILE_DESCRIPTION(
/* description */ (''),
/* implementation_level */ '2;1');

FILE_NAME(
/* name */ '5 x 25 Allen Bolt.step',
/* time_stamp */ '2025-07-09T19:11:30+05:30',
/* author */ (''),
/* organization */ (''),
/* preprocessor_version */ 'ST-DEVELOPER v20.1',
/* originating_system */ 'Autodesk Translation Framework v14.10.0.0',
/* authorisation */ '');

FILE_SCHEMA (('AUTOMOTIVE_DESIGN { 1 0 10303 214 3 1 1 }'));
ENDSEC;

DATA;
#10=MECHANICAL_DESIGN_GEOMETRIC_PRESENTATION_REPRESENTATION('',(#13),#6235);
#11=SHAPE_REPRESENTATION_RELATIONSHIP('SRR','None',#6242,#12);
#12=ADVANCED_BREP_SHAPE_REPRESENTATION('',(#14),#6234);
#13=STYLED_ITEM('',(#6251),#14);
#14=MANIFOLD_SOLID_BREP('Body1',#1487);
#15=B_SPLINE_SURFACE_WITH_KNOTS('',3,3,((#4411,#4412,#4413,#4414,#4415,
#4416,#4417,#4418,#4419,#4420,#4421,#4422,#4423,#4424,#4425,#4426,#4427,
#4428,#4429,#4430,#4431,#4432,#4433,#4434,#4435,#4436,#4437,#4438,#4439,
#4440,#4441,#4442,#4443,#4444,#4445,#4446,#4447,#4448,#4449,#4450,#4451,
#4452,#4453,#4454,#4455,#4456,#4457,#4458,#4459,#4460,#4461,#4462,#4463,
#4464,#4465,#4466,#4467,#4468,#4469,#4470,#4471,#4472,#4473,#4474,#4475,
#4476,#4477,#4478,#4479,#4480,#4481,#4482,#4483,#4484,#4485,#4486,#4487,
#4488,#4489,#4490,#4491,#4492,#4493,#4494,#4495,#4496,#4497,#4498,#4499,
#4500,#4501,#4502,#4503,#4504,#4505,#4506,#4507,#4508,#4509,#4510,#4511,
#4512,#4513,#4514,#4515,#4516,#4517,#4518,#4519,#4520,#4521,#4522,#4523,
#4524,#4525,#4526,#4527,#4528,#4529,#4530,#4531,#4532,#4533,#4534,#4535,
#4536,#4537,#4538,#4539,#4540,#4541,#4542,#4543,#4544,#4545,#4546,#4547,
#4548,#4549,#4550,#4551,#4552,#4553,#4554,#4555,#4556,#4557,#4558,#4559,
#4560,#4561,#4562,#4563,#4564,#4565,#4566,#4567,#4568,#4569,#4570,#4571,
#4572,#4573,#4574,#4575,#4576,#4577,#4578,#4579,#4580,#4581,#4582,#4583,
#4584,#4585,#4586,#4587,#4588,#4589,#4590,#4591,#4592,#4593,#4594,#4595,
#4596,#4597,#4598,#4599,#4600,#4601,#4602,#4603,#4604,#4605,#4606,#4607,
#4608,#4609,#4610,#4611,#4612),(#4613,#4614,#4615,#4616,#4617,#4618,#4619,
#4620,#4621,#4622,#4623,#4624,#4625,#4626,#4627,#4628,#4629,#4630,#4631,
#4632,#4633,#4634,#4635,#4636,#4637,#4638,#4639,#4640,#4641,#4642,#4643,
#4644,#4645,#4646,#4647,#4648,#4649,#4650,#4651,#4652,#4653,#4654,#4655,
#4656,#4657,#4658,#4659,#4660,#4661,#4662,#4663,#4664,#4665,#4666,#4667,
#4668,#4669,#4670,#4671,#4672,#4673,#4674,#4675,#4676,#4677,#4678,#4679,
#4680,#4681,#4682,#4683,#4684,#4685,#4686,#4687,#4688,#4689,#4690,#4691,
#4692,#4693,#4694,#4695,#4696,#4697,#4698,#4699,#4700,#4701,#4702,#4703,
#4704,#4705,#4706,#4707,#4708,#4709,#4710,#4711,#4712,#4713,#4714,#4715,
#4716,#4717,#4718,#4719,#4720,#4721,#4722,#4723,#4724,#4725,#4726,#4727,
#4728,#4729,#4730,#4731,#4732,#4733,#4734,#4735,#4736,#4737,#4738,#4739,
#4740,#4741,#4742,#4743,#4744,#4745,#4746,#4747,#4748,#4749,#4750,#4751,
#4752,#4753,#4754,#4755,#4756,#4757,#4758,#4759,#4760,#4761,#4762,#4763,
#4764,#4765,#4766,#4767,#4768,#4769,#4770,#4771,#4772,#4773,#4774,#4775,
#4776,#4777,#4778,#4779,#4780,#4781,#4782,#4783,#4784,#4785,#4786,#4787,
#4788,#4789,#4790,#4791,#4792,#4793,#4794,#4795,#4796,#4797,#4798,#4799,
#4800,#4801,#4802,#4803,#4804,#4805,#4806,#4807,#4808,#4809,#4810,#4811,
#4812,#4813,#4814),(#4815,#4816,#4817,#4818,#4819,#4820,#4821,#4822,#4823,
#4824,#4825,#4826,#4827,#4828,#4829,#4830,#4831,#4832,#4833,#4834,#4835,
#4836,#4837,#4838,#4839,#4840,#4841,#4842,#4843,#4844,#4845,#4846,#4847,
#4848,#4849,#4850,#4851,#4852,#4853,#4854,#4855,#4856,#4857,#4858,#4859,
#4860,#4861,#4862,#4863,#4864,#4865,#4866,#4867,#4868,#4869,#4870,#4871,
#4872,#4873,#4874,#4875,#4876,#4877,#4878,#4879,#4880,#4881,#4882,#4883,
#4884,#4885,#4886,#4887,#4888,#4889,#4890,#4891,#4892,#4893,#4894,#4895,
#4896,#4897,#4898,#4899,#4900,#4901,#4902,#4903,#4904,#4905,#4906,#4907,
#4908,#4909,#4910,#4911,#4912,#4913,#4914,#4915,#4916,#4917,#4918,#4919,
#4920,#4921,#4922,#4923,#4924,#4925,#4926,#4927,#4928,#4929,#4930,#4931,
#4932,#4933,#4934,#4935,#4936,#4937,#4938,#4939,#4940,#4941,#4942,#4943,
#4944,#4945,#4946,#4947,#4948,#4949,#4950,#4951,#4952,#4953,#4954,#4955,
#4956,#4957,#4958,#4959,#4960,#4961,#4962,#4963,#4964,#4965,#4966,#4967,
#4968,#4969,#4970,#4971,#4972,#4973,#4974,#4975,#4976,#4977,#4978,#4979,
#4980,#4981,#4982,#4983,#4984,#4985,#4986,#4987,#4988,#4989,#4990,#4991,
#4992,#4993,#4994,#4995,#4996,#4997,#4998,#4999,#5000,#5001,#5002,#5003,
#5004,#5005,#5006,#5007,#5008,#5009,#5010,#5011,#5012,#5013,#5014,#5015,
#5016),(#5017,#5018,#5019,#5020,#5021,#5022,#5023,#5024,#5025,#5026,#5027,
#5028,#5029,#5030,#5031,#5032,#5033,#5034,#5035,#5036,#5037,#5038,#5039,
#5040,#5041,#5042,#5043,#5044,#5045,#5046,#5047,#5048,#5049,#5050,#5051,
#5052,#5053,#5054,#5055,#5056,#5057,#5058,#5059,#5060,#5061,#5062,#5063,
#5064,#5065,#5066,#5067,#5068,#5069,#5070,#5071,#5072,#5073,#5074,#5075,
#5076,#5077,#5078,#5079,#5080,#5081,#5082,#5083,#5084,#5085,#5086,#5087,
#5088,#5089,#5090,#5091,#5092,#5093,#5094,#5095,#5096,#5097,#5098,#5099,
#5100,#5101,#5102,#5103,#5104,#5105,#5106,#5107,#5108,#5109,#5110,#5111,
#5112,#5113,#5114,#5115,#5116,#5117,#5118,#5119,#5120,#5121,#5122,#5123,
#5124,#5125,#5126,#5127,#5128,#5129,#5130,#5131,#5132,#5133,#5134,#5135,
#5136,#5137,#5138,#5139,#5140,#5141,#5142,#5143,#5144,#5145,#5146,#5147,
#5148,#5149,#5150,#5151,#5152,#5153,#5154,#5155,#5156,#5157,#5158,#5159,
#5160,#5161,#5162,#5163,#5164,#5165,#5166,#5167,#5168,#5169,#5170,#5171,
#5172,#5173,#5174,#5175,#5176,#5177,#5178,#5179,#5180,#5181,#5182,#5183,
#5184,#5185,#5186,#5187,#5188,#5189,#5190,#5191,#5192,#5193,#5194,#5195,
#5196,#5197,#5198,#5199,#5200,#5201,#5202,#5203,#5204,#5205,#5206,#5207,
#5208,#5209,#5210,#5211,#5212,#5213,#5214,#5215,#5216,#5217,#5218)),
 .UNSPECIFIED.,.F.,.F.,.F.,(4,4),(4,1,1,1,1,1,1,1,1,1,1,1,1,1,1,1,1,1,1,
1,1,1,1,1,1,1,1,1,1,1,1,1,1,1,1,1,1,1,1,1,1,1,1,1,1,1,1,1,1,1,1,1,1,1,1,
1,1,1,1,1,1,1,1,1,1,1,1,1,1,1,1,1,1,1,1,1,1,1,1,1,1,1,1,1,1,1,1,1,1,1,1,
1,1,1,1,1,1,1,1,1,1,1,1,1,1,1,1,1,1,1,1,1,1,1,1,1,1,1,1,1,1,1,1,1,1,1,1,
1,1,1,1,1,1,1,1,1,1,1,1,1,1,1,1,1,1,1,1,1,1,1,1,1,1,1,1,1,1,1,1,1,1,1,1,
1,1,1,1,1,1,1,1,1,1,1,1,1,1,1,1,1,1,1,1,1,1,1,1,1,1,1,1,1,1,1,1,1,1,1,1,
4),(0.,0.0526254770366344),(8.30815772716282,9.30522374977582,10.3022897723888,
11.2993557950018,12.2964218176148,13.2934878402278,14.2905538628408,15.2876198854538,
16.2846859080668,17.2817519306798,18.2788179532928,19.2758839759058,20.2729499985188,
21.2700160211318,22.2670820437448,23.2641480663578,24.2612140889708,25.2582801115838,
26.2553461341968,27.2524121568098,28.2494781794228,29.2465442020358,30.2436102246488,
31.2406762472618,32.2377422698748,33.2348082924878,34.2318743151008,35.2289403377138,
36.2260063603267,37.2230723829397,38.2201384055527,39.2172044281657,40.2142704507787,
41.2113364733917,42.2084024960047,43.2054685186177,44.2025345412307,45.1996005638437,
46.1966665864567,47.1937326090697,48.1907986316827,49.1878646542957,50.1849306769087,
51.1819966995217,52.1790627221347,53.1761287447477,54.1731947673607,55.1702607899737,
56.1673268125867,57.1643928351997,58.1614588578127,59.1585248804257,60.1555909030387,
61.1526569256517,62.1497229482647,63.1467889708777,64.1438549934907,65.1409210161037,
66.1379870387167,67.1350530613297,68.1321190839427,69.1291851065557,70.1262511291687,
71.1233171517817,72.1203831743947,73.1174491970077,74.1145152196207,75.1115812422337,
76.1086472648467,77.1057132874597,78.1027793100726,79.0998453326856,80.0969113552986,
81.0939773779116,82.0910434005246,83.0881094231376,84.0851754457506,85.0822414683636,
86.0793074909766,87.0763735135896,88.0734395362026,89.0705055588156,90.0675715814286,
91.0646376040416,92.0617036266546,93.0587696492676,94.0558356718806,95.0529016944936,
96.0499677171066,97.0470337397196,98.0440997623326,99.0411657849456,100.038231807559,
101.035297830172,102.032363852785,103.029429875398,104.026495898011,105.023561920624,
106.020627943237,107.01769396585,108.014759988463,109.011826011076,110.008892033689,
111.005958056302,112.003024078915,113.000090101528,113.997156124141,114.994222146754,
115.991288169367,116.98835419198,117.985420214593,118.982486237206,119.979552259819,
120.976618282432,121.973684305045,122.970750327658,123.967816350271,124.964882372884,
125.961948395497,126.95901441811,127.956080440723,128.953146463336,129.950212485949,
130.947278508562,131.944344531175,132.941410553788,133.938476576401,134.935542599014,
135.932608621627,136.92967464424,137.926740666852,138.923806689465,139.920872712079,
140.917938734692,141.915004757304,142.912070779917,143.90913680253,144.906202825144,
145.903268847756,146.900334870369,147.897400892982,148.894466915596,149.891532938208,
150.888598960821,151.885664983434,152.882731006047,153.87979702866,154.876863051273,
155.873929073886,156.870995096499,157.868061119112,158.865127141725,159.862193164338,
160.859259186951,161.856325209564,162.853391232177,163.85045725479,164.847523277403,
165.844589300016,166.841655322629,167.838721345242,168.835787367855,169.832853390468,
170.829919413081,171.826985435694,172.824051458307,173.82111748092,174.818183503533,
175.815249526146,176.812315548759,177.809381571372,178.806447593985,179.803513616598,
180.800579639211,181.797645661824,182.794711684437,183.79177770705,184.788843729663,
185.785909752276,186.782975774889,187.780041797502,188.777107820115,189.774173842728,
190.771239865341,191.768305887954,192.765371910567,193.76243793318,194.759503955793,
195.756569978406,196.753636001019,197.750702023632,198.747768046245,199.744834068858,
200.741900091471,201.738966114084,202.736032136697,203.73309815931,204.730164181923,
205.727230204536,206.724296227149),.UNSPECIFIED.);
#16=B_SPLINE_SURFACE_WITH_KNOTS('',3,3,((#5330,#5331,#5332,#5333,#5334,
#5335,#5336,#5337,#5338,#5339,#5340,#5341,#5342,#5343,#5344,#5345,#5346,
#5347,#5348,#5349,#5350,#5351,#5352,#5353,#5354,#5355,#5356,#5357,#5358,
#5359,#5360,#5361,#5362,#5363,#5364,#5365,#5366,#5367,#5368,#5369,#5370,
#5371,#5372,#5373,#5374,#5375,#5376,#5377,#5378,#5379,#5380,#5381,#5382,
#5383,#5384,#5385,#5386,#5387,#5388,#5389,#5390,#5391,#5392,#5393,#5394,
#5395,#5396,#5397,#5398,#5399,#5400,#5401,#5402,#5403,#5404,#5405,#5406,
#5407,#5408,#5409,#5410,#5411,#5412,#5413,#5414,#5415,#5416,#5417,#5418,
#5419,#5420,#5421,#5422,#5423,#5424,#5425,#5426,#5427,#5428,#5429,#5430,
#5431,#5432,#5433,#5434,#5435,#5436,#5437,#5438,#5439,#5440,#5441,#5442,
#5443,#5444,#5445,#5446,#5447,#5448,#5449,#5450,#5451,#5452,#5453,#5454,
#5455,#5456,#5457,#5458,#5459,#5460,#5461,#5462,#5463,#5464,#5465,#5466,
#5467,#5468,#5469,#5470,#5471,#5472,#5473,#5474,#5475,#5476,#5477,#5478,
#5479,#5480,#5481,#5482,#5483,#5484,#5485,#5486,#5487,#5488,#5489,#5490,
#5491,#5492,#5493,#5494,#5495,#5496,#5497,#5498,#5499,#5500,#5501,#5502,
#5503,#5504,#5505,#5506,#5507,#5508,#5509,#5510,#5511,#5512,#5513,#5514,
#5515,#5516,#5517,#5518,#5519,#5520,#5521,#5522,#5523,#5524,#5525,#5526,
#5527,#5528,#5529,#5530,#5531),(#5532,#5533,#5534,#5535,#5536,#5537,#5538,
#5539,#5540,#5541,#5542,#5543,#5544,#5545,#5546,#5547,#5548,#5549,#5550,
#5551,#5552,#5553,#5554,#5555,#5556,#5557,#5558,#5559,#5560,#5561,#5562,
#5563,#5564,#5565,#5566,#5567,#5568,#5569,#5570,#5571,#5572,#5573,#5574,
#5575,#5576,#5577,#5578,#5579,#5580,#5581,#5582,#5583,#5584,#5585,#5586,
#5587,#5588,#5589,#5590,#5591,#5592,#5593,#5594,#5595,#5596,#5597,#5598,
#5599,#5600,#5601,#5602,#5603,#5604,#5605,#5606,#5607,#5608,#5609,#5610,
#5611,#5612,#5613,#5614,#5615,#5616,#5617,#5618,#5619,#5620,#5621,#5622,
#5623,#5624,#5625,#5626,#5627,#5628,#5629,#5630,#5631,#5632,#5633,#5634,
#5635,#5636,#5637,#5638,#5639,#5640,#5641,#5642,#5643,#5644,#5645,#5646,
#5647,#5648,#5649,#5650,#5651,#5652,#5653,#5654,#5655,#5656,#5657,#5658,
#5659,#5660,#5661,#5662,#5663,#5664,#5665,#5666,#5667,#5668,#5669,#5670,
#5671,#5672,#5673,#5674,#5675,#5676,#5677,#5678,#5679,#5680,#5681,#5682,
#5683,#5684,#5685,#5686,#5687,#5688,#5689,#5690,#5691,#5692,#5693,#5694,
#5695,#5696,#5697,#5698,#5699,#5700,#5701,#5702,#5703,#5704,#5705,#5706,
#5707,#5708,#5709,#5710,#5711,#5712,#5713,#5714,#5715,#5716,#5717,#5718,
#5719,#5720,#5721,#5722,#5723,#5724,#5725,#5726,#5727,#5728,#5729,#5730,
#5731,#5732,#5733),(#5734,#5735,#5736,#5737,#5738,#5739,#5740,#5741,#5742,
#5743,#5744,#5745,#5746,#5747,#5748,#5749,#5750,#5751,#5752,#5753,#5754,
#5755,#5756,#5757,#5758,#5759,#5760,#5761,#5762,#5763,#5764,#5765,#5766,
#5767,#5768,#5769,#5770,#5771,#5772,#5773,#5774,#5775,#5776,#5777,#5778,
#5779,#5780,#5781,#5782,#5783,#5784,#5785,#5786,#5787,#5788,#5789,#5790,
#5791,#5792,#5793,#5794,#5795,#5796,#5797,#5798,#5799,#5800,#5801,#5802,
#5803,#5804,#5805,#5806,#5807,#5808,#5809,#5810,#5811,#5812,#5813,#5814,
#5815,#5816,#5817,#5818,#5819,#5820,#5821,#5822,#5823,#5824,#5825,#5826,
#5827,#5828,#5829,#5830,#5831,#5832,#5833,#5834,#5835,#5836,#5837,#5838,
#5839,#5840,#5841,#5842,#5843,#5844,#5845,#5846,#5847,#5848,#5849,#5850,
#5851,#5852,#5853,#5854,#5855,#5856,#5857,#5858,#5859,#5860,#5861,#5862,
#5863,#5864,#5865,#5866,#5867,#5868,#5869,#5870,#5871,#5872,#5873,#5874,
#5875,#5876,#5877,#5878,#5879,#5880,#5881,#5882,#5883,#5884,#5885,#5886,
#5887,#5888,#5889,#5890,#5891,#5892,#5893,#5894,#5895,#5896,#5897,#5898,
#5899,#5900,#5901,#5902,#5903,#5904,#5905,#5906,#5907,#5908,#5909,#5910,
#5911,#5912,#5913,#5914,#5915,#5916,#5917,#5918,#5919,#5920,#5921,#5922,
#5923,#5924,#5925,#5926,#5927,#5928,#5929,#5930,#5931,#5932,#5933,#5934,
#5935),(#5936,#5937,#5938,#5939,#5940,#5941,#5942,#5943,#5944,#5945,#5946,
#5947,#5948,#5949,#5950,#5951,#5952,#5953,#5954,#5955,#5956,#5957,#5958,
#5959,#5960,#5961,#5962,#5963,#5964,#5965,#5966,#5967,#5968,#5969,#5970,
#5971,#5972,#5973,#5974,#5975,#5976,#5977,#5978,#5979,#5980,#5981,#5982,
#5983,#5984,#5985,#5986,#5987,#5988,#5989,#5990,#5991,#5992,#5993,#5994,
#5995,#5996,#5997,#5998,#5999,#6000,#6001,#6002,#6003,#6004,#6005,#6006,
#6007,#6008,#6009,#6010,#6011,#6012,#6013,#6014,#6015,#6016,#6017,#6018,
#6019,#6020,#6021,#6022,#6023,#6024,#6025,#6026,#6027,#6028,#6029,#6030,
#6031,#6032,#6033,#6034,#6035,#6036,#6037,#6038,#6039,#6040,#6041,#6042,
#6043,#6044,#6045,#6046,#6047,#6048,#6049,#6050,#6051,#6052,#6053,#6054,
#6055,#6056,#6057,#6058,#6059,#6060,#6061,#6062,#6063,#6064,#6065,#6066,
#6067,#6068,#6069,#6070,#6071,#6072,#6073,#6074,#6075,#6076,#6077,#6078,
#6079,#6080,#6081,#6082,#6083,#6084,#6085,#6086,#6087,#6088,#6089,#6090,
#6091,#6092,#6093,#6094,#6095,#6096,#6097,#6098,#6099,#6100,#6101,#6102,
#6103,#6104,#6105,#6106,#6107,#6108,#6109,#6110,#6111,#6112,#6113,#6114,
#6115,#6116,#6117,#6118,#6119,#6120,#6121,#6122,#6123,#6124,#6125,#6126,
#6127,#6128,#6129,#6130,#6131,#6132,#6133,#6134,#6135,#6136,#6137)),
 .UNSPECIFIED.,.F.,.F.,.F.,(4,4),(4,1,1,1,1,1,1,1,1,1,1,1,1,1,1,1,1,1,1,
1,1,1,1,1,1,1,1,1,1,1,1,1,1,1,1,1,1,1,1,1,1,1,1,1,1,1,1,1,1,1,1,1,1,1,1,
1,1,1,1,1,1,1,1,1,1,1,1,1,1,1,1,1,1,1,1,1,1,1,1,1,1,1,1,1,1,1,1,1,1,1,1,
1,1,1,1,1,1,1,1,1,1,1,1,1,1,1,1,1,1,1,1,1,1,1,1,1,1,1,1,1,1,1,1,1,1,1,1,
1,1,1,1,1,1,1,1,1,1,1,1,1,1,1,1,1,1,1,1,1,1,1,1,1,1,1,1,1,1,1,1,1,1,1,1,
1,1,1,1,1,1,1,1,1,1,1,1,1,1,1,1,1,1,1,1,1,1,1,1,1,1,1,1,1,1,1,1,1,1,1,1,
4),(0.,0.0526254770366344),(11.6163931973417,12.6134592199547,13.6105252425677,
14.6075912651807,15.6046572877937,16.6017233104067,17.5987893330197,18.5958553556327,
19.5929213782456,20.5899874008586,21.5870534234716,22.5841194460846,23.5811854686976,
24.5782514913106,25.5753175139236,26.5723835365366,27.5694495591496,28.5665155817626,
29.5635816043756,30.5606476269886,31.5577136496016,32.5547796722146,33.5518456948276,
34.5489117174406,35.5459777400536,36.5430437626666,37.5401097852796,38.5371758078926,
39.5342418305056,40.5313078531186,41.5283738757316,42.5254398983446,43.5225059209576,
44.5195719435706,45.5166379661836,46.5137039887966,47.5107700114096,48.5078360340226,
49.5049020566356,50.5019680792486,51.4990341018616,52.4961001244746,53.4931661470875,
54.4902321697005,55.4872981923135,56.4843642149265,57.4814302375395,58.4784962601525,
59.4755622827655,60.4726283053785,61.4696943279915,62.4667603506045,63.4638263732175,
64.4608923958305,65.4579584184435,66.4550244410565,67.4520904636695,68.4491564862825,
69.4462225088955,70.4432885315085,71.4403545541215,72.4374205767345,73.4344865993475,
74.4315526219605,75.4286186445735,76.4256846671865,77.4227506897995,78.4198167124125,
79.4168827350255,80.4139487576385,81.4110147802515,82.4080808028645,83.4051468254775,
84.4022128480905,85.3992788707035,86.3963448933165,87.3934109159295,88.3904769385424,
89.3875429611554,90.3846089837684,91.3816750063814,92.3787410289944,93.3758070516074,
94.3728730742204,95.3699390968334,96.3670051194464,97.3640711420594,98.3611371646724,
99.3582031872854,100.355269209898,101.352335232511,102.349401255124,103.346467277737,
104.34353330035,105.340599322963,106.337665345576,107.334731368189,108.331797390802,
109.328863413415,110.325929436028,111.322995458641,112.320061481254,113.317127503867,
114.31419352648,115.311259549093,116.308325571706,117.305391594319,118.302457616932,
119.299523639545,120.296589662158,121.293655684771,122.290721707384,123.287787729997,
124.28485375261,125.281919775223,126.278985797836,127.276051820449,128.273117843062,
129.270183865675,130.267249888288,131.264315910901,132.261381933514,133.258447956127,
134.25551397874,135.252580001353,136.249646023966,137.246712046579,138.243778069192,
139.240844091805,140.237910114418,141.234976137031,142.232042159644,143.229108182257,
144.22617420487,145.223240227483,146.220306250096,147.217372272709,148.214438295322,
149.211504317935,150.208570340548,151.205636363161,152.202702385774,153.199768408387,
154.196834431,155.193900453613,156.190966476226,157.188032498839,158.185098521452,
159.182164544065,160.179230566678,161.176296589291,162.173362611904,163.170428634517,
164.16749465713,165.164560679743,166.161626702356,167.158692724969,168.155758747582,
169.152824770195,170.149890792808,171.146956815421,172.144022838034,173.141088860647,
174.13815488326,175.135220905873,176.132286928486,177.129352951099,178.126418973712,
179.123484996325,180.120551018938,181.117617041551,182.114683064164,183.111749086777,
184.10881510939,185.105881132003,186.102947154616,187.100013177229,188.097079199842,
189.094145222455,190.091211245068,191.088277267681,192.085343290294,193.082409312907,
194.07947533552,195.076541358133,196.073607380746,197.070673403359,198.067739425972,
199.064805448585,200.061871471198,201.058937493811,202.056003516424,203.053069539037,
204.05013556165,205.047201584263,206.044267606876,207.041333629489,208.038399652102,
209.035465674715,210.032531697328),.UNSPECIFIED.);
#17=FACE_BOUND('',#177,.T.);
#18=FACE_BOUND('',#180,.T.);
#19=PLANE('',#1574);
#20=PLANE('',#1578);
#21=PLANE('',#1579);
#22=PLANE('',#1580);
#23=PLANE('',#1581);
#24=PLANE('',#1582);
#25=PLANE('',#1583);
#26=PLANE('',#1584);
#27=PLANE('',#1585);
#28=PLANE('',#1589);
#29=CONICAL_SURFACE('',#1567,3.85,0.785398163397448);
#30=CONICAL_SURFACE('',#1576,3.85,0.785398163397446);
#31=FACE_OUTER_BOUND('',#111,.T.);
#32=FACE_OUTER_BOUND('',#112,.T.);
#33=FACE_OUTER_BOUND('',#113,.T.);
#34=FACE_OUTER_BOUND('',#114,.T.);
#35=FACE_OUTER_BOUND('',#115,.T.);
#36=FACE_OUTER_BOUND('',#116,.T.);
#37=FACE_OUTER_BOUND('',#117,.T.);
#38=FACE_OUTER_BOUND('',#118,.T.);
#39=FACE_OUTER_BOUND('',#119,.T.);
#40=FACE_OUTER_BOUND('',#120,.T.);
#41=FACE_OUTER_BOUND('',#121,.T.);
#42=FACE_OUTER_BOUND('',#122,.T.);
#43=FACE_OUTER_BOUND('',#123,.T.);
#44=FACE_OUTER_BOUND('',#124,.T.);
#45=FACE_OUTER_BOUND('',#125,.T.);
#46=FACE_OUTER_BOUND('',#126,.T.);
#47=FACE_OUTER_BOUND('',#127,.T.);
#48=FACE_OUTER_BOUND('',#128,.T.);
#49=FACE_OUTER_BOUND('',#129,.T.);
#50=FACE_OUTER_BOUND('',#130,.T.);
#51=FACE_OUTER_BOUND('',#131,.T.);
#52=FACE_OUTER_BOUND('',#132,.T.);
#53=FACE_OUTER_BOUND('',#133,.T.);
#54=FACE_OUTER_BOUND('',#134,.T.);
#55=FACE_OUTER_BOUND('',#135,.T.);
#56=FACE_OUTER_BOUND('',#136,.T.);
#57=FACE_OUTER_BOUND('',#137,.T.);
#58=FACE_OUTER_BOUND('',#138,.T.);
#59=FACE_OUTER_BOUND('',#139,.T.);
#60=FACE_OUTER_BOUND('',#140,.T.);
#61=FACE_OUTER_BOUND('',#141,.T.);
#62=FACE_OUTER_BOUND('',#142,.T.);
#63=FACE_OUTER_BOUND('',#143,.T.);
#64=FACE_OUTER_BOUND('',#144,.T.);
#65=FACE_OUTER_BOUND('',#145,.T.);
#66=FACE_OUTER_BOUND('',#146,.T.);
#67=FACE_OUTER_BOUND('',#147,.T.);
#68=FACE_OUTER_BOUND('',#148,.T.);
#69=FACE_OUTER_BOUND('',#149,.T.);
#70=FACE_OUTER_BOUND('',#150,.T.);
#71=FACE_OUTER_BOUND('',#151,.T.);
#72=FACE_OUTER_BOUND('',#152,.T.);
#73=FACE_OUTER_BOUND('',#153,.T.);
#74=FACE_OUTER_BOUND('',#154,.T.);
#75=FACE_OUTER_BOUND('',#155,.T.);
#76=FACE_OUTER_BOUND('',#156,.T.);
#77=FACE_OUTER_BOUND('',#157,.T.);
#78=FACE_OUTER_BOUND('',#158,.T.);
#79=FACE_OUTER_BOUND('',#159,.T.);
#80=FACE_OUTER_BOUND('',#160,.T.);
#81=FACE_OUTER_BOUND('',#161,.T.);
#82=FACE_OUTER_BOUND('',#162,.T.);
#83=FACE_OUTER_BOUND('',#163,.T.);
#84=FACE_OUTER_BOUND('',#164,.T.);
#85=FACE_OUTER_BOUND('',#165,.T.);
#86=FACE_OUTER_BOUND('',#166,.T.);
#87=FACE_OUTER_BOUND('',#167,.T.);
#88=FACE_OUTER_BOUND('',#168,.T.);
#89=FACE_OUTER_BOUND('',#169,.T.);
#90=FACE_OUTER_BOUND('',#170,.T.);
#91=FACE_OUTER_BOUND('',#171,.T.);
#92=FACE_OUTER_BOUND('',#172,.T.);
#93=FACE_OUTER_BOUND('',#173,.T.);
#94=FACE_OUTER_BOUND('',#174,.T.);
#95=FACE_OUTER_BOUND('',#175,.T.);
#96=FACE_OUTER_BOUND('',#176,.T.);
#97=FACE_OUTER_BOUND('',#178,.T.);
#98=FACE_OUTER_BOUND('',#179,.T.);
#99=FACE_OUTER_BOUND('',#181,.T.);
#100=FACE_OUTER_BOUND('',#182,.T.);
#101=FACE_OUTER_BOUND('',#183,.T.);
#102=FACE_OUTER_BOUND('',#184,.T.);
#103=FACE_OUTER_BOUND('',#185,.T.);
#104=FACE_OUTER_BOUND('',#186,.T.);
#105=FACE_OUTER_BOUND('',#187,.T.);
#106=FACE_OUTER_BOUND('',#188,.T.);
#107=FACE_OUTER_BOUND('',#189,.T.);
#108=FACE_OUTER_BOUND('',#190,.T.);
#109=FACE_OUTER_BOUND('',#191,.T.);
#110=FACE_OUTER_BOUND('',#192,.T.);
#111=EDGE_LOOP('',(#885,#886,#887,#888));
#112=EDGE_LOOP('',(#889,#890,#891,#892));
#113=EDGE_LOOP('',(#893,#894,#895,#896));
#114=EDGE_LOOP('',(#897,#898,#899,#900));
#115=EDGE_LOOP('',(#901,#902,#903,#904));
#116=EDGE_LOOP('',(#905,#906,#907,#908));
#117=EDGE_LOOP('',(#909,#910,#911,#912));
#118=EDGE_LOOP('',(#913,#914,#915,#916));
#119=EDGE_LOOP('',(#917,#918,#919,#920));
#120=EDGE_LOOP('',(#921,#922,#923,#924));
#121=EDGE_LOOP('',(#925,#926,#927,#928));
#122=EDGE_LOOP('',(#929,#930,#931,#932));
#123=EDGE_LOOP('',(#933,#934,#935,#936));
#124=EDGE_LOOP('',(#937,#938,#939,#940));
#125=EDGE_LOOP('',(#941,#942,#943,#944));
#126=EDGE_LOOP('',(#945,#946,#947,#948));
#127=EDGE_LOOP('',(#949,#950,#951,#952));
#128=EDGE_LOOP('',(#953,#954,#955,#956));
#129=EDGE_LOOP('',(#957,#958,#959,#960));
#130=EDGE_LOOP('',(#961,#962,#963,#964));
#131=EDGE_LOOP('',(#965,#966,#967,#968));
#132=EDGE_LOOP('',(#969,#970,#971,#972));
#133=EDGE_LOOP('',(#973,#974,#975,#976));
#134=EDGE_LOOP('',(#977,#978,#979,#980));
#135=EDGE_LOOP('',(#981,#982,#983,#984));
#136=EDGE_LOOP('',(#985,#986,#987,#988));
#137=EDGE_LOOP('',(#989,#990,#991,#992));
#138=EDGE_LOOP('',(#993,#994,#995,#996));
#139=EDGE_LOOP('',(#997,#998,#999,#1000));
#140=EDGE_LOOP('',(#1001,#1002,#1003,#1004));
#141=EDGE_LOOP('',(#1005,#1006,#1007,#1008));
#142=EDGE_LOOP('',(#1009,#1010,#1011,#1012,#1013));
#143=EDGE_LOOP('',(#1014,#1015,#1016,#1017));
#144=EDGE_LOOP('',(#1018,#1019,#1020,#1021));
#145=EDGE_LOOP('',(#1022,#1023,#1024,#1025));
#146=EDGE_LOOP('',(#1026,#1027,#1028,#1029));
#147=EDGE_LOOP('',(#1030,#1031,#1032,#1033));
#148=EDGE_LOOP('',(#1034,#1035,#1036,#1037));
#149=EDGE_LOOP('',(#1038,#1039,#1040,#1041));
#150=EDGE_LOOP('',(#1042,#1043,#1044,#1045));
#151=EDGE_LOOP('',(#1046,#1047,#1048,#1049));
#152=EDGE_LOOP('',(#1050,#1051,#1052,#1053));
#153=EDGE_LOOP('',(#1054,#1055,#1056,#1057));
#154=EDGE_LOOP('',(#1058,#1059,#1060,#1061));
#155=EDGE_LOOP('',(#1062,#1063,#1064,#1065));
#156=EDGE_LOOP('',(#1066,#1067,#1068,#1069));
#157=EDGE_LOOP('',(#1070,#1071,#1072,#1073));
#158=EDGE_LOOP('',(#1074,#1075,#1076,#1077));
#159=EDGE_LOOP('',(#1078,#1079,#1080,#1081));
#160=EDGE_LOOP('',(#1082,#1083,#1084,#1085));
#161=EDGE_LOOP('',(#1086,#1087,#1088,#1089));
#162=EDGE_LOOP('',(#1090,#1091,#1092,#1093));
#163=EDGE_LOOP('',(#1094,#1095,#1096,#1097));
#164=EDGE_LOOP('',(#1098,#1099,#1100,#1101));
#165=EDGE_LOOP('',(#1102,#1103,#1104,#1105));
#166=EDGE_LOOP('',(#1106,#1107,#1108,#1109));
#167=EDGE_LOOP('',(#1110,#1111,#1112,#1113));
#168=EDGE_LOOP('',(#1114,#1115,#1116,#1117));
#169=EDGE_LOOP('',(#1118,#1119,#1120,#1121));
#170=EDGE_LOOP('',(#1122,#1123,#1124,#1125));
#171=EDGE_LOOP('',(#1126,#1127,#1128,#1129));
#172=EDGE_LOOP('',(#1130,#1131,#1132,#1133));
#173=EDGE_LOOP('',(#1134,#1135,#1136,#1137));
#174=EDGE_LOOP('',(#1138,#1139,#1140,#1141,#1142));
#175=EDGE_LOOP('',(#1143,#1144,#1145,#1146,#1147,#1148));
#176=EDGE_LOOP('',(#1149));
#177=EDGE_LOOP('',(#1150,#1151,#1152,#1153));
#178=EDGE_LOOP('',(#1154,#1155,#1156,#1157,#1158));
#179=EDGE_LOOP('',(#1159));
#180=EDGE_LOOP('',(#1160,#1161,#1162,#1163,#1164,#1165));
#181=EDGE_LOOP('',(#1166,#1167,#1168,#1169));
#182=EDGE_LOOP('',(#1170,#1171,#1172,#1173));
#183=EDGE_LOOP('',(#1174,#1175,#1176,#1177));
#184=EDGE_LOOP('',(#1178,#1179,#1180,#1181));
#185=EDGE_LOOP('',(#1182,#1183,#1184,#1185));
#186=EDGE_LOOP('',(#1186,#1187,#1188,#1189));
#187=EDGE_LOOP('',(#1190,#1191,#1192,#1193,#1194,#1195));
#188=EDGE_LOOP('',(#1196,#1197,#1198,#1199,#1200,#1201,#1202,#1203,#1204,
#1205,#1206,#1207,#1208,#1209,#1210,#1211,#1212,#1213,#1214,#1215,#1216,
#1217,#1218,#1219,#1220,#1221,#1222,#1223,#1224,#1225,#1226,#1227,#1228,
#1229,#1230,#1231,#1232,#1233,#1234,#1235,#1236,#1237,#1238,#1239,#1240,
#1241,#1242,#1243,#1244,#1245,#1246,#1247,#1248,#1249,#1250,#1251,#1252,
#1253,#1254,#1255,#1256,#1257,#1258,#1259,#1260,#1261,#1262));
#189=EDGE_LOOP('',(#1263,#1264,#1265,#1266));
#190=EDGE_LOOP('',(#1267,#1268,#1269,#1270,#1271,#1272,#1273,#1274,#1275,
#1276,#1277,#1278,#1279,#1280,#1281,#1282,#1283,#1284,#1285,#1286,#1287,
#1288,#1289,#1290,#1291,#1292,#1293,#1294,#1295,#1296,#1297,#1298,#1299,
#1300,#1301,#1302,#1303,#1304,#1305,#1306,#1307,#1308,#1309,#1310,#1311,
#1312,#1313,#1314,#1315,#1316,#1317,#1318,#1319,#1320,#1321,#1322,#1323,
#1324,#1325,#1326,#1327,#1328,#1329,#1330,#1331,#1332));
#191=EDGE_LOOP('',(#1333,#1334,#1335));
#192=EDGE_LOOP('',(#1336,#1337,#1338,#1339,#1340));
#193=CIRCLE('',#1502,2.4505);
#194=CIRCLE('',#1534,2.4505);
#195=CIRCLE('',#1536,1.99475);
#196=CIRCLE('',#1568,3.7);
#197=CIRCLE('',#1569,4.);
#198=CIRCLE('',#1570,4.);
#199=CIRCLE('',#1572,4.);
#200=CIRCLE('',#1573,4.);
#201=CIRCLE('',#1575,1.99475);
#202=CIRCLE('',#1577,3.7);
#203=CIRCLE('',#1588,2.4505);
#204=B_SPLINE_CURVE_WITH_KNOTS('',3,(#1860,#1861,#1862,#1863,#1864,#1865,
#1866,#1867,#1868,#1869),.UNSPECIFIED.,.F.,.F.,(4,3,3,4),(-4.09157007060746,
-3.98826409045199,-2.99119806783899,-2.06659765062437),.UNSPECIFIED.);
#205=B_SPLINE_CURVE_WITH_KNOTS('',3,(#1872,#1873,#1874,#1875,#1876,#1877,
#1878),.UNSPECIFIED.,.F.,.F.,(4,3,4),(0.,0.997066022613001,1.11662023360688),
 .UNSPECIFIED.);
#206=B_SPLINE_CURVE_WITH_KNOTS('',3,(#1883,#1884,#1885,#1886,#1887,#1888,
#1889,#1890,#1891,#1892,#1893,#1894,#1895,#1896,#1897,#1898,#1899,#1900,
#1901,#1902,#1903,#1904),.UNSPECIFIED.,.F.,.F.,(4,3,3,3,3,3,3,4),(-10.374755377787,
-9.97066022612997,-8.97359420351698,-7.97652818090398,-6.97946215829098,
-5.98239613567798,-4.98533011306498,-4.09157007060746),.UNSPECIFIED.);
#207=B_SPLINE_CURVE_WITH_KNOTS('',3,(#1905,#1906,#1907,#1908,#1909,#1910,
#1911,#1912,#1913,#1914,#1915,#1916,#1917,#1918,#1919,#1920,#1921,#1922,
#1923,#1924,#1925,#1926),.UNSPECIFIED.,.F.,.F.,(4,3,3,3,3,3,3,4),(1.11662023360688,
1.994132045226,2.99119806783899,3.98826409045198,4.98533011306498,5.98239613567798,
6.97946215829097,7.39980554078646),.UNSPECIFIED.);
#208=B_SPLINE_CURVE_WITH_KNOTS('',3,(#1931,#1932,#1933,#1934,#1935,#1936,
#1937,#1938,#1939,#1940,#1941,#1942,#1943,#1944,#1945,#1946,#1947,#1948,
#1949,#1950,#1951,#1952),.UNSPECIFIED.,.F.,.F.,(4,3,3,3,3,3,3,4),(-16.6579406849666,
-15.953056361808,-14.955990339195,-13.958924316582,-12.961858293969,-11.964792271356,
-10.967726248743,-10.374755377787),.UNSPECIFIED.);
#209=B_SPLINE_CURVE_WITH_KNOTS('',3,(#1953,#1954,#1955,#1956,#1957,#1958,
#1959,#1960,#1961,#1962,#1963,#1964,#1965,#1966,#1967,#1968,#1969,#1970,
#1971,#1972,#1973,#1974),.UNSPECIFIED.,.F.,.F.,(4,3,3,3,3,3,3,4),(7.39980554078646,
7.97652818090397,8.97359420351697,9.97066022612997,10.967726248743,11.964792271356,
12.961858293969,13.682990847966),.UNSPECIFIED.);
#210=B_SPLINE_CURVE_WITH_KNOTS('',3,(#1979,#1980,#1981,#1982,#1983,#1984,
#1985,#1986,#1987,#1988,#1989,#1990,#1991,#1992,#1993,#1994,#1995,#1996,
#1997,#1998,#1999,#2000,#2001,#2002,#2003),.UNSPECIFIED.,.F.,.F.,(4,3,3,
3,3,3,3,3,4),(-22.9411259921462,-22.9325185200989,-21.9354524974859,-20.9383864748729,
-19.9413204522599,-18.9442544296469,-17.947188407034,-16.950122384421,-16.6579406849666),
 .UNSPECIFIED.);
#211=B_SPLINE_CURVE_WITH_KNOTS('',3,(#2004,#2005,#2006,#2007,#2008,#2009,
#2010,#2011,#2012,#2013,#2014,#2015,#2016,#2017,#2018,#2019,#2020,#2021,
#2022,#2023,#2024,#2025,#2026,#2027,#2028),.UNSPECIFIED.,.F.,.F.,(4,3,3,
3,3,3,3,3,4),(13.682990847966,13.958924316582,14.955990339195,15.953056361808,
16.950122384421,17.947188407034,18.9442544296469,19.9413204522599,19.9661761551456),
 .UNSPECIFIED.);
#212=B_SPLINE_CURVE_WITH_KNOTS('',3,(#2033,#2034,#2035,#2036,#2037,#2038,
#2039,#2040,#2041,#2042,#2043,#2044,#2045,#2046,#2047,#2048,#2049,#2050,
#2051,#2052,#2053,#2054),.UNSPECIFIED.,.F.,.F.,(4,3,3,3,3,3,3,4),(-29.2243112993258,
-28.9149146557769,-27.9178486331639,-26.9207826105509,-25.9237165879379,
-24.9266505653249,-23.9295845427119,-22.9411259921462),.UNSPECIFIED.);
#213=B_SPLINE_CURVE_WITH_KNOTS('',3,(#2055,#2056,#2057,#2058,#2059,#2060,
#2061,#2062,#2063,#2064,#2065,#2066,#2067,#2068,#2069,#2070,#2071,#2072,
#2073,#2074,#2075,#2076),.UNSPECIFIED.,.F.,.F.,(4,3,3,3,3,3,3,4),(19.9661761551456,
20.9383864748729,21.9354524974859,22.9325185200989,23.9295845427119,24.9266505653249,
25.9237165879379,26.2493614623252),.UNSPECIFIED.);
#214=B_SPLINE_CURVE_WITH_KNOTS('',3,(#2081,#2082,#2083,#2084,#2085,#2086,
#2087,#2088,#2089,#2090,#2091,#2092,#2093,#2094,#2095,#2096,#2097,#2098,
#2099,#2100,#2101,#2102),.UNSPECIFIED.,.F.,.F.,(4,3,3,3,3,3,3,4),(-35.5074966065054,
-34.8973107914549,-33.9002447688419,-32.9031787462289,-31.9061127236159,
-30.9090467010029,-29.9119806783899,-29.2243112993258),.UNSPECIFIED.);
#215=B_SPLINE_CURVE_WITH_KNOTS('',3,(#2103,#2104,#2105,#2106,#2107,#2108,
#2109,#2110,#2111,#2112,#2113,#2114,#2115,#2116,#2117,#2118,#2119,#2120,
#2121,#2122,#2123,#2124),.UNSPECIFIED.,.F.,.F.,(4,3,3,3,3,3,3,4),(26.2493614623252,
26.9207826105509,27.9178486331639,28.9149146557769,29.9119806783899,30.9090467010029,
31.9061127236159,32.5325467695048),.UNSPECIFIED.);
#216=B_SPLINE_CURVE_WITH_KNOTS('',3,(#2129,#2130,#2131,#2132,#2133,#2134,
#2135,#2136,#2137,#2138,#2139,#2140,#2141,#2142,#2143,#2144,#2145,#2146,
#2147,#2148,#2149,#2150),.UNSPECIFIED.,.F.,.F.,(4,3,3,3,3,3,3,4),(-41.790681913685,
-40.8797069271329,-39.8826409045199,-38.8855748819069,-37.8885088592939,
-36.8914428366809,-35.8943768140679,-35.5074966065054),.UNSPECIFIED.);
#217=B_SPLINE_CURVE_WITH_KNOTS('',3,(#2151,#2152,#2153,#2154,#2155,#2156,
#2157,#2158,#2159,#2160,#2161,#2162,#2163,#2164,#2165,#2166,#2167,#2168,
#2169,#2170,#2171,#2172),.UNSPECIFIED.,.F.,.F.,(4,3,3,3,3,3,3,4),(32.5325467695048,
32.9031787462289,33.9002447688419,34.8973107914549,35.8943768140679,36.8914428366809,
37.8885088592939,38.8157320766844),.UNSPECIFIED.);
#218=B_SPLINE_CURVE_WITH_KNOTS('',3,(#2177,#2178,#2179,#2180,#2181,#2182,
#2183,#2184,#2185,#2186,#2187,#2188,#2189,#2190,#2191,#2192,#2193,#2194,
#2195,#2196,#2197,#2198,#2199,#2200,#2201),.UNSPECIFIED.,.F.,.F.,(4,3,3,
3,3,3,3,3,4),(-48.0738672208646,-47.8591690854239,-46.8621030628109,-45.8650370401979,
-44.8679710175849,-43.8709049949719,-42.8738389723589,-41.8767729497459,
-41.790681913685),.UNSPECIFIED.);
#219=B_SPLINE_CURVE_WITH_KNOTS('',3,(#2202,#2203,#2204,#2205,#2206,#2207,
#2208,#2209,#2210,#2211,#2212,#2213,#2214,#2215,#2216,#2217,#2218,#2219,
#2220,#2221,#2222,#2223,#2224,#2225,#2226),.UNSPECIFIED.,.F.,.F.,(4,3,3,
3,3,3,3,3,4),(38.8157320766844,38.8855748819069,39.8826409045199,40.8797069271329,
41.8767729497459,42.8738389723589,43.8709049949719,44.8679710175849,45.098917383864),
 .UNSPECIFIED.);
#220=B_SPLINE_CURVE_WITH_KNOTS('',3,(#2231,#2232,#2233,#2234,#2235,#2236,
#2237,#2238,#2239,#2240,#2241,#2242,#2243,#2244,#2245,#2246,#2247,#2248,
#2249,#2250,#2251,#2252),.UNSPECIFIED.,.F.,.F.,(4,3,3,3,3,3,3,4),(-54.3570525280442,
-53.8415652211019,-52.8444991984888,-51.8474331758759,-50.8503671532629,
-49.8533011306499,-48.8562351080369,-48.0738672208646),.UNSPECIFIED.);
#221=B_SPLINE_CURVE_WITH_KNOTS('',3,(#2253,#2254,#2255,#2256,#2257,#2258,
#2259,#2260,#2261,#2262,#2263,#2264,#2265,#2266,#2267,#2268,#2269,#2270,
#2271,#2272,#2273,#2274),.UNSPECIFIED.,.F.,.F.,(4,3,3,3,3,3,3,4),(45.098917383864,
45.8650370401979,46.8621030628109,47.8591690854239,48.8562351080369,49.8533011306499,
50.8503671532629,51.3821026910436),.UNSPECIFIED.);
#222=B_SPLINE_CURVE_WITH_KNOTS('',3,(#2279,#2280,#2281,#2282,#2283,#2284,
#2285,#2286,#2287,#2288,#2289,#2290,#2291,#2292,#2293,#2294,#2295,#2296,
#2297,#2298,#2299,#2300),.UNSPECIFIED.,.F.,.F.,(4,3,3,3,3,3,3,4),(-60.6402378352238,
-59.8239613567798,-58.8268953341668,-57.8298293115538,-56.8327632889408,
-55.8356972663278,-54.8386312437149,-54.3570525280442),.UNSPECIFIED.);
#223=B_SPLINE_CURVE_WITH_KNOTS('',3,(#2301,#2302,#2303,#2304,#2305,#2306,
#2307,#2308,#2309,#2310,#2311,#2312,#2313,#2314,#2315,#2316,#2317,#2318,
#2319,#2320,#2321,#2322),.UNSPECIFIED.,.F.,.F.,(4,3,3,3,3,3,3,4),(51.3821026910436,
51.8474331758759,52.8444991984889,53.8415652211019,54.8386312437149,55.8356972663279,
56.8327632889409,57.6652879982232),.UNSPECIFIED.);
#224=B_SPLINE_CURVE_WITH_KNOTS('',3,(#2327,#2328,#2329,#2330,#2331,#2332,
#2333,#2334,#2335,#2336,#2337,#2338,#2339,#2340,#2341,#2342,#2343,#2344,
#2345,#2346,#2347,#2348,#2349,#2350,#2351),.UNSPECIFIED.,.F.,.F.,(4,3,3,
3,3,3,3,3,4),(-66.9234231424034,-66.8034235150708,-65.8063574924578,-64.8092914698448,
-63.8122254472318,-62.8151594246188,-61.8180934020058,-60.8210273793928,
-60.6402378352238),.UNSPECIFIED.);
#225=B_SPLINE_CURVE_WITH_KNOTS('',3,(#2352,#2353,#2354,#2355,#2356,#2357,
#2358,#2359,#2360,#2361,#2362,#2363,#2364,#2365,#2366,#2367,#2368,#2369,
#2370,#2371,#2372,#2373,#2374,#2375,#2376),.UNSPECIFIED.,.F.,.F.,(4,3,3,
3,3,3,3,3,4),(57.6652879982232,57.8298293115539,58.8268953341669,59.8239613567799,
60.8210273793929,61.8180934020059,62.8151594246188,63.8122254472318,63.9484733054028),
 .UNSPECIFIED.);
#226=B_SPLINE_CURVE_WITH_KNOTS('',3,(#2381,#2382,#2383,#2384,#2385,#2386,
#2387,#2388,#2389,#2390,#2391,#2392,#2393,#2394,#2395,#2396,#2397,#2398,
#2399,#2400,#2401,#2402),.UNSPECIFIED.,.F.,.F.,(4,3,3,3,3,3,3,4),(-73.206608449583,
-72.7858196507488,-71.7887536281358,-70.7916876055228,-69.7946215829098,
-68.7975555602968,-67.8004895376838,-66.9234231424034),.UNSPECIFIED.);
#227=B_SPLINE_CURVE_WITH_KNOTS('',3,(#2403,#2404,#2405,#2406,#2407,#2408,
#2409,#2410,#2411,#2412,#2413,#2414,#2415,#2416,#2417,#2418,#2419,#2420,
#2421,#2422,#2423,#2424),.UNSPECIFIED.,.F.,.F.,(4,3,3,3,3,3,3,4),(63.9484733054028,
64.8092914698448,65.8063574924578,66.8034235150708,67.8004895376838,68.7975555602968,
69.7946215829098,70.2316586125824),.UNSPECIFIED.);
#228=B_SPLINE_CURVE_WITH_KNOTS('',3,(#2429,#2430,#2431,#2432,#2433,#2434,
#2435,#2436,#2437,#2438,#2439,#2440,#2441,#2442,#2443,#2444,#2445,#2446,
#2447,#2448,#2449,#2450),.UNSPECIFIED.,.F.,.F.,(4,3,3,3,3,3,3,4),(-79.4897937567626,
-78.7682157864268,-77.7711497638138,-76.7740837412008,-75.7770177185878,
-74.7799516959748,-73.7828856733618,-73.206608449583),.UNSPECIFIED.);
#229=B_SPLINE_CURVE_WITH_KNOTS('',3,(#2451,#2452,#2453,#2454,#2455,#2456,
#2457,#2458,#2459,#2460,#2461,#2462,#2463,#2464,#2465,#2466,#2467,#2468,
#2469,#2470,#2471,#2472),.UNSPECIFIED.,.F.,.F.,(4,3,3,3,3,3,3,4),(70.2316586125824,
70.7916876055228,71.7887536281358,72.7858196507488,73.7828856733618,74.7799516959748,
75.7770177185878,76.5148439197619),.UNSPECIFIED.);
#230=B_SPLINE_CURVE_WITH_KNOTS('',3,(#2477,#2478,#2479,#2480,#2481,#2482,
#2483,#2484,#2485,#2486,#2487,#2488,#2489,#2490,#2491,#2492,#2493,#2494,
#2495,#2496,#2497,#2498,#2499,#2500,#2501),.UNSPECIFIED.,.F.,.F.,(4,3,3,
3,3,3,3,3,4),(-85.7729790639421,-85.7476779447178,-84.7506119221048,-83.7535458994917,
-82.7564798768788,-81.7594138542658,-80.7623478316528,-79.7652818090398,
-79.4897937567626),.UNSPECIFIED.);
#231=B_SPLINE_CURVE_WITH_KNOTS('',3,(#2502,#2503,#2504,#2505,#2506,#2507,
#2508,#2509,#2510,#2511,#2512,#2513,#2514,#2515,#2516,#2517,#2518,#2519,
#2520,#2521,#2522,#2523,#2524,#2525,#2526),.UNSPECIFIED.,.F.,.F.,(4,3,3,
3,3,3,3,3,4),(76.5148439197619,76.7740837412008,77.7711497638138,78.7682157864268,
79.7652818090398,80.7623478316528,81.7594138542658,82.7564798768788,82.7980292269416),
 .UNSPECIFIED.);
#232=B_SPLINE_CURVE_WITH_KNOTS('',3,(#2531,#2532,#2533,#2534,#2535,#2536,
#2537,#2538,#2539,#2540,#2541,#2542,#2543,#2544,#2545,#2546,#2547,#2548,
#2549,#2550,#2551,#2552),.UNSPECIFIED.,.F.,.F.,(4,3,3,3,3,3,3,4),(-92.0561643711217,
-91.7300740803957,-90.7330080577827,-89.7359420351697,-88.7388760125567,
-87.7418099899437,-86.7447439673307,-85.7729790639421),.UNSPECIFIED.);
#233=B_SPLINE_CURVE_WITH_KNOTS('',3,(#2553,#2554,#2555,#2556,#2557,#2558,
#2559,#2560,#2561,#2562,#2563,#2564,#2565,#2566,#2567,#2568,#2569,#2570,
#2571,#2572,#2573,#2574),.UNSPECIFIED.,.F.,.F.,(4,3,3,3,3,3,3,4),(82.7980292269416,
83.7535458994918,84.7506119221048,85.7476779447178,86.7447439673308,87.7418099899438,
88.7388760125568,89.0812145341211),.UNSPECIFIED.);
#234=B_SPLINE_CURVE_WITH_KNOTS('',3,(#2579,#2580,#2581,#2582,#2583,#2584,
#2585,#2586,#2587,#2588,#2589,#2590,#2591,#2592,#2593,#2594,#2595,#2596,
#2597,#2598,#2599,#2600),.UNSPECIFIED.,.F.,.F.,(4,3,3,3,3,3,3,4),(-98.3393496783013,
-97.7124702160737,-96.7154041934607,-95.7183381708477,-94.7212721482347,
-93.7242061256217,-92.7271401030087,-92.0561643711217),.UNSPECIFIED.);
#235=B_SPLINE_CURVE_WITH_KNOTS('',3,(#2601,#2602,#2603,#2604,#2605,#2606,
#2607,#2608,#2609,#2610,#2611,#2612,#2613,#2614,#2615,#2616,#2617,#2618,
#2619,#2620,#2621,#2622),.UNSPECIFIED.,.F.,.F.,(4,3,3,3,3,3,3,4),(89.0812145341211,
89.7359420351698,90.7330080577828,91.7300740803958,92.7271401030088,93.7242061256218,
94.7212721482348,95.3643998413007),.UNSPECIFIED.);
#236=B_SPLINE_CURVE_WITH_KNOTS('',3,(#2627,#2628,#2629,#2630,#2631,#2632,
#2633,#2634,#2635,#2636,#2637,#2638,#2639,#2640,#2641,#2642,#2643,#2644,
#2645,#2646,#2647,#2648),.UNSPECIFIED.,.F.,.F.,(4,3,3,3,3,3,3,4),(-104.622534985481,
-103.694866351752,-102.697800329139,-101.700734306526,-100.703668283913,
-99.7066022612997,-98.7095362386867,-98.3393496783013),.UNSPECIFIED.);
#237=B_SPLINE_CURVE_WITH_KNOTS('',3,(#2649,#2650,#2651,#2652,#2653,#2654,
#2655,#2656,#2657,#2658,#2659,#2660,#2661,#2662,#2663,#2664,#2665,#2666,
#2667,#2668,#2669,#2670),.UNSPECIFIED.,.F.,.F.,(4,3,3,3,3,3,3,4),(95.3643998413007,
95.7183381708478,96.7154041934608,97.7124702160738,98.7095362386868,99.7066022612998,
100.703668283913,101.64758514848),.UNSPECIFIED.);
#238=B_SPLINE_CURVE_WITH_KNOTS('',3,(#2675,#2676,#2677,#2678,#2679,#2680,
#2681,#2682,#2683,#2684,#2685,#2686,#2687,#2688,#2689,#2690,#2691,#2692,
#2693,#2694,#2695,#2696,#2697,#2698,#2699),.UNSPECIFIED.,.F.,.F.,(4,3,3,
3,3,3,3,3,4),(-110.905720292661,-110.674328510043,-109.67726248743,-108.680196464817,
-107.683130442204,-106.686064419591,-105.688998396978,-104.691932374365,
-104.622534985481),.UNSPECIFIED.);
#239=B_SPLINE_CURVE_WITH_KNOTS('',3,(#2700,#2701,#2702,#2703,#2704,#2705,
#2706,#2707,#2708,#2709,#2710,#2711,#2712,#2713,#2714,#2715,#2716,#2717,
#2718,#2719,#2720,#2721,#2722,#2723,#2724),.UNSPECIFIED.,.F.,.F.,(4,3,3,
3,3,3,3,3,4),(101.64758514848,101.700734306526,102.697800329139,103.694866351752,
104.691932374365,105.688998396978,106.686064419591,107.683130442204,107.93077045566),
 .UNSPECIFIED.);
#240=B_SPLINE_CURVE_WITH_KNOTS('',3,(#2729,#2730,#2731,#2732,#2733,#2734,
#2735,#2736,#2737,#2738,#2739,#2740,#2741,#2742,#2743,#2744,#2745,#2746,
#2747,#2748,#2749,#2750),.UNSPECIFIED.,.F.,.F.,(4,3,3,3,3,3,3,4),(-117.18890559984,
-116.656724645721,-115.659658623108,-114.662592600495,-113.665526577882,
-112.668460555269,-111.671394532656,-110.905720292661),.UNSPECIFIED.);
#241=B_SPLINE_CURVE_WITH_KNOTS('',3,(#2751,#2752,#2753,#2754,#2755,#2756,
#2757,#2758,#2759,#2760,#2761,#2762,#2763,#2764,#2765,#2766,#2767,#2768,
#2769,#2770,#2771,#2772),.UNSPECIFIED.,.F.,.F.,(4,3,3,3,3,3,3,4),(107.93077045566,
108.680196464817,109.67726248743,110.674328510043,111.671394532656,112.668460555269,
113.665526577882,114.21395576284),.UNSPECIFIED.);
#242=B_SPLINE_CURVE_WITH_KNOTS('',3,(#2777,#2778,#2779,#2780,#2781,#2782,
#2783,#2784,#2785,#2786,#2787,#2788,#2789,#2790,#2791,#2792,#2793,#2794,
#2795,#2796,#2797,#2798),.UNSPECIFIED.,.F.,.F.,(4,3,3,3,3,3,3,4),(-123.47209090702,
-122.639120781399,-121.642054758786,-120.644988736173,-119.64792271356,
-118.650856690947,-117.653790668334,-117.18890559984),.UNSPECIFIED.);
#243=B_SPLINE_CURVE_WITH_KNOTS('',3,(#2799,#2800,#2801,#2802,#2803,#2804,
#2805,#2806,#2807,#2808,#2809,#2810,#2811,#2812,#2813,#2814,#2815,#2816,
#2817,#2818,#2819,#2820),.UNSPECIFIED.,.F.,.F.,(4,3,3,3,3,3,3,4),(114.21395576284,
114.662592600495,115.659658623108,116.656724645721,117.653790668334,118.650856690947,
119.64792271356,120.497141070019),.UNSPECIFIED.);
#244=B_SPLINE_CURVE_WITH_KNOTS('',3,(#2825,#2826,#2827,#2828,#2829,#2830,
#2831,#2832,#2833,#2834,#2835,#2836,#2837,#2838,#2839,#2840,#2841,#2842,
#2843,#2844,#2845,#2846,#2847,#2848,#2849),.UNSPECIFIED.,.F.,.F.,(4,3,3,
3,3,3,3,3,4),(-129.755276214199,-129.61858293969,-128.621516917077,-127.624450894464,
-126.627384871851,-125.630318849238,-124.633252826625,-123.636186804012,
-123.47209090702),.UNSPECIFIED.);
#245=B_SPLINE_CURVE_WITH_KNOTS('',3,(#2850,#2851,#2852,#2853,#2854,#2855,
#2856,#2857,#2858,#2859,#2860,#2861,#2862,#2863,#2864,#2865,#2866,#2867,
#2868,#2869,#2870,#2871,#2872,#2873,#2874),.UNSPECIFIED.,.F.,.F.,(4,3,3,
3,3,3,3,3,4),(120.497141070019,120.644988736173,121.642054758786,122.639120781399,
123.636186804012,124.633252826625,125.630318849238,126.627384871851,126.780326377199),
 .UNSPECIFIED.);
#246=B_SPLINE_CURVE_WITH_KNOTS('',3,(#2879,#2880,#2881,#2882,#2883,#2884,
#2885,#2886,#2887,#2888,#2889,#2890,#2891,#2892,#2893,#2894,#2895,#2896,
#2897,#2898,#2899,#2900),.UNSPECIFIED.,.F.,.F.,(4,3,3,3,3,3,3,4),(-136.038461521379,
-135.600979075368,-134.603913052755,-133.606847030142,-132.609781007529,
-131.612714984916,-130.615648962303,-129.755276214199),.UNSPECIFIED.);
#247=B_SPLINE_CURVE_WITH_KNOTS('',3,(#2901,#2902,#2903,#2904,#2905,#2906,
#2907,#2908,#2909,#2910,#2911,#2912,#2913,#2914,#2915,#2916,#2917,#2918,
#2919,#2920,#2921,#2922),.UNSPECIFIED.,.F.,.F.,(4,3,3,3,3,3,3,4),(126.780326377199,
127.624450894464,128.621516917077,129.61858293969,130.615648962303,131.612714984916,
132.609781007529,133.063511684378),.UNSPECIFIED.);
#248=B_SPLINE_CURVE_WITH_KNOTS('',3,(#2927,#2928,#2929,#2930,#2931,#2932,
#2933,#2934,#2935,#2936,#2937,#2938,#2939,#2940,#2941,#2942,#2943,#2944,
#2945,#2946,#2947,#2948),.UNSPECIFIED.,.F.,.F.,(4,3,3,3,3,3,3,4),(-142.321646828558,
-141.583375211046,-140.586309188433,-139.58924316582,-138.592177143207,
-137.595111120594,-136.598045097981,-136.038461521379),.UNSPECIFIED.);
#249=B_SPLINE_CURVE_WITH_KNOTS('',3,(#2949,#2950,#2951,#2952,#2953,#2954,
#2955,#2956,#2957,#2958,#2959,#2960,#2961,#2962,#2963,#2964,#2965,#2966,
#2967,#2968,#2969,#2970),.UNSPECIFIED.,.F.,.F.,(4,3,3,3,3,3,3,4),(133.063511684378,
133.606847030142,134.603913052755,135.600979075368,136.598045097981,137.595111120594,
138.592177143207,139.346696991558),.UNSPECIFIED.);
#250=B_SPLINE_CURVE_WITH_KNOTS('',3,(#2975,#2976,#2977,#2978,#2979,#2980,
#2981,#2982,#2983,#2984,#2985,#2986,#2987,#2988,#2989,#2990,#2991,#2992,
#2993,#2994,#2995,#2996,#2997,#2998,#2999),.UNSPECIFIED.,.F.,.F.,(4,3,3,
3,3,3,3,3,4),(-148.604832135738,-148.562837369337,-147.565771346724,-146.568705324111,
-145.571639301498,-144.574573278885,-143.577507256272,-142.580441233659,
-142.321646828558),.UNSPECIFIED.);
#251=B_SPLINE_CURVE_WITH_KNOTS('',3,(#3000,#3001,#3002,#3003,#3004,#3005,
#3006,#3007,#3008,#3009,#3010,#3011,#3012,#3013,#3014,#3015,#3016,#3017,
#3018,#3019,#3020,#3021,#3022,#3023,#3024),.UNSPECIFIED.,.F.,.F.,(4,3,3,
3,3,3,3,3,4),(139.346696991558,139.58924316582,140.586309188433,141.583375211046,
142.580441233659,143.577507256272,144.574573278885,145.571639301498,145.629882298737),
 .UNSPECIFIED.);
#252=B_SPLINE_CURVE_WITH_KNOTS('',3,(#3029,#3030,#3031,#3032,#3033,#3034,
#3035,#3036,#3037,#3038,#3039,#3040,#3041,#3042,#3043,#3044,#3045,#3046,
#3047,#3048,#3049,#3050),.UNSPECIFIED.,.F.,.F.,(4,3,3,3,3,3,3,4),(-154.888017442918,
-154.545233505015,-153.548167482402,-152.551101459789,-151.554035437176,
-150.556969414563,-149.55990339195,-148.604832135738),.UNSPECIFIED.);
#253=B_SPLINE_CURVE_WITH_KNOTS('',3,(#3051,#3052,#3053,#3054,#3055,#3056,
#3057,#3058,#3059,#3060,#3061,#3062,#3063,#3064,#3065,#3066,#3067,#3068,
#3069,#3070,#3071,#3072),.UNSPECIFIED.,.F.,.F.,(4,3,3,3,3,3,3,4),(145.629882298737,
146.568705324111,147.565771346724,148.562837369337,149.55990339195,150.556969414563,
151.554035437176,151.913067605917),.UNSPECIFIED.);
#254=B_SPLINE_CURVE_WITH_KNOTS('',3,(#3077,#3078,#3079,#3080,#3081,#3082,
#3083,#3084,#3085,#3086,#3087,#3088,#3089,#3090,#3091,#3092,#3093,#3094,
#3095,#3096,#3097,#3098),.UNSPECIFIED.,.F.,.F.,(4,3,3,3,3,3,3,4),(-161.171202750097,
-160.527629640693,-159.53056361808,-158.533497595467,-157.536431572854,
-156.539365550241,-155.542299527628,-154.888017442918),.UNSPECIFIED.);
#255=B_SPLINE_CURVE_WITH_KNOTS('',3,(#3099,#3100,#3101,#3102,#3103,#3104,
#3105,#3106,#3107,#3108,#3109,#3110,#3111,#3112,#3113,#3114,#3115,#3116,
#3117,#3118,#3119,#3120),.UNSPECIFIED.,.F.,.F.,(4,3,3,3,3,3,3,4),(151.913067605917,
152.551101459789,153.548167482402,154.545233505015,155.542299527628,156.539365550241,
157.536431572854,158.196252913097),.UNSPECIFIED.);
#256=B_SPLINE_CURVE_WITH_KNOTS('',3,(#3125,#3126,#3127,#3128,#3129,#3130,
#3131,#3132,#3133,#3134,#3135,#3136,#3137,#3138,#3139,#3140,#3141,#3142,
#3143,#3144,#3145,#3146),.UNSPECIFIED.,.F.,.F.,(4,3,3,3,3,3,3,4),(-167.454388057277,
-166.510025776371,-165.512959753758,-164.515893731145,-163.518827708532,
-162.521761685919,-161.524695663306,-161.171202750097),.UNSPECIFIED.);
#257=B_SPLINE_CURVE_WITH_KNOTS('',3,(#3147,#3148,#3149,#3150,#3151,#3152,
#3153,#3154,#3155,#3156,#3157,#3158,#3159,#3160,#3161,#3162,#3163,#3164,
#3165,#3166,#3167,#3168),.UNSPECIFIED.,.F.,.F.,(4,3,3,3,3,3,3,4),(158.196252913097,
158.533497595467,159.53056361808,160.527629640693,161.524695663306,162.521761685919,
163.518827708532,164.479438220276),.UNSPECIFIED.);
#258=B_SPLINE_CURVE_WITH_KNOTS('',3,(#3173,#3174,#3175,#3176,#3177,#3178,
#3179,#3180,#3181,#3182,#3183,#3184,#3185,#3186,#3187,#3188,#3189,#3190,
#3191,#3192,#3193,#3194,#3195,#3196,#3197),.UNSPECIFIED.,.F.,.F.,(4,3,3,
3,3,3,3,3,4),(-173.737573364456,-173.489487934662,-172.492421912049,-171.495355889436,
-170.498289866823,-169.50122384421,-168.504157821597,-167.507091798984,
-167.454388057277),.UNSPECIFIED.);
#259=B_SPLINE_CURVE_WITH_KNOTS('',3,(#3198,#3199,#3200,#3201,#3202,#3203,
#3204,#3205,#3206,#3207,#3208,#3209,#3210,#3211,#3212,#3213,#3214,#3215,
#3216,#3217,#3218,#3219,#3220,#3221,#3222),.UNSPECIFIED.,.F.,.F.,(4,3,3,
3,3,3,3,3,4),(164.479438220276,164.515893731145,165.512959753758,166.510025776371,
167.507091798984,168.504157821597,169.50122384421,170.498289866823,170.762623527456),
 .UNSPECIFIED.);
#260=B_SPLINE_CURVE_WITH_KNOTS('',3,(#3227,#3228,#3229,#3230,#3231,#3232,
#3233,#3234,#3235,#3236,#3237,#3238,#3239,#3240,#3241,#3242,#3243,#3244,
#3245,#3246,#3247,#3248),.UNSPECIFIED.,.F.,.F.,(4,3,3,3,3,3,3,4),(-180.020758671636,
-179.471884070339,-178.474818047727,-177.477752025113,-176.480686002501,
-175.483619979888,-174.486553957275,-173.737573364456),.UNSPECIFIED.);
#261=B_SPLINE_CURVE_WITH_KNOTS('',3,(#3249,#3250,#3251,#3252,#3253,#3254,
#3255,#3256,#3257,#3258,#3259,#3260,#3261,#3262,#3263,#3264,#3265,#3266,
#3267,#3268,#3269,#3270),.UNSPECIFIED.,.F.,.F.,(4,3,3,3,3,3,3,4),(170.762623527456,
171.495355889436,172.492421912049,173.489487934662,174.486553957275,175.483619979888,
176.480686002501,177.045808834635),.UNSPECIFIED.);
#262=B_SPLINE_CURVE_WITH_KNOTS('',3,(#3275,#3276,#3277,#3278,#3279,#3280,
#3281,#3282,#3283,#3284,#3285,#3286,#3287,#3288,#3289,#3290,#3291,#3292,
#3293,#3294,#3295,#3296),.UNSPECIFIED.,.F.,.F.,(4,3,3,3,3,3,3,4),(-186.303943978815,
-185.454280206017,-184.457214183404,-183.460148160791,-182.463082138178,
-181.466016115565,-180.468950092952,-180.020758671636),.UNSPECIFIED.);
#263=B_SPLINE_CURVE_WITH_KNOTS('',3,(#3297,#3298,#3299,#3300,#3301,#3302,
#3303,#3304,#3305,#3306,#3307,#3308,#3309,#3310,#3311,#3312,#3313,#3314,
#3315,#3316,#3317,#3318),.UNSPECIFIED.,.F.,.F.,(4,3,3,3,3,3,3,4),(177.045808834635,
177.477752025114,178.474818047727,179.47188407034,180.468950092953,181.466016115566,
182.463082138179,183.328994141815),.UNSPECIFIED.);
#264=B_SPLINE_CURVE_WITH_KNOTS('',3,(#3323,#3324,#3325,#3326,#3327,#3328,
#3329,#3330,#3331,#3332,#3333,#3334,#3335,#3336,#3337,#3338,#3339,#3340,
#3341,#3342,#3343,#3344,#3345,#3346,#3347),.UNSPECIFIED.,.F.,.F.,(4,3,3,
3,3,3,3,3,4),(-192.587129285995,-192.433742364308,-191.436676341695,-190.439610319082,
-189.442544296469,-188.445478273856,-187.448412251243,-186.45134622863,
-186.303943978815),.UNSPECIFIED.);
#265=B_SPLINE_CURVE_WITH_KNOTS('',3,(#3348,#3349,#3350,#3351,#3352,#3353,
#3354,#3355,#3356,#3357,#3358,#3359,#3360,#3361,#3362,#3363,#3364,#3365,
#3366,#3367,#3368,#3369,#3370,#3371,#3372),.UNSPECIFIED.,.F.,.F.,(4,3,3,
3,3,3,3,3,4),(183.328994141815,183.460148160792,184.457214183405,185.454280206018,
186.451346228631,187.448412251244,188.445478273857,189.44254429647,189.612179448994),
 .UNSPECIFIED.);
#266=B_SPLINE_CURVE_WITH_KNOTS('',3,(#3379,#3380,#3381,#3382,#3383,#3384,
#3385,#3386,#3387,#3388,#3389,#3390,#3391,#3392,#3393,#3394,#3395,#3396,
#3397),.UNSPECIFIED.,.F.,.F.,(4,3,3,3,3,3,4),(-198.416138499986,-197.419072477374,
-196.42200645476,-195.424940432147,-194.427874409534,-193.430808386921,
-192.587129285995),.UNSPECIFIED.);
#267=B_SPLINE_CURVE_WITH_KNOTS('',3,(#3398,#3399,#3400,#3401,#3402,#3403,
#3404,#3405,#3406,#3407,#3408,#3409,#3410,#3411,#3412,#3413,#3414,#3415,
#3416,#3417,#3418,#3419),.UNSPECIFIED.,.F.,.F.,(4,3,3,3,3,3,3,4),(189.612179448994,
190.439610319083,191.436676341696,192.433742364309,193.430808386922,194.427874409535,
195.424940432148,195.895364756174),.UNSPECIFIED.);
#268=B_SPLINE_CURVE_WITH_KNOTS('',3,(#3425,#3426,#3427,#3428,#3429,#3430,
#3431),.UNSPECIFIED.,.F.,.F.,(4,1,1,1,4),(204.203522483337,205.047201584263,
206.044267606876,207.041333629489,207.965934046704),.UNSPECIFIED.);
#269=B_SPLINE_CURVE_WITH_KNOTS('',3,(#3434,#3435,#3436,#3437,#3438,#3439),
 .UNSPECIFIED.,.F.,.F.,(4,1,1,4),(204.203522483337,204.730164181923,205.727230204536,
206.724296227149),.UNSPECIFIED.);
#270=B_SPLINE_CURVE_WITH_KNOTS('',3,(#3444,#3445,#3446,#3447,#3448,#3449,
#3450,#3451,#3452,#3453,#3454),.UNSPECIFIED.,.F.,.F.,(4,1,1,1,1,1,1,1,4),
(197.920337176157,198.067739425972,199.064805448585,200.061871471198,201.058937493811,
202.056003516424,203.053069539037,204.05013556165,204.203522483337),
 .UNSPECIFIED.);
#271=B_SPLINE_CURVE_WITH_KNOTS('',3,(#3455,#3456,#3457,#3458,#3459,#3460,
#3461,#3462,#3463,#3464),.UNSPECIFIED.,.F.,.F.,(4,1,1,1,1,1,1,4),(197.920337176157,
198.747768046245,199.744834068858,200.741900091471,201.738966114084,202.736032136697,
203.73309815931,204.203522483337),.UNSPECIFIED.);
#272=B_SPLINE_CURVE_WITH_KNOTS('',3,(#3469,#3470,#3471,#3472,#3473,#3474,
#3475,#3476,#3477,#3478),.UNSPECIFIED.,.F.,.F.,(4,1,1,1,1,1,1,4),(191.637151868977,
192.085343290294,193.082409312907,194.07947533552,195.076541358133,196.073607380746,
197.070673403359,197.920337176157),.UNSPECIFIED.);
#273=B_SPLINE_CURVE_WITH_KNOTS('',3,(#3479,#3480,#3481,#3482,#3483,#3484,
#3485,#3486,#3487,#3488,#3489),.UNSPECIFIED.,.F.,.F.,(4,1,1,1,1,1,1,1,4),
(191.637151868977,191.768305887954,192.765371910567,193.76243793318,194.759503955793,
195.756569978406,196.753636001019,197.750702023632,197.920337176157),
 .UNSPECIFIED.);
#274=B_SPLINE_CURVE_WITH_KNOTS('',3,(#3494,#3495,#3496,#3497,#3498,#3499,
#3500,#3501,#3502,#3503),.UNSPECIFIED.,.F.,.F.,(4,1,1,1,1,1,1,4),(185.353966561798,
186.102947154616,187.100013177229,188.097079199842,189.094145222455,190.091211245068,
191.088277267681,191.637151868977),.UNSPECIFIED.);
#275=B_SPLINE_CURVE_WITH_KNOTS('',3,(#3504,#3505,#3506,#3507,#3508,#3509,
#3510,#3511,#3512,#3513),.UNSPECIFIED.,.F.,.F.,(4,1,1,1,1,1,1,4),(185.353966561798,
185.785909752276,186.782975774889,187.780041797502,188.777107820115,189.774173842728,
190.771239865341,191.637151868977),.UNSPECIFIED.);
#276=B_SPLINE_CURVE_WITH_KNOTS('',3,(#3518,#3519,#3520,#3521,#3522,#3523,
#3524,#3525,#3526,#3527,#3528),.UNSPECIFIED.,.F.,.F.,(4,1,1,1,1,1,1,1,4),
(179.070781254618,179.123484996325,180.120551018938,181.117617041551,182.114683064164,
183.111749086777,184.10881510939,185.105881132003,185.353966561798),
 .UNSPECIFIED.);
#277=B_SPLINE_CURVE_WITH_KNOTS('',3,(#3529,#3530,#3531,#3532,#3533,#3534,
#3535,#3536,#3537,#3538),.UNSPECIFIED.,.F.,.F.,(4,1,1,1,1,1,1,4),(179.070781254618,
179.803513616598,180.800579639211,181.797645661824,182.794711684437,183.79177770705,
184.788843729663,185.353966561798),.UNSPECIFIED.);
#278=B_SPLINE_CURVE_WITH_KNOTS('',3,(#3543,#3544,#3545,#3546,#3547,#3548,
#3549,#3550,#3551,#3552),.UNSPECIFIED.,.F.,.F.,(4,1,1,1,1,1,1,4),(172.787595947439,
173.141088860647,174.13815488326,175.135220905873,176.132286928486,177.129352951099,
178.126418973712,179.070781254618),.UNSPECIFIED.);
#279=B_SPLINE_CURVE_WITH_KNOTS('',3,(#3553,#3554,#3555,#3556,#3557,#3558,
#3559,#3560,#3561,#3562,#3563),.UNSPECIFIED.,.F.,.F.,(4,1,1,1,1,1,1,1,4),
(172.787595947439,172.824051458307,173.82111748092,174.818183503533,175.815249526146,
176.812315548759,177.809381571372,178.806447593985,179.070781254618),
 .UNSPECIFIED.);
#280=B_SPLINE_CURVE_WITH_KNOTS('',3,(#3568,#3569,#3570,#3571,#3572,#3573,
#3574,#3575,#3576,#3577),.UNSPECIFIED.,.F.,.F.,(4,1,1,1,1,1,1,4),(166.504410640259,
167.158692724969,168.155758747582,169.152824770195,170.149890792808,171.146956815421,
172.144022838034,172.787595947439),.UNSPECIFIED.);
#281=B_SPLINE_CURVE_WITH_KNOTS('',3,(#3578,#3579,#3580,#3581,#3582,#3583,
#3584,#3585,#3586,#3587),.UNSPECIFIED.,.F.,.F.,(4,1,1,1,1,1,1,4),(166.504410640259,
166.841655322629,167.838721345242,168.835787367855,169.832853390468,170.829919413081,
171.826985435694,172.787595947439),.UNSPECIFIED.);
#282=B_SPLINE_CURVE_WITH_KNOTS('',3,(#3592,#3593,#3594,#3595,#3596,#3597,
#3598,#3599,#3600,#3601),.UNSPECIFIED.,.F.,.F.,(4,1,1,1,1,1,1,4),(160.22122533308,
161.176296589291,162.173362611904,163.170428634517,164.16749465713,165.164560679743,
166.161626702356,166.504410640259),.UNSPECIFIED.);
#283=B_SPLINE_CURVE_WITH_KNOTS('',3,(#3602,#3603,#3604,#3605,#3606,#3607,
#3608,#3609,#3610,#3611),.UNSPECIFIED.,.F.,.F.,(4,1,1,1,1,1,1,4),(160.22122533308,
160.859259186951,161.856325209564,162.853391232177,163.85045725479,164.847523277403,
165.844589300016,166.504410640259),.UNSPECIFIED.);
#284=B_SPLINE_CURVE_WITH_KNOTS('',3,(#3616,#3617,#3618,#3619,#3620,#3621,
#3622,#3623,#3624,#3625,#3626),.UNSPECIFIED.,.F.,.F.,(4,1,1,1,1,1,1,1,4),
(153.9380400259,154.196834431,155.193900453613,156.190966476226,157.188032498839,
158.185098521452,159.182164544065,160.179230566678,160.22122533308),
 .UNSPECIFIED.);
#285=B_SPLINE_CURVE_WITH_KNOTS('',3,(#3627,#3628,#3629,#3630,#3631,#3632,
#3633,#3634,#3635,#3636),.UNSPECIFIED.,.F.,.F.,(4,1,1,1,1,1,1,4),(153.9380400259,
154.876863051273,155.873929073886,156.870995096499,157.868061119112,158.865127141725,
159.862193164338,160.22122533308),.UNSPECIFIED.);
#286=B_SPLINE_CURVE_WITH_KNOTS('',3,(#3641,#3642,#3643,#3644,#3645,#3646,
#3647,#3648,#3649,#3650),.UNSPECIFIED.,.F.,.F.,(4,1,1,1,1,1,1,4),(147.65485471872,
148.214438295322,149.211504317935,150.208570340548,151.205636363161,152.202702385774,
153.199768408387,153.9380400259),.UNSPECIFIED.);
#287=B_SPLINE_CURVE_WITH_KNOTS('',3,(#3651,#3652,#3653,#3654,#3655,#3656,
#3657,#3658,#3659,#3660,#3661),.UNSPECIFIED.,.F.,.F.,(4,1,1,1,1,1,1,1,4),
(147.65485471872,147.897400892982,148.894466915596,149.891532938208,150.888598960821,
151.885664983434,152.882731006047,153.87979702866,153.9380400259),
 .UNSPECIFIED.);
#288=B_SPLINE_CURVE_WITH_KNOTS('',3,(#3666,#3667,#3668,#3669,#3670,#3671,
#3672,#3673,#3674,#3675),.UNSPECIFIED.,.F.,.F.,(4,1,1,1,1,1,1,4),(141.371669411541,
142.232042159644,143.229108182257,144.22617420487,145.223240227483,146.220306250096,
147.217372272709,147.65485471872),.UNSPECIFIED.);
#289=B_SPLINE_CURVE_WITH_KNOTS('',3,(#3676,#3677,#3678,#3679,#3680,#3681,
#3682,#3683,#3684,#3685),.UNSPECIFIED.,.F.,.F.,(4,1,1,1,1,1,1,4),(141.371669411541,
141.915004757304,142.912070779917,143.90913680253,144.906202825144,145.903268847756,
146.900334870369,147.65485471872),.UNSPECIFIED.);
#290=B_SPLINE_CURVE_WITH_KNOTS('',3,(#3690,#3691,#3692,#3693,#3694,#3695,
#3696,#3697,#3698,#3699,#3700),.UNSPECIFIED.,.F.,.F.,(4,1,1,1,1,1,1,1,4),
(135.088484104361,135.252580001353,136.249646023966,137.246712046579,138.243778069192,
139.240844091805,140.237910114418,141.234976137031,141.371669411541),
 .UNSPECIFIED.);
#291=B_SPLINE_CURVE_WITH_KNOTS('',3,(#3701,#3702,#3703,#3704,#3705,#3706,
#3707,#3708,#3709,#3710),.UNSPECIFIED.,.F.,.F.,(4,1,1,1,1,1,1,4),(135.088484104361,
135.932608621627,136.92967464424,137.926740666852,138.923806689465,139.920872712079,
140.917938734692,141.371669411541),.UNSPECIFIED.);
#292=B_SPLINE_CURVE_WITH_KNOTS('',3,(#3715,#3716,#3717,#3718,#3719,#3720,
#3721,#3722,#3723,#3724),.UNSPECIFIED.,.F.,.F.,(4,1,1,1,1,1,1,4),(128.805298797182,
129.270183865675,130.267249888288,131.264315910901,132.261381933514,133.258447956127,
134.25551397874,135.088484104361),.UNSPECIFIED.);
#293=B_SPLINE_CURVE_WITH_KNOTS('',3,(#3725,#3726,#3727,#3728,#3729,#3730,
#3731,#3732,#3733,#3734,#3735),.UNSPECIFIED.,.F.,.F.,(4,1,1,1,1,1,1,1,4),
(128.805298797182,128.953146463336,129.950212485949,130.947278508562,131.944344531175,
132.941410553788,133.938476576401,134.935542599014,135.088484104361),
 .UNSPECIFIED.);
#294=B_SPLINE_CURVE_WITH_KNOTS('',3,(#3740,#3741,#3742,#3743,#3744,#3745,
#3746,#3747,#3748,#3749),.UNSPECIFIED.,.F.,.F.,(4,1,1,1,1,1,1,4),(122.522113490002,
123.287787729997,124.28485375261,125.281919775223,126.278985797836,127.276051820449,
128.273117843062,128.805298797182),.UNSPECIFIED.);
#295=B_SPLINE_CURVE_WITH_KNOTS('',3,(#3750,#3751,#3752,#3753,#3754,#3755,
#3756,#3757,#3758,#3759),.UNSPECIFIED.,.F.,.F.,(4,1,1,1,1,1,1,4),(122.522113490002,
122.970750327658,123.967816350271,124.964882372884,125.961948395497,126.95901441811,
127.956080440723,128.805298797182),.UNSPECIFIED.);
#296=B_SPLINE_CURVE_WITH_KNOTS('',3,(#3764,#3765,#3766,#3767,#3768,#3769,
#3770,#3771,#3772,#3773,#3774),.UNSPECIFIED.,.F.,.F.,(4,1,1,1,1,1,1,1,4),
(116.238928182823,116.308325571706,117.305391594319,118.302457616932,119.299523639545,
120.296589662158,121.293655684771,122.290721707384,122.522113490002),
 .UNSPECIFIED.);
#297=B_SPLINE_CURVE_WITH_KNOTS('',3,(#3775,#3776,#3777,#3778,#3779,#3780,
#3781,#3782,#3783,#3784),.UNSPECIFIED.,.F.,.F.,(4,1,1,1,1,1,1,4),(116.238928182823,
116.98835419198,117.985420214593,118.982486237206,119.979552259819,120.976618282432,
121.973684305045,122.522113490002),.UNSPECIFIED.);
#298=B_SPLINE_CURVE_WITH_KNOTS('',3,(#3789,#3790,#3791,#3792,#3793,#3794,
#3795,#3796,#3797,#3798),.UNSPECIFIED.,.F.,.F.,(4,1,1,1,1,1,1,4),(109.955742875643,
110.325929436028,111.322995458641,112.320061481254,113.317127503867,114.31419352648,
115.311259549093,116.238928182823),.UNSPECIFIED.);
#299=B_SPLINE_CURVE_WITH_KNOTS('',3,(#3799,#3800,#3801,#3802,#3803,#3804,
#3805,#3806,#3807,#3808,#3809),.UNSPECIFIED.,.F.,.F.,(4,1,1,1,1,1,1,1,4),
(109.955742875643,110.008892033689,111.005958056302,112.003024078915,113.000090101528,
113.997156124141,114.994222146754,115.991288169367,116.238928182823),
 .UNSPECIFIED.);
#300=B_SPLINE_CURVE_WITH_KNOTS('',3,(#3814,#3815,#3816,#3817,#3818,#3819,
#3820,#3821,#3822,#3823),.UNSPECIFIED.,.F.,.F.,(4,1,1,1,1,1,1,4),(103.672557568463,
104.34353330035,105.340599322963,106.337665345576,107.334731368189,108.331797390802,
109.328863413415,109.955742875643),.UNSPECIFIED.);
#301=B_SPLINE_CURVE_WITH_KNOTS('',3,(#3824,#3825,#3826,#3827,#3828,#3829,
#3830,#3831,#3832,#3833),.UNSPECIFIED.,.F.,.F.,(4,1,1,1,1,1,1,4),(103.672557568463,
104.026495898011,105.023561920624,106.020627943237,107.01769396585,108.014759988463,
109.011826011076,109.955742875643),.UNSPECIFIED.);
#302=B_SPLINE_CURVE_WITH_KNOTS('',3,(#3838,#3839,#3840,#3841,#3842,#3843,
#3844,#3845,#3846,#3847),.UNSPECIFIED.,.F.,.F.,(4,1,1,1,1,1,1,4),(97.3893722612838,
98.3611371646724,99.3582031872854,100.355269209898,101.352335232511,102.349401255124,
103.346467277737,103.672557568463),.UNSPECIFIED.);
#303=B_SPLINE_CURVE_WITH_KNOTS('',3,(#3848,#3849,#3850,#3851,#3852,#3853,
#3854,#3855,#3856,#3857),.UNSPECIFIED.,.F.,.F.,(4,1,1,1,1,1,1,4),(97.3893722612838,
98.0440997623326,99.0411657849456,100.038231807559,101.035297830172,102.032363852785,
103.029429875398,103.672557568463),.UNSPECIFIED.);
#304=B_SPLINE_CURVE_WITH_KNOTS('',3,(#3862,#3863,#3864,#3865,#3866,#3867,
#3868,#3869,#3870,#3871,#3872),.UNSPECIFIED.,.F.,.F.,(4,1,1,1,1,1,1,1,4),
(91.1061869541042,91.3816750063814,92.3787410289944,93.3758070516074,94.3728730742204,
95.3699390968334,96.3670051194464,97.3640711420594,97.3893722612838),
 .UNSPECIFIED.);
#305=B_SPLINE_CURVE_WITH_KNOTS('',3,(#3873,#3874,#3875,#3876,#3877,#3878,
#3879,#3880,#3881,#3882),.UNSPECIFIED.,.F.,.F.,(4,1,1,1,1,1,1,4),(91.1061869541042,
92.0617036266546,93.0587696492676,94.0558356718806,95.0529016944936,96.0499677171066,
97.0470337397196,97.3893722612838),.UNSPECIFIED.);
#306=B_SPLINE_CURVE_WITH_KNOTS('',3,(#3887,#3888,#3889,#3890,#3891,#3892,
#3893,#3894,#3895,#3896),.UNSPECIFIED.,.F.,.F.,(4,1,1,1,1,1,1,4),(84.8230016469246,
85.3992788707035,86.3963448933165,87.3934109159295,88.3904769385424,89.3875429611554,
90.3846089837684,91.1061869541042),.UNSPECIFIED.);
#307=B_SPLINE_CURVE_WITH_KNOTS('',3,(#3897,#3898,#3899,#3900,#3901,#3902,
#3903,#3904,#3905,#3906,#3907),.UNSPECIFIED.,.F.,.F.,(4,1,1,1,1,1,1,1,4),
(84.8230016469246,85.0822414683636,86.0793074909766,87.0763735135896,88.0734395362026,
89.0705055588156,90.0675715814286,91.0646376040416,91.1061869541042),
 .UNSPECIFIED.);
#308=B_SPLINE_CURVE_WITH_KNOTS('',3,(#3912,#3913,#3914,#3915,#3916,#3917,
#3918,#3919,#3920,#3921),.UNSPECIFIED.,.F.,.F.,(4,1,1,1,1,1,1,4),(78.539816339745,
79.4168827350255,80.4139487576385,81.4110147802515,82.4080808028645,83.4051468254775,
84.4022128480905,84.8230016469246),.UNSPECIFIED.);
#309=B_SPLINE_CURVE_WITH_KNOTS('',3,(#3922,#3923,#3924,#3925,#3926,#3927,
#3928,#3929,#3930,#3931),.UNSPECIFIED.,.F.,.F.,(4,1,1,1,1,1,1,4),(78.539816339745,
79.0998453326856,80.0969113552986,81.0939773779116,82.0910434005246,83.0881094231376,
84.0851754457506,84.8230016469246),.UNSPECIFIED.);
#310=B_SPLINE_CURVE_WITH_KNOTS('',3,(#3936,#3937,#3938,#3939,#3940,#3941,
#3942,#3943,#3944,#3945,#3946),.UNSPECIFIED.,.F.,.F.,(4,1,1,1,1,1,1,1,4),
(72.2566310325654,72.4374205767345,73.4344865993475,74.4315526219605,75.4286186445735,
76.4256846671865,77.4227506897995,78.4198167124125,78.539816339745),
 .UNSPECIFIED.);
#311=B_SPLINE_CURVE_WITH_KNOTS('',3,(#3947,#3948,#3949,#3950,#3951,#3952,
#3953,#3954,#3955,#3956),.UNSPECIFIED.,.F.,.F.,(4,1,1,1,1,1,1,4),(72.2566310325654,
73.1174491970077,74.1145152196207,75.1115812422337,76.1086472648467,77.1057132874597,
78.1027793100726,78.539816339745),.UNSPECIFIED.);
#312=B_SPLINE_CURVE_WITH_KNOTS('',3,(#3961,#3962,#3963,#3964,#3965,#3966,
#3967,#3968,#3969,#3970),.UNSPECIFIED.,.F.,.F.,(4,1,1,1,1,1,1,4),(65.9734457253858,
66.4550244410565,67.4520904636695,68.4491564862825,69.4462225088955,70.4432885315085,
71.4403545541215,72.2566310325654),.UNSPECIFIED.);
#313=B_SPLINE_CURVE_WITH_KNOTS('',3,(#3971,#3972,#3973,#3974,#3975,#3976,
#3977,#3978,#3979,#3980,#3981),.UNSPECIFIED.,.F.,.F.,(4,1,1,1,1,1,1,1,4),
(65.9734457253858,66.1379870387167,67.1350530613297,68.1321190839427,69.1291851065557,
70.1262511291687,71.1233171517817,72.1203831743947,72.2566310325654),
 .UNSPECIFIED.);
#314=B_SPLINE_CURVE_WITH_KNOTS('',3,(#3986,#3987,#3988,#3989,#3990,#3991,
#3992,#3993,#3994,#3995),.UNSPECIFIED.,.F.,.F.,(4,1,1,1,1,1,1,4),(59.6902604182062,
60.4726283053785,61.4696943279915,62.4667603506045,63.4638263732175,64.4608923958305,
65.4579584184435,65.9734457253858),.UNSPECIFIED.);
#315=B_SPLINE_CURVE_WITH_KNOTS('',3,(#3996,#3997,#3998,#3999,#4000,#4001,
#4002,#4003,#4004,#4005),.UNSPECIFIED.,.F.,.F.,(4,1,1,1,1,1,1,4),(59.6902604182062,
60.1555909030387,61.1526569256517,62.1497229482647,63.1467889708777,64.1438549934907,
65.1409210161037,65.9734457253858),.UNSPECIFIED.);
#316=B_SPLINE_CURVE_WITH_KNOTS('',3,(#4010,#4011,#4012,#4013,#4014,#4015,
#4016,#4017,#4018,#4019,#4020),.UNSPECIFIED.,.F.,.F.,(4,1,1,1,1,1,1,1,4),
(53.4070751110266,53.4931661470875,54.4902321697005,55.4872981923135,56.4843642149265,
57.4814302375395,58.4784962601525,59.4755622827655,59.6902604182062),
 .UNSPECIFIED.);
#317=B_SPLINE_CURVE_WITH_KNOTS('',3,(#4021,#4022,#4023,#4024,#4025,#4026,
#4027,#4028,#4029,#4030),.UNSPECIFIED.,.F.,.F.,(4,1,1,1,1,1,1,4),(53.4070751110266,
54.1731947673607,55.1702607899737,56.1673268125867,57.1643928351997,58.1614588578127,
59.1585248804257,59.6902604182062),.UNSPECIFIED.);
#318=B_SPLINE_CURVE_WITH_KNOTS('',3,(#4035,#4036,#4037,#4038,#4039,#4040,
#4041,#4042,#4043,#4044),.UNSPECIFIED.,.F.,.F.,(4,1,1,1,1,1,1,4),(47.123889803847,
47.5107700114096,48.5078360340226,49.5049020566356,50.5019680792486,51.4990341018616,
52.4961001244746,53.4070751110266),.UNSPECIFIED.);
#319=B_SPLINE_CURVE_WITH_KNOTS('',3,(#4045,#4046,#4047,#4048,#4049,#4050,
#4051,#4052,#4053,#4054,#4055),.UNSPECIFIED.,.F.,.F.,(4,1,1,1,1,1,1,1,4),
(47.123889803847,47.1937326090697,48.1907986316827,49.1878646542957,50.1849306769087,
51.1819966995217,52.1790627221347,53.1761287447477,53.4070751110266),
 .UNSPECIFIED.);
#320=B_SPLINE_CURVE_WITH_KNOTS('',3,(#4060,#4061,#4062,#4063,#4064,#4065,
#4066,#4067,#4068,#4069),.UNSPECIFIED.,.F.,.F.,(4,1,1,1,1,1,1,4),(40.8407044966675,
41.5283738757316,42.5254398983446,43.5225059209576,44.5195719435706,45.5166379661836,
46.5137039887966,47.123889803847),.UNSPECIFIED.);
#321=B_SPLINE_CURVE_WITH_KNOTS('',3,(#4070,#4071,#4072,#4073,#4074,#4075,
#4076,#4077,#4078,#4079),.UNSPECIFIED.,.F.,.F.,(4,1,1,1,1,1,1,4),(40.8407044966675,
41.2113364733917,42.2084024960047,43.2054685186177,44.2025345412307,45.1996005638437,
46.1966665864567,47.123889803847),.UNSPECIFIED.);
#322=B_SPLINE_CURVE_WITH_KNOTS('',3,(#4084,#4085,#4086,#4087,#4088,#4089,
#4090,#4091,#4092,#4093),.UNSPECIFIED.,.F.,.F.,(4,1,1,1,1,1,1,4),(34.5575191894878,
35.5459777400536,36.5430437626666,37.5401097852796,38.5371758078926,39.5342418305056,
40.5313078531186,40.8407044966675),.UNSPECIFIED.);
#323=B_SPLINE_CURVE_WITH_KNOTS('',3,(#4094,#4095,#4096,#4097,#4098,#4099,
#4100,#4101,#4102,#4103),.UNSPECIFIED.,.F.,.F.,(4,1,1,1,1,1,1,4),(34.5575191894879,
35.2289403377138,36.2260063603267,37.2230723829397,38.2201384055527,39.2172044281657,
40.2142704507787,40.8407044966675),.UNSPECIFIED.);
#324=B_SPLINE_CURVE_WITH_KNOTS('',3,(#4108,#4109,#4110,#4111,#4112,#4113,
#4114,#4115,#4116,#4117,#4118),.UNSPECIFIED.,.F.,.F.,(4,1,1,1,1,1,1,1,4),
(28.2743338823083,28.5665155817626,29.5635816043756,30.5606476269886,31.5577136496016,
32.5547796722146,33.5518456948276,34.5489117174406,34.5575191894878),
 .UNSPECIFIED.);
#325=B_SPLINE_CURVE_WITH_KNOTS('',3,(#4119,#4120,#4121,#4122,#4123,#4124,
#4125,#4126,#4127,#4128),.UNSPECIFIED.,.F.,.F.,(4,1,1,1,1,1,1,4),(28.2743338823083,
29.2465442020358,30.2436102246488,31.2406762472618,32.2377422698748,33.2348082924878,
34.2318743151008,34.5575191894879),.UNSPECIFIED.);
#326=B_SPLINE_CURVE_WITH_KNOTS('',3,(#4133,#4134,#4135,#4136,#4137,#4138,
#4139,#4140,#4141,#4142),.UNSPECIFIED.,.F.,.F.,(4,1,1,1,1,1,1,4),(21.9911485751287,
22.5841194460846,23.5811854686976,24.5782514913106,25.5753175139236,26.5723835365366,
27.5694495591496,28.2743338823083),.UNSPECIFIED.);
#327=B_SPLINE_CURVE_WITH_KNOTS('',3,(#4143,#4144,#4145,#4146,#4147,#4148,
#4149,#4150,#4151,#4152,#4153),.UNSPECIFIED.,.F.,.F.,(4,1,1,1,1,1,1,1,4),
(21.9911485751287,22.2670820437448,23.2641480663578,24.2612140889708,25.2582801115838,
26.2553461341968,27.2524121568098,28.2494781794228,28.2743338823083),
 .UNSPECIFIED.);
#328=B_SPLINE_CURVE_WITH_KNOTS('',3,(#4158,#4159,#4160,#4161,#4162,#4163,
#4164,#4165,#4166,#4167),.UNSPECIFIED.,.F.,.F.,(4,1,1,1,1,1,1,4),(15.7079632679491,
16.6017233104067,17.5987893330197,18.5958553556327,19.5929213782456,20.5899874008586,
21.5870534234716,21.9911485751287),.UNSPECIFIED.);
#329=B_SPLINE_CURVE_WITH_KNOTS('',3,(#4168,#4169,#4170,#4171,#4172,#4173,
#4174,#4175,#4176,#4177),.UNSPECIFIED.,.F.,.F.,(4,1,1,1,1,1,1,4),(15.7079632679491,
16.2846859080668,17.2817519306798,18.2788179532928,19.2758839759058,20.2729499985188,
21.2700160211318,21.9911485751287),.UNSPECIFIED.);
#330=B_SPLINE_CURVE_WITH_KNOTS('',3,(#4194,#4195,#4196,#4197,#4198,#4199,
#4200,#4201,#4202,#4203,#4204,#4205,#4206,#4207,#4208,#4209,#4210,#4211,
#4212,#4213,#4214,#4215,#4216,#4217,#4218,#4219,#4220,#4221,#4222,#4223,
#4224,#4225,#4226,#4227,#4228,#4229,#4230,#4231,#4232,#4233,#4234,#4235,
#4236,#4237,#4238,#4239,#4240,#4241,#4242,#4243,#4244,#4245,#4246,#4247,
#4248,#4249,#4250,#4251,#4252,#4253,#4254,#4255,#4256,#4257,#4258,#4259,
#4260,#4261,#4262,#4263,#4264,#4265,#4266,#4267,#4268,#4269,#4270,#4271,
#4272,#4273,#4274,#4275,#4276,#4277,#4278,#4279,#4280,#4281),
 .UNSPECIFIED.,.F.,.F.,(4,3,3,3,3,3,3,3,3,3,3,3,3,3,3,3,3,3,3,3,3,3,3,3,
3,3,3,3,3,4),(-0.461788964899777,-0.44406756731377,-0.418438956234487,-0.405501465425989,
-0.399370373615601,-0.394680727906013,-0.369297222268513,-0.349564957397263,
-0.340367756053182,-0.336130343381225,-0.331758543992593,-0.306995845653271,
-0.282773123083515,-0.259086330230192,-0.248593544805629,-0.244437031749898,
-0.220947482346683,-0.211439103298515,-0.187477560715797,-0.164042865626322,
-0.158786979649341,-0.135431316486587,-0.112093194924319,-0.08914448578766,
-0.0803316861940835,-0.0766176104958632,-0.0541543594994672,-0.0320549726065445,
-0.010663051247921,0.),.UNSPECIFIED.);
#331=B_SPLINE_CURVE_WITH_KNOTS('',3,(#4284,#4285,#4286,#4287,#4288,#4289,
#4290,#4291,#4292,#4293,#4294,#4295,#4296,#4297,#4298,#4299,#4300,#4301,
#4302,#4303,#4304,#4305,#4306,#4307,#4308,#4309,#4310,#4311,#4312,#4313,
#4314,#4315,#4316,#4317,#4318,#4319,#4320,#4321,#4322,#4323,#4324,#4325,
#4326,#4327,#4328,#4329,#4330,#4331,#4332,#4333,#4334,#4335,#4336,#4337,
#4338,#4339,#4340,#4341,#4342,#4343,#4344,#4345,#4346,#4347,#4348,#4349,
#4350,#4351,#4352,#4353,#4354,#4355,#4356,#4357,#4358,#4359,#4360,#4361,
#4362,#4363,#4364,#4365,#4366,#4367,#4368),.UNSPECIFIED.,.F.,.F.,(4,3,3,
3,3,3,3,3,3,3,3,3,3,3,3,3,3,3,3,3,3,3,3,3,3,3,3,3,4),(-0.4638030508437,
-0.449133382881445,-0.427422194140278,-0.415293478828179,-0.410660841676586,
-0.405847843389495,-0.383170299496068,-0.364698793942549,-0.356945347289685,
-0.352632101867249,-0.329314172030329,-0.30554564433157,-0.288008797015656,
-0.27485616152872,-0.270899452738793,-0.246471273317159,-0.235398255067912,
-0.211810590751538,-0.187732270727814,-0.183720015356454,-0.159343337424145,
-0.13446134927611,-0.109353235796454,-0.0939172168717154,-0.08997144757114,
-0.0642238674912682,-0.0384486474528575,-0.0132274766688064,0.),
 .UNSPECIFIED.);
#332=B_SPLINE_CURVE_WITH_KNOTS('',3,(#5220,#5221,#5222,#5223,#5224,#5225,
#5226,#5227,#5228,#5229,#5230,#5231,#5232,#5233,#5234,#5235,#5236,#5237,
#5238,#5239,#5240,#5241,#5242,#5243,#5244,#5245,#5246,#5247,#5248,#5249,
#5250,#5251,#5252,#5253,#5254,#5255,#5256,#5257,#5258,#5259,#5260,#5261,
#5262,#5263,#5264,#5265,#5266,#5267,#5268,#5269,#5270,#5271,#5272,#5273,
#5274,#5275,#5276,#5277,#5278,#5279,#5280,#5281,#5282,#5283,#5284,#5285,
#5286,#5287,#5288,#5289,#5290,#5291,#5292,#5293,#5294,#5295,#5296,#5297,
#5298,#5299,#5300,#5301,#5302,#5303,#5304,#5305,#5306,#5307),
 .UNSPECIFIED.,.F.,.F.,(4,3,3,3,3,3,3,3,3,3,3,3,3,3,3,3,3,3,3,3,3,3,3,3,
3,3,3,3,3,4),(0.,0.0178018730589799,0.0431863733412014,0.068997176020156,
0.0918330399014939,0.0965237065457453,0.121650873383424,0.146680822612533,
0.171236798324146,0.18267007935692,0.186756674392158,0.210894160037493,
0.234331755859767,0.251684087070859,0.264941522306665,0.271089114199415,
0.275058962460967,0.298685912150682,0.322429713417036,0.340587384061522,
0.351077629261223,0.355319964504241,0.35937769106026,0.382455112332472,
0.402792096960291,0.408416711938479,0.413280446883476,0.435487882464512,
0.457051806218509,0.463803050843748),.UNSPECIFIED.);
#333=B_SPLINE_CURVE_WITH_KNOTS('',3,(#5308,#5309,#5310,#5311),
 .UNSPECIFIED.,.F.,.F.,(4,4),(195.895364756174,196.349540849362),
 .UNSPECIFIED.);
#334=B_SPLINE_CURVE_WITH_KNOTS('',3,(#5312,#5313,#5314,#5315,#5316,#5317,
#5318,#5319,#5320),.UNSPECIFIED.,.F.,.F.,(4,1,1,1,1,1,4),(10.3747553777872,
11.2993557950018,12.2964218176148,13.2934878402278,14.2905538628408,15.2876198854538,
15.7079632679491),.UNSPECIFIED.);
#335=B_SPLINE_CURVE_WITH_KNOTS('',3,(#5322,#5323,#5324,#5325,#5326,#5327,
#5328,#5329),.UNSPECIFIED.,.F.,.F.,(4,1,1,1,1,4),(11.6163931973417,12.6134592199547,
13.6105252425677,14.6075912651807,15.6046572877937,15.7079632679491),
 .UNSPECIFIED.);
#336=B_SPLINE_CURVE_WITH_KNOTS('',3,(#6138,#6139,#6140,#6141,#6142,#6143,
#6144,#6145,#6146,#6147,#6148,#6149,#6150,#6151,#6152,#6153,#6154,#6155,
#6156,#6157,#6158,#6159,#6160,#6161,#6162,#6163,#6164,#6165,#6166,#6167,
#6168,#6169,#6170,#6171,#6172,#6173,#6174,#6175,#6176,#6177,#6178,#6179,
#6180,#6181,#6182,#6183,#6184,#6185,#6186,#6187,#6188,#6189,#6190,#6191,
#6192,#6193,#6194,#6195,#6196,#6197,#6198,#6199,#6200,#6201,#6202,#6203,
#6204,#6205,#6206,#6207,#6208,#6209,#6210,#6211,#6212,#6213,#6214,#6215,
#6216,#6217,#6218,#6219,#6220,#6221,#6222,#6223,#6224,#6225,#6226,#6227,
#6228),.UNSPECIFIED.,.F.,.F.,(4,3,3,3,3,3,3,3,3,3,3,3,3,3,3,3,3,3,3,3,3,
3,3,3,3,3,3,3,3,3,4),(0.,0.0146215498290633,0.0361088160786391,0.0581796159442805,
0.0693843052276877,0.0761474127798007,0.0816850996211606,0.104476451671646,
0.127738155296072,0.151137867717884,0.159785130655326,0.163860499234514,
0.187890181370345,0.21182663336771,0.227654139306011,0.242287565905622,
0.246596786352259,0.250647085608083,0.274163203112077,0.298578840746004,
0.318980106265226,0.329929606004955,0.335709535530872,0.339916286367313,
0.365102455079796,0.389274082534793,0.397915202680411,0.402695068949531,
0.428509085600894,0.453948366719398,0.461788964899784),.UNSPECIFIED.);
#337=LINE('',#1858,#421);
#338=LINE('',#1882,#422);
#339=LINE('',#1930,#423);
#340=LINE('',#1978,#424);
#341=LINE('',#2032,#425);
#342=LINE('',#2080,#426);
#343=LINE('',#2128,#427);
#344=LINE('',#2176,#428);
#345=LINE('',#2230,#429);
#346=LINE('',#2278,#430);
#347=LINE('',#2326,#431);
#348=LINE('',#2380,#432);
#349=LINE('',#2428,#433);
#350=LINE('',#2476,#434);
#351=LINE('',#2530,#435);
#352=LINE('',#2578,#436);
#353=LINE('',#2626,#437);
#354=LINE('',#2674,#438);
#355=LINE('',#2728,#439);
#356=LINE('',#2776,#440);
#357=LINE('',#2824,#441);
#358=LINE('',#2878,#442);
#359=LINE('',#2926,#443);
#360=LINE('',#2974,#444);
#361=LINE('',#3028,#445);
#362=LINE('',#3076,#446);
#363=LINE('',#3124,#447);
#364=LINE('',#3172,#448);
#365=LINE('',#3226,#449);
#366=LINE('',#3274,#450);
#367=LINE('',#3322,#451);
#368=LINE('',#3376,#452);
#369=LINE('',#3423,#453);
#370=LINE('',#3443,#454);
#371=LINE('',#3468,#455);
#372=LINE('',#3493,#456);
#373=LINE('',#3517,#457);
#374=LINE('',#3542,#458);
#375=LINE('',#3567,#459);
#376=LINE('',#3591,#460);
#377=LINE('',#3615,#461);
#378=LINE('',#3640,#462);
#379=LINE('',#3665,#463);
#380=LINE('',#3689,#464);
#381=LINE('',#3714,#465);
#382=LINE('',#3739,#466);
#383=LINE('',#3763,#467);
#384=LINE('',#3788,#468);
#385=LINE('',#3813,#469);
#386=LINE('',#3837,#470);
#387=LINE('',#3861,#471);
#388=LINE('',#3886,#472);
#389=LINE('',#3911,#473);
#390=LINE('',#3935,#474);
#391=LINE('',#3960,#475);
#392=LINE('',#3985,#476);
#393=LINE('',#4009,#477);
#394=LINE('',#4034,#478);
#395=LINE('',#4059,#479);
#396=LINE('',#4083,#480);
#397=LINE('',#4107,#481);
#398=LINE('',#4132,#482);
#399=LINE('',#4157,#483);
#400=LINE('',#4182,#484);
#401=LINE('',#4188,#485);
#402=LINE('',#4371,#486);
#403=LINE('',#4376,#487);
#404=LINE('',#4378,#488);
#405=LINE('',#4380,#489);
#406=LINE('',#4382,#490);
#407=LINE('',#4384,#491);
#408=LINE('',#4385,#492);
#409=LINE('',#4388,#493);
#410=LINE('',#4390,#494);
#411=LINE('',#4391,#495);
#412=LINE('',#4394,#496);
#413=LINE('',#4395,#497);
#414=LINE('',#4398,#498);
#415=LINE('',#4399,#499);
#416=LINE('',#4402,#500);
#417=LINE('',#4403,#501);
#418=LINE('',#4406,#502);
#419=LINE('',#4407,#503);
#420=LINE('',#4409,#504);
#421=VECTOR('',#1594,2.5);
#422=VECTOR('',#1599,2.5);
#423=VECTOR('',#1602,2.5);
#424=VECTOR('',#1605,2.5);
#425=VECTOR('',#1608,2.5);
#426=VECTOR('',#1611,2.5);
#427=VECTOR('',#1614,2.5);
#428=VECTOR('',#1617,2.5);
#429=VECTOR('',#1620,2.5);
#430=VECTOR('',#1623,2.5);
#431=VECTOR('',#1626,2.5);
#432=VECTOR('',#1629,2.5);
#433=VECTOR('',#1632,2.5);
#434=VECTOR('',#1635,2.5);
#435=VECTOR('',#1638,2.5);
#436=VECTOR('',#1641,2.5);
#437=VECTOR('',#1644,2.5);
#438=VECTOR('',#1647,2.5);
#439=VECTOR('',#1650,2.5);
#440=VECTOR('',#1653,2.5);
#441=VECTOR('',#1656,2.5);
#442=VECTOR('',#1659,2.5);
#443=VECTOR('',#1662,2.5);
#444=VECTOR('',#1665,2.5);
#445=VECTOR('',#1668,2.5);
#446=VECTOR('',#1671,2.5);
#447=VECTOR('',#1674,2.5);
#448=VECTOR('',#1677,2.5);
#449=VECTOR('',#1680,2.5);
#450=VECTOR('',#1683,2.5);
#451=VECTOR('',#1686,2.5);
#452=VECTOR('',#1689,2.5);
#453=VECTOR('',#1694,1.99475);
#454=VECTOR('',#1699,1.99475);
#455=VECTOR('',#1702,1.99475);
#456=VECTOR('',#1705,1.99475);
#457=VECTOR('',#1708,1.99475);
#458=VECTOR('',#1711,1.99475);
#459=VECTOR('',#1714,1.99475);
#460=VECTOR('',#1717,1.99475);
#461=VECTOR('',#1720,1.99475);
#462=VECTOR('',#1723,1.99475);
#463=VECTOR('',#1726,1.99475);
#464=VECTOR('',#1729,1.99475);
#465=VECTOR('',#1732,1.99475);
#466=VECTOR('',#1735,1.99475);
#467=VECTOR('',#1738,1.99475);
#468=VECTOR('',#1741,1.99475);
#469=VECTOR('',#1744,1.99475);
#470=VECTOR('',#1747,1.99475);
#471=VECTOR('',#1750,1.99475);
#472=VECTOR('',#1753,1.99475);
#473=VECTOR('',#1756,1.99475);
#474=VECTOR('',#1759,1.99475);
#475=VECTOR('',#1762,1.99475);
#476=VECTOR('',#1765,1.99475);
#477=VECTOR('',#1768,1.99475);
#478=VECTOR('',#1771,1.99475);
#479=VECTOR('',#1774,1.99475);
#480=VECTOR('',#1777,1.99475);
#481=VECTOR('',#1780,1.99475);
#482=VECTOR('',#1783,1.99475);
#483=VECTOR('',#1786,1.99475);
#484=VECTOR('',#1791,3.85);
#485=VECTOR('',#1798,4.);
#486=VECTOR('',#1809,3.85);
#487=VECTOR('',#1814,10.);
#488=VECTOR('',#1815,10.);
#489=VECTOR('',#1816,10.);
#490=VECTOR('',#1817,10.);
#491=VECTOR('',#1818,10.);
#492=VECTOR('',#1819,10.);
#493=VECTOR('',#1822,10.);
#494=VECTOR('',#1823,10.);
#495=VECTOR('',#1824,10.);
#496=VECTOR('',#1827,10.);
#497=VECTOR('',#1828,10.);
#498=VECTOR('',#1831,10.);
#499=VECTOR('',#1832,10.);
#500=VECTOR('',#1835,10.);
#501=VECTOR('',#1836,10.);
#502=VECTOR('',#1839,10.);
#503=VECTOR('',#1840,10.);
#504=VECTOR('',#1843,10.);
#505=VERTEX_POINT('',#1856);
#506=VERTEX_POINT('',#1857);
#507=VERTEX_POINT('',#1859);
#508=VERTEX_POINT('',#1870);
#509=VERTEX_POINT('',#1880);
#510=VERTEX_POINT('',#1881);
#511=VERTEX_POINT('',#1928);
#512=VERTEX_POINT('',#1929);
#513=VERTEX_POINT('',#1976);
#514=VERTEX_POINT('',#1977);
#515=VERTEX_POINT('',#2030);
#516=VERTEX_POINT('',#2031);
#517=VERTEX_POINT('',#2078);
#518=VERTEX_POINT('',#2079);
#519=VERTEX_POINT('',#2126);
#520=VERTEX_POINT('',#2127);
#521=VERTEX_POINT('',#2174);
#522=VERTEX_POINT('',#2175);
#523=VERTEX_POINT('',#2228);
#524=VERTEX_POINT('',#2229);
#525=VERTEX_POINT('',#2276);
#526=VERTEX_POINT('',#2277);
#527=VERTEX_POINT('',#2324);
#528=VERTEX_POINT('',#2325);
#529=VERTEX_POINT('',#2378);
#530=VERTEX_POINT('',#2379);
#531=VERTEX_POINT('',#2426);
#532=VERTEX_POINT('',#2427);
#533=VERTEX_POINT('',#2474);
#534=VERTEX_POINT('',#2475);
#535=VERTEX_POINT('',#2528);
#536=VERTEX_POINT('',#2529);
#537=VERTEX_POINT('',#2576);
#538=VERTEX_POINT('',#2577);
#539=VERTEX_POINT('',#2624);
#540=VERTEX_POINT('',#2625);
#541=VERTEX_POINT('',#2672);
#542=VERTEX_POINT('',#2673);
#543=VERTEX_POINT('',#2726);
#544=VERTEX_POINT('',#2727);
#545=VERTEX_POINT('',#2774);
#546=VERTEX_POINT('',#2775);
#547=VERTEX_POINT('',#2822);
#548=VERTEX_POINT('',#2823);
#549=VERTEX_POINT('',#2876);
#550=VERTEX_POINT('',#2877);
#551=VERTEX_POINT('',#2924);
#552=VERTEX_POINT('',#2925);
#553=VERTEX_POINT('',#2972);
#554=VERTEX_POINT('',#2973);
#555=VERTEX_POINT('',#3026);
#556=VERTEX_POINT('',#3027);
#557=VERTEX_POINT('',#3074);
#558=VERTEX_POINT('',#3075);
#559=VERTEX_POINT('',#3122);
#560=VERTEX_POINT('',#3123);
#561=VERTEX_POINT('',#3170);
#562=VERTEX_POINT('',#3171);
#563=VERTEX_POINT('',#3224);
#564=VERTEX_POINT('',#3225);
#565=VERTEX_POINT('',#3272);
#566=VERTEX_POINT('',#3273);
#567=VERTEX_POINT('',#3320);
#568=VERTEX_POINT('',#3321);
#569=VERTEX_POINT('',#3374);
#570=VERTEX_POINT('',#3375);
#571=VERTEX_POINT('',#3377);
#572=VERTEX_POINT('',#3421);
#573=VERTEX_POINT('',#3422);
#574=VERTEX_POINT('',#3424);
#575=VERTEX_POINT('',#3432);
#576=VERTEX_POINT('',#3441);
#577=VERTEX_POINT('',#3442);
#578=VERTEX_POINT('',#3466);
#579=VERTEX_POINT('',#3467);
#580=VERTEX_POINT('',#3491);
#581=VERTEX_POINT('',#3492);
#582=VERTEX_POINT('',#3515);
#583=VERTEX_POINT('',#3516);
#584=VERTEX_POINT('',#3540);
#585=VERTEX_POINT('',#3541);
#586=VERTEX_POINT('',#3565);
#587=VERTEX_POINT('',#3566);
#588=VERTEX_POINT('',#3589);
#589=VERTEX_POINT('',#3590);
#590=VERTEX_POINT('',#3613);
#591=VERTEX_POINT('',#3614);
#592=VERTEX_POINT('',#3638);
#593=VERTEX_POINT('',#3639);
#594=VERTEX_POINT('',#3663);
#595=VERTEX_POINT('',#3664);
#596=VERTEX_POINT('',#3687);
#597=VERTEX_POINT('',#3688);
#598=VERTEX_POINT('',#3712);
#599=VERTEX_POINT('',#3713);
#600=VERTEX_POINT('',#3737);
#601=VERTEX_POINT('',#3738);
#602=VERTEX_POINT('',#3761);
#603=VERTEX_POINT('',#3762);
#604=VERTEX_POINT('',#3786);
#605=VERTEX_POINT('',#3787);
#606=VERTEX_POINT('',#3811);
#607=VERTEX_POINT('',#3812);
#608=VERTEX_POINT('',#3835);
#609=VERTEX_POINT('',#3836);
#610=VERTEX_POINT('',#3859);
#611=VERTEX_POINT('',#3860);
#612=VERTEX_POINT('',#3884);
#613=VERTEX_POINT('',#3885);
#614=VERTEX_POINT('',#3909);
#615=VERTEX_POINT('',#3910);
#616=VERTEX_POINT('',#3933);
#617=VERTEX_POINT('',#3934);
#618=VERTEX_POINT('',#3958);
#619=VERTEX_POINT('',#3959);
#620=VERTEX_POINT('',#3983);
#621=VERTEX_POINT('',#3984);
#622=VERTEX_POINT('',#4007);
#623=VERTEX_POINT('',#4008);
#624=VERTEX_POINT('',#4032);
#625=VERTEX_POINT('',#4033);
#626=VERTEX_POINT('',#4057);
#627=VERTEX_POINT('',#4058);
#628=VERTEX_POINT('',#4081);
#629=VERTEX_POINT('',#4082);
#630=VERTEX_POINT('',#4105);
#631=VERTEX_POINT('',#4106);
#632=VERTEX_POINT('',#4130);
#633=VERTEX_POINT('',#4131);
#634=VERTEX_POINT('',#4155);
#635=VERTEX_POINT('',#4156);
#636=VERTEX_POINT('',#4179);
#637=VERTEX_POINT('',#4181);
#638=VERTEX_POINT('',#4183);
#639=VERTEX_POINT('',#4187);
#640=VERTEX_POINT('',#4189);
#641=VERTEX_POINT('',#4193);
#642=VERTEX_POINT('',#4282);
#643=VERTEX_POINT('',#4370);
#644=VERTEX_POINT('',#4374);
#645=VERTEX_POINT('',#4375);
#646=VERTEX_POINT('',#4377);
#647=VERTEX_POINT('',#4379);
#648=VERTEX_POINT('',#4381);
#649=VERTEX_POINT('',#4383);
#650=VERTEX_POINT('',#4387);
#651=VERTEX_POINT('',#4389);
#652=VERTEX_POINT('',#4393);
#653=VERTEX_POINT('',#4397);
#654=VERTEX_POINT('',#4401);
#655=VERTEX_POINT('',#4405);
#656=VERTEX_POINT('',#5219);
#657=EDGE_CURVE('',#505,#506,#337,.T.);
#658=EDGE_CURVE('',#505,#507,#204,.T.);
#659=EDGE_CURVE('',#507,#508,#193,.F.);
#660=EDGE_CURVE('',#508,#506,#205,.T.);
#661=EDGE_CURVE('',#509,#510,#338,.T.);
#662=EDGE_CURVE('',#509,#505,#206,.T.);
#663=EDGE_CURVE('',#506,#510,#207,.T.);
#664=EDGE_CURVE('',#511,#512,#339,.T.);
#665=EDGE_CURVE('',#511,#509,#208,.T.);
#666=EDGE_CURVE('',#510,#512,#209,.T.);
#667=EDGE_CURVE('',#513,#514,#340,.T.);
#668=EDGE_CURVE('',#513,#511,#210,.T.);
#669=EDGE_CURVE('',#512,#514,#211,.T.);
#670=EDGE_CURVE('',#515,#516,#341,.T.);
#671=EDGE_CURVE('',#515,#513,#212,.T.);
#672=EDGE_CURVE('',#514,#516,#213,.T.);
#673=EDGE_CURVE('',#517,#518,#342,.T.);
#674=EDGE_CURVE('',#517,#515,#214,.T.);
#675=EDGE_CURVE('',#516,#518,#215,.T.);
#676=EDGE_CURVE('',#519,#520,#343,.T.);
#677=EDGE_CURVE('',#519,#517,#216,.T.);
#678=EDGE_CURVE('',#518,#520,#217,.T.);
#679=EDGE_CURVE('',#521,#522,#344,.T.);
#680=EDGE_CURVE('',#521,#519,#218,.T.);
#681=EDGE_CURVE('',#520,#522,#219,.T.);
#682=EDGE_CURVE('',#523,#524,#345,.T.);
#683=EDGE_CURVE('',#523,#521,#220,.T.);
#684=EDGE_CURVE('',#522,#524,#221,.T.);
#685=EDGE_CURVE('',#525,#526,#346,.T.);
#686=EDGE_CURVE('',#525,#523,#222,.T.);
#687=EDGE_CURVE('',#524,#526,#223,.T.);
#688=EDGE_CURVE('',#527,#528,#347,.T.);
#689=EDGE_CURVE('',#527,#525,#224,.T.);
#690=EDGE_CURVE('',#526,#528,#225,.T.);
#691=EDGE_CURVE('',#529,#530,#348,.T.);
#692=EDGE_CURVE('',#529,#527,#226,.T.);
#693=EDGE_CURVE('',#528,#530,#227,.T.);
#694=EDGE_CURVE('',#531,#532,#349,.T.);
#695=EDGE_CURVE('',#531,#529,#228,.T.);
#696=EDGE_CURVE('',#530,#532,#229,.T.);
#697=EDGE_CURVE('',#533,#534,#350,.T.);
#698=EDGE_CURVE('',#533,#531,#230,.T.);
#699=EDGE_CURVE('',#532,#534,#231,.T.);
#700=EDGE_CURVE('',#535,#536,#351,.T.);
#701=EDGE_CURVE('',#535,#533,#232,.T.);
#702=EDGE_CURVE('',#534,#536,#233,.T.);
#703=EDGE_CURVE('',#537,#538,#352,.T.);
#704=EDGE_CURVE('',#537,#535,#234,.T.);
#705=EDGE_CURVE('',#536,#538,#235,.T.);
#706=EDGE_CURVE('',#539,#540,#353,.T.);
#707=EDGE_CURVE('',#539,#537,#236,.T.);
#708=EDGE_CURVE('',#538,#540,#237,.T.);
#709=EDGE_CURVE('',#541,#542,#354,.T.);
#710=EDGE_CURVE('',#541,#539,#238,.T.);
#711=EDGE_CURVE('',#540,#542,#239,.T.);
#712=EDGE_CURVE('',#543,#544,#355,.T.);
#713=EDGE_CURVE('',#543,#541,#240,.T.);
#714=EDGE_CURVE('',#542,#544,#241,.T.);
#715=EDGE_CURVE('',#545,#546,#356,.T.);
#716=EDGE_CURVE('',#545,#543,#242,.T.);
#717=EDGE_CURVE('',#544,#546,#243,.T.);
#718=EDGE_CURVE('',#547,#548,#357,.T.);
#719=EDGE_CURVE('',#547,#545,#244,.T.);
#720=EDGE_CURVE('',#546,#548,#245,.T.);
#721=EDGE_CURVE('',#549,#550,#358,.T.);
#722=EDGE_CURVE('',#549,#547,#246,.T.);
#723=EDGE_CURVE('',#548,#550,#247,.T.);
#724=EDGE_CURVE('',#551,#552,#359,.T.);
#725=EDGE_CURVE('',#551,#549,#248,.T.);
#726=EDGE_CURVE('',#550,#552,#249,.T.);
#727=EDGE_CURVE('',#553,#554,#360,.T.);
#728=EDGE_CURVE('',#553,#551,#250,.T.);
#729=EDGE_CURVE('',#552,#554,#251,.T.);
#730=EDGE_CURVE('',#555,#556,#361,.T.);
#731=EDGE_CURVE('',#555,#553,#252,.T.);
#732=EDGE_CURVE('',#554,#556,#253,.T.);
#733=EDGE_CURVE('',#557,#558,#362,.T.);
#734=EDGE_CURVE('',#557,#555,#254,.T.);
#735=EDGE_CURVE('',#556,#558,#255,.T.);
#736=EDGE_CURVE('',#559,#560,#363,.T.);
#737=EDGE_CURVE('',#559,#557,#256,.T.);
#738=EDGE_CURVE('',#558,#560,#257,.T.);
#739=EDGE_CURVE('',#561,#562,#364,.T.);
#740=EDGE_CURVE('',#561,#559,#258,.T.);
#741=EDGE_CURVE('',#560,#562,#259,.T.);
#742=EDGE_CURVE('',#563,#564,#365,.T.);
#743=EDGE_CURVE('',#563,#561,#260,.T.);
#744=EDGE_CURVE('',#562,#564,#261,.T.);
#745=EDGE_CURVE('',#565,#566,#366,.T.);
#746=EDGE_CURVE('',#565,#563,#262,.T.);
#747=EDGE_CURVE('',#564,#566,#263,.T.);
#748=EDGE_CURVE('',#567,#568,#367,.T.);
#749=EDGE_CURVE('',#567,#565,#264,.T.);
#750=EDGE_CURVE('',#566,#568,#265,.T.);
#751=EDGE_CURVE('',#569,#570,#368,.T.);
#752=EDGE_CURVE('',#571,#569,#194,.F.);
#753=EDGE_CURVE('',#571,#567,#266,.T.);
#754=EDGE_CURVE('',#568,#570,#267,.T.);
#755=EDGE_CURVE('',#572,#573,#369,.T.);
#756=EDGE_CURVE('',#572,#574,#268,.T.);
#757=EDGE_CURVE('',#575,#574,#195,.T.);
#758=EDGE_CURVE('',#573,#575,#269,.T.);
#759=EDGE_CURVE('',#576,#577,#370,.T.);
#760=EDGE_CURVE('',#576,#572,#270,.T.);
#761=EDGE_CURVE('',#577,#573,#271,.T.);
#762=EDGE_CURVE('',#578,#579,#371,.T.);
#763=EDGE_CURVE('',#578,#576,#272,.T.);
#764=EDGE_CURVE('',#579,#577,#273,.T.);
#765=EDGE_CURVE('',#580,#581,#372,.T.);
#766=EDGE_CURVE('',#580,#578,#274,.T.);
#767=EDGE_CURVE('',#581,#579,#275,.T.);
#768=EDGE_CURVE('',#582,#583,#373,.T.);
#769=EDGE_CURVE('',#582,#580,#276,.T.);
#770=EDGE_CURVE('',#583,#581,#277,.T.);
#771=EDGE_CURVE('',#584,#585,#374,.T.);
#772=EDGE_CURVE('',#584,#582,#278,.T.);
#773=EDGE_CURVE('',#585,#583,#279,.T.);
#774=EDGE_CURVE('',#586,#587,#375,.T.);
#775=EDGE_CURVE('',#586,#584,#280,.T.);
#776=EDGE_CURVE('',#587,#585,#281,.T.);
#777=EDGE_CURVE('',#588,#589,#376,.T.);
#778=EDGE_CURVE('',#588,#586,#282,.T.);
#779=EDGE_CURVE('',#589,#587,#283,.T.);
#780=EDGE_CURVE('',#590,#591,#377,.T.);
#781=EDGE_CURVE('',#590,#588,#284,.T.);
#782=EDGE_CURVE('',#591,#589,#285,.T.);
#783=EDGE_CURVE('',#592,#593,#378,.T.);
#784=EDGE_CURVE('',#592,#590,#286,.T.);
#785=EDGE_CURVE('',#593,#591,#287,.T.);
#786=EDGE_CURVE('',#594,#595,#379,.T.);
#787=EDGE_CURVE('',#594,#592,#288,.T.);
#788=EDGE_CURVE('',#595,#593,#289,.T.);
#789=EDGE_CURVE('',#596,#597,#380,.T.);
#790=EDGE_CURVE('',#596,#594,#290,.T.);
#791=EDGE_CURVE('',#597,#595,#291,.T.);
#792=EDGE_CURVE('',#598,#599,#381,.T.);
#793=EDGE_CURVE('',#598,#596,#292,.T.);
#794=EDGE_CURVE('',#599,#597,#293,.T.);
#795=EDGE_CURVE('',#600,#601,#382,.T.);
#796=EDGE_CURVE('',#600,#598,#294,.T.);
#797=EDGE_CURVE('',#601,#599,#295,.T.);
#798=EDGE_CURVE('',#602,#603,#383,.T.);
#799=EDGE_CURVE('',#602,#600,#296,.T.);
#800=EDGE_CURVE('',#603,#601,#297,.T.);
#801=EDGE_CURVE('',#604,#605,#384,.T.);
#802=EDGE_CURVE('',#604,#602,#298,.T.);
#803=EDGE_CURVE('',#605,#603,#299,.T.);
#804=EDGE_CURVE('',#606,#607,#385,.T.);
#805=EDGE_CURVE('',#606,#604,#300,.T.);
#806=EDGE_CURVE('',#607,#605,#301,.T.);
#807=EDGE_CURVE('',#608,#609,#386,.T.);
#808=EDGE_CURVE('',#608,#606,#302,.T.);
#809=EDGE_CURVE('',#609,#607,#303,.T.);
#810=EDGE_CURVE('',#610,#611,#387,.T.);
#811=EDGE_CURVE('',#610,#608,#304,.T.);
#812=EDGE_CURVE('',#611,#609,#305,.T.);
#813=EDGE_CURVE('',#612,#613,#388,.T.);
#814=EDGE_CURVE('',#612,#610,#306,.T.);
#815=EDGE_CURVE('',#613,#611,#307,.T.);
#816=EDGE_CURVE('',#614,#615,#389,.T.);
#817=EDGE_CURVE('',#614,#612,#308,.T.);
#818=EDGE_CURVE('',#615,#613,#309,.T.);
#819=EDGE_CURVE('',#616,#617,#390,.T.);
#820=EDGE_CURVE('',#616,#614,#310,.T.);
#821=EDGE_CURVE('',#617,#615,#311,.T.);
#822=EDGE_CURVE('',#618,#619,#391,.T.);
#823=EDGE_CURVE('',#618,#616,#312,.T.);
#824=EDGE_CURVE('',#619,#617,#313,.T.);
#825=EDGE_CURVE('',#620,#621,#392,.T.);
#826=EDGE_CURVE('',#620,#618,#314,.T.);
#827=EDGE_CURVE('',#621,#619,#315,.T.);
#828=EDGE_CURVE('',#622,#623,#393,.T.);
#829=EDGE_CURVE('',#622,#620,#316,.T.);
#830=EDGE_CURVE('',#623,#621,#317,.T.);
#831=EDGE_CURVE('',#624,#625,#394,.T.);
#832=EDGE_CURVE('',#624,#622,#318,.T.);
#833=EDGE_CURVE('',#625,#623,#319,.T.);
#834=EDGE_CURVE('',#626,#627,#395,.T.);
#835=EDGE_CURVE('',#626,#624,#320,.T.);
#836=EDGE_CURVE('',#627,#625,#321,.T.);
#837=EDGE_CURVE('',#628,#629,#396,.T.);
#838=EDGE_CURVE('',#628,#626,#322,.T.);
#839=EDGE_CURVE('',#629,#627,#323,.T.);
#840=EDGE_CURVE('',#630,#631,#397,.T.);
#841=EDGE_CURVE('',#630,#628,#324,.T.);
#842=EDGE_CURVE('',#631,#629,#325,.T.);
#843=EDGE_CURVE('',#632,#633,#398,.T.);
#844=EDGE_CURVE('',#632,#630,#326,.T.);
#845=EDGE_CURVE('',#633,#631,#327,.T.);
#846=EDGE_CURVE('',#634,#635,#399,.T.);
#847=EDGE_CURVE('',#634,#632,#328,.T.);
#848=EDGE_CURVE('',#635,#633,#329,.T.);
#849=EDGE_CURVE('',#636,#636,#196,.T.);
#850=EDGE_CURVE('',#636,#637,#400,.T.);
#851=EDGE_CURVE('',#637,#638,#197,.T.);
#852=EDGE_CURVE('',#638,#637,#198,.T.);
#853=EDGE_CURVE('',#638,#639,#401,.T.);
#854=EDGE_CURVE('',#640,#639,#199,.T.);
#855=EDGE_CURVE('',#639,#640,#200,.T.);
#856=EDGE_CURVE('',#507,#641,#330,.T.);
#857=EDGE_CURVE('',#641,#642,#201,.T.);
#858=EDGE_CURVE('',#642,#508,#331,.T.);
#859=EDGE_CURVE('',#640,#643,#402,.T.);
#860=EDGE_CURVE('',#643,#643,#202,.T.);
#861=EDGE_CURVE('',#644,#645,#403,.T.);
#862=EDGE_CURVE('',#645,#646,#404,.T.);
#863=EDGE_CURVE('',#646,#647,#405,.T.);
#864=EDGE_CURVE('',#647,#648,#406,.T.);
#865=EDGE_CURVE('',#648,#649,#407,.T.);
#866=EDGE_CURVE('',#649,#644,#408,.T.);
#867=EDGE_CURVE('',#644,#650,#409,.T.);
#868=EDGE_CURVE('',#650,#651,#410,.T.);
#869=EDGE_CURVE('',#645,#651,#411,.T.);
#870=EDGE_CURVE('',#649,#652,#412,.T.);
#871=EDGE_CURVE('',#652,#650,#413,.T.);
#872=EDGE_CURVE('',#648,#653,#414,.T.);
#873=EDGE_CURVE('',#653,#652,#415,.T.);
#874=EDGE_CURVE('',#647,#654,#416,.T.);
#875=EDGE_CURVE('',#654,#653,#417,.T.);
#876=EDGE_CURVE('',#646,#655,#418,.T.);
#877=EDGE_CURVE('',#655,#654,#419,.T.);
#878=EDGE_CURVE('',#651,#655,#420,.T.);
#879=EDGE_CURVE('',#656,#575,#332,.T.);
#880=EDGE_CURVE('',#570,#656,#333,.T.);
#881=EDGE_CURVE('',#642,#635,#334,.T.);
#882=EDGE_CURVE('',#641,#634,#335,.T.);
#883=EDGE_CURVE('',#574,#571,#336,.T.);
#884=EDGE_CURVE('',#569,#656,#203,.F.);
#885=ORIENTED_EDGE('',*,*,#657,.F.);
#886=ORIENTED_EDGE('',*,*,#658,.T.);
#887=ORIENTED_EDGE('',*,*,#659,.T.);
#888=ORIENTED_EDGE('',*,*,#660,.T.);
#889=ORIENTED_EDGE('',*,*,#661,.F.);
#890=ORIENTED_EDGE('',*,*,#662,.T.);
#891=ORIENTED_EDGE('',*,*,#657,.T.);
#892=ORIENTED_EDGE('',*,*,#663,.T.);
#893=ORIENTED_EDGE('',*,*,#664,.F.);
#894=ORIENTED_EDGE('',*,*,#665,.T.);
#895=ORIENTED_EDGE('',*,*,#661,.T.);
#896=ORIENTED_EDGE('',*,*,#666,.T.);
#897=ORIENTED_EDGE('',*,*,#667,.F.);
#898=ORIENTED_EDGE('',*,*,#668,.T.);
#899=ORIENTED_EDGE('',*,*,#664,.T.);
#900=ORIENTED_EDGE('',*,*,#669,.T.);
#901=ORIENTED_EDGE('',*,*,#670,.F.);
#902=ORIENTED_EDGE('',*,*,#671,.T.);
#903=ORIENTED_EDGE('',*,*,#667,.T.);
#904=ORIENTED_EDGE('',*,*,#672,.T.);
#905=ORIENTED_EDGE('',*,*,#673,.F.);
#906=ORIENTED_EDGE('',*,*,#674,.T.);
#907=ORIENTED_EDGE('',*,*,#670,.T.);
#908=ORIENTED_EDGE('',*,*,#675,.T.);
#909=ORIENTED_EDGE('',*,*,#676,.F.);
#910=ORIENTED_EDGE('',*,*,#677,.T.);
#911=ORIENTED_EDGE('',*,*,#673,.T.);
#912=ORIENTED_EDGE('',*,*,#678,.T.);
#913=ORIENTED_EDGE('',*,*,#679,.F.);
#914=ORIENTED_EDGE('',*,*,#680,.T.);
#915=ORIENTED_EDGE('',*,*,#676,.T.);
#916=ORIENTED_EDGE('',*,*,#681,.T.);
#917=ORIENTED_EDGE('',*,*,#682,.F.);
#918=ORIENTED_EDGE('',*,*,#683,.T.);
#919=ORIENTED_EDGE('',*,*,#679,.T.);
#920=ORIENTED_EDGE('',*,*,#684,.T.);
#921=ORIENTED_EDGE('',*,*,#685,.F.);
#922=ORIENTED_EDGE('',*,*,#686,.T.);
#923=ORIENTED_EDGE('',*,*,#682,.T.);
#924=ORIENTED_EDGE('',*,*,#687,.T.);
#925=ORIENTED_EDGE('',*,*,#688,.F.);
#926=ORIENTED_EDGE('',*,*,#689,.T.);
#927=ORIENTED_EDGE('',*,*,#685,.T.);
#928=ORIENTED_EDGE('',*,*,#690,.T.);
#929=ORIENTED_EDGE('',*,*,#691,.F.);
#930=ORIENTED_EDGE('',*,*,#692,.T.);
#931=ORIENTED_EDGE('',*,*,#688,.T.);
#932=ORIENTED_EDGE('',*,*,#693,.T.);
#933=ORIENTED_EDGE('',*,*,#694,.F.);
#934=ORIENTED_EDGE('',*,*,#695,.T.);
#935=ORIENTED_EDGE('',*,*,#691,.T.);
#936=ORIENTED_EDGE('',*,*,#696,.T.);
#937=ORIENTED_EDGE('',*,*,#697,.F.);
#938=ORIENTED_EDGE('',*,*,#698,.T.);
#939=ORIENTED_EDGE('',*,*,#694,.T.);
#940=ORIENTED_EDGE('',*,*,#699,.T.);
#941=ORIENTED_EDGE('',*,*,#700,.F.);
#942=ORIENTED_EDGE('',*,*,#701,.T.);
#943=ORIENTED_EDGE('',*,*,#697,.T.);
#944=ORIENTED_EDGE('',*,*,#702,.T.);
#945=ORIENTED_EDGE('',*,*,#703,.F.);
#946=ORIENTED_EDGE('',*,*,#704,.T.);
#947=ORIENTED_EDGE('',*,*,#700,.T.);
#948=ORIENTED_EDGE('',*,*,#705,.T.);
#949=ORIENTED_EDGE('',*,*,#706,.F.);
#950=ORIENTED_EDGE('',*,*,#707,.T.);
#951=ORIENTED_EDGE('',*,*,#703,.T.);
#952=ORIENTED_EDGE('',*,*,#708,.T.);
#953=ORIENTED_EDGE('',*,*,#709,.F.);
#954=ORIENTED_EDGE('',*,*,#710,.T.);
#955=ORIENTED_EDGE('',*,*,#706,.T.);
#956=ORIENTED_EDGE('',*,*,#711,.T.);
#957=ORIENTED_EDGE('',*,*,#712,.F.);
#958=ORIENTED_EDGE('',*,*,#713,.T.);
#959=ORIENTED_EDGE('',*,*,#709,.T.);
#960=ORIENTED_EDGE('',*,*,#714,.T.);
#961=ORIENTED_EDGE('',*,*,#715,.F.);
#962=ORIENTED_EDGE('',*,*,#716,.T.);
#963=ORIENTED_EDGE('',*,*,#712,.T.);
#964=ORIENTED_EDGE('',*,*,#717,.T.);
#965=ORIENTED_EDGE('',*,*,#718,.F.);
#966=ORIENTED_EDGE('',*,*,#719,.T.);
#967=ORIENTED_EDGE('',*,*,#715,.T.);
#968=ORIENTED_EDGE('',*,*,#720,.T.);
#969=ORIENTED_EDGE('',*,*,#721,.F.);
#970=ORIENTED_EDGE('',*,*,#722,.T.);
#971=ORIENTED_EDGE('',*,*,#718,.T.);
#972=ORIENTED_EDGE('',*,*,#723,.T.);
#973=ORIENTED_EDGE('',*,*,#724,.F.);
#974=ORIENTED_EDGE('',*,*,#725,.T.);
#975=ORIENTED_EDGE('',*,*,#721,.T.);
#976=ORIENTED_EDGE('',*,*,#726,.T.);
#977=ORIENTED_EDGE('',*,*,#727,.F.);
#978=ORIENTED_EDGE('',*,*,#728,.T.);
#979=ORIENTED_EDGE('',*,*,#724,.T.);
#980=ORIENTED_EDGE('',*,*,#729,.T.);
#981=ORIENTED_EDGE('',*,*,#730,.F.);
#982=ORIENTED_EDGE('',*,*,#731,.T.);
#983=ORIENTED_EDGE('',*,*,#727,.T.);
#984=ORIENTED_EDGE('',*,*,#732,.T.);
#985=ORIENTED_EDGE('',*,*,#733,.F.);
#986=ORIENTED_EDGE('',*,*,#734,.T.);
#987=ORIENTED_EDGE('',*,*,#730,.T.);
#988=ORIENTED_EDGE('',*,*,#735,.T.);
#989=ORIENTED_EDGE('',*,*,#736,.F.);
#990=ORIENTED_EDGE('',*,*,#737,.T.);
#991=ORIENTED_EDGE('',*,*,#733,.T.);
#992=ORIENTED_EDGE('',*,*,#738,.T.);
#993=ORIENTED_EDGE('',*,*,#739,.F.);
#994=ORIENTED_EDGE('',*,*,#740,.T.);
#995=ORIENTED_EDGE('',*,*,#736,.T.);
#996=ORIENTED_EDGE('',*,*,#741,.T.);
#997=ORIENTED_EDGE('',*,*,#742,.F.);
#998=ORIENTED_EDGE('',*,*,#743,.T.);
#999=ORIENTED_EDGE('',*,*,#739,.T.);
#1000=ORIENTED_EDGE('',*,*,#744,.T.);
#1001=ORIENTED_EDGE('',*,*,#745,.F.);
#1002=ORIENTED_EDGE('',*,*,#746,.T.);
#1003=ORIENTED_EDGE('',*,*,#742,.T.);
#1004=ORIENTED_EDGE('',*,*,#747,.T.);
#1005=ORIENTED_EDGE('',*,*,#748,.F.);
#1006=ORIENTED_EDGE('',*,*,#749,.T.);
#1007=ORIENTED_EDGE('',*,*,#745,.T.);
#1008=ORIENTED_EDGE('',*,*,#750,.T.);
#1009=ORIENTED_EDGE('',*,*,#751,.F.);
#1010=ORIENTED_EDGE('',*,*,#752,.F.);
#1011=ORIENTED_EDGE('',*,*,#753,.T.);
#1012=ORIENTED_EDGE('',*,*,#748,.T.);
#1013=ORIENTED_EDGE('',*,*,#754,.T.);
#1014=ORIENTED_EDGE('',*,*,#755,.F.);
#1015=ORIENTED_EDGE('',*,*,#756,.T.);
#1016=ORIENTED_EDGE('',*,*,#757,.F.);
#1017=ORIENTED_EDGE('',*,*,#758,.F.);
#1018=ORIENTED_EDGE('',*,*,#759,.F.);
#1019=ORIENTED_EDGE('',*,*,#760,.T.);
#1020=ORIENTED_EDGE('',*,*,#755,.T.);
#1021=ORIENTED_EDGE('',*,*,#761,.F.);
#1022=ORIENTED_EDGE('',*,*,#762,.F.);
#1023=ORIENTED_EDGE('',*,*,#763,.T.);
#1024=ORIENTED_EDGE('',*,*,#759,.T.);
#1025=ORIENTED_EDGE('',*,*,#764,.F.);
#1026=ORIENTED_EDGE('',*,*,#765,.F.);
#1027=ORIENTED_EDGE('',*,*,#766,.T.);
#1028=ORIENTED_EDGE('',*,*,#762,.T.);
#1029=ORIENTED_EDGE('',*,*,#767,.F.);
#1030=ORIENTED_EDGE('',*,*,#768,.F.);
#1031=ORIENTED_EDGE('',*,*,#769,.T.);
#1032=ORIENTED_EDGE('',*,*,#765,.T.);
#1033=ORIENTED_EDGE('',*,*,#770,.F.);
#1034=ORIENTED_EDGE('',*,*,#771,.F.);
#1035=ORIENTED_EDGE('',*,*,#772,.T.);
#1036=ORIENTED_EDGE('',*,*,#768,.T.);
#1037=ORIENTED_EDGE('',*,*,#773,.F.);
#1038=ORIENTED_EDGE('',*,*,#774,.F.);
#1039=ORIENTED_EDGE('',*,*,#775,.T.);
#1040=ORIENTED_EDGE('',*,*,#771,.T.);
#1041=ORIENTED_EDGE('',*,*,#776,.F.);
#1042=ORIENTED_EDGE('',*,*,#777,.F.);
#1043=ORIENTED_EDGE('',*,*,#778,.T.);
#1044=ORIENTED_EDGE('',*,*,#774,.T.);
#1045=ORIENTED_EDGE('',*,*,#779,.F.);
#1046=ORIENTED_EDGE('',*,*,#780,.F.);
#1047=ORIENTED_EDGE('',*,*,#781,.T.);
#1048=ORIENTED_EDGE('',*,*,#777,.T.);
#1049=ORIENTED_EDGE('',*,*,#782,.F.);
#1050=ORIENTED_EDGE('',*,*,#783,.F.);
#1051=ORIENTED_EDGE('',*,*,#784,.T.);
#1052=ORIENTED_EDGE('',*,*,#780,.T.);
#1053=ORIENTED_EDGE('',*,*,#785,.F.);
#1054=ORIENTED_EDGE('',*,*,#786,.F.);
#1055=ORIENTED_EDGE('',*,*,#787,.T.);
#1056=ORIENTED_EDGE('',*,*,#783,.T.);
#1057=ORIENTED_EDGE('',*,*,#788,.F.);
#1058=ORIENTED_EDGE('',*,*,#789,.F.);
#1059=ORIENTED_EDGE('',*,*,#790,.T.);
#1060=ORIENTED_EDGE('',*,*,#786,.T.);
#1061=ORIENTED_EDGE('',*,*,#791,.F.);
#1062=ORIENTED_EDGE('',*,*,#792,.F.);
#1063=ORIENTED_EDGE('',*,*,#793,.T.);
#1064=ORIENTED_EDGE('',*,*,#789,.T.);
#1065=ORIENTED_EDGE('',*,*,#794,.F.);
#1066=ORIENTED_EDGE('',*,*,#795,.F.);
#1067=ORIENTED_EDGE('',*,*,#796,.T.);
#1068=ORIENTED_EDGE('',*,*,#792,.T.);
#1069=ORIENTED_EDGE('',*,*,#797,.F.);
#1070=ORIENTED_EDGE('',*,*,#798,.F.);
#1071=ORIENTED_EDGE('',*,*,#799,.T.);
#1072=ORIENTED_EDGE('',*,*,#795,.T.);
#1073=ORIENTED_EDGE('',*,*,#800,.F.);
#1074=ORIENTED_EDGE('',*,*,#801,.F.);
#1075=ORIENTED_EDGE('',*,*,#802,.T.);
#1076=ORIENTED_EDGE('',*,*,#798,.T.);
#1077=ORIENTED_EDGE('',*,*,#803,.F.);
#1078=ORIENTED_EDGE('',*,*,#804,.F.);
#1079=ORIENTED_EDGE('',*,*,#805,.T.);
#1080=ORIENTED_EDGE('',*,*,#801,.T.);
#1081=ORIENTED_EDGE('',*,*,#806,.F.);
#1082=ORIENTED_EDGE('',*,*,#807,.F.);
#1083=ORIENTED_EDGE('',*,*,#808,.T.);
#1084=ORIENTED_EDGE('',*,*,#804,.T.);
#1085=ORIENTED_EDGE('',*,*,#809,.F.);
#1086=ORIENTED_EDGE('',*,*,#810,.F.);
#1087=ORIENTED_EDGE('',*,*,#811,.T.);
#1088=ORIENTED_EDGE('',*,*,#807,.T.);
#1089=ORIENTED_EDGE('',*,*,#812,.F.);
#1090=ORIENTED_EDGE('',*,*,#813,.F.);
#1091=ORIENTED_EDGE('',*,*,#814,.T.);
#1092=ORIENTED_EDGE('',*,*,#810,.T.);
#1093=ORIENTED_EDGE('',*,*,#815,.F.);
#1094=ORIENTED_EDGE('',*,*,#816,.F.);
#1095=ORIENTED_EDGE('',*,*,#817,.T.);
#1096=ORIENTED_EDGE('',*,*,#813,.T.);
#1097=ORIENTED_EDGE('',*,*,#818,.F.);
#1098=ORIENTED_EDGE('',*,*,#819,.F.);
#1099=ORIENTED_EDGE('',*,*,#820,.T.);
#1100=ORIENTED_EDGE('',*,*,#816,.T.);
#1101=ORIENTED_EDGE('',*,*,#821,.F.);
#1102=ORIENTED_EDGE('',*,*,#822,.F.);
#1103=ORIENTED_EDGE('',*,*,#823,.T.);
#1104=ORIENTED_EDGE('',*,*,#819,.T.);
#1105=ORIENTED_EDGE('',*,*,#824,.F.);
#1106=ORIENTED_EDGE('',*,*,#825,.F.);
#1107=ORIENTED_EDGE('',*,*,#826,.T.);
#1108=ORIENTED_EDGE('',*,*,#822,.T.);
#1109=ORIENTED_EDGE('',*,*,#827,.F.);
#1110=ORIENTED_EDGE('',*,*,#828,.F.);
#1111=ORIENTED_EDGE('',*,*,#829,.T.);
#1112=ORIENTED_EDGE('',*,*,#825,.T.);
#1113=ORIENTED_EDGE('',*,*,#830,.F.);
#1114=ORIENTED_EDGE('',*,*,#831,.F.);
#1115=ORIENTED_EDGE('',*,*,#832,.T.);
#1116=ORIENTED_EDGE('',*,*,#828,.T.);
#1117=ORIENTED_EDGE('',*,*,#833,.F.);
#1118=ORIENTED_EDGE('',*,*,#834,.F.);
#1119=ORIENTED_EDGE('',*,*,#835,.T.);
#1120=ORIENTED_EDGE('',*,*,#831,.T.);
#1121=ORIENTED_EDGE('',*,*,#836,.F.);
#1122=ORIENTED_EDGE('',*,*,#837,.F.);
#1123=ORIENTED_EDGE('',*,*,#838,.T.);
#1124=ORIENTED_EDGE('',*,*,#834,.T.);
#1125=ORIENTED_EDGE('',*,*,#839,.F.);
#1126=ORIENTED_EDGE('',*,*,#840,.F.);
#1127=ORIENTED_EDGE('',*,*,#841,.T.);
#1128=ORIENTED_EDGE('',*,*,#837,.T.);
#1129=ORIENTED_EDGE('',*,*,#842,.F.);
#1130=ORIENTED_EDGE('',*,*,#843,.F.);
#1131=ORIENTED_EDGE('',*,*,#844,.T.);
#1132=ORIENTED_EDGE('',*,*,#840,.T.);
#1133=ORIENTED_EDGE('',*,*,#845,.F.);
#1134=ORIENTED_EDGE('',*,*,#846,.F.);
#1135=ORIENTED_EDGE('',*,*,#847,.T.);
#1136=ORIENTED_EDGE('',*,*,#843,.T.);
#1137=ORIENTED_EDGE('',*,*,#848,.F.);
#1138=ORIENTED_EDGE('',*,*,#849,.T.);
#1139=ORIENTED_EDGE('',*,*,#850,.T.);
#1140=ORIENTED_EDGE('',*,*,#851,.T.);
#1141=ORIENTED_EDGE('',*,*,#852,.T.);
#1142=ORIENTED_EDGE('',*,*,#850,.F.);
#1143=ORIENTED_EDGE('',*,*,#851,.F.);
#1144=ORIENTED_EDGE('',*,*,#852,.F.);
#1145=ORIENTED_EDGE('',*,*,#853,.T.);
#1146=ORIENTED_EDGE('',*,*,#854,.F.);
#1147=ORIENTED_EDGE('',*,*,#855,.F.);
#1148=ORIENTED_EDGE('',*,*,#853,.F.);
#1149=ORIENTED_EDGE('',*,*,#849,.F.);
#1150=ORIENTED_EDGE('',*,*,#856,.T.);
#1151=ORIENTED_EDGE('',*,*,#857,.T.);
#1152=ORIENTED_EDGE('',*,*,#858,.T.);
#1153=ORIENTED_EDGE('',*,*,#659,.F.);
#1154=ORIENTED_EDGE('',*,*,#854,.T.);
#1155=ORIENTED_EDGE('',*,*,#855,.T.);
#1156=ORIENTED_EDGE('',*,*,#859,.T.);
#1157=ORIENTED_EDGE('',*,*,#860,.T.);
#1158=ORIENTED_EDGE('',*,*,#859,.F.);
#1159=ORIENTED_EDGE('',*,*,#860,.F.);
#1160=ORIENTED_EDGE('',*,*,#861,.T.);
#1161=ORIENTED_EDGE('',*,*,#862,.T.);
#1162=ORIENTED_EDGE('',*,*,#863,.T.);
#1163=ORIENTED_EDGE('',*,*,#864,.T.);
#1164=ORIENTED_EDGE('',*,*,#865,.T.);
#1165=ORIENTED_EDGE('',*,*,#866,.T.);
#1166=ORIENTED_EDGE('',*,*,#861,.F.);
#1167=ORIENTED_EDGE('',*,*,#867,.T.);
#1168=ORIENTED_EDGE('',*,*,#868,.T.);
#1169=ORIENTED_EDGE('',*,*,#869,.F.);
#1170=ORIENTED_EDGE('',*,*,#866,.F.);
#1171=ORIENTED_EDGE('',*,*,#870,.T.);
#1172=ORIENTED_EDGE('',*,*,#871,.T.);
#1173=ORIENTED_EDGE('',*,*,#867,.F.);
#1174=ORIENTED_EDGE('',*,*,#865,.F.);
#1175=ORIENTED_EDGE('',*,*,#872,.T.);
#1176=ORIENTED_EDGE('',*,*,#873,.T.);
#1177=ORIENTED_EDGE('',*,*,#870,.F.);
#1178=ORIENTED_EDGE('',*,*,#864,.F.);
#1179=ORIENTED_EDGE('',*,*,#874,.T.);
#1180=ORIENTED_EDGE('',*,*,#875,.T.);
#1181=ORIENTED_EDGE('',*,*,#872,.F.);
#1182=ORIENTED_EDGE('',*,*,#863,.F.);
#1183=ORIENTED_EDGE('',*,*,#876,.T.);
#1184=ORIENTED_EDGE('',*,*,#877,.T.);
#1185=ORIENTED_EDGE('',*,*,#874,.F.);
#1186=ORIENTED_EDGE('',*,*,#862,.F.);
#1187=ORIENTED_EDGE('',*,*,#869,.T.);
#1188=ORIENTED_EDGE('',*,*,#878,.T.);
#1189=ORIENTED_EDGE('',*,*,#876,.F.);
#1190=ORIENTED_EDGE('',*,*,#878,.F.);
#1191=ORIENTED_EDGE('',*,*,#868,.F.);
#1192=ORIENTED_EDGE('',*,*,#871,.F.);
#1193=ORIENTED_EDGE('',*,*,#873,.F.);
#1194=ORIENTED_EDGE('',*,*,#875,.F.);
#1195=ORIENTED_EDGE('',*,*,#877,.F.);
#1196=ORIENTED_EDGE('',*,*,#879,.F.);
#1197=ORIENTED_EDGE('',*,*,#880,.F.);
#1198=ORIENTED_EDGE('',*,*,#754,.F.);
#1199=ORIENTED_EDGE('',*,*,#750,.F.);
#1200=ORIENTED_EDGE('',*,*,#747,.F.);
#1201=ORIENTED_EDGE('',*,*,#744,.F.);
#1202=ORIENTED_EDGE('',*,*,#741,.F.);
#1203=ORIENTED_EDGE('',*,*,#738,.F.);
#1204=ORIENTED_EDGE('',*,*,#735,.F.);
#1205=ORIENTED_EDGE('',*,*,#732,.F.);
#1206=ORIENTED_EDGE('',*,*,#729,.F.);
#1207=ORIENTED_EDGE('',*,*,#726,.F.);
#1208=ORIENTED_EDGE('',*,*,#723,.F.);
#1209=ORIENTED_EDGE('',*,*,#720,.F.);
#1210=ORIENTED_EDGE('',*,*,#717,.F.);
#1211=ORIENTED_EDGE('',*,*,#714,.F.);
#1212=ORIENTED_EDGE('',*,*,#711,.F.);
#1213=ORIENTED_EDGE('',*,*,#708,.F.);
#1214=ORIENTED_EDGE('',*,*,#705,.F.);
#1215=ORIENTED_EDGE('',*,*,#702,.F.);
#1216=ORIENTED_EDGE('',*,*,#699,.F.);
#1217=ORIENTED_EDGE('',*,*,#696,.F.);
#1218=ORIENTED_EDGE('',*,*,#693,.F.);
#1219=ORIENTED_EDGE('',*,*,#690,.F.);
#1220=ORIENTED_EDGE('',*,*,#687,.F.);
#1221=ORIENTED_EDGE('',*,*,#684,.F.);
#1222=ORIENTED_EDGE('',*,*,#681,.F.);
#1223=ORIENTED_EDGE('',*,*,#678,.F.);
#1224=ORIENTED_EDGE('',*,*,#675,.F.);
#1225=ORIENTED_EDGE('',*,*,#672,.F.);
#1226=ORIENTED_EDGE('',*,*,#669,.F.);
#1227=ORIENTED_EDGE('',*,*,#666,.F.);
#1228=ORIENTED_EDGE('',*,*,#663,.F.);
#1229=ORIENTED_EDGE('',*,*,#660,.F.);
#1230=ORIENTED_EDGE('',*,*,#858,.F.);
#1231=ORIENTED_EDGE('',*,*,#881,.T.);
#1232=ORIENTED_EDGE('',*,*,#848,.T.);
#1233=ORIENTED_EDGE('',*,*,#845,.T.);
#1234=ORIENTED_EDGE('',*,*,#842,.T.);
#1235=ORIENTED_EDGE('',*,*,#839,.T.);
#1236=ORIENTED_EDGE('',*,*,#836,.T.);
#1237=ORIENTED_EDGE('',*,*,#833,.T.);
#1238=ORIENTED_EDGE('',*,*,#830,.T.);
#1239=ORIENTED_EDGE('',*,*,#827,.T.);
#1240=ORIENTED_EDGE('',*,*,#824,.T.);
#1241=ORIENTED_EDGE('',*,*,#821,.T.);
#1242=ORIENTED_EDGE('',*,*,#818,.T.);
#1243=ORIENTED_EDGE('',*,*,#815,.T.);
#1244=ORIENTED_EDGE('',*,*,#812,.T.);
#1245=ORIENTED_EDGE('',*,*,#809,.T.);
#1246=ORIENTED_EDGE('',*,*,#806,.T.);
#1247=ORIENTED_EDGE('',*,*,#803,.T.);
#1248=ORIENTED_EDGE('',*,*,#800,.T.);
#1249=ORIENTED_EDGE('',*,*,#797,.T.);
#1250=ORIENTED_EDGE('',*,*,#794,.T.);
#1251=ORIENTED_EDGE('',*,*,#791,.T.);
#1252=ORIENTED_EDGE('',*,*,#788,.T.);
#1253=ORIENTED_EDGE('',*,*,#785,.T.);
#1254=ORIENTED_EDGE('',*,*,#782,.T.);
#1255=ORIENTED_EDGE('',*,*,#779,.T.);
#1256=ORIENTED_EDGE('',*,*,#776,.T.);
#1257=ORIENTED_EDGE('',*,*,#773,.T.);
#1258=ORIENTED_EDGE('',*,*,#770,.T.);
#1259=ORIENTED_EDGE('',*,*,#767,.T.);
#1260=ORIENTED_EDGE('',*,*,#764,.T.);
#1261=ORIENTED_EDGE('',*,*,#761,.T.);
#1262=ORIENTED_EDGE('',*,*,#758,.T.);
#1263=ORIENTED_EDGE('',*,*,#846,.T.);
#1264=ORIENTED_EDGE('',*,*,#881,.F.);
#1265=ORIENTED_EDGE('',*,*,#857,.F.);
#1266=ORIENTED_EDGE('',*,*,#882,.T.);
#1267=ORIENTED_EDGE('',*,*,#883,.F.);
#1268=ORIENTED_EDGE('',*,*,#756,.F.);
#1269=ORIENTED_EDGE('',*,*,#760,.F.);
#1270=ORIENTED_EDGE('',*,*,#763,.F.);
#1271=ORIENTED_EDGE('',*,*,#766,.F.);
#1272=ORIENTED_EDGE('',*,*,#769,.F.);
#1273=ORIENTED_EDGE('',*,*,#772,.F.);
#1274=ORIENTED_EDGE('',*,*,#775,.F.);
#1275=ORIENTED_EDGE('',*,*,#778,.F.);
#1276=ORIENTED_EDGE('',*,*,#781,.F.);
#1277=ORIENTED_EDGE('',*,*,#784,.F.);
#1278=ORIENTED_EDGE('',*,*,#787,.F.);
#1279=ORIENTED_EDGE('',*,*,#790,.F.);
#1280=ORIENTED_EDGE('',*,*,#793,.F.);
#1281=ORIENTED_EDGE('',*,*,#796,.F.);
#1282=ORIENTED_EDGE('',*,*,#799,.F.);
#1283=ORIENTED_EDGE('',*,*,#802,.F.);
#1284=ORIENTED_EDGE('',*,*,#805,.F.);
#1285=ORIENTED_EDGE('',*,*,#808,.F.);
#1286=ORIENTED_EDGE('',*,*,#811,.F.);
#1287=ORIENTED_EDGE('',*,*,#814,.F.);
#1288=ORIENTED_EDGE('',*,*,#817,.F.);
#1289=ORIENTED_EDGE('',*,*,#820,.F.);
#1290=ORIENTED_EDGE('',*,*,#823,.F.);
#1291=ORIENTED_EDGE('',*,*,#826,.F.);
#1292=ORIENTED_EDGE('',*,*,#829,.F.);
#1293=ORIENTED_EDGE('',*,*,#832,.F.);
#1294=ORIENTED_EDGE('',*,*,#835,.F.);
#1295=ORIENTED_EDGE('',*,*,#838,.F.);
#1296=ORIENTED_EDGE('',*,*,#841,.F.);
#1297=ORIENTED_EDGE('',*,*,#844,.F.);
#1298=ORIENTED_EDGE('',*,*,#847,.F.);
#1299=ORIENTED_EDGE('',*,*,#882,.F.);
#1300=ORIENTED_EDGE('',*,*,#856,.F.);
#1301=ORIENTED_EDGE('',*,*,#658,.F.);
#1302=ORIENTED_EDGE('',*,*,#662,.F.);
#1303=ORIENTED_EDGE('',*,*,#665,.F.);
#1304=ORIENTED_EDGE('',*,*,#668,.F.);
#1305=ORIENTED_EDGE('',*,*,#671,.F.);
#1306=ORIENTED_EDGE('',*,*,#674,.F.);
#1307=ORIENTED_EDGE('',*,*,#677,.F.);
#1308=ORIENTED_EDGE('',*,*,#680,.F.);
#1309=ORIENTED_EDGE('',*,*,#683,.F.);
#1310=ORIENTED_EDGE('',*,*,#686,.F.);
#1311=ORIENTED_EDGE('',*,*,#689,.F.);
#1312=ORIENTED_EDGE('',*,*,#692,.F.);
#1313=ORIENTED_EDGE('',*,*,#695,.F.);
#1314=ORIENTED_EDGE('',*,*,#698,.F.);
#1315=ORIENTED_EDGE('',*,*,#701,.F.);
#1316=ORIENTED_EDGE('',*,*,#704,.F.);
#1317=ORIENTED_EDGE('',*,*,#707,.F.);
#1318=ORIENTED_EDGE('',*,*,#710,.F.);
#1319=ORIENTED_EDGE('',*,*,#713,.F.);
#1320=ORIENTED_EDGE('',*,*,#716,.F.);
#1321=ORIENTED_EDGE('',*,*,#719,.F.);
#1322=ORIENTED_EDGE('',*,*,#722,.F.);
#1323=ORIENTED_EDGE('',*,*,#725,.F.);
#1324=ORIENTED_EDGE('',*,*,#728,.F.);
#1325=ORIENTED_EDGE('',*,*,#731,.F.);
#1326=ORIENTED_EDGE('',*,*,#734,.F.);
#1327=ORIENTED_EDGE('',*,*,#737,.F.);
#1328=ORIENTED_EDGE('',*,*,#740,.F.);
#1329=ORIENTED_EDGE('',*,*,#743,.F.);
#1330=ORIENTED_EDGE('',*,*,#746,.F.);
#1331=ORIENTED_EDGE('',*,*,#749,.F.);
#1332=ORIENTED_EDGE('',*,*,#753,.F.);
#1333=ORIENTED_EDGE('',*,*,#751,.T.);
#1334=ORIENTED_EDGE('',*,*,#880,.T.);
#1335=ORIENTED_EDGE('',*,*,#884,.F.);
#1336=ORIENTED_EDGE('',*,*,#883,.T.);
#1337=ORIENTED_EDGE('',*,*,#752,.T.);
#1338=ORIENTED_EDGE('',*,*,#884,.T.);
#1339=ORIENTED_EDGE('',*,*,#879,.T.);
#1340=ORIENTED_EDGE('',*,*,#757,.T.);
#1341=CYLINDRICAL_SURFACE('',#1501,2.4505);
#1342=CYLINDRICAL_SURFACE('',#1503,2.4505);
#1343=CYLINDRICAL_SURFACE('',#1504,2.4505);
#1344=CYLINDRICAL_SURFACE('',#1505,2.4505);
#1345=CYLINDRICAL_SURFACE('',#1506,2.4505);
#1346=CYLINDRICAL_SURFACE('',#1507,2.4505);
#1347=CYLINDRICAL_SURFACE('',#1508,2.4505);
#1348=CYLINDRICAL_SURFACE('',#1509,2.4505);
#1349=CYLINDRICAL_SURFACE('',#1510,2.4505);
#1350=CYLINDRICAL_SURFACE('',#1511,2.4505);
#1351=CYLINDRICAL_SURFACE('',#1512,2.4505);
#1352=CYLINDRICAL_SURFACE('',#1513,2.4505);
#1353=CYLINDRICAL_SURFACE('',#1514,2.4505);
#1354=CYLINDRICAL_SURFACE('',#1515,2.4505);
#1355=CYLINDRICAL_SURFACE('',#1516,2.4505);
#1356=CYLINDRICAL_SURFACE('',#1517,2.4505);
#1357=CYLINDRICAL_SURFACE('',#1518,2.4505);
#1358=CYLINDRICAL_SURFACE('',#1519,2.4505);
#1359=CYLINDRICAL_SURFACE('',#1520,2.4505);
#1360=CYLINDRICAL_SURFACE('',#1521,2.4505);
#1361=CYLINDRICAL_SURFACE('',#1522,2.4505);
#1362=CYLINDRICAL_SURFACE('',#1523,2.4505);
#1363=CYLINDRICAL_SURFACE('',#1524,2.4505);
#1364=CYLINDRICAL_SURFACE('',#1525,2.4505);
#1365=CYLINDRICAL_SURFACE('',#1526,2.4505);
#1366=CYLINDRICAL_SURFACE('',#1527,2.4505);
#1367=CYLINDRICAL_SURFACE('',#1528,2.4505);
#1368=CYLINDRICAL_SURFACE('',#1529,2.4505);
#1369=CYLINDRICAL_SURFACE('',#1530,2.4505);
#1370=CYLINDRICAL_SURFACE('',#1531,2.4505);
#1371=CYLINDRICAL_SURFACE('',#1532,2.4505);
#1372=CYLINDRICAL_SURFACE('',#1533,2.4505);
#1373=CYLINDRICAL_SURFACE('',#1535,1.99475);
#1374=CYLINDRICAL_SURFACE('',#1537,1.99475);
#1375=CYLINDRICAL_SURFACE('',#1538,1.99475);
#1376=CYLINDRICAL_SURFACE('',#1539,1.99475);
#1377=CYLINDRICAL_SURFACE('',#1540,1.99475);
#1378=CYLINDRICAL_SURFACE('',#1541,1.99475);
#1379=CYLINDRICAL_SURFACE('',#1542,1.99475);
#1380=CYLINDRICAL_SURFACE('',#1543,1.99475);
#1381=CYLINDRICAL_SURFACE('',#1544,1.99475);
#1382=CYLINDRICAL_SURFACE('',#1545,1.99475);
#1383=CYLINDRICAL_SURFACE('',#1546,1.99475);
#1384=CYLINDRICAL_SURFACE('',#1547,1.99475);
#1385=CYLINDRICAL_SURFACE('',#1548,1.99475);
#1386=CYLINDRICAL_SURFACE('',#1549,1.99475);
#1387=CYLINDRICAL_SURFACE('',#1550,1.99475);
#1388=CYLINDRICAL_SURFACE('',#1551,1.99475);
#1389=CYLINDRICAL_SURFACE('',#1552,1.99475);
#1390=CYLINDRICAL_SURFACE('',#1553,1.99475);
#1391=CYLINDRICAL_SURFACE('',#1554,1.99475);
#1392=CYLINDRICAL_SURFACE('',#1555,1.99475);
#1393=CYLINDRICAL_SURFACE('',#1556,1.99475);
#1394=CYLINDRICAL_SURFACE('',#1557,1.99475);
#1395=CYLINDRICAL_SURFACE('',#1558,1.99475);
#1396=CYLINDRICAL_SURFACE('',#1559,1.99475);
#1397=CYLINDRICAL_SURFACE('',#1560,1.99475);
#1398=CYLINDRICAL_SURFACE('',#1561,1.99475);
#1399=CYLINDRICAL_SURFACE('',#1562,1.99475);
#1400=CYLINDRICAL_SURFACE('',#1563,1.99475);
#1401=CYLINDRICAL_SURFACE('',#1564,1.99475);
#1402=CYLINDRICAL_SURFACE('',#1565,1.99475);
#1403=CYLINDRICAL_SURFACE('',#1566,1.99475);
#1404=CYLINDRICAL_SURFACE('',#1571,4.);
#1405=CYLINDRICAL_SURFACE('',#1586,1.99475);
#1406=CYLINDRICAL_SURFACE('',#1587,2.4505);
#1407=ADVANCED_FACE('',(#31),#1341,.T.);
#1408=ADVANCED_FACE('',(#32),#1342,.T.);
#1409=ADVANCED_FACE('',(#33),#1343,.T.);
#1410=ADVANCED_FACE('',(#34),#1344,.T.);
#1411=ADVANCED_FACE('',(#35),#1345,.T.);
#1412=ADVANCED_FACE('',(#36),#1346,.T.);
#1413=ADVANCED_FACE('',(#37),#1347,.T.);
#1414=ADVANCED_FACE('',(#38),#1348,.T.);
#1415=ADVANCED_FACE('',(#39),#1349,.T.);
#1416=ADVANCED_FACE('',(#40),#1350,.T.);
#1417=ADVANCED_FACE('',(#41),#1351,.T.);
#1418=ADVANCED_FACE('',(#42),#1352,.T.);
#1419=ADVANCED_FACE('',(#43),#1353,.T.);
#1420=ADVANCED_FACE('',(#44),#1354,.T.);
#1421=ADVANCED_FACE('',(#45),#1355,.T.);
#1422=ADVANCED_FACE('',(#46),#1356,.T.);
#1423=ADVANCED_FACE('',(#47),#1357,.T.);
#1424=ADVANCED_FACE('',(#48),#1358,.T.);
#1425=ADVANCED_FACE('',(#49),#1359,.T.);
#1426=ADVANCED_FACE('',(#50),#1360,.T.);
#1427=ADVANCED_FACE('',(#51),#1361,.T.);
#1428=ADVANCED_FACE('',(#52),#1362,.T.);
#1429=ADVANCED_FACE('',(#53),#1363,.T.);
#1430=ADVANCED_FACE('',(#54),#1364,.T.);
#1431=ADVANCED_FACE('',(#55),#1365,.T.);
#1432=ADVANCED_FACE('',(#56),#1366,.T.);
#1433=ADVANCED_FACE('',(#57),#1367,.T.);
#1434=ADVANCED_FACE('',(#58),#1368,.T.);
#1435=ADVANCED_FACE('',(#59),#1369,.T.);
#1436=ADVANCED_FACE('',(#60),#1370,.T.);
#1437=ADVANCED_FACE('',(#61),#1371,.T.);
#1438=ADVANCED_FACE('',(#62),#1372,.T.);
#1439=ADVANCED_FACE('',(#63),#1373,.T.);
#1440=ADVANCED_FACE('',(#64),#1374,.T.);
#1441=ADVANCED_FACE('',(#65),#1375,.T.);
#1442=ADVANCED_FACE('',(#66),#1376,.T.);
#1443=ADVANCED_FACE('',(#67),#1377,.T.);
#1444=ADVANCED_FACE('',(#68),#1378,.T.);
#1445=ADVANCED_FACE('',(#69),#1379,.T.);
#1446=ADVANCED_FACE('',(#70),#1380,.T.);
#1447=ADVANCED_FACE('',(#71),#1381,.T.);
#1448=ADVANCED_FACE('',(#72),#1382,.T.);
#1449=ADVANCED_FACE('',(#73),#1383,.T.);
#1450=ADVANCED_FACE('',(#74),#1384,.T.);
#1451=ADVANCED_FACE('',(#75),#1385,.T.);
#1452=ADVANCED_FACE('',(#76),#1386,.T.);
#1453=ADVANCED_FACE('',(#77),#1387,.T.);
#1454=ADVANCED_FACE('',(#78),#1388,.T.);
#1455=ADVANCED_FACE('',(#79),#1389,.T.);
#1456=ADVANCED_FACE('',(#80),#1390,.T.);
#1457=ADVANCED_FACE('',(#81),#1391,.T.);
#1458=ADVANCED_FACE('',(#82),#1392,.T.);
#1459=ADVANCED_FACE('',(#83),#1393,.T.);
#1460=ADVANCED_FACE('',(#84),#1394,.T.);
#1461=ADVANCED_FACE('',(#85),#1395,.T.);
#1462=ADVANCED_FACE('',(#86),#1396,.T.);
#1463=ADVANCED_FACE('',(#87),#1397,.T.);
#1464=ADVANCED_FACE('',(#88),#1398,.T.);
#1465=ADVANCED_FACE('',(#89),#1399,.T.);
#1466=ADVANCED_FACE('',(#90),#1400,.T.);
#1467=ADVANCED_FACE('',(#91),#1401,.T.);
#1468=ADVANCED_FACE('',(#92),#1402,.T.);
#1469=ADVANCED_FACE('',(#93),#1403,.T.);
#1470=ADVANCED_FACE('',(#94),#29,.T.);
#1471=ADVANCED_FACE('',(#95),#1404,.T.);
#1472=ADVANCED_FACE('',(#96,#17),#19,.T.);
#1473=ADVANCED_FACE('',(#97),#30,.T.);
#1474=ADVANCED_FACE('',(#98,#18),#20,.T.);
#1475=ADVANCED_FACE('',(#99),#21,.F.);
#1476=ADVANCED_FACE('',(#100),#22,.F.);
#1477=ADVANCED_FACE('',(#101),#23,.F.);
#1478=ADVANCED_FACE('',(#102),#24,.F.);
#1479=ADVANCED_FACE('',(#103),#25,.F.);
#1480=ADVANCED_FACE('',(#104),#26,.F.);
#1481=ADVANCED_FACE('',(#105),#27,.F.);
#1482=ADVANCED_FACE('',(#106),#15,.F.);
#1483=ADVANCED_FACE('',(#107),#1405,.T.);
#1484=ADVANCED_FACE('',(#108),#16,.F.);
#1485=ADVANCED_FACE('',(#109),#1406,.T.);
#1486=ADVANCED_FACE('',(#110),#28,.T.);
#1487=CLOSED_SHELL('',(#1407,#1408,#1409,#1410,#1411,#1412,#1413,#1414,
#1415,#1416,#1417,#1418,#1419,#1420,#1421,#1422,#1423,#1424,#1425,#1426,
#1427,#1428,#1429,#1430,#1431,#1432,#1433,#1434,#1435,#1436,#1437,#1438,
#1439,#1440,#1441,#1442,#1443,#1444,#1445,#1446,#1447,#1448,#1449,#1450,
#1451,#1452,#1453,#1454,#1455,#1456,#1457,#1458,#1459,#1460,#1461,#1462,
#1463,#1464,#1465,#1466,#1467,#1468,#1469,#1470,#1471,#1472,#1473,#1474,
#1475,#1476,#1477,#1478,#1479,#1480,#1481,#1482,#1483,#1484,#1485,#1486));
#1488=DERIVED_UNIT_ELEMENT(#1490,1.);
#1489=DERIVED_UNIT_ELEMENT(#6237,-3.);
#1490=(
MASS_UNIT()
NAMED_UNIT(*)
SI_UNIT(.KILO.,.GRAM.)
);
#1491=DERIVED_UNIT((#1488,#1489));
#1492=MEASURE_REPRESENTATION_ITEM('density measure',
POSITIVE_RATIO_MEASURE(7850.),#1491);
#1493=PROPERTY_DEFINITION_REPRESENTATION(#1498,#1495);
#1494=PROPERTY_DEFINITION_REPRESENTATION(#1499,#1496);
#1495=REPRESENTATION('material name',(#1497),#6234);
#1496=REPRESENTATION('density',(#1492),#6234);
#1497=DESCRIPTIVE_REPRESENTATION_ITEM('Steel','Steel');
#1498=PROPERTY_DEFINITION('material property','material name',#6244);
#1499=PROPERTY_DEFINITION('material property','density of part',#6244);
#1500=AXIS2_PLACEMENT_3D('',#1854,#1590,#1591);
#1501=AXIS2_PLACEMENT_3D('',#1855,#1592,#1593);
#1502=AXIS2_PLACEMENT_3D('',#1871,#1595,#1596);
#1503=AXIS2_PLACEMENT_3D('',#1879,#1597,#1598);
#1504=AXIS2_PLACEMENT_3D('',#1927,#1600,#1601);
#1505=AXIS2_PLACEMENT_3D('',#1975,#1603,#1604);
#1506=AXIS2_PLACEMENT_3D('',#2029,#1606,#1607);
#1507=AXIS2_PLACEMENT_3D('',#2077,#1609,#1610);
#1508=AXIS2_PLACEMENT_3D('',#2125,#1612,#1613);
#1509=AXIS2_PLACEMENT_3D('',#2173,#1615,#1616);
#1510=AXIS2_PLACEMENT_3D('',#2227,#1618,#1619);
#1511=AXIS2_PLACEMENT_3D('',#2275,#1621,#1622);
#1512=AXIS2_PLACEMENT_3D('',#2323,#1624,#1625);
#1513=AXIS2_PLACEMENT_3D('',#2377,#1627,#1628);
#1514=AXIS2_PLACEMENT_3D('',#2425,#1630,#1631);
#1515=AXIS2_PLACEMENT_3D('',#2473,#1633,#1634);
#1516=AXIS2_PLACEMENT_3D('',#2527,#1636,#1637);
#1517=AXIS2_PLACEMENT_3D('',#2575,#1639,#1640);
#1518=AXIS2_PLACEMENT_3D('',#2623,#1642,#1643);
#1519=AXIS2_PLACEMENT_3D('',#2671,#1645,#1646);
#1520=AXIS2_PLACEMENT_3D('',#2725,#1648,#1649);
#1521=AXIS2_PLACEMENT_3D('',#2773,#1651,#1652);
#1522=AXIS2_PLACEMENT_3D('',#2821,#1654,#1655);
#1523=AXIS2_PLACEMENT_3D('',#2875,#1657,#1658);
#1524=AXIS2_PLACEMENT_3D('',#2923,#1660,#1661);
#1525=AXIS2_PLACEMENT_3D('',#2971,#1663,#1664);
#1526=AXIS2_PLACEMENT_3D('',#3025,#1666,#1667);
#1527=AXIS2_PLACEMENT_3D('',#3073,#1669,#1670);
#1528=AXIS2_PLACEMENT_3D('',#3121,#1672,#1673);
#1529=AXIS2_PLACEMENT_3D('',#3169,#1675,#1676);
#1530=AXIS2_PLACEMENT_3D('',#3223,#1678,#1679);
#1531=AXIS2_PLACEMENT_3D('',#3271,#1681,#1682);
#1532=AXIS2_PLACEMENT_3D('',#3319,#1684,#1685);
#1533=AXIS2_PLACEMENT_3D('',#3373,#1687,#1688);
#1534=AXIS2_PLACEMENT_3D('',#3378,#1690,#1691);
#1535=AXIS2_PLACEMENT_3D('',#3420,#1692,#1693);
#1536=AXIS2_PLACEMENT_3D('',#3433,#1695,#1696);
#1537=AXIS2_PLACEMENT_3D('',#3440,#1697,#1698);
#1538=AXIS2_PLACEMENT_3D('',#3465,#1700,#1701);
#1539=AXIS2_PLACEMENT_3D('',#3490,#1703,#1704);
#1540=AXIS2_PLACEMENT_3D('',#3514,#1706,#1707);
#1541=AXIS2_PLACEMENT_3D('',#3539,#1709,#1710);
#1542=AXIS2_PLACEMENT_3D('',#3564,#1712,#1713);
#1543=AXIS2_PLACEMENT_3D('',#3588,#1715,#1716);
#1544=AXIS2_PLACEMENT_3D('',#3612,#1718,#1719);
#1545=AXIS2_PLACEMENT_3D('',#3637,#1721,#1722);
#1546=AXIS2_PLACEMENT_3D('',#3662,#1724,#1725);
#1547=AXIS2_PLACEMENT_3D('',#3686,#1727,#1728);
#1548=AXIS2_PLACEMENT_3D('',#3711,#1730,#1731);
#1549=AXIS2_PLACEMENT_3D('',#3736,#1733,#1734);
#1550=AXIS2_PLACEMENT_3D('',#3760,#1736,#1737);
#1551=AXIS2_PLACEMENT_3D('',#3785,#1739,#1740);
#1552=AXIS2_PLACEMENT_3D('',#3810,#1742,#1743);
#1553=AXIS2_PLACEMENT_3D('',#3834,#1745,#1746);
#1554=AXIS2_PLACEMENT_3D('',#3858,#1748,#1749);
#1555=AXIS2_PLACEMENT_3D('',#3883,#1751,#1752);
#1556=AXIS2_PLACEMENT_3D('',#3908,#1754,#1755);
#1557=AXIS2_PLACEMENT_3D('',#3932,#1757,#1758);
#1558=AXIS2_PLACEMENT_3D('',#3957,#1760,#1761);
#1559=AXIS2_PLACEMENT_3D('',#3982,#1763,#1764);
#1560=AXIS2_PLACEMENT_3D('',#4006,#1766,#1767);
#1561=AXIS2_PLACEMENT_3D('',#4031,#1769,#1770);
#1562=AXIS2_PLACEMENT_3D('',#4056,#1772,#1773);
#1563=AXIS2_PLACEMENT_3D('',#4080,#1775,#1776);
#1564=AXIS2_PLACEMENT_3D('',#4104,#1778,#1779);
#1565=AXIS2_PLACEMENT_3D('',#4129,#1781,#1782);
#1566=AXIS2_PLACEMENT_3D('',#4154,#1784,#1785);
#1567=AXIS2_PLACEMENT_3D('',#4178,#1787,#1788);
#1568=AXIS2_PLACEMENT_3D('',#4180,#1789,#1790);
#1569=AXIS2_PLACEMENT_3D('',#4184,#1792,#1793);
#1570=AXIS2_PLACEMENT_3D('',#4185,#1794,#1795);
#1571=AXIS2_PLACEMENT_3D('',#4186,#1796,#1797);
#1572=AXIS2_PLACEMENT_3D('',#4190,#1799,#1800);
#1573=AXIS2_PLACEMENT_3D('',#4191,#1801,#1802);
#1574=AXIS2_PLACEMENT_3D('',#4192,#1803,#1804);
#1575=AXIS2_PLACEMENT_3D('',#4283,#1805,#1806);
#1576=AXIS2_PLACEMENT_3D('',#4369,#1807,#1808);
#1577=AXIS2_PLACEMENT_3D('',#4372,#1810,#1811);
#1578=AXIS2_PLACEMENT_3D('',#4373,#1812,#1813);
#1579=AXIS2_PLACEMENT_3D('',#4386,#1820,#1821);
#1580=AXIS2_PLACEMENT_3D('',#4392,#1825,#1826);
#1581=AXIS2_PLACEMENT_3D('',#4396,#1829,#1830);
#1582=AXIS2_PLACEMENT_3D('',#4400,#1833,#1834);
#1583=AXIS2_PLACEMENT_3D('',#4404,#1837,#1838);
#1584=AXIS2_PLACEMENT_3D('',#4408,#1841,#1842);
#1585=AXIS2_PLACEMENT_3D('',#4410,#1844,#1845);
#1586=AXIS2_PLACEMENT_3D('',#5321,#1846,#1847);
#1587=AXIS2_PLACEMENT_3D('',#6229,#1848,#1849);
#1588=AXIS2_PLACEMENT_3D('',#6230,#1850,#1851);
#1589=AXIS2_PLACEMENT_3D('',#6231,#1852,#1853);
#1590=DIRECTION('axis',(0.,0.,1.));
#1591=DIRECTION('refdir',(1.,0.,0.));
#1592=DIRECTION('center_axis',(0.,0.,-1.));
#1593=DIRECTION('ref_axis',(-1.,0.,0.));
#1594=DIRECTION('',(0.,0.,1.));
#1595=DIRECTION('center_axis',(0.,0.,1.));
#1596=DIRECTION('ref_axis',(-1.,0.,0.));
#1597=DIRECTION('center_axis',(0.,0.,-1.));
#1598=DIRECTION('ref_axis',(-1.,0.,0.));
#1599=DIRECTION('',(0.,0.,1.));
#1600=DIRECTION('center_axis',(0.,0.,-1.));
#1601=DIRECTION('ref_axis',(-1.,0.,0.));
#1602=DIRECTION('',(0.,0.,1.));
#1603=DIRECTION('center_axis',(0.,0.,-1.));
#1604=DIRECTION('ref_axis',(-1.,0.,0.));
#1605=DIRECTION('',(0.,0.,1.));
#1606=DIRECTION('center_axis',(0.,0.,-1.));
#1607=DIRECTION('ref_axis',(-1.,0.,0.));
#1608=DIRECTION('',(0.,0.,1.));
#1609=DIRECTION('center_axis',(0.,0.,-1.));
#1610=DIRECTION('ref_axis',(-1.,0.,0.));
#1611=DIRECTION('',(0.,0.,1.));
#1612=DIRECTION('center_axis',(0.,0.,-1.));
#1613=DIRECTION('ref_axis',(-1.,0.,0.));
#1614=DIRECTION('',(0.,0.,1.));
#1615=DIRECTION('center_axis',(0.,0.,-1.));
#1616=DIRECTION('ref_axis',(-1.,0.,0.));
#1617=DIRECTION('',(0.,0.,1.));
#1618=DIRECTION('center_axis',(0.,0.,-1.));
#1619=DIRECTION('ref_axis',(-1.,0.,0.));
#1620=DIRECTION('',(0.,0.,1.));
#1621=DIRECTION('center_axis',(0.,0.,-1.));
#1622=DIRECTION('ref_axis',(-1.,0.,0.));
#1623=DIRECTION('',(0.,0.,1.));
#1624=DIRECTION('center_axis',(0.,0.,-1.));
#1625=DIRECTION('ref_axis',(-1.,0.,0.));
#1626=DIRECTION('',(0.,0.,1.));
#1627=DIRECTION('center_axis',(0.,0.,-1.));
#1628=DIRECTION('ref_axis',(-1.,0.,0.));
#1629=DIRECTION('',(0.,0.,1.));
#1630=DIRECTION('center_axis',(0.,0.,-1.));
#1631=DIRECTION('ref_axis',(-1.,0.,0.));
#1632=DIRECTION('',(0.,0.,1.));
#1633=DIRECTION('center_axis',(0.,0.,-1.));
#1634=DIRECTION('ref_axis',(-1.,0.,0.));
#1635=DIRECTION('',(0.,0.,1.));
#1636=DIRECTION('center_axis',(0.,0.,-1.));
#1637=DIRECTION('ref_axis',(-1.,0.,0.));
#1638=DIRECTION('',(0.,0.,1.));
#1639=DIRECTION('center_axis',(0.,0.,-1.));
#1640=DIRECTION('ref_axis',(-1.,0.,0.));
#1641=DIRECTION('',(0.,0.,1.));
#1642=DIRECTION('center_axis',(0.,0.,-1.));
#1643=DIRECTION('ref_axis',(-1.,0.,0.));
#1644=DIRECTION('',(0.,0.,1.));
#1645=DIRECTION('center_axis',(0.,0.,-1.));
#1646=DIRECTION('ref_axis',(-1.,0.,0.));
#1647=DIRECTION('',(0.,0.,1.));
#1648=DIRECTION('center_axis',(0.,0.,-1.));
#1649=DIRECTION('ref_axis',(-1.,0.,0.));
#1650=DIRECTION('',(0.,0.,1.));
#1651=DIRECTION('center_axis',(0.,0.,-1.));
#1652=DIRECTION('ref_axis',(-1.,0.,0.));
#1653=DIRECTION('',(0.,0.,1.));
#1654=DIRECTION('center_axis',(0.,0.,-1.));
#1655=DIRECTION('ref_axis',(-1.,0.,0.));
#1656=DIRECTION('',(0.,0.,1.));
#1657=DIRECTION('center_axis',(0.,0.,-1.));
#1658=DIRECTION('ref_axis',(-1.,0.,0.));
#1659=DIRECTION('',(0.,0.,1.));
#1660=DIRECTION('center_axis',(0.,0.,-1.));
#1661=DIRECTION('ref_axis',(-1.,0.,0.));
#1662=DIRECTION('',(0.,0.,1.));
#1663=DIRECTION('center_axis',(0.,0.,-1.));
#1664=DIRECTION('ref_axis',(-1.,0.,0.));
#1665=DIRECTION('',(0.,0.,1.));
#1666=DIRECTION('center_axis',(0.,0.,-1.));
#1667=DIRECTION('ref_axis',(-1.,0.,0.));
#1668=DIRECTION('',(0.,0.,1.));
#1669=DIRECTION('center_axis',(0.,0.,-1.));
#1670=DIRECTION('ref_axis',(-1.,0.,0.));
#1671=DIRECTION('',(0.,0.,1.));
#1672=DIRECTION('center_axis',(0.,0.,-1.));
#1673=DIRECTION('ref_axis',(-1.,0.,0.));
#1674=DIRECTION('',(0.,0.,1.));
#1675=DIRECTION('center_axis',(0.,0.,-1.));
#1676=DIRECTION('ref_axis',(-1.,0.,0.));
#1677=DIRECTION('',(0.,0.,1.));
#1678=DIRECTION('center_axis',(0.,0.,-1.));
#1679=DIRECTION('ref_axis',(-1.,0.,0.));
#1680=DIRECTION('',(0.,0.,1.));
#1681=DIRECTION('center_axis',(0.,0.,-1.));
#1682=DIRECTION('ref_axis',(-1.,0.,0.));
#1683=DIRECTION('',(0.,0.,1.));
#1684=DIRECTION('center_axis',(0.,0.,-1.));
#1685=DIRECTION('ref_axis',(-1.,0.,0.));
#1686=DIRECTION('',(0.,0.,1.));
#1687=DIRECTION('center_axis',(0.,0.,-1.));
#1688=DIRECTION('ref_axis',(-1.,0.,0.));
#1689=DIRECTION('',(0.,0.,1.));
#1690=DIRECTION('center_axis',(0.,0.,1.));
#1691=DIRECTION('ref_axis',(-1.,0.,0.));
#1692=DIRECTION('center_axis',(0.,0.,-1.));
#1693=DIRECTION('ref_axis',(-0.305251407460257,-0.952271798513183,0.));
#1694=DIRECTION('',(0.,0.,-1.));
#1695=DIRECTION('center_axis',(0.,0.,-1.));
#1696=DIRECTION('ref_axis',(-1.,-2.02644595590483E-13,0.));
#1697=DIRECTION('center_axis',(0.,0.,-1.));
#1698=DIRECTION('ref_axis',(-1.,-2.02644595590483E-13,0.));
#1699=DIRECTION('',(0.,0.,-1.));
#1700=DIRECTION('center_axis',(0.,0.,-1.));
#1701=DIRECTION('ref_axis',(-1.,-2.02644595590483E-13,0.));
#1702=DIRECTION('',(0.,0.,-1.));
#1703=DIRECTION('center_axis',(0.,0.,-1.));
#1704=DIRECTION('ref_axis',(-1.,-2.02644595590483E-13,0.));
#1705=DIRECTION('',(0.,0.,-1.));
#1706=DIRECTION('center_axis',(0.,0.,-1.));
#1707=DIRECTION('ref_axis',(-1.,-2.02644595590483E-13,0.));
#1708=DIRECTION('',(0.,0.,-1.));
#1709=DIRECTION('center_axis',(0.,0.,-1.));
#1710=DIRECTION('ref_axis',(-1.,-2.02644595590483E-13,0.));
#1711=DIRECTION('',(0.,0.,-1.));
#1712=DIRECTION('center_axis',(0.,0.,-1.));
#1713=DIRECTION('ref_axis',(-1.,-2.02644595590483E-13,0.));
#1714=DIRECTION('',(0.,0.,-1.));
#1715=DIRECTION('center_axis',(0.,0.,-1.));
#1716=DIRECTION('ref_axis',(-1.,-2.02644595590483E-13,0.));
#1717=DIRECTION('',(0.,0.,-1.));
#1718=DIRECTION('center_axis',(0.,0.,-1.));
#1719=DIRECTION('ref_axis',(-1.,-2.02644595590483E-13,0.));
#1720=DIRECTION('',(0.,0.,-1.));
#1721=DIRECTION('center_axis',(0.,0.,-1.));
#1722=DIRECTION('ref_axis',(-1.,-2.02644595590483E-13,0.));
#1723=DIRECTION('',(0.,0.,-1.));
#1724=DIRECTION('center_axis',(0.,0.,-1.));
#1725=DIRECTION('ref_axis',(-1.,-2.02644595590483E-13,0.));
#1726=DIRECTION('',(0.,0.,-1.));
#1727=DIRECTION('center_axis',(0.,0.,-1.));
#1728=DIRECTION('ref_axis',(-1.,-2.02644595590483E-13,0.));
#1729=DIRECTION('',(0.,0.,-1.));
#1730=DIRECTION('center_axis',(0.,0.,-1.));
#1731=DIRECTION('ref_axis',(-1.,-2.02644595590483E-13,0.));
#1732=DIRECTION('',(0.,0.,-1.));
#1733=DIRECTION('center_axis',(0.,0.,-1.));
#1734=DIRECTION('ref_axis',(-1.,-2.02644595590483E-13,0.));
#1735=DIRECTION('',(0.,0.,-1.));
#1736=DIRECTION('center_axis',(0.,0.,-1.));
#1737=DIRECTION('ref_axis',(-1.,-2.02644595590483E-13,0.));
#1738=DIRECTION('',(0.,0.,-1.));
#1739=DIRECTION('center_axis',(0.,0.,-1.));
#1740=DIRECTION('ref_axis',(-1.,-2.02644595590483E-13,0.));
#1741=DIRECTION('',(0.,0.,-1.));
#1742=DIRECTION('center_axis',(0.,0.,-1.));
#1743=DIRECTION('ref_axis',(-1.,-2.02644595590483E-13,0.));
#1744=DIRECTION('',(0.,0.,-1.));
#1745=DIRECTION('center_axis',(0.,0.,-1.));
#1746=DIRECTION('ref_axis',(-1.,-2.02644595590483E-13,0.));
#1747=DIRECTION('',(0.,0.,-1.));
#1748=DIRECTION('center_axis',(0.,0.,-1.));
#1749=DIRECTION('ref_axis',(-1.,-2.02644595590483E-13,0.));
#1750=DIRECTION('',(0.,0.,-1.));
#1751=DIRECTION('center_axis',(0.,0.,-1.));
#1752=DIRECTION('ref_axis',(-1.,-2.02644595590483E-13,0.));
#1753=DIRECTION('',(0.,0.,-1.));
#1754=DIRECTION('center_axis',(0.,0.,-1.));
#1755=DIRECTION('ref_axis',(-1.,-2.02644595590483E-13,0.));
#1756=DIRECTION('',(0.,0.,-1.));
#1757=DIRECTION('center_axis',(0.,0.,-1.));
#1758=DIRECTION('ref_axis',(-1.,-2.02644595590483E-13,0.));
#1759=DIRECTION('',(0.,0.,-1.));
#1760=DIRECTION('center_axis',(0.,0.,-1.));
#1761=DIRECTION('ref_axis',(-1.,-2.02644595590483E-13,0.));
#1762=DIRECTION('',(0.,0.,-1.));
#1763=DIRECTION('center_axis',(0.,0.,-1.));
#1764=DIRECTION('ref_axis',(-1.,-2.02644595590483E-13,0.));
#1765=DIRECTION('',(0.,0.,-1.));
#1766=DIRECTION('center_axis',(0.,0.,-1.));
#1767=DIRECTION('ref_axis',(-1.,-2.02644595590483E-13,0.));
#1768=DIRECTION('',(0.,0.,-1.));
#1769=DIRECTION('center_axis',(0.,0.,-1.));
#1770=DIRECTION('ref_axis',(-1.,-2.02644595590483E-13,0.));
#1771=DIRECTION('',(0.,0.,-1.));
#1772=DIRECTION('center_axis',(0.,0.,-1.));
#1773=DIRECTION('ref_axis',(-1.,-2.02644595590483E-13,0.));
#1774=DIRECTION('',(0.,0.,-1.));
#1775=DIRECTION('center_axis',(0.,0.,-1.));
#1776=DIRECTION('ref_axis',(-1.,-2.02644595590483E-13,0.));
#1777=DIRECTION('',(0.,0.,-1.));
#1778=DIRECTION('center_axis',(0.,0.,-1.));
#1779=DIRECTION('ref_axis',(-1.,-2.02644595590483E-13,0.));
#1780=DIRECTION('',(0.,0.,-1.));
#1781=DIRECTION('center_axis',(0.,0.,-1.));
#1782=DIRECTION('ref_axis',(-1.,-2.02644595590483E-13,0.));
#1783=DIRECTION('',(0.,0.,-1.));
#1784=DIRECTION('center_axis',(0.,0.,-1.));
#1785=DIRECTION('ref_axis',(-1.,-2.02644595590483E-13,0.));
#1786=DIRECTION('',(0.,0.,-1.));
#1787=DIRECTION('center_axis',(0.,0.,1.));
#1788=DIRECTION('ref_axis',(1.,0.,0.));
#1789=DIRECTION('center_axis',(0.,0.,1.));
#1790=DIRECTION('ref_axis',(1.,0.,0.));
#1791=DIRECTION('',(-0.707106781186548,8.65956056235493E-17,0.707106781186548));
#1792=DIRECTION('center_axis',(0.,0.,-1.));
#1793=DIRECTION('ref_axis',(1.,0.,0.));
#1794=DIRECTION('center_axis',(0.,0.,-1.));
#1795=DIRECTION('ref_axis',(1.,0.,0.));
#1796=DIRECTION('center_axis',(0.,0.,-1.));
#1797=DIRECTION('ref_axis',(-1.,0.,0.));
#1798=DIRECTION('',(0.,0.,1.));
#1799=DIRECTION('center_axis',(0.,0.,1.));
#1800=DIRECTION('ref_axis',(1.,0.,0.));
#1801=DIRECTION('center_axis',(0.,0.,1.));
#1802=DIRECTION('ref_axis',(1.,0.,0.));
#1803=DIRECTION('center_axis',(0.,0.,-1.));
#1804=DIRECTION('ref_axis',(-1.,0.,0.));
#1805=DIRECTION('center_axis',(0.,0.,1.));
#1806=DIRECTION('ref_axis',(-1.,-2.02644595590483E-13,0.));
#1807=DIRECTION('center_axis',(0.,0.,-1.));
#1808=DIRECTION('ref_axis',(1.,0.,0.));
#1809=DIRECTION('',(0.707106781186546,-8.65956056235491E-17,0.707106781186549));
#1810=DIRECTION('center_axis',(0.,0.,-1.));
#1811=DIRECTION('ref_axis',(1.,0.,0.));
#1812=DIRECTION('center_axis',(0.,0.,1.));
#1813=DIRECTION('ref_axis',(1.,0.,0.));
#1814=DIRECTION('',(-0.123045495139364,-0.992401030897242,0.));
#1815=DIRECTION('',(-0.920967251068559,-0.389639990836698,0.));
#1816=DIRECTION('',(-0.797921755929195,0.602761040060545,0.));
#1817=DIRECTION('',(0.123045495139364,0.992401030897242,0.));
#1818=DIRECTION('',(0.920967251068559,0.389639990836697,0.));
#1819=DIRECTION('',(0.797921755929196,-0.602761040060545,0.));
#1820=DIRECTION('center_axis',(0.992401030897242,-0.123045495139364,0.));
#1821=DIRECTION('ref_axis',(-0.123045495139364,-0.992401030897242,0.));
#1822=DIRECTION('',(0.,0.,-1.));
#1823=DIRECTION('',(-0.123045495139364,-0.992401030897242,0.));
#1824=DIRECTION('',(0.,0.,-1.));
#1825=DIRECTION('center_axis',(0.602761040060545,0.797921755929196,0.));
#1826=DIRECTION('ref_axis',(0.797921755929196,-0.602761040060545,0.));
#1827=DIRECTION('',(0.,0.,-1.));
#1828=DIRECTION('',(0.797921755929196,-0.602761040060545,0.));
#1829=DIRECTION('center_axis',(-0.389639990836697,0.920967251068559,0.));
#1830=DIRECTION('ref_axis',(0.920967251068559,0.389639990836697,0.));
#1831=DIRECTION('',(0.,0.,-1.));
#1832=DIRECTION('',(0.920967251068559,0.389639990836697,0.));
#1833=DIRECTION('center_axis',(-0.992401030897242,0.123045495139364,0.));
#1834=DIRECTION('ref_axis',(0.123045495139364,0.992401030897242,0.));
#1835=DIRECTION('',(0.,0.,-1.));
#1836=DIRECTION('',(0.123045495139364,0.992401030897242,0.));
#1837=DIRECTION('center_axis',(-0.602761040060545,-0.797921755929195,0.));
#1838=DIRECTION('ref_axis',(-0.797921755929195,0.602761040060545,0.));
#1839=DIRECTION('',(0.,0.,-1.));
#1840=DIRECTION('',(-0.797921755929195,0.602761040060545,0.));
#1841=DIRECTION('center_axis',(0.389639990836698,-0.920967251068559,0.));
#1842=DIRECTION('ref_axis',(-0.920967251068559,-0.389639990836698,0.));
#1843=DIRECTION('',(-0.920967251068559,-0.389639990836698,0.));
#1844=DIRECTION('center_axis',(0.,0.,-1.));
#1845=DIRECTION('ref_axis',(-1.,0.,0.));
#1846=DIRECTION('center_axis',(0.,0.,-1.));
#1847=DIRECTION('ref_axis',(-1.,-2.02644595590483E-13,0.));
#1848=DIRECTION('center_axis',(0.,0.,-1.));
#1849=DIRECTION('ref_axis',(0.974299615790365,-0.225255984761222,0.));
#1850=DIRECTION('center_axis',(0.,0.,1.));
#1851=DIRECTION('ref_axis',(-1.,0.,0.));
#1852=DIRECTION('center_axis',(0.,0.,-1.));
#1853=DIRECTION('ref_axis',(-1.,0.,0.));
#1854=CARTESIAN_POINT('',(0.,0.,0.));
#1855=CARTESIAN_POINT('Origin',(0.,0.,-16.5));
#1856=CARTESIAN_POINT('',(2.45342382519291,0.00159434836528027,-4.25782749621205));
#1857=CARTESIAN_POINT('',(2.45276875899434,0.00261725402488324,-4.14217250378796));
#1858=CARTESIAN_POINT('',(2.4505,-3.00099698131059E-16,-16.5));
#1859=CARTESIAN_POINT('',(-1.07508846035128,2.20207516956609,-4.));
#1860=CARTESIAN_POINT('Ctrl Pts',(2.45342382519291,0.00159434836528027,
-4.25782749621205));
#1861=CARTESIAN_POINT('Ctrl Pts',(2.45400724728612,0.0856851114789955,-4.25344305424067));
#1862=CARTESIAN_POINT('Ctrl Pts',(2.45005929580147,0.169716910000652,-4.24905861226928));
#1863=CARTESIAN_POINT('Ctrl Pts',(2.44139934818794,0.253255813567822,-4.24467417029789));
#1864=CARTESIAN_POINT('Ctrl Pts',(2.35781716339996,1.05953829777457,-4.20235737400781));
#1865=CARTESIAN_POINT('Ctrl Pts',(1.83529833990203,1.81990613166278,-4.16004057771772));
#1866=CARTESIAN_POINT('Ctrl Pts',(1.11259065591107,2.1876259198228,-4.11772378142763));
#1867=CARTESIAN_POINT('Ctrl Pts',(0.442408530567888,2.52862025905403,-4.07848252095175));
#1868=CARTESIAN_POINT('Ctrl Pts',(-0.399920906010805,2.53196691315677,-4.03924126047588));
#1869=CARTESIAN_POINT('Ctrl Pts',(-1.07765309386607,2.20529181957001,-4.));
#1870=CARTESIAN_POINT('',(1.07508846035121,2.20207516956612,-4.));
#1871=CARTESIAN_POINT('Origin',(0.,0.,-4.));
#1872=CARTESIAN_POINT('Ctrl Pts',(1.07508846035121,2.20207516956612,-3.99999999999999));
#1873=CARTESIAN_POINT('Ctrl Pts',(1.80695990395592,1.84476377785962,-4.04231679629008));
#1874=CARTESIAN_POINT('Ctrl Pts',(2.34041090120355,1.09705082696432,-4.08463359258017));
#1875=CARTESIAN_POINT('Ctrl Pts',(2.43671509026763,0.293423905676434,-4.12695038887026));
#1876=CARTESIAN_POINT('Ctrl Pts',(2.44826254156758,0.197064205988522,-4.13202442717616));
#1877=CARTESIAN_POINT('Ctrl Pts',(2.45352493568621,0.0999006058841508,-4.13709846548206));
#1878=CARTESIAN_POINT('Ctrl Pts',(2.45276875899434,0.00261725402488324,
-4.14217250378796));
#1879=CARTESIAN_POINT('Origin',(0.,0.,-16.5));
#1880=CARTESIAN_POINT('',(2.44707419499893,0.00120605310384492,-5.05782749621206));
#1881=CARTESIAN_POINT('',(2.44688689520772,0.00103117961249723,-4.94217250378797));
#1882=CARTESIAN_POINT('',(2.4505,-3.00099698131059E-16,-16.5));
#1883=CARTESIAN_POINT('Ctrl Pts',(2.44707419499893,0.00120605310384492,
-5.05782749621206));
#1884=CARTESIAN_POINT('Ctrl Pts',(2.44854662601515,0.332356367705864,-5.04067716531454));
#1885=CARTESIAN_POINT('Ctrl Pts',(2.3860116574558,0.662973270812982,-5.02352683441702));
#1886=CARTESIAN_POINT('Ctrl Pts',(2.2568199862438,0.965084378837214,-5.0063765035195));
#1887=CARTESIAN_POINT('Ctrl Pts',(1.93805193064639,1.71051455692694,-4.96405970722941));
#1888=CARTESIAN_POINT('Ctrl Pts',(1.2134723465402,2.28239909273929,-4.92174291093932));
#1889=CARTESIAN_POINT('Ctrl Pts',(0.414378184444032,2.41927373166505,-4.87942611464923));
#1890=CARTESIAN_POINT('Ctrl Pts',(-0.384715977652139,2.55614837059081,-4.83710931835914));
#1891=CARTESIAN_POINT('Ctrl Pts',(-1.25832471773829,2.25801311262997,-4.79479252206905));
#1892=CARTESIAN_POINT('Ctrl Pts',(-1.8070003758234,1.66114812110126,-4.75247572577897));
#1893=CARTESIAN_POINT('Ctrl Pts',(-2.35567603390851,1.06428312957256,-4.71015892948888));
#1894=CARTESIAN_POINT('Ctrl Pts',(-2.57941860999258,0.168688404475988,-4.66784213319879));
#1895=CARTESIAN_POINT('Ctrl Pts',(-2.37593845073634,-0.616072506874781,
-4.6255253369087));
#1896=CARTESIAN_POINT('Ctrl Pts',(-2.1724582914801,-1.40083341822555,-4.58320854061861));
#1897=CARTESIAN_POINT('Ctrl Pts',(-1.54175539688355,-2.07476051583051,-4.54089174432852));
#1898=CARTESIAN_POINT('Ctrl Pts',(-0.772183095015439,-2.32984628567534,
-4.49857494803843));
#1899=CARTESIAN_POINT('Ctrl Pts',(-0.00261079314732973,-2.58493205552016,
-4.45625815174834));
#1900=CARTESIAN_POINT('Ctrl Pts',(0.905830915992341,-2.42117649760483,-4.41394135545825));
#1901=CARTESIAN_POINT('Ctrl Pts',(1.53772899752315,-1.91320015138452,-4.37162455916817));
#1902=CARTESIAN_POINT('Ctrl Pts',(2.10415613812287,-1.457855218884,-4.33369220484946));
#1903=CARTESIAN_POINT('Ctrl Pts',(2.44837630176768,-0.725923689774327,-4.29575985053076));
#1904=CARTESIAN_POINT('Ctrl Pts',(2.45342382519291,0.00159434836528027,
-4.25782749621205));
#1905=CARTESIAN_POINT('Ctrl Pts',(2.45276875899434,0.00261725402488324,
-4.14217250378796));
#1906=CARTESIAN_POINT('Ctrl Pts',(2.44721852388955,-0.711429450150019,-4.17941526177215));
#1907=CARTESIAN_POINT('Ctrl Pts',(2.11742607113376,-1.43192761527767,-4.21665801975634));
#1908=CARTESIAN_POINT('Ctrl Pts',(1.56876681190265,-1.88834765932396,-4.25390077774053));
#1909=CARTESIAN_POINT('Ctrl Pts',(0.945356963593049,-2.40695141135597,-4.29621757403062));
#1910=CARTESIAN_POINT('Ctrl Pts',(0.039379886093313,-2.5846180237395,-4.33853437032071));
#1911=CARTESIAN_POINT('Ctrl Pts',(-0.734310966504108,-2.34186967300895,
-4.3808511666108));
#1912=CARTESIAN_POINT('Ctrl Pts',(-1.50800181910153,-2.0991213222784,-4.42316796290088));
#1913=CARTESIAN_POINT('Ctrl Pts',(-2.14940644679663,-1.43595800843377,-4.46548475919097));
#1914=CARTESIAN_POINT('Ctrl Pts',(-2.36557095381135,-0.654708728456394,
-4.50780155548106));
#1915=CARTESIAN_POINT('Ctrl Pts',(-2.58173546082607,0.126540551520984,-4.55011835177115));
#1916=CARTESIAN_POINT('Ctrl Pts',(-2.37265984716041,1.0258757976311,-4.59243514806124));
#1917=CARTESIAN_POINT('Ctrl Pts',(-1.83377468766611,1.63162981429015,-4.63475194435133));
#1918=CARTESIAN_POINT('Ctrl Pts',(-1.29488952817182,2.2373838309492,-4.67706874064142));
#1919=CARTESIAN_POINT('Ctrl Pts',(-0.426194822848895,2.54955661815719,-4.71938553693151));
#1920=CARTESIAN_POINT('Ctrl Pts',(0.375028506538354,2.42565548816559,-4.7617023332216));
#1921=CARTESIAN_POINT('Ctrl Pts',(1.1762518359256,2.30175435817399,-4.80401912951169));
#1922=CARTESIAN_POINT('Ctrl Pts',(1.91000378937718,1.74177931098282,-4.84633592580178));
#1923=CARTESIAN_POINT('Ctrl Pts',(2.2408355273426,1.00164129876588,-4.88865272209187));
#1924=CARTESIAN_POINT('Ctrl Pts',(2.38030766722037,0.689613701281981,-4.9064926493239));
#1925=CARTESIAN_POINT('Ctrl Pts',(2.44816882116479,0.345565750739842,-4.92433257655593));
#1926=CARTESIAN_POINT('Ctrl Pts',(2.44688689520772,0.00103117961249723,
-4.94217250378797));
#1927=CARTESIAN_POINT('Origin',(0.,0.,-16.5));
#1928=CARTESIAN_POINT('',(2.44907146148249,-0.00212123514052337,-5.85782749621205));
#1929=CARTESIAN_POINT('',(2.44944387404827,-0.0021810431031971,-5.74217250378796));
#1930=CARTESIAN_POINT('',(2.4505,-3.00099698131059E-16,-16.5));
#1931=CARTESIAN_POINT('Ctrl Pts',(2.44907146148249,-0.00212123514052337,
-5.85782749621205));
#1932=CARTESIAN_POINT('Ctrl Pts',(2.44429212046758,0.574335348059855,-5.8279112763884));
#1933=CARTESIAN_POINT('Ctrl Pts',(2.24093916506646,1.15382697959251,-5.79799505656475));
#1934=CARTESIAN_POINT('Ctrl Pts',(1.86956739947186,1.59038953962469,-5.7680788367411));
#1935=CARTESIAN_POINT('Ctrl Pts',(1.34425827134019,2.20791170752096,-5.72576204045101));
#1936=CARTESIAN_POINT('Ctrl Pts',(0.482770565780468,2.53945582406208,-5.68344524416093));
#1937=CARTESIAN_POINT('Ctrl Pts',(-0.320996759924185,2.43342998527069,-5.64112844787084));
#1938=CARTESIAN_POINT('Ctrl Pts',(-1.12476408562884,2.3274041464793,-5.59881165158075));
#1939=CARTESIAN_POINT('Ctrl Pts',(-1.87081103147843,1.7838083523554,-5.55649485529066));
#1940=CARTESIAN_POINT('Ctrl Pts',(-2.21802154664737,1.05119078085261,-5.51417805900057));
#1941=CARTESIAN_POINT('Ctrl Pts',(-2.56523206181632,0.318573209349811,-5.47186126271048));
#1942=CARTESIAN_POINT('Ctrl Pts',(-2.51360614630461,-0.603066139531876,
-5.42954446642039));
#1943=CARTESIAN_POINT('Ctrl Pts',(-2.08674903626587,-1.29232358030572,-5.3872276701303));
#1944=CARTESIAN_POINT('Ctrl Pts',(-1.65989192622713,-1.98158102107955,-5.34491087384021));
#1945=CARTESIAN_POINT('Ctrl Pts',(-0.857803621661354,-2.43845655374554,
-5.30259407755012));
#1946=CARTESIAN_POINT('Ctrl Pts',(-0.0472234005261232,-2.45405521234107,
-5.26027728126003));
#1947=CARTESIAN_POINT('Ctrl Pts',(0.763356820609116,-2.46965387093659,-5.21796048496994));
#1948=CARTESIAN_POINT('Ctrl Pts',(1.58242895831381,-2.04397565546164,-5.17564368867985));
#1949=CARTESIAN_POINT('Ctrl Pts',(2.03548676362184,-1.37164863754061,-5.13332689238977));
#1950=CARTESIAN_POINT('Ctrl Pts',(2.30492737769755,-0.971805168460167,-5.1081604269972));
#1951=CARTESIAN_POINT('Ctrl Pts',(2.44491354373021,-0.484725266937144,-5.08299396160463));
#1952=CARTESIAN_POINT('Ctrl Pts',(2.44707419499893,0.00120605310384492,
-5.05782749621206));
#1953=CARTESIAN_POINT('Ctrl Pts',(2.44688689520772,0.00103117961249723,
-4.94217250378797));
#1954=CARTESIAN_POINT('Ctrl Pts',(2.44512805766397,-0.471679693799303,-4.96664937284602));
#1955=CARTESIAN_POINT('Ctrl Pts',(2.31321019331818,-0.945306610608104,-4.99112624190408));
#1956=CARTESIAN_POINT('Ctrl Pts',(2.05750737435357,-1.33840470038708,-5.01560311096213));
#1957=CARTESIAN_POINT('Ctrl Pts',(1.61543596091984,-2.01801171008039,-5.05791990725222));
#1958=CARTESIAN_POINT('Ctrl Pts',(0.803381611573111,-2.45692475222432,-5.10023670354231));
#1959=CARTESIAN_POINT('Ctrl Pts',(-0.00734662542019204,-2.45449405274277,
-5.1425534998324));
#1960=CARTESIAN_POINT('Ctrl Pts',(-0.818074862413496,-2.45206335326122,
-5.18487029612249));
#1961=CARTESIAN_POINT('Ctrl Pts',(-1.62747698705338,-2.00828891215421,-5.22718709241258));
#1962=CARTESIAN_POINT('Ctrl Pts',(-2.06547567227632,-1.32605990750872,-5.26950388870267));
#1963=CARTESIAN_POINT('Ctrl Pts',(-2.50347435749927,-0.643830902863233,
-5.31182068499276));
#1964=CARTESIAN_POINT('Ctrl Pts',(-2.57006960330528,0.276852665320718,-5.35413748128285));
#1965=CARTESIAN_POINT('Ctrl Pts',(-2.2348085526412,1.01501596427421,-5.39645427757293));
#1966=CARTESIAN_POINT('Ctrl Pts',(-1.89954750197711,1.7531792632277,-5.43877107386302));
#1967=CARTESIAN_POINT('Ctrl Pts',(-1.16243015484294,2.30882229295073,-5.48108787015311));
#1968=CARTESIAN_POINT('Ctrl Pts',(-0.360491337043656,2.42789278305656,-5.5234046664432));
#1969=CARTESIAN_POINT('Ctrl Pts',(0.441447480755624,2.5469632731624,-5.56572146273329));
#1970=CARTESIAN_POINT('Ctrl Pts',(1.30820776922001,2.22946122365104,-5.60803825902338));
#1971=CARTESIAN_POINT('Ctrl Pts',(1.84348065540576,1.62055582380331,-5.65035505531347));
#1972=CARTESIAN_POINT('Ctrl Pts',(2.23061921468483,1.18016221277237,-5.68096087147163));
#1973=CARTESIAN_POINT('Ctrl Pts',(2.44435765259716,0.587336334428513,-5.7115666876298));
#1974=CARTESIAN_POINT('Ctrl Pts',(2.44944387404827,-0.0021810431031971,
-5.74217250378796));
#1975=CARTESIAN_POINT('Origin',(0.,0.,-16.5));
#1976=CARTESIAN_POINT('',(2.45450159158855,0.000130420554479557,-6.65782749621206));
#1977=CARTESIAN_POINT('',(2.45443951705161,0.00037469432308258,-6.54217250378797));
#1978=CARTESIAN_POINT('',(2.4505,-3.00099698131059E-16,-16.5));
#1979=CARTESIAN_POINT('Ctrl Pts',(2.45450159158855,0.000130420554479557,
-6.65782749621206));
#1980=CARTESIAN_POINT('Ctrl Pts',(2.45450700457788,0.00712935961241015,
-6.65746218375236));
#1981=CARTESIAN_POINT('Ctrl Pts',(2.45447965403551,0.0141282551495695,-6.65709687129267));
#1982=CARTESIAN_POINT('Ctrl Pts',(2.45441941218613,0.0211268675688721,-6.65673155883298));
#1983=CARTESIAN_POINT('Ctrl Pts',(2.44744116110042,0.831826990716248,-6.61441476254289));
#1984=CARTESIAN_POINT('Ctrl Pts',(1.99911840535385,1.63872816144767,-6.5720979662528));
#1985=CARTESIAN_POINT('Ctrl Pts',(1.31443828223509,2.07289001198215,-6.52978116996271));
#1986=CARTESIAN_POINT('Ctrl Pts',(0.629758159116341,2.50705186251663,-6.48746437367262));
#1987=CARTESIAN_POINT('Ctrl Pts',(-0.291279331374587,2.56847439285417,-6.44514757738253));
#1988=CARTESIAN_POINT('Ctrl Pts',(-1.02754714468641,2.22907331611438,-6.40283078109244));
#1989=CARTESIAN_POINT('Ctrl Pts',(-1.76381495799823,1.8896722393746,-6.36051398480235));
#1990=CARTESIAN_POINT('Ctrl Pts',(-2.31531309413094,1.14944755555751,-6.31819718851226));
#1991=CARTESIAN_POINT('Ctrl Pts',(-2.42987941423698,0.346853044370201,-6.27588039222217));
#1992=CARTESIAN_POINT('Ctrl Pts',(-2.54444573434303,-0.455741466817107,
-6.23356359593208));
#1993=CARTESIAN_POINT('Ctrl Pts',(-2.22208023842239,-1.32070580537463,-6.19124679964199));
#1994=CARTESIAN_POINT('Ctrl Pts',(-1.61017848354815,-1.85255128773293,-6.1489300033519));
#1995=CARTESIAN_POINT('Ctrl Pts',(-0.998276728673916,-2.38439677009122,
-6.10661320706181));
#1996=CARTESIAN_POINT('Ctrl Pts',(-0.0968387148460821,-2.5831233962503,
-6.06429641077173));
#1997=CARTESIAN_POINT('Ctrl Pts',(0.681970013739346,-2.35786721672401,-6.02197961448164));
#1998=CARTESIAN_POINT('Ctrl Pts',(1.46077874232477,-2.13261103719771,-5.97966281819155));
#1999=CARTESIAN_POINT('Ctrl Pts',(2.11695818566779,-1.48337205198605,-5.93734602190146));
#2000=CARTESIAN_POINT('Ctrl Pts',(2.35048263198749,-0.707002449754515,-5.89502922561137));
#2001=CARTESIAN_POINT('Ctrl Pts',(2.4189149805405,-0.479493955191428,-5.88262864914493));
#2002=CARTESIAN_POINT('Ctrl Pts',(2.45105254679554,-0.241068334128857,-5.87022807267849));
#2003=CARTESIAN_POINT('Ctrl Pts',(2.44907146148249,-0.00212123514052337,
-5.85782749621205));
#2004=CARTESIAN_POINT('Ctrl Pts',(2.44944387404827,-0.0021810431031971,
-5.74217250378796));
#2005=CARTESIAN_POINT('Ctrl Pts',(2.45139006094467,-0.227753406866375,-5.75388348391989));
#2006=CARTESIAN_POINT('Ctrl Pts',(2.42278692694674,-0.452841364306422,-5.76559446405181));
#2007=CARTESIAN_POINT('Ctrl Pts',(2.361659537221,-0.668719820726441,-5.77730544418374));
#2008=CARTESIAN_POINT('Ctrl Pts',(2.14078004894337,-1.44878131522437,-5.81962224047383));
#2009=CARTESIAN_POINT('Ctrl Pts',(1.495235588481,-2.10859555403611,-5.86193903676391));
#2010=CARTESIAN_POINT('Ctrl Pts',(0.72018946222541,-2.34647563006367,-5.904255833054));
#2011=CARTESIAN_POINT('Ctrl Pts',(-0.0548566640301776,-2.58435570609123,
-5.94657262934409));
#2012=CARTESIAN_POINT('Ctrl Pts',(-0.959404456078977,-2.40030161933461,
-5.98888942563418));
#2013=CARTESIAN_POINT('Ctrl Pts',(-1.57986660818481,-1.87846825336205,-6.03120622192427));
#2014=CARTESIAN_POINT('Ctrl Pts',(-2.20032876029064,-1.3566348873895,-6.07352301821436));
#2015=CARTESIAN_POINT('Ctrl Pts',(-2.53670527245351,-0.497022242201005,
-6.11583981450445));
#2016=CARTESIAN_POINT('Ctrl Pts',(-2.43519424823538,0.307327789930326,-6.15815661079453));
#2017=CARTESIAN_POINT('Ctrl Pts',(-2.33368322401725,1.11167782206166,-6.20047340708462));
#2018=CARTESIAN_POINT('Ctrl Pts',(-1.79428466341813,1.86076524113583,-6.24279020337472));
#2019=CARTESIAN_POINT('Ctrl Pts',(-1.06362843689806,2.21208403766117,-6.28510699966481));
#2020=CARTESIAN_POINT('Ctrl Pts',(-0.332972210378002,2.56340283418651,-6.3274237959549));
#2021=CARTESIAN_POINT('Ctrl Pts',(0.588941682062991,2.51695300816303,-6.36974059224498));
#2022=CARTESIAN_POINT('Ctrl Pts',(1.28058549575659,2.09397281274513,-6.41205738853507));
#2023=CARTESIAN_POINT('Ctrl Pts',(1.97222930945018,1.67099261732723,-6.45437418482516));
#2024=CARTESIAN_POINT('Ctrl Pts',(2.43360304439638,0.871482052514899,-6.49669098111525));
#2025=CARTESIAN_POINT('Ctrl Pts',(2.4537522393371,0.0610022951981921,-6.53900777740534));
#2026=CARTESIAN_POINT('Ctrl Pts',(2.45425453546541,0.040797972128454,-6.54006268619955));
#2027=CARTESIAN_POINT('Ctrl Pts',(2.45448263382081,0.020586832284302,-6.54111759499376));
#2028=CARTESIAN_POINT('Ctrl Pts',(2.45443951705161,0.00037469432308258,
-6.54217250378797));
#2029=CARTESIAN_POINT('Origin',(0.,0.,-16.5));
#2030=CARTESIAN_POINT('',(2.44869422243576,0.00203499290093972,-7.45782749621205));
#2031=CARTESIAN_POINT('',(2.44835755631036,0.00193309006962337,-7.34217250378796));
#2032=CARTESIAN_POINT('',(2.4505,-3.00099698131059E-16,-16.5));
#2033=CARTESIAN_POINT('Ctrl Pts',(2.44869422243576,0.00203499290093972,
-7.45782749621205));
#2034=CARTESIAN_POINT('Ctrl Pts',(2.45068434761719,0.255159128930759,-7.44469629482623));
#2035=CARTESIAN_POINT('Ctrl Pts',(2.41456459237091,0.507729217505771,-7.4315650934404));
#2036=CARTESIAN_POINT('Ctrl Pts',(2.33796394110108,0.747359087048968,-7.41843389205458));
#2037=CARTESIAN_POINT('Ctrl Pts',(2.09110959318339,1.51959371178225,-7.37611709576449));
#2038=CARTESIAN_POINT('Ctrl Pts',(1.42385132747703,2.1574410251563,-7.3338002994744));
#2039=CARTESIAN_POINT('Ctrl Pts',(0.641280419085407,2.36925735603164,-7.29148350318431));
#2040=CARTESIAN_POINT('Ctrl Pts',(-0.141290489306219,2.58107368690699,-7.24916670689422));
#2041=CARTESIAN_POINT('Ctrl Pts',(-1.03917404038311,2.36685903528363,-7.20684991060413));
#2042=CARTESIAN_POINT('Ctrl Pts',(-1.64182989086849,1.82455901634596,-7.16453311431404));
#2043=CARTESIAN_POINT('Ctrl Pts',(-2.24448574135387,1.28225899740829,-7.12221631802395));
#2044=CARTESIAN_POINT('Ctrl Pts',(-2.55191389124772,0.411873611156323,-7.07989952173386));
#2045=CARTESIAN_POINT('Ctrl Pts',(-2.42354860894577,-0.38862981740741,-7.03758272544377));
#2046=CARTESIAN_POINT('Ctrl Pts',(-2.29518332664382,-1.18913324597114,-6.99526592915368));
#2047=CARTESIAN_POINT('Ctrl Pts',(-1.73102461214607,-1.91975471684663,-6.9529491328636));
#2048=CARTESIAN_POINT('Ctrl Pts',(-0.98902341260222,-2.24643132211488,-6.91063233657351));
#2049=CARTESIAN_POINT('Ctrl Pts',(-0.247022213058374,-2.57310792738313,
-6.86831554028342));
#2050=CARTESIAN_POINT('Ctrl Pts',(0.672821471531565,-2.49583966704415,-6.82599874399333));
#2051=CARTESIAN_POINT('Ctrl Pts',(1.34992644061412,-2.04995599909299,-6.78368194770324));
#2052=CARTESIAN_POINT('Ctrl Pts',(2.02118609758867,-1.60792155588843,-6.74173046387285));
#2053=CARTESIAN_POINT('Ctrl Pts',(2.45387997869748,-0.803608600460358,-6.69977898004245));
#2054=CARTESIAN_POINT('Ctrl Pts',(2.45450159158855,0.000130420554479557,
-6.65782749621206));
#2055=CARTESIAN_POINT('Ctrl Pts',(2.45443951705161,0.00037469432308258,
-6.54217250378797));
#2056=CARTESIAN_POINT('Ctrl Pts',(2.45275304018297,-0.790206412959202,-6.58343439128385));
#2057=CARTESIAN_POINT('Ctrl Pts',(2.03612947003516,-1.58231455821633,-6.62469627877973));
#2058=CARTESIAN_POINT('Ctrl Pts',(1.38305498069275,-2.02775250795811,-6.66595816627561));
#2059=CARTESIAN_POINT('Ctrl Pts',(0.71328387217244,-2.48457860397662,-6.7082749625657));
#2060=CARTESIAN_POINT('Ctrl Pts',(-0.205182999803434,-2.57678184619254,
-6.75059175885579));
#2061=CARTESIAN_POINT('Ctrl Pts',(-0.952393958939003,-2.26220403069753,
-6.79290855514588));
#2062=CARTESIAN_POINT('Ctrl Pts',(-1.69960491807457,-1.94762621520251,-6.83522535143597));
#2063=CARTESIAN_POINT('Ctrl Pts',(-2.27555996436983,-1.22626734199656,-6.87754214772605));
#2064=CARTESIAN_POINT('Ctrl Pts',(-2.41691449875453,-0.427955174192144,
-6.91985894401614));
#2065=CARTESIAN_POINT('Ctrl Pts',(-2.55826903313924,0.370356993612267,-6.96217574030623));
#2066=CARTESIAN_POINT('Ctrl Pts',(-2.26502305561339,1.24562245601514,-7.00449253659632));
#2067=CARTESIAN_POINT('Ctrl Pts',(-1.67125776728862,1.79764256695438,-7.04680933288641));
#2068=CARTESIAN_POINT('Ctrl Pts',(-1.07749247896385,2.34966267789363,-7.0891261291765));
#2069=CARTESIAN_POINT('Ctrl Pts',(-0.183207879840162,2.57843743736924,-7.13144292546659));
#2070=CARTESIAN_POINT('Ctrl Pts',(0.602701240182756,2.37936389413075,-7.17375972175668));
#2071=CARTESIAN_POINT('Ctrl Pts',(1.38861036020567,2.18029035089225,-7.21607651804677));
#2072=CARTESIAN_POINT('Ctrl Pts',(2.06614400112781,1.55336850493964,-7.25839331433685));
#2073=CARTESIAN_POINT('Ctrl Pts',(2.32551266585299,0.785246563709315,-7.30071011062694));
#2074=CARTESIAN_POINT('Ctrl Pts',(2.41022328112707,0.534375540734786,-7.31453090834728));
#2075=CARTESIAN_POINT('Ctrl Pts',(2.45032840634287,0.268442760308883,-7.32835170606762));
#2076=CARTESIAN_POINT('Ctrl Pts',(2.44835755631036,0.00193309006962337,
-7.34217250378796));
#2077=CARTESIAN_POINT('Origin',(0.,0.,-16.5));
#2078=CARTESIAN_POINT('',(2.44730079736357,-0.00139239583761774,-8.25782749621205));
#2079=CARTESIAN_POINT('',(2.4475446424258,-0.00155750790446531,-8.14217250378796));
#2080=CARTESIAN_POINT('',(2.4505,-3.00099698131059E-16,-16.5));
#2081=CARTESIAN_POINT('Ctrl Pts',(2.44730079736357,-0.00139239583761774,
-8.25782749621205));
#2082=CARTESIAN_POINT('Ctrl Pts',(2.4447133259766,0.498529386674694,-8.2319304059001));
#2083=CARTESIAN_POINT('Ctrl Pts',(2.29587796837737,0.999865939465447,-8.20603331558814));
#2084=CARTESIAN_POINT('Ctrl Pts',(2.01157322161503,1.4064829074587,-8.18013622527618));
#2085=CARTESIAN_POINT('Ctrl Pts',(1.54700882815912,2.07090996066782,-8.13781942898609));
#2086=CARTESIAN_POINT('Ctrl Pts',(0.720730873426221,2.48242852619985,-8.095502632696));
#2087=CARTESIAN_POINT('Ctrl Pts',(-0.0894606096094755,2.45287949035899,
-8.05318583640591));
#2088=CARTESIAN_POINT('Ctrl Pts',(-0.899652092645161,2.42333045451814,-8.01086904011582));
#2089=CARTESIAN_POINT('Ctrl Pts',(-1.69375710398364,1.95271381730441,-7.96855224382573));
#2090=CARTESIAN_POINT('Ctrl Pts',(-2.10868608308493,1.25621017265952,-7.92623544753565));
#2091=CARTESIAN_POINT('Ctrl Pts',(-2.52361506218621,0.559706528014634,-7.88391865124556));
#2092=CARTESIAN_POINT('Ctrl Pts',(-2.5593680090503,-0.362684124061415,-7.84160185495547));
#2093=CARTESIAN_POINT('Ctrl Pts',(-2.19959756208076,-1.08921602989414,-7.79928505866538));
#2094=CARTESIAN_POINT('Ctrl Pts',(-1.83982711511121,-1.81574793572688,-7.75696826237529));
#2095=CARTESIAN_POINT('Ctrl Pts',(-1.08453327430804,-2.34642109531628,-7.7146514660852));
#2096=CARTESIAN_POINT('Ctrl Pts',(-0.279059923442843,-2.43859520093826,
-7.67233466979511));
#2097=CARTESIAN_POINT('Ctrl Pts',(0.526413427422353,-2.53076930656024,-7.63001787350502));
#2098=CARTESIAN_POINT('Ctrl Pts',(1.38206628834957,-2.1844443582148,-7.58770107721494));
#2099=CARTESIAN_POINT('Ctrl Pts',(1.89666750374868,-1.55797091599582,-7.54538428092485));
#2100=CARTESIAN_POINT('Ctrl Pts',(2.25158431992073,-1.12589661676147,-7.51619868602059));
#2101=CARTESIAN_POINT('Ctrl Pts',(2.44427094191119,-0.560562310848632,-7.48701309111632));
#2102=CARTESIAN_POINT('Ctrl Pts',(2.44869422243576,0.00203499290093972,
-7.45782749621205));
#2103=CARTESIAN_POINT('Ctrl Pts',(2.44835755631036,0.00193309006962337,
-7.34217250378796));
#2104=CARTESIAN_POINT('Ctrl Pts',(2.4442940180947,-0.547561905489513,-7.37066850235771));
#2105=CARTESIAN_POINT('Ctrl Pts',(2.26136121169874,-1.09950931856546,-7.39916450092747));
#2106=CARTESIAN_POINT('Ctrl Pts',(1.92173035425674,-1.52694917078668,-7.42766049949721));
#2107=CARTESIAN_POINT('Ctrl Pts',(1.4173756894071,-2.16170092754432,-7.4699772957873));
#2108=CARTESIAN_POINT('Ctrl Pts',(0.567462671179603,-2.52188240455155,-7.51229409207738));
#2109=CARTESIAN_POINT('Ctrl Pts',(-0.239401979862379,-2.44280740481291,
-7.55461088836748));
#2110=CARTESIAN_POINT('Ctrl Pts',(-1.04626663090436,-2.36373240507426,-7.59692768465756));
#2111=CARTESIAN_POINT('Ctrl Pts',(-1.81008291476083,-1.84540092858973,-7.63924448094766));
#2112=CARTESIAN_POINT('Ctrl Pts',(-2.18161022105417,-1.12481028099601,-7.68156127723775));
#2113=CARTESIAN_POINT('Ctrl Pts',(-2.55313752734751,-0.404219633402292,
-7.72387807352784));
#2114=CARTESIAN_POINT('Ctrl Pts',(-2.53237585607772,0.51863018530061,-7.76619486981792));
#2115=CARTESIAN_POINT('Ctrl Pts',(-2.12881809043112,1.22178347618434,-7.80851166610801));
#2116=CARTESIAN_POINT('Ctrl Pts',(-1.72526032478452,1.92493676706808,-7.85082846239809));
#2117=CARTESIAN_POINT('Ctrl Pts',(-0.938906464761119,2.40839353013265,-7.8931452586882));
#2118=CARTESIAN_POINT('Ctrl Pts',(-0.129302002936677,2.45110226569727,-7.93546205497829));
#2119=CARTESIAN_POINT('Ctrl Pts',(0.680302458887756,2.49381100126189,-7.97777885126838));
#2120=CARTESIAN_POINT('Ctrl Pts',(1.51315752251323,2.09577170932656,-8.02009564755845));
#2121=CARTESIAN_POINT('Ctrl Pts',(1.98845589579124,1.43898035960946,-8.06241244384854));
#2122=CARTESIAN_POINT('Ctrl Pts',(2.28707512082175,1.02633319966528,-8.08899913049501));
#2123=CARTESIAN_POINT('Ctrl Pts',(2.4445551037658,0.511548196102114,-8.11558581714148));
#2124=CARTESIAN_POINT('Ctrl Pts',(2.4475446424258,-0.00155750790446531,
-8.14217250378796));
#2125=CARTESIAN_POINT('Origin',(0.,0.,-16.5));
#2126=CARTESIAN_POINT('',(2.45375122070425,-0.00122233525379656,-9.05782749621205));
#2127=CARTESIAN_POINT('',(2.45399494859111,-0.00101358925822946,-8.94217250378796));
#2128=CARTESIAN_POINT('',(2.4505,-3.00099698131059E-16,-16.5));
#2129=CARTESIAN_POINT('Ctrl Pts',(2.45375122070425,-0.00122233525379656,
-9.05782749621205));
#2130=CARTESIAN_POINT('Ctrl Pts',(2.4492157958772,0.740116387528602,-9.01916451697396));
#2131=CARTESIAN_POINT('Ctrl Pts',(2.08980582891163,1.48526456133849,-8.98050153773587));
#2132=CARTESIAN_POINT('Ctrl Pts',(1.50455519785056,1.93931293284854,-8.94183855849778));
#2133=CARTESIAN_POINT('Ctrl Pts',(0.863995876729809,2.43627081922134,-8.89952176220769));
#2134=CARTESIAN_POINT('Ctrl Pts',(-0.0471069239443206,2.58450871875337,
-8.85720496591761));
#2135=CARTESIAN_POINT('Ctrl Pts',(-0.812168607952589,2.3162476437439,-8.81488816962752));
#2136=CARTESIAN_POINT('Ctrl Pts',(-1.57723029196086,2.04798656873443,-8.77257137333743));
#2137=CARTESIAN_POINT('Ctrl Pts',(-2.19625085930327,1.36322651918346,-8.73025457704734));
#2138=CARTESIAN_POINT('Ctrl Pts',(-2.38619481397769,0.57506113121884,-8.68793778075725));
#2139=CARTESIAN_POINT('Ctrl Pts',(-2.57613876865211,-0.213104256745782,
-8.64562098446716));
#2140=CARTESIAN_POINT('Ctrl Pts',(-2.33700611065853,-1.10467498312406,-8.60330418817707));
#2141=CARTESIAN_POINT('Ctrl Pts',(-1.77813574412431,-1.69199712480847,-8.56098739188698));
#2142=CARTESIAN_POINT('Ctrl Pts',(-1.21926537759009,-2.27931926649288,-8.51867059559689));
#2143=CARTESIAN_POINT('Ctrl Pts',(-0.340657302515216,-2.56239282348343,
-8.47635379930681));
#2144=CARTESIAN_POINT('Ctrl Pts',(0.455961486167067,-2.4117877431535,-8.43403700301672));
#2145=CARTESIAN_POINT('Ctrl Pts',(1.25258027484934,-2.26118266282358,-8.39172020672662));
#2146=CARTESIAN_POINT('Ctrl Pts',(1.96720977713904,-1.6768989451732,-8.34940341043654));
#2147=CARTESIAN_POINT('Ctrl Pts',(2.27309911219443,-0.926089315904911,-8.30708661414645));
#2148=CARTESIAN_POINT('Ctrl Pts',(2.39178987765373,-0.634761180532275,-8.29066690816832));
#2149=CARTESIAN_POINT('Ctrl Pts',(2.44894134921279,-0.318361158815803,-8.27424720219018));
#2150=CARTESIAN_POINT('Ctrl Pts',(2.44730079736357,-0.00139239583761774,
-8.25782749621205));
#2151=CARTESIAN_POINT('Ctrl Pts',(2.4475446424258,-0.00155750790446531,
-8.14217250378796));
#2152=CARTESIAN_POINT('Ctrl Pts',(2.44931341382372,-0.305138359859198,-8.15790261343158));
#2153=CARTESIAN_POINT('Ctrl Pts',(2.3970021846146,-0.608131366258427,-8.1736327230752));
#2154=CARTESIAN_POINT('Ctrl Pts',(2.28784577757059,-0.889034882836712,-8.18936283271882));
#2155=CARTESIAN_POINT('Ctrl Pts',(1.99419560314138,-1.64471536806687,-8.23167962900891));
#2156=CARTESIAN_POINT('Ctrl Pts',(1.28915357135239,-2.24053293102832,-8.27399642529899));
#2157=CARTESIAN_POINT('Ctrl Pts',(0.49508687272482,-2.40406121247147,-8.31631322158908));
#2158=CARTESIAN_POINT('Ctrl Pts',(-0.298979825902754,-2.56758949391461,
-8.35863001787917));
#2159=CARTESIAN_POINT('Ctrl Pts',(-1.18207119136893,-2.29882849383945,-8.40094681416926));
#2160=CARTESIAN_POINT('Ctrl Pts',(-1.75041032864515,-1.72066411778222,-8.44326361045935));
#2161=CARTESIAN_POINT('Ctrl Pts',(-2.31874946592138,-1.14249974172498,-8.48558040674944));
#2162=CARTESIAN_POINT('Ctrl Pts',(-2.57233637500766,-0.25493198968567,-8.52789720303953));
#2163=CARTESIAN_POINT('Ctrl Pts',(-2.39522321769109,0.536215499854892,-8.57021399932961));
#2164=CARTESIAN_POINT('Ctrl Pts',(-2.21811006037452,1.32736298939545,-8.6125307956197));
#2165=CARTESIAN_POINT('Ctrl Pts',(-1.61029683665511,2.02209021643725,-8.65484759190979));
#2166=CARTESIAN_POINT('Ctrl Pts',(-0.849694695738358,2.30274624066266,-8.69716438819988));
#2167=CARTESIAN_POINT('Ctrl Pts',(-0.0890925548216021,2.58340226488806,
-8.73948118448997));
#2168=CARTESIAN_POINT('Ctrl Pts',(0.824298503292482,2.44998708629707,-8.78179798078006));
#2169=CARTESIAN_POINT('Ctrl Pts',(1.47284761976639,1.96350228260623,-8.82411477707015));
#2170=CARTESIAN_POINT('Ctrl Pts',(2.07596695667524,1.51109492475879,-8.86346735264275));
#2171=CARTESIAN_POINT('Ctrl Pts',(2.45004830303601,0.753349383103958,-8.90281992821536));
#2172=CARTESIAN_POINT('Ctrl Pts',(2.45399494859111,-0.00101358925822946,
-8.94217250378796));
#2173=CARTESIAN_POINT('Origin',(0.,0.,-16.5));
#2174=CARTESIAN_POINT('',(2.45093312546047,0.00220578451426465,-9.85782749621206));
#2175=CARTESIAN_POINT('',(2.45053079295323,0.00223103655054824,-9.74217250378797));
#2176=CARTESIAN_POINT('',(2.4505,-3.00099698131059E-16,-16.5));
#2177=CARTESIAN_POINT('Ctrl Pts',(2.45093312546047,0.00220578451426465,
-9.85782749621206));
#2178=CARTESIAN_POINT('Ctrl Pts',(2.45254895813289,0.177446842563755,-9.84871542433792));
#2179=CARTESIAN_POINT('Ctrl Pts',(2.43535014861084,0.352373221468746,-9.83960335246379));
#2180=CARTESIAN_POINT('Ctrl Pts',(2.39815662486003,0.522939573500321,-9.83049128058966));
#2181=CARTESIAN_POINT('Ctrl Pts',(2.22542853517699,1.31505597387167,-9.78817448429957));
#2182=CARTESIAN_POINT('Ctrl Pts',(1.62147290480251,2.0131393390888,-9.74585768800947));
#2183=CARTESIAN_POINT('Ctrl Pts',(0.862437071037853,2.29800419786222,-9.70354089171939));
#2184=CARTESIAN_POINT('Ctrl Pts',(0.103401237273198,2.58286905663565,-9.6612240954293));
#2185=CARTESIAN_POINT('Ctrl Pts',(-0.810714799881629,2.45451540896537,-9.61890729913921));
#2186=CARTESIAN_POINT('Ctrl Pts',(-1.46194869857683,1.97163054288127,-9.57659050284912));
#2187=CARTESIAN_POINT('Ctrl Pts',(-2.11318259727202,1.48874567679716,-9.53427370655903));
#2188=CARTESIAN_POINT('Ctrl Pts',(-2.50153435750759,0.651329592299226,-9.49195691026894));
#2189=CARTESIAN_POINT('Ctrl Pts',(-2.44943745099597,-0.157724977575223,
-9.44964011397885));
#2190=CARTESIAN_POINT('Ctrl Pts',(-2.39734054448436,-0.966779547449672,
-9.40732331768876));
#2191=CARTESIAN_POINT('Ctrl Pts',(-1.90479497122557,-1.74747260270063,-9.36500652139868));
#2192=CARTESIAN_POINT('Ctrl Pts',(-1.19700791816247,-2.14284694711244,-9.32268972510859));
#2193=CARTESIAN_POINT('Ctrl Pts',(-0.489220865099374,-2.53822129152424,
-9.2803729288185));
#2194=CARTESIAN_POINT('Ctrl Pts',(0.433807667768037,-2.54827692509689,-9.2380561325284));
#2195=CARTESIAN_POINT('Ctrl Pts',(1.15004026778018,-2.16841609876353,-9.19573933623832));
#2196=CARTESIAN_POINT('Ctrl Pts',(1.86627286779232,-1.78855527243018,-9.15342253994822));
#2197=CARTESIAN_POINT('Ctrl Pts',(2.37570953494919,-1.01877798619084,-9.11110574365814));
#2198=CARTESIAN_POINT('Ctrl Pts',(2.44541994774394,-0.21105040646437,-9.06878894736805));
#2199=CARTESIAN_POINT('Ctrl Pts',(2.45143904931357,-0.14130767868454,-9.06513513031605));
#2200=CARTESIAN_POINT('Ctrl Pts',(2.4541798377663,-0.0712820181853326,-9.06148131326405));
#2201=CARTESIAN_POINT('Ctrl Pts',(2.45375122070425,-0.00122233525379656,
-9.05782749621205));
#2202=CARTESIAN_POINT('Ctrl Pts',(2.45399494859111,-0.00101358925822946,
-8.94217250378796));
#2203=CARTESIAN_POINT('Ctrl Pts',(2.45429222846032,-0.0578357494000425,
-8.94513672450545));
#2204=CARTESIAN_POINT('Ctrl Pts',(2.45248943453193,-0.114638717487923,-8.94810094522293));
#2205=CARTESIAN_POINT('Ctrl Pts',(2.44852626518058,-0.171290553073651,-8.95106516594042));
#2206=CARTESIAN_POINT('Ctrl Pts',(2.39194861928714,-0.980044156271979,-8.99338196223051));
#2207=CARTESIAN_POINT('Ctrl Pts',(1.89508615266653,-1.75799693387793,-9.0356987585206));
#2208=CARTESIAN_POINT('Ctrl Pts',(1.18511987044844,-2.14944463001954,-9.07801555481069));
#2209=CARTESIAN_POINT('Ctrl Pts',(0.475153588230338,-2.54089232616115,-9.12033235110077));
#2210=CARTESIAN_POINT('Ctrl Pts',(-0.447916509585263,-2.54583494083839,
-9.16264914739086));
#2211=CARTESIAN_POINT('Ctrl Pts',(-1.16203400554901,-2.1620125565776,-9.20496594368095));
#2212=CARTESIAN_POINT('Ctrl Pts',(-1.87615150151275,-1.77819017231681,-9.24728273997104));
#2213=CARTESIAN_POINT('Ctrl Pts',(-2.38131639562465,-1.00560278911799,-9.28959953626113));
#2214=CARTESIAN_POINT('Ctrl Pts',(-2.44655155414961,-0.197501437310325,
-9.33191633255122));
#2215=CARTESIAN_POINT('Ctrl Pts',(-2.51178671267456,0.610599914497342,-9.37423312884131));
#2216=CARTESIAN_POINT('Ctrl Pts',(-2.13709213561257,1.45421523491385,-9.41654992513139));
#2217=CARTESIAN_POINT('Ctrl Pts',(-1.49378986145964,1.94761730703234,-9.45886672142148));
#2218=CARTESIAN_POINT('Ctrl Pts',(-0.850487587306704,2.44101937915083,-9.50118351771157));
#2219=CARTESIAN_POINT('Ctrl Pts',(0.0614223839371876,2.58420820297129,-9.54350031400167));
#2220=CARTESIAN_POINT('Ctrl Pts',(0.82498639251172,2.31171338556967,-9.58581711029176));
#2221=CARTESIAN_POINT('Ctrl Pts',(1.58855040108626,2.03921856816805,-9.62813390658185));
#2222=CARTESIAN_POINT('Ctrl Pts',(2.20376844699144,1.35104010954434,-9.67045070287193));
#2223=CARTESIAN_POINT('Ctrl Pts',(2.38934366553696,0.561834648993703,-9.71276749916202));
#2224=CARTESIAN_POINT('Ctrl Pts',(2.43232770212285,0.379034183198919,-9.72256916737067));
#2225=CARTESIAN_POINT('Ctrl Pts',(2.45226115120641,0.190813560008922,-9.73237083557932));
#2226=CARTESIAN_POINT('Ctrl Pts',(2.45053079295323,0.00223103655054824,
-9.74217250378797));
#2227=CARTESIAN_POINT('Origin',(0.,0.,-16.5));
#2228=CARTESIAN_POINT('',(2.4465090953215,-0.00022732432115688,-10.6578274962121));
#2229=CARTESIAN_POINT('',(2.44656351412156,-0.000443068504988421,-10.542172503788));
#2230=CARTESIAN_POINT('',(2.4505,-3.00099698131059E-16,-16.5));
#2231=CARTESIAN_POINT('Ctrl Pts',(2.4465090953215,-0.00022732432115688,
-10.6578274962121));
#2232=CARTESIAN_POINT('Ctrl Pts',(2.44615886577224,0.422450310626977,-10.6359495354118));
#2233=CARTESIAN_POINT('Ctrl Pts',(2.34217726309776,0.845289374334695,-10.6140715746115));
#2234=CARTESIAN_POINT('Ctrl Pts',(2.13555310867019,1.20997269181658,-10.5921936138112));
#2235=CARTESIAN_POINT('Ctrl Pts',(1.73589647104531,1.91535057402242,-10.5498768175212));
#2236=CARTESIAN_POINT('Ctrl Pts',(0.952232673286932,2.40315569939203,-10.5075600212311));
#2237=CARTESIAN_POINT('Ctrl Pts',(0.142877227672339,2.45034836149994,-10.465243224941));
#2238=CARTESIAN_POINT('Ctrl Pts',(-0.666478217942219,2.49754102360784,-10.4229264286509));
#2239=CARTESIAN_POINT('Ctrl Pts',(-1.501525311413,2.10412122245407,-10.3806096323608));
#2240=CARTESIAN_POINT('Ctrl Pts',(-1.98045449623312,1.44997275258633,-10.3382928360707));
#2241=CARTESIAN_POINT('Ctrl Pts',(-2.45938368105326,0.795824282718567,-10.2959760397806));
#2242=CARTESIAN_POINT('Ctrl Pts',(-2.58219495722271,-0.119052855863206,
-10.2536592434905));
#2243=CARTESIAN_POINT('Ctrl Pts',(-2.29273518169728,-0.876348322016013,
-10.2113424472005));
#2244=CARTESIAN_POINT('Ctrl Pts',(-2.00327540617186,-1.6336437881688,-10.1690256509104));
#2245=CARTESIAN_POINT('Ctrl Pts',(-1.30154457895159,-2.23335758189263,-10.1267088546203));
#2246=CARTESIAN_POINT('Ctrl Pts',(-0.508395904631858,-2.40128186580549,
-10.0843920583302));
#2247=CARTESIAN_POINT('Ctrl Pts',(0.28475276968788,-2.56920614971836,-10.0420752620401));
#2248=CARTESIAN_POINT('Ctrl Pts',(1.16931929110708,-2.30534092382025,-9.99975846575001));
#2249=CARTESIAN_POINT('Ctrl Pts',(1.74085227732087,-1.73033359310842,-9.95744166945992));
#2250=CARTESIAN_POINT('Ctrl Pts',(2.18931711789534,-1.27914253831885,-9.92423694504396));
#2251=CARTESIAN_POINT('Ctrl Pts',(2.4450449718845,-0.6363790641645,-9.89103222062801));
#2252=CARTESIAN_POINT('Ctrl Pts',(2.45093312546047,0.00220578451426465,
-9.85782749621206));
#2253=CARTESIAN_POINT('Ctrl Pts',(2.45053079295323,0.00223103655054824,
-9.74217250378797));
#2254=CARTESIAN_POINT('Ctrl Pts',(2.44479066596346,-0.623354810026016,-9.77468763186941));
#2255=CARTESIAN_POINT('Ctrl Pts',(2.20065082599387,-1.25292319387163,-9.80720275995085));
#2256=CARTESIAN_POINT('Ctrl Pts',(1.76873615654148,-1.70182071129552,-9.83971788803229));
#2257=CARTESIAN_POINT('Ctrl Pts',(1.20662103781462,-2.28603814855654,-9.88203468432238));
#2258=CARTESIAN_POINT('Ctrl Pts',(0.326458409175041,-2.56424056060104,-9.92435148061246));
#2259=CARTESIAN_POINT('Ctrl Pts',(-0.469313944104517,-2.40922513408784,
-9.96666827690255));
#2260=CARTESIAN_POINT('Ctrl Pts',(-1.26508629738408,-2.25420970757463,-10.0089850731926));
#2261=CARTESIAN_POINT('Ctrl Pts',(-1.97646837530361,-1.66597644250372,-10.0513018694827));
#2262=CARTESIAN_POINT('Ctrl Pts',(-2.27819412065374,-0.913483920750798,
-10.0936186657728));
#2263=CARTESIAN_POINT('Ctrl Pts',(-2.57991986600386,-0.160991398997877,
-10.1359354620629));
#2264=CARTESIAN_POINT('Ctrl Pts',(-2.47198927878456,0.755760379437052,-10.178252258353));
#2265=CARTESIAN_POINT('Ctrl Pts',(-2.00375158727523,1.41760392964448,-10.2205690546431));
#2266=CARTESIAN_POINT('Ctrl Pts',(-1.53551389576591,2.07944747985191,-10.2628858509332));
#2267=CARTESIAN_POINT('Ctrl Pts',(-0.706969099966566,2.48638280183183,-10.3052026472233));
#2268=CARTESIAN_POINT('Ctrl Pts',(0.103046296764208,2.45234638368536,-10.3475194435134));
#2269=CARTESIAN_POINT('Ctrl Pts',(0.913061693494983,2.41830996553889,-10.3898362398034));
#2270=CARTESIAN_POINT('Ctrl Pts',(1.70454769115719,1.94330180726601,-10.4321530360935));
#2271=CARTESIAN_POINT('Ctrl Pts',(2.11561222388807,1.24451044310078,-10.4744698323836));
#2272=CARTESIAN_POINT('Ctrl Pts',(2.33483303315946,0.871844848853419,-10.4970373895184));
#2273=CARTESIAN_POINT('Ctrl Pts',(2.44585850310466,0.435533266855614,-10.5196049466532));
#2274=CARTESIAN_POINT('Ctrl Pts',(2.44656351412156,-0.000443068504988421,
-10.542172503788));
#2275=CARTESIAN_POINT('Origin',(0.,0.,-16.5));
#2276=CARTESIAN_POINT('',(2.45176597505501,-0.00207817497225288,-11.4578274962121));
#2277=CARTESIAN_POINT('',(2.45215325488507,-0.00198163438373034,-11.342172503788));
#2278=CARTESIAN_POINT('',(2.4505,-3.00099698131059E-16,-16.5));
#2279=CARTESIAN_POINT('Ctrl Pts',(2.45176597505501,-0.00207817497225288,
-11.4578274962121));
#2280=CARTESIAN_POINT('Ctrl Pts',(2.44575837803155,0.663601003298255,-11.4231836464857));
#2281=CARTESIAN_POINT('Ctrl Pts',(2.16478168836832,1.33374479868685,-11.3885397967593));
#2282=CARTESIAN_POINT('Ctrl Pts',(1.68118963215544,1.78835746304418,-11.3538959470329));
#2283=CARTESIAN_POINT('Ctrl Pts',(1.0904912342614,2.3436580910181,-11.3115791507428));
#2284=CARTESIAN_POINT('Ctrl Pts',(0.197487614516962,2.57738297924619,-11.2692623544527));
#2285=CARTESIAN_POINT('Ctrl Pts',(-0.589512140465158,2.38266582447832,-11.2269455581626));
#2286=CARTESIAN_POINT('Ctrl Pts',(-1.37651189544728,2.18794866971045,-11.1846287618725));
#2287=CARTESIAN_POINT('Ctrl Pts',(-2.05750778566707,1.56478947194661,-11.1423119655824));
#2288=CARTESIAN_POINT('Ctrl Pts',(-2.3211272659581,0.798116038003647,-11.0999951692923));
#2289=CARTESIAN_POINT('Ctrl Pts',(-2.58474674624913,0.0314426040606855,
-11.0576783730022));
#2290=CARTESIAN_POINT('Ctrl Pts',(-2.43098981661139,-0.878745066061416,
-11.0153615767121));
#2291=CARTESIAN_POINT('Ctrl Pts',(-1.93015893731793,-1.51628080235307,-10.9730447804221));
#2292=CARTESIAN_POINT('Ctrl Pts',(-1.42932805802447,-2.15381653864473,-10.930727984132));
#2293=CARTESIAN_POINT('Ctrl Pts',(-0.581423229075281,-2.51870034110595,
-10.8884111878419));
#2294=CARTESIAN_POINT('Ctrl Pts',(0.225867035633302,-2.44409596315427,-10.8460943915518));
#2295=CARTESIAN_POINT('Ctrl Pts',(1.03315730034188,-2.36949158520258,-10.8037775952617));
#2296=CARTESIAN_POINT('Ctrl Pts',(1.79983300080986,-1.85539902683799,-10.7614607989716));
#2297=CARTESIAN_POINT('Ctrl Pts',(2.17534611229815,-1.13687742813466,-10.7191440026815));
#2298=CARTESIAN_POINT('Ctrl Pts',(2.35671737342498,-0.789834503355853,-10.6987051671917));
#2299=CARTESIAN_POINT('Ctrl Pts',(2.44683628688228,-0.395101358734206,-10.6782663317019));
#2300=CARTESIAN_POINT('Ctrl Pts',(2.4465090953215,-0.00022732432115688,
-10.6578274962121));
#2301=CARTESIAN_POINT('Ctrl Pts',(2.44656351412156,-0.000443068504988421,
-10.542172503788));
#2302=CARTESIAN_POINT('Ctrl Pts',(2.44718048081833,-0.381973105702563,-10.5619217429433));
#2303=CARTESIAN_POINT('Ctrl Pts',(2.36331087409802,-0.763246401404475,-10.5816709820986));
#2304=CARTESIAN_POINT('Ctrl Pts',(2.19353046165612,-1.10138342035742,-10.6014202212539));
#2305=CARTESIAN_POINT('Ctrl Pts',(1.82974109889374,-1.8259113495928,-10.643737017544));
#2306=CARTESIAN_POINT('Ctrl Pts',(1.07151930556944,-2.35239263800596,-10.6860538138341));
#2307=CARTESIAN_POINT('Ctrl Pts',(0.265547716598746,-2.44010363203301,-10.7283706101242));
#2308=CARTESIAN_POINT('Ctrl Pts',(-0.540423872371939,-2.52781462606006,
-10.7706874064143));
#2309=CARTESIAN_POINT('Ctrl Pts',(-1.39414525698902,-2.176755325701,-10.8130042027043));
#2310=CARTESIAN_POINT('Ctrl Pts',(-1.90526841282398,-1.54744098431789,-10.8553209989944));
#2311=CARTESIAN_POINT('Ctrl Pts',(-2.41639156865893,-0.91812664293477,-10.8976377952845));
#2312=CARTESIAN_POINT('Ctrl Pts',(-2.58491649571177,-0.0105572605275894,
-10.9399545915746));
#2313=CARTESIAN_POINT('Ctrl Pts',(-2.33378834502664,0.760298155639815,-10.9822713878647));
#2314=CARTESIAN_POINT('Ctrl Pts',(-2.08266019434151,1.53115357180723,-11.0245881841548));
#2315=CARTESIAN_POINT('Ctrl Pts',(-1.41187896591842,2.16529502173487,-11.0669049804449));
#2316=CARTESIAN_POINT('Ctrl Pts',(-0.628146743196602,2.37277327063987,-11.109221776735));
#2317=CARTESIAN_POINT('Ctrl Pts',(0.155585479525202,2.58025151954486,-11.1515385730251));
#2318=CARTESIAN_POINT('Ctrl Pts',(1.05226869654572,2.36106656742723,-11.1938553693151));
#2319=CARTESIAN_POINT('Ctrl Pts',(1.65191139469799,1.81543660559063,-11.2361721656052));
#2320=CARTESIAN_POINT('Ctrl Pts',(2.15259776012459,1.35984949796534,-11.2715056116661));
#2321=CARTESIAN_POINT('Ctrl Pts',(2.44619269628256,0.676670666834139,-11.3068390577271));
#2322=CARTESIAN_POINT('Ctrl Pts',(2.45215325488507,-0.00198163438373034,
-11.342172503788));
#2323=CARTESIAN_POINT('Origin',(0.,0.,-16.5));
#2324=CARTESIAN_POINT('',(2.45313209889601,0.00160593336043107,-12.2578274962121));
#2325=CARTESIAN_POINT('',(2.45279266996468,0.00176107007437305,-12.142172503788));
#2326=CARTESIAN_POINT('',(2.4505,-3.00099698131059E-16,-16.5));
#2327=CARTESIAN_POINT('Ctrl Pts',(2.45313209889601,0.00160593336043107,
-12.2578274962121));
#2328=CARTESIAN_POINT('Ctrl Pts',(2.45387355617336,0.0993247978246348,-12.2527345538496));
#2329=CARTESIAN_POINT('Ctrl Pts',(2.44853988331673,0.196962029805431,-12.2476416114872));
#2330=CARTESIAN_POINT('Ctrl Pts',(2.4368591689603,0.293833942128655,-12.2425486691247));
#2331=CARTESIAN_POINT('Ctrl Pts',(2.3398051725144,1.09873387782046,-12.2002318728346));
#2332=CARTESIAN_POINT('Ctrl Pts',(1.80456428887825,1.85079769475242,-12.1579150765446));
#2333=CARTESIAN_POINT('Ctrl Pts',(1.07586533155632,2.20615837673726,-12.1155982802545));
#2334=CARTESIAN_POINT('Ctrl Pts',(0.347166374234373,2.5615190587221,-12.0732814839644));
#2335=CARTESIAN_POINT('Ctrl Pts',(-0.574990656773358,2.52017660575979,-12.0309646876743));
#2336=CARTESIAN_POINT('Ctrl Pts',(-1.26896682661907,2.10103407583815,-11.9886478913842));
#2337=CARTESIAN_POINT('Ctrl Pts',(-1.96294299646476,1.68189154591653,-11.9463310950941));
#2338=CARTESIAN_POINT('Ctrl Pts',(-2.42873830514844,0.884948939035604,-11.904014298804));
#2339=CARTESIAN_POINT('Ctrl Pts',(-2.45337662039916,0.0745932528555224,
-11.8616975025139));
#2340=CARTESIAN_POINT('Ctrl Pts',(-2.47801493564988,-0.735762433324576,
-11.8193807062238));
#2341=CARTESIAN_POINT('Ctrl Pts',(-2.06149625746763,-1.55953119880383,-11.7770639099338));
#2342=CARTESIAN_POINT('Ctrl Pts',(-1.39426590688527,-2.02006029013744,-11.7347471136437));
#2343=CARTESIAN_POINT('Ctrl Pts',(-0.727035556302918,-2.48058938147104,
-11.6924303173536));
#2344=CARTESIAN_POINT('Ctrl Pts',(0.190906466679555,-2.57787879865898,-11.6501135210635));
#2345=CARTESIAN_POINT('Ctrl Pts',(0.939848460249903,-2.26744478800668,-11.6077967247734));
#2346=CARTESIAN_POINT('Ctrl Pts',(1.68879045382026,-1.95701077735437,-11.5654799284833));
#2347=CARTESIAN_POINT('Ctrl Pts',(2.26873241797849,-1.23885333886181,-11.5231631321932));
#2348=CARTESIAN_POINT('Ctrl Pts',(2.4145068120358,-0.441336435755647,-11.4808463359031));
#2349=CARTESIAN_POINT('Ctrl Pts',(2.44093884928853,-0.296729444734306,-11.4731733893394));
#2350=CARTESIAN_POINT('Ctrl Pts',(2.45309654227838,-0.149513312919358,-11.4655004427757));
#2351=CARTESIAN_POINT('Ctrl Pts',(2.45176597505501,-0.00207817497225288,
-11.4578274962121));
#2352=CARTESIAN_POINT('Ctrl Pts',(2.45215325488507,-0.00198163438373034,
-11.342172503788));
#2353=CARTESIAN_POINT('Ctrl Pts',(2.45333130777611,-0.136111396170118,-11.3491558540171));
#2354=CARTESIAN_POINT('Ctrl Pts',(2.44327375611565,-0.270064342165117,-11.3561392042463));
#2355=CARTESIAN_POINT('Ctrl Pts',(2.4213587851752,-0.402048452684958,-11.3631225544755));
#2356=CARTESIAN_POINT('Ctrl Pts',(2.28856129821613,-1.20182857756836,-11.4054393507656));
#2357=CARTESIAN_POINT('Ctrl Pts',(1.72036414501395,-1.92931385577958,-11.4477561470557));
#2358=CARTESIAN_POINT('Ctrl Pts',(0.976564772645473,-2.25187534505785,-11.4900729433458));
#2359=CARTESIAN_POINT('Ctrl Pts',(0.232765400276983,-2.57443683433612,-11.5323897396359));
#2360=CARTESIAN_POINT('Ctrl Pts',(-0.686636191257819,-2.49207453468142,
-11.5747065359259));
#2361=CARTESIAN_POINT('Ctrl Pts',(-1.36126093991514,-2.04244705642835,-11.617023332216));
#2362=CARTESIAN_POINT('Ctrl Pts',(-2.03588568857245,-1.59281957817529,-11.6593401285061));
#2363=CARTESIAN_POINT('Ctrl Pts',(-2.4657335943523,-0.775926921323878,-11.7016569247962));
#2364=CARTESIAN_POINT('Ctrl Pts',(-2.45426479794079,0.0347221318489541,
-11.7439737210863));
#2365=CARTESIAN_POINT('Ctrl Pts',(-2.44279600152929,0.84537118502181,-11.7862905173764));
#2366=CARTESIAN_POINT('Ctrl Pts',(-1.99001050292642,1.64977663451608,-11.8286073136665));
#2367=CARTESIAN_POINT('Ctrl Pts',(-1.30293594376586,2.08013923843921,-11.8709241099566));
#2368=CARTESIAN_POINT('Ctrl Pts',(-0.615861384605317,2.51050184236233,-11.9132409062467));
#2369=CARTESIAN_POINT('Ctrl Pts',(0.305502235112898,2.56682160071433,-11.9555577025367));
#2370=CARTESIAN_POINT('Ctrl Pts',(1.0398787529103,2.22334736469523,-11.9978744988268));
#2371=CARTESIAN_POINT('Ctrl Pts',(1.77425527070773,1.87987312867612,-12.0401912951169));
#2372=CARTESIAN_POINT('Ctrl Pts',(2.32164468658433,1.13660489828588,-12.082508091407));
#2373=CARTESIAN_POINT('Ctrl Pts',(2.43176349946983,0.33338807341859,-12.1248248876971));
#2374=CARTESIAN_POINT('Ctrl Pts',(2.44681110119299,0.223629472129356,-12.1306074263941));
#2375=CARTESIAN_POINT('Ctrl Pts',(2.45369359713872,0.112751457342478,-12.136389965091));
#2376=CARTESIAN_POINT('Ctrl Pts',(2.45279266996468,0.00176107007437305,
-12.142172503788));
#2377=CARTESIAN_POINT('Origin',(0.,0.,-16.5));
#2378=CARTESIAN_POINT('',(2.44688879639281,0.00100766855120379,-13.0578274962121));
#2379=CARTESIAN_POINT('',(2.44674081415911,0.000807817999659594,-12.942172503788));
#2380=CARTESIAN_POINT('',(2.4505,-3.00099698131059E-16,-16.5));
#2381=CARTESIAN_POINT('Ctrl Pts',(2.44688879639281,0.00100766855120379,
-13.0578274962121));
#2382=CARTESIAN_POINT('Ctrl Pts',(2.44816731110855,0.345902859251105,-13.0399686649235));
#2383=CARTESIAN_POINT('Ctrl Pts',(2.38015771304824,0.690316520177438,-13.0221098336349));
#2384=CARTESIAN_POINT('Ctrl Pts',(2.24039607444037,1.00261978063718,-13.0042510023463));
#2385=CARTESIAN_POINT('Ctrl Pts',(1.90922855879665,1.74262752470826,-12.9619342060562));
#2386=CARTESIAN_POINT('Ctrl Pts',(1.1752014136606,2.30234793567907,-12.9196174097662));
#2387=CARTESIAN_POINT('Ctrl Pts',(0.373934726737159,2.42585939721014,-12.8773006134761));
#2388=CARTESIAN_POINT('Ctrl Pts',(-0.427331960186292,2.54937085874121,-12.834983817186));
#2389=CARTESIAN_POINT('Ctrl Pts',(-1.29583818889714,2.23667337083253,-12.7926670208959));
#2390=CARTESIAN_POINT('Ctrl Pts',(-1.83447584345753,1.63074197059607,-12.7503502246058));
#2391=CARTESIAN_POINT('Ctrl Pts',(-2.3731134980179,1.02481057035962,-12.7080334283157));
#2392=CARTESIAN_POINT('Ctrl Pts',(-2.58188257842782,0.125645257795433,-12.6657166320256));
#2393=CARTESIAN_POINT('Ctrl Pts',(-2.36532735455313,-0.655627562489126,
-12.6233998357355));
#2394=CARTESIAN_POINT('Ctrl Pts',(-2.14877213067845,-1.43690038277367,-12.5810830394454));
#2395=CARTESIAN_POINT('Ctrl Pts',(-1.50689260251916,-2.10028071077858,-12.5387662431554));
#2396=CARTESIAN_POINT('Ctrl Pts',(-0.733176095393308,-2.34245038539487,
-12.4964494468653));
#2397=CARTESIAN_POINT('Ctrl Pts',(0.0405404117325536,-2.58462006001117,
-12.4541326505752));
#2398=CARTESIAN_POINT('Ctrl Pts',(0.946093897824992,-2.40557908123883,-12.4118158542851));
#2399=CARTESIAN_POINT('Ctrl Pts',(1.5694370862434,-1.88719056462684,-12.369499057995));
#2400=CARTESIAN_POINT('Ctrl Pts',(2.11775921425653,-1.43119152613978,-12.3322752040673));
#2401=CARTESIAN_POINT('Ctrl Pts',(2.44771285488706,-0.712612386409722,-12.2950513501397));
#2402=CARTESIAN_POINT('Ctrl Pts',(2.45313209889601,0.00160593336043107,
-12.2578274962121));
#2403=CARTESIAN_POINT('Ctrl Pts',(2.45279266996468,0.00176107007437305,
-12.142172503788));
#2404=CARTESIAN_POINT('Ctrl Pts',(2.44710058432992,-0.699479615257898,-12.1787067613811));
#2405=CARTESIAN_POINT('Ctrl Pts',(2.130713603589,-1.40520593059242,-12.2152410189742));
#2406=CARTESIAN_POINT('Ctrl Pts',(1.59989212371741,-1.86144205317235,-12.2517752765674));
#2407=CARTESIAN_POINT('Ctrl Pts',(0.98505372518504,-2.38988993555179,-12.2940920728575));
#2408=CARTESIAN_POINT('Ctrl Pts',(0.0825287182258774,-2.58362028096635,
-12.3364088691475));
#2409=CARTESIAN_POINT('Ctrl Pts',(-0.695020335565895,-2.35405353762428,
-12.3787256654376));
#2410=CARTESIAN_POINT('Ctrl Pts',(-1.47256938935766,-2.1244867942822,-12.4210424617277));
#2411=CARTESIAN_POINT('Ctrl Pts',(-2.12514248998202,-1.47162296218348,-12.4633592580178));
#2412=CARTESIAN_POINT('Ctrl Pts',(-2.35436287751024,-0.693971732747967,
-12.5056760543079));
#2413=CARTESIAN_POINT('Ctrl Pts',(-2.58358326503846,0.0836794966875543,
-12.547992850598));
#2414=CARTESIAN_POINT('Ctrl Pts',(-2.38945093947054,0.98611812345986,-12.5903096468881));
#2415=CARTESIAN_POINT('Ctrl Pts',(-1.86072925045262,1.60072108168835,-12.6326264431782));
#2416=CARTESIAN_POINT('Ctrl Pts',(-1.33200756143471,2.21532403991682,-12.6749432394682));
#2417=CARTESIAN_POINT('Ctrl Pts',(-0.468696508966792,2.54209132960148,-12.7172600357583));
#2418=CARTESIAN_POINT('Ctrl Pts',(0.334471187506228,2.43161476175394,-12.7595768320484));
#2419=CARTESIAN_POINT('Ctrl Pts',(1.13763888397926,2.32113819390641,-12.8018936283385));
#2420=CARTESIAN_POINT('Ctrl Pts',(1.88066322445739,1.77341776852669,-12.8442104246286));
#2421=CARTESIAN_POINT('Ctrl Pts',(2.22381032311554,1.03888833454623,-12.8865272209187));
#2422=CARTESIAN_POINT('Ctrl Pts',(2.3742196092983,0.716927145664705,-12.9050756485418));
#2423=CARTESIAN_POINT('Ctrl Pts',(2.44780163881772,0.359074882848901,-12.9236240761649));
#2424=CARTESIAN_POINT('Ctrl Pts',(2.44674081415911,0.000807817999659594,
-12.942172503788));
#2425=CARTESIAN_POINT('Origin',(0.,0.,-16.5));
#2426=CARTESIAN_POINT('',(2.44945422345204,-0.00218242379918326,-13.8578274962121));
#2427=CARTESIAN_POINT('',(2.449839635983,-0.00221984748874022,-13.742172503788));
#2428=CARTESIAN_POINT('',(2.4505,-3.00099698131059E-16,-16.5));
#2429=CARTESIAN_POINT('Ctrl Pts',(2.44945422345204,-0.00218242379918326,
-13.8578274962121));
#2430=CARTESIAN_POINT('Ctrl Pts',(2.44436014589833,0.587692421236306,-13.8272027759974));
#2431=CARTESIAN_POINT('Ctrl Pts',(2.23033274853351,1.18088304546326,-13.7965780557826));
#2432=CARTESIAN_POINT('Ctrl Pts',(1.84275874519756,1.62137632950856,-13.7659533355679));
#2433=CARTESIAN_POINT('Ctrl Pts',(1.30721458245858,2.23004359038186,-13.7236365392778));
#2434=CARTESIAN_POINT('Ctrl Pts',(0.44031244520632,2.54716103342368,-13.6813197429878));
#2435=CARTESIAN_POINT('Ctrl Pts',(-0.3615729912299,2.4277326802813,-13.6390029466977));
#2436=CARTESIAN_POINT('Ctrl Pts',(-1.16345842766612,2.30830432713892,-13.5966861504076));
#2437=CARTESIAN_POINT('Ctrl Pts',(-1.90032716328631,1.75233017781233,-13.5543693541175));
#2438=CARTESIAN_POINT('Ctrl Pts',(-2.23525984665416,1.01401894105996,-13.5120525578274));
#2439=CARTESIAN_POINT('Ctrl Pts',(-2.57019253002202,0.275707704307586,-13.4697357615373));
#2440=CARTESIAN_POINT('Ctrl Pts',(-2.50318916113756,-0.644940619870569,
-13.4274189652472));
#2441=CARTESIAN_POINT('Ctrl Pts',(-2.06488576850535,-1.32697692441008,-13.3851021689571));
#2442=CARTESIAN_POINT('Ctrl Pts',(-1.62658237587315,-2.00901322894959,-13.3427853726671));
#2443=CARTESIAN_POINT('Ctrl Pts',(-0.816978959493205,-2.45243751385045,
-13.300468576377));
#2444=CARTESIAN_POINT('Ctrl Pts',(-0.00625143371987692,-2.45450237613843,
-13.2581517800869));
#2445=CARTESIAN_POINT('Ctrl Pts',(0.804476092053451,-2.45656723842641,-13.2158349837968));
#2446=CARTESIAN_POINT('Ctrl Pts',(1.61632772722017,-2.01727267810152,-13.1735181875067));
#2447=CARTESIAN_POINT('Ctrl Pts',(2.05809960172782,-1.33747785935339,-13.1312013912166));
#2448=CARTESIAN_POINT('Ctrl Pts',(2.31343181003802,-0.944574819832758,-13.1067434262151));
#2449=CARTESIAN_POINT('Ctrl Pts',(2.44513784933105,-0.471332002898863,-13.0822854612136));
#2450=CARTESIAN_POINT('Ctrl Pts',(2.44688879639281,0.00100766855120379,
-13.0578274962121));
#2451=CARTESIAN_POINT('Ctrl Pts',(2.44674081415911,0.000807817999659594,
-12.942172503788));
#2452=CARTESIAN_POINT('Ctrl Pts',(2.44538144979199,-0.458283585952091,-12.965940872455));
#2453=CARTESIAN_POINT('Ctrl Pts',(2.32145530217009,-0.918056112718429,-12.989709241122));
#2454=CARTESIAN_POINT('Ctrl Pts',(2.07955868315527,-1.30386234249058,-13.013477609789));
#2455=CARTESIAN_POINT('Ctrl Pts',(1.64889008769867,-1.99074514296575,-13.0557944060791));
#2456=CARTESIAN_POINT('Ctrl Pts',(0.844283039947327,-2.44317230133488,-13.0981112023691));
#2457=CARTESIAN_POINT('Ctrl Pts',(0.0336289587999887,-2.45428002028732,
-13.1404279986592));
#2458=CARTESIAN_POINT('Ctrl Pts',(-0.777025122347349,-2.46538773923976,
-13.1827447949493));
#2459=CARTESIAN_POINT('Ctrl Pts',(-1.59372623689067,-2.03517601877552,-13.2250615912394));
#2460=CARTESIAN_POINT('Ctrl Pts',(-2.04305318166596,-1.36035106562096,-13.2673783875295));
#2461=CARTESIAN_POINT('Ctrl Pts',(-2.49238012644126,-0.685526112466396,
-13.3096951838196));
#2462=CARTESIAN_POINT('Ctrl Pts',(-2.57433290144854,0.23391207337851,-13.3520119801097));
#2463=CARTESIAN_POINT('Ctrl Pts',(-2.25144014378538,0.977567697810843,-13.3943287763998));
#2464=CARTESIAN_POINT('Ctrl Pts',(-1.92854738612222,1.72122332224316,-13.4366455726899));
#2465=CARTESIAN_POINT('Ctrl Pts',(-1.20080909578866,2.28909638526294,-13.47896236898));
#2466=CARTESIAN_POINT('Ctrl Pts',(-0.400969900073255,2.4215376239255,-13.52127916527));
#2467=CARTESIAN_POINT('Ctrl Pts',(0.398869295642175,2.55397886258806,-13.5635959615601));
#2468=CARTESIAN_POINT('Ctrl Pts',(1.27080939673945,2.25098827689337,-13.6059127578502));
#2469=CARTESIAN_POINT('Ctrl Pts',(1.81617221380436,1.65110260573244,-13.6482295541403));
#2470=CARTESIAN_POINT('Ctrl Pts',(2.21973924592736,1.20718880679313,-13.6795438706895));
#2471=CARTESIAN_POINT('Ctrl Pts',(2.44447384461205,0.600696429349431,-13.7108581872387));
#2472=CARTESIAN_POINT('Ctrl Pts',(2.449839635983,-0.00221984748874022,-13.742172503788));
#2473=CARTESIAN_POINT('Origin',(0.,0.,-16.5));
#2474=CARTESIAN_POINT('',(2.45443694254531,0.000381334665047282,-14.6578274962121));
#2475=CARTESIAN_POINT('',(2.45431815176072,0.00062004132274144,-14.542172503788));
#2476=CARTESIAN_POINT('',(2.4505,-3.00099698131059E-16,-16.5));
#2477=CARTESIAN_POINT('Ctrl Pts',(2.45443694254531,0.000381334665047282,
-14.6578274962121));
#2478=CARTESIAN_POINT('Ctrl Pts',(2.45448156144332,0.0209557316612383,-14.6567536833613));
#2479=CARTESIAN_POINT('Ctrl Pts',(2.4542452135577,0.0415290773335538,-14.6556798705105));
#2480=CARTESIAN_POINT('Ctrl Pts',(2.45372475573566,0.062095233172247,-14.6546060576598));
#2481=CARTESIAN_POINT('Ctrl Pts',(2.43321456383629,0.872565909218618,-14.6122892613697));
#2482=CARTESIAN_POINT('Ctrl Pts',(1.97148477811188,1.67187085304719,-14.5699724650796));
#2483=CARTESIAN_POINT('Ctrl Pts',(1.27965264702886,2.09454293291992,-14.5276556687895));
#2484=CARTESIAN_POINT('Ctrl Pts',(0.587820515945835,2.51721501279266,-14.4853388724995));
#2485=CARTESIAN_POINT('Ctrl Pts',(-0.334113960495795,2.56325422870955,-14.4430220762094));
#2486=CARTESIAN_POINT('Ctrl Pts',(-1.06461360633205,2.21161001627896,-14.4007052799193));
#2487=CARTESIAN_POINT('Ctrl Pts',(-1.79511325216829,1.85996580384838,-14.3583884836292));
#2488=CARTESIAN_POINT('Ctrl Pts',(-2.33417806739916,1.11063816307034,-14.3160716873391));
#2489=CARTESIAN_POINT('Ctrl Pts',(-2.43533081781709,0.306243045117923,-14.273754891049));
#2490=CARTESIAN_POINT('Ctrl Pts',(-2.53648356823502,-0.498152072834493,
-14.2314380947589));
#2491=CARTESIAN_POINT('Ctrl Pts',(-2.19972425383999,-1.35761466796128,-14.1891212984688));
#2492=CARTESIAN_POINT('Ctrl Pts',(-1.57902972873291,-1.87917165545631,-14.1468045021787));
#2493=CARTESIAN_POINT('Ctrl Pts',(-0.958335203625835,-2.40072864295134,
-14.1044877058886));
#2494=CARTESIAN_POINT('Ctrl Pts',(-0.0537054678066981,-2.5843800228146,
-14.0621709095986));
#2495=CARTESIAN_POINT('Ctrl Pts',(0.721234569498791,-2.34615466042899,-14.0198541133085));
#2496=CARTESIAN_POINT('Ctrl Pts',(1.4961746068043,-2.10792929804336,-13.9775373170184));
#2497=CARTESIAN_POINT('Ctrl Pts',(2.14142494559615,-1.44782719340883,-13.9352205207283));
#2498=CARTESIAN_POINT('Ctrl Pts',(2.36195702087922,-0.667667601739168,-13.8929037244382));
#2499=CARTESIAN_POINT('Ctrl Pts',(2.42288974800712,-0.452110515748796,-13.8812116483628));
#2500=CARTESIAN_POINT('Ctrl Pts',(2.45139906872325,-0.227388124120854,-13.8695195722874));
#2501=CARTESIAN_POINT('Ctrl Pts',(2.44945422345204,-0.00218242379918326,
-13.8578274962121));
#2502=CARTESIAN_POINT('Ctrl Pts',(2.449839635983,-0.00221984748874022,-13.742172503788));
#2503=CARTESIAN_POINT('Ctrl Pts',(2.45172494013006,-0.214058228534822,-13.7531749835288));
#2504=CARTESIAN_POINT('Ctrl Pts',(2.42652890399115,-0.425455135706014,-13.7641774632697));
#2505=CARTESIAN_POINT('Ctrl Pts',(2.37249324845251,-0.629203552833863,-13.7751799430106));
#2506=CARTESIAN_POINT('Ctrl Pts',(2.1646659330032,-1.41284328361219,-13.8174967393007));
#2507=CARTESIAN_POINT('Ctrl Pts',(1.53022576907199,-2.08334198854167,-13.8598135355908));
#2508=CARTESIAN_POINT('Ctrl Pts',(0.75925857279401,-2.33412676272954,-13.9021303318808));
#2509=CARTESIAN_POINT('Ctrl Pts',(-0.0117086234839435,-2.58491153691742,
-13.9444471281709));
#2510=CARTESIAN_POINT('Ctrl Pts',(-0.91920285210863,-2.41598238036373,-13.986763924461));
#2511=CARTESIAN_POINT('Ctrl Pts',(-1.54828946846789,-1.90457896835047,-14.0290807207511));
#2512=CARTESIAN_POINT('Ctrl Pts',(-2.17737608482715,-1.39317555633719,-14.0713975170412));
#2513=CARTESIAN_POINT('Ctrl Pts',(-2.52805508892096,-0.539297888864313,
-14.1137143133313));
#2514=CARTESIAN_POINT('Ctrl Pts',(-2.43998511069216,0.266634552247192,-14.1560311096214));
#2515=CARTESIAN_POINT('Ctrl Pts',(-2.35191513246336,1.07256699335867,-14.1983479059115));
#2516=CARTESIAN_POINT('Ctrl Pts',(-1.82509617191199,1.8305542081088,-14.2406647022016));
#2517=CARTESIAN_POINT('Ctrl Pts',(-1.10040627682754,2.19402081821711,-14.2829814984916));
#2518=CARTESIAN_POINT('Ctrl Pts',(-0.375716381743066,2.55748742832542,-14.3252982947817));
#2519=CARTESIAN_POINT('Ctrl Pts',(0.546844447874469,2.5264334337919,-14.3676150910718));
#2520=CARTESIAN_POINT('Ctrl Pts',(1.24545264786797,2.11505768875701,-14.4099318873619));
#2521=CARTESIAN_POINT('Ctrl Pts',(1.94406084786146,1.70368194372213,-14.452248683652));
#2522=CARTESIAN_POINT('Ctrl Pts',(2.41871641823091,0.911984448185878,-14.4945654799421));
#2523=CARTESIAN_POINT('Ctrl Pts',(2.45239203892058,0.101953971430641,-14.5368822762322));
#2524=CARTESIAN_POINT('Ctrl Pts',(2.45379535637487,0.0681986943708775,-14.5386456854174));
#2525=CARTESIAN_POINT('Ctrl Pts',(2.45443290183514,0.0344115816605479,-14.5404090946027));
#2526=CARTESIAN_POINT('Ctrl Pts',(2.45431815176072,0.00062004132274144,
-14.542172503788));
#2527=CARTESIAN_POINT('Origin',(0.,0.,-16.5));
#2528=CARTESIAN_POINT('',(2.44834854911038,0.00193002753816313,-15.4578274962121));
#2529=CARTESIAN_POINT('',(2.44803398394589,0.00180892749172732,-15.342172503788));
#2530=CARTESIAN_POINT('',(2.4505,-3.00099698131059E-16,-16.5));
#2531=CARTESIAN_POINT('Ctrl Pts',(2.44834854911038,0.00193002753816313,
-15.4578274962121));
#2532=CARTESIAN_POINT('Ctrl Pts',(2.45031847933322,0.268806678893876,-15.4439877944352));
#2533=CARTESIAN_POINT('Ctrl Pts',(2.41010097622916,0.535105936797934,-15.4301480926583));
#2534=CARTESIAN_POINT('Ctrl Pts',(2.32516260982359,0.786282285678061,-15.4163083908814));
#2535=CARTESIAN_POINT('Ctrl Pts',(2.06545184391671,1.55428860256281,-15.3739915945913));
#2536=CARTESIAN_POINT('Ctrl Pts',(1.38763904766373,2.1809085842819,-15.3316747983012));
#2537=CARTESIAN_POINT('Ctrl Pts',(0.601641356464038,2.37963204573414,-15.2893580020111));
#2538=CARTESIAN_POINT('Ctrl Pts',(-0.184356334735644,2.57835550718639,-15.2470412057211));
#2539=CARTESIAN_POINT('Ctrl Pts',(-1.07853892088207,2.34918244837179,-15.204724409431));
#2540=CARTESIAN_POINT('Ctrl Pts',(-1.67205825517939,1.79689793426873,-15.1624076131409));
#2541=CARTESIAN_POINT('Ctrl Pts',(-2.26557758947671,1.24461342016565,-15.1200908168508));
#2542=CARTESIAN_POINT('Ctrl Pts',(-2.55843367192496,0.369217450774104,-15.0777740205607));
#2543=CARTESIAN_POINT('Ctrl Pts',(-2.4167235743729,-0.429031653800778,-15.0354572242706));
#2544=CARTESIAN_POINT('Ctrl Pts',(-2.27501347682084,-1.22728075837566,-14.9931404279805));
#2545=CARTESIAN_POINT('Ctrl Pts',(-1.69873719926847,-1.94838299813386,-14.9508236316904));
#2546=CARTESIAN_POINT('Ctrl Pts',(-0.951386216242323,-2.26262795493136,
-14.9085068354003));
#2547=CARTESIAN_POINT('Ctrl Pts',(-0.204035233216174,-2.57687291172886,
-14.8661900391102));
#2548=CARTESIAN_POINT('Ctrl Pts',(0.714390455283742,-2.48426058556566,-14.8238732428202));
#2549=CARTESIAN_POINT('Ctrl Pts',(1.38395800049655,-2.02713621835198,-14.7815564465301));
#2550=CARTESIAN_POINT('Ctrl Pts',(2.03653488721131,-1.58161164277991,-14.7403134630907));
#2551=CARTESIAN_POINT('Ctrl Pts',(2.45272322076347,-0.789839711762229,-14.6990704796514));
#2552=CARTESIAN_POINT('Ctrl Pts',(2.45443694254531,0.000381334665047282,
-14.6578274962121));
#2553=CARTESIAN_POINT('Ctrl Pts',(2.45431815176072,0.00062004132274144,
-14.542172503788));
#2554=CARTESIAN_POINT('Ctrl Pts',(2.45167922698527,-0.776489110449452,-14.5827258908928));
#2555=CARTESIAN_POINT('Ctrl Pts',(2.05117455358372,-1.55593989691134,-14.6232792779976));
#2556=CARTESIAN_POINT('Ctrl Pts',(1.41671128535485,-2.00438281243871,-14.6638326651024));
#2557=CARTESIAN_POINT('Ctrl Pts',(0.754659240089532,-2.47232566157862,-14.7061494613925));
#2558=CARTESIAN_POINT('Ctrl Pts',(-0.162140521451032,-2.57984790188419,
-14.7484662576826));
#2559=CARTESIAN_POINT('Ctrl Pts',(-0.914498574985934,-2.27778701401167,
-14.7907830539727));
#2560=CARTESIAN_POINT('Ctrl Pts',(-1.66685662852084,-1.97572612613915,-14.8330998502628));
#2561=CARTESIAN_POINT('Ctrl Pts',(-2.2547729740501,-1.26408211008856,-14.8754166465529));
#2562=CARTESIAN_POINT('Ctrl Pts',(-2.4094339351897,-0.468240789346453,-14.917733442843));
#2563=CARTESIAN_POINT('Ctrl Pts',(-2.5640948963293,0.327600531395653,-14.9600502391331));
#2564=CARTESIAN_POINT('Ctrl Pts',(-2.28550047307923,1.20763915682925,-15.0023670354232));
#2565=CARTESIAN_POINT('Ctrl Pts',(-1.70103271852142,1.76949399981213,-15.0446838317133));
#2566=CARTESIAN_POINT('Ctrl Pts',(-1.11656496396361,2.33134884279501,-15.0870006280033));
#2567=CARTESIAN_POINT('Ctrl Pts',(-0.226223878098027,2.57501990332715,-15.1293174242934));
#2568=CARTESIAN_POINT('Ctrl Pts',(0.562898845933433,2.38909317819509,-15.1716342205835));
#2569=CARTESIAN_POINT('Ctrl Pts',(1.35202156996488,2.20316645306303,-15.2139510168736));
#2570=CARTESIAN_POINT('Ctrl Pts',(2.03992593216223,1.58764194226681,-15.2562678131637));
#2571=CARTESIAN_POINT('Ctrl Pts',(2.31208061865904,0.823956635796291,-15.2985846094538));
#2572=CARTESIAN_POINT('Ctrl Pts',(2.40552381188707,0.561748424074871,-15.3131139075652));
#2573=CARTESIAN_POINT('Ctrl Pts',(2.44995577228711,0.282074069438161,-15.3276432056766));
#2574=CARTESIAN_POINT('Ctrl Pts',(2.44803398394589,0.00180892749172732,
-15.342172503788));
#2575=CARTESIAN_POINT('Origin',(0.,0.,-16.5));
#2576=CARTESIAN_POINT('',(2.44755165653444,-0.00156183380816161,-16.2578274962121));
#2577=CARTESIAN_POINT('',(2.44782389995223,-0.00171177912930846,-16.142172503788));
#2578=CARTESIAN_POINT('',(2.4505,-3.00099698131059E-16,-16.5));
#2579=CARTESIAN_POINT('Ctrl Pts',(2.44755165653444,-0.00156183380816161,
-16.2578274962121));
#2580=CARTESIAN_POINT('Ctrl Pts',(2.44455114459006,0.511904964249887,-16.231221905509));
#2581=CARTESIAN_POINT('Ctrl Pts',(2.28683014505926,1.02705845848378,-16.204616314806));
#2582=CARTESIAN_POINT('Ctrl Pts',(1.98781469876312,1.43986586815372,-16.178010724103));
#2583=CARTESIAN_POINT('Ctrl Pts',(1.51222384006929,2.09644542908268,-16.1356939278129));
#2584=CARTESIAN_POINT('Ctrl Pts',(0.679191588677444,2.49411370339553,-16.0933771315228));
#2585=CARTESIAN_POINT('Ctrl Pts',(-0.130393747499278,2.45104436220682,-16.0510603352328));
#2586=CARTESIAN_POINT('Ctrl Pts',(-0.939979083676,2.40797502101811,-16.0087435389427));
#2587=CARTESIAN_POINT('Ctrl Pts',(-1.72611750463762,1.92416806432785,-15.9664267426526));
#2588=CARTESIAN_POINT('Ctrl Pts',(-2.12936202325334,1.22083511123296,-15.9241099463625));
#2589=CARTESIAN_POINT('Ctrl Pts',(-2.53260654186907,0.51750215813806,-15.8817931500724));
#2590=CARTESIAN_POINT('Ctrl Pts',(-2.55295715813892,-0.405356791361441,
-15.8394763537823));
#2591=CARTESIAN_POINT('Ctrl Pts',(-2.18110893604982,-1.12578186340711,-15.7971595574922));
#2592=CARTESIAN_POINT('Ctrl Pts',(-1.80926071396073,-1.84620693545276,-15.7548427612021));
#2593=CARTESIAN_POINT('Ctrl Pts',(-1.0452136535127,-2.36419813004456,-15.712525964912));
#2594=CARTESIAN_POINT('Ctrl Pts',(-0.238313883302566,-2.44291372911898,
-15.6702091686219));
#2595=CARTESIAN_POINT('Ctrl Pts',(0.568585886907576,-2.5216293281934,-15.6278923723319));
#2596=CARTESIAN_POINT('Ctrl Pts',(1.41833836687983,-2.16106933175043,-15.5855755760418));
#2597=CARTESIAN_POINT('Ctrl Pts',(1.92241023908555,-1.52609300750374,-15.5432587797517));
#2598=CARTESIAN_POINT('Ctrl Pts',(2.26162548231538,-1.09878559332091,-15.5147816852385));
#2599=CARTESIAN_POINT('Ctrl Pts',(2.4442951460787,-0.54720547744195,-15.4863045907253));
#2600=CARTESIAN_POINT('Ctrl Pts',(2.44834854911038,0.00193002753816313,
-15.4578274962121));
#2601=CARTESIAN_POINT('Ctrl Pts',(2.44803398394589,0.00180892749172732,
-15.342172503788));
#2602=CARTESIAN_POINT('Ctrl Pts',(2.44435853523377,-0.534202314185431,-15.3699600019667));
#2603=CARTESIAN_POINT('Ctrl Pts',(2.27113437744392,-1.07237448628187,-15.3977475001454));
#2604=CARTESIAN_POINT('Ctrl Pts',(1.94695175544381,-1.49465721382054,-15.425534998324));
#2605=CARTESIAN_POINT('Ctrl Pts',(1.45326319493551,-2.137739654822,-15.4678517946141));
#2606=CARTESIAN_POINT('Ctrl Pts',(0.609481063122678,-2.51205843468011,-15.5101685909042));
#2607=CARTESIAN_POINT('Ctrl Pts',(-0.198591151718546,-2.44646334109273,
-15.5524853871943));
#2608=CARTESIAN_POINT('Ctrl Pts',(-1.00666336655979,-2.38086824750535,-15.5948021834844));
#2609=CARTESIAN_POINT('Ctrl Pts',(-1.77902566442943,-1.87535928047244,-15.6371189797745));
#2610=CARTESIAN_POINT('Ctrl Pts',(-2.16252993102583,-1.16107089459211,-15.6794357760646));
#2611=CARTESIAN_POINT('Ctrl Pts',(-2.54603419762222,-0.446782508711795,
-15.7217525723547));
#2612=CARTESIAN_POINT('Ctrl Pts',(-2.54068043294541,0.476285296015931,-15.7640693686448));
#2613=CARTESIAN_POINT('Ctrl Pts',(-2.14891654506294,1.186077150613,-15.8063861649349));
#2614=CARTESIAN_POINT('Ctrl Pts',(-1.75715265718047,1.89586900521009,-15.8487029612249));
#2615=CARTESIAN_POINT('Ctrl Pts',(-0.978978646092331,2.39238490967651,-15.891019757515));
#2616=CARTESIAN_POINT('Ctrl Pts',(-0.170199922513545,2.44860231790054,-15.9333365538051));
#2617=CARTESIAN_POINT('Ctrl Pts',(0.638578801065241,2.50481972612456,-15.9756533500952));
#2618=CARTESIAN_POINT('Ctrl Pts',(1.47796223713468,2.12073863810619,-16.0179701463853));
#2619=CARTESIAN_POINT('Ctrl Pts',(1.96415811820379,1.471972897694,-16.0602869426754));
#2620=CARTESIAN_POINT('Ctrl Pts',(2.2777642669227,1.05350591104644,-16.0875821297129));
#2621=CARTESIAN_POINT('Ctrl Pts',(2.44442637430578,0.524916605671404,-16.1148773167504));
#2622=CARTESIAN_POINT('Ctrl Pts',(2.44782389995223,-0.00171177912930846,
-16.142172503788));
#2623=CARTESIAN_POINT('Origin',(0.,0.,-16.5));
#2624=CARTESIAN_POINT('',(2.4540010050287,-0.00100766978247319,-17.0578274962121));
#2625=CARTESIAN_POINT('',(2.45420243120605,-0.000785379652146948,-16.942172503788));
#2626=CARTESIAN_POINT('',(2.4505,-3.00099698131059E-16,-16.5));
#2627=CARTESIAN_POINT('Ctrl Pts',(2.4540010050287,-0.00100766978247319,
-17.0578274962121));
#2628=CARTESIAN_POINT('Ctrl Pts',(2.45007211005105,0.753712662455968,-17.0184560165829));
#2629=CARTESIAN_POINT('Ctrl Pts',(2.07558344874845,1.5118022061929,-16.9790845369538));
#2630=CARTESIAN_POINT('Ctrl Pts',(1.47197285738521,1.96415806441691,-16.9397130573246));
#2631=CARTESIAN_POINT('Ctrl Pts',(0.823207134738947,2.45035393217193,-16.8973962610345));
#2632=CARTESIAN_POINT('Ctrl Pts',(-0.0902432330529664,2.58336225459839,
-16.8550794647444));
#2633=CARTESIAN_POINT('Ctrl Pts',(-0.850720268919943,2.30236748129866,-16.8127626684544));
#2634=CARTESIAN_POINT('Ctrl Pts',(-1.61119730478694,2.02137270799892,-16.7704458721643));
#2635=CARTESIAN_POINT('Ctrl Pts',(-2.21870100872899,1.32637483897295,-16.7281290758742));
#2636=CARTESIAN_POINT('Ctrl Pts',(-2.39546175362922,0.535148560488004,-16.6858122795841));
#2637=CARTESIAN_POINT('Ctrl Pts',(-2.57222249852945,-0.256077717996947,
-16.643495483294));
#2638=CARTESIAN_POINT('Ctrl Pts',(-2.31824028438785,-1.14353240594088,-16.6011786870039));
#2639=CARTESIAN_POINT('Ctrl Pts',(-1.74964369520917,-1.72144356129022,-16.5588618907138));
#2640=CARTESIAN_POINT('Ctrl Pts',(-1.18104710603052,-2.29935471663953,-16.5165450944237));
#2641=CARTESIAN_POINT('Ctrl Pts',(-0.297836141814819,-2.56772233939427,
-16.4742282981336));
#2642=CARTESIAN_POINT('Ctrl Pts',(0.496157618134308,-2.40384038839105,-16.4319115018435));
#2643=CARTESIAN_POINT('Ctrl Pts',(1.29015137808346,-2.23995843738783,-16.3895947055535));
#2644=CARTESIAN_POINT('Ctrl Pts',(1.99492793376603,-1.64382691262662,-16.3472779092634));
#2645=CARTESIAN_POINT('Ctrl Pts',(2.2882414786094,-0.888015726473476,-16.3049611129733));
#2646=CARTESIAN_POINT('Ctrl Pts',(2.3971417217402,-0.607401266691163,-16.2892499073862));
#2647=CARTESIAN_POINT('Ctrl Pts',(2.44932352698643,-0.304775640127132,-16.2735387017991));
#2648=CARTESIAN_POINT('Ctrl Pts',(2.44755165653444,-0.00156183380816161,
-16.2578274962121));
#2649=CARTESIAN_POINT('Ctrl Pts',(2.44782389995223,-0.00171177912930846,
-16.142172503788));
#2650=CARTESIAN_POINT('Ctrl Pts',(2.44969369123141,-0.29153598172245,-16.1571941130405));
#2651=CARTESIAN_POINT('Ctrl Pts',(2.40211502459523,-0.580766274127213,-16.1722157222931));
#2652=CARTESIAN_POINT('Ctrl Pts',(2.30236754434713,-0.850720292216231,-16.1872373315456));
#2653=CARTESIAN_POINT('Ctrl Pts',(2.02137276335257,-1.61119734890828,-16.2295541278357));
#2654=CARTESIAN_POINT('Ctrl Pts',(1.32637487529466,-2.21870106948633,-16.2718709241258));
#2655=CARTESIAN_POINT('Ctrl Pts',(0.535148575142613,-2.395461819227,-16.3141877204159));
#2656=CARTESIAN_POINT('Ctrl Pts',(-0.25607772500942,-2.57222256896768,-16.356504516706));
#2657=CARTESIAN_POINT('Ctrl Pts',(-1.14353243725557,-2.31824034787099,-16.3988213129961));
#2658=CARTESIAN_POINT('Ctrl Pts',(-1.72144360843054,-1.74964374312177,-16.4411381092862));
#2659=CARTESIAN_POINT('Ctrl Pts',(-2.2993547796055,-1.18104713837255,-16.4834549055763));
#2660=CARTESIAN_POINT('Ctrl Pts',(-2.56772240970928,-0.297836149970805,
-16.5257717018664));
#2661=CARTESIAN_POINT('Ctrl Pts',(-2.40384045421827,0.496157631721218,-16.5680884981565));
#2662=CARTESIAN_POINT('Ctrl Pts',(-2.23995849872726,1.29015141341323,-16.6104052944466));
#2663=CARTESIAN_POINT('Ctrl Pts',(-1.64382695764145,1.99492798839554,-16.6527220907366));
#2664=CARTESIAN_POINT('Ctrl Pts',(-0.888015750791034,2.28824154127106,-16.6950388870267));
#2665=CARTESIAN_POINT('Ctrl Pts',(-0.132204543940604,2.58155509414657,-16.7373556833168));
#2666=CARTESIAN_POINT('Ctrl Pts',(0.783286328674449,2.46340562491531,-16.7796724796069));
#2667=CARTESIAN_POINT('Ctrl Pts',(1.43986590758331,1.98781475319779,-16.821989275897));
#2668=CARTESIAN_POINT('Ctrl Pts',(2.06144614741393,1.53757551701152,-16.8620503518607));
#2669=CARTESIAN_POINT('Ctrl Pts',(2.45098222228743,0.766986439867197,-16.9021114278243));
#2670=CARTESIAN_POINT('Ctrl Pts',(2.45420243120605,-0.000785379652146948,
-16.942172503788));
#2671=CARTESIAN_POINT('Origin',(0.,0.,-16.5));
#2672=CARTESIAN_POINT('',(2.45051972148872,0.00223140118184806,-17.8578274962121));
#2673=CARTESIAN_POINT('',(2.45012062829845,0.00223283346623548,-17.742172503788));
#2674=CARTESIAN_POINT('',(2.4505,-3.00099698131059E-16,-16.5));
#2675=CARTESIAN_POINT('Ctrl Pts',(2.45051972148872,0.00223140118184806,
-17.8578274962121));
#2676=CARTESIAN_POINT('Ctrl Pts',(2.45225297653787,0.191179801047538,-17.8480069239469));
#2677=CARTESIAN_POINT('Ctrl Pts',(2.43224162471652,0.379765011216628,-17.8381863516817));
#2678=CARTESIAN_POINT('Ctrl Pts',(2.38909311277172,0.562898830518868,-17.8283657794165));
#2679=CARTESIAN_POINT('Ctrl Pts',(2.20316639273112,1.35202153294084,-17.7860489831264));
#2680=CARTESIAN_POINT('Ctrl Pts',(1.58764189879053,2.0399258763005,-17.7437321868363));
#2681=CARTESIAN_POINT('Ctrl Pts',(0.823956613232908,2.31208055534458,-17.7014153905462));
#2682=CARTESIAN_POINT('Ctrl Pts',(0.0602713276752985,2.58423523438866,-17.6590985942561));
#2683=CARTESIAN_POINT('Ctrl Pts',(-0.851574749499332,2.44064024911716,-17.616781797966));
#2684=CARTESIAN_POINT('Ctrl Pts',(-1.49465717289051,1.94695170212815,-17.574465001676));
#2685=CARTESIAN_POINT('Ctrl Pts',(-2.1377395962817,1.45326315513913,-17.5321482053859));
#2686=CARTESIAN_POINT('Ctrl Pts',(-2.51205836588943,0.609481046432558,-17.4898314090958));
#2687=CARTESIAN_POINT('Ctrl Pts',(-2.44646327409831,-0.198591146280286,
-17.4475146128057));
#2688=CARTESIAN_POINT('Ctrl Pts',(-2.3808681823072,-1.00666333899312,-17.4051978165156));
#2689=CARTESIAN_POINT('Ctrl Pts',(-1.87535922911726,-1.77902561571223,-17.3628810202255));
#2690=CARTESIAN_POINT('Ctrl Pts',(-1.16107086279715,-2.16252987180668,-17.3205642239354));
#2691=CARTESIAN_POINT('Ctrl Pts',(-0.446782496477046,-2.54603412790114,
-17.2782474276453));
#2692=CARTESIAN_POINT('Ctrl Pts',(0.476285282973233,-2.54068036337094,-17.2359306313552));
#2693=CARTESIAN_POINT('Ctrl Pts',(1.18607711813324,-2.1489164862166,-17.1936138350652));
#2694=CARTESIAN_POINT('Ctrl Pts',(1.89586895329325,-1.75715260906227,-17.1512970387751));
#2695=CARTESIAN_POINT('Ctrl Pts',(2.39238484416299,-0.978978619283795,-17.108980242485));
#2696=CARTESIAN_POINT('Ctrl Pts',(2.44860225084755,-0.170199917852759,-17.0666634461949));
#2697=CARTESIAN_POINT('Ctrl Pts',(2.45251507221067,-0.113907627481626,-17.0637181295339));
#2698=CARTESIAN_POINT('Ctrl Pts',(2.45429491930233,-0.0574670761809526,
-17.060772812873));
#2699=CARTESIAN_POINT('Ctrl Pts',(2.4540010050287,-0.00100766978247319,
-17.0578274962121));
#2700=CARTESIAN_POINT('Ctrl Pts',(2.45420243120605,-0.000785379652146948,
-16.942172503788));
#2701=CARTESIAN_POINT('Ctrl Pts',(2.45438375161591,-0.0440163328327042,
-16.9444282241144));
#2702=CARTESIAN_POINT('Ctrl Pts',(2.45334026453972,-0.0872383539487695,
-16.9466839444408));
#2703=CARTESIAN_POINT('Ctrl Pts',(2.45104442932668,-0.130393751070077,-16.9489396647673));
#2704=CARTESIAN_POINT('Ctrl Pts',(2.40797508695853,-0.939979109416624,-16.9912564610573));
#2705=CARTESIAN_POINT('Ctrl Pts',(1.9241681170196,-1.72611755190598,-17.0335732573474));
#2706=CARTESIAN_POINT('Ctrl Pts',(1.22083514466451,-2.12936208156422,-17.0758900536375));
#2707=CARTESIAN_POINT('Ctrl Pts',(0.517502172309402,-2.53260661122246,-17.1182068499276));
#2708=CARTESIAN_POINT('Ctrl Pts',(-0.405356802461846,-2.55295722804958,
-17.1605236462177));
#2709=CARTESIAN_POINT('Ctrl Pts',(-1.12578189423576,-2.18110899577771,-17.2028404425078));
#2710=CARTESIAN_POINT('Ctrl Pts',(-1.84620698600967,-1.80926076350584,-17.2451572387979));
#2711=CARTESIAN_POINT('Ctrl Pts',(-2.36419819478623,-1.04521368213499,-17.287474035088));
#2712=CARTESIAN_POINT('Ctrl Pts',(-2.4429137960162,-0.238313889828562,-17.3297908313781));
#2713=CARTESIAN_POINT('Ctrl Pts',(-2.52162939724617,0.568585902477877,-17.3721076276681));
#2714=CARTESIAN_POINT('Ctrl Pts',(-2.16106939092954,1.41833840571991,-17.4144244239582));
#2715=CARTESIAN_POINT('Ctrl Pts',(-1.52609304929453,1.92241029172922,-17.4567412202483));
#2716=CARTESIAN_POINT('Ctrl Pts',(-0.891116707659533,2.42648217773852,-17.4990580165384));
#2717=CARTESIAN_POINT('Ctrl Pts',(0.0182759692938063,2.58487344651513,-17.5413748128285));
#2718=CARTESIAN_POINT('Ctrl Pts',(0.786282307209767,2.32516267349628,-17.5836916091186));
#2719=CARTESIAN_POINT('Ctrl Pts',(1.55428864512574,2.06545190047743,-17.6260084054087));
#2720=CARTESIAN_POINT('Ctrl Pts',(2.18090864400432,1.3876390856631,-17.6683252016988));
#2721=CARTESIAN_POINT('Ctrl Pts',(2.37963211089844,0.601641372939498,-17.7106419979889));
#2722=CARTESIAN_POINT('Ctrl Pts',(2.4289888043366,0.406424125795439,-17.7211521665886));
#2723=CARTESIAN_POINT('Ctrl Pts',(2.45194983503378,0.204533274484411,-17.7316623351883));
#2724=CARTESIAN_POINT('Ctrl Pts',(2.45012062829845,0.00223283346623548,
-17.742172503788));
#2725=CARTESIAN_POINT('Origin',(0.,0.,-16.5));
#2726=CARTESIAN_POINT('',(2.44656542923932,-0.0004489341549134,-18.6578274962121));
#2727=CARTESIAN_POINT('',(2.44665557690705,-0.000660445219301506,-18.542172503788));
#2728=CARTESIAN_POINT('',(2.4505,-3.00099698131059E-16,-16.5));
#2729=CARTESIAN_POINT('Ctrl Pts',(2.44656542923932,-0.0004489341549134,
-18.6578274962121));
#2730=CARTESIAN_POINT('Ctrl Pts',(2.44585045388112,0.435891709218038,-18.6352410350207));
#2731=CARTESIAN_POINT('Ctrl Pts',(2.33462817635242,0.872572624057219,-18.6126545738294));
#2732=CARTESIAN_POINT('Ctrl Pts',(2.11505763083789,1.24545261376223,-18.5900681126381));
#2733=CARTESIAN_POINT('Ctrl Pts',(1.7036818970682,1.94406079462492,-18.547751316348));
#2734=CARTESIAN_POINT('Ctrl Pts',(0.91198442321194,2.41871635199632,-18.5054345200579));
#2735=CARTESIAN_POINT('Ctrl Pts',(0.101953968638716,2.45239197176381,-18.4631177237678));
#2736=CARTESIAN_POINT('Ctrl Pts',(-0.708076485934507,2.4860675915313,-18.4208009274777));
#2737=CARTESIAN_POINT('Ctrl Pts',(-1.53643992122469,2.07876327369488,-18.3784841311876));
#2738=CARTESIAN_POINT('Ctrl Pts',(-2.00438275755035,1.4167112465593,-18.3361673348975));
#2739=CARTESIAN_POINT('Ctrl Pts',(-2.47232559387599,0.754659219423745,-18.2938505386075));
#2740=CARTESIAN_POINT('Ctrl Pts',(-2.57984783123714,-0.162140517010955,
-18.2515337423174));
#2741=CARTESIAN_POINT('Ctrl Pts',(-2.27778695163632,-0.914498549943129,
-18.2092169460273));
#2742=CARTESIAN_POINT('Ctrl Pts',(-1.97572607203549,-1.66685658287532,-18.1669001497372));
#2743=CARTESIAN_POINT('Ctrl Pts',(-1.26408207547267,-2.25477291230498,-18.1245833534471));
#2744=CARTESIAN_POINT('Ctrl Pts',(-0.468240776524025,-2.40943386920931,
-18.082266557157));
#2745=CARTESIAN_POINT('Ctrl Pts',(0.327600522424599,-2.56409482611363,-18.0399497608669));
#2746=CARTESIAN_POINT('Ctrl Pts',(1.20763912375904,-2.28550041049264,-17.9976329645769));
#2747=CARTESIAN_POINT('Ctrl Pts',(1.76949395135597,-1.70103267194002,-17.9553161682868));
#2748=CARTESIAN_POINT('Ctrl Pts',(2.20095762412308,-1.25220392703384,-17.9228199442619));
#2749=CARTESIAN_POINT('Ctrl Pts',(2.4447843892852,-0.622997899654723,-17.890323720237));
#2750=CARTESIAN_POINT('Ctrl Pts',(2.45051972148872,0.00223140118184806,
-17.8578274962121));
#2751=CARTESIAN_POINT('Ctrl Pts',(2.45012062829845,0.00223283346623548,
-17.742172503788));
#2752=CARTESIAN_POINT('Ctrl Pts',(2.4445849513921,-0.609983302557186,-17.7739791314784));
#2753=CARTESIAN_POINT('Ctrl Pts',(2.2120123101805,-1.22595059279909,-17.8057857591687));
#2754=CARTESIAN_POINT('Ctrl Pts',(1.79689798347532,-1.67205830096735,-17.8375923868591));
#2755=CARTESIAN_POINT('Ctrl Pts',(1.24461345424838,-2.26557765151773,-17.8799091831492));
#2756=CARTESIAN_POINT('Ctrl Pts',(0.369217460884822,-2.5584337419856,-17.9222259794393));
#2757=CARTESIAN_POINT('Ctrl Pts',(-0.429031665549464,-2.41672364055292,
-17.9645427757294));
#2758=CARTESIAN_POINT('Ctrl Pts',(-1.22728079198374,-2.27501353912024,-18.0068595720195));
#2759=CARTESIAN_POINT('Ctrl Pts',(-1.94838305148873,-1.69873724578703,-18.0491763683096));
#2760=CARTESIAN_POINT('Ctrl Pts',(-2.26262801689158,-0.951386242295294,
-18.0914931645997));
#2761=CARTESIAN_POINT('Ctrl Pts',(-2.57687298229444,-0.204035238803548,
-18.1338099608897));
#2762=CARTESIAN_POINT('Ctrl Pts',(-2.48426065359513,0.714390474846748,-18.1761267571798));
#2763=CARTESIAN_POINT('Ctrl Pts',(-2.02713627386346,1.38395803839512,-18.2184435534699));
#2764=CARTESIAN_POINT('Ctrl Pts',(-1.57001189413179,2.05352560194349,-18.26076034976));
#2765=CARTESIAN_POINT('Ctrl Pts',(-0.74837546336778,2.47423501538995,-18.3030771460501));
#2766=CARTESIAN_POINT('Ctrl Pts',(0.0620952348726766,2.45372482292893,-18.3453939423402));
#2767=CARTESIAN_POINT('Ctrl Pts',(0.872565933113134,2.43321463046791,-18.3877107386303));
#2768=CARTESIAN_POINT('Ctrl Pts',(1.67187089883002,1.97148483209939,-18.4300275349204));
#2769=CARTESIAN_POINT('Ctrl Pts',(2.09454299027729,1.27965268207111,-18.4723443312105));
#2770=CARTESIAN_POINT('Ctrl Pts',(2.32703081491436,0.899115251687839,-18.4956203887363));
#2771=CARTESIAN_POINT('Ctrl Pts',(2.44556938020135,0.448960975995486,-18.5188964462621));
#2772=CARTESIAN_POINT('Ctrl Pts',(2.44665557690705,-0.000660445219301506,
-18.542172503788));
#2773=CARTESIAN_POINT('Origin',(0.,0.,-16.5));
#2774=CARTESIAN_POINT('',(2.4521636323347,-0.00197867200291552,-19.4578274962121));
#2775=CARTESIAN_POINT('',(2.45253697700068,-0.00185934622635192,-19.342172503788));
#2776=CARTESIAN_POINT('',(2.4505,-3.00099698131059E-16,-16.5));
#2777=CARTESIAN_POINT('Ctrl Pts',(2.4521636323347,-0.00197867200291552,
-19.4578274962121));
#2778=CARTESIAN_POINT('Ctrl Pts',(2.44620541040559,0.67702920317472,-19.4224751460946));
#2779=CARTESIAN_POINT('Ctrl Pts',(2.1522597736306,1.36056449968555,-19.3871227959771));
#2780=CARTESIAN_POINT('Ctrl Pts',(1.65110256051834,1.81617216406996,-19.3517704458597));
#2781=CARTESIAN_POINT('Ctrl Pts',(1.05121690578481,2.36153496620053,-19.3094536495696));
#2782=CARTESIAN_POINT('Ctrl Pts',(0.154436173715284,2.58032049324182,-19.2671368532795));
#2783=CARTESIAN_POINT('Ctrl Pts',(-0.629203535603665,2.3724931834837,-19.2248200569894));
#2784=CARTESIAN_POINT('Ctrl Pts',(-1.41284324492264,2.16466587372556,-19.1825032606993));
#2785=CARTESIAN_POINT('Ctrl Pts',(-2.08334193149103,1.53022572716798,-19.1401864644092));
#2786=CARTESIAN_POINT('Ctrl Pts',(-2.33412669881137,0.759258552002331,-19.0978696681192));
#2787=CARTESIAN_POINT('Ctrl Pts',(-2.58491146613171,-0.0117086231633107,
-19.0555528718291));
#2788=CARTESIAN_POINT('Ctrl Pts',(-2.41598231420401,-0.919202826937003,
-19.013236075539));
#2789=CARTESIAN_POINT('Ctrl Pts',(-1.90457891619512,-1.54828942606923,-18.9709192792489));
#2790=CARTESIAN_POINT('Ctrl Pts',(-1.39317551818621,-2.17737602520147,-18.9286024829588));
#2791=CARTESIAN_POINT('Ctrl Pts',(-0.539297874096079,-2.52805501969222,
-18.8862856866687));
#2792=CARTESIAN_POINT('Ctrl Pts',(0.266634544945619,-2.43998504387514,-18.8439688903786));
#2793=CARTESIAN_POINT('Ctrl Pts',(1.0725669639873,-2.35191506805807,-18.8016520940885));
#2794=CARTESIAN_POINT('Ctrl Pts',(1.83055415798055,-1.82509612193321,-18.7593352977985));
#2795=CARTESIAN_POINT('Ctrl Pts',(2.19402075813562,-1.1004062466938,-18.7170185015084));
#2796=CARTESIAN_POINT('Ctrl Pts',(2.36348816698924,-0.762517386130337,-18.6972881664096));
#2797=CARTESIAN_POINT('Ctrl Pts',(2.44718999380855,-0.381612988055694,-18.6775578313108));
#2798=CARTESIAN_POINT('Ctrl Pts',(2.44656542923932,-0.0004489341549134,
-18.6578274962121));
#2799=CARTESIAN_POINT('Ctrl Pts',(2.44665557690705,-0.000660445219301506,
-18.542172503788));
#2800=CARTESIAN_POINT('Ctrl Pts',(2.44754412891793,-0.36846861095605,-18.5612132425522));
#2801=CARTESIAN_POINT('Ctrl Pts',(2.36983485653255,-0.735920196377199,-18.5802539813165));
#2802=CARTESIAN_POINT('Ctrl Pts',(2.21161007684212,-1.0646136354856,-18.5992947200807));
#2803=CARTESIAN_POINT('Ctrl Pts',(1.85996585478205,-1.795113301326,-18.6416115163708));
#2804=CARTESIAN_POINT('Ctrl Pts',(1.11063819348427,-2.33417813131874,-18.6839283126609));
#2805=CARTESIAN_POINT('Ctrl Pts',(0.306243053504138,-2.43533088450666,-18.726245108951));
#2806=CARTESIAN_POINT('Ctrl Pts',(-0.498152086476009,-2.53648363769457,
-18.7685619052411));
#2807=CARTESIAN_POINT('Ctrl Pts',(-1.35761470513851,-2.19972431407764,-18.8108787015312));
#2808=CARTESIAN_POINT('Ctrl Pts',(-1.87917170691595,-1.57902977197331,-18.8531954978213));
#2809=CARTESIAN_POINT('Ctrl Pts',(-2.40072870869338,-0.958335229868998,
-18.8955122941113));
#2810=CARTESIAN_POINT('Ctrl Pts',(-2.58438009358576,-0.0537054692773038,
-18.9378290904014));
#2811=CARTESIAN_POINT('Ctrl Pts',(-2.34615472467651,0.721234589249284,-18.9801458866915));
#2812=CARTESIAN_POINT('Ctrl Pts',(-2.10792935576726,1.49617464777587,-19.0224626829816));
#2813=CARTESIAN_POINT('Ctrl Pts',(-1.44782723305638,2.14142500423735,-19.0647794792717));
#2814=CARTESIAN_POINT('Ctrl Pts',(-0.667667620022702,2.3619570855595,-19.1070962755618));
#2815=CARTESIAN_POINT('Ctrl Pts',(0.112491993011,2.58248916688165,-19.1494130718519));
#2816=CARTESIAN_POINT('Ctrl Pts',(1.01270909636751,2.37830297306445,-19.191729868142));
#2817=CARTESIAN_POINT('Ctrl Pts',(1.62137637390867,1.84275879566,-19.2340466644321));
#2818=CARTESIAN_POINT('Ctrl Pts',(2.13978880933547,1.38662656787138,-19.270088610884));
#2819=CARTESIAN_POINT('Ctrl Pts',(2.4467044943935,0.690119863639638,-19.306130557336));
#2820=CARTESIAN_POINT('Ctrl Pts',(2.45253697700068,-0.00185934622635192,
-19.342172503788));
#2821=CARTESIAN_POINT('Origin',(0.,0.,-16.5));
#2822=CARTESIAN_POINT('',(2.45278297455874,0.00176503952593304,-20.2578274962121));
#2823=CARTESIAN_POINT('',(2.45242168677651,0.00189909270172968,-20.142172503788));
#2824=CARTESIAN_POINT('',(2.4505,-3.00099698131059E-16,-16.5));
#2825=CARTESIAN_POINT('Ctrl Pts',(2.45278297455874,0.00176503952593304,
-20.2578274962121));
#2826=CARTESIAN_POINT('Ctrl Pts',(2.45368830084028,0.113119409940992,-20.2520260534586));
#2827=CARTESIAN_POINT('Ctrl Pts',(2.44676053612314,0.22436049669219,-20.2462246107051));
#2828=CARTESIAN_POINT('Ctrl Pts',(2.43161469516613,0.334471178347073,-20.2404231679516));
#2829=CARTESIAN_POINT('Ctrl Pts',(2.32113813034389,1.13763885282599,-20.1981063716615));
#2830=CARTESIAN_POINT('Ctrl Pts',(1.77341771996305,1.88066317295698,-20.1557895753714));
#2831=CARTESIAN_POINT('Ctrl Pts',(1.03888830609709,2.22381026221831,-20.1134727790813));
#2832=CARTESIAN_POINT('Ctrl Pts',(0.304358892231149,2.56695735147964,-20.0711559827912));
#2833=CARTESIAN_POINT('Ctrl Pts',(-0.61697952511989,2.51022720987132,-20.0288391865011));
#2834=CARTESIAN_POINT('Ctrl Pts',(-1.30386230678531,2.07955862620827,-19.986522390211));
#2835=CARTESIAN_POINT('Ctrl Pts',(-1.99074508845077,1.64889004254521,-19.944205593921));
#2836=CARTESIAN_POINT('Ctrl Pts',(-2.44317223443057,0.844283016827369,-19.9018887976309));
#2837=CARTESIAN_POINT('Ctrl Pts',(-2.45427995307885,0.0336289578791244,
-19.8595720013408));
#2838=CARTESIAN_POINT('Ctrl Pts',(-2.46538767172713,-0.777025101069109,
-19.8172552050507));
#2839=CARTESIAN_POINT('Ctrl Pts',(-2.03517596304388,-1.59372619324776,-19.7749384087606));
#2840=CARTESIAN_POINT('Ctrl Pts',(-1.36035102836885,-2.04305312571861,-19.7326216124705));
#2841=CARTESIAN_POINT('Ctrl Pts',(-0.685526093693812,-2.49238005818946,
-19.6903048161804));
#2842=CARTESIAN_POINT('Ctrl Pts',(0.233912066973006,-2.57433283095252,-19.6479880198903));
#2843=CARTESIAN_POINT('Ctrl Pts',(0.977567671040942,-2.25144008213151,-19.6056712236002));
#2844=CARTESIAN_POINT('Ctrl Pts',(1.72122327510886,-1.92854733331051,-19.5633544273101));
#2845=CARTESIAN_POINT('Ctrl Pts',(2.28909632257789,-1.20080906290548,-19.5210376310201));
#2846=CARTESIAN_POINT('Ctrl Pts',(2.42153755761365,-0.400969889093021,-19.47872083473));
#2847=CARTESIAN_POINT('Ctrl Pts',(2.4433345728253,-0.269333343769669,-19.4717563885573));
#2848=CARTESIAN_POINT('Ctrl Pts',(2.45333740765011,-0.135743861071142,-19.4647919423847));
#2849=CARTESIAN_POINT('Ctrl Pts',(2.4521636323347,-0.00197867200291552,
-19.4578274962121));
#2850=CARTESIAN_POINT('Ctrl Pts',(2.45253697700068,-0.00185934622635192,
-19.342172503788));
#2851=CARTESIAN_POINT('Ctrl Pts',(2.45355240363954,-0.122331908350479,-19.3484473536261));
#2852=CARTESIAN_POINT('Ctrl Pts',(2.44544190881198,-0.242667240773034,-19.3547222034642));
#2853=CARTESIAN_POINT('Ctrl Pts',(2.42773274676278,-0.361573001131356,-19.3609970533023));
#2854=CARTESIAN_POINT('Ctrl Pts',(2.30830439034993,-1.16345845952654,-19.4033138495924));
#2855=CARTESIAN_POINT('Ctrl Pts',(1.75233022579843,-1.90032721532526,-19.4456306458825));
#2856=CARTESIAN_POINT('Ctrl Pts',(1.01401896882801,-2.23525990786496,-19.4879474421726));
#2857=CARTESIAN_POINT('Ctrl Pts',(0.275707711857583,-2.57019260040467,-19.5302642384627));
#2858=CARTESIAN_POINT('Ctrl Pts',(-0.64494063753175,-2.50318922968536,-19.5725810347528));
#2859=CARTESIAN_POINT('Ctrl Pts',(-1.32697696074827,-2.06488582505057,-19.6148978310429));
#2860=CARTESIAN_POINT('Ctrl Pts',(-2.0090132839648,-1.62658242041578,-19.657214627333));
#2861=CARTESIAN_POINT('Ctrl Pts',(-2.45243758100848,-0.816978981865483,
-19.699531423623));
#2862=CARTESIAN_POINT('Ctrl Pts',(-2.45450244335299,-0.00625143389103078,
-19.7418482199131));
#2863=CARTESIAN_POINT('Ctrl Pts',(-2.45656730569751,0.804476114083421,-19.7841650162032));
#2864=CARTESIAN_POINT('Ctrl Pts',(-2.01727273334286,1.61632777148204,-19.8264818124933));
#2865=CARTESIAN_POINT('Ctrl Pts',(-1.33747789597908,2.05809965808726,-19.8687986087834));
#2866=CARTESIAN_POINT('Ctrl Pts',(-0.65768305861531,2.49987154469246,-19.9111154050735));
#2867=CARTESIAN_POINT('Ctrl Pts',(0.262612043757553,2.57156366050427,-19.9534322013636));
#2868=CARTESIAN_POINT('Ctrl Pts',(1.00261980809314,2.24039613579179,-19.9957489976537));
#2869=CARTESIAN_POINT('Ctrl Pts',(1.74262757242872,1.90922861107931,-20.0380657939438));
#2870=CARTESIAN_POINT('Ctrl Pts',(2.30234799872701,1.17520144584252,-20.0803825902338));
#2871=CARTESIAN_POINT('Ctrl Pts',(2.42585946364034,0.373934736977057,-20.1226993865239));
#2872=CARTESIAN_POINT('Ctrl Pts',(2.44480507901902,0.2510271923814,-20.1291904256119));
#2873=CARTESIAN_POINT('Ctrl Pts',(2.45348714751284,0.126537570685905,-20.1356814647));
#2874=CARTESIAN_POINT('Ctrl Pts',(2.45242168677651,0.00189909270172968,
-20.142172503788));
#2875=CARTESIAN_POINT('Origin',(0.,0.,-16.5));
#2876=CARTESIAN_POINT('',(2.44673715645723,0.000802225149236918,-21.0578274962121));
#2877=CARTESIAN_POINT('',(2.44662362878152,0.000594702255207878,-20.942172503788));
#2878=CARTESIAN_POINT('',(2.4505,-3.00099698131059E-16,-16.5));
#2879=CARTESIAN_POINT('Ctrl Pts',(2.44673715645723,0.000802225149236918,
-21.0578274962121));
#2880=CARTESIAN_POINT('Ctrl Pts',(2.44779162188954,0.359435731031647,-21.0392601645324));
#2881=CARTESIAN_POINT('Ctrl Pts',(2.37405341693927,0.717656505228061,-21.0206928328528));
#2882=CARTESIAN_POINT('Ctrl Pts',(2.22334730381064,1.03987872443412,-21.0021255011732));
#2883=CARTESIAN_POINT('Ctrl Pts',(1.87987307719728,1.77425522212121,-20.9598087048831));
#2884=CARTESIAN_POINT('Ctrl Pts',(1.13660486716087,2.32164462300796,-20.917491908593));
#2885=CARTESIAN_POINT('Ctrl Pts',(0.333388064289063,2.43176343287795,-20.8751751123029));
#2886=CARTESIAN_POINT('Ctrl Pts',(-0.469828738582745,2.54188224274794,-20.8328583160128));
#2887=CARTESIAN_POINT('Ctrl Pts',(-1.33299413428995,2.21473046160117,-20.7905415197227));
#2888=CARTESIAN_POINT('Ctrl Pts',(-1.86144200219826,1.59989207990566,-20.7482247234326));
#2889=CARTESIAN_POINT('Ctrl Pts',(-2.3898898701066,0.985053698210142,-20.7059079271426));
#2890=CARTESIAN_POINT('Ctrl Pts',(-2.58362021021601,0.0825287159658641,
-20.6635911308525));
#2891=CARTESIAN_POINT('Ctrl Pts',(-2.35405347316042,-0.695020316533359,
-20.6212743345624));
#2892=CARTESIAN_POINT('Ctrl Pts',(-2.12448673610483,-1.47256934903258,-20.5789575382723));
#2893=CARTESIAN_POINT('Ctrl Pts',(-1.47162292188423,-2.12514243178675,-20.5366407419822));
#2894=CARTESIAN_POINT('Ctrl Pts',(-0.693971713744048,-2.35436281303794,
-20.4943239456921));
#2895=CARTESIAN_POINT('Ctrl Pts',(0.0836794943961151,-2.58358319428912,
-20.452007149402));
#2896=CARTESIAN_POINT('Ctrl Pts',(0.98611809645586,-2.38945087403734,-20.4096903531119));
#2897=CARTESIAN_POINT('Ctrl Pts',(1.60072103785392,-1.86072919949804,-20.3673735568218));
#2898=CARTESIAN_POINT('Ctrl Pts',(2.13106467577799,-1.40449289238465,-20.3308582032852));
#2899=CARTESIAN_POINT('Ctrl Pts',(2.4470846835231,-0.699119960346873,-20.2943428497487));
#2900=CARTESIAN_POINT('Ctrl Pts',(2.45278297455874,0.00176503952593304,
-20.2578274962121));
#2901=CARTESIAN_POINT('Ctrl Pts',(2.45242168677651,0.00189909270172968,
-20.142172503788));
#2902=CARTESIAN_POINT('Ctrl Pts',(2.44654112788135,-0.686013549596693,-20.1779982609901));
#2903=CARTESIAN_POINT('Ctrl Pts',(2.1437286712279,-1.37846069281816,-20.2138240181921));
#2904=CARTESIAN_POINT('Ctrl Pts',(1.63074201525262,-1.83447589369316,-20.2496497753942));
#2905=CARTESIAN_POINT('Ctrl Pts',(1.02481059842322,-2.3731135630037,-20.2919665716843));
#2906=CARTESIAN_POINT('Ctrl Pts',(0.125645261236055,-2.58188264913059,-20.3342833679744));
#2907=CARTESIAN_POINT('Ctrl Pts',(-0.655627580443026,-2.36532741932569,
-20.3766001642645));
#2908=CARTESIAN_POINT('Ctrl Pts',(-1.43690042212207,-2.1487721895208,-20.4189169605546));
#2909=CARTESIAN_POINT('Ctrl Pts',(-2.10028076829308,-1.50689264378417,-20.4612337568447));
#2910=CARTESIAN_POINT('Ctrl Pts',(-2.34245044954098,-0.733176115470739,
-20.5035505531347));
#2911=CARTESIAN_POINT('Ctrl Pts',(-2.5846201307889,0.040540412842737,-20.5458673494248));
#2912=CARTESIAN_POINT('Ctrl Pts',(-2.40557914711367,0.94609392373303,-20.5881841457149));
#2913=CARTESIAN_POINT('Ctrl Pts',(-1.88719061630601,1.56943712922119,-20.630500942005));
#2914=CARTESIAN_POINT('Ctrl Pts',(-1.36880208549835,2.19278033470935,-20.6728177382951));
#2915=CARTESIAN_POINT('Ctrl Pts',(-0.511066007558265,2.53391323479537,-20.7151345345852));
#2916=CARTESIAN_POINT('Ctrl Pts',(0.293833950175097,2.43685923569171,-20.7574513308753));
#2917=CARTESIAN_POINT('Ctrl Pts',(1.09873390790846,2.33980523658806,-20.7997681271654));
#2918=CARTESIAN_POINT('Ctrl Pts',(1.85079774543508,1.80456433829473,-20.8420849234555));
#2919=CARTESIAN_POINT('Ctrl Pts',(2.20615843715116,1.07586536101793,-20.8844017197455));
#2920=CARTESIAN_POINT('Ctrl Pts',(2.36787094517095,0.744259356319359,-20.9036586477597));
#2921=CARTESIAN_POINT('Ctrl Pts',(2.44743221819625,0.372591102868818,-20.9229155757738));
#2922=CARTESIAN_POINT('Ctrl Pts',(2.44662362878152,0.000594702255207878,
-20.942172503788));
#2923=CARTESIAN_POINT('Origin',(0.,0.,-16.5));
#2924=CARTESIAN_POINT('',(2.44985027892188,-0.00222055914106289,-21.8578274962121));
#2925=CARTESIAN_POINT('',(2.45024519785172,-0.00223486321398319,-21.742172503788));
#2926=CARTESIAN_POINT('',(2.4505,-3.00099698131059E-16,-16.5));
#2927=CARTESIAN_POINT('Ctrl Pts',(2.44985027892188,-0.00222055914106289,
-21.8578274962121));
#2928=CARTESIAN_POINT('Ctrl Pts',(2.44447757504353,0.601052959965699,-21.8264942756063));
#2929=CARTESIAN_POINT('Ctrl Pts',(2.21944501100545,1.20790948546131,-21.7951610550005));
#2930=CARTESIAN_POINT('Ctrl Pts',(1.81543655587637,1.65191134946173,-21.7638278343948));
#2931=CARTESIAN_POINT('Ctrl Pts',(1.2698066089814,2.25155403119329,-21.7215110381047));
#2932=CARTESIAN_POINT('Ctrl Pts',(0.397731661306862,2.55415620219079,-21.6791942418146));
#2933=CARTESIAN_POINT('Ctrl Pts',(-0.402048441675219,2.42135871886825,-21.6368774455245));
#2934=CARTESIAN_POINT('Ctrl Pts',(-1.2018285446573,2.28856123554571,-21.5945606492344));
#2935=CARTESIAN_POINT('Ctrl Pts',(-1.92931380294693,1.72036409790313,-21.5522438529443));
#2936=CARTESIAN_POINT('Ctrl Pts',(-2.25187528339209,0.976564745902976,-21.5099270566542));
#2937=CARTESIAN_POINT('Ctrl Pts',(-2.57443676383725,0.232765393902841,-21.4676102603642));
#2938=CARTESIAN_POINT('Ctrl Pts',(-2.49207446643797,-0.686636172454862,
-21.4252934640741));
#2939=CARTESIAN_POINT('Ctrl Pts',(-2.04244700049759,-1.36126090263812,-21.382976667784));
#2940=CARTESIAN_POINT('Ctrl Pts',(-1.59281953455722,-2.03588563282137,-21.3406598714939));
#2941=CARTESIAN_POINT('Ctrl Pts',(-0.775926900075749,-2.46573352683017,
-21.2983430752038));
#2942=CARTESIAN_POINT('Ctrl Pts',(0.0347221308981154,-2.45426473073274,
-21.2560262789137));
#2943=CARTESIAN_POINT('Ctrl Pts',(0.845371161872003,-2.44279593463531,-21.2137094826236));
#2944=CARTESIAN_POINT('Ctrl Pts',(1.64977658933828,-1.9900104484316,-21.1713926863335));
#2945=CARTESIAN_POINT('Ctrl Pts',(2.08013918147628,-1.30293590808602,-21.1290758900434));
#2946=CARTESIAN_POINT('Ctrl Pts',(2.32167167088261,-0.917328917215943,-21.105326425433));
#2947=CARTESIAN_POINT('Ctrl Pts',(2.44538839025323,-0.457925711801522,-21.0815769608225));
#2948=CARTESIAN_POINT('Ctrl Pts',(2.44673715645723,0.000802225149236918,
-21.0578274962121));
#2949=CARTESIAN_POINT('Ctrl Pts',(2.44662362878152,0.000594702255207878,
-20.942172503788));
#2950=CARTESIAN_POINT('Ctrl Pts',(2.44565535568109,-0.444865133860607,-20.9652323720639));
#2951=CARTESIAN_POINT('Ctrl Pts',(2.32943922640676,-0.890795522692388,-20.9882922403399));
#2952=CARTESIAN_POINT('Ctrl Pts',(2.10103413337329,-1.26896686136867,-21.0113521086158));
#2953=CARTESIAN_POINT('Ctrl Pts',(1.68189159197378,-1.96294305021836,-21.0536689049059));
#2954=CARTESIAN_POINT('Ctrl Pts',(0.884948963269206,-2.42873837165748,-21.095985701196));
#2955=CARTESIAN_POINT('Ctrl Pts',(0.0745932548981626,-2.45337668758289,
-21.1383024974861));
#2956=CARTESIAN_POINT('Ctrl Pts',(-0.735762453472881,-2.4780150035083,-21.1806192937762));
#2957=CARTESIAN_POINT('Ctrl Pts',(-1.55953124151039,-2.06149631392,-21.2229360900663));
#2958=CARTESIAN_POINT('Ctrl Pts',(-2.0200603454552,-1.39426594506606,-21.2652528863563));
#2959=CARTESIAN_POINT('Ctrl Pts',(-2.4805894494,-0.727035576212113,-21.3075696826464));
#2960=CARTESIAN_POINT('Ctrl Pts',(-2.57787886925211,0.190906471907472,-21.3498864789365));
#2961=CARTESIAN_POINT('Ctrl Pts',(-2.26744485009877,0.939848485986991,-21.3922032752266));
#2962=CARTESIAN_POINT('Ctrl Pts',(-1.95701083094546,1.68879050006647,-21.4345200715167));
#2963=CARTESIAN_POINT('Ctrl Pts',(-1.23885337278676,2.2687324801059,-21.4768368678068));
#2964=CARTESIAN_POINT('Ctrl Pts',(-0.441336447841286,2.41450687815511,-21.5191536640969));
#2965=CARTESIAN_POINT('Ctrl Pts',(0.356180477104238,2.56028127620433,-21.561470460387));
#2966=CARTESIAN_POINT('Ctrl Pts',(1.23305686883655,2.27188809226328,-21.6037872566771));
#2967=CARTESIAN_POINT('Ctrl Pts',(1.78835751201693,1.68118967819343,-21.6461040529672));
#2968=CARTESIAN_POINT('Ctrl Pts',(2.20857577999454,1.23418449729554,-21.6781268699074));
#2969=CARTESIAN_POINT('Ctrl Pts',(2.44464189824274,0.614062536748232,-21.7101496868477));
#2970=CARTESIAN_POINT('Ctrl Pts',(2.45024519785172,-0.00223486321398319,
-21.742172503788));
#2971=CARTESIAN_POINT('Origin',(0.,0.,-16.5));
#2972=CARTESIAN_POINT('',(2.45431409919798,0.000626477706292365,-22.6578274962121));
#2973=CARTESIAN_POINT('',(2.4541440479525,0.000856334546893626,-22.542172503788));
#2974=CARTESIAN_POINT('',(2.4505,-3.00099698131059E-16,-16.5));
#2975=CARTESIAN_POINT('Ctrl Pts',(2.45431409919798,0.000626477706292365,
-22.6578274962121));
#2976=CARTESIAN_POINT('Ctrl Pts',(2.45443116752578,0.0347804166592983,-22.6560451829702));
#2977=CARTESIAN_POINT('Ctrl Pts',(2.45377987394494,0.0689297904570022,-22.6542628697284));
#2978=CARTESIAN_POINT('Ctrl Pts',(2.45234631652984,0.103046293942523,-22.6524805564866));
#2979=CARTESIAN_POINT('Ctrl Pts',(2.41830989931538,0.913061668491646,-22.6101637601966));
#2980=CARTESIAN_POINT('Ctrl Pts',(1.94330175405021,1.70454764447958,-22.5678469639065));
#2981=CARTESIAN_POINT('Ctrl Pts',(1.24451040902084,2.11561216595376,-22.5255301676164));
#2982=CARTESIAN_POINT('Ctrl Pts',(0.545719063991426,2.52667668742796,-22.4832133713263));
#2983=CARTESIAN_POINT('Ctrl Pts',(-0.37685548080222,2.55731975438835,-22.4408965750362));
#2984=CARTESIAN_POINT('Ctrl Pts',(-1.10138339019699,2.19353040158803,-22.3985797787461));
#2985=CARTESIAN_POINT('Ctrl Pts',(-1.82591129959175,1.82974104878771,-22.356262982456));
#2986=CARTESIAN_POINT('Ctrl Pts',(-2.35239257358764,1.07151927622667,-22.3139461861659));
#2987=CARTESIAN_POINT('Ctrl Pts',(-2.44010356521276,0.265547709326836,-22.2716293898758));
#2988=CARTESIAN_POINT('Ctrl Pts',(-2.52781455683788,-0.540423857572948,
-22.2293125935858));
#2989=CARTESIAN_POINT('Ctrl Pts',(-2.17675526609229,-1.39414521881151,-22.1869957972957));
#2990=CARTESIAN_POINT('Ctrl Pts',(-1.54744094194246,-1.90526836064975,-22.1446790010056));
#2991=CARTESIAN_POINT('Ctrl Pts',(-0.91812661779259,-2.41639150248802,-22.1023622047155));
#2992=CARTESIAN_POINT('Ctrl Pts',(-0.0105572602384468,-2.58491642492593,
-22.0600454084254));
#2993=CARTESIAN_POINT('Ctrl Pts',(0.760298134819715,-2.33378828111772,-22.0177286121353));
#2994=CARTESIAN_POINT('Ctrl Pts',(1.53115352987786,-2.08266013730953,-21.9754118158452));
#2995=CARTESIAN_POINT('Ctrl Pts',(2.16529496244002,-1.41187892725524,-21.9330950195551));
#2996=CARTESIAN_POINT('Ctrl Pts',(2.37277320566339,-0.628146725995314,-21.890778223265));
#2997=CARTESIAN_POINT('Ctrl Pts',(2.42662541535509,-0.424724380651134,-21.8797946475807));
#2998=CARTESIAN_POINT('Ctrl Pts',(2.45173363143197,-0.213692607891775,-21.8688110718964));
#2999=CARTESIAN_POINT('Ctrl Pts',(2.44985027892188,-0.00222055914106289,
-21.8578274962121));
#3000=CARTESIAN_POINT('Ctrl Pts',(2.45024519785172,-0.00223486321398319,
-21.742172503788));
#3001=CARTESIAN_POINT('Ctrl Pts',(2.45204642135349,-0.200348374601396,-21.7524664831378));
#3002=CARTESIAN_POINT('Ctrl Pts',(2.43003276531294,-0.398066674951407,-21.7627604624876));
#3003=CARTESIAN_POINT('Ctrl Pts',(2.38266588972568,-0.589512156608542,-21.7730544418374));
#3004=CARTESIAN_POINT('Ctrl Pts',(2.18794872962561,-1.37651193314202,-21.8153712381275));
#3005=CARTESIAN_POINT('Ctrl Pts',(1.56478951479703,-2.05750784201032,-21.8576880344176));
#3006=CARTESIAN_POINT('Ctrl Pts',(0.798116059859308,-2.32112732952032,-21.9000048307077));
#3007=CARTESIAN_POINT('Ctrl Pts',(0.0314426049216497,-2.58474681703031,
-21.9423216269978));
#3008=CARTESIAN_POINT('Ctrl Pts',(-0.878745090125184,-2.43098988318204,
-21.9846384232879));
#3009=CARTESIAN_POINT('Ctrl Pts',(-1.5162808438752,-1.93015899017377,-22.026955219578));
#3010=CARTESIAN_POINT('Ctrl Pts',(-2.15381659762526,-1.42932809716545,-22.069272015868));
#3011=CARTESIAN_POINT('Ctrl Pts',(-2.51870041007853,-0.581423244997066,
-22.1115888121581));
#3012=CARTESIAN_POINT('Ctrl Pts',(-2.44409603008385,0.225867041818524,-22.1539056084482));
#3013=CARTESIAN_POINT('Ctrl Pts',(-2.36949165008917,1.03315732863411,-22.1962224047383));
#3014=CARTESIAN_POINT('Ctrl Pts',(-1.85539907764655,1.79983305009688,-22.2385392010284));
#3015=CARTESIAN_POINT('Ctrl Pts',(-1.13687745926706,2.17534617186828,-22.2808559973185));
#3016=CARTESIAN_POINT('Ctrl Pts',(-0.418355840887573,2.55085929363968,-22.3231727936086));
#3017=CARTESIAN_POINT('Ctrl Pts',(0.504594823428757,2.53520981571971,-22.3654895898987));
#3018=CARTESIAN_POINT('Ctrl Pts',(1.20997272495079,2.13555316715053,-22.4078063861888));
#3019=CARTESIAN_POINT('Ctrl Pts',(1.91535062647279,1.73589651858137,-22.4501231824788));
#3020=CARTESIAN_POINT('Ctrl Pts',(2.4031557652005,0.952232699363044,-22.4924399787689));
#3021=CARTESIAN_POINT('Ctrl Pts',(2.45034842860074,0.142877231584949,-22.534756775059));
#3022=CARTESIAN_POINT('Ctrl Pts',(2.4531051589494,0.0955992307236994,-22.5372286846353));
#3023=CARTESIAN_POINT('Ctrl Pts',(2.45435841368591,0.0482335637857761,-22.5397005942117));
#3024=CARTESIAN_POINT('Ctrl Pts',(2.4541440479525,0.000856334546893626,
-22.542172503788));
#3025=CARTESIAN_POINT('Origin',(0.,0.,-16.5));
#3026=CARTESIAN_POINT('',(2.44802561889566,0.00180535709771959,-23.4578274962121));
#3027=CARTESIAN_POINT('',(2.44773571962154,0.00166645717064067,-23.342172503788));
#3028=CARTESIAN_POINT('',(2.4505,-3.00099698131059E-16,-16.5));
#3029=CARTESIAN_POINT('Ctrl Pts',(2.44802561889566,0.00180535709771959,
-23.4578274962121));
#3030=CARTESIAN_POINT('Ctrl Pts',(2.44994568373066,0.282437537887705,-23.4432792940441));
#3031=CARTESIAN_POINT('Ctrl Pts',(2.40539502627562,0.562478707843047,-23.4287310918762));
#3032=CARTESIAN_POINT('Ctrl Pts',(2.31171332226525,0.8249863699202,-23.4141828897083));
#3033=CARTESIAN_POINT('Ctrl Pts',(2.03921851232566,1.58855035758514,-23.3718660934182));
#3034=CARTESIAN_POINT('Ctrl Pts',(1.35104007254716,2.20376838664305,-23.3295492971281));
#3035=CARTESIAN_POINT('Ctrl Pts',(0.561834633608285,2.38934360010673,-23.287232500838));
#3036=CARTESIAN_POINT('Ctrl Pts',(-0.227370805330611,2.57491881357042,-23.2449157045479));
#3037=CARTESIAN_POINT('Ctrl Pts',(-1.11760324342988,2.33085121143984,-23.2025989082578));
#3038=CARTESIAN_POINT('Ctrl Pts',(-1.70182066469258,1.76873610810603,-23.1602821119677));
#3039=CARTESIAN_POINT('Ctrl Pts',(-2.28603808595527,1.20662100477222,-23.1179653156776));
#3040=CARTESIAN_POINT('Ctrl Pts',(-2.5642404903814,0.326458400235196,-23.0756485193875));
#3041=CARTESIAN_POINT('Ctrl Pts',(-2.40922506811315,-0.469313931252767,
-23.0333317230974));
#3042=CARTESIAN_POINT('Ctrl Pts',(-2.25420964584491,-1.26508626274075,-22.9910149268074));
#3043=CARTESIAN_POINT('Ctrl Pts',(-1.66597639688226,-1.97646832117967,-22.9486981305173));
#3044=CARTESIAN_POINT('Ctrl Pts',(-0.913483895735719,-2.27819405826726,
-22.9063813342272));
#3045=CARTESIAN_POINT('Ctrl Pts',(-0.160991394589176,-2.57991979535485,
-22.8640645379371));
#3046=CARTESIAN_POINT('Ctrl Pts',(0.755760358741262,-2.47198921109112,-22.821747741647));
#3047=CARTESIAN_POINT('Ctrl Pts',(1.41760389082463,-2.00375153240406,-22.7794309453569));
#3048=CARTESIAN_POINT('Ctrl Pts',(2.05157167155975,-1.55523524777804,-22.7388964623086));
#3049=CARTESIAN_POINT('Ctrl Pts',(2.45165165803035,-0.776123774184588,-22.6983619792603));
#3050=CARTESIAN_POINT('Ctrl Pts',(2.45431409919798,0.000626477706292365,
-22.6578274962121));
#3051=CARTESIAN_POINT('Ctrl Pts',(2.4541440479525,0.000856334546893626,
-22.542172503788));
#3052=CARTESIAN_POINT('Ctrl Pts',(2.4506886714108,-0.762820601664282,-22.5820173905017));
#3053=CARTESIAN_POINT('Ctrl Pts',(2.06590959929815,-1.52950170647433,-22.6218622772155));
#3054=CARTESIAN_POINT('Ctrl Pts',(1.44997279229261,-1.9804545504663,-22.6617071639293));
#3055=CARTESIAN_POINT('Ctrl Pts',(0.795824304511496,-2.45938374840151,-22.7040239602194));
#3056=CARTESIAN_POINT('Ctrl Pts',(-0.119052859123444,-2.58219502793403,
-22.7463407565095));
#3057=CARTESIAN_POINT('Ctrl Pts',(-0.876348346014171,-2.29273524448196,
-22.7886575527996));
#3058=CARTESIAN_POINT('Ctrl Pts',(-1.6336438329049,-2.00327546102988,-22.8309743490896));
#3059=CARTESIAN_POINT('Ctrl Pts',(-2.23335764305139,-1.30154461459323,-22.8732911453797));
#3060=CARTESIAN_POINT('Ctrl Pts',(-2.40128193156268,-0.508395918553729,
-22.9156079416698));
#3061=CARTESIAN_POINT('Ctrl Pts',(-2.56920622007397,0.284752777485705,-22.9579247379599));
#3062=CARTESIAN_POINT('Ctrl Pts',(-2.30534098695009,1.16931932312801,-23.00024153425));
#3063=CARTESIAN_POINT('Ctrl Pts',(-1.73033364049218,1.74085232499273,-23.0425583305401));
#3064=CARTESIAN_POINT('Ctrl Pts',(-1.15532629403421,2.3123853268575,-23.0848751268302));
#3065=CARTESIAN_POINT('Ctrl Pts',(-0.269176834242154,2.57088478494468,-23.1271919231203));
#3066=CARTESIAN_POINT('Ctrl Pts',(0.522939587820668,2.3981566905316,-23.1695087194104));
#3067=CARTESIAN_POINT('Ctrl Pts',(1.31505600988349,2.22542859611851,-23.2118255157004));
#3068=CARTESIAN_POINT('Ctrl Pts',(2.01313939421706,1.62147294920516,-23.2541423119905));
#3069=CARTESIAN_POINT('Ctrl Pts',(2.29800426079125,0.862437094654894,-23.2964591082806));
#3070=CARTESIAN_POINT('Ctrl Pts',(2.40058086908477,0.589116890344394,-23.3116969067831));
#3071=CARTESIAN_POINT('Ctrl Pts',(2.44957797612479,0.295688390247612,-23.3269347052855));
#3072=CARTESIAN_POINT('Ctrl Pts',(2.44773571962154,0.00166645717064067,
-23.342172503788));
#3073=CARTESIAN_POINT('Origin',(0.,0.,-16.5));
#3074=CARTESIAN_POINT('',(2.44783166414218,-0.00171566648952876,-24.2578274962121));
#3075=CARTESIAN_POINT('',(2.44813015147058,-0.00184882396017123,-24.142172503788));
#3076=CARTESIAN_POINT('',(2.4505,-3.00099698131059E-16,-16.5));
#3077=CARTESIAN_POINT('Ctrl Pts',(2.44783166414218,-0.00171566648952876,
-24.2578274962121));
#3078=CARTESIAN_POINT('Ctrl Pts',(2.44442336724784,0.525273197617793,-24.230513405118));
#3079=CARTESIAN_POINT('Ctrl Pts',(2.27751205578455,1.05423060664088,-24.2031993140239));
#3080=CARTESIAN_POINT('Ctrl Pts',(1.96350222883726,1.47284757943371,-24.1758852229298));
#3081=CARTESIAN_POINT('Ctrl Pts',(1.4770174384684,2.1213966781476,-24.1335684266398));
#3082=CARTESIAN_POINT('Ctrl Pts',(0.637463032668227,2.5051038424738,-24.0912516303497));
#3083=CARTESIAN_POINT('Ctrl Pts',(-0.17129054838303,2.44852619812967,-24.0489348340596));
#3084=CARTESIAN_POINT('Ctrl Pts',(-0.980044129434309,2.39194855378555,-24.0066180377695));
#3085=CARTESIAN_POINT('Ctrl Pts',(-1.75799688573667,1.89508610077109,-23.9643012414794));
#3086=CARTESIAN_POINT('Ctrl Pts',(-2.14944457115878,1.18511983799482,-23.9219844451893));
#3087=CARTESIAN_POINT('Ctrl Pts',(-2.54089225658088,0.475153575218566,-23.8796676488992));
#3088=CARTESIAN_POINT('Ctrl Pts',(-2.54583487112275,-0.447916497319479,
-23.8373508526091));
#3089=CARTESIAN_POINT('Ctrl Pts',(-2.16201249737262,-1.16203397372768,-23.795034056319));
#3090=CARTESIAN_POINT('Ctrl Pts',(-1.77819012362248,-1.87615145013589,-23.752717260029));
#3091=CARTESIAN_POINT('Ctrl Pts',(-1.00560276158032,-2.38131633041425,-23.7104004637389));
#3092=CARTESIAN_POINT('Ctrl Pts',(-0.197501431901841,-2.44655148715278,
-23.6680836674488));
#3093=CARTESIAN_POINT('Ctrl Pts',(0.610599897776614,-2.5117866438913,-23.6257668711587));
#3094=CARTESIAN_POINT('Ctrl Pts',(1.45421519509138,-2.13709207709001,-23.5834500748686));
#3095=CARTESIAN_POINT('Ctrl Pts',(1.94761725369844,-1.49378982055339,-23.5411332785785));
#3096=CARTESIAN_POINT('Ctrl Pts',(2.27139132701369,-1.07165013074388,-23.5133646844563));
#3097=CARTESIAN_POINT('Ctrl Pts',(2.44436073298908,-0.533845786322985,-23.4855960903342));
#3098=CARTESIAN_POINT('Ctrl Pts',(2.44802561889566,0.00180535709771959,
-23.4578274962121));
#3099=CARTESIAN_POINT('Ctrl Pts',(2.44773571962154,0.00166645717064067,
-23.342172503788));
#3100=CARTESIAN_POINT('Ctrl Pts',(2.44446185694593,-0.52083810764738,-23.3692515015756));
#3101=CARTESIAN_POINT('Ctrl Pts',(2.28063410670397,-1.04521677090683,-23.3963304993632));
#3102=CARTESIAN_POINT('Ctrl Pts',(1.97163059687269,-1.46194873861122,-23.4234094971509));
#3103=CARTESIAN_POINT('Ctrl Pts',(1.48874571756516,-2.11318265513987,-23.465726293441));
#3104=CARTESIAN_POINT('Ctrl Pts',(0.651329610135278,-2.50153442601009,-23.5080430897311));
#3105=CARTESIAN_POINT('Ctrl Pts',(-0.157724981894431,-2.44943751807183,
-23.5503598860211));
#3106=CARTESIAN_POINT('Ctrl Pts',(-0.966779573924208,-2.39734061013357,
-23.5926766823112));
#3107=CARTESIAN_POINT('Ctrl Pts',(-1.7474726505538,-1.90479502338682,-23.6349934786013));
#3108=CARTESIAN_POINT('Ctrl Pts',(-2.1428470057926,-1.19700795094151,-23.6773102748914));
#3109=CARTESIAN_POINT('Ctrl Pts',(-2.53822136103139,-0.489220878496214,
-23.7196270711815));
#3110=CARTESIAN_POINT('Ctrl Pts',(-2.54827699487937,0.433807679647618,-23.7619438674716));
#3111=CARTESIAN_POINT('Ctrl Pts',(-2.1684161581438,1.1500402992732,-23.8042606637617));
#3112=CARTESIAN_POINT('Ctrl Pts',(-1.78855532140824,1.86627291889878,-23.8465774600518));
#3113=CARTESIAN_POINT('Ctrl Pts',(-1.01877801408911,2.37570960000613,-23.8888942563419));
#3114=CARTESIAN_POINT('Ctrl Pts',(-0.211050412243656,2.4454200147098,-23.931211052632));
#3115=CARTESIAN_POINT('Ctrl Pts',(0.596677189601775,2.51513042941346,-23.973527848922));
#3116=CARTESIAN_POINT('Ctrl Pts',(1.44235508597349,2.14511457771351,-24.0158446452121));
#3117=CARTESIAN_POINT('Ctrl Pts',(1.93931298595507,1.50455523905156,-24.0581614415022));
#3118=CARTESIAN_POINT('Ctrl Pts',(2.2681813057789,1.08065680930324,-24.0861651289308));
#3119=CARTESIAN_POINT('Ctrl Pts',(2.44433461280416,0.538279220052565,-24.1141688163594));
#3120=CARTESIAN_POINT('Ctrl Pts',(2.44813015147058,-0.00184882396017123,
-24.142172503788));
#3121=CARTESIAN_POINT('Origin',(0.,0.,-16.5));
#3122=CARTESIAN_POINT('',(2.45420725507481,-0.000779124358483152,-25.057827496212));
#3123=CARTESIAN_POINT('',(2.4543610328411,-0.000545989310950516,-24.942172503788));
#3124=CARTESIAN_POINT('',(2.4505,-3.00099698131059E-16,-16.5));
#3125=CARTESIAN_POINT('Ctrl Pts',(2.45420725507481,-0.000779124358483152,
-25.057827496212));
#3126=CARTESIAN_POINT('Ctrl Pts',(2.45100818528395,0.767350890191875,-25.0177475161919));
#3127=CARTESIAN_POINT('Ctrl Pts',(2.06105443169346,1.53828119549968,-24.9776675361717));
#3128=CARTESIAN_POINT('Ctrl Pts',(1.43898032020407,1.98845584133904,-24.9375875561514));
#3129=CARTESIAN_POINT('Ctrl Pts',(0.782188988472634,2.46375420160138,-24.8952707598614));
#3130=CARTESIAN_POINT('Ctrl Pts',(-0.133354393954842,2.58149588130763,-24.8529539635713));
#3131=CARTESIAN_POINT('Ctrl Pts',(-0.889034858491304,2.28784571491975,-24.8106371672812));
#3132=CARTESIAN_POINT('Ctrl Pts',(-1.64471532302777,1.99419554853187,-24.7683203709911));
#3133=CARTESIAN_POINT('Ctrl Pts',(-2.24053286967321,1.28915353604986,-24.726003574701));
#3134=CARTESIAN_POINT('Ctrl Pts',(-2.40406114663823,0.495086859167133,-24.6836867784109));
#3135=CARTESIAN_POINT('Ctrl Pts',(-2.56758942360323,-0.298979817715545,
-24.6413699821208));
#3136=CARTESIAN_POINT('Ctrl Pts',(-2.29882843088786,-1.18207115899892,-24.5990531858307));
#3137=CARTESIAN_POINT('Ctrl Pts',(-1.7206640706632,-1.75041028071161,-24.5567363895406));
#3138=CARTESIAN_POINT('Ctrl Pts',(-1.14249971043851,-2.31874940242433,-24.5144195932506));
#3139=CARTESIAN_POINT('Ctrl Pts',(-0.254931982704503,-2.57233630456632,
-24.4721027969605));
#3140=CARTESIAN_POINT('Ctrl Pts',(0.536215485171129,-2.39522315209983,-24.4297860006704));
#3141=CARTESIAN_POINT('Ctrl Pts',(1.32736295304674,-2.21810999963334,-24.3874692043803));
#3142=CARTESIAN_POINT('Ctrl Pts',(2.02209016106398,-1.6102967925584,-24.3451524080902));
#3143=CARTESIAN_POINT('Ctrl Pts',(2.30274617760383,-0.849694672470126,-24.3028356118001));
#3144=CARTESIAN_POINT('Ctrl Pts',(2.40224802667512,-0.580036040920425,-24.2878329066041));
#3145=CARTESIAN_POINT('Ctrl Pts',(2.44970372619799,-0.291172802096167,-24.2728302014081));
#3146=CARTESIAN_POINT('Ctrl Pts',(2.44783166414218,-0.00171566648952876,
-24.2578274962121));
#3147=CARTESIAN_POINT('Ctrl Pts',(2.44813015147058,-0.00184882396017123,
-24.142172503788));
#3148=CARTESIAN_POINT('Ctrl Pts',(2.4500701087801,-0.277916449440711,-24.1564856126495));
#3149=CARTESIAN_POINT('Ctrl Pts',(2.40698354758768,-0.553396406658652,-24.170798721511));
#3150=CARTESIAN_POINT('Ctrl Pts',(2.31624770717244,-0.812168630193253,-24.1851118303725));
#3151=CARTESIAN_POINT('Ctrl Pts',(2.04798662481682,-1.57723033515213,-24.2274286266626));
#3152=CARTESIAN_POINT('Ctrl Pts',(1.36322655651422,-2.19625091944589,-24.2697454229527));
#3153=CARTESIAN_POINT('Ctrl Pts',(0.575061146966303,-2.38619487932173,-24.3120622192428));
#3154=CARTESIAN_POINT('Ctrl Pts',(-0.213104262581615,-2.57613883919758,
-24.3543790155329));
#3155=CARTESIAN_POINT('Ctrl Pts',(-1.10467501337483,-2.33700617465549,-24.3966958118229));
#3156=CARTESIAN_POINT('Ctrl Pts',(-1.69199717114256,-1.77813579281701,-24.439012608113));
#3157=CARTESIAN_POINT('Ctrl Pts',(-2.27931932891025,-1.21926541097855,-24.4813294044031));
#3158=CARTESIAN_POINT('Ctrl Pts',(-2.56239289365249,-0.340657311843685,
-24.5236462006932));
#3159=CARTESIAN_POINT('Ctrl Pts',(-2.41178780919834,0.455961498653324,-24.5659629969833));
#3160=CARTESIAN_POINT('Ctrl Pts',(-2.26118272474417,1.25258030915036,-24.6082797932734));
#3161=CARTESIAN_POINT('Ctrl Pts',(-1.67689899109363,1.96720983100956,-24.6505965895635));
#3162=CARTESIAN_POINT('Ctrl Pts',(-0.926089341265021,2.27309917444146,-24.6929133858536));
#3163=CARTESIAN_POINT('Ctrl Pts',(-0.175279691436386,2.57898851787336,-24.7352301821437));
#3164=CARTESIAN_POINT('Ctrl Pts',(0.742055874570307,2.47613768287792,-24.7775469784337));
#3165=CARTESIAN_POINT('Ctrl Pts',(1.4064829459742,2.01157327670026,-24.8198637747238));
#3166=CARTESIAN_POINT('Ctrl Pts',(2.04661671304965,1.56399463914216,-24.8606333510786));
#3167=CARTESIAN_POINT('Ctrl Pts',(2.4519979659759,0.780669389473379,-24.9014029274333));
#3168=CARTESIAN_POINT('Ctrl Pts',(2.4543610328411,-0.000545989310950516,
-24.942172503788));
#3169=CARTESIAN_POINT('Origin',(0.,0.,-16.5));
#3170=CARTESIAN_POINT('',(2.4501096989596,0.00223254887390251,-25.857827496212));
#3171=CARTESIAN_POINT('',(2.44971766977679,0.00221050825523597,-25.742172503788));
#3172=CARTESIAN_POINT('',(2.4505,-3.00099698131059E-16,-16.5));
#3173=CARTESIAN_POINT('Ctrl Pts',(2.4501096989596,0.00223254887390251,-25.857827496212));
#3174=CARTESIAN_POINT('Ctrl Pts',(2.45194125782747,0.204899142553772,-25.8472984235558));
#3175=CARTESIAN_POINT('Ctrl Pts',(2.42889640060187,0.40715489870139,-25.8367693508996));
#3176=CARTESIAN_POINT('Ctrl Pts',(2.37936382897423,0.602701223678241,-25.8262402782433));
#3177=CARTESIAN_POINT('Ctrl Pts',(2.18029029118754,1.38861032217959,-25.7839234819532));
#3178=CARTESIAN_POINT('Ctrl Pts',(1.55336846240176,2.06614394454822,-25.7416066856631));
#3179=CARTESIAN_POINT('Ctrl Pts',(0.785246542205611,2.32551260217081,-25.6992898893731));
#3180=CARTESIAN_POINT('Ctrl Pts',(0.0171246220094842,2.58488125979338,-25.656973093083));
#3181=CARTESIAN_POINT('Ctrl Pts',(-0.892197389597021,2.42608495266995,-25.6146562967929));
#3182=CARTESIAN_POINT('Ctrl Pts',(-1.52694912897236,1.92173030163161,-25.5723395005028));
#3183=CARTESIAN_POINT('Ctrl Pts',(-2.16170086834771,1.41737565059326,-25.5300227042127));
#3184=CARTESIAN_POINT('Ctrl Pts',(-2.52188233549188,0.567462655640039,-25.4877059079226));
#3185=CARTESIAN_POINT('Ctrl Pts',(-2.44280733791867,-0.239401973306598,
-25.4453891116325));
#3186=CARTESIAN_POINT('Ctrl Pts',(-2.36373234034546,-1.04626660225323,-25.4030723153424));
#3187=CARTESIAN_POINT('Ctrl Pts',(-1.84540087805484,-1.81008286519325,-25.3607555190523));
#3188=CARTESIAN_POINT('Ctrl Pts',(-1.12481025019386,-2.1816101613126,-25.3184387227623));
#3189=CARTESIAN_POINT('Ctrl Pts',(-0.4042196223329,-2.55313745743193,-25.2761219264722));
#3190=CARTESIAN_POINT('Ctrl Pts',(0.518630171098421,-2.53237578673063,-25.2338051301821));
#3191=CARTESIAN_POINT('Ctrl Pts',(1.22178344272683,-2.12881803213512,-25.191488333892));
#3192=CARTESIAN_POINT('Ctrl Pts',(1.92493671435524,-1.72526027753961,-25.1491715376019));
#3193=CARTESIAN_POINT('Ctrl Pts',(2.40839346418076,-0.938906439049878,-25.1068547413118));
#3194=CARTESIAN_POINT('Ctrl Pts',(2.45110219857583,-0.129301999395817,-25.0645379450217));
#3195=CARTESIAN_POINT('Ctrl Pts',(2.45335973223473,-0.0865072573179733,
-25.0623011287518));
#3196=CARTESIAN_POINT('Ctrl Pts',(2.4543857913753,-0.0436475517647034,-25.0600643124819));
#3197=CARTESIAN_POINT('Ctrl Pts',(2.45420725507481,-0.000779124358483152,
-25.057827496212));
#3198=CARTESIAN_POINT('Ctrl Pts',(2.4543610328411,-0.000545989310950516,
-24.942172503788));
#3199=CARTESIAN_POINT('Ctrl Pts',(2.45445071206981,-0.0301933910244678,
-24.9437197237234));
#3200=CARTESIAN_POINT('Ctrl Pts',(2.45395995261059,-0.0598377540396575,
-24.9452669436587));
#3201=CARTESIAN_POINT('Ctrl Pts',(2.4528795575291,-0.0894606120594231,-24.9468141635941));
#3202=CARTESIAN_POINT('Ctrl Pts',(2.42333052087903,-0.899652117281521,-24.9891309598842));
#3203=CARTESIAN_POINT('Ctrl Pts',(1.95271387077785,-1.69375715036587,-25.0314477561742));
#3204=CARTESIAN_POINT('Ctrl Pts',(1.25621020705978,-2.10868614082962,-25.0737645524643));
#3205=CARTESIAN_POINT('Ctrl Pts',(0.559706543341671,-2.52361513129339,-25.1160813487544));
#3206=CARTESIAN_POINT('Ctrl Pts',(-0.362684133993331,-2.55936807913651,
-25.1583981450446));
#3207=CARTESIAN_POINT('Ctrl Pts',(-1.08921605972155,-2.1995976223149,-25.2007149413346));
#3208=CARTESIAN_POINT('Ctrl Pts',(-1.81574798544974,-1.83982716549331,-25.2430317376247));
#3209=CARTESIAN_POINT('Ctrl Pts',(-2.34642115957117,-1.08453330400696,-25.2853485339148));
#3210=CARTESIAN_POINT('Ctrl Pts',(-2.43859526771722,-0.279059931084534,
-25.3276653302049));
#3211=CARTESIAN_POINT('Ctrl Pts',(-2.53076937586328,0.526413441837915,-25.369982126495));
#3212=CARTESIAN_POINT('Ctrl Pts',(-2.18444441803399,1.38206632619649,-25.4122989227851));
#3213=CARTESIAN_POINT('Ctrl Pts',(-1.55797095865948,1.8966675556875,-25.4546157190752));
#3214=CARTESIAN_POINT('Ctrl Pts',(-0.931497499284994,2.41126878517847,-25.4969325153653));
#3215=CARTESIAN_POINT('Ctrl Pts',(-0.0248755383653348,2.58481835980191,
-25.5392493116553));
#3216=CARTESIAN_POINT('Ctrl Pts',(0.7473591075149,2.3379640051243,-25.5815661079454));
#3217=CARTESIAN_POINT('Ctrl Pts',(1.51959375339518,2.09110965044668,-25.6238829042355));
#3218=CARTESIAN_POINT('Ctrl Pts',(2.157441084236,1.42385136646798,-25.6661997005256));
#3219=CARTESIAN_POINT('Ctrl Pts',(2.36925742091179,0.641280436646257,-25.7085164968157));
#3220=CARTESIAN_POINT('Ctrl Pts',(2.42541236590598,0.433811890037147,-25.7197351658065));
#3221=CARTESIAN_POINT('Ctrl Pts',(2.45162410459929,0.218238697543427,-25.7309538347972));
#3222=CARTESIAN_POINT('Ctrl Pts',(2.44971766977679,0.00221050825523597,
-25.742172503788));
#3223=CARTESIAN_POINT('Origin',(0.,0.,-16.5));
#3224=CARTESIAN_POINT('',(2.44665844945515,-0.000666161199097404,-26.6578274962121));
#3225=CARTESIAN_POINT('',(2.44678366330712,-0.000871367483746507,-26.542172503788));
#3226=CARTESIAN_POINT('',(2.4505,-3.00099698131059E-16,-16.5));
#3227=CARTESIAN_POINT('Ctrl Pts',(2.44665844945515,-0.000666161199097404,
-26.6578274962121));
#3228=CARTESIAN_POINT('Ctrl Pts',(2.44556188596541,0.449319056744362,-26.6345325346297));
#3229=CARTESIAN_POINT('Ctrl Pts',(2.32681900079051,0.899842657828376,-26.6112375730473));
#3230=CARTESIAN_POINT('Ctrl Pts',(2.09397275542067,1.28058546068519,-26.5879426114649));
#3231=CARTESIAN_POINT('Ctrl Pts',(1.67099257159916,1.97222925543608,-26.5456258151749));
#3232=CARTESIAN_POINT('Ctrl Pts',(0.871482028647919,2.43360297775474,-26.5033090188847));
#3233=CARTESIAN_POINT('Ctrl Pts',(0.0610022935181359,2.45375217214516,-26.4609922225947));
#3234=CARTESIAN_POINT('Ctrl Pts',(-0.749477441611671,2.47390136653557,-26.4186754263046));
#3235=CARTESIAN_POINT('Ctrl Pts',(-1.57092636892,2.05282603299773,-26.3763586300145));
#3236=CARTESIAN_POINT('Ctrl Pts',(-2.0277524524246,1.38305494281768,-26.3340418337244));
#3237=CARTESIAN_POINT('Ctrl Pts',(-2.48457853592919,0.713283852637645,-26.2917250374343));
#3238=CARTESIAN_POINT('Ctrl Pts',(-2.57678177563005,-0.205182994184626,
-26.2494082411442));
#3239=CARTESIAN_POINT('Ctrl Pts',(-2.2622039687517,-0.952393932857925,-26.2070914448541));
#3240=CARTESIAN_POINT('Ctrl Pts',(-1.94762616187334,-1.69960487153122,-26.164774648564));
#3241=CARTESIAN_POINT('Ctrl Pts',(-1.22626730841581,-2.2755599020556,-26.122457852274));
#3242=CARTESIAN_POINT('Ctrl Pts',(-0.427955162471304,-2.41691443256966,
-26.0801410559839));
#3243=CARTESIAN_POINT('Ctrl Pts',(0.370356983473201,-2.55826896308373,-26.0378242596938));
#3244=CARTESIAN_POINT('Ctrl Pts',(1.24562242190465,-2.26502299358749,-25.9955074634037));
#3245=CARTESIAN_POINT('Ctrl Pts',(1.79764251772659,-1.67125772152234,-25.9531906671136));
#3246=CARTESIAN_POINT('Ctrl Pts',(2.21231148571811,-1.2252304220454,-25.9214029434797));
#3247=CARTESIAN_POINT('Ctrl Pts',(2.44458014388746,-0.609626622398047,-25.8896152198459));
#3248=CARTESIAN_POINT('Ctrl Pts',(2.4501096989596,0.00223254887390251,-25.857827496212));
#3249=CARTESIAN_POINT('Ctrl Pts',(2.44971766977679,0.00221050825523597,
-25.742172503788));
#3250=CARTESIAN_POINT('Ctrl Pts',(2.44443303638162,-0.59661918680606,-25.7732706310873));
#3251=CARTESIAN_POINT('Ctrl Pts',(2.22308912916196,-1.19894506475243,-25.8043687583866));
#3252=CARTESIAN_POINT('Ctrl Pts',(1.82455906631008,-1.64182993582879,-25.835466885686));
#3253=CARTESIAN_POINT('Ctrl Pts',(1.28225903252183,-2.24448580281735,-25.8777836819761));
#3254=CARTESIAN_POINT('Ctrl Pts',(0.411873622434631,-2.55191396112979,-25.9201004782661));
#3255=CARTESIAN_POINT('Ctrl Pts',(-0.388629828050017,-2.42354867531266,
-25.9624172745562));
#3256=CARTESIAN_POINT('Ctrl Pts',(-1.18913327853469,-2.29518338949553,-26.0047340708463));
#3257=CARTESIAN_POINT('Ctrl Pts',(-1.91975476941676,-1.73102465954878,-26.0470508671364));
#3258=CARTESIAN_POINT('Ctrl Pts',(-2.24643138363115,-0.989023439685796,
-26.0893676634265));
#3259=CARTESIAN_POINT('Ctrl Pts',(-2.57310799784553,-0.247022219822811,
-26.1316844597166));
#3260=CARTESIAN_POINT('Ctrl Pts',(-2.49583973539223,0.672821489956438,-26.1740012560067));
#3261=CARTESIAN_POINT('Ctrl Pts',(-2.04995605523018,1.34992647758091,-26.2163180522968));
#3262=CARTESIAN_POINT('Ctrl Pts',(-1.60407237506813,2.0270314652054,-26.2586348485869));
#3263=CARTESIAN_POINT('Ctrl Pts',(-0.789573277197301,2.46139773067512,-26.300951644877));
#3264=CARTESIAN_POINT('Ctrl Pts',(0.0211268681492157,2.45441947939832,-26.3432684411671));
#3265=CARTESIAN_POINT('Ctrl Pts',(0.831827013495662,2.44744122812151,-26.3855852374571));
#3266=CARTESIAN_POINT('Ctrl Pts',(1.63872820631777,1.9991184600983,-26.4279020337472));
#3267=CARTESIAN_POINT('Ctrl Pts',(2.07289006874367,1.31443831823006,-26.4702188300373));
#3268=CARTESIAN_POINT('Ctrl Pts',(2.31896683370655,0.926371357664152,-26.4942033879542));
#3269=CARTESIAN_POINT('Ctrl Pts',(2.44530253960304,0.46237551073074,-26.5181879458711));
#3270=CARTESIAN_POINT('Ctrl Pts',(2.44678366330712,-0.000871367483746507,
-26.542172503788));
#3271=CARTESIAN_POINT('Origin',(0.,0.,-16.5));
#3272=CARTESIAN_POINT('',(2.45254596419415,-0.00185543333492244,-27.4578274962121));
#3273=CARTESIAN_POINT('',(2.45290147523763,-0.0017145583915196,-27.342172503788));
#3274=CARTESIAN_POINT('',(2.4505,-3.00099698131059E-16,-16.5));
#3275=CARTESIAN_POINT('Ctrl Pts',(2.45254596419415,-0.00185543333492244,
-27.4578274962121));
#3276=CARTESIAN_POINT('Ctrl Pts',(2.44671797989197,0.690479388328548,-27.4217666457035));
#3277=CARTESIAN_POINT('Ctrl Pts',(2.13944302824959,1.38734033212883,-27.385705795195));
#3278=CARTESIAN_POINT('Ctrl Pts',(1.62055578003121,1.84348060482832,-27.3496449446865));
#3279=CARTESIAN_POINT('Ctrl Pts',(1.01165039730308,2.37875347630366,-27.3073281483964));
#3280=CARTESIAN_POINT('Ctrl Pts',(0.111341670635924,2.58253895480123,-27.2650113521063));
#3281=CARTESIAN_POINT('Ctrl Pts',(-0.668719802751706,2.36165947260591,-27.2226945558163));
#3282=CARTESIAN_POINT('Ctrl Pts',(-1.44878127613931,2.1407799904106,-27.1803777595262));
#3283=CARTESIAN_POINT('Ctrl Pts',(-2.10859549624741,1.49523554752241,-27.1380609632361));
#3284=CARTESIAN_POINT('Ctrl Pts',(-2.34647556561991,0.720189442469855,-27.095744166946));
#3285=CARTESIAN_POINT('Ctrl Pts',(-2.58435563499243,-0.0548566625827258,
-27.0534273706559));
#3286=CARTESIAN_POINT('Ctrl Pts',(-2.40030155362933,-0.959404429799688,
-27.0111105743658));
#3287=CARTESIAN_POINT('Ctrl Pts',(-1.87846820202543,-1.57986656490192,-26.9687937780757));
#3288=CARTESIAN_POINT('Ctrl Pts',(-1.35663485042154,-2.20032870000414,-26.9264769817856));
#3289=CARTESIAN_POINT('Ctrl Pts',(-0.497022228576864,-2.53670520299164,
-26.8841601854956));
#3290=CARTESIAN_POINT('Ctrl Pts',(0.307327781571787,-2.43519418156086,-26.8418433892055));
#3291=CARTESIAN_POINT('Ctrl Pts',(1.11167779172044,-2.33368316013008,-26.7995265929154));
#3292=CARTESIAN_POINT('Ctrl Pts',(1.86076519017306,-1.79428461428103,-26.7572097966253));
#3293=CARTESIAN_POINT('Ctrl Pts',(2.2120839770535,-1.06362840776495,-26.7148930003352));
#3294=CARTESIAN_POINT('Ctrl Pts',(2.37000538130972,-0.735190935957315,-26.6958711656275));
#3295=CARTESIAN_POINT('Ctrl Pts',(2.44755386408696,-0.368108039408178,-26.6768493309198));
#3296=CARTESIAN_POINT('Ctrl Pts',(2.44665844945515,-0.000666161199097404,
-26.6578274962121));
#3297=CARTESIAN_POINT('Ctrl Pts',(2.44678366330712,-0.000871367483746507,
-26.542172503788));
#3298=CARTESIAN_POINT('Ctrl Pts',(2.44791573807362,-0.35494719521001,-26.5605047421612));
#3299=CARTESIAN_POINT('Ctrl Pts',(2.37610675772992,-0.708585469362806,-26.5788369805344));
#3300=CARTESIAN_POINT('Ctrl Pts',(2.22907337716105,-1.02754717282531,-26.5971692189076));
#3301=CARTESIAN_POINT('Ctrl Pts',(1.88967229112285,-1.76381500629907,-26.6394860151977));
#3302=CARTESIAN_POINT('Ctrl Pts',(1.14944758701682,-2.31531315753327,-26.6818028114877));
#3303=CARTESIAN_POINT('Ctrl Pts',(0.346853053858646,-2.42987948077681,-26.7241196077778));
#3304=CARTESIAN_POINT('Ctrl Pts',(-0.455741479299525,-2.54444580402036,
-26.7664364040679));
#3305=CARTESIAN_POINT('Ctrl Pts',(-1.32070584150983,-2.22208029927325,-26.808753200358));
#3306=CARTESIAN_POINT('Ctrl Pts',(-1.85255133844594,-1.61017852764221,-26.8510699966481));
#3307=CARTESIAN_POINT('Ctrl Pts',(-2.38439683538201,-0.998276756011219,
-26.8933867929382));
#3308=CARTESIAN_POINT('Ctrl Pts',(-2.58312346704393,-0.0968387174963364,
-26.9357035892283));
#3309=CARTESIAN_POINT('Ctrl Pts',(-2.35786728132447,0.681970032415742,-26.9780203855184));
#3310=CARTESIAN_POINT('Ctrl Pts',(-2.13261109560499,1.46077878232787,-27.0203371818085));
#3311=CARTESIAN_POINT('Ctrl Pts',(-1.48337209250409,2.11695824363717,-27.0626539780985));
#3312=CARTESIAN_POINT('Ctrl Pts',(-0.707002469056737,2.35048269635192,-27.1049707743886));
#3313=CARTESIAN_POINT('Ctrl Pts',(0.0693671543905906,2.58400714906667,-27.1472875706787));
#3314=CARTESIAN_POINT('Ctrl Pts',(0.972867398184354,2.39487659318689,-27.1896043669688));
#3315=CARTESIAN_POINT('Ctrl Pts',(1.59038958307067,1.86956745067055,-27.2319211632589));
#3316=CARTESIAN_POINT('Ctrl Pts',(2.12668292802231,1.41335744871631,-27.2686716101019));
#3317=CARTESIAN_POINT('Ctrl Pts',(2.44728508603204,0.703593874669452,-27.3054220569449));
#3318=CARTESIAN_POINT('Ctrl Pts',(2.45290147523763,-0.0017145583915196,
-27.342172503788));
#3319=CARTESIAN_POINT('Origin',(0.,0.,-16.5));
#3320=CARTESIAN_POINT('',(2.45239573773811,0.00190808398854665,-28.257827496212));
#3321=CARTESIAN_POINT('',(2.4520311744278,0.00201466698929219,-28.1421725037879));
#3322=CARTESIAN_POINT('',(2.4505,-3.00099698131059E-16,-16.5));
#3323=CARTESIAN_POINT('Ctrl Pts',(2.45239573773811,0.00190808398854665,
-28.257827496212));
#3324=CARTESIAN_POINT('Ctrl Pts',(2.45345665136437,0.126914074554599,-28.2513175530675));
#3325=CARTESIAN_POINT('Ctrl Pts',(2.44471612977695,0.251769681440143,-28.2448076099229));
#3326=CARTESIAN_POINT('Ctrl Pts',(2.42565539062618,0.375028496289229,-28.2382976667784));
#3327=CARTESIAN_POINT('Ctrl Pts',(2.30175424466031,1.17625180087303,-28.1959808704883));
#3328=CARTESIAN_POINT('Ctrl Pts',(1.74177926968259,1.91000373547855,-28.1536640741982));
#3329=CARTESIAN_POINT('Ctrl Pts',(1.00164128948642,2.2408354653143,-28.1113472779081));
#3330=CARTESIAN_POINT('Ctrl Pts',(0.261503309290212,2.57166719515006,-28.0690304816181));
#3331=CARTESIAN_POINT('Ctrl Pts',(-0.658797676124476,2.49957872021601,-28.026713685328));
#3332=CARTESIAN_POINT('Ctrl Pts',(-1.33840467421276,2.05750731870135,-27.9843968890379));
#3333=CARTESIAN_POINT('Ctrl Pts',(-2.01801167230105,1.61543591718669,-27.9420800927478));
#3334=CARTESIAN_POINT('Ctrl Pts',(-2.45692468306292,0.803381589091411,-27.8997632964577));
#3335=CARTESIAN_POINT('Ctrl Pts',(-2.45449397953175,-0.00734662576089028,
-27.8574465001676));
#3336=CARTESIAN_POINT('Ctrl Pts',(-2.45206327600057,-0.818074840613192,
-27.8151297038775));
#3337=CARTESIAN_POINT('Ctrl Pts',(-2.00828885817634,-1.62747694222252,-27.7728129075874));
#3338=CARTESIAN_POINT('Ctrl Pts',(-1.32605987460381,-2.06547561533677,-27.7304961112973));
#3339=CARTESIAN_POINT('Ctrl Pts',(-0.643830891031281,-2.50347428845103,
-27.6881793150072));
#3340=CARTESIAN_POINT('Ctrl Pts',(0.276852658289539,-2.57006953307021,-27.6458625187171));
#3341=CARTESIAN_POINT('Ctrl Pts',(1.01501593840448,-2.23480849169042,-27.6035457224271));
#3342=CARTESIAN_POINT('Ctrl Pts',(1.75317921851943,-1.89954745031062,-27.561228926137));
#3343=CARTESIAN_POINT('Ctrl Pts',(2.3088222294285,-1.16243012293186,-27.5189121298469));
#3344=CARTESIAN_POINT('Ctrl Pts',(2.42789271548846,-0.360491327015933,-27.4765953335568));
#3345=CARTESIAN_POINT('Ctrl Pts',(2.44549561954271,-0.241935905357673,-27.4703393877752));
#3346=CARTESIAN_POINT('Ctrl Pts',(2.45355702059732,-0.12196377925448,-27.4640834419936));
#3347=CARTESIAN_POINT('Ctrl Pts',(2.45254596419415,-0.00185543333492244,
-27.4578274962121));
#3348=CARTESIAN_POINT('Ctrl Pts',(2.45290147523763,-0.0017145583915196,
-27.342172503788));
#3349=CARTESIAN_POINT('Ctrl Pts',(2.45375215292007,-0.108543006577607,-27.347738853235));
#3350=CARTESIAN_POINT('Ctrl Pts',(2.44737668648087,-0.21526924858794,-27.3533052026821));
#3351=CARTESIAN_POINT('Ctrl Pts',(2.43343005209861,-0.320996768716689,-27.3588715521292));
#3352=CARTESIAN_POINT('Ctrl Pts',(2.32740421026134,-1.12476411643449,-27.4011883484193));
#3353=CARTESIAN_POINT('Ctrl Pts',(1.78380840060801,-1.87081108271719,-27.4435051447093));
#3354=CARTESIAN_POINT('Ctrl Pts',(1.05119080929627,-2.21802160738581,-27.4858219409994));
#3355=CARTESIAN_POINT('Ctrl Pts',(0.318573217984497,-2.56523213205445,-27.5281387372895));
#3356=CARTESIAN_POINT('Ctrl Pts',(-0.603066154985696,-2.51360621510897,
-27.5704555335796));
#3357=CARTESIAN_POINT('Ctrl Pts',(-1.29232361508205,-2.08674909340326,-27.6127723298697));
#3358=CARTESIAN_POINT('Ctrl Pts',(-1.98158107517841,-1.65989197169755,-27.6550891261598));
#3359=CARTESIAN_POINT('Ctrl Pts',(-2.43845662240094,-0.857803645231614,
-27.6974059224499));
#3360=CARTESIAN_POINT('Ctrl Pts',(-2.45405528063649,-0.0472234018450506,
-27.73972271874));
#3361=CARTESIAN_POINT('Ctrl Pts',(-2.46965393887204,0.763356841541513,-27.7820395150301));
#3362=CARTESIAN_POINT('Ctrl Pts',(-2.04397570812063,1.5824290018487,-27.8243563113201));
#3363=CARTESIAN_POINT('Ctrl Pts',(-1.37164867316202,2.03548681943721,-27.8666731076102));
#3364=CARTESIAN_POINT('Ctrl Pts',(-0.699321638203442,2.48854463702569,-27.9089899039003));
#3365=CARTESIAN_POINT('Ctrl Pts',(0.219654200962306,2.57558811189554,-27.9513067001904));
#3366=CARTESIAN_POINT('Ctrl Pts',(0.965084401841552,2.25682004785262,-27.9936234964805));
#3367=CARTESIAN_POINT('Ctrl Pts',(1.71051460272084,1.93805198380968,-28.0359402927706));
#3368=CARTESIAN_POINT('Ctrl Pts',(2.28239916531361,1.21347238085393,-28.0782570890607));
#3369=CARTESIAN_POINT('Ctrl Pts',(2.41927380391841,0.414378196251729,-28.1205738853508));
#3370=CARTESIAN_POINT('Ctrl Pts',(2.44256087786328,0.27842484831651,-28.1277734248298));
#3371=CARTESIAN_POINT('Ctrl Pts',(2.45325629036371,0.1403146245653,-28.1349729643089));
#3372=CARTESIAN_POINT('Ctrl Pts',(2.4520311744278,0.00201466698929219,-28.1421725037879));
#3373=CARTESIAN_POINT('Origin',(0.,0.,-16.5));
#3374=CARTESIAN_POINT('',(2.4505,-3.00099698131059E-16,-29.));
#3375=CARTESIAN_POINT('',(2.44689603846195,0.000314773244747169,-28.9421725037879));
#3376=CARTESIAN_POINT('',(2.4505,-3.00099698131059E-16,-16.5));
#3377=CARTESIAN_POINT('',(2.20207516956605,1.07508846035137,-29.));
#3378=CARTESIAN_POINT('Origin',(0.,0.,-29.));
#3379=CARTESIAN_POINT('Ctrl Pts',(2.20207516956608,1.0750884603513,-29.));
#3380=CARTESIAN_POINT('Ctrl Pts',(1.84476377785955,1.80695990395598,-28.9576832037099));
#3381=CARTESIAN_POINT('Ctrl Pts',(1.09705144345833,2.34041113162358,-28.9153664074198));
#3382=CARTESIAN_POINT('Ctrl Pts',(0.293424507015076,2.4367153034394,-28.8730496111297));
#3383=CARTESIAN_POINT('Ctrl Pts',(-0.510202429428221,2.53301947525522,-28.8307328148396));
#3384=CARTESIAN_POINT('Ctrl Pts',(-1.36974396791353,2.19217659121925,-28.7884160185496));
#3385=CARTESIAN_POINT('Ctrl Pts',(-1.88834783341233,1.56876669077098,-28.7460992222595));
#3386=CARTESIAN_POINT('Ctrl Pts',(-2.4069516989111,0.945356790322721,-28.7037824259694));
#3387=CARTESIAN_POINT('Ctrl Pts',(-2.58461789142333,0.0393798734621646,
-28.6614656296793));
#3388=CARTESIAN_POINT('Ctrl Pts',(-2.34186946840496,-0.734310918925938,
-28.6191488333892));
#3389=CARTESIAN_POINT('Ctrl Pts',(-2.09912104538659,-1.50800171131402,-28.5768320370991));
#3390=CARTESIAN_POINT('Ctrl Pts',(-1.43595800683764,-2.14940637922969,-28.534515240809));
#3391=CARTESIAN_POINT('Ctrl Pts',(-0.654708797765061,-2.36557089823312,
-28.4921984445189));
#3392=CARTESIAN_POINT('Ctrl Pts',(0.126540411307541,-2.58173541723654,-28.4498816482288));
#3393=CARTESIAN_POINT('Ctrl Pts',(1.02587579090374,-2.37265978732773,-28.4075648519388));
#3394=CARTESIAN_POINT('Ctrl Pts',(1.63162982222488,-1.83377463509226,-28.3652480556487));
#3395=CARTESIAN_POINT('Ctrl Pts',(2.14419569543387,-1.37779064764356,-28.3294412025031));
#3396=CARTESIAN_POINT('Ctrl Pts',(2.44656035982896,-0.685666453472867,-28.2936343493576));
#3397=CARTESIAN_POINT('Ctrl Pts',(2.45239573773811,0.00190808398854665,
-28.257827496212));
#3398=CARTESIAN_POINT('Ctrl Pts',(2.4520311744278,0.00201466698929219,-28.1421725037879));
#3399=CARTESIAN_POINT('Ctrl Pts',(2.44605541569076,-0.672572248087365,-28.177289760599));
#3400=CARTESIAN_POINT('Ctrl Pts',(2.15646593440417,-1.3516733184409,-28.21240701741));
#3401=CARTESIAN_POINT('Ctrl Pts',(1.6611481561441,-1.80700042636315,-28.2475242742211));
#3402=CARTESIAN_POINT('Ctrl Pts',(1.06428315514814,-2.35567609812716,-28.2898410705112));
#3403=CARTESIAN_POINT('Ctrl Pts',(0.168688438539362,-2.57941867540652,-28.3321578668012));
#3404=CARTESIAN_POINT('Ctrl Pts',(-0.616072505737055,-2.37593851344454,
-28.3744746630913));
#3405=CARTESIAN_POINT('Ctrl Pts',(-1.40083345001343,-2.17245835148257,-28.4167914593814));
#3406=CARTESIAN_POINT('Ctrl Pts',(-2.07476062195746,-1.54175545027932,-28.4591082556715));
#3407=CARTESIAN_POINT('Ctrl Pts',(-2.32984638016349,-0.772183121301737,
-28.5014250519616));
#3408=CARTESIAN_POINT('Ctrl Pts',(-2.58493213836955,-0.00261079232411213,
-28.5437418482517));
#3409=CARTESIAN_POINT('Ctrl Pts',(-2.42117648283757,0.905830964427854,-28.5860586445417));
#3410=CARTESIAN_POINT('Ctrl Pts',(-1.91320015228026,1.5377290506849,-28.6283754408318));
#3411=CARTESIAN_POINT('Ctrl Pts',(-1.40522382172295,2.16962713694194,-28.6706922371219));
#3412=CARTESIAN_POINT('Ctrl Pts',(-0.553026816140308,2.52498155270405,-28.713009033412));
#3413=CARTESIAN_POINT('Ctrl Pts',(0.253255736000402,2.44139939149985,-28.7553258297021));
#3414=CARTESIAN_POINT('Ctrl Pts',(1.05953828814111,2.35781723029564,-28.7976426259922));
#3415=CARTESIAN_POINT('Ctrl Pts',(1.8199063868399,1.83529849212511,-28.8399594222823));
#3416=CARTESIAN_POINT('Ctrl Pts',(2.18762611370056,1.11259073676831,-28.8822762185724));
#3417=CARTESIAN_POINT('Ctrl Pts',(2.36111944314553,0.771611002656666,-28.9022416469776));
#3418=CARTESIAN_POINT('Ctrl Pts',(2.44720792774884,0.386068521718242,-28.9222070753827));
#3419=CARTESIAN_POINT('Ctrl Pts',(2.44689603846195,0.000314773244747169,
-28.9421725037879));
#3420=CARTESIAN_POINT('Origin',(0.,0.,-2.5209548813952));
#3421=CARTESIAN_POINT('',(1.99629316378416,0.00155321384879629,-28.5209548813952));
#3422=CARTESIAN_POINT('',(1.99181631206774,0.000256230945161889,-28.6790451186048));
#3423=CARTESIAN_POINT('',(1.99475,4.03981020633857E-13,-2.5209548813952));
#3424=CARTESIAN_POINT('',(-1.62476522442117,1.16283646625957,-29.));
#3425=CARTESIAN_POINT('Ctrl Pts',(1.99629316378416,0.00155321384879637,
-28.5209548813952));
#3426=CARTESIAN_POINT('Ctrl Pts',(1.99154306377021,-0.558144524817278,-28.5567617345407));
#3427=CARTESIAN_POINT('Ctrl Pts',(1.4545345505276,-1.78737739577616,-28.6348853839764));
#3428=CARTESIAN_POINT('Ctrl Pts',(-0.629068664759736,-2.27176916396379,
-28.7553258297021));
#3429=CARTESIAN_POINT('Ctrl Pts',(-2.20931376052291,-0.743371889153244,
-28.8792006827582));
#3430=CARTESIAN_POINT('Ctrl Pts',(-1.97851533628789,0.662907273768406,-28.9607587395241));
#3431=CARTESIAN_POINT('Ctrl Pts',(-1.62477022659427,1.16284204387064,-29.));
#3432=CARTESIAN_POINT('',(-1.62253437445169,-1.16034898466913,-29.));
#3433=CARTESIAN_POINT('Origin',(0.,0.,-29.));
#3434=CARTESIAN_POINT('Ctrl Pts',(1.99181631206774,0.000256230945161993,
-28.6790451186048));
#3435=CARTESIAN_POINT('Ctrl Pts',(1.99153208875471,-0.351279435862473,-28.7013964864897));
#3436=CARTESIAN_POINT('Ctrl Pts',(1.73568240721166,-1.3689846865634,-28.7660646506647));
#3437=CARTESIAN_POINT('Ctrl Pts',(0.107610204394135,-2.35413582972688,-28.8730496111297));
#3438=CARTESIAN_POINT('Ctrl Pts',(-1.23688619212275,-1.69960694976487,-28.9576832037099));
#3439=CARTESIAN_POINT('Ctrl Pts',(-1.62253437445175,-1.16034898466903,-29.));
#3440=CARTESIAN_POINT('Origin',(0.,0.,-2.5209548813952));
#3441=CARTESIAN_POINT('',(1.99641545075547,-0.00151035529265541,-27.7209548813952));
#3442=CARTESIAN_POINT('',(1.99599640285242,0.00163997428194548,-27.8790451186048));
#3443=CARTESIAN_POINT('',(1.99475,4.03981020633857E-13,-2.5209548813952));
#3444=CARTESIAN_POINT('Ctrl Pts',(1.99641545075547,-0.00151035529265557,
-27.7209548813952));
#3445=CARTESIAN_POINT('Ctrl Pts',(1.99723846840911,-0.0992806564651036,
-27.7272108271768));
#3446=CARTESIAN_POINT('Ctrl Pts',(1.94628849755456,-0.857533010728559,-27.7757835692485));
#3447=CARTESIAN_POINT('Ctrl Pts',(0.974815486688776,-2.14629139575427,-27.8666731076102));
#3448=CARTESIAN_POINT('Ctrl Pts',(-1.27354220766872,-1.98366230266625,-27.9936234964805));
#3449=CARTESIAN_POINT('Ctrl Pts',(-2.35726269730953,-0.00705976173361119,
-28.1205738853508));
#3450=CARTESIAN_POINT('Ctrl Pts',(-1.2854140196309,1.97601965589715,-28.2475242742211));
#3451=CARTESIAN_POINT('Ctrl Pts',(0.962009433528749,2.15206350659067,-28.3744746630913));
#3452=CARTESIAN_POINT('Ctrl Pts',(1.94379236436615,0.865604009194005,-28.465618198816));
#3453=CARTESIAN_POINT('Ctrl Pts',(1.99715676609225,0.103310283704576,-28.5144449382507));
#3454=CARTESIAN_POINT('Ctrl Pts',(1.99629316378416,0.00155321384879637,
-28.5209548813952));
#3455=CARTESIAN_POINT('Ctrl Pts',(1.99599640285242,0.00163997428194533,
-27.8790451186048));
#3456=CARTESIAN_POINT('Ctrl Pts',(1.99113203038132,-0.54748561186351,-27.9141623754158));
#3457=CARTESIAN_POINT('Ctrl Pts',(1.47134198463516,-1.76641792548618,-27.991596428517));
#3458=CARTESIAN_POINT('Ctrl Pts',(-0.591714465692165,-2.28182244798824,
-28.1113472779081));
#3459=CARTESIAN_POINT('Ctrl Pts',(-2.23748009666802,-0.741612761587273,
-28.2382976667784));
#3460=CARTESIAN_POINT('Ctrl Pts',(-1.83758016538174,1.47684983088075,-28.3652480556487));
#3461=CARTESIAN_POINT('Ctrl Pts',(0.243529783876708,2.34464402085204,-28.492198444519));
#3462=CARTESIAN_POINT('Ctrl Pts',(1.77346306998548,1.29328638037419,-28.5967974655043));
#3463=CARTESIAN_POINT('Ctrl Pts',(1.99207019542005,0.31426655119294,-28.6590796901996));
#3464=CARTESIAN_POINT('Ctrl Pts',(1.99181631206774,0.000256230945161993,
-28.6790451186048));
#3465=CARTESIAN_POINT('Origin',(0.,0.,-2.5209548813952));
#3466=CARTESIAN_POINT('',(1.99162291044712,-0.000542266905185357,-26.9209548813952));
#3467=CARTESIAN_POINT('',(1.99670484298317,-0.00139568061622269,-27.0790451186048));
#3468=CARTESIAN_POINT('',(1.99475,4.03981020633857E-13,-2.5209548813952));
#3469=CARTESIAN_POINT('Ctrl Pts',(1.99162291044712,-0.00054226690518553,
-26.9209548813952));
#3470=CARTESIAN_POINT('Ctrl Pts',(1.99235179366969,-0.299646403431507,-26.9399767161029));
#3471=CARTESIAN_POINT('Ctrl Pts',(1.78879352539036,-1.26320824320574,-27.0013153471007));
#3472=CARTESIAN_POINT('Ctrl Pts',(0.295154942653003,-2.33873892389384,-27.1049707743886));
#3473=CARTESIAN_POINT('Ctrl Pts',(-1.80406433189265,-1.51728979595963,-27.2319211632589));
#3474=CARTESIAN_POINT('Ctrl Pts',(-2.25353408761487,0.691663469075243,-27.3588715521292));
#3475=CARTESIAN_POINT('Ctrl Pts',(-0.642233027961008,2.26811698156406,-27.4858219409994));
#3476=CARTESIAN_POINT('Ctrl Pts',(1.44802413805071,1.79498588315132,-27.6065163840881));
#3477=CARTESIAN_POINT('Ctrl Pts',(1.99167136926727,0.562062338244667,-27.6848940308867));
#3478=CARTESIAN_POINT('Ctrl Pts',(1.99641545075547,-0.00151035529265557,
-27.7209548813952));
#3479=CARTESIAN_POINT('Ctrl Pts',(1.99670484298317,-0.00139568061622272,
-27.0790451186048));
#3480=CARTESIAN_POINT('Ctrl Pts',(1.99739730954392,-0.0883559120055774,
-27.0846114680518));
#3481=CARTESIAN_POINT('Ctrl Pts',(1.95275384014619,-0.835694128679279,-27.132494613789));
#3482=CARTESIAN_POINT('Ctrl Pts',(1.00955481159231,-2.13016837104368,-27.2226945558162));
#3483=CARTESIAN_POINT('Ctrl Pts',(-1.24113705443372,-2.00409516415496,-27.3496449446866));
#3484=CARTESIAN_POINT('Ctrl Pts',(-2.35685119173899,-0.0453532471365234,
-27.4765953335568));
#3485=CARTESIAN_POINT('Ctrl Pts',(-1.31732254355539,1.95486408619068,-27.6035457224271));
#3486=CARTESIAN_POINT('Ctrl Pts',(0.926864832705711,2.1674288339932,-27.7304961112973));
#3487=CARTESIAN_POINT('Ctrl Pts',(1.93711459305359,0.88743909809224,-27.8223292433566));
#3488=CARTESIAN_POINT('Ctrl Pts',(1.99699366872187,0.114218566558812,-27.8718455791257));
#3489=CARTESIAN_POINT('Ctrl Pts',(1.99599640285242,0.00163997428194533,
-27.8790451186048));
#3490=CARTESIAN_POINT('Origin',(0.,0.,-2.5209548813952));
#3491=CARTESIAN_POINT('',(1.99443228810433,0.00181733395900457,-26.1209548813952));
#3492=CARTESIAN_POINT('',(1.9917248367198,-0.000709308421507626,-26.2790451186048));
#3493=CARTESIAN_POINT('',(1.99475,4.03981020633857E-13,-2.5209548813952));
#3494=CARTESIAN_POINT('Ctrl Pts',(1.99443228810433,0.00181733395900462,
-26.1209548813952));
#3495=CARTESIAN_POINT('Ctrl Pts',(1.98993113324611,-0.496246768018046,-26.1527426050291));
#3496=CARTESIAN_POINT('Ctrl Pts',(1.54916354887975,-1.66445517734862,-26.226847124953));
#3497=CARTESIAN_POINT('Ctrl Pts',(-0.411004342186426,-2.32118319190531,
-26.343268441167));
#3498=CARTESIAN_POINT('Ctrl Pts',(-2.17260063633188,-0.914670687756988,
-26.4702188300373));
#3499=CARTESIAN_POINT('Ctrl Pts',(-1.94743547119018,1.32827370240662,-26.5971692189075));
#3500=CARTESIAN_POINT('Ctrl Pts',(0.058586052272256,2.35656183328767,-26.7241196077778));
#3501=CARTESIAN_POINT('Ctrl Pts',(1.71848458228407,1.39868382878279,-26.8320481619404));
#3502=CARTESIAN_POINT('Ctrl Pts',(1.99073028852454,0.36575359658901,-26.8976599198128));
#3503=CARTESIAN_POINT('Ctrl Pts',(1.99162291044712,-0.00054226690518553,
-26.9209548813952));
#3504=CARTESIAN_POINT('Ctrl Pts',(1.9917248367198,-0.000709308421507522,
-26.2790451186048));
#3505=CARTESIAN_POINT('Ctrl Pts',(1.99264636544482,-0.288933245314932,-26.297377356978));
#3506=CARTESIAN_POINT('Ctrl Pts',(1.79926219409557,-1.24129385922631,-26.3580263916413));
#3507=CARTESIAN_POINT('Ctrl Pts',(0.33311460750316,-2.33363471053413,-26.4609922225947));
#3508=CARTESIAN_POINT('Ctrl Pts',(-1.77917389874332,-1.5464011778744,-26.587942611465));
#3509=CARTESIAN_POINT('Ctrl Pts',(-2.26447479469234,0.654957965966797,-26.7148930003352));
#3510=CARTESIAN_POINT('Ctrl Pts',(-0.678998971674025,2.25738275329195,-26.8418433892055));
#3511=CARTESIAN_POINT('Ctrl Pts',(1.43065314666677,1.81576729098802,-26.9632274286287));
#3512=CARTESIAN_POINT('Ctrl Pts',(1.9921330036164,0.572737760252138,-27.0422946717618));
#3513=CARTESIAN_POINT('Ctrl Pts',(1.99670484298317,-0.00139568061622272,
-27.0790451186048));
#3514=CARTESIAN_POINT('Origin',(0.,0.,-2.5209548813952));
#3515=CARTESIAN_POINT('',(1.99776777068373,-0.000634220899366925,-25.3209548813952));
#3516=CARTESIAN_POINT('',(1.99411316947042,0.00179939250910706,-25.4790451186048));
#3517=CARTESIAN_POINT('',(1.99475,4.03981020633857E-13,-2.5209548813952));
#3518=CARTESIAN_POINT('Ctrl Pts',(1.99776777068373,-0.000634220899366875,
-25.3209548813952));
#3519=CARTESIAN_POINT('Ctrl Pts',(1.99791310236519,-0.0355298730391392,
-25.3231916976651));
#3520=CARTESIAN_POINT('Ctrl Pts',(1.98127672467704,-0.730451072988151,-25.3677453102251));
#3521=CARTESIAN_POINT('Ctrl Pts',(1.17338998540948,-2.04449796284408,-25.4546157190752));
#3522=CARTESIAN_POINT('Ctrl Pts',(-1.08025779110203,-2.09519905563921,-25.5815661079454));
#3523=CARTESIAN_POINT('Ctrl Pts',(-2.34605050818538,-0.22991953248126,-25.7085164968157));
#3524=CARTESIAN_POINT('Ctrl Pts',(-1.46646840463206,1.84561274258471,-25.835466885686));
#3525=CARTESIAN_POINT('Ctrl Pts',(0.754143816529437,2.23340168398587,-25.9624172745562));
#3526=CARTESIAN_POINT('Ctrl Pts',(1.90177139133165,0.993125413191787,-26.0575799397927));
#3527=CARTESIAN_POINT('Ctrl Pts',(1.99592320916194,0.166791497494151,-26.110425808739));
#3528=CARTESIAN_POINT('Ctrl Pts',(1.99443228810433,0.00181733395900462,
-26.1209548813952));
#3529=CARTESIAN_POINT('Ctrl Pts',(1.99411316947042,0.00179939250910706,
-25.4790451186048));
#3530=CARTESIAN_POINT('Ctrl Pts',(1.98981138515511,-0.485658487198684,-25.5101432459041));
#3531=CARTESIAN_POINT('Ctrl Pts',(1.56445647260604,-1.64314357164599,-25.5835581694935));
#3532=CARTESIAN_POINT('Ctrl Pts',(-0.373236640856941,-2.32755465935828,
-25.6992898893731));
#3533=CARTESIAN_POINT('Ctrl Pts',(-2.15745278319976,-0.94984934220521,-25.8262402782433));
#3534=CARTESIAN_POINT('Ctrl Pts',(-1.96875961870845,1.29645741978067,-25.9531906671136));
#3535=CARTESIAN_POINT('Ctrl Pts',(0.0202900554123754,2.3572027061048,-26.0801410559839));
#3536=CARTESIAN_POINT('Ctrl Pts',(1.70623639246644,1.42047323378486,-26.1887592064809));
#3537=CARTESIAN_POINT('Ctrl Pts',(1.99051917603466,0.376381779241412,-26.2550605606879));
#3538=CARTESIAN_POINT('Ctrl Pts',(1.9917248367198,-0.000709308421507522,
-26.2790451186048));
#3539=CARTESIAN_POINT('Origin',(0.,0.,-2.5209548813952));
#3540=CARTESIAN_POINT('',(1.99257792778927,-0.00139658262778462,-24.5209548813952));
#3541=CARTESIAN_POINT('',(1.99789294848389,-0.000444444879245109,-24.6790451186048));
#3542=CARTESIAN_POINT('',(1.99475,4.03981020633857E-13,-2.5209548813952));
#3543=CARTESIAN_POINT('Ctrl Pts',(1.99257792778927,-0.00139658262778453,
-24.5209548813952));
#3544=CARTESIAN_POINT('Ctrl Pts',(1.99410181915263,-0.237019770243161,-24.5359575865912));
#3545=CARTESIAN_POINT('Ctrl Pts',(1.8465124842614,-1.13539728277079,-24.5932770880773));
#3546=CARTESIAN_POINT('Ctrl Pts',(0.51497659759142,-2.30035107797647,-24.6929133858536));
#3547=CARTESIAN_POINT('Ctrl Pts',(-1.65251051715749,-1.6810785135435,-24.8198637747238));
#3548=CARTESIAN_POINT('Ctrl Pts',(-2.30883900957013,0.475477029845698,-24.9468141635941));
#3549=CARTESIAN_POINT('Ctrl Pts',(-0.853821195445329,2.19722673937252,-25.0737645524643));
#3550=CARTESIAN_POINT('Ctrl Pts',(1.34258992748886,1.91476154995242,-25.1984781250648));
#3551=CARTESIAN_POINT('Ctrl Pts',(1.99516367173847,0.624637089659428,-25.280874901375));
#3552=CARTESIAN_POINT('Ctrl Pts',(1.99776777068373,-0.000634220899366875,
-25.3209548813952));
#3553=CARTESIAN_POINT('Ctrl Pts',(1.99789294848389,-0.000444444879245244,
-24.6790451186048));
#3554=CARTESIAN_POINT('Ctrl Pts',(1.99796594894971,-0.0245779501101995,
-24.6805923385401));
#3555=CARTESIAN_POINT('Ctrl Pts',(1.98664041236939,-0.708697861453428,-24.7244563547656));
#3556=CARTESIAN_POINT('Ctrl Pts',(1.20645314464187,-2.02516347293912,-24.8106371672812));
#3557=CARTESIAN_POINT('Ctrl Pts',(-1.04607344619344,-2.11247405369015,-24.9375875561515));
#3558=CARTESIAN_POINT('Ctrl Pts',(-2.34200527326392,-0.268006683521037,
-25.0645379450217));
#3559=CARTESIAN_POINT('Ctrl Pts',(-1.49626149489636,1.82154270363374,-25.191488333892));
#3560=CARTESIAN_POINT('Ctrl Pts',(0.717757060351012,2.24535990091616,-25.3184387227622));
#3561=CARTESIAN_POINT('Ctrl Pts',(1.8938458025343,1.01504205215859,-25.4142909843332));
#3562=CARTESIAN_POINT('Ctrl Pts',(1.99566504086893,0.177650129331061,-25.467826449614));
#3563=CARTESIAN_POINT('Ctrl Pts',(1.99411316947042,0.00179939250910706,
-25.4790451186048));
#3564=CARTESIAN_POINT('Origin',(0.,0.,-2.5209548813952));
#3565=CARTESIAN_POINT('',(1.99273581036201,0.00146959235718364,-23.7209548813952));
#3566=CARTESIAN_POINT('',(1.99282090171228,-0.00150497514517595,-23.8790451186048));
#3567=CARTESIAN_POINT('',(1.99475,4.03981020633857E-13,-2.5209548813952));
#3568=CARTESIAN_POINT('Ctrl Pts',(1.99273581036201,0.00146959235718367,
-23.7209548813952));
#3569=CARTESIAN_POINT('Ctrl Pts',(1.98975252892475,-0.434559837693251,-23.7487234755174));
#3570=CARTESIAN_POINT('Ctrl Pts',(1.63438588154384,-1.53948198127155,-23.8188088659296));
#3571=CARTESIAN_POINT('Ctrl Pts',(-0.189678624047567,-2.34964635585762,
-23.931211052632));
#3572=CARTESIAN_POINT('Ctrl Pts',(-2.07637763294406,-1.11600712516774,-24.0581614415022));
#3573=CARTESIAN_POINT('Ctrl Pts',(-2.0643075080422,1.13817858451841,-24.1851118303725));
#3574=CARTESIAN_POINT('Ctrl Pts',(-0.164505923915618,2.35154285077098,-24.3120622192427));
#3575=CARTESIAN_POINT('Ctrl Pts',(1.6434379460576,1.52524617384854,-24.424009902917));
#3576=CARTESIAN_POINT('Ctrl Pts',(1.98980351431034,0.427581600060622,-24.4936407903011));
#3577=CARTESIAN_POINT('Ctrl Pts',(1.99257792778927,-0.00139658262778453,
-24.5209548813952));
#3578=CARTESIAN_POINT('Ctrl Pts',(1.99282090171228,-0.0015049751451757,
-23.8790451186048));
#3579=CARTESIAN_POINT('Ctrl Pts',(1.99440006100357,-0.226228866566386,-23.8933582274663));
#3580=CARTESIAN_POINT('Ctrl Pts',(1.85563265806582,-1.11345767217591,-23.9499881326179));
#3581=CARTESIAN_POINT('Ctrl Pts',(0.552283626753855,-2.29168040484988,-24.0489348340597));
#3582=CARTESIAN_POINT('Ctrl Pts',(-1.62497908103406,-1.70770584954046,-24.1758852229298));
#3583=CARTESIAN_POINT('Ctrl Pts',(-2.31625962778328,0.43790138051366,-24.3028356118002));
#3584=CARTESIAN_POINT('Ctrl Pts',(-0.889407992158665,2.18306429264842,-24.4297860006704));
#3585=CARTESIAN_POINT('Ctrl Pts',(1.32347132270224,1.93495826284707,-24.5551891696053));
#3586=CARTESIAN_POINT('Ctrl Pts',(1.99596937058965,0.635478581780466,-24.6382755422501));
#3587=CARTESIAN_POINT('Ctrl Pts',(1.99789294848389,-0.000444444879245244,
-24.6790451186048));
#3588=CARTESIAN_POINT('Origin',(0.,0.,-2.5209548813952));
#3589=CARTESIAN_POINT('',(1.99785474367483,0.000509963846189938,-22.9209548813952));
#3590=CARTESIAN_POINT('',(1.99249982726589,0.00135652537954417,-23.0790451186048));
#3591=CARTESIAN_POINT('',(1.99475,4.03981020633857E-13,-2.5209548813952));
#3592=CARTESIAN_POINT('Ctrl Pts',(1.99785474367483,0.000509963846190135,
-22.9209548813952));
#3593=CARTESIAN_POINT('Ctrl Pts',(1.99568746984542,-0.631778371170938,-22.9614893644435));
#3594=CARTESIAN_POINT('Ctrl Pts',(1.330023310993,-1.92808561287304,-23.0443406437819));
#3595=CARTESIAN_POINT('Ctrl Pts',(-0.877301834038965,-2.18795737390093,
-23.1695087194104));
#3596=CARTESIAN_POINT('Ctrl Pts',(-2.31379839396747,-0.450724938392712,
-23.2964591082806));
#3597=CARTESIAN_POINT('Ctrl Pts',(-1.63441347713952,1.6986784756864,-23.4234094971509));
#3598=CARTESIAN_POINT('Ctrl Pts',(0.539581000597848,2.29470440837364,-23.5503598860211));
#3599=CARTESIAN_POINT('Ctrl Pts',(1.85254860678561,1.12093711750116,-23.6495416807693));
#3600=CARTESIAN_POINT('Ctrl Pts',(1.9942987768299,0.229909111896332,-23.7064066792273));
#3601=CARTESIAN_POINT('Ctrl Pts',(1.99273581036201,0.00146959235718367,
-23.7209548813952));
#3602=CARTESIAN_POINT('Ctrl Pts',(1.99249982726589,0.00135652537954408,
-23.0790451186048));
#3603=CARTESIAN_POINT('Ctrl Pts',(1.98983484560016,-0.423971358999633,-23.1061241163924));
#3604=CARTESIAN_POINT('Ctrl Pts',(1.64807440010141,-1.51787569023176,-23.1755199104702));
#3605=CARTESIAN_POINT('Ctrl Pts',(-0.151477674139253,-2.3524180743632,-23.287232500838));
#3606=CARTESIAN_POINT('Ctrl Pts',(-2.0579712647619,-1.14959582278632,-23.4141828897083));
#3607=CARTESIAN_POINT('Ctrl Pts',(-2.08252765197061,1.10448850656367,-23.5411332785785));
#3608=CARTESIAN_POINT('Ctrl Pts',(-0.202690944635689,2.34855969975558,-23.6680836674488));
#3609=CARTESIAN_POINT('Ctrl Pts',(1.62965773715294,1.54683831030918,-23.7807209474576));
#3610=CARTESIAN_POINT('Ctrl Pts',(1.98973126663572,0.43816873054511,-23.8510414311762));
#3611=CARTESIAN_POINT('Ctrl Pts',(1.99282090171228,-0.0015049751451757,
-23.8790451186048));
#3612=CARTESIAN_POINT('Origin',(0.,0.,-2.5209548813952));
#3613=CARTESIAN_POINT('',(1.99422111564147,-0.00180757410570668,-22.1209548813952));
#3614=CARTESIAN_POINT('',(1.99771631897705,0.000697071348120804,-22.2790451186048));
#3615=CARTESIAN_POINT('',(1.99475,4.03981020633857E-13,-2.5209548813952));
#3616=CARTESIAN_POINT('Ctrl Pts',(1.99422111564147,-0.00180757410570671,
-22.1209548813952));
#3617=CARTESIAN_POINT('Ctrl Pts',(1.99575419763272,-0.173949532581782,-22.1319384570795));
#3618=CARTESIAN_POINT('Ctrl Pts',(1.89657145410291,-1.00756949706508,-22.185238829054));
#3619=CARTESIAN_POINT('Ctrl Pts',(0.730183587480365,-2.24134957259903,-22.2808559973185));
#3620=CARTESIAN_POINT('Ctrl Pts',(-1.48614856022145,-1.82980284046322,-22.4078063861887));
#3621=CARTESIAN_POINT('Ctrl Pts',(-2.34345382879706,0.255029665552719,-22.534756775059));
#3622=CARTESIAN_POINT('Ctrl Pts',(-1.05775884250459,2.10664714869836,-22.6617071639292));
#3623=CARTESIAN_POINT('Ctrl Pts',(1.19521676234392,2.03181516605908,-22.7886575527996));
#3624=CARTESIAN_POINT('Ctrl Pts',(1.98483237992399,0.716112069248473,-22.8750734586215));
#3625=CARTESIAN_POINT('Ctrl Pts',(1.99795003934791,0.0283118694680511,-22.9191725681534));
#3626=CARTESIAN_POINT('Ctrl Pts',(1.99785474367483,0.000509963846190135,
-22.9209548813952));
#3627=CARTESIAN_POINT('Ctrl Pts',(1.99771631897705,0.000697071348120873,
-22.2790451186048));
#3628=CARTESIAN_POINT('Ctrl Pts',(1.99490358183925,-0.620949355302586,-22.3188900053185));
#3629=CARTESIAN_POINT('Ctrl Pts',(1.34903829937677,-1.90785070780641,-22.4010516883224));
#3630=CARTESIAN_POINT('Ctrl Pts',(-0.841637181349566,-2.20192260021178,
-22.5255301676164));
#3631=CARTESIAN_POINT('Ctrl Pts',(-2.30616987605238,-0.488258932475251,
-22.6524805564867));
#3632=CARTESIAN_POINT('Ctrl Pts',(-1.66179708628648,1.67189913761659,-22.7794309453569));
#3633=CARTESIAN_POINT('Ctrl Pts',(0.50222654348724,2.30316842227621,-22.9063813342272));
#3634=CARTESIAN_POINT('Ctrl Pts',(1.84335193877398,1.14287686702666,-23.0062527253098));
#3635=CARTESIAN_POINT('Ctrl Pts',(1.99399945638635,0.240695538236049,-23.0638073201023));
#3636=CARTESIAN_POINT('Ctrl Pts',(1.99249982726589,0.00135652537954408,
-23.0790451186048));
#3637=CARTESIAN_POINT('Origin',(0.,0.,-2.5209548813952));
#3638=CARTESIAN_POINT('',(1.99168697932791,0.000653025348721899,-21.3209548813952));
#3639=CARTESIAN_POINT('',(1.99454258658018,-0.00181921787189315,-21.4790451186048));
#3640=CARTESIAN_POINT('',(1.99475,4.03981020633857E-13,-2.5209548813952));
#3641=CARTESIAN_POINT('Ctrl Pts',(1.99168697932791,0.000653025348721949,
-21.3209548813952));
#3642=CARTESIAN_POINT('Ctrl Pts',(1.99058905997052,-0.37275956482988,-21.3447043460057));
#3643=CARTESIAN_POINT('Ctrl Pts',(1.71044071154511,-1.41304781295806,-21.4107706069063));
#3644=CARTESIAN_POINT('Ctrl Pts',(0.0333468266501291,-2.35705408660216,
-21.5191536640968));
#3645=CARTESIAN_POINT('Ctrl Pts',(-1.96154798987545,-1.30734290124325,-21.6461040529672));
#3646=CARTESIAN_POINT('Ctrl Pts',(-2.16268105586683,0.937884123231818,-21.7730544418374));
#3647=CARTESIAN_POINT('Ctrl Pts',(-0.386123758613415,2.32545144456938,-21.9000048307077));
#3648=CARTESIAN_POINT('Ctrl Pts',(1.55927448485032,1.6504157340533,-22.0159716438936));
#3649=CARTESIAN_POINT('Ctrl Pts',(1.98984764040724,0.489267656352617,-22.0896216607895));
#3650=CARTESIAN_POINT('Ctrl Pts',(1.99422111564147,-0.00180757410570671,
-22.1209548813952));
#3651=CARTESIAN_POINT('Ctrl Pts',(1.99454258658018,-0.00181921787189324,
-21.4790451186048));
#3652=CARTESIAN_POINT('Ctrl Pts',(1.99600881411751,-0.163087092526176,-21.4893390979546));
#3653=CARTESIAN_POINT('Ctrl Pts',(1.90442528912083,-0.985655541359586,-21.5419498735945));
#3654=CARTESIAN_POINT('Ctrl Pts',(0.766503587374958,-2.22919010694347,-21.6368774455245));
#3655=CARTESIAN_POINT('Ctrl Pts',(-1.45622267831941,-1.85370758036471,-21.7638278343948));
#3656=CARTESIAN_POINT('Ctrl Pts',(-2.34728815666,0.216920704307202,-21.8907782232651));
#3657=CARTESIAN_POINT('Ctrl Pts',(-1.09184703173055,2.08918317570639,-22.0177286121353));
#3658=CARTESIAN_POINT('Ctrl Pts',(1.16204707679218,2.05096632680112,-22.1446790010056));
#3659=CARTESIAN_POINT('Ctrl Pts',(1.97940625906985,0.73787065067218,-22.2317845031621));
#3660=CARTESIAN_POINT('Ctrl Pts',(1.99789081644561,0.0392629672974934,-22.2765732090285));
#3661=CARTESIAN_POINT('Ctrl Pts',(1.99771631897705,0.000697071348120873,
-22.2790451186048));
#3662=CARTESIAN_POINT('Origin',(0.,0.,-2.5209548813952));
#3663=CARTESIAN_POINT('',(1.99660838135118,0.00143677314627859,-20.5209548813952));
#3664=CARTESIAN_POINT('',(1.99159456580777,0.000484098071771161,-20.6790451186048));
#3665=CARTESIAN_POINT('',(1.99475,4.03981020633857E-13,-2.5209548813952));
#3666=CARTESIAN_POINT('Ctrl Pts',(1.99660838135118,0.00143677314627863,
-20.5209548813952));
#3667=CARTESIAN_POINT('Ctrl Pts',(1.99196987245781,-0.569095915487231,-20.5574702349318));
#3668=CARTESIAN_POINT('Ctrl Pts',(1.43660781298009,-1.80869263289628,-20.6363023847585));
#3669=CARTESIAN_POINT('Ctrl Pts',(-0.666484280763871,-2.2611091706307,-20.7574513308753));
#3670=CARTESIAN_POINT('Ctrl Pts',(-2.26081208335505,-0.667491349585434,
-20.8844017197455));
#3671=CARTESIAN_POINT('Ctrl Pts',(-1.78771239439382,1.5365221680621,-21.0113521086158));
#3672=CARTESIAN_POINT('Ctrl Pts',(0.32018294095032,2.3354440396507,-21.1383024974861));
#3673=CARTESIAN_POINT('Ctrl Pts',(1.79572003245615,1.24876583439566,-21.2415034217459));
#3674=CARTESIAN_POINT('Ctrl Pts',(1.99254533269295,0.292586992236622,-21.3023875497156));
#3675=CARTESIAN_POINT('Ctrl Pts',(1.99168697932791,0.000653025348721949,
-21.3209548813952));
#3676=CARTESIAN_POINT('Ctrl Pts',(1.99159456580777,0.000484098071771195,
-20.6790451186048));
#3677=CARTESIAN_POINT('Ctrl Pts',(1.9908063745134,-0.362128025206088,-20.7021049868807));
#3678=CARTESIAN_POINT('Ctrl Pts',(1.72260184318135,-1.39124981484259,-20.7674816514468));
#3679=CARTESIAN_POINT('Ctrl Pts',(0.07163870062151,-2.35620121783491,-20.8751751123029));
#3680=CARTESIAN_POINT('Ctrl Pts',(-1.94004804486454,-1.33904065135108,-21.0021255011732));
#3681=CARTESIAN_POINT('Ctrl Pts',(-2.17763392968402,0.902622152753995,-21.1290758900435));
#3682=CARTESIAN_POINT('Ctrl Pts',(-0.423855611387254,2.31887099750048,-21.2560262789137));
#3683=CARTESIAN_POINT('Ctrl Pts',(1.54388554501616,1.67170665071511,-21.3726826884342));
#3684=CARTESIAN_POINT('Ctrl Pts',(1.9899814023748,0.499857680138453,-21.4470223016645));
#3685=CARTESIAN_POINT('Ctrl Pts',(1.99454258658018,-0.00181921787189324,
-21.4790451186048));
#3686=CARTESIAN_POINT('Origin',(0.,0.,-2.5209548813952));
#3687=CARTESIAN_POINT('',(1.99610422591293,-0.00161067373081133,-19.7209548813952));
#3688=CARTESIAN_POINT('',(1.99631428675677,0.00154589478389321,-19.8790451186048));
#3689=CARTESIAN_POINT('',(1.99475,4.03981020633857E-13,-2.5209548813952));
#3690=CARTESIAN_POINT('Ctrl Pts',(1.99610422591293,-0.00161067373081128,
-19.7209548813952));
#3691=CARTESIAN_POINT('Ctrl Pts',(1.99705969961644,-0.110497884868921,-19.7279193275679));
#3692=CARTESIAN_POINT('Ctrl Pts',(1.93944252912651,-0.87998454891118,-19.7772005700306));
#3693=CARTESIAN_POINT('Ctrl Pts',(0.938847323641989,-2.16226309243483,-19.8687986087834));
#3694=CARTESIAN_POINT('Ctrl Pts',(-1.30646906606229,-1.96213010716361,-19.9957489976537));
#3695=CARTESIAN_POINT('Ctrl Pts',(-2.3570687060084,0.0322969529750614,-20.1226993865239));
#3696=CARTESIAN_POINT('Ctrl Pts',(-1.25221779871222,1.99718966615689,-20.2496497753942));
#3697=CARTESIAN_POINT('Ctrl Pts',(0.997739117848971,2.13572765837067,-20.3766001642645));
#3698=CARTESIAN_POINT('Ctrl Pts',(1.95057175292968,0.843137848932784,-20.4670351995981));
#3699=CARTESIAN_POINT('Ctrl Pts',(1.99734533283049,0.0920811846481352,-20.5151534386417));
#3700=CARTESIAN_POINT('Ctrl Pts',(1.99660838135118,0.00143677314627863,
-20.5209548813952));
#3701=CARTESIAN_POINT('Ctrl Pts',(1.99631428675677,0.00154589478389327,
-19.8790451186048));
#3702=CARTESIAN_POINT('Ctrl Pts',(1.99152740862749,-0.558427067152485,-19.9148708758069));
#3703=CARTESIAN_POINT('Ctrl Pts',(1.45387731731722,-1.78788200403031,-19.993013429299));
#3704=CARTESIAN_POINT('Ctrl Pts',(-0.629658915120633,-2.27163948129153,
-20.1134727790813));
#3705=CARTESIAN_POINT('Ctrl Pts',(-2.24966864234941,-0.704135840575586,
-20.2404231679516));
#3706=CARTESIAN_POINT('Ctrl Pts',(-1.81244113508221,1.50727350345428,-20.3673735568218));
#3707=CARTESIAN_POINT('Ctrl Pts',(0.282195520462734,2.34033800349099,-20.4943239456921));
#3708=CARTESIAN_POINT('Ctrl Pts',(1.78517003008557,1.2706769102411,-20.5982144662864));
#3709=CARTESIAN_POINT('Ctrl Pts',(1.99225277177996,0.303295695755357,-20.6597881905906));
#3710=CARTESIAN_POINT('Ctrl Pts',(1.99159456580777,0.000484098071771195,
-20.6790451186048));
#3711=CARTESIAN_POINT('Origin',(0.,0.,-2.5209548813952));
#3712=CARTESIAN_POINT('',(1.99154719035916,-0.000365440279612826,-18.9209548813952));
#3713=CARTESIAN_POINT('',(1.99640813502229,-0.00151354045465762,-19.0790451186048));
#3714=CARTESIAN_POINT('',(1.99475,4.03981020633857E-13,-2.5209548813952));
#3715=CARTESIAN_POINT('Ctrl Pts',(1.99154719035916,-0.00036544027961289,
-18.9209548813952));
#3716=CARTESIAN_POINT('Ctrl Pts',(1.99205559687805,-0.310639668607967,-18.940685216494));
#3717=CARTESIAN_POINT('Ctrl Pts',(1.77778827079906,-1.28571237572321,-19.0027323478829));
#3718=CARTESIAN_POINT('Ctrl Pts',(0.256073452844635,-2.34334000195528,-19.1070962755618));
#3719=CARTESIAN_POINT('Ctrl Pts',(-1.82914070412182,-1.48696343685388,-19.234046664432));
#3720=CARTESIAN_POINT('Ctrl Pts',(-2.24167458595147,0.729185181359906,-19.3609970533023));
#3721=CARTESIAN_POINT('Ctrl Pts',(-0.604281496746529,2.27852141765342,-19.4879474421726));
#3722=CARTESIAN_POINT('Ctrl Pts',(1.46556254080262,1.77354634130077,-19.6079333848702));
#3723=CARTESIAN_POINT('Ctrl Pts',(1.99125412871105,0.55111365151322,-19.6856025312778));
#3724=CARTESIAN_POINT('Ctrl Pts',(1.99610422591293,-0.00161067373081128,
-19.7209548813952));
#3725=CARTESIAN_POINT('Ctrl Pts',(1.99640813502229,-0.00151354045465731,
-19.0790451186048));
#3726=CARTESIAN_POINT('Ctrl Pts',(1.99723471012447,-0.0995803200087629,
-19.0853199684429));
#3727=CARTESIAN_POINT('Ctrl Pts',(1.94610899531784,-0.858132050502685,-19.1339116145711));
#3728=CARTESIAN_POINT('Ctrl Pts',(0.97385482684045,-2.1467237965311,-19.2248200569894));
#3729=CARTESIAN_POINT('Ctrl Pts',(-1.27441690743144,-1.98309803802189,-19.3517704458597));
#3730=CARTESIAN_POINT('Ctrl Pts',(-2.35728238369498,-0.00600382168055437,
-19.47872083473));
#3731=CARTESIAN_POINT('Ctrl Pts',(-1.28450191252048,1.97658066343992,-19.6056712236002));
#3732=CARTESIAN_POINT('Ctrl Pts',(0.962907173941435,2.15165658429161,-19.7326216124705));
#3733=CARTESIAN_POINT('Ctrl Pts',(1.94404027544082,0.864981459754164,-19.8237462441387));
#3734=CARTESIAN_POINT('Ctrl Pts',(1.99718159049222,0.103003802949007,-19.8725540795168));
#3735=CARTESIAN_POINT('Ctrl Pts',(1.99631428675677,0.00154589478389327,
-19.8790451186048));
#3736=CARTESIAN_POINT('Origin',(0.,0.,-2.5209548813952));
#3737=CARTESIAN_POINT('',(1.99476605363788,0.00181639971750503,-18.1209548813952));
#3738=CARTESIAN_POINT('',(1.99162057214256,-0.000537613997217135,-18.2790451186048));
#3739=CARTESIAN_POINT('',(1.99475,4.03981020633857E-13,-2.5209548813952));
#3740=CARTESIAN_POINT('Ctrl Pts',(1.99476605363788,0.00181639971750504,
-18.1209548813952));
#3741=CARTESIAN_POINT('Ctrl Pts',(1.99009739258385,-0.507131222336677,-18.1534511054201));
#3742=CARTESIAN_POINT('Ctrl Pts',(1.53315712464997,-1.68628631035625,-18.2282641257351));
#3743=CARTESIAN_POINT('Ctrl Pts',(-0.449694290106219,-2.31399892468891,
-18.3453939423402));
#3744=CARTESIAN_POINT('Ctrl Pts',(-2.18756639230213,-0.878276298943454,
-18.4723443312105));
#3745=CARTESIAN_POINT('Ctrl Pts',(-1.92499142844648,1.3605969198933,-18.5992947200807));
#3746=CARTESIAN_POINT('Ctrl Pts',(0.0979156875033855,2.35525550549326,-18.726245108951));
#3747=CARTESIAN_POINT('Ctrl Pts',(1.73080319320431,1.37627154414755,-18.8334651627225));
#3748=CARTESIAN_POINT('Ctrl Pts',(1.99096518787158,0.354823500086904,-18.8983684202039));
#3749=CARTESIAN_POINT('Ctrl Pts',(1.99154719035916,-0.00036544027961289,
-18.9209548813952));
#3750=CARTESIAN_POINT('Ctrl Pts',(1.99162057214256,-0.000537613997217447,
-18.2790451186048));
#3751=CARTESIAN_POINT('Ctrl Pts',(1.99234386907128,-0.299939914998506,-18.298085857369));
#3752=CARTESIAN_POINT('Ctrl Pts',(1.78850325499009,-1.26380889122498,-18.3594433924234));
#3753=CARTESIAN_POINT('Ctrl Pts',(0.294113113274526,-2.33887018856399,-18.4631177237679));
#3754=CARTESIAN_POINT('Ctrl Pts',(-1.8047398456037,-1.51648619250019,-18.5900681126381));
#3755=CARTESIAN_POINT('Ctrl Pts',(-2.25322619534559,0.692667304672183,-18.7170185015084));
#3756=CARTESIAN_POINT('Ctrl Pts',(-0.641222062379851,2.26840264262558,-18.8439688903786));
#3757=CARTESIAN_POINT('Ctrl Pts',(1.44849502251139,1.79441544983872,-18.9646444294108));
#3758=CARTESIAN_POINT('Ctrl Pts',(1.9916603918348,0.561769678839346,-19.0430031721528));
#3759=CARTESIAN_POINT('Ctrl Pts',(1.99640813502229,-0.00151354045465731,
-19.0790451186048));
#3760=CARTESIAN_POINT('Origin',(0.,0.,-2.5209548813952));
#3761=CARTESIAN_POINT('',(1.99759987952704,-0.000820260884769947,-17.3209548813952));
#3762=CARTESIAN_POINT('',(1.99444118477794,0.00181756562235583,-17.4790451186048));
#3763=CARTESIAN_POINT('',(1.99475,4.03981020633857E-13,-2.5209548813952));
#3764=CARTESIAN_POINT('Ctrl Pts',(1.99759987952704,-0.000820260884770042,
-17.3209548813952));
#3765=CARTESIAN_POINT('Ctrl Pts',(1.99783913090322,-0.0467792084111765,
-17.3239001980562));
#3766=CARTESIAN_POINT('Ctrl Pts',(1.97557430568937,-0.752816831291147,-17.3691623110072));
#3767=CARTESIAN_POINT('Ctrl Pts',(1.13909794787573,-2.06380033994591,-17.4567412202483));
#3768=CARTESIAN_POINT('Ctrl Pts',(-1.11508216196933,-2.07687451476332,-17.5836916091186));
#3769=CARTESIAN_POINT('Ctrl Pts',(-2.34956163682224,-0.190725176074799,
-17.7106419979889));
#3770=CARTESIAN_POINT('Ctrl Pts',(-1.43545549643262,1.86983515203264,-17.8375923868591));
#3771=CARTESIAN_POINT('Ctrl Pts',(0.791320625718916,2.2205016652386,-17.9645427757294));
#3772=CARTESIAN_POINT('Ctrl Pts',(1.90969559449989,0.970616394867294,-18.0589969405747));
#3773=CARTESIAN_POINT('Ctrl Pts',(1.99617695366207,0.155623712768744,-18.11113430913));
#3774=CARTESIAN_POINT('Ctrl Pts',(1.99476605363788,0.00181639971750504,
-18.1209548813952));
#3775=CARTESIAN_POINT('Ctrl Pts',(1.99444118477794,0.00181756562235577,
-17.4790451186048));
#3776=CARTESIAN_POINT('Ctrl Pts',(1.9899350466393,-0.496537111926277,-17.5108517462952));
#3777=CARTESIAN_POINT('Ctrl Pts',(1.54874039507747,-1.66503858559956,-17.5849751702757));
#3778=CARTESIAN_POINT('Ctrl Pts',(-0.412038207574684,-2.3209999564524,-17.7014153905462));
#3779=CARTESIAN_POINT('Ctrl Pts',(-2.17300788578033,-0.913702911612886,
-17.8283657794165));
#3780=CARTESIAN_POINT('Ctrl Pts',(-1.94684370376905,1.32914102917945,-17.9553161682868));
#3781=CARTESIAN_POINT('Ctrl Pts',(0.0596357130028305,2.35653556393449,-18.082266557157));
#3782=CARTESIAN_POINT('Ctrl Pts',(1.71881677303273,1.39808619959544,-18.190176207263));
#3783=CARTESIAN_POINT('Ctrl Pts',(1.99073638896407,0.365462112576101,-18.255769061079));
#3784=CARTESIAN_POINT('Ctrl Pts',(1.99162057214256,-0.000537613997217447,
-18.2790451186048));
#3785=CARTESIAN_POINT('Origin',(0.,0.,-2.5209548813952));
#3786=CARTESIAN_POINT('',(1.99234999668315,-0.00127136012595235,-16.5209548813952));
#3787=CARTESIAN_POINT('',(1.99776384396991,-0.00063931281783558,-16.6790451186048));
#3788=CARTESIAN_POINT('',(1.99475,4.03981020633857E-13,-2.5209548813952));
#3789=CARTESIAN_POINT('Ctrl Pts',(1.99234999668315,-0.00127136012595225,
-16.5209548813952));
#3790=CARTESIAN_POINT('Ctrl Pts',(1.99379233032287,-0.248092719095455,-16.5366660869823));
#3791=CARTESIAN_POINT('Ctrl Pts',(1.83690749314008,-1.15793805554601,-16.5946940888595));
#3792=CARTESIAN_POINT('Ctrl Pts',(0.476505377263579,-2.30862699530575,-16.6950388870267));
#3793=CARTESIAN_POINT('Ctrl Pts',(-1.68034229162358,-1.65325913304501,-16.821989275897));
#3794=CARTESIAN_POINT('Ctrl Pts',(-2.30058022876988,0.513951932585816,-16.9489396647673));
#3795=CARTESIAN_POINT('Ctrl Pts',(-0.817024203340386,2.21117331504601,-17.0758900536375));
#3796=CARTESIAN_POINT('Ctrl Pts',(1.36191639432315,1.89389583202017,-17.1998951258469));
#3797=CARTESIAN_POINT('Ctrl Pts',(1.99440169007313,0.6135353329665,-17.2815834017661));
#3798=CARTESIAN_POINT('Ctrl Pts',(1.99759987952704,-0.000820260884770042,
-17.3209548813952));
#3799=CARTESIAN_POINT('Ctrl Pts',(1.99776384396991,-0.000639312817835372,
-16.6790451186048));
#3800=CARTESIAN_POINT('Ctrl Pts',(1.99791144196525,-0.0358300672994395,
-16.6813008389312));
#3801=CARTESIAN_POINT('Ctrl Pts',(1.98112716087911,-0.731047639308334,-16.7258733555477));
#3802=CARTESIAN_POINT('Ctrl Pts',(1.17247924837354,-2.04502046309733,-16.8127626684544));
#3803=CARTESIAN_POINT('Ctrl Pts',(-1.0811909494534,-2.09471774069287,-16.9397130573246));
#3804=CARTESIAN_POINT('Ctrl Pts',(-2.3461527495437,-0.228874546775962,-17.0666634461949));
#3805=CARTESIAN_POINT('Ctrl Pts',(-1.46564623340414,1.84626579908247,-17.1936138350651));
#3806=CARTESIAN_POINT('Ctrl Pts',(0.755138556254381,2.23306561551859,-17.3205642239354));
#3807=CARTESIAN_POINT('Ctrl Pts',(1.90198574232707,0.992524744264963,-17.4157079851153));
#3808=CARTESIAN_POINT('Ctrl Pts',(1.99593019115836,0.166493674465775,-17.4685349500051));
#3809=CARTESIAN_POINT('Ctrl Pts',(1.99444118477794,0.00181756562235577,
-17.4790451186048));
#3810=CARTESIAN_POINT('Origin',(0.,0.,-2.5209548813952));
#3811=CARTESIAN_POINT('',(1.9929986812234,0.00157107628326616,-15.7209548813952));
#3812=CARTESIAN_POINT('',(1.99257160760241,-0.00139341824815342,-15.8790451186048));
#3813=CARTESIAN_POINT('',(1.99475,4.03981020633857E-13,-2.5209548813952));
#3814=CARTESIAN_POINT('Ctrl Pts',(1.9929986812234,0.00157107628326589,-15.7209548813952));
#3815=CARTESIAN_POINT('Ctrl Pts',(1.9896991400288,-0.445434860692525,-15.7494319759084));
#3816=CARTESIAN_POINT('Ctrl Pts',(1.62004097677681,-1.56163603127305,-15.8202258667118));
#3817=CARTESIAN_POINT('Ctrl Pts',(-0.228874540508278,-2.34615268529623,
-15.9333365538051));
#3818=CARTESIAN_POINT('Ctrl Pts',(-2.09471768333065,-1.08119091984599,-16.0602869426754));
#3819=CARTESIAN_POINT('Ctrl Pts',(-2.04502040709617,1.17247921626602,-16.1872373315456));
#3820=CARTESIAN_POINT('Ctrl Pts',(-0.125228998959293,2.35396127322333,-16.3141877204159));
#3821=CARTESIAN_POINT('Ctrl Pts',(1.65731637493201,1.50301973820441,-16.4254269036991));
#3822=CARTESIAN_POINT('Ctrl Pts',(1.98990752730912,0.416699623520771,-16.4943492906922));
#3823=CARTESIAN_POINT('Ctrl Pts',(1.99234999668315,-0.00127136012595225,
-16.5209548813952));
#3824=CARTESIAN_POINT('Ctrl Pts',(1.99257160760241,-0.00139341824815354,
-15.8790451186048));
#3825=CARTESIAN_POINT('Ctrl Pts',(1.99409365051376,-0.237315404831706,-15.8940667278573));
#3826=CARTESIAN_POINT('Ctrl Pts',(1.84625935871883,-1.13599875319646,-15.9514051334));
#3827=CARTESIAN_POINT('Ctrl Pts',(0.513951946660148,-2.30058029176937,-16.0510603352328));
#3828=CARTESIAN_POINT('Ctrl Pts',(-1.65325917831806,-1.68034233763852,-16.178010724103));
#3829=CARTESIAN_POINT('Ctrl Pts',(-2.30862705852566,0.476505390312143,-16.3049611129733));
#3830=CARTESIAN_POINT('Ctrl Pts',(-0.852842453448119,2.19760688749148,-16.4319115018435));
#3831=CARTESIAN_POINT('Ctrl Pts',(1.34310978472157,1.91420636526041,-16.5566061703874));
#3832=CARTESIAN_POINT('Ctrl Pts',(1.9951425374036,0.624340420700194,-16.6389840426411));
#3833=CARTESIAN_POINT('Ctrl Pts',(1.99776384396991,-0.000639312817835372,
-16.6790451186048));
#3834=CARTESIAN_POINT('Origin',(0.,0.,-2.5209548813952));
#3835=CARTESIAN_POINT('',(1.99795474031514,0.000310413108898882,-14.9209548813952));
#3836=CARTESIAN_POINT('',(1.99274261965969,0.00147249872072749,-15.0790451186048));
#3837=CARTESIAN_POINT('',(1.99475,4.03981020633857E-13,-2.5209548813952));
#3838=CARTESIAN_POINT('Ctrl Pts',(1.99795474031514,0.00031041310889886,
-14.9209548813952));
#3839=CARTESIAN_POINT('Ctrl Pts',(1.99655974071333,-0.642943385038757,-14.9621978648346));
#3840=CARTESIAN_POINT('Ctrl Pts',(1.31016984506584,-1.94875666545785,-15.045757644564));
#3841=CARTESIAN_POINT('Ctrl Pts',(-0.913702886591711,-2.17300782627434,
-15.1716342205835));
#3842=CARTESIAN_POINT('Ctrl Pts',(-2.32099989289366,-0.412038196291523,
-15.2985846094538));
#3843=CARTESIAN_POINT('Ctrl Pts',(-1.60582992293213,1.72572484383558,-15.425534998324));
#3844=CARTESIAN_POINT('Ctrl Pts',(0.577811024281326,2.28537751766192,-15.5524853871943));
#3845=CARTESIAN_POINT('Ctrl Pts',(1.86176429159774,1.09839672098537,-15.6509586815514));
#3846=CARTESIAN_POINT('Ctrl Pts',(1.994602238992,0.218813353488627,-15.7071151796183));
#3847=CARTESIAN_POINT('Ctrl Pts',(1.9929986812234,0.00157107628326589,-15.7209548813952));
#3848=CARTESIAN_POINT('Ctrl Pts',(1.99274261965969,0.00147249872072755,
-15.0790451186048));
#3849=CARTESIAN_POINT('Ctrl Pts',(1.9897507399134,-0.434850057629309,-15.1068326167835));
#3850=CARTESIAN_POINT('Ctrl Pts',(1.63400688975264,-1.54007373424435,-15.1769369112523));
#3851=CARTESIAN_POINT('Ctrl Pts',(-0.190725181297478,-2.3495617011631,-15.2893580020112));
#3852=CARTESIAN_POINT('Ctrl Pts',(-2.07687457163677,-1.11508219250511,-15.4163083908814));
#3853=CARTESIAN_POINT('Ctrl Pts',(-2.0638003964615,1.13909797906886,-15.5432587797517));
#3854=CARTESIAN_POINT('Ctrl Pts',(-0.163458496500649,2.35161595552402,-15.6702091686219));
#3855=CARTESIAN_POINT('Ctrl Pts',(1.64381196115289,1.52465371885017,-15.7821379482397));
#3856=CARTESIAN_POINT('Ctrl Pts',(1.98980596210823,0.427291327959119,-15.8517499315673));
#3857=CARTESIAN_POINT('Ctrl Pts',(1.99257160760241,-0.00139341824815354,
-15.8790451186048));
#3858=CARTESIAN_POINT('Origin',(0.,0.,-2.5209548813952));
#3859=CARTESIAN_POINT('',(1.99389871953926,-0.00177653126832379,-14.1209548813952));
#3860=CARTESIAN_POINT('',(1.99785804253201,0.000504724517262165,-14.2790451186048));
#3861=CARTESIAN_POINT('',(1.99475,4.03981020633857E-13,-2.5209548813952));
#3862=CARTESIAN_POINT('Ctrl Pts',(1.99389871953926,-0.00177653126832399,
-14.1209548813952));
#3863=CARTESIAN_POINT('Ctrl Pts',(1.9954818577171,-0.185097923113548,-14.1326469574706));
#3864=CARTESIAN_POINT('Ctrl Pts',(1.88828202345173,-1.03009185959185,-14.1866558298361));
#3865=CARTESIAN_POINT('Ctrl Pts',(0.692667285704184,-2.25322613364277,-14.2829814984917));
#3866=CARTESIAN_POINT('Ctrl Pts',(-1.51648615097232,-1.80473979618245,-14.4099318873619));
#3867=CARTESIAN_POINT('Ctrl Pts',(-2.33887012451594,0.294113105220311,-14.5368822762322));
#3868=CARTESIAN_POINT('Ctrl Pts',(-1.02244546810081,2.12401065034422,-14.6638326651024));
#3869=CARTESIAN_POINT('Ctrl Pts',(1.2289670561374,2.01158046146421,-14.7907830539727));
#3870=CARTESIAN_POINT('Ctrl Pts',(1.99021691585084,0.693773390813424,-14.8764904594036));
#3871=CARTESIAN_POINT('Ctrl Pts',(1.99799106088107,0.0170583332917713,-14.9198810685445));
#3872=CARTESIAN_POINT('Ctrl Pts',(1.99795474031514,0.00031041310889886,
-14.9209548813952));
#3873=CARTESIAN_POINT('Ctrl Pts',(1.99785804253201,0.000504724517262035,
-14.2790451186048));
#3874=CARTESIAN_POINT('Ctrl Pts',(1.99570991145856,-0.632075761301091,-14.3195985057096));
#3875=CARTESIAN_POINT('Ctrl Pts',(1.3294978030499,-1.9286387887419,-14.4024686891045));
#3876=CARTESIAN_POINT('Ctrl Pts',(-0.878276322994177,-2.18756645220693,
-14.5276556687896));
#3877=CARTESIAN_POINT('Ctrl Pts',(-2.31399898805586,-0.449694302420904,
-14.6546060576598));
#3878=CARTESIAN_POINT('Ctrl Pts',(-1.63365674062309,1.69940634816107,-14.7815564465301));
#3879=CARTESIAN_POINT('Ctrl Pts',(0.540603060679043,2.29446390539007,-14.9085068354003));
#3880=CARTESIAN_POINT('Ctrl Pts',(1.85279760540665,1.12033571316157,-15.0076697260919));
#3881=CARTESIAN_POINT('Ctrl Pts',(1.99430698909186,0.229613242200575,-15.0645158204934));
#3882=CARTESIAN_POINT('Ctrl Pts',(1.99274261965969,0.00147249872072755,
-15.0790451186048));
#3883=CARTESIAN_POINT('Origin',(0.,0.,-2.5209548813952));
#3884=CARTESIAN_POINT('',(1.99181041689638,0.000820259882842602,-13.3209548813952));
#3885=CARTESIAN_POINT('',(1.99421245210246,-0.00180699480805846,-13.4790451186048));
#3886=CARTESIAN_POINT('',(1.99475,4.03981020633857E-13,-2.5209548813952));
#3887=CARTESIAN_POINT('Ctrl Pts',(1.99181041689637,0.00082025988284256,
-13.3209548813952));
#3888=CARTESIAN_POINT('Ctrl Pts',(1.99038511526349,-0.383672521029253,-13.3454128463967));
#3889=CARTESIAN_POINT('Ctrl Pts',(1.69767921184096,-1.43541598710296,-13.4121876076883));
#3890=CARTESIAN_POINT('Ctrl Pts',(-0.00600382151600093,-2.3572823191427,
-13.52127916527));
#3891=CARTESIAN_POINT('Ctrl Pts',(-1.98309798371628,-1.2744168725327,-13.6482295541403));
#3892=CARTESIAN_POINT('Ctrl Pts',(-2.14672373774487,0.973854800172099,-13.7751799430106));
#3893=CARTESIAN_POINT('Ctrl Pts',(-0.347251494882206,2.33157294059561,-13.9021303318808));
#3894=CARTESIAN_POINT('Ctrl Pts',(1.57479247054401,1.62847896777212,-14.0173886446757));
#3895=CARTESIAN_POINT('Ctrl Pts',(1.98975205102249,0.478391943383573,-14.0903301611805));
#3896=CARTESIAN_POINT('Ctrl Pts',(1.99389871953926,-0.00177653126832399,
-14.1209548813952));
#3897=CARTESIAN_POINT('Ctrl Pts',(1.99421245210246,-0.00180699480805836,
-13.4790451186048));
#3898=CARTESIAN_POINT('Ctrl Pts',(1.99574712276047,-0.174247154200825,-13.4900475983457));
#3899=CARTESIAN_POINT('Ctrl Pts',(1.89635324011845,-1.00817036602816,-13.5433668743766));
#3900=CARTESIAN_POINT('Ctrl Pts',(0.729185201328232,-2.24167464733785,-13.6390029466976));
#3901=CARTESIAN_POINT('Ctrl Pts',(-1.48696347757302,-1.82914075421149,-13.765953335568));
#3902=CARTESIAN_POINT('Ctrl Pts',(-2.34334006612577,0.256073459856815,-13.8929037244382));
#3903=CARTESIAN_POINT('Ctrl Pts',(-1.05682043148819,2.10711814048062,-14.0198541133085));
#3904=CARTESIAN_POINT('Ctrl Pts',(1.19612168017834,2.0312826510756,-14.1468045021787));
#3905=CARTESIAN_POINT('Ctrl Pts',(1.98497859992181,0.71551583681239,-14.2332015039442));
#3906=CARTESIAN_POINT('Ctrl Pts',(1.99795145110615,0.0280116313071266,-14.2772817094195));
#3907=CARTESIAN_POINT('Ctrl Pts',(1.99785804253201,0.000504724517262035,
-14.2790451186048));
#3908=CARTESIAN_POINT('Origin',(0.,0.,-2.5209548813952));
#3909=CARTESIAN_POINT('',(1.99689257468795,0.00130725793554055,-12.5209548813952));
#3910=CARTESIAN_POINT('',(1.99168995676143,0.000657578027248445,-12.6790451186048));
#3911=CARTESIAN_POINT('',(1.99475,4.03981020633857E-13,-2.5209548813952));
#3912=CARTESIAN_POINT('Ctrl Pts',(1.99689257468795,0.00130725793554064,
-12.5209548813952));
#3913=CARTESIAN_POINT('Ctrl Pts',(1.99248121497085,-0.580078987059986,-12.5581787353229));
#3914=CARTESIAN_POINT('Ctrl Pts',(1.41855707366907,-1.82998159440477,-12.6377193855406));
#3915=CARTESIAN_POINT('Ctrl Pts',(-0.704135821293236,-2.24966858074412,
-12.7595768320484));
#3916=CARTESIAN_POINT('Ctrl Pts',(-2.27163941908449,-0.629658897878078,
-12.8865272209187));
#3917=CARTESIAN_POINT('Ctrl Pts',(-1.76181433463522,1.56615012954998,-13.013477609789));
#3918=CARTESIAN_POINT('Ctrl Pts',(0.359123596057594,2.3297738561436,-13.1404279986592));
#3919=CARTESIAN_POINT('Ctrl Pts',(1.8063113236789,1.22624449074674,-13.242920422528));
#3920=CARTESIAN_POINT('Ctrl Pts',(1.99285115030962,0.281570997139958,-13.3030960501067));
#3921=CARTESIAN_POINT('Ctrl Pts',(1.99181041689637,0.00082025988284256,
-13.3209548813952));
#3922=CARTESIAN_POINT('Ctrl Pts',(1.99168995676143,0.000657578027248307,
-12.6790451186048));
#3923=CARTESIAN_POINT('Ctrl Pts',(1.9905834103133,-0.373050880668123,-12.7028134872718));
#3924=CARTESIAN_POINT('Ctrl Pts',(1.71010378436616,-1.41364504745934,-12.7688986522289));
#3925=CARTESIAN_POINT('Ctrl Pts',(0.0322969538596768,-2.35706877055481,
-12.8773006134761));
#3926=CARTESIAN_POINT('Ctrl Pts',(-1.96213016089485,-1.30646910183905,-13.0042510023464));
#3927=CARTESIAN_POINT('Ctrl Pts',(-2.16226315164673,0.938847349351389,-13.1312013912166));
#3928=CARTESIAN_POINT('Ctrl Pts',(-0.385087936821783,2.3256232634001,-13.2581517800869));
#3929=CARTESIAN_POINT('Ctrl Pts',(1.55969241953234,1.64983126980141,-13.3740996892162));
#3930=CARTESIAN_POINT('Ctrl Pts',(1.98984460377051,0.488977434174879,-13.4477308020556));
#3931=CARTESIAN_POINT('Ctrl Pts',(1.99421245210246,-0.00180699480805836,
-13.4790451186048));
#3932=CARTESIAN_POINT('Origin',(0.,0.,-2.5209548813952));
#3933=CARTESIAN_POINT('',(1.9957805259094,-0.00169167089393153,-11.7209548813952));
#3934=CARTESIAN_POINT('',(1.99661627358174,0.00143354194328028,-11.8790451186048));
#3935=CARTESIAN_POINT('',(1.99475,4.03981020633857E-13,-2.5209548813952));
#3936=CARTESIAN_POINT('Ctrl Pts',(1.9957805259094,-0.00169167089393137,
-11.7209548813952));
#3937=CARTESIAN_POINT('Ctrl Pts',(1.99686363097728,-0.121706460292027,-11.7286278279589));
#3938=CARTESIAN_POINT('Ctrl Pts',(1.93238680231988,-0.902449099094173,-11.7786175708127));
#3939=CARTESIAN_POINT('Ctrl Pts',(0.902622128036528,-2.17763387005125,-11.8709241099565));
#3940=CARTESIAN_POINT('Ctrl Pts',(-1.33904061468244,-1.94004799173794,-11.9978744988269));
#3941=CARTESIAN_POINT('Ctrl Pts',(-2.35620115331224,0.0716386986595874,
-12.1248248876971));
#3942=CARTESIAN_POINT('Ctrl Pts',(-1.21870448896204,2.01781449756892,-12.2517752765674));
#3943=CARTESIAN_POINT('Ctrl Pts',(1.03325152524236,2.11877494406553,-12.3787256654376));
#3944=CARTESIAN_POINT('Ctrl Pts',(1.95707961160635,0.820709534525403,-12.4684522003803));
#3945=CARTESIAN_POINT('Ctrl Pts',(1.99749613392238,0.0808521283252259,-12.5158619390328));
#3946=CARTESIAN_POINT('Ctrl Pts',(1.99689257468795,0.00130725793554064,
-12.5209548813952));
#3947=CARTESIAN_POINT('Ctrl Pts',(1.99661627358174,0.00143354194328027,
-11.8790451186048));
#3948=CARTESIAN_POINT('Ctrl Pts',(1.99198281599366,-0.569388680895682,-11.9155793761979));
#3949=CARTESIAN_POINT('Ctrl Pts',(1.43613028604284,-1.80926194278859,-11.9944304300811));
#3950=CARTESIAN_POINT('Ctrl Pts',(-0.667491367863928,-2.26081214526562,
-12.1155982802545));
#3951=CARTESIAN_POINT('Ctrl Pts',(-2.26110923254928,-0.666484299015217,
-12.2425486691247));
#3952=CARTESIAN_POINT('Ctrl Pts',(-1.78702787393691,1.53731833402386,-12.369499057995));
#3953=CARTESIAN_POINT('Ctrl Pts',(0.321223162884571,2.33530125722139,-12.4964494468653));
#3954=CARTESIAN_POINT('Ctrl Pts',(1.79600592812754,1.24816507672737,-12.5996314670685));
#3955=CARTESIAN_POINT('Ctrl Pts',(1.99255348664824,0.292293255484001,-12.6604966909817));
#3956=CARTESIAN_POINT('Ctrl Pts',(1.99168995676143,0.000657578027248307,
-12.6790451186048));
#3957=CARTESIAN_POINT('Origin',(0.,0.,-2.5209548813952));
#3958=CARTESIAN_POINT('',(1.99150133356154,-0.000185045986249163,-10.9209548813952));
#3959=CARTESIAN_POINT('',(1.99609577848683,-0.00161308516063524,-11.0790451186048));
#3960=CARTESIAN_POINT('',(1.99475,4.03981020633857E-13,-2.5209548813952));
#3961=CARTESIAN_POINT('Ctrl Pts',(1.99150133356154,-0.00018504598624923,
-10.9209548813952));
#3962=CARTESIAN_POINT('Ctrl Pts',(1.99176767323341,-0.321619439026639,-10.9413937168851));
#3963=CARTESIAN_POINT('Ctrl Pts',(1.76652728262246,-1.30820310133207,-11.004149348665));
#3964=CARTESIAN_POINT('Ctrl Pts',(0.216920698367148,-2.34728809238139,-11.109221776735));
#3965=CARTESIAN_POINT('Ctrl Pts',(-1.85370752960235,-1.45622263844204,-11.2361721656052));
#3966=CARTESIAN_POINT('Ctrl Pts',(-2.22919004589895,0.766503566384775,-11.3631225544755));
#3967=CARTESIAN_POINT('Ctrl Pts',(-0.566162232780141,2.28829113186871,-11.4900729433458));
#3968=CARTESIAN_POINT('Ctrl Pts',(1.48279325263961,1.75202019049107,-11.6093503856523));
#3969=CARTESIAN_POINT('Ctrl Pts',(1.99089023651432,0.540182861183215,-11.6863110316688));
#3970=CARTESIAN_POINT('Ctrl Pts',(1.9957805259094,-0.00169167089393137,
-11.7209548813952));
#3971=CARTESIAN_POINT('Ctrl Pts',(1.99609577848683,-0.00161308516063519,
-11.0790451186048));
#3972=CARTESIAN_POINT('Ctrl Pts',(1.99705473421198,-0.110797064888701,-11.0860284688339));
#3973=CARTESIAN_POINT('Ctrl Pts',(1.93925705163412,-0.880583799708897,-11.1353286153532));
#3974=CARTESIAN_POINT('Ctrl Pts',(0.937884148915203,-2.16268111509002,-11.2269455581626));
#3975=CARTESIAN_POINT('Ctrl Pts',(-1.3073429370436,-1.96154804359098,-11.3538959470328));
#3976=CARTESIAN_POINT('Ctrl Pts',(-2.35705415114818,0.0333468275631031,
-11.4808463359031));
#3977=CARTESIAN_POINT('Ctrl Pts',(-1.2513281278819,1.99774728099551,-11.6077967247734));
#3978=CARTESIAN_POINT('Ctrl Pts',(0.998690334186583,2.1352830956938,-11.7347471136437));
#3979=CARTESIAN_POINT('Ctrl Pts',(1.95074810554509,0.842539256623337,-11.8251632449208));
#3980=CARTESIAN_POINT('Ctrl Pts',(1.99734964411035,0.0917816647764768,-11.8732625799078));
#3981=CARTESIAN_POINT('Ctrl Pts',(1.99661627358174,0.00143354194328027,
-11.8790451186048));
#3982=CARTESIAN_POINT('Origin',(0.,0.,-2.5209548813952));
#3983=CARTESIAN_POINT('',(1.99510257172507,0.00179554730057066,-10.1209548813952));
#3984=CARTESIAN_POINT('',(1.9915456314197,-0.000360665537333243,-10.2790451186048));
#3985=CARTESIAN_POINT('',(1.99475,4.03981020633857E-13,-2.5209548813952));
#3986=CARTESIAN_POINT('Ctrl Pts',(1.99510257172507,0.0017955473005706,-10.1209548813952));
#3987=CARTESIAN_POINT('Ctrl Pts',(1.99030951139223,-0.518023725052818,-10.1541596058112));
#3988=CARTESIAN_POINT('Ctrl Pts',(1.51685021620288,-1.70804795080459,-10.2296811265172));
#3989=CARTESIAN_POINT('Ctrl Pts',(-0.488258919104593,-2.30616981289981,
-10.3475194435134));
#3990=CARTESIAN_POINT('Ctrl Pts',(-2.20192253991387,-0.841637158302089,
-10.4744698323836));
#3991=CARTESIAN_POINT('Ctrl Pts',(-1.90201093843791,1.39254097536773,-10.6014202212539));
#3992=CARTESIAN_POINT('Ctrl Pts',(0.137218022632302,2.35329284031555,-10.7283706101242));
#3993=CARTESIAN_POINT('Ctrl Pts',(1.74285547272621,1.35383595602212,-10.8348821635046));
#3994=CARTESIAN_POINT('Ctrl Pts',(1.99121624056279,0.343881965771655,-10.899076920595));
#3995=CARTESIAN_POINT('Ctrl Pts',(1.99150133356154,-0.00018504598624923,
-10.9209548813952));
#3996=CARTESIAN_POINT('Ctrl Pts',(1.9915456314197,-0.000360665537333452,
-10.2790451186048));
#3997=CARTESIAN_POINT('Ctrl Pts',(1.99204785313713,-0.31093281069145,-10.2987943577601));
#3998=CARTESIAN_POINT('Ctrl Pts',(1.77749118836498,-1.28631268775871,-10.3608603932055));
#3999=CARTESIAN_POINT('Ctrl Pts',(0.255029672536714,-2.34345389297063,-10.465243224941));
#4000=CARTESIAN_POINT('Ctrl Pts',(-1.82980289057076,-1.48614860091859,-10.5921936138113));
#4001=CARTESIAN_POINT('Ctrl Pts',(-2.24134963397664,0.730183607475662,-10.7191440026815));
#4002=CARTESIAN_POINT('Ctrl Pts',(-0.603266562688859,2.2787904108748,-10.8460943915518));
#4003=CARTESIAN_POINT('Ctrl Pts',(1.46602632892166,1.77297313365175,-10.9660614301929));
#4004=CARTESIAN_POINT('Ctrl Pts',(1.99124377919176,0.550821796640689,-11.0437116725439));
#4005=CARTESIAN_POINT('Ctrl Pts',(1.99609577848683,-0.00161308516063519,
-11.0790451186048));
#4006=CARTESIAN_POINT('Origin',(0.,0.,-2.5209548813952));
#4007=CARTESIAN_POINT('',(1.99739655070386,-0.000995002345325916,-9.32095488139522));
#4008=CARTESIAN_POINT('',(1.99477506600427,0.00181610290159659,-9.47904511860477));
#4009=CARTESIAN_POINT('',(1.99475,4.03981020633857E-13,-2.5209548813952));
#4010=CARTESIAN_POINT('Ctrl Pts',(1.99739655070386,-0.000995002345325841,
-9.32095488139522));
#4011=CARTESIAN_POINT('Ctrl Pts',(1.9977454525135,-0.0580248136196392,-9.32460869844722));
#4012=CARTESIAN_POINT('Ctrl Pts',(1.96967542859607,-0.775198721402144,-9.37057931178931));
#4013=CARTESIAN_POINT('Ctrl Pts',(1.1044884763182,-2.08252759494224,-9.45886672142149));
#4014=CARTESIAN_POINT('Ctrl Pts',(-1.14959579130547,-2.05797120840606,-9.58581711029175));
#4015=CARTESIAN_POINT('Ctrl Pts',(-2.35241800994415,-0.151477669991265,
-9.71276749916202));
#4016=CARTESIAN_POINT('Ctrl Pts',(-1.40404256771216,1.89353649187646,-9.8397178880323));
#4017=CARTESIAN_POINT('Ctrl Pts',(0.828276916206938,2.20698285632088,-9.96666827690256));
#4018=CARTESIAN_POINT('Ctrl Pts',(1.91740062470695,0.948116963977152,-10.0604139413569));
#4019=CARTESIAN_POINT('Ctrl Pts',(1.99641788787414,0.144444843584679,-10.1118428095211));
#4020=CARTESIAN_POINT('Ctrl Pts',(1.99510257172507,0.0017955473005706,-10.1209548813952));
#4021=CARTESIAN_POINT('Ctrl Pts',(1.99477506600427,0.00181610290159661,
-9.47904511860477));
#4022=CARTESIAN_POINT('Ctrl Pts',(1.99010250191019,-0.507421753641526,-9.51156024668622));
#4023=CARTESIAN_POINT('Ctrl Pts',(1.53272598061834,-1.68686791595004,-9.58639217105776));
#4024=CARTESIAN_POINT('Ctrl Pts',(-0.450724950735224,-2.31379845732901,
-9.70354089171938));
#4025=CARTESIAN_POINT('Ctrl Pts',(-2.18795743381629,-0.87730185806337,-9.83049128058965));
#4026=CARTESIAN_POINT('Ctrl Pts',(-1.92438525811056,1.36145424481329,-9.95744166945992));
#4027=CARTESIAN_POINT('Ctrl Pts',(0.0989647497499596,2.35521172310693,-10.0843920583302));
#4028=CARTESIAN_POINT('Ctrl Pts',(1.7311282638903,1.37567325099005,-10.1915932080451));
#4029=CARTESIAN_POINT('Ctrl Pts',(1.99097174008073,0.354531721714354,-10.25647756147));
#4030=CARTESIAN_POINT('Ctrl Pts',(1.9915456314197,-0.000360665537333452,
-10.2790451186048));
#4031=CARTESIAN_POINT('Origin',(0.,0.,-2.5209548813952));
#4032=CARTESIAN_POINT('',(1.99214579291613,-0.00113343464471327,-8.52095488139522));
#4033=CARTESIAN_POINT('',(1.99759494948056,-0.000825079441694465,-8.67904511860477));
#4034=CARTESIAN_POINT('',(1.99475,4.03981020633857E-13,-2.5209548813952));
#4035=CARTESIAN_POINT('Ctrl Pts',(1.99214579291613,-0.00113343464471338,
-8.52095488139522));
#4036=CARTESIAN_POINT('Ctrl Pts',(1.9934812309089,-0.259151569699084,-8.53737458737336));
#4037=CARTESIAN_POINT('Ctrl Pts',(1.8270618550153,-1.18047682538168,-8.59611108964158));
#4038=CARTESIAN_POINT('Ctrl Pts',(0.437901368522173,-2.31625956435438,-8.69716438819988));
#4039=CARTESIAN_POINT('Ctrl Pts',(-1.70770580277628,-1.62497903653538,-8.82411477707016));
#4040=CARTESIAN_POINT('Ctrl Pts',(-2.29168034209407,0.552283611629957,-8.95106516594041));
#4041=CARTESIAN_POINT('Ctrl Pts',(-0.779999529966484,2.22450369998968,-9.0780155548107));
#4042=CARTESIAN_POINT('Ctrl Pts',(1.38092385430764,1.87291796971058,-9.20131212662895));
#4043=CARTESIAN_POINT('Ctrl Pts',(1.99370463530951,0.602467726595766,-9.28229190215713));
#4044=CARTESIAN_POINT('Ctrl Pts',(1.99739655070386,-0.000995002345325841,
-9.32095488139522));
#4045=CARTESIAN_POINT('Ctrl Pts',(1.99759494948056,-0.000825079441694569,
-8.67904511860477));
#4046=CARTESIAN_POINT('Ctrl Pts',(1.9978369405106,-0.0470793148806445,-8.68200933932227));
#4047=CARTESIAN_POINT('Ctrl Pts',(1.97541952777616,-0.753413832719673,-8.72729035632984));
#4048=CARTESIAN_POINT('Ctrl Pts',(1.1381786156867,-2.06430756457149,-8.8148881696275));
#4049=CARTESIAN_POINT('Ctrl Pts',(-1.11600715572848,-2.07637768980408,-8.94183855849779));
#4050=CARTESIAN_POINT('Ctrl Pts',(-2.34964642020076,-0.189678629241984,
-9.06878894736804));
#4051=CARTESIAN_POINT('Ctrl Pts',(-1.43462253822442,1.87047439308105,-9.19573933623832));
#4052=CARTESIAN_POINT('Ctrl Pts',(0.792309616607724,2.22014903864229,-9.32268972510859));
#4053=CARTESIAN_POINT('Ctrl Pts',(1.90990406562782,0.97001596726692,-9.4171249858974));
#4054=CARTESIAN_POINT('Ctrl Pts',(1.99618360798568,0.155325586136963,-9.46924345039613));
#4055=CARTESIAN_POINT('Ctrl Pts',(1.99477506600427,0.00181610290159661,
-9.47904511860477));
#4056=CARTESIAN_POINT('Origin',(0.,0.,-2.5209548813952));
#4057=CARTESIAN_POINT('',(1.99328006537593,0.00165651993038293,-7.72095488139522));
#4058=CARTESIAN_POINT('',(1.99234428707564,-0.00126783876415085,-7.87904511860477));
#4059=CARTESIAN_POINT('',(1.99475,4.03981020633857E-13,-2.5209548813952));
#4060=CARTESIAN_POINT('Ctrl Pts',(1.99328006537593,0.00165651993038293,
-7.72095488139522));
#4061=CARTESIAN_POINT('Ctrl Pts',(1.98967943741171,-0.45630755746381,-7.75014047629949));
#4062=CARTESIAN_POINT('Ctrl Pts',(1.60540867179957,-1.58374154491903,-7.82164286749385));
#4063=CARTESIAN_POINT('Ctrl Pts',(-0.268006676181832,-2.34200520913003,
-7.93546205497827));
#4064=CARTESIAN_POINT('Ctrl Pts',(-2.11247399584171,-1.04607341754762,-8.06241244384856));
#4065=CARTESIAN_POINT('Ctrl Pts',(-2.02516341748171,1.20645311160405,-8.18936283271881));
#4066=CARTESIAN_POINT('Ctrl Pts',(-0.0859171762647125,2.35572371403066,
-8.31631322158909));
#4067=CARTESIAN_POINT('Ctrl Pts',(1.67091390069646,1.48075349301492,-8.42684390448122));
#4068=CARTESIAN_POINT('Ctrl Pts',(1.99003954580362,0.405811668667437,-8.49505779108327));
#4069=CARTESIAN_POINT('Ctrl Pts',(1.99214579291613,-0.00113343464471338,
-8.52095488139522));
#4070=CARTESIAN_POINT('Ctrl Pts',(1.99234428707564,-0.00126783876415099,
-7.87904511860477));
#4071=CARTESIAN_POINT('Ctrl Pts',(1.993784098031,-0.248387979321969,-7.8947752282484));
#4072=CARTESIAN_POINT('Ctrl Pts',(1.83664798074729,-1.15853949572761,-7.95282213418211));
#4073=CARTESIAN_POINT('Ctrl Pts',(0.475477042866487,-2.30883907279577,-8.05318583640591));
#4074=CARTESIAN_POINT('Ctrl Pts',(-1.68107855957831,-1.65251056241032,-8.18013622527617));
#4075=CARTESIAN_POINT('Ctrl Pts',(-2.30035114096978,0.514976611693421,-8.30708661414645));
#4076=CARTESIAN_POINT('Ctrl Pts',(-0.816039251950083,2.21153707218109,-8.43403700301671));
#4077=CARTESIAN_POINT('Ctrl Pts',(1.36242771981454,1.89333759178266,-8.55802317116949));
#4078=CARTESIAN_POINT('Ctrl Pts',(1.99438231074506,0.613239617199487,-8.63969254303218));
#4079=CARTESIAN_POINT('Ctrl Pts',(1.99759494948056,-0.000825079441694569,
-8.67904511860477));
#4080=CARTESIAN_POINT('Origin',(0.,0.,-2.5209548813952));
#4081=CARTESIAN_POINT('',(1.99800736577077,0.000106164620053262,-6.92095488139522));
#4082=CARTESIAN_POINT('',(1.99300601324224,0.00157356923791263,-7.07904511860477));
#4083=CARTESIAN_POINT('',(1.99475,4.03981020633857E-13,-2.5209548813952));
#4084=CARTESIAN_POINT('Ctrl Pts',(1.99800736577077,0.000106164620053364,
-6.92095488139522));
#4085=CARTESIAN_POINT('Ctrl Pts',(1.99750136196978,-0.654151502047735,-6.96290636522562));
#4086=CARTESIAN_POINT('Ctrl Pts',(1.28999341175095,-1.96930254825892,-7.04717464534611));
#4087=CARTESIAN_POINT('Ctrl Pts',(-0.94984931619415,-2.15745272412112,-7.17375972175667));
#4088=CARTESIAN_POINT('Ctrl Pts',(-2.32755459562013,-0.373236630635489,
-7.30071011062695));
#4089=CARTESIAN_POINT('Ctrl Pts',(-1.57679886984901,1.75229030169605,-7.42766049949721));
#4090=CARTESIAN_POINT('Ctrl Pts',(0.615880028552068,2.27541375771617,-7.55461088836749));
#4091=CARTESIAN_POINT('Ctrl Pts',(1.87074627512121,1.07585864516837,-7.65237568233348));
#4092=CARTESIAN_POINT('Ctrl Pts',(1.99490006219521,0.207704008339058,-7.7078236800094));
#4093=CARTESIAN_POINT('Ctrl Pts',(1.99328006537593,0.00165651993038293,
-7.72095488139522));
#4094=CARTESIAN_POINT('Ctrl Pts',(1.99300601324224,0.00157356923791258,
-7.07904511860477));
#4095=CARTESIAN_POINT('Ctrl Pts',(1.9896982218301,-0.44572499937743,-7.10754111717453));
#4096=CARTESIAN_POINT('Ctrl Pts',(1.61965434765322,-1.56222653401483,-7.17835391203438));
#4097=CARTESIAN_POINT('Ctrl Pts',(-0.229919538777217,-2.34605057242988,
-7.2914835031843));
#4098=CARTESIAN_POINT('Ctrl Pts',(-2.09519911301439,-1.08025782068436,-7.41843389205458));
#4099=CARTESIAN_POINT('Ctrl Pts',(-2.04449801883115,1.17339001754165,-7.54538428092484));
#4100=CARTESIAN_POINT('Ctrl Pts',(-0.124180497164156,2.35401688323002,-7.6723346697951));
#4101=CARTESIAN_POINT('Ctrl Pts',(1.6576828630153,1.50242617893165,-7.78355494902176));
#4102=CARTESIAN_POINT('Ctrl Pts',(1.98991075014758,0.4164092079883,-7.85245843195831));
#4103=CARTESIAN_POINT('Ctrl Pts',(1.99234428707564,-0.00126783876415099,
-7.87904511860477));
#4104=CARTESIAN_POINT('Origin',(0.,0.,-2.5209548813952));
#4105=CARTESIAN_POINT('',(1.99358714457956,-0.0017267226265061,-6.12095488139523));
#4106=CARTESIAN_POINT('',(1.99795683600845,0.000305007754385651,-6.27904511860477));
#4107=CARTESIAN_POINT('',(1.99475,4.03981020633857E-13,-2.5209548813952));
#4108=CARTESIAN_POINT('Ctrl Pts',(1.99358714457956,-0.00172672262650608,
-6.12095488139523));
#4109=CARTESIAN_POINT('Ctrl Pts',(1.99519978278737,-0.196233854112741,-6.13335545786167));
#4110=CARTESIAN_POINT('Ctrl Pts',(1.87976674793981,-1.05262082524362,-6.1880728306182));
#4111=CARTESIAN_POINT('Ctrl Pts',(0.654957948028589,-2.26447473258561,-6.28510699966481));
#4112=CARTESIAN_POINT('Ctrl Pts',(-1.54640113552548,-1.779173850075,-6.41205738853508));
#4113=CARTESIAN_POINT('Ctrl Pts',(-2.33363464663068,0.333114598410101,-6.53900777740534));
#4114=CARTESIAN_POINT('Ctrl Pts',(-0.986847166054446,2.14078224343463,-6.66595816627561));
#4115=CARTESIAN_POINT('Ctrl Pts',(1.26237487127277,1.99078519092608,-6.79290855514588));
#4116=CARTESIAN_POINT('Ctrl Pts',(1.99541052803103,0.67145146975219,-6.87790746018575));
#4117=CARTESIAN_POINT('Ctrl Pts',(1.99801177203906,0.00580342382663891,
-6.92058956893553));
#4118=CARTESIAN_POINT('Ctrl Pts',(1.99800736577077,0.000106164620053364,
-6.92095488139522));
#4119=CARTESIAN_POINT('Ctrl Pts',(1.99795683600845,0.0003050077543858,-6.27904511860477));
#4120=CARTESIAN_POINT('Ctrl Pts',(1.99658401424419,-0.643241886247516,-6.32030700610066));
#4121=CARTESIAN_POINT('Ctrl Pts',(1.30963573500986,-1.94930656031045,-6.40388568988664));
#4122=CARTESIAN_POINT('Ctrl Pts',(-0.914670712806197,-2.17260069581835,
-6.5297811699627));
#4123=CARTESIAN_POINT('Ctrl Pts',(-2.32118325546792,-0.411004353446346,
-6.65673155883297));
#4124=CARTESIAN_POINT('Ctrl Pts',(-1.60506114120191,1.72643998174421,-6.78368194770323));
#4125=CARTESIAN_POINT('Ctrl Pts',(0.578828927072276,2.28511998761736,-6.91063233657351));
#4126=CARTESIAN_POINT('Ctrl Pts',(1.86200702097845,1.0977953579168,-7.00908672687401));
#4127=CARTESIAN_POINT('Ctrl Pts',(1.99461031975202,0.218517117374803,-7.06522432088443));
#4128=CARTESIAN_POINT('Ctrl Pts',(1.99300601324224,0.00157356923791258,
-7.07904511860477));
#4129=CARTESIAN_POINT('Origin',(0.,0.,-2.5209548813952));
#4130=CARTESIAN_POINT('',(1.99196133461502,0.000981748389812493,-5.32095488139522));
#4131=CARTESIAN_POINT('',(1.99389029494299,-0.00177540735732867,-5.47904511860477));
#4132=CARTESIAN_POINT('',(1.99475,4.03981020633857E-13,-2.5209548813952));
#4133=CARTESIAN_POINT('Ctrl Pts',(1.99196133461502,0.000981748389812589,
-5.32095488139522));
#4134=CARTESIAN_POINT('Ctrl Pts',(1.99020252656842,-0.394574872973915,-5.3461213467878));
#4135=CARTESIAN_POINT('Ctrl Pts',(1.68464518157166,-1.45775736970691,-5.41360460847045));
#4136=CARTESIAN_POINT('Ctrl Pts',(-0.0453532457768475,-2.35685112400303,
-5.52340466644321));
#4137=CARTESIAN_POINT('Ctrl Pts',(-2.00409510931403,-1.24113702224572,-5.65035505531347));
#4138=CARTESIAN_POINT('Ctrl Pts',(-2.13016831270156,1.00955478495494,-5.77730544418374));
#4139=CARTESIAN_POINT('Ctrl Pts',(-0.308282397296418,2.33704433034818,-5.90425583305401));
#4140=CARTESIAN_POINT('Ctrl Pts',(1.59001587430831,1.60648297778454,-6.01880564545783));
#4141=CARTESIAN_POINT('Ctrl Pts',(1.98969667712819,0.467519051435487,-6.09103866157157));
#4142=CARTESIAN_POINT('Ctrl Pts',(1.99358714457956,-0.00172672262650608,
-6.12095488139523));
#4143=CARTESIAN_POINT('Ctrl Pts',(1.99389029494299,-0.00177540735732879,
-5.47904511860477));
#4144=CARTESIAN_POINT('Ctrl Pts',(1.99547452522729,-0.185395269678023,-5.4907560987367));
#4145=CARTESIAN_POINT('Ctrl Pts',(1.88805796588792,-1.03069333871854,-5.54478387515872));
#4146=CARTESIAN_POINT('Ctrl Pts',(0.691663488110734,-2.25353414988092,-5.64112844787083));
#4147=CARTESIAN_POINT('Ctrl Pts',(-1.51728983756487,-1.80406438098759,-5.7680788367411));
#4148=CARTESIAN_POINT('Ctrl Pts',(-2.33873898790595,0.29515495056481,-5.89502922561136));
#4149=CARTESIAN_POINT('Ctrl Pts',(-1.02149930773247,2.12446586164203,-6.02197961448163));
#4150=CARTESIAN_POINT('Ctrl Pts',(1.22986294929267,2.01103294126626,-6.14893000335191));
#4151=CARTESIAN_POINT('Ctrl Pts',(1.9903580155784,0.693177602028197,-6.23461850472628));
#4152=CARTESIAN_POINT('Ctrl Pts',(1.99799193381517,0.0167580427259506,-6.27799020981057));
#4153=CARTESIAN_POINT('Ctrl Pts',(1.99795683600845,0.0003050077543858,-6.27904511860477));
#4154=CARTESIAN_POINT('Origin',(0.,0.,-2.5209548813952));
#4155=CARTESIAN_POINT('',(1.99713004501267,0.00129782754620031,-4.52095488139522));
#4156=CARTESIAN_POINT('',(1.99180886929835,0.000839398299593008,-4.67904511860477));
#4157=CARTESIAN_POINT('',(1.99475,4.03981020633857E-13,-2.5209548813952));
#4158=CARTESIAN_POINT('Ctrl Pts',(1.99713004501267,0.00129782754620029,
-4.52095488139522));
#4159=CARTESIAN_POINT('Ctrl Pts',(1.99302127237346,-0.590914621578071,-4.55888723571393));
#4160=CARTESIAN_POINT('Ctrl Pts',(1.40023147622518,-1.85139145518736,-4.63913638632272));
#4161=CARTESIAN_POINT('Ctrl Pts',(-0.741612723500017,-2.23747994976556,
-4.76170233322161));
#4162=CARTESIAN_POINT('Ctrl Pts',(-2.28182239376712,-0.591714500329775,
-4.88865272209186));
#4163=CARTESIAN_POINT('Ctrl Pts',(-1.7354312446421,1.59537496453829,-5.01560311096215));
#4164=CARTESIAN_POINT('Ctrl Pts',(0.397967287437273,2.32343695900977,-5.1425534998324));
#4165=CARTESIAN_POINT('Ctrl Pts',(1.8166532346609,1.20371930178064,-5.2443374233101));
#4166=CARTESIAN_POINT('Ctrl Pts',(1.9931599192996,0.270543915315878,-5.30380455049771));
#4167=CARTESIAN_POINT('Ctrl Pts',(1.99196133461502,0.000981748389812589,
-5.32095488139522));
#4168=CARTESIAN_POINT('Ctrl Pts',(1.99180886929835,0.000839398299593182,
-4.67904511860477));
#4169=CARTESIAN_POINT('Ctrl Pts',(1.99037714467473,-0.383955547523097,-4.70352198766283));
#4170=CARTESIAN_POINT('Ctrl Pts',(1.69734396982,-1.43603746089769,-4.77031565301099));
#4171=CARTESIAN_POINT('Ctrl Pts',(-0.00705976073197582,-2.35726277915366,
-4.87942611464922));
#4172=CARTESIAN_POINT('Ctrl Pts',(-1.98366235790655,-1.2735422326552,-5.00637650351951));
#4173=CARTESIAN_POINT('Ctrl Pts',(-2.14629145389302,0.974815507767086,-5.13332689238975));
#4174=CARTESIAN_POINT('Ctrl Pts',(-0.346212088625692,2.33172503668779,-5.26027728126004));
#4175=CARTESIAN_POINT('Ctrl Pts',(1.5752021862227,1.62789379482797,-5.37551668999836));
#4176=CARTESIAN_POINT('Ctrl Pts',(1.98975002143152,0.478102082473775,-5.44843930244661));
#4177=CARTESIAN_POINT('Ctrl Pts',(1.99389029494299,-0.00177540735732879,
-5.47904511860477));
#4178=CARTESIAN_POINT('Origin',(0.,0.,-3.85));
#4179=CARTESIAN_POINT('',(-3.7,-4.53119315684521E-16,-4.));
#4180=CARTESIAN_POINT('Origin',(0.,0.,-4.));
#4181=CARTESIAN_POINT('',(-4.,4.89858719658941E-16,-3.7));
#4182=CARTESIAN_POINT('',(-3.85,4.71489017671731E-16,-3.85));
#4183=CARTESIAN_POINT('',(4.,-4.89858719658941E-16,-3.7));
#4184=CARTESIAN_POINT('Origin',(0.,0.,-3.7));
#4185=CARTESIAN_POINT('Origin',(0.,0.,-3.7));
#4186=CARTESIAN_POINT('Origin',(0.,0.,-2.));
#4187=CARTESIAN_POINT('',(4.,-4.89858719658941E-16,-0.3));
#4188=CARTESIAN_POINT('',(4.,-4.89858719658941E-16,-2.));
#4189=CARTESIAN_POINT('',(-4.,-4.89858719658941E-16,-0.3));
#4190=CARTESIAN_POINT('Origin',(0.,0.,-0.3));
#4191=CARTESIAN_POINT('Origin',(0.,0.,-0.3));
#4192=CARTESIAN_POINT('Origin',(-2.5,0.,-4.));
#4193=CARTESIAN_POINT('',(-1.16034898466907,-1.62253437445172,-4.));
#4194=CARTESIAN_POINT('Ctrl Pts',(-1.07765309386611,2.20529181956999,-4.));
#4195=CARTESIAN_POINT('Ctrl Pts',(-1.12831610936808,2.17496153483406,-4.));
#4196=CARTESIAN_POINT('Ctrl Pts',(-1.17772724931324,2.14272078630478,-4.));
#4197=CARTESIAN_POINT('Ctrl Pts',(-1.22576337273012,2.10856306129351,-4.));
#4198=CARTESIAN_POINT('Ctrl Pts',(-1.29523301353202,2.05916430222733,-4.));
#4199=CARTESIAN_POINT('Ctrl Pts',(-1.36182878041951,2.00575723698022,-4.));
#4200=CARTESIAN_POINT('Ctrl Pts',(-1.42538175329735,1.94870374668136,-4.));
#4201=CARTESIAN_POINT('Ctrl Pts',(-1.45746371044735,1.91990277092615,-4.));
#4202=CARTESIAN_POINT('Ctrl Pts',(-1.4887696212311,1.89017205374006,-4.));
#4203=CARTESIAN_POINT('Ctrl Pts',(-1.51927350491275,1.85955560322226,-4.));
#4204=CARTESIAN_POINT('Ctrl Pts',(-1.53372933055884,1.84504643202273,-4.));
#4205=CARTESIAN_POINT('Ctrl Pts',(-1.54800499168784,1.83033832115868,-4.));
#4206=CARTESIAN_POINT('Ctrl Pts',(-1.56209748219548,1.81543586397332,-4.));
#4207=CARTESIAN_POINT('Ctrl Pts',(-1.57287676746643,1.80403703868036,-4.));
#4208=CARTESIAN_POINT('Ctrl Pts',(-1.58354803136943,1.79252528850303,-4.));
#4209=CARTESIAN_POINT('Ctrl Pts',(-1.59410176813832,1.78091202767357,-4.));
#4210=CARTESIAN_POINT('Ctrl Pts',(-1.65122566477342,1.71805327671681,-4.));
#4211=CARTESIAN_POINT('Ctrl Pts',(-1.7049777149601,1.65215188114402,-4.));
#4212=CARTESIAN_POINT('Ctrl Pts',(-1.75519022899871,1.58356678112635,-4.));
#4213=CARTESIAN_POINT('Ctrl Pts',(-1.79422371164728,1.53025108158915,-4.));
#4214=CARTESIAN_POINT('Ctrl Pts',(-1.83111745851104,1.47531280812055,-4.));
#4215=CARTESIAN_POINT('Ctrl Pts',(-1.86577250126576,1.4189124894401,-4.));
#4216=CARTESIAN_POINT('Ctrl Pts',(-1.88192520385122,1.39262432180404,-4.));
#4217=CARTESIAN_POINT('Ctrl Pts',(-1.8975912882522,1.3660184583971,-4.));
#4218=CARTESIAN_POINT('Ctrl Pts',(-1.91275931114992,1.33911092493212,-4.));
#4219=CARTESIAN_POINT('Ctrl Pts',(-1.91974765141026,1.3267138577146,-4.));
#4220=CARTESIAN_POINT('Ctrl Pts',(-1.92663025480155,1.31425275376451,-4.));
#4221=CARTESIAN_POINT('Ctrl Pts',(-1.93340593461041,1.30172917785779,-4.));
#4222=CARTESIAN_POINT('Ctrl Pts',(-1.94039650058526,1.28880842509401,-4.));
#4223=CARTESIAN_POINT('Ctrl Pts',(-1.94726922312827,1.27582856535637,-4.));
#4224=CARTESIAN_POINT('Ctrl Pts',(-1.9540210631626,1.26279574414737,-4.));
#4225=CARTESIAN_POINT('Ctrl Pts',(-1.9922647617276,1.18897538062659,-4.));
#4226=CARTESIAN_POINT('Ctrl Pts',(-2.02665782141133,1.11341358379993,-4.));
#4227=CARTESIAN_POINT('Ctrl Pts',(-2.05703881322194,1.03644181259975,-4.));
#4228=CARTESIAN_POINT('Ctrl Pts',(-2.08675731667171,0.961148488991148,-4.));
#4229=CARTESIAN_POINT('Ctrl Pts',(-2.11263694575817,0.884505076614952,-4.));
#4230=CARTESIAN_POINT('Ctrl Pts',(-2.13447853525106,0.806813461342251,-4.));
#4231=CARTESIAN_POINT('Ctrl Pts',(-2.15583687779144,0.730840779406722,-4.));
#4232=CARTESIAN_POINT('Ctrl Pts',(-2.17333397897417,0.653864993977291,-4.));
#4233=CARTESIAN_POINT('Ctrl Pts',(-2.1867355537962,0.57617270722515,-4.));
#4234=CARTESIAN_POINT('Ctrl Pts',(-2.19267218902704,0.541756545481266,-4.));
#4235=CARTESIAN_POINT('Ctrl Pts',(-2.19780450370612,0.507199909338784,-4.));
#4236=CARTESIAN_POINT('Ctrl Pts',(-2.20210894452368,0.472528577122747,-4.));
#4237=CARTESIAN_POINT('Ctrl Pts',(-2.20381406511196,0.458794202580199,-4.));
#4238=CARTESIAN_POINT('Ctrl Pts',(-2.205389304859,0.445040499194614,-4.));
#4239=CARTESIAN_POINT('Ctrl Pts',(-2.20683150312348,0.431286998709338,-4.));
#4240=CARTESIAN_POINT('Ctrl Pts',(-2.21498174514813,0.353562347112098,-4.));
#4241=CARTESIAN_POINT('Ctrl Pts',(-2.21890445656293,0.275714359414226,-4.));
#4242=CARTESIAN_POINT('Ctrl Pts',(-2.21842271719529,0.198022995439927,-4.));
#4243=CARTESIAN_POINT('Ctrl Pts',(-2.2182277130072,0.166574161545492,-4.));
#4244=CARTESIAN_POINT('Ctrl Pts',(-2.21731042801021,0.135151026329218,-4.));
#4245=CARTESIAN_POINT('Ctrl Pts',(-2.21565669326276,0.103772488827474,-4.));
#4246=CARTESIAN_POINT('Ctrl Pts',(-2.21148920736733,0.0246971639248238,
-4.));
#4247=CARTESIAN_POINT('Ctrl Pts',(-2.20264807790346,-0.0540964823179351,
-4.));
#4248=CARTESIAN_POINT('Ctrl Pts',(-2.18932006729098,-0.13228940405187,-4.));
#4249=CARTESIAN_POINT('Ctrl Pts',(-2.17628510246037,-0.208763081515006,
-4.));
#4250=CARTESIAN_POINT('Ctrl Pts',(-2.15895765459573,-0.284662865042018,
-4.));
#4251=CARTESIAN_POINT('Ctrl Pts',(-2.13747291868885,-0.359664053518227,
-4.));
#4252=CARTESIAN_POINT('Ctrl Pts',(-2.13265436561014,-0.376485168248502,
-4.));
#4253=CARTESIAN_POINT('Ctrl Pts',(-2.1276248467811,-0.393266019715454,-4.));
#4254=CARTESIAN_POINT('Ctrl Pts',(-2.12239537929653,-0.409972907933417,
-4.));
#4255=CARTESIAN_POINT('Ctrl Pts',(-2.09915711240393,-0.484213569817147,
-4.));
#4256=CARTESIAN_POINT('Ctrl Pts',(-2.0719489212726,-0.557093815494555,-4.));
#4257=CARTESIAN_POINT('Ctrl Pts',(-2.0409754742563,-0.628322671223359,-4.));
#4258=CARTESIAN_POINT('Ctrl Pts',(-2.01002529028459,-0.699498029514664,
-4.));
#4259=CARTESIAN_POINT('Ctrl Pts',(-1.97531483092124,-0.769025304222588,
-4.));
#4260=CARTESIAN_POINT('Ctrl Pts',(-1.93700558601601,-0.836584971618232,
-4.));
#4261=CARTESIAN_POINT('Ctrl Pts',(-1.89933555690808,-0.903017360030276,
-4.));
#4262=CARTESIAN_POINT('Ctrl Pts',(-1.85818514287598,-0.967547906456376,
-4.));
#4263=CARTESIAN_POINT('Ctrl Pts',(-1.81367682851786,-1.0298337782963,-4.));
#4264=CARTESIAN_POINT('Ctrl Pts',(-1.79658467521414,-1.05375289735297,-4.));
#4265=CARTESIAN_POINT('Ctrl Pts',(-1.77899704819902,-1.07734052359229,-4.));
#4266=CARTESIAN_POINT('Ctrl Pts',(-1.76091995990969,-1.10057536847385,-4.));
#4267=CARTESIAN_POINT('Ctrl Pts',(-1.75330153246254,-1.1103674863826,-4.));
#4268=CARTESIAN_POINT('Ctrl Pts',(-1.74559598727407,-1.12009702265067,-4.));
#4269=CARTESIAN_POINT('Ctrl Pts',(-1.73781315295267,-1.12975105162846,-4.));
#4270=CARTESIAN_POINT('Ctrl Pts',(-1.69074147885919,-1.18813997357703,-4.));
#4271=CARTESIAN_POINT('Ctrl Pts',(-1.64076392530191,-1.24387585754469,-4.));
#4272=CARTESIAN_POINT('Ctrl Pts',(-1.58803358314711,-1.29667349312222,-4.));
#4273=CARTESIAN_POINT('Ctrl Pts',(-1.53615737731822,-1.3486159023419,-4.));
#4274=CARTESIAN_POINT('Ctrl Pts',(-1.4816161811259,-1.39771503591036,-4.));
#4275=CARTESIAN_POINT('Ctrl Pts',(-1.42452899253719,-1.44365740791495,-4.));
#4276=CARTESIAN_POINT('Ctrl Pts',(-1.36926933059311,-1.48812903120988,-4.));
#4277=CARTESIAN_POINT('Ctrl Pts',(-1.31162349190537,-1.52964308727372,-4.));
#4278=CARTESIAN_POINT('Ctrl Pts',(-1.25168320567421,-1.56786956093092,-4.));
#4279=CARTESIAN_POINT('Ctrl Pts',(-1.22180527497397,-1.58692398997452,-4.));
#4280=CARTESIAN_POINT('Ctrl Pts',(-1.19135705400463,-1.60516082202196,-4.));
#4281=CARTESIAN_POINT('Ctrl Pts',(-1.16034898466902,-1.62253437445177,-4.));
#4282=CARTESIAN_POINT('',(1.16034898466912,-1.62253437445169,-4.));
#4283=CARTESIAN_POINT('Origin',(0.,0.,-4.));
#4284=CARTESIAN_POINT('Ctrl Pts',(1.1628421490811,-1.62477007134895,-4.));
#4285=CARTESIAN_POINT('Ctrl Pts',(1.2053364593074,-1.60127002253904,-4.));
#4286=CARTESIAN_POINT('Ctrl Pts',(1.24683489784808,-1.57616099483664,-4.));
#4287=CARTESIAN_POINT('Ctrl Pts',(1.28723443645434,-1.54946300281014,-4.));
#4288=CARTESIAN_POINT('Ctrl Pts',(1.34702597434007,-1.50994982872952,-4.));
#4289=CARTESIAN_POINT('Ctrl Pts',(1.40441183402631,-1.46695869073261,-4.));
#4290=CARTESIAN_POINT('Ctrl Pts',(1.45931035953505,-1.42083350430245,-4.));
#4291=CARTESIAN_POINT('Ctrl Pts',(1.48997881324744,-1.39506617937159,-4.));
#4292=CARTESIAN_POINT('Ctrl Pts',(1.51987072003433,-1.36831987137763,-4.));
#4293=CARTESIAN_POINT('Ctrl Pts',(1.548968994051,-1.34064827485892,-4.));
#4294=CARTESIAN_POINT('Ctrl Pts',(1.56008325815796,-1.33007893896655,-4.));
#4295=CARTESIAN_POINT('Ctrl Pts',(1.57108171461881,-1.31937456961691,-4.));
#4296=CARTESIAN_POINT('Ctrl Pts',(1.58196331704537,-1.30853800686608,-4.));
#4297=CARTESIAN_POINT('Ctrl Pts',(1.59326856978287,-1.29727954732112,-4.));
#4298=CARTESIAN_POINT('Ctrl Pts',(1.60444125323194,-1.28588475981364,-4.));
#4299=CARTESIAN_POINT('Ctrl Pts',(1.61547718496555,-1.27436091208536,-4.));
#4300=CARTESIAN_POINT('Ctrl Pts',(1.66747550521532,-1.22006366386484,-4.));
#4301=CARTESIAN_POINT('Ctrl Pts',(1.71646410721144,-1.1628810031799,-4.));
#4302=CARTESIAN_POINT('Ctrl Pts',(1.76235006325047,-1.10318575572909,-4.));
#4303=CARTESIAN_POINT('Ctrl Pts',(1.79972548167262,-1.05456227604414,-4.));
#4304=CARTESIAN_POINT('Ctrl Pts',(1.83504217897544,-1.00427060557207,-4.));
#4305=CARTESIAN_POINT('Ctrl Pts',(1.8682364586342,-0.952490518508046,-4.));
#4306=CARTESIAN_POINT('Ctrl Pts',(1.88216981538029,-0.930755736707594,-4.));
#4307=CARTESIAN_POINT('Ctrl Pts',(1.89572905495696,-0.908758499790588,-4.));
#4308=CARTESIAN_POINT('Ctrl Pts',(1.90890869661192,-0.88651127303425,-4.));
#4309=CARTESIAN_POINT('Ctrl Pts',(1.91624053644816,-0.874135132039814,-4.));
#4310=CARTESIAN_POINT('Ctrl Pts',(1.92345521662283,-0.861680863313177,-4.));
#4311=CARTESIAN_POINT('Ctrl Pts',(1.93054384208644,-0.849165030772718,-4.));
#4312=CARTESIAN_POINT('Ctrl Pts',(1.96886581429344,-0.781502916414241,-4.));
#4313=CARTESIAN_POINT('Ctrl Pts',(2.00356401940014,-0.711948954515829,-4.));
#4314=CARTESIAN_POINT('Ctrl Pts',(2.03454366706807,-0.640881954209322,-4.));
#4315=CARTESIAN_POINT('Ctrl Pts',(2.06612196835136,-0.568441648527534,-4.));
#4316=CARTESIAN_POINT('Ctrl Pts',(2.09383729150847,-0.494428505719222,-4.));
#4317=CARTESIAN_POINT('Ctrl Pts',(2.11755413457494,-0.419203001278323,-4.));
#4318=CARTESIAN_POINT('Ctrl Pts',(2.13505284803939,-0.363700270845779,-4.));
#4319=CARTESIAN_POINT('Ctrl Pts',(2.15037420187193,-0.307536639948166,-4.));
#4320=CARTESIAN_POINT('Ctrl Pts',(2.16344854064997,-0.250846955603942,-4.));
#4321=CARTESIAN_POINT('Ctrl Pts',(2.1732542947335,-0.208329692345773,-4.));
#4322=CARTESIAN_POINT('Ctrl Pts',(2.18179584671303,-0.165516337621094,-4.));
#4323=CARTESIAN_POINT('Ctrl Pts',(2.18903826605107,-0.12246183978338,-4.));
#4324=CARTESIAN_POINT('Ctrl Pts',(2.19121700386249,-0.109509750431435,-4.));
#4325=CARTESIAN_POINT('Ctrl Pts',(2.19327849884636,-0.0965333839588302,
-4.));
#4326=CARTESIAN_POINT('Ctrl Pts',(2.19522053203681,-0.083542161371049,-4.));
#4327=CARTESIAN_POINT('Ctrl Pts',(2.20721037959388,-0.0033361282435473,
-4.));
#4328=CARTESIAN_POINT('Ctrl Pts',(2.21461749171195,0.0772028980685004,-4.));
#4329=CARTESIAN_POINT('Ctrl Pts',(2.21731627205729,0.157695864407777,-4.));
#4330=CARTESIAN_POINT('Ctrl Pts',(2.21853959875302,0.194182418310415,-4.));
#4331=CARTESIAN_POINT('Ctrl Pts',(2.2187949297285,0.23065993381781,-4.));
#4332=CARTESIAN_POINT('Ctrl Pts',(2.21806749317131,0.267094839893194,-4.));
#4333=CARTESIAN_POINT('Ctrl Pts',(2.21651791301745,0.34470821635117,-4.));
#4334=CARTESIAN_POINT('Ctrl Pts',(2.21051241315712,0.422127842612964,-4.));
#4335=CARTESIAN_POINT('Ctrl Pts',(2.20028407611054,0.49910318499197,-4.));
#4336=CARTESIAN_POINT('Ctrl Pts',(2.18984297565165,0.577679719865363,-4.));
#4337=CARTESIAN_POINT('Ctrl Pts',(2.17500141106236,0.655794068331345,-4.));
#4338=CARTESIAN_POINT('Ctrl Pts',(2.1559533967033,0.733181807513532,-4.));
#4339=CARTESIAN_POINT('Ctrl Pts',(2.15277935890288,0.746077199380788,-4.));
#4340=CARTESIAN_POINT('Ctrl Pts',(2.14948780420238,0.758954659877878,-4.));
#4341=CARTESIAN_POINT('Ctrl Pts',(2.14608143320537,0.771805662742077,-4.));
#4342=CARTESIAN_POINT('Ctrl Pts',(2.12538583907523,0.849882636646561,-4.));
#4343=CARTESIAN_POINT('Ctrl Pts',(2.1005180236529,0.926756661443114,-4.));
#4344=CARTESIAN_POINT('Ctrl Pts',(2.0717571970038,1.00215891004092,-4.));
#4345=CARTESIAN_POINT('Ctrl Pts',(2.04240018003054,1.07912419059128,-4.));
#4346=CARTESIAN_POINT('Ctrl Pts',(2.00898690362243,1.15455685831313,-4.));
#4347=CARTESIAN_POINT('Ctrl Pts',(1.97175876504622,1.22817393417011,-4.));
#4348=CARTESIAN_POINT('Ctrl Pts',(1.93419230040332,1.30246003557248,-4.));
#4349=CARTESIAN_POINT('Ctrl Pts',(1.89274100911438,1.37489830595201,-4.));
#4350=CARTESIAN_POINT('Ctrl Pts',(1.84760082678863,1.4451877922557,-4.));
#4351=CARTESIAN_POINT('Ctrl Pts',(1.81984945035762,1.4884005107928,-4.));
#4352=CARTESIAN_POINT('Ctrl Pts',(1.79070282958014,1.53080082859495,-4.));
#4353=CARTESIAN_POINT('Ctrl Pts',(1.76019765638134,1.57231460994259,-4.));
#4354=CARTESIAN_POINT('Ctrl Pts',(1.75239989605834,1.58292640076708,-4.));
#4355=CARTESIAN_POINT('Ctrl Pts',(1.74451864404105,1.59347298903785,-4.));
#4356=CARTESIAN_POINT('Ctrl Pts',(1.73655653539982,1.6039511352215,-4.));
#4357=CARTESIAN_POINT('Ctrl Pts',(1.68460088005651,1.67232485081428,-4.));
#4358=CARTESIAN_POINT('Ctrl Pts',(1.62918433250419,1.73781540159106,-4.));
#4359=CARTESIAN_POINT('Ctrl Pts',(1.57056187208173,1.80012602255487,-4.));
#4360=CARTESIAN_POINT('Ctrl Pts',(1.51187648060438,1.86250353380409,-4.));
#4361=CARTESIAN_POINT('Ctrl Pts',(1.44997785142489,1.92169521864032,-4.));
#4362=CARTESIAN_POINT('Ctrl Pts',(1.38507287867809,1.97738539987571,-4.));
#4363=CARTESIAN_POINT('Ctrl Pts',(1.32156306576701,2.03187849711559,-4.));
#4364=CARTESIAN_POINT('Ctrl Pts',(1.25517420606701,2.0830197856045,-4.));
#4365=CARTESIAN_POINT('Ctrl Pts',(1.18606096775575,2.13048381646555,-4.));
#4366=CARTESIAN_POINT('Ctrl Pts',(1.14981388965238,2.15537676716152,-4.));
#4367=CARTESIAN_POINT('Ctrl Pts',(1.11281684443591,2.17925769280507,-4.));
#4368=CARTESIAN_POINT('Ctrl Pts',(1.07508846035129,2.20207516956608,-4.));
#4369=CARTESIAN_POINT('Origin',(0.,0.,-0.149999999999999));
#4370=CARTESIAN_POINT('',(-3.7,4.53119315684521E-16,1.90819582357449E-15));
#4371=CARTESIAN_POINT('',(-3.85,4.71489017671731E-16,-0.149999999999999));
#4372=CARTESIAN_POINT('Origin',(0.,0.,1.90819582357449E-15));
#4373=CARTESIAN_POINT('Origin',(-4.,0.,1.91026389676721E-15));
#4374=CARTESIAN_POINT('',(2.65860345159631,1.12479376798305,1.83697019872103E-16));
#4375=CARTESIAN_POINT('',(2.3034017028899,-1.74002124367987,1.83697019872103E-16));
#4376=CARTESIAN_POINT('',(2.53952262667153,0.16436906262019,1.91026389676721E-15));
#4377=CARTESIAN_POINT('',(-0.355201748706414,-2.86481501166293,1.83697019872103E-16));
#4378=CARTESIAN_POINT('',(-0.0576105150907347,-2.73891102821014,1.91026389676721E-15));
#4379=CARTESIAN_POINT('',(-2.65860345159631,-1.12479376798305,1.83697019872103E-16));
#4380=CARTESIAN_POINT('',(-2.20441043159915,-1.46789740576132,1.91026389676721E-15));
#4381=CARTESIAN_POINT('',(-2.3034017028899,1.74002124367987,1.83697019872103E-16));
#4382=CARTESIAN_POINT('',(-2.60008340216789,-0.652810967514454,1.91026389676721E-15));
#4383=CARTESIAN_POINT('',(0.355201748706412,2.86481501166292,1.83697019872103E-16));
#4384=CARTESIAN_POINT('',(-3.33511219507238,1.30352834314113,1.91026389676721E-15));
#4385=CARTESIAN_POINT('',(-0.342306082741375,3.39172199572459,1.91026389676721E-15));
#4386=CARTESIAN_POINT('Origin',(2.65860345159631,1.12479376798305,1.83697019872103E-16));
#4387=CARTESIAN_POINT('',(2.65860345159631,1.12479376798305,-1.5));
#4388=CARTESIAN_POINT('',(2.65860345159631,1.12479376798305,1.83697019872103E-16));
#4389=CARTESIAN_POINT('',(2.3034017028899,-1.74002124367987,-1.5));
#4390=CARTESIAN_POINT('',(2.3034017028899,-1.74002124367987,-1.5));
#4391=CARTESIAN_POINT('',(2.3034017028899,-1.74002124367987,1.83697019872103E-16));
#4392=CARTESIAN_POINT('Origin',(0.355201748706412,2.86481501166292,1.83697019872103E-16));
#4393=CARTESIAN_POINT('',(0.355201748706412,2.86481501166292,-1.5));
#4394=CARTESIAN_POINT('',(0.355201748706412,2.86481501166292,1.83697019872103E-16));
#4395=CARTESIAN_POINT('',(2.65860345159631,1.12479376798305,-1.5));
#4396=CARTESIAN_POINT('Origin',(-2.3034017028899,1.74002124367987,1.83697019872103E-16));
#4397=CARTESIAN_POINT('',(-2.3034017028899,1.74002124367987,-1.5));
#4398=CARTESIAN_POINT('',(-2.3034017028899,1.74002124367987,1.83697019872103E-16));
#4399=CARTESIAN_POINT('',(0.355201748706412,2.86481501166292,-1.5));
#4400=CARTESIAN_POINT('Origin',(-2.65860345159631,-1.12479376798305,1.83697019872103E-16));
#4401=CARTESIAN_POINT('',(-2.65860345159631,-1.12479376798305,-1.5));
#4402=CARTESIAN_POINT('',(-2.65860345159631,-1.12479376798305,1.83697019872103E-16));
#4403=CARTESIAN_POINT('',(-2.3034017028899,1.74002124367987,-1.5));
#4404=CARTESIAN_POINT('Origin',(-0.355201748706414,-2.86481501166293,1.83697019872103E-16));
#4405=CARTESIAN_POINT('',(-0.355201748706414,-2.86481501166293,-1.5));
#4406=CARTESIAN_POINT('',(-0.355201748706414,-2.86481501166293,1.83697019872103E-16));
#4407=CARTESIAN_POINT('',(-2.65860345159631,-1.12479376798305,-1.5));
#4408=CARTESIAN_POINT('Origin',(2.3034017028899,-1.74002124367987,1.83697019872103E-16));
#4409=CARTESIAN_POINT('',(-0.355201748706414,-2.86481501166293,-1.5));
#4410=CARTESIAN_POINT('Origin',(0.,-5.55111512312578E-16,-1.5));
#4411=CARTESIAN_POINT('Ctrl Pts',(0.875140871775317,1.79252782880722,-3.73687261481682));
#4412=CARTESIAN_POINT('Ctrl Pts',(1.47089706933929,1.50167008605819,-3.77918941110691));
#4413=CARTESIAN_POINT('Ctrl Pts',(2.33937401425646,0.284367161105456,-3.86382300368709));
#4414=CARTESIAN_POINT('Ctrl Pts',(1.5070183956213,-1.81467694460319,-3.99077339255736));
#4415=CARTESIAN_POINT('Ctrl Pts',(-0.705425320366358,-2.24854816482616,
-4.11772378142763));
#4416=CARTESIAN_POINT('Ctrl Pts',(-2.27176918622417,-0.629068441963627,
-4.24467417029789));
#4417=CARTESIAN_POINT('Ctrl Pts',(-1.76119553142779,1.56715557212921,-4.37162455916816));
#4418=CARTESIAN_POINT('Ctrl Pts',(0.360202669073598,2.32949795199029,-4.49857494803843));
#4419=CARTESIAN_POINT('Ctrl Pts',(2.15206356580598,0.962009408365058,-4.62552533690869));
#4420=CARTESIAN_POINT('Ctrl Pts',(1.9760197087959,-1.28541402483824,-4.75247572577896));
#4421=CARTESIAN_POINT('Ctrl Pts',(-0.00705976073197582,-2.35726277915366,
-4.87942611464922));
#4422=CARTESIAN_POINT('Ctrl Pts',(-1.98366235790655,-1.2735422326552,-5.00637650351951));
#4423=CARTESIAN_POINT('Ctrl Pts',(-2.14629145389302,0.974815507767086,-5.13332689238975));
#4424=CARTESIAN_POINT('Ctrl Pts',(-0.346212088625692,2.33172503668779,-5.26027728126004));
#4425=CARTESIAN_POINT('Ctrl Pts',(1.770462164075,1.55636831773732,-5.38722767013029));
#4426=CARTESIAN_POINT('Ctrl Pts',(2.26811704351649,-0.642233044551672,-5.51417805900057));
#4427=CARTESIAN_POINT('Ctrl Pts',(0.691663488110734,-2.25353414988092,-5.64112844787083));
#4428=CARTESIAN_POINT('Ctrl Pts',(-1.51728983756487,-1.80406438098759,-5.7680788367411));
#4429=CARTESIAN_POINT('Ctrl Pts',(-2.33873898790595,0.29515495056481,-5.89502922561136));
#4430=CARTESIAN_POINT('Ctrl Pts',(-1.02149930773247,2.12446586164203,-6.02197961448163));
#4431=CARTESIAN_POINT('Ctrl Pts',(1.22986294929267,2.01103294126626,-6.14893000335191));
#4432=CARTESIAN_POINT('Ctrl Pts',(2.35656189781415,0.0585860539052978,-6.27588039222216));
#4433=CARTESIAN_POINT('Ctrl Pts',(1.32827373878394,-1.9474355245346,-6.40283078109244));
#4434=CARTESIAN_POINT('Ctrl Pts',(-0.914670712806197,-2.17260069581835,
-6.5297811699627));
#4435=CARTESIAN_POINT('Ctrl Pts',(-2.32118325546792,-0.411004353446346,
-6.65673155883297));
#4436=CARTESIAN_POINT('Ctrl Pts',(-1.60506114120191,1.72643998174421,-6.78368194770323));
#4437=CARTESIAN_POINT('Ctrl Pts',(0.578828927072276,2.28511998761736,-6.91063233657351));
#4438=CARTESIAN_POINT('Ctrl Pts',(2.2334017451455,0.754143837182044,-7.03758272544377));
#4439=CARTESIAN_POINT('Ctrl Pts',(1.84561279312558,-1.46646844479032,-7.16453311431404));
#4440=CARTESIAN_POINT('Ctrl Pts',(-0.229919538777217,-2.34605057242988,
-7.2914835031843));
#4441=CARTESIAN_POINT('Ctrl Pts',(-2.09519911301439,-1.08025782068436,-7.41843389205458));
#4442=CARTESIAN_POINT('Ctrl Pts',(-2.04449801883115,1.17339001754165,-7.54538428092484));
#4443=CARTESIAN_POINT('Ctrl Pts',(-0.124180497164156,2.35401688323002,-7.6723346697951));
#4444=CARTESIAN_POINT('Ctrl Pts',(1.90969541163031,1.38198397861306,-7.79928505866538));
#4445=CARTESIAN_POINT('Ctrl Pts',(2.1972267995419,-0.853821218826303,-7.92623544753564));
#4446=CARTESIAN_POINT('Ctrl Pts',(0.475477042866487,-2.30883907279577,-8.05318583640591));
#4447=CARTESIAN_POINT('Ctrl Pts',(-1.68107855957831,-1.65251056241032,-8.18013622527617));
#4448=CARTESIAN_POINT('Ctrl Pts',(-2.30035114096978,0.514976611693421,-8.30708661414645));
#4449=CARTESIAN_POINT('Ctrl Pts',(-0.816039251950083,2.21153707218109,-8.43403700301671));
#4450=CARTESIAN_POINT('Ctrl Pts',(1.41450979498698,1.88573018277773,-8.56098739188698));
#4451=CARTESIAN_POINT('Ctrl Pts',(2.35154291516609,-0.164505928420251,-8.68793778075725));
#4452=CARTESIAN_POINT('Ctrl Pts',(1.1381786156867,-2.06430756457149,-8.8148881696275));
#4453=CARTESIAN_POINT('Ctrl Pts',(-1.11600715572848,-2.07637768980408,-8.94183855849779));
#4454=CARTESIAN_POINT('Ctrl Pts',(-2.34964642020076,-0.189678629241984,
-9.06878894736804));
#4455=CARTESIAN_POINT('Ctrl Pts',(-1.43462253822442,1.87047439308105,-9.19573933623832));
#4456=CARTESIAN_POINT('Ctrl Pts',(0.792309616607724,2.22014903864229,-9.32268972510859));
#4457=CARTESIAN_POINT('Ctrl Pts',(2.29470447121221,0.539581015374058,-9.44964011397885));
#4458=CARTESIAN_POINT('Ctrl Pts',(1.69867852220349,-1.63441352189645,-9.57659050284912));
#4459=CARTESIAN_POINT('Ctrl Pts',(-0.450724950735224,-2.31379845732901,
-9.70354089171938));
#4460=CARTESIAN_POINT('Ctrl Pts',(-2.18795743381629,-0.87730185806337,-9.83049128058965));
#4461=CARTESIAN_POINT('Ctrl Pts',(-1.92438525811056,1.36145424481329,-9.95744166945992));
#4462=CARTESIAN_POINT('Ctrl Pts',(0.0989647497499596,2.35521172310693,-10.0843920583302));
#4463=CARTESIAN_POINT('Ctrl Pts',(2.03181522169858,1.19521679507416,-10.2113424472005));
#4464=CARTESIAN_POINT('Ctrl Pts',(2.10664720638729,-1.05775887147026,-10.3382928360707));
#4465=CARTESIAN_POINT('Ctrl Pts',(0.255029672536714,-2.34345389297063,-10.465243224941));
#4466=CARTESIAN_POINT('Ctrl Pts',(-1.82980289057076,-1.48614860091859,-10.5921936138113));
#4467=CARTESIAN_POINT('Ctrl Pts',(-2.24134963397664,0.730183607475662,-10.7191440026815));
#4468=CARTESIAN_POINT('Ctrl Pts',(-0.603266562688859,2.2787904108748,-10.8460943915518));
#4469=CARTESIAN_POINT('Ctrl Pts',(1.58648105675828,1.7435292193997,-10.9730447804221));
#4470=CARTESIAN_POINT('Ctrl Pts',(2.32545150825002,-0.386123769186887,-11.0999951692923));
#4471=CARTESIAN_POINT('Ctrl Pts',(0.937884148915203,-2.16268111509002,-11.2269455581626));
#4472=CARTESIAN_POINT('Ctrl Pts',(-1.3073429370436,-1.96154804359098,-11.3538959470328));
#4473=CARTESIAN_POINT('Ctrl Pts',(-2.35705415114818,0.0333468275631031,
-11.4808463359031));
#4474=CARTESIAN_POINT('Ctrl Pts',(-1.2513281278819,1.99774728099551,-11.6077967247734));
#4475=CARTESIAN_POINT('Ctrl Pts',(0.998690334186583,2.1352830956938,-11.7347471136437));
#4476=CARTESIAN_POINT('Ctrl Pts',(2.33544410360491,0.320182949718483,-11.8616975025139));
#4477=CARTESIAN_POINT('Ctrl Pts',(1.53652221013868,-1.78771244334874,-11.9886478913842));
#4478=CARTESIAN_POINT('Ctrl Pts',(-0.667491367863928,-2.26081214526562,
-12.1155982802545));
#4479=CARTESIAN_POINT('Ctrl Pts',(-2.26110923254928,-0.666484299015217,
-12.2425486691247));
#4480=CARTESIAN_POINT('Ctrl Pts',(-1.78702787393691,1.53731833402386,-12.369499057995));
#4481=CARTESIAN_POINT('Ctrl Pts',(0.321223162884571,2.33530125722139,-12.4964494468653));
#4482=CARTESIAN_POINT('Ctrl Pts',(2.13572771685576,0.997739145171443,-12.6233998357355));
#4483=CARTESIAN_POINT('Ctrl Pts',(1.99718972084842,-1.25221783300303,-12.7503502246058));
#4484=CARTESIAN_POINT('Ctrl Pts',(0.0322969538596768,-2.35706877055481,
-12.8773006134761));
#4485=CARTESIAN_POINT('Ctrl Pts',(-1.96213016089485,-1.30646910183905,-13.0042510023464));
#4486=CARTESIAN_POINT('Ctrl Pts',(-2.16226315164673,0.938847349351389,-13.1312013912166));
#4487=CARTESIAN_POINT('Ctrl Pts',(-0.385087936821783,2.3256232634001,-13.2581517800869));
#4488=CARTESIAN_POINT('Ctrl Pts',(1.74423569100575,1.58570430300705,-13.3851021689571));
#4489=CARTESIAN_POINT('Ctrl Pts',(2.27852148004893,-0.604281513294102,-13.5120525578274));
#4490=CARTESIAN_POINT('Ctrl Pts',(0.729185201328232,-2.24167464733785,-13.6390029466976));
#4491=CARTESIAN_POINT('Ctrl Pts',(-1.48696347757302,-1.82914075421149,-13.765953335568));
#4492=CARTESIAN_POINT('Ctrl Pts',(-2.34334006612577,0.256073459856815,-13.8929037244382));
#4493=CARTESIAN_POINT('Ctrl Pts',(-1.05682043148819,2.10711814048062,-14.0198541133085));
#4494=CARTESIAN_POINT('Ctrl Pts',(1.19612168017834,2.0312826510756,-14.1468045021787));
#4495=CARTESIAN_POINT('Ctrl Pts',(2.35525556999002,0.097915690184888,-14.273754891049));
#4496=CARTESIAN_POINT('Ctrl Pts',(1.36059695715229,-1.92499148116071,-14.4007052799193));
#4497=CARTESIAN_POINT('Ctrl Pts',(-0.878276322994177,-2.18756645220693,
-14.5276556687896));
#4498=CARTESIAN_POINT('Ctrl Pts',(-2.31399898805586,-0.449694302420904,
-14.6546060576598));
#4499=CARTESIAN_POINT('Ctrl Pts',(-1.63365674062309,1.69940634816107,-14.7815564465301));
#4500=CARTESIAN_POINT('Ctrl Pts',(0.540603060679043,2.29446390539007,-14.9085068354003));
#4501=CARTESIAN_POINT('Ctrl Pts',(2.22050172604518,0.791320647388754,-15.0354572242706));
#4502=CARTESIAN_POINT('Ctrl Pts',(1.86983520323667,-1.43545553574127,-15.1624076131409));
#4503=CARTESIAN_POINT('Ctrl Pts',(-0.190725181297478,-2.3495617011631,-15.2893580020112));
#4504=CARTESIAN_POINT('Ctrl Pts',(-2.07687457163677,-1.11508219250511,-15.4163083908814));
#4505=CARTESIAN_POINT('Ctrl Pts',(-2.0638003964615,1.13909797906886,-15.5432587797517));
#4506=CARTESIAN_POINT('Ctrl Pts',(-0.163458496500649,2.35161595552402,-15.6702091686219));
#4507=CARTESIAN_POINT('Ctrl Pts',(1.88636004147063,1.4136697196645,-15.7971595574922));
#4508=CARTESIAN_POINT('Ctrl Pts',(2.21117337559726,-0.817024225713767,-15.9241099463625));
#4509=CARTESIAN_POINT('Ctrl Pts',(0.513951946660148,-2.30058029176937,-16.0510603352328));
#4510=CARTESIAN_POINT('Ctrl Pts',(-1.65325917831806,-1.68034233763852,-16.178010724103));
#4511=CARTESIAN_POINT('Ctrl Pts',(-2.30862705852566,0.476505390312143,-16.3049611129733));
#4512=CARTESIAN_POINT('Ctrl Pts',(-0.852842453448119,2.19760688749148,-16.4319115018435));
#4513=CARTESIAN_POINT('Ctrl Pts',(1.38283445103941,1.90907966396689,-16.5588618907138));
#4514=CARTESIAN_POINT('Ctrl Pts',(2.35396133768467,-0.125229002388447,-16.6858122795841));
#4515=CARTESIAN_POINT('Ctrl Pts',(1.17247924837354,-2.04502046309733,-16.8127626684544));
#4516=CARTESIAN_POINT('Ctrl Pts',(-1.0811909494534,-2.09471774069287,-16.9397130573246));
#4517=CARTESIAN_POINT('Ctrl Pts',(-2.3461527495437,-0.228874546775962,-17.0666634461949));
#4518=CARTESIAN_POINT('Ctrl Pts',(-1.46564623340414,1.84626579908247,-17.1936138350651));
#4519=CARTESIAN_POINT('Ctrl Pts',(0.755138556254381,2.23306561551859,-17.3205642239354));
#4520=CARTESIAN_POINT('Ctrl Pts',(2.28537758024508,0.577811040104383,-17.4475146128057));
#4521=CARTESIAN_POINT('Ctrl Pts',(1.72572489109328,-1.60582996690636,-17.574465001676));
#4522=CARTESIAN_POINT('Ctrl Pts',(-0.412038207574684,-2.3209999564524,-17.7014153905462));
#4523=CARTESIAN_POINT('Ctrl Pts',(-2.17300788578033,-0.913702911612886,
-17.8283657794165));
#4524=CARTESIAN_POINT('Ctrl Pts',(-1.94684370376905,1.32914102917945,-17.9553161682868));
#4525=CARTESIAN_POINT('Ctrl Pts',(0.0596357130028305,2.35653556393449,-18.082266557157));
#4526=CARTESIAN_POINT('Ctrl Pts',(2.01158051654962,1.22896708979182,-18.2092169460273));
#4527=CARTESIAN_POINT('Ctrl Pts',(2.12401070850861,-1.02244549609949,-18.3361673348975));
#4528=CARTESIAN_POINT('Ctrl Pts',(0.294113113274526,-2.33887018856399,-18.4631177237679));
#4529=CARTESIAN_POINT('Ctrl Pts',(-1.8047398456037,-1.51648619250019,-18.5900681126381));
#4530=CARTESIAN_POINT('Ctrl Pts',(-2.25322619534559,0.692667304672183,-18.7170185015084));
#4531=CARTESIAN_POINT('Ctrl Pts',(-0.641222062379851,2.26840264262558,-18.8439688903786));
#4532=CARTESIAN_POINT('Ctrl Pts',(1.55715549353166,1.76976920848951,-18.9709192792489));
#4533=CARTESIAN_POINT('Ctrl Pts',(2.33157300444386,-0.347251504391282,-19.0978696681192));
#4534=CARTESIAN_POINT('Ctrl Pts',(0.97385482684045,-2.1467237965311,-19.2248200569894));
#4535=CARTESIAN_POINT('Ctrl Pts',(-1.27441690743144,-1.98309803802189,-19.3517704458597));
#4536=CARTESIAN_POINT('Ctrl Pts',(-2.35728238369498,-0.00600382168055437,
-19.47872083473));
#4537=CARTESIAN_POINT('Ctrl Pts',(-1.28450191252048,1.97658066343992,-19.6056712236002));
#4538=CARTESIAN_POINT('Ctrl Pts',(0.962907173941435,2.15165658429161,-19.7326216124705));
#4539=CARTESIAN_POINT('Ctrl Pts',(2.32977391994255,0.359123605892059,-19.8595720013408));
#4540=CARTESIAN_POINT('Ctrl Pts',(1.56615017243785,-1.761814382881,-19.986522390211));
#4541=CARTESIAN_POINT('Ctrl Pts',(-0.629658915120633,-2.27163948129153,
-20.1134727790813));
#4542=CARTESIAN_POINT('Ctrl Pts',(-2.24966864234941,-0.704135840575586,
-20.2404231679516));
#4543=CARTESIAN_POINT('Ctrl Pts',(-1.81244113508221,1.50727350345428,-20.3673735568218));
#4544=CARTESIAN_POINT('Ctrl Pts',(0.282195520462734,2.34033800349099,-20.4943239456921));
#4545=CARTESIAN_POINT('Ctrl Pts',(2.11877500208639,1.03325155353725,-20.6212743345624));
#4546=CARTESIAN_POINT('Ctrl Pts',(2.01781455282521,-1.21870452233514,-20.7482247234326));
#4547=CARTESIAN_POINT('Ctrl Pts',(0.07163870062151,-2.35620121783491,-20.8751751123029));
#4548=CARTESIAN_POINT('Ctrl Pts',(-1.94004804486454,-1.33904065135108,-21.0021255011732));
#4549=CARTESIAN_POINT('Ctrl Pts',(-2.17763392968402,0.902622152753995,-21.1290758900435));
#4550=CARTESIAN_POINT('Ctrl Pts',(-0.423855611387254,2.31887099750048,-21.2560262789137));
#4551=CARTESIAN_POINT('Ctrl Pts',(1.71752269802881,1.61459966063086,-21.382976667784));
#4552=CARTESIAN_POINT('Ctrl Pts',(2.28829119453175,-0.566162248283935,-21.5099270566543));
#4553=CARTESIAN_POINT('Ctrl Pts',(0.766503587374958,-2.22919010694347,-21.6368774455245));
#4554=CARTESIAN_POINT('Ctrl Pts',(-1.45622267831941,-1.85370758036471,-21.7638278343948));
#4555=CARTESIAN_POINT('Ctrl Pts',(-2.34728815666,0.216920704307202,-21.8907782232651));
#4556=CARTESIAN_POINT('Ctrl Pts',(-1.09184703173055,2.08918317570639,-22.0177286121353));
#4557=CARTESIAN_POINT('Ctrl Pts',(1.16204707679218,2.05096632680112,-22.1446790010056));
#4558=CARTESIAN_POINT('Ctrl Pts',(2.35329290475855,0.137218026390042,-22.2716293898758));
#4559=CARTESIAN_POINT('Ctrl Pts',(1.39254101350145,-1.90201099052288,-22.3985797787461));
#4560=CARTESIAN_POINT('Ctrl Pts',(-0.841637181349566,-2.20192260021178,
-22.5255301676164));
#4561=CARTESIAN_POINT('Ctrl Pts',(-2.30616987605238,-0.488258932475251,
-22.6524805564867));
#4562=CARTESIAN_POINT('Ctrl Pts',(-1.66179708628648,1.67189913761659,-22.7794309453569));
#4563=CARTESIAN_POINT('Ctrl Pts',(0.50222654348724,2.30316842227621,-22.9063813342272));
#4564=CARTESIAN_POINT('Ctrl Pts',(2.20698291675731,0.828276938888705,-23.0333317230974));
#4565=CARTESIAN_POINT('Ctrl Pts',(1.89353654372946,-1.40404260616066,-23.1602821119677));
#4566=CARTESIAN_POINT('Ctrl Pts',(-0.151477674139253,-2.3524180743632,-23.287232500838));
#4567=CARTESIAN_POINT('Ctrl Pts',(-2.0579712647619,-1.14959582278632,-23.4141828897083));
#4568=CARTESIAN_POINT('Ctrl Pts',(-2.08252765197061,1.10448850656367,-23.5411332785785));
#4569=CARTESIAN_POINT('Ctrl Pts',(-0.202690944635689,2.34855969975558,-23.6680836674488));
#4570=CARTESIAN_POINT('Ctrl Pts',(1.86249899674889,1.44496151141221,-23.7950340563191));
#4571=CARTESIAN_POINT('Ctrl Pts',(2.22450376090596,-0.779999551326054,-23.9219844451893));
#4572=CARTESIAN_POINT('Ctrl Pts',(0.552283626753855,-2.29168040484988,-24.0489348340597));
#4573=CARTESIAN_POINT('Ctrl Pts',(-1.62497908103406,-1.70770584954046,-24.1758852229298));
#4574=CARTESIAN_POINT('Ctrl Pts',(-2.31625962778328,0.43790138051366,-24.3028356118002));
#4575=CARTESIAN_POINT('Ctrl Pts',(-0.889407992158665,2.18306429264842,-24.4297860006704));
#4576=CARTESIAN_POINT('Ctrl Pts',(1.35077375070019,1.9318971392833,-24.5567363895407));
#4577=CARTESIAN_POINT('Ctrl Pts',(2.35572377854023,-0.0859171786174207,
-24.6836867784109));
#4578=CARTESIAN_POINT('Ctrl Pts',(1.20645314464187,-2.02516347293912,-24.8106371672812));
#4579=CARTESIAN_POINT('Ctrl Pts',(-1.04607344619344,-2.11247405369015,-24.9375875561515));
#4580=CARTESIAN_POINT('Ctrl Pts',(-2.34200527326392,-0.268006683521037,
-25.0645379450217));
#4581=CARTESIAN_POINT('Ctrl Pts',(-1.49626149489636,1.82154270363374,-25.191488333892));
#4582=CARTESIAN_POINT('Ctrl Pts',(0.717757060351012,2.24535990091616,-25.3184387227622));
#4583=CARTESIAN_POINT('Ctrl Pts',(2.2754138200263,0.615880045417539,-25.4453891116325));
#4584=CARTESIAN_POINT('Ctrl Pts',(1.75229034968157,-1.57679891302834,-25.5723395005028));
#4585=CARTESIAN_POINT('Ctrl Pts',(-0.373236640856941,-2.32755465935828,
-25.6992898893731));
#4586=CARTESIAN_POINT('Ctrl Pts',(-2.15745278319976,-0.94984934220521,-25.8262402782433));
#4587=CARTESIAN_POINT('Ctrl Pts',(-1.96875961870845,1.29645741978067,-25.9531906671136));
#4588=CARTESIAN_POINT('Ctrl Pts',(0.0202900554123754,2.3572027061048,-26.0801410559839));
#4589=CARTESIAN_POINT('Ctrl Pts',(1.99078524543332,1.26237490584244,-26.2070914448541));
#4590=CARTESIAN_POINT('Ctrl Pts',(2.14078230207424,-0.98684719307915,-26.3340418337244));
#4591=CARTESIAN_POINT('Ctrl Pts',(0.33311460750316,-2.33363471053413,-26.4609922225947));
#4592=CARTESIAN_POINT('Ctrl Pts',(-1.77917389874332,-1.5464011778744,-26.587942611465));
#4593=CARTESIAN_POINT('Ctrl Pts',(-2.26447479469234,0.654957965966797,-26.7148930003352));
#4594=CARTESIAN_POINT('Ctrl Pts',(-0.678998971674025,2.25738275329195,-26.8418433892055));
#4595=CARTESIAN_POINT('Ctrl Pts',(1.52739618601748,1.79551597956272,-26.9687937780757));
#4596=CARTESIAN_POINT('Ctrl Pts',(2.33704439490916,-0.308282405739642,-27.095744166946));
#4597=CARTESIAN_POINT('Ctrl Pts',(1.00955481159231,-2.13016837104368,-27.2226945558162));
#4598=CARTESIAN_POINT('Ctrl Pts',(-1.24113705443372,-2.00409516415496,-27.3496449446866));
#4599=CARTESIAN_POINT('Ctrl Pts',(-2.35685119173899,-0.0453532471365234,
-27.4765953335568));
#4600=CARTESIAN_POINT('Ctrl Pts',(-1.31732254355539,1.95486408619068,-27.6035457224271));
#4601=CARTESIAN_POINT('Ctrl Pts',(0.926864832705711,2.1674288339932,-27.7304961112973));
#4602=CARTESIAN_POINT('Ctrl Pts',(2.32343703988623,0.397967300025555,-27.8574465001676));
#4603=CARTESIAN_POINT('Ctrl Pts',(1.59537497844818,-1.73543129594409,-27.9843968890379));
#4604=CARTESIAN_POINT('Ctrl Pts',(-0.591714465692165,-2.28182244798824,
-28.1113472779081));
#4605=CARTESIAN_POINT('Ctrl Pts',(-2.23748009666802,-0.741612761587273,
-28.2382976667784));
#4606=CARTESIAN_POINT('Ctrl Pts',(-1.83758016538174,1.47684983088075,-28.3652480556487));
#4607=CARTESIAN_POINT('Ctrl Pts',(0.243529783876708,2.34464402085204,-28.492198444519));
#4608=CARTESIAN_POINT('Ctrl Pts',(2.10038870843832,1.06862575564218,-28.6191488333892));
#4609=CARTESIAN_POINT('Ctrl Pts',(2.03951164510185,-1.18513674633323,-28.7460992222595));
#4610=CARTESIAN_POINT('Ctrl Pts',(0.107610204394135,-2.35413582972688,-28.8730496111297));
#4611=CARTESIAN_POINT('Ctrl Pts',(-1.23688619212275,-1.69960694976487,-28.9576832037099));
#4612=CARTESIAN_POINT('Ctrl Pts',(-1.62253437445175,-1.16034898466903,-29.));
#4613=CARTESIAN_POINT('Ctrl Pts',(0.941790067967282,1.92904360906019,-3.82458174321121));
#4614=CARTESIAN_POINT('Ctrl Pts',(1.5829180142115,1.616034649992,-3.8668985395013));
#4615=CARTESIAN_POINT('Ctrl Pts',(2.51753664232137,0.306024066093315,-3.95153213208148));
#4616=CARTESIAN_POINT('Ctrl Pts',(1.62179027744513,-1.95287956272628,-4.07848252095175));
#4617=CARTESIAN_POINT('Ctrl Pts',(-0.759149277379711,-2.41979365525845,
-4.20543290982202));
#4618=CARTESIAN_POINT('Ctrl Pts',(-2.44478314898002,-0.676977192838794,
-4.33238329869228));
#4619=CARTESIAN_POINT('Ctrl Pts',(-1.89532509878344,1.68650739599988,-4.45933368756255));
#4620=CARTESIAN_POINT('Ctrl Pts',(0.387635073540406,2.50690843644858,-4.58628407643282));
#4621=CARTESIAN_POINT('Ctrl Pts',(2.31596095814691,1.03527436017392,-4.71323446530309));
#4622=CARTESIAN_POINT('Ctrl Pts',(2.12650990928612,-1.38330890587098,-4.84018485417335));
#4623=CARTESIAN_POINT('Ctrl Pts',(-0.00759741974585443,-2.53678778422519,
-4.96713524304362));
#4624=CARTESIAN_POINT('Ctrl Pts',(-2.13473460916879,-1.37053297878586,-5.09408563191388));
#4625=CARTESIAN_POINT('Ctrl Pts',(-2.30974925229911,1.04905574967961,-5.22103602078416));
#4626=CARTESIAN_POINT('Ctrl Pts',(-0.372578994986715,2.50930513201645,-5.34798640965442));
#4627=CARTESIAN_POINT('Ctrl Pts',(1.9052974619448,1.67489860320478,-5.47493679852469));
#4628=CARTESIAN_POINT('Ctrl Pts',(2.44085286547958,-0.691144388505323,-5.60188718739495));
#4629=CARTESIAN_POINT('Ctrl Pts',(0.744339368080032,-2.42515936420323,-5.72883757626523));
#4630=CARTESIAN_POINT('Ctrl Pts',(-1.63284397441917,-1.94145876485105,-5.85578796513548));
#4631=CARTESIAN_POINT('Ctrl Pts',(-2.51685325347609,0.3176334347057,-5.98273835400576));
#4632=CARTESIAN_POINT('Ctrl Pts',(-1.09929490609465,2.28626146116469,-6.10968874287602));
#4633=CARTESIAN_POINT('Ctrl Pts',(1.32352715769644,2.16418968822402,-6.2366391317463));
#4634=CARTESIAN_POINT('Ctrl Pts',(2.53603352499029,0.06304786517106,-6.36358952061656));
#4635=CARTESIAN_POINT('Ctrl Pts',(1.42943274057206,-2.09574880360997,-6.49053990948683));
#4636=CARTESIAN_POINT('Ctrl Pts',(-0.984330432463902,-2.33806216001505,
-6.61749029835709));
#4637=CARTESIAN_POINT('Ctrl Pts',(-2.49796050720031,-0.442305725227767,
-6.74444068722737));
#4638=CARTESIAN_POINT('Ctrl Pts',(-1.72729978683046,1.85792262730214,-6.87139107609762));
#4639=CARTESIAN_POINT('Ctrl Pts',(0.622911524476028,2.45915072402652,-6.99834146496791));
#4640=CARTESIAN_POINT('Ctrl Pts',(2.40349371078032,0.811578111117042,-7.12529185383815));
#4641=CARTESIAN_POINT('Ctrl Pts',(1.98617143129525,-1.57815211337257,-7.25224224270843));
#4642=CARTESIAN_POINT('Ctrl Pts',(-0.247429808200773,-2.52472167547285,
-7.3791926315787));
#4643=CARTESIAN_POINT('Ctrl Pts',(-2.25476580821536,-1.1625283644913,-7.50614302044896));
#4644=CARTESIAN_POINT('Ctrl Pts',(-2.20020340749007,1.26275334636227,-7.63309340931924));
#4645=CARTESIAN_POINT('Ctrl Pts',(-0.133637866355343,2.53329468655242,-7.76004379818949));
#4646=CARTESIAN_POINT('Ctrl Pts',(2.05513446979978,1.48723345820578,-7.88699418705977));
#4647=CARTESIAN_POINT('Ctrl Pts',(2.36456374467138,-0.918846747586012,-8.01394457593002));
#4648=CARTESIAN_POINT('Ctrl Pts',(0.511688541765464,-2.48467621319377,-8.14089496480031));
#4649=CARTESIAN_POINT('Ctrl Pts',(-1.80910655866391,-1.77836287286165,-8.26784535367056));
#4650=CARTESIAN_POINT('Ctrl Pts',(-2.4755418553445,0.554196328580164,-8.39479574254084));
#4651=CARTESIAN_POINT('Ctrl Pts',(-0.87818737227862,2.37996386261374,-8.5217461314111));
#4652=CARTESIAN_POINT('Ctrl Pts',(1.52223638379351,2.02934409108718,-8.64869652028138));
#4653=CARTESIAN_POINT('Ctrl Pts',(2.53063230541332,-0.177034411835506,-8.77564690915163));
#4654=CARTESIAN_POINT('Ctrl Pts',(1.22486030580643,-2.22152161354229,-8.9025972980219));
#4655=CARTESIAN_POINT('Ctrl Pts',(-1.20100030628594,-2.2345109783746,-9.02954768689218));
#4656=CARTESIAN_POINT('Ctrl Pts',(-2.52859137671269,-0.204124221467712,
-9.15649807576243));
#4657=CARTESIAN_POINT('Ctrl Pts',(-1.54388087833314,2.01292644716415,-9.28344846463272));
#4658=CARTESIAN_POINT('Ctrl Pts',(0.852650529465506,2.38923170135878,-9.41039885350296));
#4659=CARTESIAN_POINT('Ctrl Pts',(2.46946514510701,0.580674560556247,-9.53734924237325));
#4660=CARTESIAN_POINT('Ctrl Pts',(1.82804690362039,-1.75888759343498,-9.6642996312435));
#4661=CARTESIAN_POINT('Ctrl Pts',(-0.485051373644995,-2.49001329576785,
-9.79125002011379));
#4662=CARTESIAN_POINT('Ctrl Pts',(-2.35458844028524,-0.944115631186518,
-9.91820040898404));
#4663=CARTESIAN_POINT('Ctrl Pts',(-2.07094306926213,1.46514021583285,-10.0451507978543));
#4664=CARTESIAN_POINT('Ctrl Pts',(0.106501731777576,2.53458052334187,-10.1721011867246));
#4665=CARTESIAN_POINT('Ctrl Pts',(2.18655471073885,1.28624241304715,-10.2990515755948));
#4666=CARTESIAN_POINT('Ctrl Pts',(2.26708576833087,-1.13831593470672,-10.4260019644651));
#4667=CARTESIAN_POINT('Ctrl Pts',(0.274452285772857,-2.52192723745346,-10.5529523533354));
#4668=CARTESIAN_POINT('Ctrl Pts',(-1.96915747424921,-1.59933107572637,-10.6799027422056));
#4669=CARTESIAN_POINT('Ctrl Pts',(-2.41204689690596,0.785793112276974,-10.8068531310759));
#4670=CARTESIAN_POINT('Ctrl Pts',(-0.649210287624353,2.45233909780403,-10.9338035199462));
#4671=CARTESIAN_POINT('Ctrl Pts',(1.70730467569427,1.87631335136967,-11.0607539088164));
#4672=CARTESIAN_POINT('Ctrl Pts',(2.50255382263945,-0.415530279243645,-11.1877042976867));
#4673=CARTESIAN_POINT('Ctrl Pts',(1.00931176321406,-2.32738712139028,-11.314654686557));
#4674=CARTESIAN_POINT('Ctrl Pts',(-1.4069078856266,-2.11093610740289,-11.4416050754272));
#4675=CARTESIAN_POINT('Ctrl Pts',(-2.53656326747617,0.035886463551254,-11.5685554642975));
#4676=CARTESIAN_POINT('Ctrl Pts',(-1.34662708669579,2.14989221533379,-11.6955058531678));
#4677=CARTESIAN_POINT('Ctrl Pts',(1.0747488410681,2.29790251681797,-11.8224562420381));
#4678=CARTESIAN_POINT('Ctrl Pts',(2.51330743655691,0.344567522444223,-11.9494066309083));
#4679=CARTESIAN_POINT('Ctrl Pts',(1.65354105080719,-1.92386149227824,-12.0763570197786));
#4680=CARTESIAN_POINT('Ctrl Pts',(-0.718326341487053,-2.43299163897072,
-12.2033074086489));
#4681=CARTESIAN_POINT('Ctrl Pts',(-2.43331135190164,-0.717242576038401,
-12.3302577975191));
#4682=CARTESIAN_POINT('Ctrl Pts',(-1.92312478725881,1.6543978060933,-12.4572081863894));
#4683=CARTESIAN_POINT('Ctrl Pts',(0.345686956423417,2.51315371124297,-12.5841585752597));
#4684=CARTESIAN_POINT('Ctrl Pts',(2.29838099954902,1.07372521116329,-12.7111089641299));
#4685=CARTESIAN_POINT('Ctrl Pts',(2.14929219238229,-1.34758455020089,-12.8380593530002));
#4686=CARTESIAN_POINT('Ctrl Pts',(0.03475663330511,-2.53657900027121,-12.9650097418705));
#4687=CARTESIAN_POINT('Ctrl Pts',(-2.11156255774123,-1.40596750066313,-13.0919601307407));
#4688=CARTESIAN_POINT('Ctrl Pts',(-2.32693732658309,1.01034831930871,-13.218910519611));
#4689=CARTESIAN_POINT('Ctrl Pts',(-0.414415559699557,2.50273865836098,-13.3458609084813));
#4690=CARTESIAN_POINT('Ctrl Pts',(1.87707362661606,1.7064687657376,-13.4728112973515));
#4691=CARTESIAN_POINT('Ctrl Pts',(2.45204968567742,-0.650302535090317,-13.5997616862218));
#4692=CARTESIAN_POINT('Ctrl Pts',(0.784718669265755,-2.4123966627156,-13.726712075092));
#4693=CARTESIAN_POINT('Ctrl Pts',(-1.60020801195979,-1.96844491074434,-13.8536624639624));
#4694=CARTESIAN_POINT('Ctrl Pts',(-2.52180474175543,0.275575566107381,-13.9806128528326));
#4695=CARTESIAN_POINT('Ctrl Pts',(-1.137306024779,2.26759256794006,-14.1075632417029));
#4696=CARTESIAN_POINT('Ctrl Pts',(1.28721621261624,2.18598158046986,-14.2345136305731));
#4697=CARTESIAN_POINT('Ctrl Pts',(2.5346277095268,0.105372777673138,-14.3614640194434));
#4698=CARTESIAN_POINT('Ctrl Pts',(1.46421763864487,-2.07159546119816,-14.4884144083136));
#4699=CARTESIAN_POINT('Ctrl Pts',(-0.945164309659974,-2.3541676822012,-14.615364797184));
#4700=CARTESIAN_POINT('Ctrl Pts',(-2.4902290985637,-0.483942232959922,-14.7423151860542));
#4701=CARTESIAN_POINT('Ctrl Pts',(-1.75807317702511,1.82883015952833,-14.8692655749245));
#4702=CARTESIAN_POINT('Ctrl Pts',(0.581774443041859,2.46920625821314,-14.9962159637947));
#4703=CARTESIAN_POINT('Ctrl Pts',(2.38961124881665,0.851586242082695,-15.123166352665));
#4704=CARTESIAN_POINT('Ctrl Pts',(2.01223857774057,-1.54477731548213,-15.2501167415353));
#4705=CARTESIAN_POINT('Ctrl Pts',(-0.205250477095037,-2.52850020562148,
-15.3770671304055));
#4706=CARTESIAN_POINT('Ctrl Pts',(-2.23504570185752,-1.20000489948326,-15.5040175192758));
#4707=CARTESIAN_POINT('Ctrl Pts',(-2.2209758203972,1.22584968629379,-15.6309679081461));
#4708=CARTESIAN_POINT('Ctrl Pts',(-0.175907209335163,2.53071090839699,-15.7579182970163));
#4709=CARTESIAN_POINT('Ctrl Pts',(2.03002191871512,1.52133232980561,-15.8848686858866));
#4710=CARTESIAN_POINT('Ctrl Pts',(2.379572467535,-0.879247359919263,-16.0118190747569));
#4711=CARTESIAN_POINT('Ctrl Pts',(0.553093626852341,-2.4757884578677,-16.1387694636271));
#4712=CARTESIAN_POINT('Ctrl Pts',(-1.77916850204595,-1.80831426735044,-16.2657198524974));
#4713=CARTESIAN_POINT('Ctrl Pts',(-2.48444805228813,0.512795206351743,-16.3926702413677));
#4714=CARTESIAN_POINT('Ctrl Pts',(-0.917793441150634,2.3649727794536,-16.5196206302379));
#4715=CARTESIAN_POINT('Ctrl Pts',(1.48814870112278,2.05447182787261,-16.6465710191082));
#4716=CARTESIAN_POINT('Ctrl Pts',(2.5332349107556,-0.134766223901377,-16.7735214079784));
#4717=CARTESIAN_POINT('Ctrl Pts',(1.26177321460925,-2.20076564019667,-16.9004717968488));
#4718=CARTESIAN_POINT('Ctrl Pts',(-1.16353255871331,-2.25424777542081,-17.027422185719));
#4719=CARTESIAN_POINT('Ctrl Pts',(-2.52483163421673,-0.246305231438689,
-17.1543725745893));
#4720=CARTESIAN_POINT('Ctrl Pts',(-1.57726728380708,1.98687416904227,-17.2813229634595));
#4721=CARTESIAN_POINT('Ctrl Pts',(0.812648586251982,2.40313198210965,-17.4082733523298));
#4722=CARTESIAN_POINT('Ctrl Pts',(2.45942793445768,0.621816117019176,-17.5352237412001));
#4723=CARTESIAN_POINT('Ctrl Pts',(1.8571530765995,-1.72812716495419,-17.6621741300703));
#4724=CARTESIAN_POINT('Ctrl Pts',(-0.443418315876037,-2.49776324845276,
-17.7891245189406));
#4725=CARTESIAN_POINT('Ctrl Pts',(-2.33850036085148,-0.983288925226517,
-17.9160749078109));
#4726=CARTESIAN_POINT('Ctrl Pts',(-2.0951119108113,1.4303660822853,-18.0430252966811));
#4727=CARTESIAN_POINT('Ctrl Pts',(0.0641774644672997,2.53600518556846,-18.1699756855514));
#4728=CARTESIAN_POINT('Ctrl Pts',(2.16477896588205,1.32256307110484,-18.2969260744217));
#4729=CARTESIAN_POINT('Ctrl Pts',(2.28577164436568,-1.10031315451075,-18.423876463292));
#4730=CARTESIAN_POINT('Ctrl Pts',(0.316512252911849,-2.51699444614649,-18.5508268521622));
#4731=CARTESIAN_POINT('Ctrl Pts',(-1.94218567166946,-1.6319791251537,-18.6777772410325));
#4732=CARTESIAN_POINT('Ctrl Pts',(-2.42482795638978,0.74541963355292,-18.8047276299027));
#4733=CARTESIAN_POINT('Ctrl Pts',(-0.690056411701724,2.44116021531667,-18.931678018773));
#4734=CARTESIAN_POINT('Ctrl Pts',(1.67574572892911,1.90455173207542,-19.0586284076433));
#4735=CARTESIAN_POINT('Ctrl Pts',(2.50914152126305,-0.373697570836792,-19.1855787965136));
#4736=CARTESIAN_POINT('Ctrl Pts',(1.04802190497595,-2.31021452139539,-19.3125291853838));
#4737=CARTESIAN_POINT('Ctrl Pts',(-1.37147426726134,-2.13412731166994,-19.4394795742541));
#4738=CARTESIAN_POINT('Ctrl Pts',(-2.53680888181404,-0.00646106222543615,
-19.5664299631244));
#4739=CARTESIAN_POINT('Ctrl Pts',(-1.38232732867639,2.1271135852535,-19.6933803519946));
#4740=CARTESIAN_POINT('Ctrl Pts',(1.03624049800443,2.3155229816331,-19.8203307408649));
#4741=CARTESIAN_POINT('Ctrl Pts',(2.50720542163681,0.386473830796617,-19.9472811297352));
#4742=CARTESIAN_POINT('Ctrl Pts',(1.68542542682868,-1.8959910808796,-20.0742315186054));
#4743=CARTESIAN_POINT('Ctrl Pts',(-0.67761263539743,-2.44464356594684,-20.2011819074757));
#4744=CARTESIAN_POINT('Ctrl Pts',(-2.42099946638765,-0.757761593066227,
-20.3281322963459));
#4745=CARTESIAN_POINT('Ctrl Pts',(-1.95047347786762,1.62206481384397,-20.4550826852162));
#4746=CARTESIAN_POINT('Ctrl Pts',(0.303687037102431,2.51857404728779,-20.5820330740865));
#4747=CARTESIAN_POINT('Ctrl Pts',(2.28013719571149,1.11194218235864,-20.7089834629568));
#4748=CARTESIAN_POINT('Ctrl Pts',(2.17148777544291,-1.31151892448318,-20.835933851827));
#4749=CARTESIAN_POINT('Ctrl Pts',(0.0770945786025507,-2.53564537625547,
-20.9628842406973));
#4750=CARTESIAN_POINT('Ctrl Pts',(-2.08779870642566,-1.44101964234462,-21.0898346295676));
#4751=CARTESIAN_POINT('Ctrl Pts',(-2.34347871615741,0.971364275178332,-21.2167850184378));
#4752=CARTESIAN_POINT('Ctrl Pts',(-0.456135712467512,2.49547215171544,-21.3437354073081));
#4753=CARTESIAN_POINT('Ctrl Pts',(1.84832621887549,1.73756474319465,-21.4706857961783));
#4754=CARTESIAN_POINT('Ctrl Pts',(2.46256344450589,-0.609280173613863,-21.5976361850487));
#4755=CARTESIAN_POINT('Ctrl Pts',(0.824879158239469,-2.39896132158851,-21.7245865739189));
#4756=CARTESIAN_POINT('Ctrl Pts',(-1.56712604727028,-1.9948827033544,-21.8515369627892));
#4757=CARTESIAN_POINT('Ctrl Pts',(-2.5260535119506,0.233441005261914,-21.9784873516594));
#4758=CARTESIAN_POINT('Ctrl Pts',(-1.175000189555,2.24829170765748,-22.1054377405297));
#4759=CARTESIAN_POINT('Ctrl Pts',(1.2505465471098,2.20716433046733,-22.2323881293999));
#4760=CARTESIAN_POINT('Ctrl Pts',(2.53251557114845,0.147668310974915,-22.3593385182703));
#4761=CARTESIAN_POINT('Ctrl Pts',(1.49859449838312,-2.04686481663825,-22.4862889071405));
#4762=CARTESIAN_POINT('Ctrl Pts',(-0.905734795152512,-2.3696171692967,-22.6132392960108));
#4763=CARTESIAN_POINT('Ctrl Pts',(-2.48180373510087,-0.525443877702368,
-22.740189684881));
#4764=CARTESIAN_POINT('Ctrl Pts',(-1.78835664213306,1.79922804800117,-22.8671400737513));
#4765=CARTESIAN_POINT('Ctrl Pts',(0.540475237508132,2.47857369586143,-22.9940904626216));
#4766=CARTESIAN_POINT('Ctrl Pts',(2.37506287068842,0.891357060023069,-23.1210408514918));
#4767=CARTESIAN_POINT('Ctrl Pts',(2.037744970818,-1.51097203219699,-23.2479912403621));
#4768=CARTESIAN_POINT('Ctrl Pts',(-0.163013948524378,-2.53157411520224,
-23.3749416292324));
#4769=CARTESIAN_POINT('Ctrl Pts',(-2.21470275223574,-1.23714702740423,-23.5018920181026));
#4770=CARTESIAN_POINT('Ctrl Pts',(-2.24112931088953,1.18860441697292,-23.6288424069729));
#4771=CARTESIAN_POINT('Ctrl Pts',(-0.218127532013805,2.52742189354154,-23.7557927958432));
#4772=CARTESIAN_POINT('Ctrl Pts',(2.00434365861436,1.55500724961264,-23.8827431847134));
#4773=CARTESIAN_POINT('Ctrl Pts',(2.39391807164378,-0.839402951170153,-24.0096935735837));
#4774=CARTESIAN_POINT('Ctrl Pts',(0.594344580573107,-2.46621077114648,-24.1366439624539));
#4775=CARTESIAN_POINT('Ctrl Pts',(-1.74873464207871,-1.83776173639811,-24.2635943513243));
#4776=CARTESIAN_POINT('Ctrl Pts',(-2.49266190465376,0.471251182772809,-24.3905447401945));
#4777=CARTESIAN_POINT('Ctrl Pts',(-0.957143747253475,2.34932264605521,-24.5174951290648));
#4778=CARTESIAN_POINT('Ctrl Pts',(1.45364631399247,2.07902704214969,-24.6444455179351));
#4779=CARTESIAN_POINT('Ctrl Pts',(2.53513157602023,-0.092460480477319,-24.7713959068053));
#4780=CARTESIAN_POINT('Ctrl Pts',(1.29833450332013,-2.17939637644284,-24.8983462956756));
#4781=CARTESIAN_POINT('Ctrl Pts',(-1.12574056790508,-2.27335637811998,-25.0252966845458));
#4782=CARTESIAN_POINT('Ctrl Pts',(-2.5203682934068,-0.288417603187578,-25.1522470734161));
#4783=CARTESIAN_POINT('Ctrl Pts',(-1.61021414999915,1.96026820594084,-25.2791974622864));
#4784=CARTESIAN_POINT('Ctrl Pts',(0.772420181085472,2.41636257875256,-25.4061478511566));
#4785=CARTESIAN_POINT('Ctrl Pts',(2.4487053517098,0.662784391108115,-25.5330982400269));
#4786=CARTESIAN_POINT('Ctrl Pts',(1.88574171399075,-1.69688515685385,-25.6600486288972));
#4787=CARTESIAN_POINT('Ctrl Pts',(-0.40166168978885,-2.50481714605293,-25.7869990177675));
#4788=CARTESIAN_POINT('Ctrl Pts',(-2.32176060889945,-1.02218820467082,-25.9139494066377));
#4789=CARTESIAN_POINT('Ctrl Pts',(-2.11869690345194,1.39519334643234,-26.040899795508));
#4790=CARTESIAN_POINT('Ctrl Pts',(0.0218353104993794,2.53672313611813,-26.1678501843782));
#4791=CARTESIAN_POINT('Ctrl Pts',(2.14239996333554,1.35851516791998,-26.2948005732485));
#4792=CARTESIAN_POINT('Ctrl Pts',(2.30382053312579,-1.06200374707439,-26.4217509621188));
#4793=CARTESIAN_POINT('Ctrl Pts',(0.358484032639035,-2.51136024327858,-26.548701350989));
#4794=CARTESIAN_POINT('Ctrl Pts',(-1.91467266706891,-1.66417238342498,-26.6756517398593));
#4795=CARTESIAN_POINT('Ctrl Pts',(-2.43693322936351,0.704838417650731,-26.8026021287296));
#4796=CARTESIAN_POINT('Ctrl Pts',(-0.73071034425041,2.42930107051013,-26.9295525175999));
#4797=CARTESIAN_POINT('Ctrl Pts',(1.64372000467105,1.93225933214417,-27.0565029064701));
#4798=CARTESIAN_POINT('Ctrl Pts',(2.51502960324435,-0.33176065387701,-27.1834532953404));
#4799=CARTESIAN_POINT('Ctrl Pts',(1.08644073804642,-2.29239826369577,-27.3104036842106));
#4800=CARTESIAN_POINT('Ctrl Pts',(-1.33565987894111,-2.1567235421578,-27.4373540730809));
#4801=CARTESIAN_POINT('Ctrl Pts',(-2.53634485103381,-0.0488072710129102,
-27.5643044619512));
#4802=CARTESIAN_POINT('Ctrl Pts',(-1.41764752149334,2.1037431115124,-27.6912548508215));
#4803=CARTESIAN_POINT('Ctrl Pts',(0.997453235179843,2.33249641825059,-27.8182052396917));
#4804=CARTESIAN_POINT('Ctrl Pts',(2.50038593589294,0.428275792649766,-27.945155628562));
#4805=CARTESIAN_POINT('Ctrl Pts',(1.71687594288442,-1.86759870424533,-28.0721060174323));
#4806=CARTESIAN_POINT('Ctrl Pts',(-0.63677840315123,-2.45560204955411,-28.1990564063025));
#4807=CARTESIAN_POINT('Ctrl Pts',(-2.40788266241252,-0.798092690750192,
-28.3260067951728));
#4808=CARTESIAN_POINT('Ctrl Pts',(-1.97752705268969,1.58932412764711,-28.4529571840431));
#4809=CARTESIAN_POINT('Ctrl Pts',(0.262076585731914,2.52320800339008,-28.5799075729133));
#4810=CARTESIAN_POINT('Ctrl Pts',(2.26035063413843,1.15001042174632,-28.7068579617836));
#4811=CARTESIAN_POINT('Ctrl Pts',(2.19483728027,-1.27539468544699,-28.8338083506539));
#4812=CARTESIAN_POINT('Ctrl Pts',(0.11580560910691,-2.53342269180618,-28.9607587395241));
#4813=CARTESIAN_POINT('Ctrl Pts',(-1.33108527840092,-1.82904603859893,-29.0453923321043));
#4814=CARTESIAN_POINT('Ctrl Pts',(-1.74610375092441,-1.24871913126431,-29.0877091283944));
#4815=CARTESIAN_POINT('Ctrl Pts',(1.00843926415925,2.06555938931315,-3.9122908716056));
#4816=CARTESIAN_POINT('Ctrl Pts',(1.69493895908371,1.73039921392581,-3.95460766789569));
#4817=CARTESIAN_POINT('Ctrl Pts',(2.69569927038627,0.327680971081175,-4.03924126047587));
#4818=CARTESIAN_POINT('Ctrl Pts',(1.73656215926896,-2.09108218084936,-4.16619164934614));
#4819=CARTESIAN_POINT('Ctrl Pts',(-0.812873234393067,-2.59103914569074,
-4.2931420382164));
#4820=CARTESIAN_POINT('Ctrl Pts',(-2.61779711173588,-0.724885943713961,
-4.42009242708668));
#4821=CARTESIAN_POINT('Ctrl Pts',(-2.02945466613909,1.80585921987055,-4.54704281595694));
#4822=CARTESIAN_POINT('Ctrl Pts',(0.415067478007217,2.68431892090688,-4.67399320482721));
#4823=CARTESIAN_POINT('Ctrl Pts',(2.47985835048783,1.10853931198278,-4.80094359369747));
#4824=CARTESIAN_POINT('Ctrl Pts',(2.27700010977635,-1.48120378690373,-4.92789398256774));
#4825=CARTESIAN_POINT('Ctrl Pts',(-0.00813507875973757,-2.71631278929671,
-5.05484437143801));
#4826=CARTESIAN_POINT('Ctrl Pts',(-2.28580686043102,-1.46752372491653,-5.18179476030828));
#4827=CARTESIAN_POINT('Ctrl Pts',(-2.4732070507052,1.12329599159215,-5.30874514917855));
#4828=CARTESIAN_POINT('Ctrl Pts',(-0.398945901347735,2.6868852273451,-5.43569553804881));
#4829=CARTESIAN_POINT('Ctrl Pts',(2.04013275981459,1.79342888867224,-5.56264592691907));
#4830=CARTESIAN_POINT('Ctrl Pts',(2.61358868744266,-0.740055732458976,-5.68959631578935));
#4831=CARTESIAN_POINT('Ctrl Pts',(0.797015248049327,-2.59678457852554,-5.81654670465961));
#4832=CARTESIAN_POINT('Ctrl Pts',(-1.74839811127348,-2.07885314871452,-5.94349709352989));
#4833=CARTESIAN_POINT('Ctrl Pts',(-2.69496751904623,0.340111918846593,-6.07044748240014));
#4834=CARTESIAN_POINT('Ctrl Pts',(-1.17709050445683,2.44805706068734,-6.19739787127042));
#4835=CARTESIAN_POINT('Ctrl Pts',(1.41719136610022,2.31734643518178,-6.32434826014068));
#4836=CARTESIAN_POINT('Ctrl Pts',(2.71550515216643,0.0675096764368176,-6.45129864901096));
#4837=CARTESIAN_POINT('Ctrl Pts',(1.53059174236019,-2.24406208268533,-6.57824903788121));
#4838=CARTESIAN_POINT('Ctrl Pts',(-1.05399015212161,-2.50352362421176,-6.70519942675149));
#4839=CARTESIAN_POINT('Ctrl Pts',(-2.67473775893269,-0.473607097009185,
-6.83214981562175));
#4840=CARTESIAN_POINT('Ctrl Pts',(-1.849538432459,1.98940527286008,-6.95910020449202));
#4841=CARTESIAN_POINT('Ctrl Pts',(0.666994121879779,2.63318146043569,-7.08605059336228));
#4842=CARTESIAN_POINT('Ctrl Pts',(2.57358567641513,0.869012385052037,-7.21300098223255));
#4843=CARTESIAN_POINT('Ctrl Pts',(2.12673006946492,-1.68983578195482,-7.33995137110282));
#4844=CARTESIAN_POINT('Ctrl Pts',(-0.264940077624335,-2.70339277851583,
-7.46690175997308));
#4845=CARTESIAN_POINT('Ctrl Pts',(-2.41433250341633,-1.24479890829824,-7.59385214884336));
#4846=CARTESIAN_POINT('Ctrl Pts',(-2.355908796149,1.35211667518289,-7.72080253771362));
#4847=CARTESIAN_POINT('Ctrl Pts',(-0.143095235546528,2.71257248987482,-7.84775292658389));
#4848=CARTESIAN_POINT('Ctrl Pts',(2.20057352796925,1.5924829377985,-7.97470331545416));
#4849=CARTESIAN_POINT('Ctrl Pts',(2.53190068980087,-0.983872276345722,-8.10165370432442));
#4850=CARTESIAN_POINT('Ctrl Pts',(0.547900040664441,-2.66051335359177,-8.2286040931947));
#4851=CARTESIAN_POINT('Ctrl Pts',(-1.93713455774951,-1.90421518331297,-8.35555448206495));
#4852=CARTESIAN_POINT('Ctrl Pts',(-2.65073256971922,0.593416045466906,-8.48250487093524));
#4853=CARTESIAN_POINT('Ctrl Pts',(-0.94033549260716,2.5483906530464,-8.60945525980548));
#4854=CARTESIAN_POINT('Ctrl Pts',(1.62996297260004,2.17295799939663,-8.73640564867577));
#4855=CARTESIAN_POINT('Ctrl Pts',(2.70972169566053,-0.189562895250762,-8.86335603754602));
#4856=CARTESIAN_POINT('Ctrl Pts',(1.31154199592617,-2.3787356625131,-8.99030642641629));
#4857=CARTESIAN_POINT('Ctrl Pts',(-1.28599345684339,-2.39264426694511,-9.11725681528656));
#4858=CARTESIAN_POINT('Ctrl Pts',(-2.70753633322462,-0.218569813693444,
-9.24420720415683));
#4859=CARTESIAN_POINT('Ctrl Pts',(-1.65313921844186,2.15537850124726,-9.3711575930271));
#4860=CARTESIAN_POINT('Ctrl Pts',(0.912991442323285,2.55831436407527,-9.49810798189736));
#4861=CARTESIAN_POINT('Ctrl Pts',(2.64422581900182,0.62176810573844,-9.62505837076764));
#4862=CARTESIAN_POINT('Ctrl Pts',(1.9574152850373,-1.88336166497351,-9.75200875963789));
#4863=CARTESIAN_POINT('Ctrl Pts',(-0.519377796554766,-2.6662281342067,-9.87895914850817));
#4864=CARTESIAN_POINT('Ctrl Pts',(-2.5212194467542,-1.01092940430966,-10.0059095373784));
#4865=CARTESIAN_POINT('Ctrl Pts',(-2.2175008804137,1.56882618685242,-10.1328599262487));
#4866=CARTESIAN_POINT('Ctrl Pts',(0.114038713805193,2.71394932357682,-10.259810315119));
#4867=CARTESIAN_POINT('Ctrl Pts',(2.34129419977912,1.37726803102014,-10.3867607039892));
#4868=CARTESIAN_POINT('Ctrl Pts',(2.42752433027446,-1.21887299794317,-10.5137110928595));
#4869=CARTESIAN_POINT('Ctrl Pts',(0.293874899009,-2.70040058193629,-10.6406614817297));
#4870=CARTESIAN_POINT('Ctrl Pts',(-2.10851205792765,-1.71251355053415,-10.7676118706001));
#4871=CARTESIAN_POINT('Ctrl Pts',(-2.58274415983528,0.841402617078282,-10.8945622594703));
#4872=CARTESIAN_POINT('Ctrl Pts',(-0.695154012559848,2.62588778473326,-11.0215126483406));
#4873=CARTESIAN_POINT('Ctrl Pts',(1.82812829463027,2.00909748333963,-11.1484630372108));
#4874=CARTESIAN_POINT('Ctrl Pts',(2.67965613702887,-0.4449367893004,-11.2754134260811));
#4875=CARTESIAN_POINT('Ctrl Pts',(1.08073937751291,-2.49209312769055,-11.4023638149514));
#4876=CARTESIAN_POINT('Ctrl Pts',(-1.5064728342096,-2.26032417121481,-11.5293142038216));
#4877=CARTESIAN_POINT('Ctrl Pts',(-2.71607238380416,0.0384260995394061,
-11.6562645926919));
#4878=CARTESIAN_POINT('Ctrl Pts',(-1.44192604550967,2.30203714967206,-11.7832149815622));
#4879=CARTESIAN_POINT('Ctrl Pts',(1.15080734794962,2.46052193794215,-11.9101653704325));
#4880=CARTESIAN_POINT('Ctrl Pts',(2.6911707695089,0.368952095169955,-12.0371157593027));
#4881=CARTESIAN_POINT('Ctrl Pts',(1.7705598914757,-2.06001054120773,-12.164066148173));
#4882=CARTESIAN_POINT('Ctrl Pts',(-0.769161315110178,-2.60517113267582,
-12.2910165370432));
#4883=CARTESIAN_POINT('Ctrl Pts',(-2.60551347125401,-0.768000853061583,
-12.4179669259135));
#4884=CARTESIAN_POINT('Ctrl Pts',(-2.05922170058072,1.77147727816274,-12.5449173147838));
#4885=CARTESIAN_POINT('Ctrl Pts',(0.370150749962268,2.69100616526455,-12.6718677036541));
#4886=CARTESIAN_POINT('Ctrl Pts',(2.46103428224228,1.14971127715513,-12.7988180925243));
#4887=CARTESIAN_POINT('Ctrl Pts',(2.30139466391616,-1.44295126739876,-12.9257684813946));
#4888=CARTESIAN_POINT('Ctrl Pts',(0.037216312750542,-2.71608922998761,-13.0527188702648));
#4889=CARTESIAN_POINT('Ctrl Pts',(-2.26099495458761,-1.5054658994872,-13.1796692591351));
#4890=CARTESIAN_POINT('Ctrl Pts',(-2.49161150151945,1.08184928926603,-13.3066196480054));
#4891=CARTESIAN_POINT('Ctrl Pts',(-0.443743182577329,2.67985405332186,-13.4335700368756));
#4892=CARTESIAN_POINT('Ctrl Pts',(2.00991156222637,1.82723322846815,-13.5605204257459));
#4893=CARTESIAN_POINT('Ctrl Pts',(2.6255778913059,-0.69632355688653,-13.6874708146162));
#4894=CARTESIAN_POINT('Ctrl Pts',(0.840252137203281,-2.58311867809335,-13.8144212034864));
#4895=CARTESIAN_POINT('Ctrl Pts',(-1.71345254634657,-2.1077490672772,-13.9413715923567));
#4896=CARTESIAN_POINT('Ctrl Pts',(-2.7002694173851,0.295077672357949,-14.068321981227));
#4897=CARTESIAN_POINT('Ctrl Pts',(-1.21779161806981,2.4280669953995,-14.1952723700972));
#4898=CARTESIAN_POINT('Ctrl Pts',(1.37831074505413,2.34068050986412,-14.3222227589675));
#4899=CARTESIAN_POINT('Ctrl Pts',(2.71399984906357,0.112829865161386,-14.4491731478378));
#4900=CARTESIAN_POINT('Ctrl Pts',(1.56783832013745,-2.21819944123561,-14.576123536708));
#4901=CARTESIAN_POINT('Ctrl Pts',(-1.01205229632577,-2.52076891219548,-14.7030739255783));
#4902=CARTESIAN_POINT('Ctrl Pts',(-2.66645920907153,-0.51819016349894,-14.8300243144486));
#4903=CARTESIAN_POINT('Ctrl Pts',(-1.88248961342714,1.9582539708956,-14.9569747033189));
#4904=CARTESIAN_POINT('Ctrl Pts',(0.622945825404676,2.64394861103621,-15.0839250921891));
#4905=CARTESIAN_POINT('Ctrl Pts',(2.55872077158812,0.911851836776638,-15.2108754810594));
#4906=CARTESIAN_POINT('Ctrl Pts',(2.15464195224448,-1.654099095223,-15.3378258699296));
#4907=CARTESIAN_POINT('Ctrl Pts',(-0.219775772892599,-2.70743871007986,
-15.4647762587999));
#4908=CARTESIAN_POINT('Ctrl Pts',(-2.39321683207827,-1.28492760646141,-15.5917266476702));
#4909=CARTESIAN_POINT('Ctrl Pts',(-2.3781512443329,1.31260139351873,-15.7186770365405));
#4910=CARTESIAN_POINT('Ctrl Pts',(-0.188355922169679,2.70980586126996,-15.8456274254107));
#4911=CARTESIAN_POINT('Ctrl Pts',(2.17368379595962,1.62899493994672,-15.972577814281));
#4912=CARTESIAN_POINT('Ctrl Pts',(2.54797155947273,-0.941470494124761,-16.0995282031513));
#4913=CARTESIAN_POINT('Ctrl Pts',(0.592235307044538,-2.65099662396603,-16.2264785920215));
#4914=CARTESIAN_POINT('Ctrl Pts',(-1.90507782577384,-1.93628619706237,-16.3534289808918));
#4915=CARTESIAN_POINT('Ctrl Pts',(-2.66026904605059,0.549085022391342,-16.4803793697621));
#4916=CARTESIAN_POINT('Ctrl Pts',(-0.982744428853148,2.53233867141572,-16.6073297586323));
#4917=CARTESIAN_POINT('Ctrl Pts',(1.59346295120614,2.19986399177832,-16.7342801475026));
#4918=CARTESIAN_POINT('Ctrl Pts',(2.71250848382655,-0.144303445414307,-16.8612305363729));
#4919=CARTESIAN_POINT('Ctrl Pts',(1.35106718084496,-2.356510817296,-16.9881809252432));
#4920=CARTESIAN_POINT('Ctrl Pts',(-1.24587416797321,-2.41377781014875,-17.1151313141134));
#4921=CARTESIAN_POINT('Ctrl Pts',(-2.70351051888976,-0.263735916101415,
-17.2420817029837));
#4922=CARTESIAN_POINT('Ctrl Pts',(-1.68888833421001,2.12748253900208,-17.3690320918539));
#4923=CARTESIAN_POINT('Ctrl Pts',(0.870158616249582,2.5731983487007,-17.4959824807242));
#4924=CARTESIAN_POINT('Ctrl Pts',(2.63347828867028,0.665821193933973,-17.6229328695945));
#4925=CARTESIAN_POINT('Ctrl Pts',(1.98858126210573,-1.85042436300202,-17.7498832584647));
#4926=CARTESIAN_POINT('Ctrl Pts',(-0.474798424177393,-2.67452654045311,
-17.876833647335));
#4927=CARTESIAN_POINT('Ctrl Pts',(-2.50399283592261,-1.05287493884015,-18.0037840362052));
#4928=CARTESIAN_POINT('Ctrl Pts',(-2.24338011785356,1.53159113539116,-18.1307344250756));
#4929=CARTESIAN_POINT('Ctrl Pts',(0.0687192159317729,2.71547480720245,-18.2576848139458));
#4930=CARTESIAN_POINT('Ctrl Pts',(2.31797741521448,1.41615905241785,-18.3846352028161));
#4931=CARTESIAN_POINT('Ctrl Pts',(2.44753258022276,-1.178180812922,-18.5115855916864));
#4932=CARTESIAN_POINT('Ctrl Pts',(0.33891139254917,-2.69511870372899,-18.6385359805566));
#4933=CARTESIAN_POINT('Ctrl Pts',(-2.07963149773522,-1.74747205780722,-18.7654863694269));
#4934=CARTESIAN_POINT('Ctrl Pts',(-2.59642971743397,0.798171962433656,-18.8924367582971));
#4935=CARTESIAN_POINT('Ctrl Pts',(-0.738890761023594,2.61391778800777,-19.0193871471674));
#4936=CARTESIAN_POINT('Ctrl Pts',(1.79433596432657,2.03933425566132,-19.1463375360377));
#4937=CARTESIAN_POINT('Ctrl Pts',(2.68671003808225,-0.400143637282302,-19.273287924908));
#4938=CARTESIAN_POINT('Ctrl Pts',(1.12218898311144,-2.47370524625968,-19.4002383137782));
#4939=CARTESIAN_POINT('Ctrl Pts',(-1.46853162709124,-2.285156585318,-19.5271887026485));
#4940=CARTESIAN_POINT('Ctrl Pts',(-2.71633537993309,-0.00691830277031339,
-19.6541390915187));
#4941=CARTESIAN_POINT('Ctrl Pts',(-1.48015274483231,2.27764650706707,-19.781089480389));
#4942=CARTESIAN_POINT('Ctrl Pts',(1.10957382206744,2.47938937897459,-19.9080398692593));
#4943=CARTESIAN_POINT('Ctrl Pts',(2.68463692333106,0.413824055701172,-20.0349902581295));
#4944=CARTESIAN_POINT('Ctrl Pts',(1.80470068121953,-2.03016777887821,-20.1619406469998));
#4945=CARTESIAN_POINT('Ctrl Pts',(-0.725566355674233,-2.61764765060215,
-20.2888910358701));
#4946=CARTESIAN_POINT('Ctrl Pts',(-2.59233029042588,-0.811387345556868,
-20.4158414247403));
#4947=CARTESIAN_POINT('Ctrl Pts',(-2.08850582065303,1.73685612423365,-20.5427918136106));
#4948=CARTESIAN_POINT('Ctrl Pts',(0.32517855374213,2.69681009108459,-20.6697422024809));
#4949=CARTESIAN_POINT('Ctrl Pts',(2.44149938933658,1.19063281118003,-20.7966925913512));
#4950=CARTESIAN_POINT('Ctrl Pts',(2.32516099806061,-1.40433332663123,-20.9236429802214));
#4951=CARTESIAN_POINT('Ctrl Pts',(0.0825504565835886,-2.71508953467604,
-21.0505933690917));
#4952=CARTESIAN_POINT('Ctrl Pts',(-2.23554936798678,-1.54299863333816,-21.177543757962));
#4953=CARTESIAN_POINT('Ctrl Pts',(-2.50932350263081,1.04010639760267,-21.3044941468322));
#4954=CARTESIAN_POINT('Ctrl Pts',(-0.488415813547767,2.6720733059304,-21.4314445357025));
#4955=CARTESIAN_POINT('Ctrl Pts',(1.97912973972218,1.86052982575844,-21.5583949245727));
#4956=CARTESIAN_POINT('Ctrl Pts',(2.63683569448004,-0.65239809894379,-21.6853453134431));
#4957=CARTESIAN_POINT('Ctrl Pts',(0.883254729103973,-2.56873253623354,-21.8122957023133));
#4958=CARTESIAN_POINT('Ctrl Pts',(-1.67802941622114,-2.1360578263441,-21.9392460911836));
#4959=CARTESIAN_POINT('Ctrl Pts',(-2.7048188672412,0.249961306216623,-22.0661964800538));
#4960=CARTESIAN_POINT('Ctrl Pts',(-1.25815334737946,2.40740023960856,-22.1931468689241));
#4961=CARTESIAN_POINT('Ctrl Pts',(1.33904601742743,2.36336233413353,-22.3200972577944));
#4962=CARTESIAN_POINT('Ctrl Pts',(2.71173823753834,0.158118595559791,-22.4470476466646));
#4963=CARTESIAN_POINT('Ctrl Pts',(1.60464798326479,-2.19171864275362,-22.5739980355349));
#4964=CARTESIAN_POINT('Ctrl Pts',(-0.969832408955457,-2.53731173838162,
-22.7009484244052));
#4965=CARTESIAN_POINT('Ctrl Pts',(-2.65743759414936,-0.562628822929486,
-22.8278988132754));
#4966=CARTESIAN_POINT('Ctrl Pts',(-1.91491619797965,1.92655695838574,-22.9548492021457));
#4967=CARTESIAN_POINT('Ctrl Pts',(0.578723931529023,2.65397896944665,-23.0817995910159));
#4968=CARTESIAN_POINT('Ctrl Pts',(2.54314282461952,0.954437181157434,-23.2087499798863));
#4969=CARTESIAN_POINT('Ctrl Pts',(2.18195339790653,-1.61790145823331,-23.3357003687565));
#4970=CARTESIAN_POINT('Ctrl Pts',(-0.174550222909504,-2.71073015604128,
-23.4626507576268));
#4971=CARTESIAN_POINT('Ctrl Pts',(-2.37143423970957,-1.32469823202213,-23.589601146497));
#4972=CARTESIAN_POINT('Ctrl Pts',(-2.39973096980844,1.27272032738217,-23.7165515353673));
#4973=CARTESIAN_POINT('Ctrl Pts',(-0.233564119391921,2.7062840873275,-23.8435019242376));
#4974=CARTESIAN_POINT('Ctrl Pts',(2.14618832047983,1.66505298781307,-23.9704523131079));
#4975=CARTESIAN_POINT('Ctrl Pts',(2.56333238238161,-0.898806351014253,-24.0974027019781));
#4976=CARTESIAN_POINT('Ctrl Pts',(0.636405534392356,-2.64074113744307,-24.2243530908484));
#4977=CARTESIAN_POINT('Ctrl Pts',(-1.87249020312335,-1.96781762325576,-24.3513034797186));
#4978=CARTESIAN_POINT('Ctrl Pts',(-2.66906418152425,0.50460098503196,-24.4782538685889));
#4979=CARTESIAN_POINT('Ctrl Pts',(-1.02487950234828,2.515580999462,-24.6052042574592));
#4980=CARTESIAN_POINT('Ctrl Pts',(1.55651887728474,2.22615694501609,-24.7321546463294));
#4981=CARTESIAN_POINT('Ctrl Pts',(2.71453937350024,-0.0990037823372223,
-24.8591050351997));
#4982=CARTESIAN_POINT('Ctrl Pts',(1.39021586199838,-2.33362927994655,-24.98605542407));
#4983=CARTESIAN_POINT('Ctrl Pts',(-1.20540768961671,-2.4342387025498,-25.1130058129402));
#4984=CARTESIAN_POINT('Ctrl Pts',(-2.69873131354969,-0.308828522854118,
-25.2399562018105));
#4985=CARTESIAN_POINT('Ctrl Pts',(-1.72416680510193,2.09899370824793,-25.3669065906808));
#4986=CARTESIAN_POINT('Ctrl Pts',(0.827083301819931,2.58736525658896,-25.493856979551));
#4987=CARTESIAN_POINT('Ctrl Pts',(2.62199688339331,0.70968873679869,-25.6208073684213));
#4988=CARTESIAN_POINT('Ctrl Pts',(2.01919307829993,-1.81697140067937,-25.7477577572916));
#4989=CARTESIAN_POINT('Ctrl Pts',(-0.430086738720757,-2.68207963274759,
-25.8747081461618));
#4990=CARTESIAN_POINT('Ctrl Pts',(-2.48606843459914,-1.09452706713643,-26.0016585350321));
#4991=CARTESIAN_POINT('Ctrl Pts',(-2.26863418819543,1.49392927308401,-26.1286089239024));
#4992=CARTESIAN_POINT('Ctrl Pts',(0.0233805655863856,2.71624356613146,-26.2555593127727));
#4993=CARTESIAN_POINT('Ctrl Pts',(2.29401468123775,1.45465542999751,-26.3825097016429));
#4994=CARTESIAN_POINT('Ctrl Pts',(2.46685876417734,-1.13716030106963,-26.5094600905132));
#4995=CARTESIAN_POINT('Ctrl Pts',(0.383853457774905,-2.68908577602302,-26.6364104793834));
#4996=CARTESIAN_POINT('Ctrl Pts',(-2.05017143539449,-1.78194358897557,-26.7633608682537));
#4997=CARTESIAN_POINT('Ctrl Pts',(-2.60939166403469,0.754718869334663,-26.890311257124));
#4998=CARTESIAN_POINT('Ctrl Pts',(-0.782421716826794,2.6012193877283,-27.0172616459942));
#4999=CARTESIAN_POINT('Ctrl Pts',(1.76004382332463,2.06900268472563,-27.1442120348646));
#5000=CARTESIAN_POINT('Ctrl Pts',(2.69301481157953,-0.355238902014382,-27.2711624237347));
#5001=CARTESIAN_POINT('Ctrl Pts',(1.16332666450053,-2.45462815634785,-27.3981128126051));
#5002=CARTESIAN_POINT('Ctrl Pts',(-1.4301827034485,-2.30935192016064,-27.5250632014753));
#5003=CARTESIAN_POINT('Ctrl Pts',(-2.71583851032863,-0.0522612948892922,
-27.6520135903456));
#5004=CARTESIAN_POINT('Ctrl Pts',(-1.51797249943129,2.25262213683412,-27.7789639792159));
#5005=CARTESIAN_POINT('Ctrl Pts',(1.06804163765398,2.49756400250799,-27.9059143680861));
#5006=CARTESIAN_POINT('Ctrl Pts',(2.67733483189965,0.458584285273978,-28.0328647569564));
#5007=CARTESIAN_POINT('Ctrl Pts',(1.83837690732067,-1.99976611254657,-28.1598151458266));
#5008=CARTESIAN_POINT('Ctrl Pts',(-0.6818423406103,-2.62938165111999,-28.2867655346969));
#5009=CARTESIAN_POINT('Ctrl Pts',(-2.57828522815702,-0.85457261991311,-28.4137159235672));
#5010=CARTESIAN_POINT('Ctrl Pts',(-2.11747393999764,1.70179842441347,-28.5406663124375));
#5011=CARTESIAN_POINT('Ctrl Pts',(0.280623387587125,2.70177198592812,-28.6676167013077));
#5012=CARTESIAN_POINT('Ctrl Pts',(2.42031255983853,1.23139508785047,-28.794567090178));
#5013=CARTESIAN_POINT('Ctrl Pts',(2.35016291543816,-1.36565262456076,-28.9215174790483));
#5014=CARTESIAN_POINT('Ctrl Pts',(0.12400101381968,-2.71270955388548,-29.0484678679185));
#5015=CARTESIAN_POINT('Ctrl Pts',(-1.42528436467908,-1.95848512743299,-29.1331014604987));
#5016=CARTESIAN_POINT('Ctrl Pts',(-1.86967312739707,-1.33708927785958,-29.1754182567888));
#5017=CARTESIAN_POINT('Ctrl Pts',(1.07508846035121,2.20207516956612,-3.99999999999999));
#5018=CARTESIAN_POINT('Ctrl Pts',(1.80695990395592,1.84476377785962,-4.04231679629008));
#5019=CARTESIAN_POINT('Ctrl Pts',(2.87386189845117,0.349337876069034,-4.12695038887026));
#5020=CARTESIAN_POINT('Ctrl Pts',(1.85133404109279,-2.22928479897244,-4.25390077774053));
#5021=CARTESIAN_POINT('Ctrl Pts',(-0.866597191406423,-2.76228463612304,
-4.3808511666108));
#5022=CARTESIAN_POINT('Ctrl Pts',(-2.79081107449173,-0.772794694589127,
-4.50780155548106));
#5023=CARTESIAN_POINT('Ctrl Pts',(-2.16358423349474,1.92521104374122,-4.63475194435133));
#5024=CARTESIAN_POINT('Ctrl Pts',(0.442499882474027,2.86172940536517,-4.7617023332216));
#5025=CARTESIAN_POINT('Ctrl Pts',(2.64375574282875,1.18180426379164,-4.88865272209187));
#5026=CARTESIAN_POINT('Ctrl Pts',(2.42749031026656,-1.57909866793647,-5.01560311096213));
#5027=CARTESIAN_POINT('Ctrl Pts',(-0.008672737773615,-2.89583779436824,
-5.1425534998324));
#5028=CARTESIAN_POINT('Ctrl Pts',(-2.43687911169326,-1.56451447104719,-5.26950388870267));
#5029=CARTESIAN_POINT('Ctrl Pts',(-2.63666484911129,1.19753623350467,-5.39645427757293));
#5030=CARTESIAN_POINT('Ctrl Pts',(-0.425312807708759,2.86446532267375,-5.5234046664432));
#5031=CARTESIAN_POINT('Ctrl Pts',(2.17496805768439,1.91195917413969,-5.65035505531347));
#5032=CARTESIAN_POINT('Ctrl Pts',(2.78632450940574,-0.788967076412625,-5.77730544418374));
#5033=CARTESIAN_POINT('Ctrl Pts',(0.849691128018623,-2.76840979284785,-5.904255833054));
#5034=CARTESIAN_POINT('Ctrl Pts',(-1.86395224812778,-2.21624753257799,-6.03120622192428));
#5035=CARTESIAN_POINT('Ctrl Pts',(-2.87308178461637,0.362590402987488,-6.15815661079453));
#5036=CARTESIAN_POINT('Ctrl Pts',(-1.25488610281901,2.60985266020999,-6.28510699966481));
#5037=CARTESIAN_POINT('Ctrl Pts',(1.510855574504,2.47050318213954,-6.41205738853507));
#5038=CARTESIAN_POINT('Ctrl Pts',(2.89497677934256,0.0719714877025758,-6.53900777740534));
#5039=CARTESIAN_POINT('Ctrl Pts',(1.63175074414832,-2.3923753617607,-6.6659581662756));
#5040=CARTESIAN_POINT('Ctrl Pts',(-1.12364987177932,-2.66898508840846,-6.79290855514588));
#5041=CARTESIAN_POINT('Ctrl Pts',(-2.85151501066508,-0.504908468790604,
-6.91985894401614));
#5042=CARTESIAN_POINT('Ctrl Pts',(-1.97177707808755,2.12088791841801,-7.04680933288641));
#5043=CARTESIAN_POINT('Ctrl Pts',(0.711076719283533,2.80721219684486,-7.17375972175668));
#5044=CARTESIAN_POINT('Ctrl Pts',(2.74367764204994,0.926446658987037,-7.30071011062694));
#5045=CARTESIAN_POINT('Ctrl Pts',(2.26728870763459,-1.80151945053708,-7.42766049949722));
#5046=CARTESIAN_POINT('Ctrl Pts',(-0.282450347047893,-2.88206388155879,
-7.55461088836747));
#5047=CARTESIAN_POINT('Ctrl Pts',(-2.5738991986173,-1.32706945210519,-7.68156127723776));
#5048=CARTESIAN_POINT('Ctrl Pts',(-2.51161418480793,1.44148000400351,-7.80851166610799));
#5049=CARTESIAN_POINT('Ctrl Pts',(-0.152552604737712,2.89185029319722,-7.9354620549783));
#5050=CARTESIAN_POINT('Ctrl Pts',(2.34601258613872,1.69773241739122,-8.06241244384853));
#5051=CARTESIAN_POINT('Ctrl Pts',(2.69923763493036,-1.04889780510543,-8.18936283271882));
#5052=CARTESIAN_POINT('Ctrl Pts',(0.584111539563415,-2.83635049398977,-8.31631322158908));
#5053=CARTESIAN_POINT('Ctrl Pts',(-2.0651625568351,-2.0300674937643,-8.44326361045936));
#5054=CARTESIAN_POINT('Ctrl Pts',(-2.82592328409394,0.632635762353649,-8.57021399932961));
#5055=CARTESIAN_POINT('Ctrl Pts',(-1.0024836129357,2.71681744347905,-8.69716438819989));
#5056=CARTESIAN_POINT('Ctrl Pts',(1.73768956140658,2.31657190770608,-8.82411477707015));
#5057=CARTESIAN_POINT('Ctrl Pts',(2.88881108590775,-0.20209137866602,-8.95106516594042));
#5058=CARTESIAN_POINT('Ctrl Pts',(1.39822368604591,-2.53594971148391,-9.07801555481069));
#5059=CARTESIAN_POINT('Ctrl Pts',(-1.37098660740085,-2.55077755551563,-9.20496594368095));
#5060=CARTESIAN_POINT('Ctrl Pts',(-2.88648128973655,-0.23301540591917,-9.33191633255122));
#5061=CARTESIAN_POINT('Ctrl Pts',(-1.76239755855059,2.29783055533036,-9.45886672142148));
#5062=CARTESIAN_POINT('Ctrl Pts',(0.973332355181069,2.72739702679176,-9.58581711029176));
#5063=CARTESIAN_POINT('Ctrl Pts',(2.81898649289663,0.662861650920625,-9.71276749916201));
#5064=CARTESIAN_POINT('Ctrl Pts',(2.0867836664542,-2.00783573651204,-9.8397178880323));
#5065=CARTESIAN_POINT('Ctrl Pts',(-0.553704219464537,-2.84244297264555,
-9.96666827690254));
#5066=CARTESIAN_POINT('Ctrl Pts',(-2.68785045322315,-1.07774317743281,-10.0936186657728));
#5067=CARTESIAN_POINT('Ctrl Pts',(-2.36405869156527,1.67251215787198,-10.2205690546431));
#5068=CARTESIAN_POINT('Ctrl Pts',(0.121575695832808,2.89331812381177,-10.3475194435134));
#5069=CARTESIAN_POINT('Ctrl Pts',(2.49603368881939,1.46829364899313,-10.4744698323836));
#5070=CARTESIAN_POINT('Ctrl Pts',(2.58796289221804,-1.29943006117963,-10.6014202212539));
#5071=CARTESIAN_POINT('Ctrl Pts',(0.313297512245144,-2.87887392641913,-10.7283706101242));
#5072=CARTESIAN_POINT('Ctrl Pts',(-2.24786664160611,-1.82569602534194,-10.8553209989944));
#5073=CARTESIAN_POINT('Ctrl Pts',(-2.7534414227646,0.89701212187959,-10.9822713878647));
#5074=CARTESIAN_POINT('Ctrl Pts',(-0.741097737495342,2.7994364716625,-11.109221776735));
#5075=CARTESIAN_POINT('Ctrl Pts',(1.94895191356627,2.14188161530959,-11.2361721656052));
#5076=CARTESIAN_POINT('Ctrl Pts',(2.85675845141829,-0.474343299357154,-11.3631225544755));
#5077=CARTESIAN_POINT('Ctrl Pts',(1.15216699181176,-2.65679913399081,-11.4900729433458));
#5078=CARTESIAN_POINT('Ctrl Pts',(-1.60603778279259,-2.40971223502673,-11.617023332216));
#5079=CARTESIAN_POINT('Ctrl Pts',(-2.89558150013215,0.0409657355275593,
-11.7439737210863));
#5080=CARTESIAN_POINT('Ctrl Pts',(-1.53722500432356,2.45418208401033,-11.8709241099566));
#5081=CARTESIAN_POINT('Ctrl Pts',(1.22686585483114,2.62314135906633,-11.9978744988268));
#5082=CARTESIAN_POINT('Ctrl Pts',(2.8690341024609,0.393336667895693,-12.1248248876971));
#5083=CARTESIAN_POINT('Ctrl Pts',(1.8875787321442,-2.19615959013722,-12.2517752765674));
#5084=CARTESIAN_POINT('Ctrl Pts',(-0.819996288733302,-2.77735062638092,
-12.3787256654376));
#5085=CARTESIAN_POINT('Ctrl Pts',(-2.77771559060638,-0.818759130084766,
-12.5056760543079));
#5086=CARTESIAN_POINT('Ctrl Pts',(-2.19531861390262,1.88855675023218,-12.6326264431781));
#5087=CARTESIAN_POINT('Ctrl Pts',(0.394614543501115,2.86885861928612,-12.7595768320484));
#5088=CARTESIAN_POINT('Ctrl Pts',(2.62368756493553,1.22569734314697,-12.8865272209187));
#5089=CARTESIAN_POINT('Ctrl Pts',(2.45349713545003,-1.53831798459662,-13.013477609789));
#5090=CARTESIAN_POINT('Ctrl Pts',(0.0396759921959742,-2.89559945970401,
-13.1404279986592));
#5091=CARTESIAN_POINT('Ctrl Pts',(-2.41042735143399,-1.60496429831127,-13.2673783875295));
#5092=CARTESIAN_POINT('Ctrl Pts',(-2.65628567645581,1.15335025922335,-13.3943287763997));
#5093=CARTESIAN_POINT('Ctrl Pts',(-0.473070805455102,2.85696944828273,-13.5212791652701));
#5094=CARTESIAN_POINT('Ctrl Pts',(2.14274949783669,1.94799769119871,-13.6482295541403));
#5095=CARTESIAN_POINT('Ctrl Pts',(2.79910609693438,-0.742344578682745,-13.7751799430106));
#5096=CARTESIAN_POINT('Ctrl Pts',(0.895785605140806,-2.7538406934711,-13.9021303318808));
#5097=CARTESIAN_POINT('Ctrl Pts',(-1.82669708073334,-2.24705322381005,-14.0290807207511));
#5098=CARTESIAN_POINT('Ctrl Pts',(-2.87873409301476,0.314579778608516,-14.1560311096214));
#5099=CARTESIAN_POINT('Ctrl Pts',(-1.29827721136062,2.58854142285894,-14.2829814984917));
#5100=CARTESIAN_POINT('Ctrl Pts',(1.46940527749202,2.49537943925838,-14.4099318873619));
#5101=CARTESIAN_POINT('Ctrl Pts',(2.89337198860035,0.120286952649633,-14.5368822762322));
#5102=CARTESIAN_POINT('Ctrl Pts',(1.67145900163003,-2.36480342127307,-14.6638326651024));
#5103=CARTESIAN_POINT('Ctrl Pts',(-1.07894028299157,-2.68737014218975,-14.7907830539727));
#5104=CARTESIAN_POINT('Ctrl Pts',(-2.84268931957936,-0.552438094037957,
-14.917733442843));
#5105=CARTESIAN_POINT('Ctrl Pts',(-2.00690604982917,2.08767778226286,-15.0446838317133));
#5106=CARTESIAN_POINT('Ctrl Pts',(0.664117207767494,2.81869096385928,-15.1716342205835));
#5107=CARTESIAN_POINT('Ctrl Pts',(2.72783029435959,0.97211743147058,-15.2985846094538));
#5108=CARTESIAN_POINT('Ctrl Pts',(2.29704532674838,-1.76342087496386,-15.425534998324));
#5109=CARTESIAN_POINT('Ctrl Pts',(-0.234301068690156,-2.88637721453824,
-15.5524853871943));
#5110=CARTESIAN_POINT('Ctrl Pts',(-2.55138796229903,-1.36985031343956,-15.6794357760646));
#5111=CARTESIAN_POINT('Ctrl Pts',(-2.5353266682686,1.39935310074366,-15.8063861649349));
#5112=CARTESIAN_POINT('Ctrl Pts',(-0.200804635004196,2.88890081414293,-15.9333365538051));
#5113=CARTESIAN_POINT('Ctrl Pts',(2.31734567320412,1.73665755008783,-16.0602869426754));
#5114=CARTESIAN_POINT('Ctrl Pts',(2.71637065141046,-1.00369362833026,-16.1872373315456));
#5115=CARTESIAN_POINT('Ctrl Pts',(0.631376987236736,-2.82620479006436,-16.3141877204159));
#5116=CARTESIAN_POINT('Ctrl Pts',(-2.03098714950173,-2.0642581267743,-16.4411381092862));
#5117=CARTESIAN_POINT('Ctrl Pts',(-2.83609003981306,0.585374838430942,-16.5680884981565));
#5118=CARTESIAN_POINT('Ctrl Pts',(-1.04769541655566,2.69970456337784,-16.6950388870267));
#5119=CARTESIAN_POINT('Ctrl Pts',(1.69877720128951,2.34525615568404,-16.821989275897));
#5120=CARTESIAN_POINT('Ctrl Pts',(2.89178205689749,-0.153840666927237,-16.9489396647673));
#5121=CARTESIAN_POINT('Ctrl Pts',(1.44036114708067,-2.51225599439534,-17.0758900536375));
#5122=CARTESIAN_POINT('Ctrl Pts',(-1.32821577723312,-2.57330784487669,-17.2028404425078));
#5123=CARTESIAN_POINT('Ctrl Pts',(-2.88218940356279,-0.281166600764146,
-17.3297908313781));
#5124=CARTESIAN_POINT('Ctrl Pts',(-1.80050938461295,2.26809090896188,-17.4567412202483));
#5125=CARTESIAN_POINT('Ctrl Pts',(0.927668646247183,2.74326471529176,-17.5836916091186));
#5126=CARTESIAN_POINT('Ctrl Pts',(2.80752864288288,0.709826270848768,-17.7106419979888));
#5127=CARTESIAN_POINT('Ctrl Pts',(2.12000944761195,-1.97272156104985,-17.8375923868591));
#5128=CARTESIAN_POINT('Ctrl Pts',(-0.506178532478745,-2.85128983245347,
-17.9645427757294));
#5129=CARTESIAN_POINT('Ctrl Pts',(-2.66948531099376,-1.12246095245378,-18.0914931645997));
#5130=CARTESIAN_POINT('Ctrl Pts',(-2.39164832489581,1.63281618849702,-18.2184435534699));
#5131=CARTESIAN_POINT('Ctrl Pts',(0.0732609673962406,2.89494442883642,-18.3453939423402));
#5132=CARTESIAN_POINT('Ctrl Pts',(2.47117586454691,1.50975503373087,-18.4723443312105));
#5133=CARTESIAN_POINT('Ctrl Pts',(2.60929351607983,-1.25604847133325,-18.5992947200807));
#5134=CARTESIAN_POINT('Ctrl Pts',(0.361310532186493,-2.87324296131149,-18.726245108951));
#5135=CARTESIAN_POINT('Ctrl Pts',(-2.21707732380098,-1.86296499046073,-18.8531954978212));
#5136=CARTESIAN_POINT('Ctrl Pts',(-2.76803147847816,0.850924291314395,-18.9801458866915));
#5137=CARTESIAN_POINT('Ctrl Pts',(-0.787725110345466,2.78667536069886,-19.1070962755618));
#5138=CARTESIAN_POINT('Ctrl Pts',(1.91292619972402,2.17411677924723,-19.2340466644321));
#5139=CARTESIAN_POINT('Ctrl Pts',(2.86427855490144,-0.426589703727811,-19.3609970533023));
#5140=CARTESIAN_POINT('Ctrl Pts',(1.19635606124694,-2.63719597112397,-19.4879474421726));
#5141=CARTESIAN_POINT('Ctrl Pts',(-1.56558898692113,-2.43618585896605,-19.6148978310429));
#5142=CARTESIAN_POINT('Ctrl Pts',(-2.89586187805216,-0.00737554331519366,
-19.7418482199131));
#5143=CARTESIAN_POINT('Ctrl Pts',(-1.57797816098822,2.42817942888064,-19.8687986087834));
#5144=CARTESIAN_POINT('Ctrl Pts',(1.18290714613044,2.64325577631608,-19.9957489976537));
#5145=CARTESIAN_POINT('Ctrl Pts',(2.86206842502532,0.441174280605727,-20.1226993865239));
#5146=CARTESIAN_POINT('Ctrl Pts',(1.92397593561037,-2.16434447687681,-20.2496497753942));
#5147=CARTESIAN_POINT('Ctrl Pts',(-0.773520075951033,-2.79065173525747,
-20.3766001642645));
#5148=CARTESIAN_POINT('Ctrl Pts',(-2.76366111446411,-0.865013098047507,
-20.5035505531348));
#5149=CARTESIAN_POINT('Ctrl Pts',(-2.22653816343844,1.85164743462333,-20.630500942005));
#5150=CARTESIAN_POINT('Ctrl Pts',(0.346670070381825,2.87504613488139,-20.7574513308753));
#5151=CARTESIAN_POINT('Ctrl Pts',(2.60286158296167,1.26932344000142,-20.8844017197455));
#5152=CARTESIAN_POINT('Ctrl Pts',(2.47883422067831,-1.49714772877927,-21.0113521086158));
#5153=CARTESIAN_POINT('Ctrl Pts',(0.0880063345646295,-2.8945336930966,-21.1383024974861));
#5154=CARTESIAN_POINT('Ctrl Pts',(-2.3833000295479,-1.6449776243317,-21.2652528863563));
#5155=CARTESIAN_POINT('Ctrl Pts',(-2.6751682891042,1.108848520027,-21.3922032752266));
#5156=CARTESIAN_POINT('Ctrl Pts',(-0.520695914628024,2.84867446014536,-21.5191536640968));
#5157=CARTESIAN_POINT('Ctrl Pts',(2.10993326056886,1.98349490832223,-21.6461040529672));
#5158=CARTESIAN_POINT('Ctrl Pts',(2.81110794445419,-0.695516024273716,-21.7730544418374));
#5159=CARTESIAN_POINT('Ctrl Pts',(0.941630299968482,-2.73850375087858,-21.9000048307077));
#5160=CARTESIAN_POINT('Ctrl Pts',(-1.78893278517202,-2.27723294933379,-22.026955219578));
#5161=CARTESIAN_POINT('Ctrl Pts',(-2.8835842225318,0.266481607171334,-22.1539056084482));
#5162=CARTESIAN_POINT('Ctrl Pts',(-1.34130650520392,2.56650877155965,-22.2808559973185));
#5163=CARTESIAN_POINT('Ctrl Pts',(1.42754548774505,2.51956033779974,-22.4078063861887));
#5164=CARTESIAN_POINT('Ctrl Pts',(2.89096090392823,0.168568880144668,-22.534756775059));
#5165=CARTESIAN_POINT('Ctrl Pts',(1.71070146814645,-2.336572468869,-22.6617071639293));
#5166=CARTESIAN_POINT('Ctrl Pts',(-1.0339300227584,-2.70500630746654,-22.7886575527996));
#5167=CARTESIAN_POINT('Ctrl Pts',(-2.83307145319785,-0.599813768156605,
-22.9156079416698));
#5168=CARTESIAN_POINT('Ctrl Pts',(-2.04147575382623,2.05388586877032,-23.0425583305401));
#5169=CARTESIAN_POINT('Ctrl Pts',(0.616972625549914,2.82938424303187,-23.1695087194104));
#5170=CARTESIAN_POINT('Ctrl Pts',(2.71122277855063,1.0175173022918,-23.2964591082806));
#5171=CARTESIAN_POINT('Ctrl Pts',(2.32616182499507,-1.72483088426964,-23.4234094971509));
#5172=CARTESIAN_POINT('Ctrl Pts',(-0.186086497294627,-2.88988619688032,
-23.5503598860212));
#5173=CARTESIAN_POINT('Ctrl Pts',(-2.52816572718342,-1.41224943664003,-23.6773102748914));
#5174=CARTESIAN_POINT('Ctrl Pts',(-2.55833262872735,1.35683623779143,-23.8042606637617));
#5175=CARTESIAN_POINT('Ctrl Pts',(-0.249000706770038,2.88514628111345,-23.9312110526319));
#5176=CARTESIAN_POINT('Ctrl Pts',(2.2880329823453,1.77509872601351,-24.0581614415022));
#5177=CARTESIAN_POINT('Ctrl Pts',(2.73274669311943,-0.958209750858353,-24.1851118303725));
#5178=CARTESIAN_POINT('Ctrl Pts',(0.67846648821161,-2.81527150373966,-24.3120622192428));
#5179=CARTESIAN_POINT('Ctrl Pts',(-1.996245764168,-2.09787351011341,-24.439012608113));
#5180=CARTESIAN_POINT('Ctrl Pts',(-2.84546645839473,0.537950787291105,-24.5659629969833));
#5181=CARTESIAN_POINT('Ctrl Pts',(-1.09261525744309,2.6818393528688,-24.6929133858536));
#5182=CARTESIAN_POINT('Ctrl Pts',(1.65939144057701,2.37328684788249,-24.8198637747238));
#5183=CARTESIAN_POINT('Ctrl Pts',(2.89394717098024,-0.105547084197119,-24.9468141635941));
#5184=CARTESIAN_POINT('Ctrl Pts',(1.48209722067663,-2.48786218345027,-25.0737645524643));
#5185=CARTESIAN_POINT('Ctrl Pts',(-1.28507481132835,-2.59512102697962,-25.2007149413347));
#5186=CARTESIAN_POINT('Ctrl Pts',(-2.87709433369257,-0.329239442520664,
-25.3276653302049));
#5187=CARTESIAN_POINT('Ctrl Pts',(-1.83811946020472,2.23771921055502,-25.4546157190752));
#5188=CARTESIAN_POINT('Ctrl Pts',(0.88174642255439,2.75836793442535,-25.5815661079454));
#5189=CARTESIAN_POINT('Ctrl Pts',(2.79528841507682,0.756593082489271,-25.7085164968157));
#5190=CARTESIAN_POINT('Ctrl Pts',(2.15264444260912,-1.93705764450488,-25.835466885686));
#5191=CARTESIAN_POINT('Ctrl Pts',(-0.458511787652664,-2.85934211944224,
-25.9624172745562));
#5192=CARTESIAN_POINT('Ctrl Pts',(-2.65037626029883,-1.16686592960204,-26.0893676634265));
#5193=CARTESIAN_POINT('Ctrl Pts',(-2.41857147293893,1.59266519973567,-26.2163180522968));
#5194=CARTESIAN_POINT('Ctrl Pts',(0.0249258206733887,2.89576399614479,-26.3432684411671));
#5195=CARTESIAN_POINT('Ctrl Pts',(2.44562939913997,1.55079569207505,-26.4702188300373));
#5196=CARTESIAN_POINT('Ctrl Pts',(2.62989699522889,-1.21231685506487,-26.5971692189076));
#5197=CARTESIAN_POINT('Ctrl Pts',(0.40922288291078,-2.86681130876747,-26.7241196077778));
#5198=CARTESIAN_POINT('Ctrl Pts',(-2.18567020372008,-1.89971479452615,-26.8510699966481));
#5199=CARTESIAN_POINT('Ctrl Pts',(-2.78185009870586,0.804599321018597,-26.9780203855184));
#5200=CARTESIAN_POINT('Ctrl Pts',(-0.83413308940318,2.77313770494648,-27.1049707743886));
#5201=CARTESIAN_POINT('Ctrl Pts',(1.8763676419782,2.20574603730708,-27.2319211632589));
#5202=CARTESIAN_POINT('Ctrl Pts',(2.87100001991471,-0.378717150151751,-27.3588715521292));
#5203=CARTESIAN_POINT('Ctrl Pts',(1.24021259095464,-2.61685804899994,-27.4858219409994));
#5204=CARTESIAN_POINT('Ctrl Pts',(-1.52470552795589,-2.46198029816348,-27.6127723298697));
#5205=CARTESIAN_POINT('Ctrl Pts',(-2.89533216962346,-0.0557153187656783,
-27.73972271874));
#5206=CARTESIAN_POINT('Ctrl Pts',(-1.61829747736924,2.40150116215585,-27.8666731076102));
#5207=CARTESIAN_POINT('Ctrl Pts',(1.13863004012811,2.66263158676538,-27.9936234964805));
#5208=CARTESIAN_POINT('Ctrl Pts',(2.85428372790637,0.488892777898187,-28.1205738853507));
#5209=CARTESIAN_POINT('Ctrl Pts',(1.95987787175691,-2.1319335208478,-28.2475242742211));
#5210=CARTESIAN_POINT('Ctrl Pts',(-0.726906278069362,-2.80316125268586,
-28.3744746630913));
#5211=CARTESIAN_POINT('Ctrl Pts',(-2.74868779390152,-0.911052549076027,
-28.5014250519616));
#5212=CARTESIAN_POINT('Ctrl Pts',(-2.25742082730558,1.81427272117982,-28.6283754408318));
#5213=CARTESIAN_POINT('Ctrl Pts',(0.29917018944233,2.88033596846617,-28.7553258297022));
#5214=CARTESIAN_POINT('Ctrl Pts',(2.58027448553863,1.31277975395461,-28.8822762185723));
#5215=CARTESIAN_POINT('Ctrl Pts',(2.50548855060632,-1.45591056367452,-29.0092266074427));
#5216=CARTESIAN_POINT('Ctrl Pts',(0.132196418532453,-2.89199641596477,-29.1361769963129));
#5217=CARTESIAN_POINT('Ctrl Pts',(-1.51948345095725,-2.08792421626705,-29.2208105888931));
#5218=CARTESIAN_POINT('Ctrl Pts',(-1.99324250386972,-1.42545942445485,-29.2631273851832));
#5219=CARTESIAN_POINT('',(2.20525331393109,-1.07762268180782,-29.));
#5220=CARTESIAN_POINT('Ctrl Pts',(2.20529165293589,-1.07765325295814,-29.));
#5221=CARTESIAN_POINT('Ctrl Pts',(2.17494157162518,-1.12834933873368,-29.));
#5222=CARTESIAN_POINT('Ctrl Pts',(2.14269862948915,-1.17775833853358,-29.));
#5223=CARTESIAN_POINT('Ctrl Pts',(2.1085629106977,-1.22576352009295,-29.));
#5224=CARTESIAN_POINT('Ctrl Pts',(2.05988723705232,-1.29421629137183,-29.));
#5225=CARTESIAN_POINT('Ctrl Pts',(2.00736428916397,-1.35981650080962,-29.));
#5226=CARTESIAN_POINT('Ctrl Pts',(1.95135562816236,-1.42242264051764,-29.));
#5227=CARTESIAN_POINT('Ctrl Pts',(1.89440636852152,-1.4860801756485,-29.));
#5228=CARTESIAN_POINT('Ctrl Pts',(1.83385240605342,-1.54664274402168,-29.));
#5229=CARTESIAN_POINT('Ctrl Pts',(1.77004330658202,-1.60391809279528,-29.));
#5230=CARTESIAN_POINT('Ctrl Pts',(1.71358880851607,-1.6545919166441,-29.));
#5231=CARTESIAN_POINT('Ctrl Pts',(1.65458540910336,-1.7026921770912,-29.));
#5232=CARTESIAN_POINT('Ctrl Pts',(1.59326476211254,-1.7480533346956,-29.));
#5233=CARTESIAN_POINT('Ctrl Pts',(1.58066901732537,-1.75737087442282,-29.));
#5234=CARTESIAN_POINT('Ctrl Pts',(1.56797379854498,-1.76657380786699,-29.));
#5235=CARTESIAN_POINT('Ctrl Pts',(1.55519927900621,-1.77564799230663,-29.));
#5236=CARTESIAN_POINT('Ctrl Pts',(1.4867681778289,-1.82425697768619,-29.));
#5237=CARTESIAN_POINT('Ctrl Pts',(1.41595213902441,-1.86925930480126,-29.));
#5238=CARTESIAN_POINT('Ctrl Pts',(1.34309940189132,-1.91050610843034,-29.));
#5239=CARTESIAN_POINT('Ctrl Pts',(1.27052853373804,-1.95159332719113,-29.));
#5240=CARTESIAN_POINT('Ctrl Pts',(1.1959356957945,-1.98895434146644,-29.));
#5241=CARTESIAN_POINT('Ctrl Pts',(1.119647893329,-2.0223937038795,-29.));
#5242=CARTESIAN_POINT('Ctrl Pts',(1.04480469619392,-2.05519984997715,-29.));
#5243=CARTESIAN_POINT('Ctrl Pts',(0.968329218224553,-2.08423162100928,-29.));
#5244=CARTESIAN_POINT('Ctrl Pts',(0.890527697383602,-2.10925457812266,-29.));
#5245=CARTESIAN_POINT('Ctrl Pts',(0.854303249900901,-2.1209052860525,-29.));
#5246=CARTESIAN_POINT('Ctrl Pts',(0.817791383427205,-2.13168621857263,-29.));
#5247=CARTESIAN_POINT('Ctrl Pts',(0.781023630323082,-2.14156976561874,-29.));
#5248=CARTESIAN_POINT('Ctrl Pts',(0.767881740706142,-2.14510243958812,-29.));
#5249=CARTESIAN_POINT('Ctrl Pts',(0.754706173689858,-2.1485206071855,-29.));
#5250=CARTESIAN_POINT('Ctrl Pts',(0.741514806124119,-2.1518190737092,-29.));
#5251=CARTESIAN_POINT('Ctrl Pts',(0.663599954636569,-2.1713014759734,-29.));
#5252=CARTESIAN_POINT('Ctrl Pts',(0.585001756768914,-2.1866487381475,-29.));
#5253=CARTESIAN_POINT('Ctrl Pts',(0.506019720825727,-2.19768900691289,-29.));
#5254=CARTESIAN_POINT('Ctrl Pts',(0.429327845671179,-2.20840915237024,-29.));
#5255=CARTESIAN_POINT('Ctrl Pts',(0.35227328722487,-2.21506846192147,-29.));
#5256=CARTESIAN_POINT('Ctrl Pts',(0.275132888607551,-2.21746139920664,-29.));
#5257=CARTESIAN_POINT('Ctrl Pts',(0.218020983584799,-2.21923304168459,-29.));
#5258=CARTESIAN_POINT('Ctrl Pts',(0.160862028683279,-2.21866516209157,-29.));
#5259=CARTESIAN_POINT('Ctrl Pts',(0.103772992801789,-2.21565641313307,-29.));
#5260=CARTESIAN_POINT('Ctrl Pts',(0.0601561331034427,-2.21335768485427,
-29.));
#5261=CARTESIAN_POINT('Ctrl Pts',(0.0165801508527929,-2.20963372181342,
-29.));
#5262=CARTESIAN_POINT('Ctrl Pts',(-0.0268995261742348,-2.20450935779088,
-29.));
#5263=CARTESIAN_POINT('Ctrl Pts',(-0.0470614432597401,-2.20213314412963,
-29.));
#5264=CARTESIAN_POINT('Ctrl Pts',(-0.0672026161906393,-2.19945575493428,
-29.));
#5265=CARTESIAN_POINT('Ctrl Pts',(-0.0873173127425444,-2.19647940541289,
-29.));
#5266=CARTESIAN_POINT('Ctrl Pts',(-0.100306511526606,-2.19455740795773,
-29.));
#5267=CARTESIAN_POINT('Ctrl Pts',(-0.11327673338787,-2.1925118810189,-29.));
#5268=CARTESIAN_POINT('Ctrl Pts',(-0.126221289424838,-2.19034480563062,
-29.));
#5269=CARTESIAN_POINT('Ctrl Pts',(-0.203262111665635,-2.177447239326,-29.));
#5270=CARTESIAN_POINT('Ctrl Pts',(-0.279455247579233,-2.16023965758208,
-29.));
#5271=CARTESIAN_POINT('Ctrl Pts',(-0.354509118630037,-2.13894226652114,
-29.));
#5272=CARTESIAN_POINT('Ctrl Pts',(-0.429934182885226,-2.11753954515914,
-29.));
#5273=CARTESIAN_POINT('Ctrl Pts',(-0.504209565952196,-2.09200582423806,
-29.));
#5274=CARTESIAN_POINT('Ctrl Pts',(-0.577015996196102,-2.06251699191003,
-29.));
#5275=CARTESIAN_POINT('Ctrl Pts',(-0.632693482978428,-2.03996590587725,
-29.));
#5276=CARTESIAN_POINT('Ctrl Pts',(-0.687511526999416,-2.01510076364605,
-29.));
#5277=CARTESIAN_POINT('Ctrl Pts',(-0.741313399211474,-1.98798506331895,
-29.));
#5278=CARTESIAN_POINT('Ctrl Pts',(-0.772396396736755,-1.97231948865565,
-29.));
#5279=CARTESIAN_POINT('Ctrl Pts',(-0.803139976561941,-1.95590251326655,
-29.));
#5280=CARTESIAN_POINT('Ctrl Pts',(-0.833511593177079,-1.93874475699538,
-29.));
#5281=CARTESIAN_POINT('Ctrl Pts',(-0.845794106798164,-1.93180602937419,
-29.));
#5282=CARTESIAN_POINT('Ctrl Pts',(-0.858015766391927,-1.92474613809963,
-29.));
#5283=CARTESIAN_POINT('Ctrl Pts',(-0.870174330207239,-1.91756573815145,
-29.));
#5284=CARTESIAN_POINT('Ctrl Pts',(-0.881803804176235,-1.91069779917833,
-29.));
#5285=CARTESIAN_POINT('Ctrl Pts',(-0.89336693684285,-1.90372469722351,-29.));
#5286=CARTESIAN_POINT('Ctrl Pts',(-0.904861691121372,-1.89664765994221,
-29.));
#5287=CARTESIAN_POINT('Ctrl Pts',(-0.970235560760904,-1.85639857749542,
-29.));
#5288=CARTESIAN_POINT('Ctrl Pts',(-1.0334054989108,-1.8127877496122,-29.));
#5289=CARTESIAN_POINT('Ctrl Pts',(-1.09405608337455,-1.76597186102059,-29.));
#5290=CARTESIAN_POINT('Ctrl Pts',(-1.14750442967625,-1.72471534473159,-29.));
#5291=CARTESIAN_POINT('Ctrl Pts',(-1.19899609414393,-1.68096892867497,-29.));
#5292=CARTESIAN_POINT('Ctrl Pts',(-1.24828659544619,-1.63482066954532,-29.));
#5293=CARTESIAN_POINT('Ctrl Pts',(-1.26191890608519,-1.62205741116321,-29.));
#5294=CARTESIAN_POINT('Ctrl Pts',(-1.2753826674667,-1.60911034455438,-29.));
#5295=CARTESIAN_POINT('Ctrl Pts',(-1.28867227801608,-1.59598114604727,-29.));
#5296=CARTESIAN_POINT('Ctrl Pts',(-1.30016411229897,-1.58462802377553,-29.));
#5297=CARTESIAN_POINT('Ctrl Pts',(-1.31152656122264,-1.57313768648927,-29.));
#5298=CARTESIAN_POINT('Ctrl Pts',(-1.32274367372157,-1.56152428849482,-29.));
#5299=CARTESIAN_POINT('Ctrl Pts',(-1.37396013720947,-1.50849841624739,-29.));
#5300=CARTESIAN_POINT('Ctrl Pts',(-1.42221171167143,-1.45284959722819,-29.));
#5301=CARTESIAN_POINT('Ctrl Pts',(-1.46719046602902,-1.39470543760236,-29.));
#5302=CARTESIAN_POINT('Ctrl Pts',(-1.51086585691229,-1.33824613952912,-29.));
#5303=CARTESIAN_POINT('Ctrl Pts',(-1.55145570935524,-1.27943341606372,-29.));
#5304=CARTESIAN_POINT('Ctrl Pts',(-1.58863237424189,-1.21836624569035,-29.));
#5305=CARTESIAN_POINT('Ctrl Pts',(-1.60027166409765,-1.19924730377305,-29.));
#5306=CARTESIAN_POINT('Ctrl Pts',(-1.61157602960707,-1.17990728272697,-29.));
#5307=CARTESIAN_POINT('Ctrl Pts',(-1.62253437445175,-1.16034898466903,-29.));
#5308=CARTESIAN_POINT('Ctrl Pts',(2.44689603846195,0.000314773244747169,
-28.9421725037879));
#5309=CARTESIAN_POINT('Ctrl Pts',(2.44659492168166,-0.372115225516426,-28.9614483358586));
#5310=CARTESIAN_POINT('Ctrl Pts',(2.36575881228551,-0.744742149691354,-28.9807241679293));
#5311=CARTESIAN_POINT('Ctrl Pts',(2.20529165293595,-1.07765325295801,-29.));
#5312=CARTESIAN_POINT('Ctrl Pts',(1.16284214908109,-1.62477007134895,-4.));
#5313=CARTESIAN_POINT('Ctrl Pts',(0.662907396238037,-1.97851515039911,-4.03924126047587));
#5314=CARTESIAN_POINT('Ctrl Pts',(-0.743372007254754,-2.20931419372626,
-4.12079931724184));
#5315=CARTESIAN_POINT('Ctrl Pts',(-2.27176918622417,-0.629068441963627,
-4.24467417029789));
#5316=CARTESIAN_POINT('Ctrl Pts',(-1.76119553142779,1.56715557212921,-4.37162455916816));
#5317=CARTESIAN_POINT('Ctrl Pts',(0.360202669073598,2.32949795199029,-4.49857494803843));
#5318=CARTESIAN_POINT('Ctrl Pts',(1.80658101211011,1.22567018418925,-4.60104846785063));
#5319=CARTESIAN_POINT('Ctrl Pts',(1.99285237952186,0.281296584896596,-4.66120519137275));
#5320=CARTESIAN_POINT('Ctrl Pts',(1.99180886929835,0.000839398299593182,
-4.67904511860477));
#5321=CARTESIAN_POINT('Origin',(0.,0.,-2.5209548813952));
#5322=CARTESIAN_POINT('Ctrl Pts',(-1.16034898466901,-1.62253437445177,-4.));
#5323=CARTESIAN_POINT('Ctrl Pts',(-1.69960694976484,-1.23688619212278,-4.04231679629009));
#5324=CARTESIAN_POINT('Ctrl Pts',(-2.35413636614412,0.107609276847871,-4.12695038887027));
#5325=CARTESIAN_POINT('Ctrl Pts',(-1.18513638277146,2.03951216789651,-4.25390077774053));
#5326=CARTESIAN_POINT('Ctrl Pts',(1.06862556227174,2.10038828515933,-4.3808511666108));
#5327=CARTESIAN_POINT('Ctrl Pts',(1.96337395635514,0.798353090083159,-4.46986920116237));
#5328=CARTESIAN_POINT('Ctrl Pts',(1.99760496083411,0.0697491842983069,-4.51657043942384));
#5329=CARTESIAN_POINT('Ctrl Pts',(1.99713004501267,0.00129782754620029,
-4.52095488139522));
#5330=CARTESIAN_POINT('Ctrl Pts',(-1.42545942445498,-1.99324250386963,-3.73687261481683));
#5331=CARTESIAN_POINT('Ctrl Pts',(-2.08792421626713,-1.51948345095712,-3.77918941110692));
#5332=CARTESIAN_POINT('Ctrl Pts',(-2.89199707493979,0.132195279065507,-3.8638230036871));
#5333=CARTESIAN_POINT('Ctrl Pts',(-1.45591011704789,2.50548919284648,-3.99077339255736));
#5334=CARTESIAN_POINT('Ctrl Pts',(1.31277951640411,2.58027396555099,-4.11772378142763));
#5335=CARTESIAN_POINT('Ctrl Pts',(2.88033598689788,0.299170463886364,-4.24467417029789));
#5336=CARTESIAN_POINT('Ctrl Pts',(1.81427262513201,-2.25742093968951,-4.37162455916817));
#5337=CARTESIAN_POINT('Ctrl Pts',(-0.911052502287,-2.74868761343548,-4.49857494803843));
#5338=CARTESIAN_POINT('Ctrl Pts',(-2.80316118607665,-0.726906320620584,
-4.6255253369087));
#5339=CARTESIAN_POINT('Ctrl Pts',(-2.13193345782444,1.95987785466913,-4.75247572577897));
#5340=CARTESIAN_POINT('Ctrl Pts',(0.488892762434014,2.85428362855164,-4.87942611464923));
#5341=CARTESIAN_POINT('Ctrl Pts',(2.66263151475257,1.13863002111459,-5.0063765035195));
#5342=CARTESIAN_POINT('Ctrl Pts',(2.4015010960185,-1.61829743998669,-5.13332689238976));
#5343=CARTESIAN_POINT('Ctrl Pts',(-0.055715317095565,-2.89533208641154,
-5.26027728126003));
#5344=CARTESIAN_POINT('Ctrl Pts',(-2.46198023079291,-1.52470548841356,-5.3872276701303));
#5345=CARTESIAN_POINT('Ctrl Pts',(-2.61685797732802,1.2402125582315,-5.51417805900057));
#5346=CARTESIAN_POINT('Ctrl Pts',(-0.378717139779249,2.8709999406032,-5.64112844787084));
#5347=CARTESIAN_POINT('Ctrl Pts',(2.2057459768999,1.87636759097984,-5.7680788367411));
#5348=CARTESIAN_POINT('Ctrl Pts',(2.77313762901082,-0.834133066774389,-5.89502922561137));
#5349=CARTESIAN_POINT('Ctrl Pts',(0.804599298981753,-2.78185002240937,-6.02197961448164));
#5350=CARTESIAN_POINT('Ctrl Pts',(-1.89971474250175,-2.18567014393215,-6.1489300033519));
#5351=CARTESIAN_POINT('Ctrl Pts',(-2.86681123026366,0.409222871740405,-6.27588039222218));
#5352=CARTESIAN_POINT('Ctrl Pts',(-1.21231682186551,2.6298969231917,-6.40283078109244));
#5353=CARTESIAN_POINT('Ctrl Pts',(1.55079564960727,2.4456293321791,-6.52978116996271));
#5354=CARTESIAN_POINT('Ctrl Pts',(2.895763916847,0.0249258199848244,-6.65673155883298));
#5355=CARTESIAN_POINT('Ctrl Pts',(1.5926651561215,-2.41857140670516,-6.78368194770324));
#5356=CARTESIAN_POINT('Ctrl Pts',(-1.16686589764831,-2.65037618772212,-6.91063233657351));
#5357=CARTESIAN_POINT('Ctrl Pts',(-2.85934204114158,-0.458511775095652,
-7.03758272544377));
#5358=CARTESIAN_POINT('Ctrl Pts',(-1.93705759146001,2.15264438366027,-7.16453311431404));
#5359=CARTESIAN_POINT('Ctrl Pts',(0.756593061770674,2.79528833853034,-7.29148350318431));
#5360=CARTESIAN_POINT('Ctrl Pts',(2.75836785888975,0.88174639840821,-7.41843389205458));
#5361=CARTESIAN_POINT('Ctrl Pts',(2.2377191492768,-1.83811940986935,-7.54538428092485));
#5362=CARTESIAN_POINT('Ctrl Pts',(-0.329239433504846,-2.87709425490568,
-7.67233466979511));
#5363=CARTESIAN_POINT('Ctrl Pts',(-2.59512095591438,-1.28507477613749,-7.79928505866538));
#5364=CARTESIAN_POINT('Ctrl Pts',(-2.48786211532213,1.48209718009069,-7.92623544753565));
#5365=CARTESIAN_POINT('Ctrl Pts',(-0.10554708130666,2.89394709173187,-8.05318583640591));
#5366=CARTESIAN_POINT('Ctrl Pts',(2.37328678289202,1.65939139513579,-8.18013622527619));
#5367=CARTESIAN_POINT('Ctrl Pts',(2.68183927942874,-1.0926152275228,-8.30708661414644));
#5368=CARTESIAN_POINT('Ctrl Pts',(0.537950772559654,-2.84546638047397,-8.43403700301672));
#5369=CARTESIAN_POINT('Ctrl Pts',(-2.09787345266496,-1.99624570950234,-8.56098739188698));
#5370=CARTESIAN_POINT('Ctrl Pts',(-2.81527142664568,0.678466469632495,-8.68793778075725));
#5371=CARTESIAN_POINT('Ctrl Pts',(-0.958209724618452,2.7327466182854,-8.81488816962752));
#5372=CARTESIAN_POINT('Ctrl Pts',(1.77509867740395,2.28803291968931,-8.94183855849778));
#5373=CARTESIAN_POINT('Ctrl Pts',(2.88514620210606,-0.249000699951483,-9.06878894736805));
#5374=CARTESIAN_POINT('Ctrl Pts',(1.35683620063545,-2.55833255866953,-9.19573933623831));
#5375=CARTESIAN_POINT('Ctrl Pts',(-1.41224939796679,-2.5281656579516,-9.32268972510859));
#5376=CARTESIAN_POINT('Ctrl Pts',(-2.88988611774315,-0.186086492198709,
-9.44964011397884));
#5377=CARTESIAN_POINT('Ctrl Pts',(-1.72483083703646,2.3261617612951,-9.57659050284912));
#5378=CARTESIAN_POINT('Ctrl Pts',(1.01751727442803,2.71122270430593,-9.70354089171938));
#5379=CARTESIAN_POINT('Ctrl Pts',(2.82938416555147,0.616972608654536,-9.83049128058966));
#5380=CARTESIAN_POINT('Ctrl Pts',(2.05388581252627,-2.04147569792214,-9.95744166945991));
#5381=CARTESIAN_POINT('Ctrl Pts',(-0.599813751731307,-2.83307137561647,
-10.0843920583302));
#5382=CARTESIAN_POINT('Ctrl Pts',(-2.70500623339216,-1.03392999444495,-10.2113424472004));
#5383=CARTESIAN_POINT('Ctrl Pts',(-2.3365724048838,1.71070142130031,-10.3382928360707));
#5384=CARTESIAN_POINT('Ctrl Pts',(0.168568875528602,2.89096082476162,-10.465243224941));
#5385=CARTESIAN_POINT('Ctrl Pts',(2.51956026880367,1.4275454486528,-10.5921936138112));
#5386=CARTESIAN_POINT('Ctrl Pts',(2.56650870127783,-1.34130646847339,-10.7191440026815));
#5387=CARTESIAN_POINT('Ctrl Pts',(0.266481599873908,-2.88358414356717,-10.8460943915518));
#5388=CARTESIAN_POINT('Ctrl Pts',(-2.27723288697366,-1.78893273618351,-10.9730447804221));
#5389=CARTESIAN_POINT('Ctrl Pts',(-2.73850367588686,0.941630274182776,-11.0999951692923));
#5390=CARTESIAN_POINT('Ctrl Pts',(-0.695516005227482,2.81110786747428,-11.2269455581626));
#5391=CARTESIAN_POINT('Ctrl Pts',(1.98349485400585,2.10993320279001,-11.3538959470329));
#5392=CARTESIAN_POINT('Ctrl Pts',(2.84867438213673,-0.52069590036924,-11.4808463359031));
#5393=CARTESIAN_POINT('Ctrl Pts',(1.10884848966202,-2.67516821584693,-11.6077967247734));
#5394=CARTESIAN_POINT('Ctrl Pts',(-1.64497757928538,-2.38329996428309,-11.7347471136437));
#5395=CARTESIAN_POINT('Ctrl Pts',(-2.89453361383212,0.0880063321546731,
-11.8616975025139));
#5396=CARTESIAN_POINT('Ctrl Pts',(-1.49714768778108,2.47883415279747,-11.9886478913842));
#5397=CARTESIAN_POINT('Ctrl Pts',(1.26932340524207,2.60286151168442,-12.1155982802545));
#5398=CARTESIAN_POINT('Ctrl Pts',(2.87504605615057,0.346670060888499,-12.2425486691247));
#5399=CARTESIAN_POINT('Ctrl Pts',(1.85164738391746,-2.22653810246648,-12.369499057995));
#5400=CARTESIAN_POINT('Ctrl Pts',(-0.865013074359839,-2.76366103878351,
-12.4964494468653));
#5401=CARTESIAN_POINT('Ctrl Pts',(-2.79065165883775,-0.77352005476878,-12.6233998357355));
#5402=CARTESIAN_POINT('Ctrl Pts',(-2.16434441760795,1.92397588292387,-12.7503502246058));
#5403=CARTESIAN_POINT('Ctrl Pts',(0.441174268524553,2.86206834664988,-12.8773006134761));
#5404=CARTESIAN_POINT('Ctrl Pts',(2.64325570393269,1.18290711373745,-13.0042510023463));
#5405=CARTESIAN_POINT('Ctrl Pts',(2.42817936238688,-1.57797811777662,-13.1312013912166));
#5406=CARTESIAN_POINT('Ctrl Pts',(-0.0073755431132632,-2.89586179875131,
-13.2581517800869));
#5407=CARTESIAN_POINT('Ctrl Pts',(-2.43618579225309,-1.56558894404872,-13.3851021689571));
#5408=CARTESIAN_POINT('Ctrl Pts',(-2.63719589890649,1.19635602848574,-13.5120525578274));
#5409=CARTESIAN_POINT('Ctrl Pts',(-0.426589692045936,2.8642784764655,-13.6390029466977));
#5410=CARTESIAN_POINT('Ctrl Pts',(2.17411671971083,1.91292614734004,-13.7659533355679));
#5411=CARTESIAN_POINT('Ctrl Pts',(2.786675284388,-0.787725088774294,-13.8929037244382));
#5412=CARTESIAN_POINT('Ctrl Pts',(0.850924268012482,-2.76803140267787,-14.0198541133085));
#5413=CARTESIAN_POINT('Ctrl Pts',(-1.86296493944497,-2.21707726308809,-14.1468045021787));
#5414=CARTESIAN_POINT('Ctrl Pts',(-2.87324288263004,0.361310522292312,-14.273754891049));
#5415=CARTESIAN_POINT('Ctrl Pts',(-1.25604843693738,2.60929344462645,-14.4007052799193));
#5416=CARTESIAN_POINT('Ctrl Pts',(1.50975499238746,2.47117579687576,-14.5276556687896));
#5417=CARTESIAN_POINT('Ctrl Pts',(2.89494434956071,0.0732609653900464,-14.6546060576598));
#5418=CARTESIAN_POINT('Ctrl Pts',(1.63281614378366,-2.39164825940246,-14.7815564465301));
#5419=CARTESIAN_POINT('Ctrl Pts',(-1.1224609217161,-2.66948523789206,-14.9085068354003));
#5420=CARTESIAN_POINT('Ctrl Pts',(-2.85128975437321,-0.506178518617453,
-15.0354572242706));
#5421=CARTESIAN_POINT('Ctrl Pts',(-1.97272150702847,2.12000938955721,-15.1624076131409));
#5422=CARTESIAN_POINT('Ctrl Pts',(0.709826251410753,2.80752856600099,-15.2893580020112));
#5423=CARTESIAN_POINT('Ctrl Pts',(2.74326464016968,0.927668620843716,-15.4163083908814));
#5424=CARTESIAN_POINT('Ctrl Pts',(2.26809084685204,-1.80050933530748,-15.5432587797517));
#5425=CARTESIAN_POINT('Ctrl Pts',(-0.281166593064669,-2.88218932463636,
-15.6702091686219));
#5426=CARTESIAN_POINT('Ctrl Pts',(-2.57330777440876,-1.32821574086096,-15.7971595574922));
#5427=CARTESIAN_POINT('Ctrl Pts',(-2.51225592559922,1.44036110763758,-15.9241099463625));
#5428=CARTESIAN_POINT('Ctrl Pts',(-0.153840662714391,2.89178197770838,-16.0510603352328));
#5429=CARTESIAN_POINT('Ctrl Pts',(2.34525609146112,1.69877715476983,-16.178010724103));
#5430=CARTESIAN_POINT('Ctrl Pts',(2.6997044894486,-1.04769538786541,-16.3049611129733));
#5431=CARTESIAN_POINT('Ctrl Pts',(0.585374822400896,-2.83608996214903,-16.4319115018435));
#5432=CARTESIAN_POINT('Ctrl Pts',(-2.06425807024627,-2.03098709388477,-16.5588618907138));
#5433=CARTESIAN_POINT('Ctrl Pts',(-2.82620471267103,0.631376969946987,-16.6858122795841));
#5434=CARTESIAN_POINT('Ctrl Pts',(-1.00369360084492,2.71637057702486,-16.8127626684544));
#5435=CARTESIAN_POINT('Ctrl Pts',(1.73665750253087,2.31734560974548,-16.9397130573246));
#5436=CARTESIAN_POINT('Ctrl Pts',(2.88890073503272,-0.200804629505322,-17.0666634461949));
#5437=CARTESIAN_POINT('Ctrl Pts',(1.39935306242351,-2.53532659884074,-17.1936138350652));
#5438=CARTESIAN_POINT('Ctrl Pts',(-1.36985027592732,-2.55138789243134,-17.3205642239354));
#5439=CARTESIAN_POINT('Ctrl Pts',(-2.88637713549714,-0.234301062274009,
-17.4475146128057));
#5440=CARTESIAN_POINT('Ctrl Pts',(-1.763420826674,2.29704526384566,-17.5744650016759));
#5441=CARTESIAN_POINT('Ctrl Pts',(0.972117404849933,2.72783021966016,-17.7014153905462));
#5442=CARTESIAN_POINT('Ctrl Pts',(2.81869088667172,0.664117189581178,-17.8283657794165));
#5443=CARTESIAN_POINT('Ctrl Pts',(2.08767772509349,-2.00690599487167,-17.9553161682868));
#5444=CARTESIAN_POINT('Ctrl Pts',(-0.552438078909887,-2.84268924173462,
-18.082266557157));
#5445=CARTESIAN_POINT('Ctrl Pts',(-2.6873700685983,-1.07894025344566,-18.2092169460273));
#5446=CARTESIAN_POINT('Ctrl Pts',(-2.36480335651484,1.67145895585849,-18.3361673348975));
#5447=CARTESIAN_POINT('Ctrl Pts',(0.120286949355687,2.89337190936771,-18.4631177237678));
#5448=CARTESIAN_POINT('Ctrl Pts',(2.49537937092445,1.46940523725353,-18.5900681126381));
#5449=CARTESIAN_POINT('Ctrl Pts',(2.58854135197381,-1.29827717580835,-18.7170185015084));
#5450=CARTESIAN_POINT('Ctrl Pts',(0.31457976999402,-2.87873401418295,-18.8439688903786));
#5451=CARTESIAN_POINT('Ctrl Pts',(-2.24705316227631,-1.82669703071074,-18.9709192792489));
#5452=CARTESIAN_POINT('Ctrl Pts',(-2.75384061805941,0.89578558061043,-19.0978696681191));
#5453=CARTESIAN_POINT('Ctrl Pts',(-0.742344558354263,2.79910602028312,-19.2248200569894));
#5454=CARTESIAN_POINT('Ctrl Pts',(1.94799763785436,2.14274943915924,-19.3517704458597));
#5455=CARTESIAN_POINT('Ctrl Pts',(2.85696937004694,-0.47307079250042,-19.47872083473));
#5456=CARTESIAN_POINT('Ctrl Pts',(1.15335022763981,-2.65628560371557,-19.6056712236002));
#5457=CARTESIAN_POINT('Ctrl Pts',(-1.60496425436061,-2.4104272854264,-19.7326216124705));
#5458=CARTESIAN_POINT('Ctrl Pts',(-2.89559938041036,0.0396759911094666,
-19.8595720013408));
#5459=CARTESIAN_POINT('Ctrl Pts',(-1.53831794247105,2.45349706826298,-19.986522390211));
#5460=CARTESIAN_POINT('Ctrl Pts',(1.22569730958221,2.62368749308798,-20.1134727790813));
#5461=CARTESIAN_POINT('Ctrl Pts',(2.86885854072474,0.394614532694972,-20.2404231679516));
#5462=CARTESIAN_POINT('Ctrl Pts',(1.88855669851563,-2.19531855378556,-20.3673735568218));
#5463=CARTESIAN_POINT('Ctrl Pts',(-0.818759107663656,-2.7777155145409,-20.4943239456921));
#5464=CARTESIAN_POINT('Ctrl Pts',(-2.7773505503254,-0.819996266278433,-20.6212743345623));
#5465=CARTESIAN_POINT('Ctrl Pts',(-2.1961595299972,1.88757868045437,-20.7482247234327));
#5466=CARTESIAN_POINT('Ctrl Pts',(0.393336657124438,2.86903402389472,-20.8751751123029));
#5467=CARTESIAN_POINT('Ctrl Pts',(2.62314128723371,1.22686582123444,-21.0021255011732));
#5468=CARTESIAN_POINT('Ctrl Pts',(2.45418201680457,-1.53722496222786,-21.1290758900434));
#5469=CARTESIAN_POINT('Ctrl Pts',(0.0409657344057782,-2.895581420839,-21.2560262789137));
#5470=CARTESIAN_POINT('Ctrl Pts',(-2.40971216903869,-1.60603773881259,-21.382976667784));
#5471=CARTESIAN_POINT('Ctrl Pts',(-2.65679906123653,1.15216696026057,-21.5099270566542));
#5472=CARTESIAN_POINT('Ctrl Pts',(-0.474343286367694,2.85675837318827,-21.6368774455245));
#5473=CARTESIAN_POINT('Ctrl Pts',(2.14188155665588,1.94895186019582,-21.7638278343948));
#5474=CARTESIAN_POINT('Ctrl Pts',(2.7994363950022,-0.741097717200941,-21.890778223265));
#5475=CARTESIAN_POINT('Ctrl Pts',(0.897012097315671,-2.75344134736383,-22.0177286121353));
#5476=CARTESIAN_POINT('Ctrl Pts',(-1.82569597534671,-2.24786658005012,-22.1446790010055));
#5477=CARTESIAN_POINT('Ctrl Pts',(-2.87887384758349,0.3132975036657,-22.2716293898759));
#5478=CARTESIAN_POINT('Ctrl Pts',(-1.29943002559584,2.58796282134875,-22.3985797787461));
#5479=CARTESIAN_POINT('Ctrl Pts',(1.46829360878505,2.49603362046756,-22.5255301676164));
#5480=CARTESIAN_POINT('Ctrl Pts',(2.89331804458059,0.121575692503611,-22.6524805564866));
#5481=CARTESIAN_POINT('Ctrl Pts',(1.67251211207164,-2.3640586268274,-22.7794309453569));
#5482=CARTESIAN_POINT('Ctrl Pts',(-1.07774314791963,-2.68785037961857,-22.9063813342272));
#5483=CARTESIAN_POINT('Ctrl Pts',(-2.84244289480754,-0.553704204301857,
-23.0333317230974));
#5484=CARTESIAN_POINT('Ctrl Pts',(-2.00783568152913,2.08678360930928,-23.1602821119677));
#5485=CARTESIAN_POINT('Ctrl Pts',(0.662861632768635,2.81898641570099,-23.287232500838));
#5486=CARTESIAN_POINT('Ctrl Pts',(2.72739695210418,0.973332328527203,-23.4141828897083));
#5487=CARTESIAN_POINT('Ctrl Pts',(2.29783049240617,-1.76239751028871,-23.5411332785785));
#5488=CARTESIAN_POINT('Ctrl Pts',(-0.233015399538178,-2.8864812106926,-23.6680836674488));
#5489=CARTESIAN_POINT('Ctrl Pts',(-2.55077748566462,-1.37098656985755,-23.795034056319));
#5490=CARTESIAN_POINT('Ctrl Pts',(-2.53594964203901,1.39822364775664,-23.9219844451893));
#5491=CARTESIAN_POINT('Ctrl Pts',(-0.202091373131969,2.8888110068,-24.0489348340596));
#5492=CARTESIAN_POINT('Ctrl Pts',(2.3165718442686,1.7376895138214,-24.1758852229299));
#5493=CARTESIAN_POINT('Ctrl Pts',(2.71681736908123,-1.00248358548344,-24.3028356118001));
#5494=CARTESIAN_POINT('Ctrl Pts',(0.632635745029482,-2.82592320670831,-24.4297860006704));
#5495=CARTESIAN_POINT('Ctrl Pts',(-2.0300674381725,-2.06516250028234,-24.5567363895406));
#5496=CARTESIAN_POINT('Ctrl Pts',(-2.83635041631862,0.584111523567914,-24.6836867784109));
#5497=CARTESIAN_POINT('Ctrl Pts',(-1.04889777638229,2.69923756101388,-24.8106371672812));
#5498=CARTESIAN_POINT('Ctrl Pts',(1.69773237090008,2.34601252189513,-24.9375875561514));
#5499=CARTESIAN_POINT('Ctrl Pts',(2.8918502140063,-0.1525526005601,-25.0645379450217));
#5500=CARTESIAN_POINT('Ctrl Pts',(1.44147996452976,-2.51161411602933,-25.191488333892));
#5501=CARTESIAN_POINT('Ctrl Pts',(-1.32706941576423,-2.57389912813324,-25.3184387227623));
#5502=CARTESIAN_POINT('Ctrl Pts',(-2.88206380263607,-0.282450339313252,
-25.4453891116325));
#5503=CARTESIAN_POINT('Ctrl Pts',(-1.8015194012035,2.26728864554655,-25.5723395005028));
#5504=CARTESIAN_POINT('Ctrl Pts',(0.926446633616036,2.74367756691681,-25.6992898893731));
#5505=CARTESIAN_POINT('Ctrl Pts',(2.80721211997331,0.711076699810938,-25.8262402782433));
#5506=CARTESIAN_POINT('Ctrl Pts',(2.12088786033614,-1.97177702409123,-25.9531906671136));
#5507=CARTESIAN_POINT('Ctrl Pts',(-0.50490845495829,-2.85151493257998,-26.0801410559839));
#5508=CARTESIAN_POINT('Ctrl Pts',(-2.66898501533092,-1.12364984100679,-26.2070914448541));
#5509=CARTESIAN_POINT('Ctrl Pts',(-2.39237529622831,1.63175069945989,-26.3340418337244));
#5510=CARTESIAN_POINT('Ctrl Pts',(0.0719714856966452,2.89497670007341,-26.4609922225946));
#5511=CARTESIAN_POINT('Ctrl Pts',(2.47050311455043,1.51085553311741,-26.587942611465));
#5512=CARTESIAN_POINT('Ctrl Pts',(2.60985258862571,-1.25488606843197,-26.7148930003352));
#5513=CARTESIAN_POINT('Ctrl Pts',(0.362590393267812,-2.87308170597914,-26.8418433892055));
#5514=CARTESIAN_POINT('Ctrl Pts',(-2.21624747226624,-1.86395219701663,-26.9687937780757));
#5515=CARTESIAN_POINT('Ctrl Pts',(-2.76840971635552,0.849691104634211,-27.095744166946));
#5516=CARTESIAN_POINT('Ctrl Pts',(-0.788967056031203,2.7863244332988,-27.2226945558163));
#5517=CARTESIAN_POINT('Ctrl Pts',(1.9119591239702,2.17496799780609,-27.3496449446865));
#5518=CARTESIAN_POINT('Ctrl Pts',(2.86446524033754,-0.425312795553206,-27.4765953335568));
#5519=CARTESIAN_POINT('Ctrl Pts',(1.1975362076103,-2.6366647776894,-27.603545722427));
#5520=CARTESIAN_POINT('Ctrl Pts',(-1.56451444035211,-2.43687904383182,-27.7304961112973));
#5521=CARTESIAN_POINT('Ctrl Pts',(-2.89583769382479,-0.00867273900388708,
-27.8574465001676));
#5522=CARTESIAN_POINT('Ctrl Pts',(-1.57909866153921,2.42749024528191,-27.9843968890378));
#5523=CARTESIAN_POINT('Ctrl Pts',(1.1818042947048,2.64375567008414,-28.1113472779082));
#5524=CARTESIAN_POINT('Ctrl Pts',(2.86172921963807,0.442499866267504,-28.2382976667784));
#5525=CARTESIAN_POINT('Ctrl Pts',(1.92521117050001,-2.1635841574189,-28.3652480556487));
#5526=CARTESIAN_POINT('Ctrl Pts',(-0.772794968288731,-2.79081104714536,
-28.4921984445189));
#5527=CARTESIAN_POINT('Ctrl Pts',(-2.76228408393556,-0.866597043398312,
-28.6191488333892));
#5528=CARTESIAN_POINT('Ctrl Pts',(-2.22928550639886,1.85133370718327,-28.7460992222595));
#5529=CARTESIAN_POINT('Ctrl Pts',(0.349339109057106,2.87386235929119,-28.8730496111297));
#5530=CARTESIAN_POINT('Ctrl Pts',(1.84476377785955,1.80695990395599,-28.9576832037099));
#5531=CARTESIAN_POINT('Ctrl Pts',(2.20207516956608,1.0750884603513,-29.));
#5532=CARTESIAN_POINT('Ctrl Pts',(-1.33708927785966,-1.86967312739701,-3.82458174321122));
#5533=CARTESIAN_POINT('Ctrl Pts',(-1.95848512743304,-1.42528436467901,-3.86689853950131));
#5534=CARTESIAN_POINT('Ctrl Pts',(-2.7127101720079,0.12399994499296,-3.95153213208149));
#5535=CARTESIAN_POINT('Ctrl Pts',(-1.36565220562242,2.35016351786316,-4.07848252095175));
#5536=CARTESIAN_POINT('Ctrl Pts',(1.23139486502666,2.4203120720871,-4.20543290982203));
#5537=CARTESIAN_POINT('Ctrl Pts',(2.70177200321717,0.280623645017291,-4.33238329869228));
#5538=CARTESIAN_POINT('Ctrl Pts',(1.7017983343201,-2.11747404541438,-4.45933368756256));
#5539=CARTESIAN_POINT('Ctrl Pts',(-0.854572576024674,-2.57828505887884,
-4.58628407643282));
#5540=CARTESIAN_POINT('Ctrl Pts',(-2.62938158864014,-0.681842380523649,
-4.71323446530309));
#5541=CARTESIAN_POINT('Ctrl Pts',(-1.99976605343033,1.83837689129218,-4.84018485417336));
#5542=CARTESIAN_POINT('Ctrl Pts',(0.458584270768435,2.67733473870435,-4.96713524304362));
#5543=CARTESIAN_POINT('Ctrl Pts',(2.49756393495953,1.06804161981923,-5.0940856319139));
#5544=CARTESIAN_POINT('Ctrl Pts',(2.25262207479694,-1.51797246436618,-5.22103602078415));
#5545=CARTESIAN_POINT('Ctrl Pts',(-0.0522612933226608,-2.71583843227537,
-5.34798640965443));
#5546=CARTESIAN_POINT('Ctrl Pts',(-2.30935185696662,-1.43018266635762,-5.47493679852469));
#5547=CARTESIAN_POINT('Ctrl Pts',(-2.4546280891192,1.16332663380598,-5.60188718739496));
#5548=CARTESIAN_POINT('Ctrl Pts',(-0.355238892284971,2.69301473718486,-5.72883757626523));
#5549=CARTESIAN_POINT('Ctrl Pts',(2.0690026280633,1.76004377548791,-5.8557879651355));
#5550=CARTESIAN_POINT('Ctrl Pts',(2.60121931650023,-0.782421695600797,-5.98273835400576));
#5551=CARTESIAN_POINT('Ctrl Pts',(0.75471884866403,-2.60939159246812,-6.10968874287603));
#5552=CARTESIAN_POINT('Ctrl Pts',(-1.78194354017633,-2.0501713793131,-6.23663913174629));
#5553=CARTESIAN_POINT('Ctrl Pts',(-2.689085702386,0.383853447296966,-6.36358952061657));
#5554=CARTESIAN_POINT('Ctrl Pts',(-1.13716026992848,2.46685869660602,-6.49053990948683));
#5555=CARTESIAN_POINT('Ctrl Pts',(1.45465539016243,2.29401461842809,-6.6174902983571));
#5556=CARTESIAN_POINT('Ctrl Pts',(2.71624349174968,0.0233805649405673,-6.74444068722737));
#5557=CARTESIAN_POINT('Ctrl Pts',(1.49392923217371,-2.26863412606774,-6.87139107609763));
#5558=CARTESIAN_POINT('Ctrl Pts',(-1.09452703716359,-2.48606836652179,-6.9983414649679));
#5559=CARTESIAN_POINT('Ctrl Pts',(-2.6820795593011,-0.430086726942263,-7.12529185383817));
#5560=CARTESIAN_POINT('Ctrl Pts',(-1.81697135092301,2.01919302300553,-7.25224224270843));
#5561=CARTESIAN_POINT('Ctrl Pts',(0.709688717364472,2.62199681159229,-7.37919263157872));
#5562=CARTESIAN_POINT('Ctrl Pts',(2.58736518573609,0.827083279170728,-7.50614302044895));
#5563=CARTESIAN_POINT('Ctrl Pts',(2.09899365076864,-1.72416675788701,-7.63309340931925));
#5564=CARTESIAN_POINT('Ctrl Pts',(-0.308828514397175,-2.69873123964714,
-7.76004379818949));
#5565=CARTESIAN_POINT('Ctrl Pts',(-2.43423863589015,-1.20540765660753,-7.88699418705978));
#5566=CARTESIAN_POINT('Ctrl Pts',(-2.33362921604199,1.39021582392848,-8.01394457593003));
#5567=CARTESIAN_POINT('Ctrl Pts',(-0.0990037796260097,2.7145392991648,-8.14089496480031));
#5568=CARTESIAN_POINT('Ctrl Pts',(2.22615688405462,1.55651883466065,-8.26784535367056));
#5569=CARTESIAN_POINT('Ctrl Pts',(2.51558093057483,-1.02487947428282,-8.39479574254084));
#5570=CARTESIAN_POINT('Ctrl Pts',(0.504600971213828,-2.66906410843411,-8.52174613141111));
#5571=CARTESIAN_POINT('Ctrl Pts',(-1.96781756936873,-1.87249015184668,-8.64869652028137));
#5572=CARTESIAN_POINT('Ctrl Pts',(-2.64074106512848,0.636405516964984,-8.77564690915164));
#5573=CARTESIAN_POINT('Ctrl Pts',(-0.898806326401131,2.56333231218682,-8.90259729802191));
#5574=CARTESIAN_POINT('Ctrl Pts',(1.66505294221698,2.14618826170819,-9.02954768689217));
#5575=CARTESIAN_POINT('Ctrl Pts',(2.7062840132181,-0.233564112996019,-9.15649807576245));
#5576=CARTESIAN_POINT('Ctrl Pts',(1.2727202925297,-2.39973090409376,-9.2834484646327));
#5577=CARTESIAN_POINT('Ctrl Pts',(-1.32469819574635,-2.37143417476975,-9.41039885350298));
#5578=CARTESIAN_POINT('Ctrl Pts',(-2.71073008181015,-0.174550218129561,
-9.53734924237323));
#5579=CARTESIAN_POINT('Ctrl Pts',(-1.61790141392836,2.18195333815555,-9.66429963124351));
#5580=CARTESIAN_POINT('Ctrl Pts',(0.954437155020997,2.54314275497758,-9.79125002011378));
#5581=CARTESIAN_POINT('Ctrl Pts',(2.65397889676957,0.578723915681117,-9.91820040898405));
#5582=CARTESIAN_POINT('Ctrl Pts',(1.92655690562854,-1.91491614554125,-10.0451507978543));
#5583=CARTESIAN_POINT('Ctrl Pts',(-0.562628807522404,-2.65743752137758,
-10.1721011867246));
#5584=CARTESIAN_POINT('Ctrl Pts',(-2.53731166889939,-0.96983238239733,-10.2990515755949));
#5585=CARTESIAN_POINT('Ctrl Pts',(-2.19171858273518,1.60464793932278,-10.4260019644651));
#5586=CARTESIAN_POINT('Ctrl Pts',(0.158118591229839,2.7117381632796,-10.5529523533354));
#5587=CARTESIAN_POINT('Ctrl Pts',(2.36336226941479,1.33904598075873,-10.6799027422056));
#5588=CARTESIAN_POINT('Ctrl Pts',(2.40740017368384,-1.25815331292596,-10.8068531310759));
#5589=CARTESIAN_POINT('Ctrl Pts',(0.249961299371655,-2.70481879317191,-10.9338035199462));
#5590=CARTESIAN_POINT('Ctrl Pts',(-2.13605776784989,-1.67802937026969,-11.0607539088165));
#5591=CARTESIAN_POINT('Ctrl Pts',(-2.56873246589089,0.883254704916777,-11.1877042976867));
#5592=CARTESIAN_POINT('Ctrl Pts',(-0.652398081078369,2.63683562227242,-11.314654686557));
#5593=CARTESIAN_POINT('Ctrl Pts',(1.86052977480931,1.97912968552532,-11.4416050754272));
#5594=CARTESIAN_POINT('Ctrl Pts',(2.67207323275785,-0.488415800172889,-11.5685554642975));
#5595=CARTESIAN_POINT('Ctrl Pts',(1.04010636912019,-2.50932343391503,-11.6955058531678));
#5596=CARTESIAN_POINT('Ctrl Pts',(-1.5429985910844,-2.23554930676805,-11.822456242038));
#5597=CARTESIAN_POINT('Ctrl Pts',(-2.71508946032549,0.0825504543229787,
-11.9494066309083));
#5598=CARTESIAN_POINT('Ctrl Pts',(-1.40433328817473,2.32516093438795,-12.0763570197786));
#5599=CARTESIAN_POINT('Ctrl Pts',(1.1906327785755,2.44149932247812,-12.2033074086489));
#5600=CARTESIAN_POINT('Ctrl Pts',(2.69681001723462,0.325178544837391,-12.3302577975191));
#5601=CARTESIAN_POINT('Ctrl Pts',(1.73685607667128,-2.08850576346094,-12.4572081863894));
#5602=CARTESIAN_POINT('Ctrl Pts',(-0.811387323337638,-2.59233021943704,
-12.5841585752597));
#5603=CARTESIAN_POINT('Ctrl Pts',(-2.61764757892,-0.725566335805213,-12.7111089641299));
#5604=CARTESIAN_POINT('Ctrl Pts',(-2.03016772328371,1.80470063179924,-12.8380593530002));
#5605=CARTESIAN_POINT('Ctrl Pts',(0.413824044368901,2.68463684981446,-12.9650097418705));
#5606=CARTESIAN_POINT('Ctrl Pts',(2.47938931107853,1.10957379168268,-13.0919601307407));
#5607=CARTESIAN_POINT('Ctrl Pts',(2.27764644469556,-1.48015270429952,-13.218910519611));
#5608=CARTESIAN_POINT('Ctrl Pts',(-0.00691830258084317,-2.71633530554844,
-13.3458609084812));
#5609=CARTESIAN_POINT('Ctrl Pts',(-2.28515652274081,-1.46853158687671,-13.4728112973515));
#5610=CARTESIAN_POINT('Ctrl Pts',(-2.47370517851929,1.12218895238119,-13.5997616862218));
#5611=CARTESIAN_POINT('Ctrl Pts',(-0.400143626324691,2.68670996450887,-13.7267120750921));
#5612=CARTESIAN_POINT('Ctrl Pts',(2.03933419981579,1.79433591519013,-13.8536624639623));
#5613=CARTESIAN_POINT('Ctrl Pts',(2.61391771642775,-0.738890740789653,-13.9806128528326));
#5614=CARTESIAN_POINT('Ctrl Pts',(0.79817194057638,-2.59642964633284,-14.1075632417029));
#5615=CARTESIAN_POINT('Ctrl Pts',(-1.74747200995408,-2.07963144078621,-14.2345136305731));
#5616=CARTESIAN_POINT('Ctrl Pts',(-2.69511862992534,0.338911383268309,-14.3614640194434));
#5617=CARTESIAN_POINT('Ctrl Pts',(-1.17818078065852,2.44753251319904,-14.4884144083137));
#5618=CARTESIAN_POINT('Ctrl Pts',(1.41615901363744,2.31797735173857,-14.6153647971839));
#5619=CARTESIAN_POINT('Ctrl Pts',(2.71547473284136,0.0687192140500099,-14.7423151860542));
#5620=CARTESIAN_POINT('Ctrl Pts',(1.53159109344982,-2.24338005642038,-14.8692655749245));
#5621=CARTESIAN_POINT('Ctrl Pts',(-1.05287491000797,-2.50399276735282,-14.9962159637947));
#5622=CARTESIAN_POINT('Ctrl Pts',(-2.67452646721336,-0.474798411175477,
-15.123166352665));
#5623=CARTESIAN_POINT('Ctrl Pts',(-1.85042431232969,1.98858120765,-15.2501167415353));
#5624=CARTESIAN_POINT('Ctrl Pts',(0.665821175700944,2.63347821655463,-15.3770671304055));
#5625=CARTESIAN_POINT('Ctrl Pts',(2.57319827823574,0.870158592421039,-15.5040175192758));
#5626=CARTESIAN_POINT('Ctrl Pts',(2.12748248074272,-1.68888828796115,-15.6309679081461));
#5627=CARTESIAN_POINT('Ctrl Pts',(-0.263735908879206,-2.70351044485631,
-15.7579182970163));
#5628=CARTESIAN_POINT('Ctrl Pts',(-2.41377774404939,-1.24587413385597,-15.8848686858866));
#5629=CARTESIAN_POINT('Ctrl Pts',(-2.35651075276487,1.35106714384706,-16.0118190747569));
#5630=CARTESIAN_POINT('Ctrl Pts',(-0.144303441462691,2.7125084095467,-16.1387694636272));
#5631=CARTESIAN_POINT('Ctrl Pts',(2.19986393153682,1.59346290757046,-16.2657198524974));
#5632=CARTESIAN_POINT('Ctrl Pts',(2.53233860206968,-0.982744401941472,-16.3926702413677));
#5633=CARTESIAN_POINT('Ctrl Pts',(0.549085007355121,-2.66026897320127,-16.5196206302379));
#5634=CARTESIAN_POINT('Ctrl Pts',(-1.93628614403871,-1.90507777360485,-16.6465710191082));
#5635=CARTESIAN_POINT('Ctrl Pts',(-2.65099655137065,0.592235290826599,-16.7735214079785));
#5636=CARTESIAN_POINT('Ctrl Pts',(-0.941470468343411,2.54797148969857,-16.9004717968487));
#5637=CARTESIAN_POINT('Ctrl Pts',(1.62899489533797,2.17368373643508,-17.027422185719));
#5638=CARTESIAN_POINT('Ctrl Pts',(2.70980578706413,-0.188355917011649,-17.1543725745893));
#5639=CARTESIAN_POINT('Ctrl Pts',(1.31260135757425,-2.37815117920913,-17.2813229634596));
#5640=CARTESIAN_POINT('Ctrl Pts',(-1.28492757127466,-2.393216766542,-17.4082733523298));
#5641=CARTESIAN_POINT('Ctrl Pts',(-2.70743863593884,-0.219775766874272,
-17.5352237412001));
#5642=CARTESIAN_POINT('Ctrl Pts',(-1.65409904992688,2.15464189324132,-17.6621741300703));
#5643=CARTESIAN_POINT('Ctrl Pts',(0.91185181180626,2.55872070151964,-17.7891245189407));
#5644=CARTESIAN_POINT('Ctrl Pts',(2.64394853863381,0.622945808345863,-17.9160749078108));
#5645=CARTESIAN_POINT('Ctrl Pts',(1.95825391727044,-1.88248956187664,-18.0430252966812));
#5646=CARTESIAN_POINT('Ctrl Pts',(-0.518190149308665,-2.66645913605272,
-18.1699756855514));
#5647=CARTESIAN_POINT('Ctrl Pts',(-2.52076884316624,-1.01205226861159,-18.2969260744217));
#5648=CARTESIAN_POINT('Ctrl Pts',(-2.21819938049205,1.56783827720342,-18.423876463292));
#5649=CARTESIAN_POINT('Ctrl Pts',(0.112829862071587,2.71399977474289,-18.5508268521622));
#5650=CARTESIAN_POINT('Ctrl Pts',(2.34068044576646,1.37831070731024,-18.6777772410325));
#5651=CARTESIAN_POINT('Ctrl Pts',(2.42806692890886,-1.21779158472152,-18.8047276299027));
#5652=CARTESIAN_POINT('Ctrl Pts',(0.295077664277557,-2.7002693434404,-18.931678018773));
#5653=CARTESIAN_POINT('Ctrl Pts',(-2.10774900955814,-1.71345249942512,-19.0586284076433));
#5654=CARTESIAN_POINT('Ctrl Pts',(-2.58311860735676,0.840252114193587,-19.1855787965135));
#5655=CARTESIAN_POINT('Ctrl Pts',(-0.696323537818352,2.62557781940655,-19.3125291853838));
#5656=CARTESIAN_POINT('Ctrl Pts',(1.8272331784308,2.00991150718662,-19.4394795742541));
#5657=CARTESIAN_POINT('Ctrl Pts',(2.67985397993623,-0.443743170425702,-19.5664299631244));
#5658=CARTESIAN_POINT('Ctrl Pts',(1.08184925964053,-2.49161143328866,-19.6933803519946));
#5659=CARTESIAN_POINT('Ctrl Pts',(-1.50546585826117,-2.26099489267214,-19.8203307408649));
#5660=CARTESIAN_POINT('Ctrl Pts',(-2.71608915560971,0.037216311731328,-19.9472811297351));
#5661=CARTESIAN_POINT('Ctrl Pts',(-1.44295122788477,2.30139460089429,-20.0742315186054));
#5662=CARTESIAN_POINT('Ctrl Pts',(1.14971124567113,2.46103421484887,-20.2011819074757));
#5663=CARTESIAN_POINT('Ctrl Pts',(2.69100609157351,0.3701507398261,-20.3281322963459));
#5664=CARTESIAN_POINT('Ctrl Pts',(1.77147722965236,-2.05922164419052,-20.4550826852162));
#5665=CARTESIAN_POINT('Ctrl Pts',(-0.768000832030393,-2.60551339990416,
-20.5820330740865));
#5666=CARTESIAN_POINT('Ctrl Pts',(-2.60517106133529,-0.769161294047435,
-20.7089834629568));
#5667=CARTESIAN_POINT('Ctrl Pts',(-2.06001048479607,1.77055984299028,-20.835933851827));
#5668=CARTESIAN_POINT('Ctrl Pts',(0.368952085066397,2.69117069581338,-20.9628842406973));
#5669=CARTESIAN_POINT('Ctrl Pts',(2.46052187056271,1.15080731643578,-21.0898346295675));
#5670=CARTESIAN_POINT('Ctrl Pts',(2.30203708663269,-1.44192600602361,-21.2167850184379));
#5671=CARTESIAN_POINT('Ctrl Pts',(0.0384260984872295,-2.71607230942672,
-21.3437354073081));
#5672=CARTESIAN_POINT('Ctrl Pts',(-2.26032410931761,-1.50647279295614,-21.4706857961784));
#5673=CARTESIAN_POINT('Ctrl Pts',(-2.49209305944663,1.08073934791765,-21.5976361850486));
#5674=CARTESIAN_POINT('Ctrl Pts',(-0.444936777116269,2.67965606364864,-21.7245865739189));
#5675=CARTESIAN_POINT('Ctrl Pts',(2.00909742832207,1.82812824456853,-21.8515369627892));
#5676=CARTESIAN_POINT('Ctrl Pts',(2.62588771282548,-0.695153993523524,-21.9784873516594));
#5677=CARTESIAN_POINT('Ctrl Pts',(0.841402594037234,-2.5827440891089,-22.1054377405297));
#5678=CARTESIAN_POINT('Ctrl Pts',(-1.71251350363829,-2.10851200018782,-22.2323881293999));
#5679=CARTESIAN_POINT('Ctrl Pts',(-2.70040050798801,0.293874890961371,-22.3593385182703));
#5680=CARTESIAN_POINT('Ctrl Pts',(-1.21887296456542,2.42752426379862,-22.4862889071405));
#5681=CARTESIAN_POINT('Ctrl Pts',(1.37726799330467,2.34129413566473,-22.6132392960108));
#5682=CARTESIAN_POINT('Ctrl Pts',(2.71394924925751,0.114038710682445,-22.740189684881));
#5683=CARTESIAN_POINT('Ctrl Pts',(1.56882614389148,-2.21750081968916,-22.8671400737513));
#5684=CARTESIAN_POINT('Ctrl Pts',(-1.01092937662608,-2.52121937771269,-22.9940904626216));
#5685=CARTESIAN_POINT('Ctrl Pts',(-2.66622806119418,-0.51937778233214,-23.1210408514918));
#5686=CARTESIAN_POINT('Ctrl Pts',(-1.88336161339926,1.95741523143499,-23.2479912403621));
#5687=CARTESIAN_POINT('Ctrl Pts',(0.621768088711708,2.64422574659187,-23.3749416292324));
#5688=CARTESIAN_POINT('Ctrl Pts',(2.55831429401787,0.912991417321861,-23.5018920181026));
#5689=CARTESIAN_POINT('Ctrl Pts',(2.15537844222404,-1.65313917317189,-23.6288424069729));
#5690=CARTESIAN_POINT('Ctrl Pts',(-0.218569807707975,-2.70753625908094,
-23.7557927958432));
#5691=CARTESIAN_POINT('Ctrl Pts',(-2.39264420142443,-1.28599342162761,-23.8827431847134));
#5692=CARTESIAN_POINT('Ctrl Pts',(-2.37873559737341,1.31154196001056,-24.0096935735837));
#5693=CARTESIAN_POINT('Ctrl Pts',(-0.189562890059853,2.70972162145699,-24.136643962454));
#5694=CARTESIAN_POINT('Ctrl Pts',(2.17295793989187,1.62996292796492,-24.2635943513243));
#5695=CARTESIAN_POINT('Ctrl Pts',(2.54839058326083,-0.940335466856722,-24.3905447401945));
#5696=CARTESIAN_POINT('Ctrl Pts',(0.593416029216795,-2.65073249713103,-24.5174951290648));
#5697=CARTESIAN_POINT('Ctrl Pts',(-1.90421513116749,-1.93713450470273,-24.644445517935));
#5698=CARTESIAN_POINT('Ctrl Pts',(-2.66051328073579,0.547900025660509,-24.7713959068053));
#5699=CARTESIAN_POINT('Ctrl Pts',(-0.983872249403303,2.53190062046676,-24.8983462956756));
#5700=CARTESIAN_POINT('Ctrl Pts',(1.5924828941895,2.20057346770842,-25.0252966845458));
#5701=CARTESIAN_POINT('Ctrl Pts',(2.71257241559327,-0.143095231627843,-25.1522470734161));
#5702=CARTESIAN_POINT('Ctrl Pts',(1.35211663815633,-2.35590873163425,-25.2791974622864));
#5703=CARTESIAN_POINT('Ctrl Pts',(-1.24479887421017,-2.41433243730189,-25.4061478511567));
#5704=CARTESIAN_POINT('Ctrl Pts',(-2.70339270448584,-0.264940070369255,
-25.5330982400269));
#5705=CARTESIAN_POINT('Ctrl Pts',(-1.68983573567969,2.12673001122594,-25.6600486288972));
#5706=CARTESIAN_POINT('Ctrl Pts',(0.869012361253837,2.57358560593983,-25.7869990177674));
#5707=CARTESIAN_POINT('Ctrl Pts',(2.63318138832971,0.666994103614429,-25.9139494066377));
#5708=CARTESIAN_POINT('Ctrl Pts',(1.98940521837899,-1.8495383818101,-26.040899795508));
#5709=CARTESIAN_POINT('Ctrl Pts',(-0.473607084034337,-2.67473768568843,
-26.1678501843783));
#5710=CARTESIAN_POINT('Ctrl Pts',(-2.50352355566457,-1.05399012325686,-26.2948005732485));
#5711=CARTESIAN_POINT('Ctrl Pts',(-2.2440620212156,1.53059170044213,-26.4217509621188));
#5712=CARTESIAN_POINT('Ctrl Pts',(0.0675096745551822,2.7155050778115,-26.5487013509891));
#5713=CARTESIAN_POINT('Ctrl Pts',(2.31734637178277,1.4171913272794,-26.6756517398593));
#5714=CARTESIAN_POINT('Ctrl Pts',(2.44805699354089,-1.17709047220153,-26.8026021287296));
#5715=CARTESIAN_POINT('Ctrl Pts',(0.340111909729542,-2.69496744528404,-26.9295525175998));
#5716=CARTESIAN_POINT('Ctrl Pts',(-2.07885309214171,-1.74839806333096,-27.0565029064701));
#5717=CARTESIAN_POINT('Ctrl Pts',(-2.5967845067753,0.797015226114558,-27.1834532953404));
#5718=CARTESIAN_POINT('Ctrl Pts',(-0.740055713341137,2.61358861605388,-27.3104036842107));
#5719=CARTESIAN_POINT('Ctrl Pts',(1.79342884161292,2.04013270364844,-27.4373540730809));
#5720=CARTESIAN_POINT('Ctrl Pts',(2.68688515011326,-0.3989458899457,-27.5643044619512));
#5721=CARTESIAN_POINT('Ctrl Pts',(1.12329596730312,-2.47320698371102,-27.6912548508214));
#5722=CARTESIAN_POINT('Ctrl Pts',(-1.46752369612431,-2.28580679677664,-27.8182052396918));
#5723=CARTESIAN_POINT('Ctrl Pts',(-2.71631269498637,-0.00813507991379338,
-27.945155628562));
#5724=CARTESIAN_POINT('Ctrl Pts',(-1.4812037809031,2.27700004882032,-28.0721060174323));
#5725=CARTESIAN_POINT('Ctrl Pts',(1.10853934097945,2.47985828225299,-28.1990564063025));
#5726=CARTESIAN_POINT('Ctrl Pts',(2.68431874669376,0.41506746280546,-28.3260067951728));
#5727=CARTESIAN_POINT('Ctrl Pts',(1.80585933877108,-2.02945459477946,-28.452957184043));
#5728=CARTESIAN_POINT('Ctrl Pts',(-0.724886200445731,-2.61779708608484,
-28.5799075729134));
#5729=CARTESIAN_POINT('Ctrl Pts',(-2.59103862773565,-0.812873095560649,
-28.7068579617836));
#5730=CARTESIAN_POINT('Ctrl Pts',(-2.09108284441951,1.73656184605983,-28.8338083506539));
#5731=CARTESIAN_POINT('Ctrl Pts',(0.327682127631137,2.6956997026569,-28.9607587395241));
#5732=CARTESIAN_POINT('Ctrl Pts',(1.73039921392571,1.69493895908381,-29.0453923321043));
#5733=CARTESIAN_POINT('Ctrl Pts',(2.06555938931309,1.00843926415938,-29.0877091283944));
#5734=CARTESIAN_POINT('Ctrl Pts',(-1.24871913126434,-1.74610375092439,-3.91229087160561));
#5735=CARTESIAN_POINT('Ctrl Pts',(-1.82904603859894,-1.33108527840089,-3.9546076678957));
#5736=CARTESIAN_POINT('Ctrl Pts',(-2.53342326907601,0.115804610920415,-4.03924126047588));
#5737=CARTESIAN_POINT('Ctrl Pts',(-1.27539429419694,2.19483784287984,-4.16619164934614));
#5738=CARTESIAN_POINT('Ctrl Pts',(1.1500102136492,2.26035017862322,-4.29314203821642));
#5739=CARTESIAN_POINT('Ctrl Pts',(2.52320801953646,0.262076826148215,-4.42009242708667));
#5740=CARTESIAN_POINT('Ctrl Pts',(1.58932404350819,-1.97752715113924,-4.54704281595695));
#5741=CARTESIAN_POINT('Ctrl Pts',(-0.798092649762345,-2.4078825043222,-4.67399320482721));
#5742=CARTESIAN_POINT('Ctrl Pts',(-2.45560199120363,-0.636778440426712,
-4.80094359369749));
#5743=CARTESIAN_POINT('Ctrl Pts',(-1.86759864903621,1.71687592791524,-4.92789398256774));
#5744=CARTESIAN_POINT('Ctrl Pts',(0.428275779102853,2.50038584885706,-5.05484437143802));
#5745=CARTESIAN_POINT('Ctrl Pts',(2.33249635516648,0.997453218523883,-5.18179476030828));
#5746=CARTESIAN_POINT('Ctrl Pts',(2.10374305357538,-1.41764748874568,-5.30874514917855));
#5747=CARTESIAN_POINT('Ctrl Pts',(-0.0488072695497531,-2.5363447781392,
-5.43569553804881));
#5748=CARTESIAN_POINT('Ctrl Pts',(-2.15672348314033,-1.33565984430167,-5.56264592691909));
#5749=CARTESIAN_POINT('Ctrl Pts',(-2.29239820091038,1.08644070938046,-5.68959631578935));
#5750=CARTESIAN_POINT('Ctrl Pts',(-0.331760644790694,2.51502953376652,-5.81654670465962));
#5751=CARTESIAN_POINT('Ctrl Pts',(1.9322592792267,1.64371995999599,-5.94349709352988));
#5752=CARTESIAN_POINT('Ctrl Pts',(2.42930100398963,-0.730710324427212,-6.07044748240015));
#5753=CARTESIAN_POINT('Ctrl Pts',(0.704838398346311,-2.43693316252686,-6.19739787127042));
#5754=CARTESIAN_POINT('Ctrl Pts',(-1.66417233785091,-1.91467261469405,-6.32434826014068));
#5755=CARTESIAN_POINT('Ctrl Pts',(-2.51136017450834,0.358484022853536,-6.45129864901096));
#5756=CARTESIAN_POINT('Ctrl Pts',(-1.06200371799147,2.30382047002032,-6.57824903788122));
#5757=CARTESIAN_POINT('Ctrl Pts',(1.3585151307176,2.14239990467709,-6.70519942675149));
#5758=CARTESIAN_POINT('Ctrl Pts',(2.53672306665234,0.0218353098963072,-6.83214981562175));
#5759=CARTESIAN_POINT('Ctrl Pts',(1.39519330822592,-2.11869684543032,-6.95910020449202));
#5760=CARTESIAN_POINT('Ctrl Pts',(-1.02218817667887,-2.32176054532145,-7.08605059336229));
#5761=CARTESIAN_POINT('Ctrl Pts',(-2.50481707746061,-0.401661678788876,
-7.21300098223256));
#5762=CARTESIAN_POINT('Ctrl Pts',(-1.69688511038601,1.88574166235079,-7.33995137110282));
#5763=CARTESIAN_POINT('Ctrl Pts',(0.662784372958272,2.44870528465423,-7.46690175997309));
#5764=CARTESIAN_POINT('Ctrl Pts',(2.41636251258244,0.772420159933249,-7.59385214884335));
#5765=CARTESIAN_POINT('Ctrl Pts',(1.96026815226048,-1.61021410590468,-7.72080253771363));
#5766=CARTESIAN_POINT('Ctrl Pts',(-0.288417595289504,-2.52036822438858,
-7.84775292658388));
#5767=CARTESIAN_POINT('Ctrl Pts',(-2.27335631586593,-1.12574053707758,-7.97470331545417));
#5768=CARTESIAN_POINT('Ctrl Pts',(-2.17939631676185,1.29833446776626,-8.10165370432442));
#5769=CARTESIAN_POINT('Ctrl Pts',(-0.0924604779453616,2.53513150659773,
-8.2286040931947));
#5770=CARTESIAN_POINT('Ctrl Pts',(2.07902698521722,1.45364627418552,-8.35555448206497));
#5771=CARTESIAN_POINT('Ctrl Pts',(2.34932258172091,-0.957143721042836,-8.48250487093522));
#5772=CARTESIAN_POINT('Ctrl Pts',(0.471251169868,-2.49266183639425,-8.6094552598055));
#5773=CARTESIAN_POINT('Ctrl Pts',(-1.8377616860725,-1.74873459419103,-8.73640564867577));
#5774=CARTESIAN_POINT('Ctrl Pts',(-2.46621070361128,0.594344564297469,-8.86335603754602));
#5775=CARTESIAN_POINT('Ctrl Pts',(-0.839402928183806,2.39391800608826,-8.9903064264163));
#5776=CARTESIAN_POINT('Ctrl Pts',(1.55500720703001,2.00434360372706,-9.11725681528657));
#5777=CARTESIAN_POINT('Ctrl Pts',(2.52742182433015,-0.218127526040551,-9.24420720415683));
#5778=CARTESIAN_POINT('Ctrl Pts',(1.18860438442395,-2.241129249518,-9.3711575930271));
#5779=CARTESIAN_POINT('Ctrl Pts',(-1.23714699352591,-2.21470269158791,-9.49810798189736));
#5780=CARTESIAN_POINT('Ctrl Pts',(-2.53157404587715,-0.163013944060411,
-9.62505837076763));
#5781=CARTESIAN_POINT('Ctrl Pts',(-1.51097199082026,2.037744915016,-9.7520087596379));
#5782=CARTESIAN_POINT('Ctrl Pts',(0.891357035613968,2.37506280564923,-9.87895914850816));
#5783=CARTESIAN_POINT('Ctrl Pts',(2.47857362798767,0.540475222707696,-10.0059095373784));
#5784=CARTESIAN_POINT('Ctrl Pts',(1.7992279987308,-1.78835659316035,-10.1328599262487));
#5785=CARTESIAN_POINT('Ctrl Pts',(-0.5254438633135,-2.4818036671387,-10.259810315119));
#5786=CARTESIAN_POINT('Ctrl Pts',(-2.36961710440663,-0.905734770349708,
-10.3867607039892));
#5787=CARTESIAN_POINT('Ctrl Pts',(-2.04686476058654,1.49859445734525,-10.5137110928595));
#5788=CARTESIAN_POINT('Ctrl Pts',(0.147668306931069,2.53251550179757,-10.6406614817298));
#5789=CARTESIAN_POINT('Ctrl Pts',(2.20716427002591,1.25054651286465,-10.7676118706));
#5790=CARTESIAN_POINT('Ctrl Pts',(2.24829164608984,-1.17500015737853,-10.8945622594703));
#5791=CARTESIAN_POINT('Ctrl Pts',(0.233440998869403,-2.52605344277665,-11.0215126483406));
#5792=CARTESIAN_POINT('Ctrl Pts',(-1.99488264872612,-1.56712600435586,-11.1484630372108));
#5793=CARTESIAN_POINT('Ctrl Pts',(-2.39896125589492,0.824879135650774,-11.2754134260811));
#5794=CARTESIAN_POINT('Ctrl Pts',(-0.609280156929255,2.46256337707057,-11.4023638149514));
#5795=CARTESIAN_POINT('Ctrl Pts',(1.73756469561278,1.84832616826062,-11.5293142038216));
#5796=CARTESIAN_POINT('Ctrl Pts',(2.49547208337898,-0.456135699976532,-11.6562645926919));
#5797=CARTESIAN_POINT('Ctrl Pts',(0.971364248578358,-2.34347865198314,-11.7832149815622));
#5798=CARTESIAN_POINT('Ctrl Pts',(-1.44101960288342,-2.08779864925299,-11.9101653704324));
#5799=CARTESIAN_POINT('Ctrl Pts',(-2.53564530681886,0.0770945764912813,
-12.0371157593027));
#5800=CARTESIAN_POINT('Ctrl Pts',(-1.31151888856839,2.17148771597843,-12.164066148173));
#5801=CARTESIAN_POINT('Ctrl Pts',(1.11194215190893,2.28013713327182,-12.2910165370432));
#5802=CARTESIAN_POINT('Ctrl Pts',(2.51857397831866,0.303687028786284,-12.4179669259135));
#5803=CARTESIAN_POINT('Ctrl Pts',(1.62206476942512,-1.9504734244554,-12.5449173147838));
#5804=CARTESIAN_POINT('Ctrl Pts',(-0.757761572315438,-2.42099940009058,
-12.671867703654));
#5805=CARTESIAN_POINT('Ctrl Pts',(-2.44464349900224,-0.677612616841645,
-12.7988180925243));
#5806=CARTESIAN_POINT('Ctrl Pts',(-1.89599102895947,1.68542538067461,-12.9257684813946));
#5807=CARTESIAN_POINT('Ctrl Pts',(0.386473820213249,2.50720535297903,-13.0527188702649));
#5808=CARTESIAN_POINT('Ctrl Pts',(2.31552291822436,1.03624046962791,-13.1796692591351));
#5809=CARTESIAN_POINT('Ctrl Pts',(2.12711352700425,-1.38232729082243,-13.3066196480054));
#5810=CARTESIAN_POINT('Ctrl Pts',(-0.00646106204842263,-2.53680881234557,
-13.4335700368756));
#5811=CARTESIAN_POINT('Ctrl Pts',(-2.13412725322855,-1.37147422970471,-13.5605204257459));
#5812=CARTESIAN_POINT('Ctrl Pts',(-2.31021445813208,1.04802187627665,-13.6874708146162));
#5813=CARTESIAN_POINT('Ctrl Pts',(-0.37369756060345,2.50914145255224,-13.8144212034865));
#5814=CARTESIAN_POINT('Ctrl Pts',(1.90455167992076,1.67574568304022,-13.9413715923567));
#5815=CARTESIAN_POINT('Ctrl Pts',(2.4411601484675,-0.690056392805009,-14.068321981227));
#5816=CARTESIAN_POINT('Ctrl Pts',(0.745419613140283,-2.42482788998781,-14.1952723700973));
#5817=CARTESIAN_POINT('Ctrl Pts',(-1.63197908046321,-1.94218561848433,-14.3222227589675));
#5818=CARTESIAN_POINT('Ctrl Pts',(-2.51699437722064,0.316512244244308,-14.4491731478378));
#5819=CARTESIAN_POINT('Ctrl Pts',(-1.10031312437967,2.28577158177163,-14.576123536708));
#5820=CARTESIAN_POINT('Ctrl Pts',(1.32256303488742,2.16477890660139,-14.7030739255783));
#5821=CARTESIAN_POINT('Ctrl Pts',(2.53600511612201,0.0641774627099708,-14.8300243144486));
#5822=CARTESIAN_POINT('Ctrl Pts',(1.43036604311599,-2.0951118534383,-14.9569747033189));
#5823=CARTESIAN_POINT('Ctrl Pts',(-0.98328889829984,-2.33850029681358,-15.0839250921891));
#5824=CARTESIAN_POINT('Ctrl Pts',(-2.49776318005351,-0.4434183037335,-15.2108754810594));
#5825=CARTESIAN_POINT('Ctrl Pts',(-1.72812711763091,1.85715302574279,-15.3378258699297));
#5826=CARTESIAN_POINT('Ctrl Pts',(0.621816099991136,2.45942786710827,-15.4647762587999));
#5827=CARTESIAN_POINT('Ctrl Pts',(2.40313191630179,0.812648563998358,-15.5917266476702));
#5828=CARTESIAN_POINT('Ctrl Pts',(1.9868741146334,-1.57726724061482,-15.7186770365405));
#5829=CARTESIAN_POINT('Ctrl Pts',(-0.246305224693742,-2.52483156507627,
-15.8456274254107));
#5830=CARTESIAN_POINT('Ctrl Pts',(-2.25424771369002,-1.16353252685098,-15.972577814281));
#5831=CARTESIAN_POINT('Ctrl Pts',(-2.20076557993052,1.26177318005654,-16.0995282031512));
#5832=CARTESIAN_POINT('Ctrl Pts',(-0.134766220210992,2.53323484138502,-16.2264785920215));
#5833=CARTESIAN_POINT('Ctrl Pts',(2.05447177161251,1.48814866037109,-16.3534289808918));
#5834=CARTESIAN_POINT('Ctrl Pts',(2.36497271469076,-0.91779341601753,-16.4803793697621));
#5835=CARTESIAN_POINT('Ctrl Pts',(0.512795192309349,-2.48444798425351,-16.6073297586323));
#5836=CARTESIAN_POINT('Ctrl Pts',(-1.80831421783114,-1.77916845332493,-16.7342801475026));
#5837=CARTESIAN_POINT('Ctrl Pts',(-2.47578839007027,0.553093611706208,-16.8612305363729));
#5838=CARTESIAN_POINT('Ctrl Pts',(-0.879247335841896,2.37957240237229,-16.9881809252431));
#5839=CARTESIAN_POINT('Ctrl Pts',(1.52133228814506,2.03002186312469,-17.1151313141134));
#5840=CARTESIAN_POINT('Ctrl Pts',(2.53071083909553,-0.175907204517972,-17.2420817029836));
#5841=CARTESIAN_POINT('Ctrl Pts',(1.22584965272499,-2.22097575957752,-17.369032091854));
#5842=CARTESIAN_POINT('Ctrl Pts',(-1.20000486662199,-2.23504564065266,-17.4959824807242));
#5843=CARTESIAN_POINT('Ctrl Pts',(-2.52850013638054,-0.205250471474534,
-17.6229328695945));
#5844=CARTESIAN_POINT('Ctrl Pts',(-1.54477727317975,2.01223852263698,-17.7498832584647));
#5845=CARTESIAN_POINT('Ctrl Pts',(0.851586218762589,2.38961118337912,-17.876833647335));
#5846=CARTESIAN_POINT('Ctrl Pts',(2.4692061905959,0.581774427110551,-18.0037840362052));
#5847=CARTESIAN_POINT('Ctrl Pts',(1.82883010944738,-1.75807312888162,-18.1307344250756));
#5848=CARTESIAN_POINT('Ctrl Pts',(-0.483942219707442,-2.49022903037081,
-18.2576848139458));
#5849=CARTESIAN_POINT('Ctrl Pts',(-2.35416761773419,-0.945164283777524,
-18.3846352028161));
#5850=CARTESIAN_POINT('Ctrl Pts',(-2.07159540446927,1.46421759854837,-18.5115855916863));
#5851=CARTESIAN_POINT('Ctrl Pts',(0.105372774787485,2.53462764011808,-18.6385359805566));
#5852=CARTESIAN_POINT('Ctrl Pts',(2.18598152060847,1.28721617736695,-18.7654863694269));
#5853=CARTESIAN_POINT('Ctrl Pts',(2.26759250584392,-1.13730599363468,-18.8924367582972));
#5854=CARTESIAN_POINT('Ctrl Pts',(0.275575558561098,-2.52180467269784,-19.0193871471674));
#5855=CARTESIAN_POINT('Ctrl Pts',(-1.96844485683998,-1.6002079681395,-19.1463375360377));
#5856=CARTESIAN_POINT('Ctrl Pts',(-2.41239659665412,0.784718647776747,-19.2732879249079));
#5857=CARTESIAN_POINT('Ctrl Pts',(-0.650302517282441,2.45204961852998,-19.4002383137782));
#5858=CARTESIAN_POINT('Ctrl Pts',(1.70646871900724,1.87707357521401,-19.5271887026485));
#5859=CARTESIAN_POINT('Ctrl Pts',(2.50273858982553,-0.414415548350985,-19.6541390915188));
#5860=CARTESIAN_POINT('Ctrl Pts',(1.01034829164126,-2.32693726286175,-19.781089480389));
#5861=CARTESIAN_POINT('Ctrl Pts',(-1.40596746216173,-2.11156249991787,-19.9080398692593));
#5862=CARTESIAN_POINT('Ctrl Pts',(-2.53657893080905,0.0347566323531953,
-20.0349902581295));
#5863=CARTESIAN_POINT('Ctrl Pts',(-1.3475845132985,2.14929213352559,-20.1619406469998));
#5864=CARTESIAN_POINT('Ctrl Pts',(1.07372518176005,2.29838093660977,-20.2888910358701));
#5865=CARTESIAN_POINT('Ctrl Pts',(2.51315364242227,0.345686946957226,-20.4158414247404));
#5866=CARTESIAN_POINT('Ctrl Pts',(1.65439776078909,-1.92312473459549,-20.5427918136106));
#5867=CARTESIAN_POINT('Ctrl Pts',(-0.717242556397135,-2.43331128526743,
-20.6697422024809));
#5868=CARTESIAN_POINT('Ctrl Pts',(-2.43299157234516,-0.718326321816434,
-20.7966925913511));
#5869=CARTESIAN_POINT('Ctrl Pts',(-1.92386143959495,1.65354100552619,-20.9236429802214));
#5870=CARTESIAN_POINT('Ctrl Pts',(0.344567513008362,2.51330736773204,-21.0505933690917));
#5871=CARTESIAN_POINT('Ctrl Pts',(2.29790245389171,1.07474881163711,-21.1775437579619));
#5872=CARTESIAN_POINT('Ctrl Pts',(2.14989215646081,-1.34662704981936,-21.3044941468322));
#5873=CARTESIAN_POINT('Ctrl Pts',(0.0358864625686763,-2.53656319801444,
-21.4314445357025));
#5874=CARTESIAN_POINT('Ctrl Pts',(-2.11093604959653,-1.4069078470997,-21.5583949245727));
#5875=CARTESIAN_POINT('Ctrl Pts',(-2.32738705765673,1.00931173557474,-21.6853453134431));
#5876=CARTESIAN_POINT('Ctrl Pts',(-0.415530267864841,2.50255375410901,-21.8122957023133));
#5877=CARTESIAN_POINT('Ctrl Pts',(1.87631329998825,1.70730462894123,-21.9392460911836));
#5878=CARTESIAN_POINT('Ctrl Pts',(2.45233903064876,-0.649210269846105,-22.0661964800538));
#5879=CARTESIAN_POINT('Ctrl Pts',(0.785793090758801,-2.41204683085397,-22.1931468689241));
#5880=CARTESIAN_POINT('Ctrl Pts',(-1.59933103192987,-1.96915742032552,-22.3200972577943));
#5881=CARTESIAN_POINT('Ctrl Pts',(-2.52192716839253,0.274452278257043,-22.4470476466646));
#5882=CARTESIAN_POINT('Ctrl Pts',(-1.13831590353501,2.26708570624849,-22.5739980355349));
#5883=CARTESIAN_POINT('Ctrl Pts',(1.2862423778243,2.18655465086191,-22.7009484244051));
#5884=CARTESIAN_POINT('Ctrl Pts',(2.53458045393443,0.106501728861278,-22.8278988132755));
#5885=CARTESIAN_POINT('Ctrl Pts',(1.46514017571132,-2.07094301255093,-22.9548492021456));
#5886=CARTESIAN_POINT('Ctrl Pts',(-0.944115605332521,-2.35458837580681,
-23.081799591016));
#5887=CARTESIAN_POINT('Ctrl Pts',(-2.49001322758082,-0.485051360362426,
-23.2087499798862));
#5888=CARTESIAN_POINT('Ctrl Pts',(-1.75888754526939,1.82804685356069,-23.3357003687566));
#5889=CARTESIAN_POINT('Ctrl Pts',(0.580674544654777,2.46946507748275,-23.4626507576267));
#5890=CARTESIAN_POINT('Ctrl Pts',(2.38923163593155,0.852650506116521,-23.5896011464971));
#5891=CARTESIAN_POINT('Ctrl Pts',(2.0129263920419,-1.54388083605508,-23.7165515353673));
#5892=CARTESIAN_POINT('Ctrl Pts',(-0.204124215877771,-2.52859130746928,
-23.8435019242376));
#5893=CARTESIAN_POINT('Ctrl Pts',(-2.23451091718424,-1.20100027339767,-23.9704523131078));
#5894=CARTESIAN_POINT('Ctrl Pts',(-2.22152155270781,1.22486027226448,-24.0974027019781));
#5895=CARTESIAN_POINT('Ctrl Pts',(-0.177034406987735,2.53063223611399,-24.2243530908484));
#5896=CARTESIAN_POINT('Ctrl Pts',(2.02934403551514,1.52223634210843,-24.3513034797186));
#5897=CARTESIAN_POINT('Ctrl Pts',(2.37996379744042,-0.878187348230009,-24.4782538685889));
#5898=CARTESIAN_POINT('Ctrl Pts',(0.554196313404109,-2.47554178755375,-24.6052042574592));
#5899=CARTESIAN_POINT('Ctrl Pts',(-1.7783628241625,-1.80910650912311,-24.7321546463294));
#5900=CARTESIAN_POINT('Ctrl Pts',(-2.48467614515296,0.511688527753103,-24.8591050351997));
#5901=CARTESIAN_POINT('Ctrl Pts',(-0.918846722424317,2.36456367991964,-24.9860554240699));
#5902=CARTESIAN_POINT('Ctrl Pts',(1.48723341747891,2.05513441352172,-25.1130058129403));
#5903=CARTESIAN_POINT('Ctrl Pts',(2.53329461718024,-0.133637862695587,-25.2399562018105));
#5904=CARTESIAN_POINT('Ctrl Pts',(1.2627533117829,-2.20020334723916,-25.3669065906808));
#5905=CARTESIAN_POINT('Ctrl Pts',(-1.16252833265609,-2.25476574647055,-25.493856979551));
#5906=CARTESIAN_POINT('Ctrl Pts',(-2.52472160633561,-0.247429801425257,
-25.6208073684213));
#5907=CARTESIAN_POINT('Ctrl Pts',(-1.57815207015587,1.98617137690532,-25.7477577572915));
#5908=CARTESIAN_POINT('Ctrl Pts',(0.811578088891636,2.40349364496286,-25.8747081461618));
#5909=CARTESIAN_POINT('Ctrl Pts',(2.45915065668612,0.622911507417922,-26.0016585350321));
#5910=CARTESIAN_POINT('Ctrl Pts',(1.85792257642183,-1.72729973952897,-26.1286089239024));
#5911=CARTESIAN_POINT('Ctrl Pts',(-0.442305713110382,-2.49796043879687,
-26.2555593127726));
#5912=CARTESIAN_POINT('Ctrl Pts',(-2.33806209599823,-0.984330405506923,
-26.3825097016429));
#5913=CARTESIAN_POINT('Ctrl Pts',(-2.09574874620289,1.42943270142438,-26.5094600905132));
#5914=CARTESIAN_POINT('Ctrl Pts',(0.0630478634137184,2.53603345554958,-26.6364104793834));
#5915=CARTESIAN_POINT('Ctrl Pts',(2.16418962901511,1.3235271214414,-26.7633608682537));
#5916=CARTESIAN_POINT('Ctrl Pts',(2.28626139845607,-1.09929487597109,-26.890311257124));
#5917=CARTESIAN_POINT('Ctrl Pts',(0.317633426191274,-2.51685318458894,-27.0172616459943));
#5918=CARTESIAN_POINT('Ctrl Pts',(-1.94145871201718,-1.6328439296453,-27.1442120348645));
#5919=CARTESIAN_POINT('Ctrl Pts',(-2.42515929719508,0.744339347594902,-27.2711624237348));
#5920=CARTESIAN_POINT('Ctrl Pts',(-0.691144370651073,2.44085279880897,-27.398112812605));
#5921=CARTESIAN_POINT('Ctrl Pts',(1.67489855925563,1.90529740949079,-27.5250632014753));
#5922=CARTESIAN_POINT('Ctrl Pts',(2.50930505988898,-0.372578984338193,-27.6520135903456));
#5923=CARTESIAN_POINT('Ctrl Pts',(1.04905572699595,-2.30974918973264,-27.7789639792159));
#5924=CARTESIAN_POINT('Ctrl Pts',(-1.37053295189652,-2.13473454972145,-27.9059143680861));
#5925=CARTESIAN_POINT('Ctrl Pts',(-2.53678769614795,-0.00759742082370186,
-28.0328647569564));
#5926=CARTESIAN_POINT('Ctrl Pts',(-1.383308900267,2.12650985235874,-28.1598151458267));
#5927=CARTESIAN_POINT('Ctrl Pts',(1.0352743872541,2.31596089442183,-28.2867655346969));
#5928=CARTESIAN_POINT('Ctrl Pts',(2.50690827374945,0.38763505934342,-28.4137159235672));
#5929=CARTESIAN_POINT('Ctrl Pts',(1.68650750704215,-1.89532503214003,-28.5406663124375));
#5930=CARTESIAN_POINT('Ctrl Pts',(-0.676977432602733,-2.44478312502431,
-28.6676167013077));
#5931=CARTESIAN_POINT('Ctrl Pts',(-2.41979317153573,-0.759149147722989,
-28.794567090178));
#5932=CARTESIAN_POINT('Ctrl Pts',(-1.95288018244017,1.6217899849364,-28.9215174790483));
#5933=CARTESIAN_POINT('Ctrl Pts',(0.306025146205172,2.51753704602262,-29.0484678679185));
#5934=CARTESIAN_POINT('Ctrl Pts',(1.61603464999187,1.58291801421164,-29.1331014604987));
#5935=CARTESIAN_POINT('Ctrl Pts',(1.92904360906011,0.941790067967453,-29.1754182567888));
#5936=CARTESIAN_POINT('Ctrl Pts',(-1.16034898466901,-1.62253437445177,-4.));
#5937=CARTESIAN_POINT('Ctrl Pts',(-1.69960694976484,-1.23688619212278,-4.04231679629009));
#5938=CARTESIAN_POINT('Ctrl Pts',(-2.35413636614412,0.107609276847871,-4.12695038887027));
#5939=CARTESIAN_POINT('Ctrl Pts',(-1.18513638277146,2.03951216789651,-4.25390077774053));
#5940=CARTESIAN_POINT('Ctrl Pts',(1.06862556227174,2.10038828515933,-4.3808511666108));
#5941=CARTESIAN_POINT('Ctrl Pts',(2.34464403585575,0.24353000727914,-4.50780155548107));
#5942=CARTESIAN_POINT('Ctrl Pts',(1.47684975269629,-1.83758025686411,-4.63475194435133));
#5943=CARTESIAN_POINT('Ctrl Pts',(-0.741612723500017,-2.23747994976556,
-4.76170233322161));
#5944=CARTESIAN_POINT('Ctrl Pts',(-2.28182239376712,-0.591714500329775,
-4.88865272209186));
#5945=CARTESIAN_POINT('Ctrl Pts',(-1.7354312446421,1.59537496453829,-5.01560311096215));
#5946=CARTESIAN_POINT('Ctrl Pts',(0.397967287437273,2.32343695900977,-5.1425534998324));
#5947=CARTESIAN_POINT('Ctrl Pts',(2.16742877537344,0.926864817228531,-5.26950388870268));
#5948=CARTESIAN_POINT('Ctrl Pts',(1.95486403235382,-1.31732251312518,-5.39645427757294));
#5949=CARTESIAN_POINT('Ctrl Pts',(-0.0453532457768475,-2.35685112400303,
-5.52340466644321));
#5950=CARTESIAN_POINT('Ctrl Pts',(-2.00409510931403,-1.24113702224572,-5.65035505531347));
#5951=CARTESIAN_POINT('Ctrl Pts',(-2.13016831270156,1.00955478495494,-5.77730544418374));
#5952=CARTESIAN_POINT('Ctrl Pts',(-0.308282397296418,2.33704433034818,-5.90425583305401));
#5953=CARTESIAN_POINT('Ctrl Pts',(1.7955159303901,1.52739614450406,-6.03120622192427));
#5954=CARTESIAN_POINT('Ctrl Pts',(2.25738269147904,-0.678998953253623,-6.15815661079455));
#5955=CARTESIAN_POINT('Ctrl Pts',(0.654957948028589,-2.26447473258561,-6.28510699966481));
#5956=CARTESIAN_POINT('Ctrl Pts',(-1.54640113552548,-1.779173850075,-6.41205738853508));
#5957=CARTESIAN_POINT('Ctrl Pts',(-2.33363464663068,0.333114598410101,-6.53900777740534));
#5958=CARTESIAN_POINT('Ctrl Pts',(-0.986847166054446,2.14078224343463,-6.66595816627561));
#5959=CARTESIAN_POINT('Ctrl Pts',(1.26237487127277,1.99078519092608,-6.79290855514588));
#5960=CARTESIAN_POINT('Ctrl Pts',(2.35720264155501,0.0202900548520492,-6.91985894401614));
#5961=CARTESIAN_POINT('Ctrl Pts',(1.29645738427812,-1.9687595647929,-7.04680933288642));
#5962=CARTESIAN_POINT('Ctrl Pts',(-0.94984931619415,-2.15745272412112,-7.17375972175667));
#5963=CARTESIAN_POINT('Ctrl Pts',(-2.32755459562013,-0.373236630635489,
-7.30071011062695));
#5964=CARTESIAN_POINT('Ctrl Pts',(-1.57679886984901,1.75229030169605,-7.42766049949721));
#5965=CARTESIAN_POINT('Ctrl Pts',(0.615880028552068,2.27541375771617,-7.55461088836749));
#5966=CARTESIAN_POINT('Ctrl Pts',(2.24535983942879,0.717757040695769,-7.68156127723774));
#5967=CARTESIAN_POINT('Ctrl Pts',(1.82154265375231,-1.49626145392234,-7.80851166610803));
#5968=CARTESIAN_POINT('Ctrl Pts',(-0.268006676181832,-2.34200520913003,
-7.93546205497827));
#5969=CARTESIAN_POINT('Ctrl Pts',(-2.11247399584171,-1.04607341754762,-8.06241244384856));
#5970=CARTESIAN_POINT('Ctrl Pts',(-2.02516341748171,1.20645311160405,-8.18936283271881));
#5971=CARTESIAN_POINT('Ctrl Pts',(-0.0859171762647125,2.35572371403066,
-8.31631322158909));
#5972=CARTESIAN_POINT('Ctrl Pts',(1.93189708637981,1.35077371371038,-8.44326361045934));
#5973=CARTESIAN_POINT('Ctrl Pts',(2.18306423286699,-0.889407967802855,-8.57021399932962));
#5974=CARTESIAN_POINT('Ctrl Pts',(0.437901368522173,-2.31625956435438,-8.69716438819988));
#5975=CARTESIAN_POINT('Ctrl Pts',(-1.70770580277628,-1.62497903653538,-8.82411477707016));
#5976=CARTESIAN_POINT('Ctrl Pts',(-2.29168034209407,0.552283611629957,-8.95106516594041));
#5977=CARTESIAN_POINT('Ctrl Pts',(-0.779999529966484,2.22450369998968,-9.0780155548107));
#5978=CARTESIAN_POINT('Ctrl Pts',(1.44496147184304,1.86249894574593,-9.20496594368095));
#5979=CARTESIAN_POINT('Ctrl Pts',(2.34855963544219,-0.202690939085086,-9.33191633255122));
#5980=CARTESIAN_POINT('Ctrl Pts',(1.1044884763182,-2.08252759494224,-9.45886672142149));
#5981=CARTESIAN_POINT('Ctrl Pts',(-1.14959579130547,-2.05797120840606,-9.58581711029175));
#5982=CARTESIAN_POINT('Ctrl Pts',(-2.35241800994415,-0.151477669991265,
-9.71276749916202));
#5983=CARTESIAN_POINT('Ctrl Pts',(-1.40404256771216,1.89353649187646,-9.8397178880323));
#5984=CARTESIAN_POINT('Ctrl Pts',(0.828276916206938,2.20698285632088,-9.96666827690256));
#5985=CARTESIAN_POINT('Ctrl Pts',(2.30316835920578,0.502226529734278,-10.0936186657728));
#5986=CARTESIAN_POINT('Ctrl Pts',(1.67189909183307,-1.66179704077945,-10.2205690546431));
#5987=CARTESIAN_POINT('Ctrl Pts',(-0.488258919104593,-2.30616981289981,
-10.3475194435134));
#5988=CARTESIAN_POINT('Ctrl Pts',(-2.20192253991387,-0.841637158302089,
-10.4744698323836));
#5989=CARTESIAN_POINT('Ctrl Pts',(-1.90201093843791,1.39254097536773,-10.6014202212539));
#5990=CARTESIAN_POINT('Ctrl Pts',(0.137218022632302,2.35329284031555,-10.7283706101242));
#5991=CARTESIAN_POINT('Ctrl Pts',(2.05096627063702,1.16204704497057,-10.8553209989944));
#5992=CARTESIAN_POINT('Ctrl Pts',(2.08918311849584,-1.0918470018311,-10.9822713878647));
#5993=CARTESIAN_POINT('Ctrl Pts',(0.216920698367148,-2.34728809238139,-11.109221776735));
#5994=CARTESIAN_POINT('Ctrl Pts',(-1.85370752960235,-1.45622263844204,-11.2361721656052));
#5995=CARTESIAN_POINT('Ctrl Pts',(-2.22919004589895,0.766503566384775,-11.3631225544755));
#5996=CARTESIAN_POINT('Ctrl Pts',(-0.566162232780141,2.28829113186871,-11.4900729433458));
#5997=CARTESIAN_POINT('Ctrl Pts',(1.61459961641624,1.71752265099593,-11.617023332216));
#5998=CARTESIAN_POINT('Ctrl Pts',(2.31887093400011,-0.42385559978018,-11.7439737210863));
#5999=CARTESIAN_POINT('Ctrl Pts',(0.902622128036528,-2.17763387005125,-11.8709241099565));
#6000=CARTESIAN_POINT('Ctrl Pts',(-1.33904061468244,-1.94004799173794,-11.9978744988269));
#6001=CARTESIAN_POINT('Ctrl Pts',(-2.35620115331224,0.0716386986595874,
-12.1248248876971));
#6002=CARTESIAN_POINT('Ctrl Pts',(-1.21870448896204,2.01781449756892,-12.2517752765674));
#6003=CARTESIAN_POINT('Ctrl Pts',(1.03325152524236,2.11877494406553,-12.3787256654376));
#6004=CARTESIAN_POINT('Ctrl Pts',(2.34033793940271,0.282195512735175,-12.5056760543079));
#6005=CARTESIAN_POINT('Ctrl Pts',(1.50727346217895,-1.81244108544986,-12.6326264431782));
#6006=CARTESIAN_POINT('Ctrl Pts',(-0.704135821293236,-2.24966858074412,
-12.7595768320484));
#6007=CARTESIAN_POINT('Ctrl Pts',(-2.27163941908449,-0.629658897878078,
-12.8865272209187));
#6008=CARTESIAN_POINT('Ctrl Pts',(-1.76181433463522,1.56615012954998,-13.013477609789));
#6009=CARTESIAN_POINT('Ctrl Pts',(0.359123596057594,2.3297738561436,-13.1404279986592));
#6010=CARTESIAN_POINT('Ctrl Pts',(2.15165652537019,0.962907147573137,-13.2673783875295));
#6011=CARTESIAN_POINT('Ctrl Pts',(1.97658060931293,-1.28450187734533,-13.3943287763998));
#6012=CARTESIAN_POINT('Ctrl Pts',(-0.00600382151600093,-2.3572823191427,
-13.52127916527));
#6013=CARTESIAN_POINT('Ctrl Pts',(-1.98309798371628,-1.2744168725327,-13.6482295541403));
#6014=CARTESIAN_POINT('Ctrl Pts',(-2.14672373774487,0.973854800172099,-13.7751799430106));
#6015=CARTESIAN_POINT('Ctrl Pts',(-0.347251494882206,2.33157294059561,-13.9021303318808));
#6016=CARTESIAN_POINT('Ctrl Pts',(1.76976916002572,1.55715545089031,-14.0290807207511));
#6017=CARTESIAN_POINT('Ctrl Pts',(2.26840258050725,-0.641222044820368,-14.1560311096214));
#6018=CARTESIAN_POINT('Ctrl Pts',(0.692667285704184,-2.25322613364277,-14.2829814984917));
#6019=CARTESIAN_POINT('Ctrl Pts',(-1.51648615097232,-1.80473979618245,-14.4099318873619));
#6020=CARTESIAN_POINT('Ctrl Pts',(-2.33887012451594,0.294113105220311,-14.5368822762322));
#6021=CARTESIAN_POINT('Ctrl Pts',(-1.02244546810081,2.12401065034422,-14.6638326651024));
#6022=CARTESIAN_POINT('Ctrl Pts',(1.2289670561374,2.01158046146421,-14.7907830539727));
#6023=CARTESIAN_POINT('Ctrl Pts',(2.35653549940266,0.0596357113699295,-14.917733442843));
#6024=CARTESIAN_POINT('Ctrl Pts',(1.32914099278214,-1.94684365045621,-15.0446838317132));
#6025=CARTESIAN_POINT('Ctrl Pts',(-0.913702886591711,-2.17300782627434,
-15.1716342205835));
#6026=CARTESIAN_POINT('Ctrl Pts',(-2.32099989289366,-0.412038196291523,
-15.2985846094538));
#6027=CARTESIAN_POINT('Ctrl Pts',(-1.60582992293213,1.72572484383558,-15.425534998324));
#6028=CARTESIAN_POINT('Ctrl Pts',(0.577811024281326,2.28537751766192,-15.5524853871943));
#6029=CARTESIAN_POINT('Ctrl Pts',(2.23306555436785,0.755138535575681,-15.6794357760645));
#6030=CARTESIAN_POINT('Ctrl Pts',(1.84626574852407,-1.46564619326849,-15.8063861649349));
#6031=CARTESIAN_POINT('Ctrl Pts',(-0.228874540508278,-2.34615268529623,
-15.9333365538051));
#6032=CARTESIAN_POINT('Ctrl Pts',(-2.09471768333065,-1.08119091984599,-16.0602869426754));
#6033=CARTESIAN_POINT('Ctrl Pts',(-2.04502040709617,1.17247921626602,-16.1872373315456));
#6034=CARTESIAN_POINT('Ctrl Pts',(-0.125228998959293,2.35396127322333,-16.3141877204159));
#6035=CARTESIAN_POINT('Ctrl Pts',(1.9090796116882,1.38283441317172,-16.4411381092862));
#6036=CARTESIAN_POINT('Ctrl Pts',(2.19760682731184,-0.852842430093586,-16.5680884981564));
#6037=CARTESIAN_POINT('Ctrl Pts',(0.476505377263579,-2.30862699530575,-16.6950388870267));
#6038=CARTESIAN_POINT('Ctrl Pts',(-1.68034229162358,-1.65325913304501,-16.821989275897));
#6039=CARTESIAN_POINT('Ctrl Pts',(-2.30058022876988,0.513951932585816,-16.9489396647673));
#6040=CARTESIAN_POINT('Ctrl Pts',(-0.817024203340386,2.21117331504601,-17.0758900536375));
#6041=CARTESIAN_POINT('Ctrl Pts',(1.41366968095216,1.88635998981429,-17.2028404425078));
#6042=CARTESIAN_POINT('Ctrl Pts',(2.35161589112693,-0.163458492024293,-17.329790831378));
#6043=CARTESIAN_POINT('Ctrl Pts',(1.13909794787573,-2.06380033994591,-17.4567412202483));
#6044=CARTESIAN_POINT('Ctrl Pts',(-1.11508216196933,-2.07687451476332,-17.5836916091186));
#6045=CARTESIAN_POINT('Ctrl Pts',(-2.34956163682224,-0.190725176074799,
-17.7106419979889));
#6046=CARTESIAN_POINT('Ctrl Pts',(-1.43545549643262,1.86983515203264,-17.8375923868591));
#6047=CARTESIAN_POINT('Ctrl Pts',(0.791320625718916,2.2205016652386,-17.9645427757294));
#6048=CARTESIAN_POINT('Ctrl Pts',(2.29446384255799,0.540603045875238,-18.0914931645996));
#6049=CARTESIAN_POINT('Ctrl Pts',(1.69940630162432,-1.6336566958866,-18.2184435534699));
#6050=CARTESIAN_POINT('Ctrl Pts',(-0.449694290106219,-2.31399892468891,
-18.3453939423402));
#6051=CARTESIAN_POINT('Ctrl Pts',(-2.18756639230213,-0.878276298943454,
-18.4723443312105));
#6052=CARTESIAN_POINT('Ctrl Pts',(-1.92499142844648,1.3605969198933,-18.5992947200807));
#6053=CARTESIAN_POINT('Ctrl Pts',(0.0979156875033855,2.35525550549326,-18.726245108951));
#6054=CARTESIAN_POINT('Ctrl Pts',(2.03128259545049,1.19612164742366,-18.8531954978213));
#6055=CARTESIAN_POINT('Ctrl Pts',(2.10711808277897,-1.05682040254785,-18.9801458866915));
#6056=CARTESIAN_POINT('Ctrl Pts',(0.256073452844635,-2.34334000195528,-19.1070962755618));
#6057=CARTESIAN_POINT('Ctrl Pts',(-1.82914070412182,-1.48696343685388,-19.234046664432));
#6058=CARTESIAN_POINT('Ctrl Pts',(-2.24167458595147,0.729185181359906,-19.3609970533023));
#6059=CARTESIAN_POINT('Ctrl Pts',(-0.604281496746529,2.27852141765342,-19.4879474421726));
#6060=CARTESIAN_POINT('Ctrl Pts',(1.58570425958368,1.74423564324139,-19.6148978310429));
#6061=CARTESIAN_POINT('Ctrl Pts',(2.32562319971482,-0.385087926276268,-19.7418482199131));
#6062=CARTESIAN_POINT('Ctrl Pts',(0.938847323641989,-2.16226309243483,-19.8687986087834));
#6063=CARTESIAN_POINT('Ctrl Pts',(-1.30646906606229,-1.96213010716361,-19.9957489976537));
#6064=CARTESIAN_POINT('Ctrl Pts',(-2.3570687060084,0.0322969529750614,-20.1226993865239));
#6065=CARTESIAN_POINT('Ctrl Pts',(-1.25221779871222,1.99718966615689,-20.2496497753942));
#6066=CARTESIAN_POINT('Ctrl Pts',(0.997739117848971,2.13572765837067,-20.3766001642645));
#6067=CARTESIAN_POINT('Ctrl Pts',(2.33530119327103,0.321223154088354,-20.5035505531347));
#6068=CARTESIAN_POINT('Ctrl Pts',(1.53731829192582,-1.78702782500045,-20.630500942005));
#6069=CARTESIAN_POINT('Ctrl Pts',(-0.666484280763871,-2.2611091706307,-20.7574513308753));
#6070=CARTESIAN_POINT('Ctrl Pts',(-2.26081208335505,-0.667491349585434,
-20.8844017197455));
#6071=CARTESIAN_POINT('Ctrl Pts',(-1.78771239439382,1.5365221680621,-21.0113521086158));
#6072=CARTESIAN_POINT('Ctrl Pts',(0.32018294095032,2.3354440396507,-21.1383024974861));
#6073=CARTESIAN_POINT('Ctrl Pts',(2.13528303722071,0.998690306838441,-21.2652528863563));
#6074=CARTESIAN_POINT('Ctrl Pts',(1.99774722628893,-1.25132809361511,-21.3922032752267));
#6075=CARTESIAN_POINT('Ctrl Pts',(0.0333468266501291,-2.35705408660216,
-21.5191536640968));
#6076=CARTESIAN_POINT('Ctrl Pts',(-1.96154798987545,-1.30734290124325,-21.6461040529672));
#6077=CARTESIAN_POINT('Ctrl Pts',(-2.16268105586683,0.937884123231818,-21.7730544418374));
#6078=CARTESIAN_POINT('Ctrl Pts',(-0.386123758613415,2.32545144456938,-21.9000048307077));
#6079=CARTESIAN_POINT('Ctrl Pts',(1.74352917165443,1.58648101331393,-22.026955219578));
#6080=CARTESIAN_POINT('Ctrl Pts',(2.27879034847203,-0.603266546168686,-22.1539056084482));
#6081=CARTESIAN_POINT('Ctrl Pts',(0.730183587480365,-2.24134957259903,-22.2808559973185));
#6082=CARTESIAN_POINT('Ctrl Pts',(-1.48614856022145,-1.82980284046322,-22.4078063861887));
#6083=CARTESIAN_POINT('Ctrl Pts',(-2.34345382879706,0.255029665552719,-22.534756775059));
#6084=CARTESIAN_POINT('Ctrl Pts',(-1.05775884250459,2.10664714869836,-22.6617071639292));
#6085=CARTESIAN_POINT('Ctrl Pts',(1.19521676234392,2.03181516605908,-22.7886575527996));
#6086=CARTESIAN_POINT('Ctrl Pts',(2.35521165861136,0.0989647470401135,-22.9156079416698));
#6087=CARTESIAN_POINT('Ctrl Pts',(1.36145420753115,-1.9243852054127,-23.0425583305401));
#6088=CARTESIAN_POINT('Ctrl Pts',(-0.877301834038965,-2.18795737390093,
-23.1695087194104));
#6089=CARTESIAN_POINT('Ctrl Pts',(-2.31379839396747,-0.450724938392712,
-23.2964591082806));
#6090=CARTESIAN_POINT('Ctrl Pts',(-1.63441347713952,1.6986784756864,-23.4234094971509));
#6091=CARTESIAN_POINT('Ctrl Pts',(0.539581000597848,2.29470440837364,-23.5503598860211));
#6092=CARTESIAN_POINT('Ctrl Pts',(2.22014897784524,0.792309594911178,-23.6773102748914));
#6093=CARTESIAN_POINT('Ctrl Pts',(1.87047434185976,-1.43462249893827,-23.8042606637617));
#6094=CARTESIAN_POINT('Ctrl Pts',(-0.189678624047567,-2.34964635585762,
-23.931211052632));
#6095=CARTESIAN_POINT('Ctrl Pts',(-2.07637763294406,-1.11600712516774,-24.0581614415022));
#6096=CARTESIAN_POINT('Ctrl Pts',(-2.0643075080422,1.13817858451841,-24.1851118303725));
#6097=CARTESIAN_POINT('Ctrl Pts',(-0.164505923915618,2.35154285077098,-24.3120622192427));
#6098=CARTESIAN_POINT('Ctrl Pts',(1.88573013113841,1.41450975625195,-24.439012608113));
#6099=CARTESIAN_POINT('Ctrl Pts',(2.21153701162002,-0.816039229603296,-24.5659629969833));
#6100=CARTESIAN_POINT('Ctrl Pts',(0.51497659759142,-2.30035107797647,-24.6929133858536));
#6101=CARTESIAN_POINT('Ctrl Pts',(-1.65251051715749,-1.6810785135435,-24.8198637747238));
#6102=CARTESIAN_POINT('Ctrl Pts',(-2.30883900957013,0.475477029845698,-24.9468141635941));
#6103=CARTESIAN_POINT('Ctrl Pts',(-0.853821195445329,2.19722673937252,-25.0737645524643));
#6104=CARTESIAN_POINT('Ctrl Pts',(1.38198394076832,1.90969535933501,-25.2007149413347));
#6105=CARTESIAN_POINT('Ctrl Pts',(2.35401681876722,-0.124180493763329,-25.3276653302049));
#6106=CARTESIAN_POINT('Ctrl Pts',(1.17338998540948,-2.04449796284408,-25.4546157190752));
#6107=CARTESIAN_POINT('Ctrl Pts',(-1.08025779110203,-2.09519905563921,-25.5815661079454));
#6108=CARTESIAN_POINT('Ctrl Pts',(-2.34605050818538,-0.22991953248126,-25.7085164968157));
#6109=CARTESIAN_POINT('Ctrl Pts',(-1.46646840463206,1.84561274258471,-25.835466885686));
#6110=CARTESIAN_POINT('Ctrl Pts',(0.754143816529437,2.23340168398587,-25.9624172745562));
#6111=CARTESIAN_POINT('Ctrl Pts',(2.28511992504252,0.578828911221416,-26.0893676634265));
#6112=CARTESIAN_POINT('Ctrl Pts',(1.72643993446467,-1.60506109724784,-26.2163180522967));
#6113=CARTESIAN_POINT('Ctrl Pts',(-0.411004342186426,-2.32118319190531,
-26.343268441167));
#6114=CARTESIAN_POINT('Ctrl Pts',(-2.17260063633188,-0.914670687756988,
-26.4702188300373));
#6115=CARTESIAN_POINT('Ctrl Pts',(-1.94743547119018,1.32827370240662,-26.5971692189075));
#6116=CARTESIAN_POINT('Ctrl Pts',(0.058586052272256,2.35656183328767,-26.7241196077778));
#6117=CARTESIAN_POINT('Ctrl Pts',(2.01103288624744,1.2298629156034,-26.8510699966481));
#6118=CARTESIAN_POINT('Ctrl Pts',(2.12446580337124,-1.02149927974065,-26.9780203855184));
#6119=CARTESIAN_POINT('Ctrl Pts',(0.295154942653003,-2.33873892389384,-27.1049707743886));
#6120=CARTESIAN_POINT('Ctrl Pts',(-1.80406433189265,-1.51728979595963,-27.2319211632589));
#6121=CARTESIAN_POINT('Ctrl Pts',(-2.25353408761487,0.691663469075243,-27.3588715521292));
#6122=CARTESIAN_POINT('Ctrl Pts',(-0.642233027961008,2.26811698156406,-27.4858219409994));
#6123=CARTESIAN_POINT('Ctrl Pts',(1.55636827689835,1.77046211533314,-27.6127723298697));
#6124=CARTESIAN_POINT('Ctrl Pts',(2.3317249696647,-0.346212078730685,-27.73972271874));
#6125=CARTESIAN_POINT('Ctrl Pts',(0.974815486688776,-2.14629139575427,-27.8666731076102));
#6126=CARTESIAN_POINT('Ctrl Pts',(-1.27354220766872,-1.98366230266625,-27.9936234964805));
#6127=CARTESIAN_POINT('Ctrl Pts',(-2.35726269730953,-0.00705976173361119,
-28.1205738853508));
#6128=CARTESIAN_POINT('Ctrl Pts',(-1.2854140196309,1.97601965589715,-28.2475242742211));
#6129=CARTESIAN_POINT('Ctrl Pts',(0.962009433528749,2.15206350659067,-28.3744746630913));
#6130=CARTESIAN_POINT('Ctrl Pts',(2.32949780080514,0.360202655881377,-28.5014250519616));
#6131=CARTESIAN_POINT('Ctrl Pts',(1.56715567531322,-1.76119546950059,-28.6283754408318));
#6132=CARTESIAN_POINT('Ctrl Pts',(-0.629068664759736,-2.27176916396379,
-28.7553258297021));
#6133=CARTESIAN_POINT('Ctrl Pts',(-2.24854771533581,-0.705425199885325,
-28.8822762185724));
#6134=CARTESIAN_POINT('Ctrl Pts',(-1.81467752046083,1.50701812381296,-29.0092266074426));
#6135=CARTESIAN_POINT('Ctrl Pts',(0.284368164779205,2.33937438938834,-29.1361769963129));
#6136=CARTESIAN_POINT('Ctrl Pts',(1.50167008605803,1.47089706933946,-29.2208105888931));
#6137=CARTESIAN_POINT('Ctrl Pts',(1.79252782880712,0.875140871775527,-29.2631273851832));
#6138=CARTESIAN_POINT('Ctrl Pts',(-1.62477022659427,1.16284204387064,-29.));
#6139=CARTESIAN_POINT('Ctrl Pts',(-1.60125831499891,1.2053578026188,-29.));
#6140=CARTESIAN_POINT('Ctrl Pts',(-1.57614745120243,1.246855515693,-29.));
#6141=CARTESIAN_POINT('Ctrl Pts',(-1.54946314565653,1.28723433706095,-29.));
#6142=CARTESIAN_POINT('Ctrl Pts',(-1.51024891839246,1.34657349711721,-29.));
#6143=CARTESIAN_POINT('Ctrl Pts',(-1.46763932450442,1.40349759307518,-29.));
#6144=CARTESIAN_POINT('Ctrl Pts',(-1.42198714093814,1.45793603263631,-29.));
#6145=CARTESIAN_POINT('Ctrl Pts',(-1.37509517268039,1.51385286684854,-29.));
#6146=CARTESIAN_POINT('Ctrl Pts',(-1.32499267980698,1.56714777949702,-29.));
#6147=CARTESIAN_POINT('Ctrl Pts',(-1.27201137951166,1.61772361784542,-29.));
#6148=CARTESIAN_POINT('Ctrl Pts',(-1.24511434763001,1.64339946817217,-29.));
#6149=CARTESIAN_POINT('Ctrl Pts',(-1.21747460825011,1.66837415445001,-29.));
#6150=CARTESIAN_POINT('Ctrl Pts',(-1.18913137190411,1.69263226431903,-29.));
#6151=CARTESIAN_POINT('Ctrl Pts',(-1.17202350296331,1.70727436655904,-29.));
#6152=CARTESIAN_POINT('Ctrl Pts',(-1.15465927922072,1.72165536198459,-29.));
#6153=CARTESIAN_POINT('Ctrl Pts',(-1.1370468996916,1.73577148589698,-29.));
#6154=CARTESIAN_POINT('Ctrl Pts',(-1.12262574172362,1.74732988165488,-29.));
#6155=CARTESIAN_POINT('Ctrl Pts',(-1.10803277188937,1.75871463500298,-29.));
#6156=CARTESIAN_POINT('Ctrl Pts',(-1.09330174102779,1.76990174236469,-29.));
#6157=CARTESIAN_POINT('Ctrl Pts',(-1.03267351844118,1.81594430663593,-29.));
#6158=CARTESIAN_POINT('Ctrl Pts',(-0.969641887949148,1.85869968088532,-29.));
#6159=CARTESIAN_POINT('Ctrl Pts',(-0.904587480617178,1.89808308440084,-29.));
#6160=CARTESIAN_POINT('Ctrl Pts',(-0.838190527094331,1.93827925434591,-29.));
#6161=CARTESIAN_POINT('Ctrl Pts',(-0.769685774137668,1.97496349172972,-29.));
#6162=CARTESIAN_POINT('Ctrl Pts',(-0.699432080700839,2.00801575884269,-29.));
#6163=CARTESIAN_POINT('Ctrl Pts',(-0.628761580829721,2.04126412094976,-29.));
#6164=CARTESIAN_POINT('Ctrl Pts',(-0.556320470462275,2.0708379247672,-29.));
#6165=CARTESIAN_POINT('Ctrl Pts',(-0.482439896480273,2.09657537703411,-29.));
#6166=CARTESIAN_POINT('Ctrl Pts',(-0.455137648586152,2.10608654166212,-29.));
#6167=CARTESIAN_POINT('Ctrl Pts',(-0.427638553203707,2.11507336276184,-29.));
#6168=CARTESIAN_POINT('Ctrl Pts',(-0.399958519990585,2.1235260454365,-29.));
#6169=CARTESIAN_POINT('Ctrl Pts',(-0.386913197043458,2.12750971028298,-29.));
#6170=CARTESIAN_POINT('Ctrl Pts',(-0.373826345196641,2.13137501265722,-29.));
#6171=CARTESIAN_POINT('Ctrl Pts',(-0.360717194044979,2.13511610410424,-29.));
#6172=CARTESIAN_POINT('Ctrl Pts',(-0.283421428245131,2.15717478090025,-29.));
#6173=CARTESIAN_POINT('Ctrl Pts',(-0.205217897615874,2.1749607892819,-29.));
#6174=CARTESIAN_POINT('Ctrl Pts',(-0.126487962925534,2.18835718564605,-29.));
#6175=CARTESIAN_POINT('Ctrl Pts',(-0.0480634839075209,2.20170160679552,
-29.));
#6176=CARTESIAN_POINT('Ctrl Pts',(0.0308842762518475,2.21069096018696,-29.));
#6177=CARTESIAN_POINT('Ctrl Pts',(0.110006808928084,2.21516743560748,-29.));
#6178=CARTESIAN_POINT('Ctrl Pts',(0.162325020329024,2.2181274165315,-29.));
#6179=CARTESIAN_POINT('Ctrl Pts',(0.214720206506067,2.21911337572482,-29.));
#6180=CARTESIAN_POINT('Ctrl Pts',(0.26709538727336,2.21806768721509,-29.));
#6181=CARTESIAN_POINT('Ctrl Pts',(0.315519211367136,2.21710088890127,-29.));
#6182=CARTESIAN_POINT('Ctrl Pts',(0.363926033082558,2.21439734298746,-29.));
#6183=CARTESIAN_POINT('Ctrl Pts',(0.41225583992741,2.21000359031406,-29.));
#6184=CARTESIAN_POINT('Ctrl Pts',(0.426487899002582,2.20870972734022,-29.));
#6185=CARTESIAN_POINT('Ctrl Pts',(0.440713279987198,2.20726924272499,-29.));
#6186=CARTESIAN_POINT('Ctrl Pts',(0.454930447205782,2.20568319724031,-29.));
#6187=CARTESIAN_POINT('Ctrl Pts',(0.468293370388396,2.20419244991702,-29.));
#6188=CARTESIAN_POINT('Ctrl Pts',(0.481641156554917,2.20257394927834,-29.));
#6189=CARTESIAN_POINT('Ctrl Pts',(0.494966617596226,2.20082987411791,-29.));
#6190=CARTESIAN_POINT('Ctrl Pts',(0.572334507682793,2.19070373927746,-29.));
#6191=CARTESIAN_POINT('Ctrl Pts',(0.649011345103252,2.17634175969258,-29.));
#6192=CARTESIAN_POINT('Ctrl Pts',(0.724744900946395,2.15801295415451,-29.));
#6193=CARTESIAN_POINT('Ctrl Pts',(0.803375357520737,2.13898304948574,-29.));
#6194=CARTESIAN_POINT('Ctrl Pts',(0.8809897126881,2.1156770577131,-29.));
#6195=CARTESIAN_POINT('Ctrl Pts',(0.957313165199722,2.08834019090898,-29.));
#6196=CARTESIAN_POINT('Ctrl Pts',(1.02108766265007,2.06549799909336,-29.));
#6197=CARTESIAN_POINT('Ctrl Pts',(1.08396123463558,2.03984036021297,-29.));
#6198=CARTESIAN_POINT('Ctrl Pts',(1.14577145089081,2.01148247669059,-29.));
#6199=CARTESIAN_POINT('Ctrl Pts',(1.17894541973905,1.99626260525884,-29.));
#6200=CARTESIAN_POINT('Ctrl Pts',(1.21181301623434,1.98026449829044,-29.));
#6201=CARTESIAN_POINT('Ctrl Pts',(1.24434833891673,1.96350318723632,-29.));
#6202=CARTESIAN_POINT('Ctrl Pts',(1.26152281050696,1.95465536779638,-29.));
#6203=CARTESIAN_POINT('Ctrl Pts',(1.27860468287548,1.94559485125274,-29.));
#6204=CARTESIAN_POINT('Ctrl Pts',(1.29559005473128,1.93632364251683,-29.));
#6205=CARTESIAN_POINT('Ctrl Pts',(1.30795235550697,1.92957586731824,-29.));
#6206=CARTESIAN_POINT('Ctrl Pts',(1.32025490290583,1.92272118323109,-29.));
#6207=CARTESIAN_POINT('Ctrl Pts',(1.33249508008826,1.91576155550743,-29.));
#6208=CARTESIAN_POINT('Ctrl Pts',(1.40577804349,1.87409368288099,-29.));
#6209=CARTESIAN_POINT('Ctrl Pts',(1.47684077528172,1.82866023300654,-29.));
#6210=CARTESIAN_POINT('Ctrl Pts',(1.54538821547809,1.7797047488254,-29.));
#6211=CARTESIAN_POINT('Ctrl Pts',(1.61117444943589,1.73272127392638,-29.));
#6212=CARTESIAN_POINT('Ctrl Pts',(1.67464463824551,1.68249314589097,-29.));
#6213=CARTESIAN_POINT('Ctrl Pts',(1.73552484070996,1.62919337210927,-29.));
#6214=CARTESIAN_POINT('Ctrl Pts',(1.75728891699999,1.61013922485172,-29.));
#6215=CARTESIAN_POINT('Ctrl Pts',(1.77872182105732,1.59069216375602,-29.));
#6216=CARTESIAN_POINT('Ctrl Pts',(1.79981035654215,1.57085893657843,-29.));
#6217=CARTESIAN_POINT('Ctrl Pts',(1.81147555477228,1.55988811659254,-29.));
#6218=CARTESIAN_POINT('Ctrl Pts',(1.82302844004905,1.54880563364024,-29.));
#6219=CARTESIAN_POINT('Ctrl Pts',(1.83446581742125,1.53761428075648,-29.));
#6220=CARTESIAN_POINT('Ctrl Pts',(1.89623420869222,1.47717456269174,-29.));
#6221=CARTESIAN_POINT('Ctrl Pts',(1.95464748166377,1.41355198703971,-29.));
#6222=CARTESIAN_POINT('Ctrl Pts',(2.00938998935647,1.34697075134279,-29.));
#6223=CARTESIAN_POINT('Ctrl Pts',(2.06333781394861,1.28135605855836,-29.));
#6224=CARTESIAN_POINT('Ctrl Pts',(2.11372151832336,1.21286744459342,-29.));
#6225=CARTESIAN_POINT('Ctrl Pts',(2.16021089399551,1.14167804643442,-29.));
#6226=CARTESIAN_POINT('Ctrl Pts',(2.17453930652432,1.11973688138859,-29.));
#6227=CARTESIAN_POINT('Ctrl Pts',(2.18849753466442,1.09753889296906,-29.));
#6228=CARTESIAN_POINT('Ctrl Pts',(2.20207516956608,1.0750884603513,-29.));
#6229=CARTESIAN_POINT('Origin',(0.,0.,-16.5));
#6230=CARTESIAN_POINT('Origin',(0.,0.,-29.));
#6231=CARTESIAN_POINT('Origin',(-1.80750038301197E-15,0.,-29.));
#6232=UNCERTAINTY_MEASURE_WITH_UNIT(LENGTH_MEASURE(0.01),#6236,
'DISTANCE_ACCURACY_VALUE',
'Maximum model space distance between geometric entities at asserted c
onnectivities');
#6233=UNCERTAINTY_MEASURE_WITH_UNIT(LENGTH_MEASURE(0.01),#6236,
'DISTANCE_ACCURACY_VALUE',
'Maximum model space distance between geometric entities at asserted c
onnectivities');
#6234=(
GEOMETRIC_REPRESENTATION_CONTEXT(3)
GLOBAL_UNCERTAINTY_ASSIGNED_CONTEXT((#6232))
GLOBAL_UNIT_ASSIGNED_CONTEXT((#6236,#6238,#6239))
REPRESENTATION_CONTEXT('','3D')
);
#6235=(
GEOMETRIC_REPRESENTATION_CONTEXT(3)
GLOBAL_UNCERTAINTY_ASSIGNED_CONTEXT((#6233))
GLOBAL_UNIT_ASSIGNED_CONTEXT((#6236,#6238,#6239))
REPRESENTATION_CONTEXT('','3D')
);
#6236=(
LENGTH_UNIT()
NAMED_UNIT(*)
SI_UNIT(.MILLI.,.METRE.)
);
#6237=(
LENGTH_UNIT()
NAMED_UNIT(*)
SI_UNIT($,.METRE.)
);
#6238=(
NAMED_UNIT(*)
PLANE_ANGLE_UNIT()
SI_UNIT($,.RADIAN.)
);
#6239=(
NAMED_UNIT(*)
SI_UNIT($,.STERADIAN.)
SOLID_ANGLE_UNIT()
);
#6240=SHAPE_DEFINITION_REPRESENTATION(#6241,#6242);
#6241=PRODUCT_DEFINITION_SHAPE('',$,#6244);
#6242=SHAPE_REPRESENTATION('',(#1500),#6234);
#6243=PRODUCT_DEFINITION_CONTEXT('part definition',#6248,'design');
#6244=PRODUCT_DEFINITION('5 x 10 Allen','5 x 10 Allen v3',#6245,#6243);
#6245=PRODUCT_DEFINITION_FORMATION('',$,#6250);
#6246=PRODUCT_RELATED_PRODUCT_CATEGORY('5 x 10 Allen v3',
'5 x 10 Allen v3',(#6250));
#6247=APPLICATION_PROTOCOL_DEFINITION('international standard',
'automotive_design',2009,#6248);
#6248=APPLICATION_CONTEXT(
'Core Data for Automotive Mechanical Design Process');
#6249=PRODUCT_CONTEXT('part definition',#6248,'mechanical');
#6250=PRODUCT('5 x 10 Allen','5 x 10 Allen v3',$,(#6249));
#6251=PRESENTATION_STYLE_ASSIGNMENT((#6252));
#6252=SURFACE_STYLE_USAGE(.BOTH.,#6253);
#6253=SURFACE_SIDE_STYLE('',(#6254));
#6254=SURFACE_STYLE_FILL_AREA(#6255);
#6255=FILL_AREA_STYLE('Steel - Satin',(#6256));
#6256=FILL_AREA_STYLE_COLOUR('Steel - Satin',#6257);
#6257=COLOUR_RGB('Steel - Satin',0.627450980392157,0.627450980392157,0.627450980392157);
ENDSEC;
END-ISO-10303-21;
