ISO-10303-21;
HEADER;
/* Generated by software containing ST-Developer
 * from STEP Tools, Inc. (www.steptools.com) 
 */

FILE_DESCRIPTION(
/* description */ (''),
/* implementation_level */ '2;1');

FILE_NAME(
/* name */ '7 x 25 Allen Bolt.step',
/* time_stamp */ '2025-07-09T19:48:28+05:30',
/* author */ (''),
/* organization */ (''),
/* preprocessor_version */ 'ST-DEVELOPER v20.1',
/* originating_system */ 'Autodesk Translation Framework v14.10.0.0',
/* authorisation */ '');

FILE_SCHEMA (('AUTOMOTIVE_DESIGN { 1 0 10303 214 3 1 1 }'));
ENDSEC;

DATA;
#10=MECHANICAL_DESIGN_GEOMETRIC_PRESENTATION_REPRESENTATION('',(#13),#5162);
#11=SHAPE_REPRESENTATION_RELATIONSHIP('SRR','None',#5169,#12);
#12=ADVANCED_BREP_SHAPE_REPRESENTATION('',(#14),#5161);
#13=STYLED_ITEM('',(#5178),#14);
#14=MANIFOLD_SOLID_BREP('Body1',#1240);
#15=B_SPLINE_SURFACE_WITH_KNOTS('',3,3,((#3621,#3622,#3623,#3624,#3625,
#3626,#3627,#3628,#3629,#3630,#3631,#3632,#3633,#3634,#3635,#3636,#3637,
#3638,#3639,#3640,#3641,#3642,#3643,#3644,#3645,#3646,#3647,#3648,#3649,
#3650,#3651,#3652,#3653,#3654,#3655,#3656,#3657,#3658,#3659,#3660,#3661,
#3662,#3663,#3664,#3665,#3666,#3667,#3668,#3669,#3670,#3671,#3672,#3673,
#3674,#3675,#3676,#3677,#3678,#3679,#3680,#3681,#3682,#3683,#3684,#3685,
#3686,#3687,#3688,#3689,#3690,#3691,#3692,#3693,#3694,#3695,#3696,#3697,
#3698,#3699,#3700,#3701,#3702,#3703,#3704,#3705,#3706,#3707,#3708,#3709,
#3710,#3711,#3712,#3713,#3714,#3715,#3716,#3717,#3718,#3719,#3720,#3721,
#3722,#3723,#3724,#3725,#3726,#3727,#3728,#3729,#3730,#3731,#3732,#3733,
#3734,#3735,#3736,#3737,#3738,#3739,#3740,#3741,#3742,#3743,#3744,#3745,
#3746,#3747,#3748,#3749,#3750,#3751,#3752,#3753,#3754,#3755,#3756,#3757,
#3758,#3759,#3760,#3761,#3762,#3763,#3764,#3765,#3766,#3767,#3768,#3769,
#3770,#3771,#3772,#3773,#3774,#3775,#3776,#3777,#3778,#3779,#3780,#3781,
#3782,#3783),(#3784,#3785,#3786,#3787,#3788,#3789,#3790,#3791,#3792,#3793,
#3794,#3795,#3796,#3797,#3798,#3799,#3800,#3801,#3802,#3803,#3804,#3805,
#3806,#3807,#3808,#3809,#3810,#3811,#3812,#3813,#3814,#3815,#3816,#3817,
#3818,#3819,#3820,#3821,#3822,#3823,#3824,#3825,#3826,#3827,#3828,#3829,
#3830,#3831,#3832,#3833,#3834,#3835,#3836,#3837,#3838,#3839,#3840,#3841,
#3842,#3843,#3844,#3845,#3846,#3847,#3848,#3849,#3850,#3851,#3852,#3853,
#3854,#3855,#3856,#3857,#3858,#3859,#3860,#3861,#3862,#3863,#3864,#3865,
#3866,#3867,#3868,#3869,#3870,#3871,#3872,#3873,#3874,#3875,#3876,#3877,
#3878,#3879,#3880,#3881,#3882,#3883,#3884,#3885,#3886,#3887,#3888,#3889,
#3890,#3891,#3892,#3893,#3894,#3895,#3896,#3897,#3898,#3899,#3900,#3901,
#3902,#3903,#3904,#3905,#3906,#3907,#3908,#3909,#3910,#3911,#3912,#3913,
#3914,#3915,#3916,#3917,#3918,#3919,#3920,#3921,#3922,#3923,#3924,#3925,
#3926,#3927,#3928,#3929,#3930,#3931,#3932,#3933,#3934,#3935,#3936,#3937,
#3938,#3939,#3940,#3941,#3942,#3943,#3944,#3945,#3946),(#3947,#3948,#3949,
#3950,#3951,#3952,#3953,#3954,#3955,#3956,#3957,#3958,#3959,#3960,#3961,
#3962,#3963,#3964,#3965,#3966,#3967,#3968,#3969,#3970,#3971,#3972,#3973,
#3974,#3975,#3976,#3977,#3978,#3979,#3980,#3981,#3982,#3983,#3984,#3985,
#3986,#3987,#3988,#3989,#3990,#3991,#3992,#3993,#3994,#3995,#3996,#3997,
#3998,#3999,#4000,#4001,#4002,#4003,#4004,#4005,#4006,#4007,#4008,#4009,
#4010,#4011,#4012,#4013,#4014,#4015,#4016,#4017,#4018,#4019,#4020,#4021,
#4022,#4023,#4024,#4025,#4026,#4027,#4028,#4029,#4030,#4031,#4032,#4033,
#4034,#4035,#4036,#4037,#4038,#4039,#4040,#4041,#4042,#4043,#4044,#4045,
#4046,#4047,#4048,#4049,#4050,#4051,#4052,#4053,#4054,#4055,#4056,#4057,
#4058,#4059,#4060,#4061,#4062,#4063,#4064,#4065,#4066,#4067,#4068,#4069,
#4070,#4071,#4072,#4073,#4074,#4075,#4076,#4077,#4078,#4079,#4080,#4081,
#4082,#4083,#4084,#4085,#4086,#4087,#4088,#4089,#4090,#4091,#4092,#4093,
#4094,#4095,#4096,#4097,#4098,#4099,#4100,#4101,#4102,#4103,#4104,#4105,
#4106,#4107,#4108,#4109),(#4110,#4111,#4112,#4113,#4114,#4115,#4116,#4117,
#4118,#4119,#4120,#4121,#4122,#4123,#4124,#4125,#4126,#4127,#4128,#4129,
#4130,#4131,#4132,#4133,#4134,#4135,#4136,#4137,#4138,#4139,#4140,#4141,
#4142,#4143,#4144,#4145,#4146,#4147,#4148,#4149,#4150,#4151,#4152,#4153,
#4154,#4155,#4156,#4157,#4158,#4159,#4160,#4161,#4162,#4163,#4164,#4165,
#4166,#4167,#4168,#4169,#4170,#4171,#4172,#4173,#4174,#4175,#4176,#4177,
#4178,#4179,#4180,#4181,#4182,#4183,#4184,#4185,#4186,#4187,#4188,#4189,
#4190,#4191,#4192,#4193,#4194,#4195,#4196,#4197,#4198,#4199,#4200,#4201,
#4202,#4203,#4204,#4205,#4206,#4207,#4208,#4209,#4210,#4211,#4212,#4213,
#4214,#4215,#4216,#4217,#4218,#4219,#4220,#4221,#4222,#4223,#4224,#4225,
#4226,#4227,#4228,#4229,#4230,#4231,#4232,#4233,#4234,#4235,#4236,#4237,
#4238,#4239,#4240,#4241,#4242,#4243,#4244,#4245,#4246,#4247,#4248,#4249,
#4250,#4251,#4252,#4253,#4254,#4255,#4256,#4257,#4258,#4259,#4260,#4261,
#4262,#4263,#4264,#4265,#4266,#4267,#4268,#4269,#4270,#4271,#4272)),
 .UNSPECIFIED.,.F.,.F.,.F.,(4,4),(4,1,1,1,1,1,1,1,1,1,1,1,1,1,1,1,1,1,1,
1,1,1,1,1,1,1,1,1,1,1,1,1,1,1,1,1,1,1,1,1,1,1,1,1,1,1,1,1,1,1,1,1,1,1,1,
1,1,1,1,1,1,1,1,1,1,1,1,1,1,1,1,1,1,1,1,1,1,1,1,1,1,1,1,1,1,1,1,1,1,1,1,
1,1,1,1,1,1,1,1,1,1,1,1,1,1,1,1,1,1,1,1,1,1,1,1,1,1,1,1,1,1,1,1,1,1,1,1,
1,1,1,1,1,1,1,1,1,1,1,1,1,1,1,1,1,1,1,1,1,1,1,1,1,1,1,1,1,1,1,1,1,4),(0.,
0.0658467982010768),(8.30747755240112,9.30215424524112,10.2968309380811,
11.2915076309211,12.2861843237611,13.2808610166011,14.2755377094411,15.2702144022811,
16.2648910951211,17.2595677879611,18.254244480801,19.248921173641,20.243597866481,
21.238274559321,22.232951252161,23.227627945001,24.222304637841,25.216981330681,
26.211658023521,27.206334716361,28.201011409201,29.195688102041,30.190364794881,
31.185041487721,32.1797181805609,33.1743948734009,34.1690715662409,35.1637482590809,
36.1584249519209,37.1531016447609,38.1477783376009,39.1424550304409,40.1371317232809,
41.1318084161209,42.1264851089609,43.1211618018009,44.1158384946409,45.1105151874808,
46.1051918803208,47.0998685731608,48.0945452660008,49.0892219588408,50.0838986516808,
51.0785753445208,52.0732520373608,53.0679287302008,54.0626054230408,55.0572821158808,
56.0519588087208,57.0466355015608,58.0413121944008,59.0359888872407,60.0306655800807,
61.0253422729207,62.0200189657607,63.0146956586007,64.0093723514407,65.0040490442807,
65.9987257371207,66.9934024299607,67.9880791228007,68.9827558156407,69.9774325084807,
70.9721092013206,71.9667858941607,72.9614625870006,73.9561392798406,74.9508159726806,
75.9454926655206,76.9401693583606,77.9348460512006,78.9295227440406,79.9241994368806,
80.9188761297206,81.9135528225606,82.9082295154006,83.9029062082406,84.8975829010806,
85.8922595939205,86.8869362867605,87.8816129796005,88.8762896724405,89.8709663652805,
90.8656430581205,91.8603197509605,92.8549964438005,93.8496731366405,94.8443498294805,
95.8390265223205,96.8337032151605,97.8283799080005,98.8230566008404,99.8177332936804,
100.81240998652,101.80708667936,102.8017633722,103.79644006504,104.79111675788,
105.78579345072,106.78047014356,107.7751468364,108.76982352924,109.76450022208,
110.75917691492,111.75385360776,112.7485303006,113.74320699344,114.73788368628,
115.73256037912,116.72723707196,117.7219137648,118.71659045764,119.71126715048,
120.70594384332,121.70062053616,122.695297229,123.68997392184,124.68465061468,
125.67932730752,126.67400400036,127.6686806932,128.66335738604,129.65803407888,
130.65271077172,131.64738746456,132.6420641574,133.63674085024,134.63141754308,
135.62609423592,136.62077092876,137.6154476216,138.61012431444,139.60480100728,
140.59947770012,141.59415439296,142.5888310858,143.58350777864,144.57818447148,
145.57286116432,146.56753785716,147.56221455,148.55689124284,149.55156793568,
150.54624462852,151.54092132136,152.5355980142,153.53027470704,154.52495139988,
155.51962809272,156.51430478556,157.5089814784,158.50365817124,159.49833486408,
160.49301155692,161.48768824976,162.4823649426,163.47704163544,164.47171832828,
165.46639502112,166.46107171396,167.4557484068),.UNSPECIFIED.);
#16=B_SPLINE_SURFACE_WITH_KNOTS('',3,3,((#4402,#4403,#4404,#4405,#4406,
#4407,#4408,#4409,#4410,#4411,#4412,#4413,#4414,#4415,#4416,#4417,#4418,
#4419,#4420,#4421,#4422,#4423,#4424,#4425,#4426,#4427,#4428,#4429,#4430,
#4431,#4432,#4433,#4434,#4435,#4436,#4437,#4438,#4439,#4440,#4441,#4442,
#4443,#4444,#4445,#4446,#4447,#4448,#4449,#4450,#4451,#4452,#4453,#4454,
#4455,#4456,#4457,#4458,#4459,#4460,#4461,#4462,#4463,#4464,#4465,#4466,
#4467,#4468,#4469,#4470,#4471,#4472,#4473,#4474,#4475,#4476,#4477,#4478,
#4479,#4480,#4481,#4482,#4483,#4484,#4485,#4486,#4487,#4488,#4489,#4490,
#4491,#4492,#4493,#4494,#4495,#4496,#4497,#4498,#4499,#4500,#4501,#4502,
#4503,#4504,#4505,#4506,#4507,#4508,#4509,#4510,#4511,#4512,#4513,#4514,
#4515,#4516,#4517,#4518,#4519,#4520,#4521,#4522,#4523,#4524,#4525,#4526,
#4527,#4528,#4529,#4530,#4531,#4532,#4533,#4534,#4535,#4536,#4537,#4538,
#4539,#4540,#4541,#4542,#4543,#4544,#4545,#4546,#4547,#4548,#4549,#4550,
#4551,#4552,#4553,#4554,#4555,#4556,#4557,#4558,#4559,#4560,#4561,#4562,
#4563,#4564),(#4565,#4566,#4567,#4568,#4569,#4570,#4571,#4572,#4573,#4574,
#4575,#4576,#4577,#4578,#4579,#4580,#4581,#4582,#4583,#4584,#4585,#4586,
#4587,#4588,#4589,#4590,#4591,#4592,#4593,#4594,#4595,#4596,#4597,#4598,
#4599,#4600,#4601,#4602,#4603,#4604,#4605,#4606,#4607,#4608,#4609,#4610,
#4611,#4612,#4613,#4614,#4615,#4616,#4617,#4618,#4619,#4620,#4621,#4622,
#4623,#4624,#4625,#4626,#4627,#4628,#4629,#4630,#4631,#4632,#4633,#4634,
#4635,#4636,#4637,#4638,#4639,#4640,#4641,#4642,#4643,#4644,#4645,#4646,
#4647,#4648,#4649,#4650,#4651,#4652,#4653,#4654,#4655,#4656,#4657,#4658,
#4659,#4660,#4661,#4662,#4663,#4664,#4665,#4666,#4667,#4668,#4669,#4670,
#4671,#4672,#4673,#4674,#4675,#4676,#4677,#4678,#4679,#4680,#4681,#4682,
#4683,#4684,#4685,#4686,#4687,#4688,#4689,#4690,#4691,#4692,#4693,#4694,
#4695,#4696,#4697,#4698,#4699,#4700,#4701,#4702,#4703,#4704,#4705,#4706,
#4707,#4708,#4709,#4710,#4711,#4712,#4713,#4714,#4715,#4716,#4717,#4718,
#4719,#4720,#4721,#4722,#4723,#4724,#4725,#4726,#4727),(#4728,#4729,#4730,
#4731,#4732,#4733,#4734,#4735,#4736,#4737,#4738,#4739,#4740,#4741,#4742,
#4743,#4744,#4745,#4746,#4747,#4748,#4749,#4750,#4751,#4752,#4753,#4754,
#4755,#4756,#4757,#4758,#4759,#4760,#4761,#4762,#4763,#4764,#4765,#4766,
#4767,#4768,#4769,#4770,#4771,#4772,#4773,#4774,#4775,#4776,#4777,#4778,
#4779,#4780,#4781,#4782,#4783,#4784,#4785,#4786,#4787,#4788,#4789,#4790,
#4791,#4792,#4793,#4794,#4795,#4796,#4797,#4798,#4799,#4800,#4801,#4802,
#4803,#4804,#4805,#4806,#4807,#4808,#4809,#4810,#4811,#4812,#4813,#4814,
#4815,#4816,#4817,#4818,#4819,#4820,#4821,#4822,#4823,#4824,#4825,#4826,
#4827,#4828,#4829,#4830,#4831,#4832,#4833,#4834,#4835,#4836,#4837,#4838,
#4839,#4840,#4841,#4842,#4843,#4844,#4845,#4846,#4847,#4848,#4849,#4850,
#4851,#4852,#4853,#4854,#4855,#4856,#4857,#4858,#4859,#4860,#4861,#4862,
#4863,#4864,#4865,#4866,#4867,#4868,#4869,#4870,#4871,#4872,#4873,#4874,
#4875,#4876,#4877,#4878,#4879,#4880,#4881,#4882,#4883,#4884,#4885,#4886,
#4887,#4888,#4889,#4890),(#4891,#4892,#4893,#4894,#4895,#4896,#4897,#4898,
#4899,#4900,#4901,#4902,#4903,#4904,#4905,#4906,#4907,#4908,#4909,#4910,
#4911,#4912,#4913,#4914,#4915,#4916,#4917,#4918,#4919,#4920,#4921,#4922,
#4923,#4924,#4925,#4926,#4927,#4928,#4929,#4930,#4931,#4932,#4933,#4934,
#4935,#4936,#4937,#4938,#4939,#4940,#4941,#4942,#4943,#4944,#4945,#4946,
#4947,#4948,#4949,#4950,#4951,#4952,#4953,#4954,#4955,#4956,#4957,#4958,
#4959,#4960,#4961,#4962,#4963,#4964,#4965,#4966,#4967,#4968,#4969,#4970,
#4971,#4972,#4973,#4974,#4975,#4976,#4977,#4978,#4979,#4980,#4981,#4982,
#4983,#4984,#4985,#4986,#4987,#4988,#4989,#4990,#4991,#4992,#4993,#4994,
#4995,#4996,#4997,#4998,#4999,#5000,#5001,#5002,#5003,#5004,#5005,#5006,
#5007,#5008,#5009,#5010,#5011,#5012,#5013,#5014,#5015,#5016,#5017,#5018,
#5019,#5020,#5021,#5022,#5023,#5024,#5025,#5026,#5027,#5028,#5029,#5030,
#5031,#5032,#5033,#5034,#5035,#5036,#5037,#5038,#5039,#5040,#5041,#5042,
#5043,#5044,#5045,#5046,#5047,#5048,#5049,#5050,#5051,#5052,#5053)),
 .UNSPECIFIED.,.F.,.F.,.F.,(4,4),(4,1,1,1,1,1,1,1,1,1,1,1,1,1,1,1,1,1,1,
1,1,1,1,1,1,1,1,1,1,1,1,1,1,1,1,1,1,1,1,1,1,1,1,1,1,1,1,1,1,1,1,1,1,1,1,
1,1,1,1,1,1,1,1,1,1,1,1,1,1,1,1,1,1,1,1,1,1,1,1,1,1,1,1,1,1,1,1,1,1,1,1,
1,1,1,1,1,1,1,1,1,1,1,1,1,1,1,1,1,1,1,1,1,1,1,1,1,1,1,1,1,1,1,1,1,1,1,1,
1,1,1,1,1,1,1,1,1,1,1,1,1,1,1,1,1,1,1,1,1,1,1,1,1,1,1,1,1,1,1,1,1,4),(0.,
0.0658467982010768),(11.6150328478183,12.6097095406583,13.6043862334983,
14.5990629263383,15.5937396191783,16.5884163120183,17.5830930048583,18.5777696976983,
19.5724463905383,20.5671230833783,21.5617997762183,22.5564764690583,23.5511531618983,
24.5458298547383,25.5405065475782,26.5351832404182,27.5298599332582,28.5245366260982,
29.5192133189382,30.5138900117782,31.5085667046182,32.5032433974582,33.4979200902982,
34.4925967831382,35.4872734759782,36.4819501688182,37.4766268616581,38.4713035544981,
39.4659802473381,40.4606569401781,41.4553336330181,42.4500103258581,43.4446870186981,
44.4393637115381,45.4340404043781,46.4287170972181,47.4233937900581,48.4180704828981,
49.4127471757381,50.4074238685781,51.402100561418,52.396777254258,53.391453947098,
54.386130639938,55.380807332778,56.375484025618,57.370160718458,58.364837411298,
59.359514104138,60.354190796978,61.348867489818,62.343544182658,63.338220875498,
64.3328975683379,65.3275742611779,66.3222509540179,67.3169276468579,68.3116043396979,
69.3062810325379,70.3009577253779,71.2956344182179,72.2903111110579,73.2849878038979,
74.2796644967379,75.2743411895779,76.2690178824178,77.2636945752579,78.2583712680978,
79.2530479609378,80.2477246537778,81.2424013466178,82.2370780394578,83.2317547322978,
84.2264314251378,85.2211081179778,86.2157848108178,87.2104615036578,88.2051381964978,
89.1998148893377,90.1944915821777,91.1891682750177,92.1838449678577,93.1785216606977,
94.1731983535377,95.1678750463777,96.1625517392177,97.1572284320577,98.1519051248977,
99.1465818177377,100.141258510578,101.135935203418,102.130611896258,103.125288589098,
104.119965281938,105.114641974778,106.109318667618,107.103995360458,108.098672053298,
109.093348746138,110.088025438978,111.082702131818,112.077378824658,113.072055517498,
114.066732210338,115.061408903178,116.056085596018,117.050762288858,118.045438981698,
119.040115674538,120.034792367378,121.029469060218,122.024145753057,123.018822445897,
124.013499138738,125.008175831577,126.002852524417,126.997529217257,127.992205910097,
128.986882602937,129.981559295777,130.976235988617,131.970912681457,132.965589374297,
133.960266067137,134.954942759977,135.949619452817,136.944296145657,137.938972838497,
138.933649531337,139.928326224177,140.923002917017,141.917679609857,142.912356302697,
143.907032995537,144.901709688377,145.896386381217,146.891063074057,147.885739766897,
148.880416459737,149.875093152577,150.869769845417,151.864446538257,152.859123231097,
153.853799923937,154.848476616777,155.843153309617,156.837830002457,157.832506695297,
158.827183388137,159.821860080977,160.816536773817,161.811213466657,162.805890159497,
163.800566852337,164.795243545177,165.789920238017,166.784596930857,167.779273623697,
168.773950316537,169.768627009377,170.763303702217),.UNSPECIFIED.);
#17=FACE_BOUND('',#151,.T.);
#18=FACE_BOUND('',#154,.T.);
#19=PLANE('',#1313);
#20=PLANE('',#1317);
#21=PLANE('',#1318);
#22=PLANE('',#1319);
#23=PLANE('',#1320);
#24=PLANE('',#1321);
#25=PLANE('',#1322);
#26=PLANE('',#1323);
#27=PLANE('',#1324);
#28=PLANE('',#1328);
#29=CONICAL_SURFACE('',#1306,5.85,0.78539816339744);
#30=CONICAL_SURFACE('',#1315,5.85,0.785398163397449);
#31=FACE_OUTER_BOUND('',#98,.T.);
#32=FACE_OUTER_BOUND('',#99,.T.);
#33=FACE_OUTER_BOUND('',#100,.T.);
#34=FACE_OUTER_BOUND('',#101,.T.);
#35=FACE_OUTER_BOUND('',#102,.T.);
#36=FACE_OUTER_BOUND('',#103,.T.);
#37=FACE_OUTER_BOUND('',#104,.T.);
#38=FACE_OUTER_BOUND('',#105,.T.);
#39=FACE_OUTER_BOUND('',#106,.T.);
#40=FACE_OUTER_BOUND('',#107,.T.);
#41=FACE_OUTER_BOUND('',#108,.T.);
#42=FACE_OUTER_BOUND('',#109,.T.);
#43=FACE_OUTER_BOUND('',#110,.T.);
#44=FACE_OUTER_BOUND('',#111,.T.);
#45=FACE_OUTER_BOUND('',#112,.T.);
#46=FACE_OUTER_BOUND('',#113,.T.);
#47=FACE_OUTER_BOUND('',#114,.T.);
#48=FACE_OUTER_BOUND('',#115,.T.);
#49=FACE_OUTER_BOUND('',#116,.T.);
#50=FACE_OUTER_BOUND('',#117,.T.);
#51=FACE_OUTER_BOUND('',#118,.T.);
#52=FACE_OUTER_BOUND('',#119,.T.);
#53=FACE_OUTER_BOUND('',#120,.T.);
#54=FACE_OUTER_BOUND('',#121,.T.);
#55=FACE_OUTER_BOUND('',#122,.T.);
#56=FACE_OUTER_BOUND('',#123,.T.);
#57=FACE_OUTER_BOUND('',#124,.T.);
#58=FACE_OUTER_BOUND('',#125,.T.);
#59=FACE_OUTER_BOUND('',#126,.T.);
#60=FACE_OUTER_BOUND('',#127,.T.);
#61=FACE_OUTER_BOUND('',#128,.T.);
#62=FACE_OUTER_BOUND('',#129,.T.);
#63=FACE_OUTER_BOUND('',#130,.T.);
#64=FACE_OUTER_BOUND('',#131,.T.);
#65=FACE_OUTER_BOUND('',#132,.T.);
#66=FACE_OUTER_BOUND('',#133,.T.);
#67=FACE_OUTER_BOUND('',#134,.T.);
#68=FACE_OUTER_BOUND('',#135,.T.);
#69=FACE_OUTER_BOUND('',#136,.T.);
#70=FACE_OUTER_BOUND('',#137,.T.);
#71=FACE_OUTER_BOUND('',#138,.T.);
#72=FACE_OUTER_BOUND('',#139,.T.);
#73=FACE_OUTER_BOUND('',#140,.T.);
#74=FACE_OUTER_BOUND('',#141,.T.);
#75=FACE_OUTER_BOUND('',#142,.T.);
#76=FACE_OUTER_BOUND('',#143,.T.);
#77=FACE_OUTER_BOUND('',#144,.T.);
#78=FACE_OUTER_BOUND('',#145,.T.);
#79=FACE_OUTER_BOUND('',#146,.T.);
#80=FACE_OUTER_BOUND('',#147,.T.);
#81=FACE_OUTER_BOUND('',#148,.T.);
#82=FACE_OUTER_BOUND('',#149,.T.);
#83=FACE_OUTER_BOUND('',#150,.T.);
#84=FACE_OUTER_BOUND('',#152,.T.);
#85=FACE_OUTER_BOUND('',#153,.T.);
#86=FACE_OUTER_BOUND('',#155,.T.);
#87=FACE_OUTER_BOUND('',#156,.T.);
#88=FACE_OUTER_BOUND('',#157,.T.);
#89=FACE_OUTER_BOUND('',#158,.T.);
#90=FACE_OUTER_BOUND('',#159,.T.);
#91=FACE_OUTER_BOUND('',#160,.T.);
#92=FACE_OUTER_BOUND('',#161,.T.);
#93=FACE_OUTER_BOUND('',#162,.T.);
#94=FACE_OUTER_BOUND('',#163,.T.);
#95=FACE_OUTER_BOUND('',#164,.T.);
#96=FACE_OUTER_BOUND('',#165,.T.);
#97=FACE_OUTER_BOUND('',#166,.T.);
#98=EDGE_LOOP('',(#742,#743,#744,#745));
#99=EDGE_LOOP('',(#746,#747,#748,#749));
#100=EDGE_LOOP('',(#750,#751,#752,#753));
#101=EDGE_LOOP('',(#754,#755,#756,#757));
#102=EDGE_LOOP('',(#758,#759,#760,#761));
#103=EDGE_LOOP('',(#762,#763,#764,#765));
#104=EDGE_LOOP('',(#766,#767,#768,#769));
#105=EDGE_LOOP('',(#770,#771,#772,#773));
#106=EDGE_LOOP('',(#774,#775,#776,#777));
#107=EDGE_LOOP('',(#778,#779,#780,#781));
#108=EDGE_LOOP('',(#782,#783,#784,#785));
#109=EDGE_LOOP('',(#786,#787,#788,#789));
#110=EDGE_LOOP('',(#790,#791,#792,#793));
#111=EDGE_LOOP('',(#794,#795,#796,#797));
#112=EDGE_LOOP('',(#798,#799,#800,#801));
#113=EDGE_LOOP('',(#802,#803,#804,#805));
#114=EDGE_LOOP('',(#806,#807,#808,#809));
#115=EDGE_LOOP('',(#810,#811,#812,#813));
#116=EDGE_LOOP('',(#814,#815,#816,#817));
#117=EDGE_LOOP('',(#818,#819,#820,#821));
#118=EDGE_LOOP('',(#822,#823,#824,#825));
#119=EDGE_LOOP('',(#826,#827,#828,#829));
#120=EDGE_LOOP('',(#830,#831,#832,#833));
#121=EDGE_LOOP('',(#834,#835,#836,#837));
#122=EDGE_LOOP('',(#838,#839,#840,#841));
#123=EDGE_LOOP('',(#842,#843,#844,#845));
#124=EDGE_LOOP('',(#846,#847,#848,#849));
#125=EDGE_LOOP('',(#850,#851,#852,#853));
#126=EDGE_LOOP('',(#854,#855,#856,#857));
#127=EDGE_LOOP('',(#858,#859,#860,#861));
#128=EDGE_LOOP('',(#862,#863,#864,#865));
#129=EDGE_LOOP('',(#866,#867,#868,#869));
#130=EDGE_LOOP('',(#870,#871,#872,#873));
#131=EDGE_LOOP('',(#874,#875,#876,#877));
#132=EDGE_LOOP('',(#878,#879,#880,#881));
#133=EDGE_LOOP('',(#882,#883,#884,#885));
#134=EDGE_LOOP('',(#886,#887,#888,#889));
#135=EDGE_LOOP('',(#890,#891,#892,#893));
#136=EDGE_LOOP('',(#894,#895,#896,#897));
#137=EDGE_LOOP('',(#898,#899,#900,#901));
#138=EDGE_LOOP('',(#902,#903,#904,#905));
#139=EDGE_LOOP('',(#906,#907,#908,#909));
#140=EDGE_LOOP('',(#910,#911,#912,#913));
#141=EDGE_LOOP('',(#914,#915,#916,#917));
#142=EDGE_LOOP('',(#918,#919,#920,#921));
#143=EDGE_LOOP('',(#922,#923,#924,#925));
#144=EDGE_LOOP('',(#926,#927,#928,#929));
#145=EDGE_LOOP('',(#930,#931,#932,#933));
#146=EDGE_LOOP('',(#934,#935,#936,#937));
#147=EDGE_LOOP('',(#938,#939,#940,#941));
#148=EDGE_LOOP('',(#942,#943,#944,#945,#946));
#149=EDGE_LOOP('',(#947,#948,#949,#950,#951,#952));
#150=EDGE_LOOP('',(#953));
#151=EDGE_LOOP('',(#954,#955,#956,#957));
#152=EDGE_LOOP('',(#958,#959,#960,#961,#962));
#153=EDGE_LOOP('',(#963));
#154=EDGE_LOOP('',(#964,#965,#966,#967,#968,#969));
#155=EDGE_LOOP('',(#970,#971,#972,#973));
#156=EDGE_LOOP('',(#974,#975,#976,#977));
#157=EDGE_LOOP('',(#978,#979,#980,#981));
#158=EDGE_LOOP('',(#982,#983,#984,#985));
#159=EDGE_LOOP('',(#986,#987,#988,#989));
#160=EDGE_LOOP('',(#990,#991,#992,#993));
#161=EDGE_LOOP('',(#994,#995,#996,#997,#998,#999));
#162=EDGE_LOOP('',(#1000,#1001,#1002,#1003,#1004,#1005,#1006,#1007,#1008,
#1009,#1010,#1011,#1012,#1013,#1014,#1015,#1016,#1017,#1018,#1019,#1020,
#1021,#1022,#1023,#1024,#1025,#1026,#1027,#1028,#1029,#1030,#1031,#1032,
#1033,#1034,#1035,#1036,#1037,#1038,#1039,#1040,#1041,#1042,#1043,#1044,
#1045,#1046,#1047,#1048,#1049,#1050,#1051,#1052,#1053));
#163=EDGE_LOOP('',(#1054,#1055,#1056,#1057));
#164=EDGE_LOOP('',(#1058,#1059,#1060,#1061,#1062,#1063,#1064,#1065,#1066,
#1067,#1068,#1069,#1070,#1071,#1072,#1073,#1074,#1075,#1076,#1077,#1078,
#1079,#1080,#1081,#1082,#1083,#1084,#1085,#1086,#1087,#1088,#1089,#1090,
#1091,#1092,#1093,#1094,#1095,#1096,#1097,#1098,#1099,#1100,#1101,#1102,
#1103,#1104,#1105,#1106,#1107,#1108,#1109,#1110,#1111));
#165=EDGE_LOOP('',(#1112,#1113,#1114,#1115));
#166=EDGE_LOOP('',(#1116,#1117,#1118,#1119));
#167=CIRCLE('',#1255,2.942);
#168=CIRCLE('',#1281,2.37175);
#169=CIRCLE('',#1307,5.7);
#170=CIRCLE('',#1308,6.);
#171=CIRCLE('',#1309,6.);
#172=CIRCLE('',#1311,6.);
#173=CIRCLE('',#1312,6.);
#174=CIRCLE('',#1314,2.37175);
#175=CIRCLE('',#1316,5.7);
#176=CIRCLE('',#1327,2.942);
#177=B_SPLINE_CURVE_WITH_KNOTS('',3,(#1558,#1559,#1560,#1561,#1562,#1563,
#1564,#1565,#1566,#1567),.UNSPECIFIED.,.F.,.F.,(4,3,3,4),(-4.09293042013064,
-3.97870677135997,-2.98403007851998,-2.06863817490913),.UNSPECIFIED.);
#178=B_SPLINE_CURVE_WITH_KNOTS('',3,(#1570,#1571,#1572,#1573,#1574,#1575,
#1576),.UNSPECIFIED.,.F.,.F.,(4,3,4),(0.,0.994676692839991,1.11730040836826),
 .UNSPECIFIED.);
#179=B_SPLINE_CURVE_WITH_KNOTS('',3,(#1581,#1582,#1583,#1584,#1585,#1586,
#1587,#1588,#1589,#1590,#1591,#1592,#1593,#1594,#1595,#1596,#1597,#1598,
#1599,#1600,#1601,#1602),.UNSPECIFIED.,.F.,.F.,(4,3,3,3,3,3,3,4),(-10.3761157273102,
-9.94676692839993,-8.95209023555993,-7.95741354271994,-6.96273684987995,
-5.96806015703995,-4.97338346419996,-4.09293042013064),.UNSPECIFIED.);
#180=B_SPLINE_CURVE_WITH_KNOTS('',3,(#1603,#1604,#1605,#1606,#1607,#1608,
#1609,#1610,#1611,#1612,#1613,#1614,#1615,#1616,#1617,#1618,#1619,#1620,
#1621,#1622,#1623,#1624),.UNSPECIFIED.,.F.,.F.,(4,3,3,3,3,3,3,4),(1.11730040836826,
1.98935338567999,2.98403007851998,3.97870677135998,4.97338346419998,5.96806015703997,
6.96273684987997,7.40048571554784),.UNSPECIFIED.);
#181=B_SPLINE_CURVE_WITH_KNOTS('',3,(#1629,#1630,#1631,#1632,#1633,#1634,
#1635,#1636,#1637,#1638,#1639,#1640,#1641,#1642,#1643,#1644,#1645,#1646,
#1647,#1648,#1649,#1650),.UNSPECIFIED.,.F.,.F.,(4,3,3,3,3,3,3,4),(-16.6593010344898,
-15.9148270854399,-14.9201503925999,-13.9254736997599,-12.9307970069199,
-11.9361203140799,-10.9414436212399,-10.3761157273102),.UNSPECIFIED.);
#182=B_SPLINE_CURVE_WITH_KNOTS('',3,(#1651,#1652,#1653,#1654,#1655,#1656,
#1657,#1658,#1659,#1660,#1661,#1662,#1663,#1664,#1665,#1666,#1667,#1668,
#1669,#1670,#1671,#1672),.UNSPECIFIED.,.F.,.F.,(4,3,3,3,3,3,3,4),(7.40048571554784,
7.95741354271996,8.95209023555995,9.94676692839994,10.9414436212399,11.9361203140799,
12.9307970069199,13.6836710227274),.UNSPECIFIED.);
#183=B_SPLINE_CURVE_WITH_KNOTS('',3,(#1677,#1678,#1679,#1680,#1681,#1682,
#1683,#1684,#1685,#1686,#1687,#1688,#1689,#1690,#1691,#1692,#1693,#1694,
#1695,#1696,#1697,#1698,#1699,#1700,#1701),.UNSPECIFIED.,.F.,.F.,(4,3,3,
3,3,3,3,3,4),(-22.9424863416694,-22.8775639353198,-21.8828872424798,-20.8882105496398,
-19.8935338567999,-18.8988571639599,-17.9041804711199,-16.9095037782799,
-16.6593010344898),.UNSPECIFIED.);
#184=B_SPLINE_CURVE_WITH_KNOTS('',3,(#1702,#1703,#1704,#1705,#1706,#1707,
#1708,#1709,#1710,#1711,#1712,#1713,#1714,#1715,#1716,#1717,#1718,#1719,
#1720,#1721,#1722,#1723,#1724,#1725,#1726),.UNSPECIFIED.,.F.,.F.,(4,3,3,
3,3,3,3,3,4),(13.6836710227274,13.9254736997599,14.9201503925999,15.9148270854399,
16.9095037782799,17.9041804711199,18.8988571639599,19.8935338567998,19.966856329907),
 .UNSPECIFIED.);
#185=B_SPLINE_CURVE_WITH_KNOTS('',3,(#1731,#1732,#1733,#1734,#1735,#1736,
#1737,#1738,#1739,#1740,#1741,#1742,#1743,#1744,#1745,#1746,#1747,#1748,
#1749,#1750,#1751,#1752),.UNSPECIFIED.,.F.,.F.,(4,3,3,3,3,3,3,4),(-29.225671648849,
-28.8456240923598,-27.8509473995198,-26.8562707066798,-25.8615940138398,
-24.8669173209998,-23.8722406281598,-22.9424863416694),.UNSPECIFIED.);
#186=B_SPLINE_CURVE_WITH_KNOTS('',3,(#1753,#1754,#1755,#1756,#1757,#1758,
#1759,#1760,#1761,#1762,#1763,#1764,#1765,#1766,#1767,#1768,#1769,#1770,
#1771,#1772,#1773,#1774),.UNSPECIFIED.,.F.,.F.,(4,3,3,3,3,3,3,4),(19.966856329907,
20.8882105496398,21.8828872424798,22.8775639353198,23.8722406281598,24.8669173209998,
25.8615940138398,26.2500416370866),.UNSPECIFIED.);
#187=B_SPLINE_CURVE_WITH_KNOTS('',3,(#1779,#1780,#1781,#1782,#1783,#1784,
#1785,#1786,#1787,#1788,#1789,#1790,#1791,#1792,#1793,#1794,#1795,#1796,
#1797,#1798,#1799,#1800),.UNSPECIFIED.,.F.,.F.,(4,3,3,3,3,3,3,4),(-35.5088569560286,
-34.8136842493997,-33.8190075565597,-32.8243308637198,-31.8296541708798,
-30.8349774780398,-29.8403007851998,-29.225671648849),.UNSPECIFIED.);
#188=B_SPLINE_CURVE_WITH_KNOTS('',3,(#1801,#1802,#1803,#1804,#1805,#1806,
#1807,#1808,#1809,#1810,#1811,#1812,#1813,#1814,#1815,#1816,#1817,#1818,
#1819,#1820,#1821,#1822),.UNSPECIFIED.,.F.,.F.,(4,3,3,3,3,3,3,4),(26.2500416370866,
26.8562707066798,27.8509473995198,28.8456240923598,29.8403007851998,30.8349774780398,
31.8296541708798,32.5332269442662),.UNSPECIFIED.);
#189=B_SPLINE_CURVE_WITH_KNOTS('',3,(#1827,#1828,#1829,#1830,#1831,#1832,
#1833,#1834,#1835,#1836,#1837,#1838,#1839,#1840,#1841,#1842,#1843,#1844,
#1845,#1846,#1847,#1848,#1849,#1850,#1851),.UNSPECIFIED.,.F.,.F.,(4,3,3,
3,3,3,3,3,4),(-41.7920422632082,-41.7764210992797,-40.7817444064397,-39.7870677135997,
-38.7923910207597,-37.7977143279197,-36.8030376350797,-35.8083609422397,
-35.5088569560286),.UNSPECIFIED.);
#190=B_SPLINE_CURVE_WITH_KNOTS('',3,(#1852,#1853,#1854,#1855,#1856,#1857,
#1858,#1859,#1860,#1861,#1862,#1863,#1864,#1865,#1866,#1867,#1868,#1869,
#1870,#1871,#1872,#1873,#1874,#1875,#1876),.UNSPECIFIED.,.F.,.F.,(4,3,3,
3,3,3,3,3,4),(32.5332269442662,32.8243308637198,33.8190075565597,34.8136842493997,
35.8083609422397,36.8030376350797,37.7977143279197,38.7923910207597,38.8164122514458),
 .UNSPECIFIED.);
#191=B_SPLINE_CURVE_WITH_KNOTS('',3,(#1881,#1882,#1883,#1884,#1885,#1886,
#1887,#1888,#1889,#1890,#1891,#1892,#1893,#1894,#1895,#1896,#1897,#1898,
#1899,#1900,#1901,#1902),.UNSPECIFIED.,.F.,.F.,(4,3,3,3,3,3,3,4),(-48.0752275703878,
-47.7444812563196,-46.7498045634796,-45.7551278706396,-44.7604511777997,
-43.7657744849597,-42.7710977921197,-41.7920422632082),.UNSPECIFIED.);
#192=B_SPLINE_CURVE_WITH_KNOTS('',3,(#1903,#1904,#1905,#1906,#1907,#1908,
#1909,#1910,#1911,#1912,#1913,#1914,#1915,#1916,#1917,#1918,#1919,#1920,
#1921,#1922,#1923,#1924),.UNSPECIFIED.,.F.,.F.,(4,3,3,3,3,3,3,4),(38.8164122514458,
39.7870677135997,40.7817444064397,41.7764210992797,42.7710977921197,43.7657744849597,
44.7604511777997,45.0995975586254),.UNSPECIFIED.);
#193=B_SPLINE_CURVE_WITH_KNOTS('',3,(#1929,#1930,#1931,#1932,#1933,#1934,
#1935,#1936,#1937,#1938,#1939,#1940,#1941,#1942,#1943,#1944,#1945,#1946,
#1947,#1948,#1949,#1950),.UNSPECIFIED.,.F.,.F.,(4,3,3,3,3,3,3,4),(-54.3584128775674,
-53.7125414133596,-52.7178647205196,-51.7231880276796,-50.7285113348396,
-49.7338346419996,-48.7391579491596,-48.0752275703878),.UNSPECIFIED.);
#194=B_SPLINE_CURVE_WITH_KNOTS('',3,(#1951,#1952,#1953,#1954,#1955,#1956,
#1957,#1958,#1959,#1960,#1961,#1962,#1963,#1964,#1965,#1966,#1967,#1968,
#1969,#1970,#1971,#1972),.UNSPECIFIED.,.F.,.F.,(4,3,3,3,3,3,3,4),(45.0995975586254,
45.7551278706397,46.7498045634797,47.7444812563197,48.7391579491596,49.7338346419996,
50.7285113348396,51.382782865805),.UNSPECIFIED.);
#195=B_SPLINE_CURVE_WITH_KNOTS('',3,(#1977,#1978,#1979,#1980,#1981,#1982,
#1983,#1984,#1985,#1986,#1987,#1988,#1989,#1990,#1991,#1992,#1993,#1994,
#1995,#1996,#1997,#1998),.UNSPECIFIED.,.F.,.F.,(4,3,3,3,3,3,3,4),(-60.6415981847469,
-59.6806015703996,-58.6859248775596,-57.6912481847196,-56.6965714918796,
-55.7018947990396,-54.7072181061996,-54.3584128775674),.UNSPECIFIED.);
#196=B_SPLINE_CURVE_WITH_KNOTS('',3,(#1999,#2000,#2001,#2002,#2003,#2004,
#2005,#2006,#2007,#2008,#2009,#2010,#2011,#2012,#2013,#2014,#2015,#2016,
#2017,#2018,#2019,#2020),.UNSPECIFIED.,.F.,.F.,(4,3,3,3,3,3,3,4),(51.382782865805,
51.7231880276796,52.7178647205196,53.7125414133596,54.7072181061996,55.7018947990396,
56.6965714918796,57.6659681729846),.UNSPECIFIED.);
#197=B_SPLINE_CURVE_WITH_KNOTS('',3,(#2025,#2026,#2027,#2028,#2029,#2030,
#2031,#2032,#2033,#2034,#2035,#2036,#2037,#2038,#2039,#2040,#2041,#2042,
#2043,#2044,#2045,#2046,#2047,#2048,#2049),.UNSPECIFIED.,.F.,.F.,(4,3,3,
3,3,3,3,3,4),(-66.9247834919265,-66.6433384202795,-65.6486617274395,-64.6539850345995,
-63.6593083417595,-62.6646316489195,-61.6699549560795,-60.6752782632395,
-60.6415981847469),.UNSPECIFIED.);
#198=B_SPLINE_CURVE_WITH_KNOTS('',3,(#2050,#2051,#2052,#2053,#2054,#2055,
#2056,#2057,#2058,#2059,#2060,#2061,#2062,#2063,#2064,#2065,#2066,#2067,
#2068,#2069,#2070,#2071,#2072,#2073,#2074),.UNSPECIFIED.,.F.,.F.,(4,3,3,
3,3,3,3,3,4),(57.6659681729846,57.6912481847196,58.6859248775596,59.6806015703996,
60.6752782632396,61.6699549560795,62.6646316489195,63.6593083417595,63.9491534801642),
 .UNSPECIFIED.);
#199=B_SPLINE_CURVE_WITH_KNOTS('',3,(#2079,#2080,#2081,#2082,#2083,#2084,
#2085,#2086,#2087,#2088,#2089,#2090,#2091,#2092,#2093,#2094,#2095,#2096,
#2097,#2098,#2099,#2100),.UNSPECIFIED.,.F.,.F.,(4,3,3,3,3,3,3,4),(-73.2079687991061,
-72.6113985773195,-71.6167218844794,-70.6220451916395,-69.6273684987995,
-68.6326918059595,-67.6380151131195,-66.9247834919265),.UNSPECIFIED.);
#200=B_SPLINE_CURVE_WITH_KNOTS('',3,(#2101,#2102,#2103,#2104,#2105,#2106,
#2107,#2108,#2109,#2110,#2111,#2112,#2113,#2114,#2115,#2116,#2117,#2118,
#2119,#2120,#2121,#2122),.UNSPECIFIED.,.F.,.F.,(4,3,3,3,3,3,3,4),(63.9491534801642,
64.6539850345995,65.6486617274395,66.6433384202795,67.6380151131195,68.6326918059595,
69.6273684987995,70.2323387873437),.UNSPECIFIED.);
#201=B_SPLINE_CURVE_WITH_KNOTS('',3,(#2127,#2128,#2129,#2130,#2131,#2132,
#2133,#2134,#2135,#2136,#2137,#2138,#2139,#2140,#2141,#2142,#2143,#2144,
#2145,#2146,#2147,#2148),.UNSPECIFIED.,.F.,.F.,(4,3,3,3,3,3,3,4),(-79.4911541062857,
-78.5794587343594,-77.5847820415194,-76.5901053486794,-75.5954286558394,
-74.6007519629994,-73.6060752701595,-73.2079687991061),.UNSPECIFIED.);
#202=B_SPLINE_CURVE_WITH_KNOTS('',3,(#2149,#2150,#2151,#2152,#2153,#2154,
#2155,#2156,#2157,#2158,#2159,#2160,#2161,#2162,#2163,#2164,#2165,#2166,
#2167,#2168,#2169,#2170),.UNSPECIFIED.,.F.,.F.,(4,3,3,3,3,3,3,4),(70.2323387873437,
70.6220451916395,71.6167218844795,72.6113985773195,73.6060752701595,74.6007519629994,
75.5954286558394,76.5155240945233),.UNSPECIFIED.);
#203=B_SPLINE_CURVE_WITH_KNOTS('',3,(#2175,#2176,#2177,#2178,#2179,#2180,
#2181,#2182,#2183,#2184,#2185,#2186,#2187,#2188,#2189,#2190,#2191,#2192,
#2193,#2194,#2195,#2196,#2197,#2198,#2199),.UNSPECIFIED.,.F.,.F.,(4,3,3,
3,3,3,3,3,4),(-85.7743394134653,-85.5421955842394,-84.5475188913993,-83.5528421985594,
-82.5581655057194,-81.5634888128794,-80.5688121200394,-79.5741354271994,
-79.4911541062857),.UNSPECIFIED.);
#204=B_SPLINE_CURVE_WITH_KNOTS('',3,(#2200,#2201,#2202,#2203,#2204,#2205,
#2206,#2207,#2208,#2209,#2210,#2211,#2212,#2213,#2214,#2215,#2216,#2217,
#2218,#2219,#2220,#2221,#2222,#2223,#2224),.UNSPECIFIED.,.F.,.F.,(4,3,3,
3,3,3,3,3,4),(76.5155240945233,76.5901053486794,77.5847820415194,78.5794587343594,
79.5741354271994,80.5688121200394,81.5634888128794,82.5581655057194,82.7987094017029),
 .UNSPECIFIED.);
#205=B_SPLINE_CURVE_WITH_KNOTS('',3,(#2229,#2230,#2231,#2232,#2233,#2234,
#2235,#2236,#2237,#2238,#2239,#2240,#2241,#2242,#2243,#2244,#2245,#2246,
#2247,#2248,#2249,#2250),.UNSPECIFIED.,.F.,.F.,(4,3,3,3,3,3,3,4),(-92.0575247206449,
-91.5102557412793,-90.5155790484393,-89.5209023555993,-88.5262256627593,
-87.5315489699193,-86.5368722770794,-85.7743394134653),.UNSPECIFIED.);
#206=B_SPLINE_CURVE_WITH_KNOTS('',3,(#2251,#2252,#2253,#2254,#2255,#2256,
#2257,#2258,#2259,#2260,#2261,#2262,#2263,#2264,#2265,#2266,#2267,#2268,
#2269,#2270,#2271,#2272),.UNSPECIFIED.,.F.,.F.,(4,3,3,3,3,3,3,4),(82.7987094017029,
83.5528421985594,84.5475188913994,85.5421955842394,86.5368722770794,87.5315489699194,
88.5262256627594,89.0818947088825),.UNSPECIFIED.);
#207=B_SPLINE_CURVE_WITH_KNOTS('',3,(#2277,#2278,#2279,#2280,#2281,#2282,
#2283,#2284,#2285,#2286,#2287,#2288,#2289,#2290,#2291,#2292,#2293,#2294,
#2295,#2296,#2297,#2298),.UNSPECIFIED.,.F.,.F.,(4,3,3,3,3,3,3,4),(-98.3407100278245,
-97.4783158983193,-96.4836392054792,-95.4889625126393,-94.4942858197993,
-93.4996091269593,-92.5049324341193,-92.0575247206449),.UNSPECIFIED.);
#208=B_SPLINE_CURVE_WITH_KNOTS('',3,(#2299,#2300,#2301,#2302,#2303,#2304,
#2305,#2306,#2307,#2308,#2309,#2310,#2311,#2312,#2313,#2314,#2315,#2316,
#2317,#2318,#2319,#2320),.UNSPECIFIED.,.F.,.F.,(4,3,3,3,3,3,3,4),(89.0818947088825,
89.5209023555993,90.5155790484393,91.5102557412793,92.5049324341193,93.4996091269593,
94.4942858197993,95.3650800160621),.UNSPECIFIED.);
#209=B_SPLINE_CURVE_WITH_KNOTS('',3,(#2325,#2326,#2327,#2328,#2329,#2330,
#2331,#2332,#2333,#2334,#2335,#2336,#2337,#2338,#2339,#2340,#2341,#2342,
#2343,#2344,#2345,#2346,#2347,#2348,#2349),.UNSPECIFIED.,.F.,.F.,(4,3,3,
3,3,3,3,3,4),(-104.623895335004,-104.441052748199,-103.446376055359,-102.451699362519,
-101.457022669679,-100.462345976839,-99.4676692839993,-98.4729925911593,
-98.3407100278245),.UNSPECIFIED.);
#210=B_SPLINE_CURVE_WITH_KNOTS('',3,(#2350,#2351,#2352,#2353,#2354,#2355,
#2356,#2357,#2358,#2359,#2360,#2361,#2362,#2363,#2364,#2365,#2366,#2367,
#2368,#2369,#2370,#2371,#2372,#2373,#2374),.UNSPECIFIED.,.F.,.F.,(4,3,3,
3,3,3,3,3,4),(95.3650800160621,95.4889625126393,96.4836392054793,97.4783158983193,
98.4729925911593,99.4676692839993,100.462345976839,101.457022669679,101.648265323242),
 .UNSPECIFIED.);
#211=B_SPLINE_CURVE_WITH_KNOTS('',3,(#2379,#2380,#2381,#2382,#2383,#2384,
#2385,#2386,#2387,#2388,#2389,#2390,#2391,#2392,#2393,#2394,#2395,#2396,
#2397,#2398,#2399,#2400),.UNSPECIFIED.,.F.,.F.,(4,3,3,3,3,3,3,4),(-110.907080642184,
-110.409112905239,-109.414436212399,-108.419759519559,-107.425082826719,
-106.430406133879,-105.435729441039,-104.623895335004),.UNSPECIFIED.);
#212=B_SPLINE_CURVE_WITH_KNOTS('',3,(#2401,#2402,#2403,#2404,#2405,#2406,
#2407,#2408,#2409,#2410,#2411,#2412,#2413,#2414,#2415,#2416,#2417,#2418,
#2419,#2420,#2421,#2422),.UNSPECIFIED.,.F.,.F.,(4,3,3,3,3,3,3,4),(101.648265323242,
102.451699362519,103.446376055359,104.441052748199,105.435729441039,106.430406133879,
107.425082826719,107.931450630421),.UNSPECIFIED.);
#213=B_SPLINE_CURVE_WITH_KNOTS('',3,(#2427,#2428,#2429,#2430,#2431,#2432,
#2433,#2434,#2435,#2436,#2437,#2438,#2439,#2440,#2441,#2442,#2443,#2444,
#2445,#2446,#2447,#2448),.UNSPECIFIED.,.F.,.F.,(4,3,3,3,3,3,3,4),(-117.190265949363,
-116.377173062279,-115.382496369439,-114.387819676599,-113.393142983759,
-112.398466290919,-111.403789598079,-110.907080642184),.UNSPECIFIED.);
#214=B_SPLINE_CURVE_WITH_KNOTS('',3,(#2449,#2450,#2451,#2452,#2453,#2454,
#2455,#2456,#2457,#2458,#2459,#2460,#2461,#2462,#2463,#2464,#2465,#2466,
#2467,#2468,#2469,#2470),.UNSPECIFIED.,.F.,.F.,(4,3,3,3,3,3,3,4),(107.931450630421,
108.419759519559,109.414436212399,110.409112905239,111.403789598079,112.398466290919,
113.393142983759,114.214635937601),.UNSPECIFIED.);
#215=B_SPLINE_CURVE_WITH_KNOTS('',3,(#2475,#2476,#2477,#2478,#2479,#2480,
#2481,#2482,#2483,#2484,#2485,#2486,#2487,#2488,#2489,#2490,#2491,#2492,
#2493,#2494,#2495,#2496,#2497,#2498,#2499),.UNSPECIFIED.,.F.,.F.,(4,3,3,
3,3,3,3,3,4),(-123.473451256543,-123.339909912159,-122.345233219319,-121.350556526479,
-120.355879833639,-119.361203140799,-118.366526447959,-117.371849755119,
-117.190265949363),.UNSPECIFIED.);
#216=B_SPLINE_CURVE_WITH_KNOTS('',3,(#2500,#2501,#2502,#2503,#2504,#2505,
#2506,#2507,#2508,#2509,#2510,#2511,#2512,#2513,#2514,#2515,#2516,#2517,
#2518,#2519,#2520,#2521,#2522,#2523,#2524),.UNSPECIFIED.,.F.,.F.,(4,3,3,
3,3,3,3,3,4),(114.214635937601,114.387819676599,115.382496369439,116.377173062279,
117.371849755119,118.366526447959,119.361203140799,120.355879833639,120.49782124478),
 .UNSPECIFIED.);
#217=B_SPLINE_CURVE_WITH_KNOTS('',3,(#2529,#2530,#2531,#2532,#2533,#2534,
#2535,#2536,#2537,#2538,#2539,#2540,#2541,#2542,#2543,#2544,#2545,#2546,
#2547,#2548,#2549,#2550),.UNSPECIFIED.,.F.,.F.,(4,3,3,3,3,3,3,4),(-129.756636563722,
-129.307970069199,-128.313293376359,-127.318616683519,-126.323939990679,
-125.329263297839,-124.334586604999,-123.473451256543),.UNSPECIFIED.);
#218=B_SPLINE_CURVE_WITH_KNOTS('',3,(#2551,#2552,#2553,#2554,#2555,#2556,
#2557,#2558,#2559,#2560,#2561,#2562,#2563,#2564,#2565,#2566,#2567,#2568,
#2569,#2570,#2571,#2572),.UNSPECIFIED.,.F.,.F.,(4,3,3,3,3,3,3,4),(120.49782124478,
121.350556526479,122.345233219319,123.339909912159,124.334586604999,125.329263297839,
126.323939990679,126.78100655196),.UNSPECIFIED.);
#219=B_SPLINE_CURVE_WITH_KNOTS('',3,(#2577,#2578,#2579,#2580,#2581,#2582,
#2583,#2584,#2585,#2586,#2587,#2588,#2589,#2590,#2591,#2592,#2593,#2594,
#2595,#2596,#2597,#2598),.UNSPECIFIED.,.F.,.F.,(4,3,3,3,3,3,3,4),(-136.039821870902,
-135.276030226239,-134.281353533399,-133.286676840559,-132.292000147719,
-131.297323454879,-130.302646762039,-129.756636563722),.UNSPECIFIED.);
#220=B_SPLINE_CURVE_WITH_KNOTS('',3,(#2599,#2600,#2601,#2602,#2603,#2604,
#2605,#2606,#2607,#2608,#2609,#2610,#2611,#2612,#2613,#2614,#2615,#2616,
#2617,#2618,#2619,#2620),.UNSPECIFIED.,.F.,.F.,(4,3,3,3,3,3,3,4),(126.78100655196,
127.318616683519,128.313293376359,129.307970069199,130.302646762039,131.297323454879,
132.292000147719,133.06419185914),.UNSPECIFIED.);
#221=B_SPLINE_CURVE_WITH_KNOTS('',3,(#2625,#2626,#2627,#2628,#2629,#2630,
#2631,#2632,#2633,#2634,#2635,#2636,#2637,#2638,#2639,#2640,#2641,#2642,
#2643,#2644,#2645,#2646,#2647,#2648,#2649),.UNSPECIFIED.,.F.,.F.,(4,3,3,
3,3,3,3,3,4),(-142.323007178082,-142.238767076119,-141.244090383279,-140.249413690439,
-139.254736997599,-138.260060304759,-137.265383611919,-136.270706919079,
-136.039821870902),.UNSPECIFIED.);
#222=B_SPLINE_CURVE_WITH_KNOTS('',3,(#2650,#2651,#2652,#2653,#2654,#2655,
#2656,#2657,#2658,#2659,#2660,#2661,#2662,#2663,#2664,#2665,#2666,#2667,
#2668,#2669,#2670,#2671,#2672,#2673,#2674),.UNSPECIFIED.,.F.,.F.,(4,3,3,
3,3,3,3,3,4),(133.06419185914,133.286676840559,134.281353533399,135.276030226239,
136.270706919079,137.265383611919,138.260060304759,139.254736997599,139.347377166319),
 .UNSPECIFIED.);
#223=B_SPLINE_CURVE_WITH_KNOTS('',3,(#2679,#2680,#2681,#2682,#2683,#2684,
#2685,#2686,#2687,#2688,#2689,#2690,#2691,#2692,#2693,#2694,#2695,#2696,
#2697,#2698,#2699,#2700),.UNSPECIFIED.,.F.,.F.,(4,3,3,3,3,3,3,4),(-148.606192485261,
-148.206827233159,-147.212150540319,-146.217473847479,-145.222797154639,
-144.228120461799,-143.233443768959,-142.323007178082),.UNSPECIFIED.);
#224=B_SPLINE_CURVE_WITH_KNOTS('',3,(#2701,#2702,#2703,#2704,#2705,#2706,
#2707,#2708,#2709,#2710,#2711,#2712,#2713,#2714,#2715,#2716,#2717,#2718,
#2719,#2720,#2721,#2722),.UNSPECIFIED.,.F.,.F.,(4,3,3,3,3,3,3,4),(139.347377166319,
140.249413690439,141.244090383279,142.238767076119,143.233443768959,144.228120461799,
145.222797154639,145.630562473499),.UNSPECIFIED.);
#225=B_SPLINE_CURVE_WITH_KNOTS('',3,(#2727,#2728,#2729,#2730,#2731,#2732,
#2733,#2734,#2735,#2736,#2737,#2738,#2739,#2740,#2741,#2742,#2743,#2744,
#2745,#2746,#2747,#2748),.UNSPECIFIED.,.F.,.F.,(4,3,3,3,3,3,3,4),(-154.889377792441,
-154.174887390199,-153.180210697359,-152.185534004519,-151.190857311679,
-150.196180618839,-149.201503925999,-148.606192485261),.UNSPECIFIED.);
#226=B_SPLINE_CURVE_WITH_KNOTS('',3,(#2749,#2750,#2751,#2752,#2753,#2754,
#2755,#2756,#2757,#2758,#2759,#2760,#2761,#2762,#2763,#2764,#2765,#2766,
#2767,#2768,#2769,#2770),.UNSPECIFIED.,.F.,.F.,(4,3,3,3,3,3,3,4),(145.630562473499,
146.217473847479,147.212150540319,148.206827233159,149.201503925999,150.196180618839,
151.190857311679,151.913747780678),.UNSPECIFIED.);
#227=B_SPLINE_CURVE_WITH_KNOTS('',3,(#2776,#2777,#2778,#2779,#2780,#2781),
 .UNSPECIFIED.,.F.,.F.,(4,1,1,4),(166.504410640259,166.784596930857,167.779273623697,
168.694665527308),.UNSPECIFIED.);
#228=B_SPLINE_CURVE_WITH_KNOTS('',3,(#2784,#2785,#2786,#2787),
 .UNSPECIFIED.,.F.,.F.,(4,4),(166.504410640259,167.4557484068),
 .UNSPECIFIED.);
#229=B_SPLINE_CURVE_WITH_KNOTS('',3,(#2792,#2793,#2794,#2795,#2796,#2797,
#2798,#2799,#2800,#2801),.UNSPECIFIED.,.F.,.F.,(4,1,1,1,1,1,1,4),(160.221225333079,
160.816536773817,161.811213466657,162.805890159497,163.800566852337,164.795243545177,
165.789920238017,166.504410640259),.UNSPECIFIED.);
#230=B_SPLINE_CURVE_WITH_KNOTS('',3,(#2802,#2803,#2804,#2805,#2806,#2807,
#2808,#2809,#2810,#2811,#2812),.UNSPECIFIED.,.F.,.F.,(4,1,1,1,1,1,1,1,4),
(160.221225333079,160.49301155692,161.48768824976,162.4823649426,163.47704163544,
164.47171832828,165.46639502112,166.46107171396,166.504410640259),
 .UNSPECIFIED.);
#231=B_SPLINE_CURVE_WITH_KNOTS('',3,(#2817,#2818,#2819,#2820,#2821,#2822,
#2823,#2824,#2825,#2826),.UNSPECIFIED.,.F.,.F.,(4,1,1,1,1,1,1,4),(153.9380400259,
154.848476616777,155.843153309617,156.837830002457,157.832506695297,158.827183388137,
159.821860080977,160.221225333079),.UNSPECIFIED.);
#232=B_SPLINE_CURVE_WITH_KNOTS('',3,(#2827,#2828,#2829,#2830,#2831,#2832,
#2833,#2834,#2835,#2836),.UNSPECIFIED.,.F.,.F.,(4,1,1,1,1,1,1,4),(153.9380400259,
154.52495139988,155.51962809272,156.51430478556,157.5089814784,158.50365817124,
159.49833486408,160.221225333079),.UNSPECIFIED.);
#233=B_SPLINE_CURVE_WITH_KNOTS('',3,(#2841,#2842,#2843,#2844,#2845,#2846,
#2847,#2848,#2849,#2850,#2851),.UNSPECIFIED.,.F.,.F.,(4,1,1,1,1,1,1,1,4),
(147.65485471872,147.885739766897,148.880416459737,149.875093152577,150.869769845417,
151.864446538257,152.859123231097,153.853799923937,153.9380400259),
 .UNSPECIFIED.);
#234=B_SPLINE_CURVE_WITH_KNOTS('',3,(#2852,#2853,#2854,#2855,#2856,#2857,
#2858,#2859,#2860,#2861),.UNSPECIFIED.,.F.,.F.,(4,1,1,1,1,1,1,4),(147.65485471872,
148.55689124284,149.55156793568,150.54624462852,151.54092132136,152.5355980142,
153.53027470704,153.9380400259),.UNSPECIFIED.);
#235=B_SPLINE_CURVE_WITH_KNOTS('',3,(#2866,#2867,#2868,#2869,#2870,#2871,
#2872,#2873,#2874,#2875),.UNSPECIFIED.,.F.,.F.,(4,1,1,1,1,1,1,4),(141.371669411541,
141.917679609857,142.912356302697,143.907032995537,144.901709688377,145.896386381217,
146.891063074057,147.65485471872),.UNSPECIFIED.);
#236=B_SPLINE_CURVE_WITH_KNOTS('',3,(#2876,#2877,#2878,#2879,#2880,#2881,
#2882,#2883,#2884,#2885,#2886),.UNSPECIFIED.,.F.,.F.,(4,1,1,1,1,1,1,1,4),
(141.371669411541,141.59415439296,142.5888310858,143.58350777864,144.57818447148,
145.57286116432,146.56753785716,147.56221455,147.65485471872),
 .UNSPECIFIED.);
#237=B_SPLINE_CURVE_WITH_KNOTS('',3,(#2891,#2892,#2893,#2894,#2895,#2896,
#2897,#2898,#2899,#2900),.UNSPECIFIED.,.F.,.F.,(4,1,1,1,1,1,1,4),(135.088484104361,
135.949619452817,136.944296145657,137.938972838497,138.933649531337,139.928326224177,
140.923002917017,141.371669411541),.UNSPECIFIED.);
#238=B_SPLINE_CURVE_WITH_KNOTS('',3,(#2901,#2902,#2903,#2904,#2905,#2906,
#2907,#2908,#2909,#2910),.UNSPECIFIED.,.F.,.F.,(4,1,1,1,1,1,1,4),(135.088484104361,
135.62609423592,136.62077092876,137.6154476216,138.61012431444,139.60480100728,
140.59947770012,141.371669411541),.UNSPECIFIED.);
#239=B_SPLINE_CURVE_WITH_KNOTS('',3,(#2915,#2916,#2917,#2918,#2919,#2920,
#2921,#2922,#2923,#2924,#2925),.UNSPECIFIED.,.F.,.F.,(4,1,1,1,1,1,1,1,4),
(128.805298797182,128.986882602937,129.981559295777,130.976235988617,131.970912681457,
132.965589374297,133.960266067137,134.954942759977,135.088484104361),
 .UNSPECIFIED.);
#240=B_SPLINE_CURVE_WITH_KNOTS('',3,(#2926,#2927,#2928,#2929,#2930,#2931,
#2932,#2933,#2934,#2935),.UNSPECIFIED.,.F.,.F.,(4,1,1,1,1,1,1,4),(128.805298797182,
129.65803407888,130.65271077172,131.64738746456,132.6420641574,133.63674085024,
134.63141754308,135.088484104361),.UNSPECIFIED.);
#241=B_SPLINE_CURVE_WITH_KNOTS('',3,(#2940,#2941,#2942,#2943,#2944,#2945,
#2946,#2947,#2948,#2949),.UNSPECIFIED.,.F.,.F.,(4,1,1,1,1,1,1,4),(122.522113490002,
123.018822445897,124.013499138738,125.008175831577,126.002852524417,126.997529217257,
127.992205910097,128.805298797182),.UNSPECIFIED.);
#242=B_SPLINE_CURVE_WITH_KNOTS('',3,(#2950,#2951,#2952,#2953,#2954,#2955,
#2956,#2957,#2958,#2959,#2960),.UNSPECIFIED.,.F.,.F.,(4,1,1,1,1,1,1,1,4),
(122.522113490002,122.695297229,123.68997392184,124.68465061468,125.67932730752,
126.67400400036,127.6686806932,128.66335738604,128.805298797182),
 .UNSPECIFIED.);
#243=B_SPLINE_CURVE_WITH_KNOTS('',3,(#2965,#2966,#2967,#2968,#2969,#2970,
#2971,#2972,#2973,#2974),.UNSPECIFIED.,.F.,.F.,(4,1,1,1,1,1,1,4),(116.238928182822,
117.050762288858,118.045438981698,119.040115674538,120.034792367378,121.029469060218,
122.024145753057,122.522113490002),.UNSPECIFIED.);
#244=B_SPLINE_CURVE_WITH_KNOTS('',3,(#2975,#2976,#2977,#2978,#2979,#2980,
#2981,#2982,#2983,#2984),.UNSPECIFIED.,.F.,.F.,(4,1,1,1,1,1,1,4),(116.238928182822,
116.72723707196,117.7219137648,118.71659045764,119.71126715048,120.70594384332,
121.70062053616,122.522113490002),.UNSPECIFIED.);
#245=B_SPLINE_CURVE_WITH_KNOTS('',3,(#2989,#2990,#2991,#2992,#2993,#2994,
#2995,#2996,#2997,#2998,#2999),.UNSPECIFIED.,.F.,.F.,(4,1,1,1,1,1,1,1,4),
(109.955742875643,110.088025438978,111.082702131818,112.077378824658,113.072055517498,
114.066732210338,115.061408903178,116.056085596018,116.238928182822),
 .UNSPECIFIED.);
#246=B_SPLINE_CURVE_WITH_KNOTS('',3,(#3000,#3001,#3002,#3003,#3004,#3005,
#3006,#3007,#3008,#3009),.UNSPECIFIED.,.F.,.F.,(4,1,1,1,1,1,1,4),(109.955742875643,
110.75917691492,111.75385360776,112.7485303006,113.74320699344,114.73788368628,
115.73256037912,116.238928182822),.UNSPECIFIED.);
#247=B_SPLINE_CURVE_WITH_KNOTS('',3,(#3014,#3015,#3016,#3017,#3018,#3019,
#3020,#3021,#3022,#3023),.UNSPECIFIED.,.F.,.F.,(4,1,1,1,1,1,1,4),(103.672557568463,
104.119965281938,105.114641974778,106.109318667618,107.103995360458,108.098672053298,
109.093348746138,109.955742875643),.UNSPECIFIED.);
#248=B_SPLINE_CURVE_WITH_KNOTS('',3,(#3024,#3025,#3026,#3027,#3028,#3029,
#3030,#3031,#3032,#3033,#3034),.UNSPECIFIED.,.F.,.F.,(4,1,1,1,1,1,1,1,4),
(103.672557568463,103.79644006504,104.79111675788,105.78579345072,106.78047014356,
107.7751468364,108.76982352924,109.76450022208,109.955742875643),
 .UNSPECIFIED.);
#249=B_SPLINE_CURVE_WITH_KNOTS('',3,(#3039,#3040,#3041,#3042,#3043,#3044,
#3045,#3046,#3047,#3048),.UNSPECIFIED.,.F.,.F.,(4,1,1,1,1,1,1,4),(97.3893722612837,
98.1519051248977,99.1465818177377,100.141258510578,101.135935203418,102.130611896258,
103.125288589098,103.672557568463),.UNSPECIFIED.);
#250=B_SPLINE_CURVE_WITH_KNOTS('',3,(#3049,#3050,#3051,#3052,#3053,#3054,
#3055,#3056,#3057,#3058),.UNSPECIFIED.,.F.,.F.,(4,1,1,1,1,1,1,4),(97.3893722612837,
97.8283799080005,98.8230566008404,99.8177332936804,100.81240998652,101.80708667936,
102.8017633722,103.672557568463),.UNSPECIFIED.);
#251=B_SPLINE_CURVE_WITH_KNOTS('',3,(#3063,#3064,#3065,#3066,#3067,#3068,
#3069,#3070,#3071,#3072,#3073),.UNSPECIFIED.,.F.,.F.,(4,1,1,1,1,1,1,1,4),
(91.1061869541041,91.1891682750177,92.1838449678577,93.1785216606977,94.1731983535377,
95.1678750463777,96.1625517392177,97.1572284320577,97.3893722612837),
 .UNSPECIFIED.);
#252=B_SPLINE_CURVE_WITH_KNOTS('',3,(#3074,#3075,#3076,#3077,#3078,#3079,
#3080,#3081,#3082,#3083),.UNSPECIFIED.,.F.,.F.,(4,1,1,1,1,1,1,4),(91.1061869541041,
91.8603197509605,92.8549964438005,93.8496731366405,94.8443498294805,95.8390265223205,
96.8337032151605,97.3893722612837),.UNSPECIFIED.);
#253=B_SPLINE_CURVE_WITH_KNOTS('',3,(#3088,#3089,#3090,#3091,#3092,#3093,
#3094,#3095,#3096,#3097),.UNSPECIFIED.,.F.,.F.,(4,1,1,1,1,1,1,4),(84.8230016469245,
85.2211081179778,86.2157848108178,87.2104615036578,88.2051381964978,89.1998148893377,
90.1944915821777,91.1061869541041),.UNSPECIFIED.);
#254=B_SPLINE_CURVE_WITH_KNOTS('',3,(#3098,#3099,#3100,#3101,#3102,#3103,
#3104,#3105,#3106,#3107,#3108),.UNSPECIFIED.,.F.,.F.,(4,1,1,1,1,1,1,1,4),
(84.8230016469245,84.8975829010806,85.8922595939205,86.8869362867605,87.8816129796005,
88.8762896724405,89.8709663652805,90.8656430581205,91.1061869541041),
 .UNSPECIFIED.);
#255=B_SPLINE_CURVE_WITH_KNOTS('',3,(#3113,#3114,#3115,#3116,#3117,#3118,
#3119,#3120,#3121,#3122),.UNSPECIFIED.,.F.,.F.,(4,1,1,1,1,1,1,4),(78.5398163397449,
79.2530479609378,80.2477246537778,81.2424013466178,82.2370780394578,83.2317547322978,
84.2264314251378,84.8230016469245),.UNSPECIFIED.);
#256=B_SPLINE_CURVE_WITH_KNOTS('',3,(#3123,#3124,#3125,#3126,#3127,#3128,
#3129,#3130,#3131,#3132),.UNSPECIFIED.,.F.,.F.,(4,1,1,1,1,1,1,4),(78.5398163397449,
78.9295227440406,79.9241994368806,80.9188761297206,81.9135528225606,82.9082295154006,
83.9029062082406,84.8230016469245),.UNSPECIFIED.);
#257=B_SPLINE_CURVE_WITH_KNOTS('',3,(#3137,#3138,#3139,#3140,#3141,#3142,
#3143,#3144,#3145,#3146,#3147),.UNSPECIFIED.,.F.,.F.,(4,1,1,1,1,1,1,1,4),
(72.2566310325653,72.2903111110579,73.2849878038979,74.2796644967379,75.2743411895779,
76.2690178824178,77.2636945752579,78.2583712680978,78.5398163397449),
 .UNSPECIFIED.);
#258=B_SPLINE_CURVE_WITH_KNOTS('',3,(#3148,#3149,#3150,#3151,#3152,#3153,
#3154,#3155,#3156,#3157),.UNSPECIFIED.,.F.,.F.,(4,1,1,1,1,1,1,4),(72.2566310325653,
72.9614625870006,73.9561392798406,74.9508159726806,75.9454926655206,76.9401693583606,
77.9348460512006,78.5398163397449),.UNSPECIFIED.);
#259=B_SPLINE_CURVE_WITH_KNOTS('',3,(#3162,#3163,#3164,#3165,#3166,#3167,
#3168,#3169,#3170,#3171),.UNSPECIFIED.,.F.,.F.,(4,1,1,1,1,1,1,4),(65.9734457253857,
66.3222509540179,67.3169276468579,68.3116043396979,69.3062810325379,70.3009577253779,
71.2956344182179,72.2566310325653),.UNSPECIFIED.);
#260=B_SPLINE_CURVE_WITH_KNOTS('',3,(#3172,#3173,#3174,#3175,#3176,#3177,
#3178,#3179,#3180,#3181,#3182),.UNSPECIFIED.,.F.,.F.,(4,1,1,1,1,1,1,1,4),
(65.9734457253857,65.9987257371207,66.9934024299607,67.9880791228007,68.9827558156407,
69.9774325084807,70.9721092013206,71.9667858941607,72.2566310325653),
 .UNSPECIFIED.);
#261=B_SPLINE_CURVE_WITH_KNOTS('',3,(#3187,#3188,#3189,#3190,#3191,#3192,
#3193,#3194,#3195,#3196),.UNSPECIFIED.,.F.,.F.,(4,1,1,1,1,1,1,4),(59.6902604182061,
60.354190796978,61.348867489818,62.343544182658,63.338220875498,64.3328975683379,
65.3275742611779,65.9734457253857),.UNSPECIFIED.);
#262=B_SPLINE_CURVE_WITH_KNOTS('',3,(#3197,#3198,#3199,#3200,#3201,#3202,
#3203,#3204,#3205,#3206),.UNSPECIFIED.,.F.,.F.,(4,1,1,1,1,1,1,4),(59.6902604182061,
60.0306655800807,61.0253422729207,62.0200189657607,63.0146956586007,64.0093723514407,
65.0040490442807,65.9734457253857),.UNSPECIFIED.);
#263=B_SPLINE_CURVE_WITH_KNOTS('',3,(#3211,#3212,#3213,#3214,#3215,#3216,
#3217,#3218,#3219,#3220),.UNSPECIFIED.,.F.,.F.,(4,1,1,1,1,1,1,4),(53.4070751110265,
54.386130639938,55.380807332778,56.375484025618,57.370160718458,58.364837411298,
59.359514104138,59.6902604182061),.UNSPECIFIED.);
#264=B_SPLINE_CURVE_WITH_KNOTS('',3,(#3221,#3222,#3223,#3224,#3225,#3226,
#3227,#3228,#3229,#3230),.UNSPECIFIED.,.F.,.F.,(4,1,1,1,1,1,1,4),(53.4070751110265,
54.0626054230408,55.0572821158808,56.0519588087208,57.0466355015608,58.0413121944008,
59.0359888872407,59.6902604182061),.UNSPECIFIED.);
#265=B_SPLINE_CURVE_WITH_KNOTS('',3,(#3235,#3236,#3237,#3238,#3239,#3240,
#3241,#3242,#3243,#3244,#3245),.UNSPECIFIED.,.F.,.F.,(4,1,1,1,1,1,1,1,4),
(47.1238898038469,47.4233937900581,48.4180704828981,49.4127471757381,50.4074238685781,
51.402100561418,52.396777254258,53.391453947098,53.4070751110265),
 .UNSPECIFIED.);
#266=B_SPLINE_CURVE_WITH_KNOTS('',3,(#3246,#3247,#3248,#3249,#3250,#3251,
#3252,#3253,#3254,#3255),.UNSPECIFIED.,.F.,.F.,(4,1,1,1,1,1,1,4),(47.1238898038469,
48.0945452660008,49.0892219588408,50.0838986516808,51.0785753445208,52.0732520373608,
53.0679287302008,53.4070751110265),.UNSPECIFIED.);
#267=B_SPLINE_CURVE_WITH_KNOTS('',3,(#3260,#3261,#3262,#3263,#3264,#3265,
#3266,#3267,#3268,#3269),.UNSPECIFIED.,.F.,.F.,(4,1,1,1,1,1,1,4),(40.8407044966673,
41.4553336330181,42.4500103258581,43.4446870186981,44.4393637115381,45.4340404043781,
46.4287170972181,47.1238898038469),.UNSPECIFIED.);
#268=B_SPLINE_CURVE_WITH_KNOTS('',3,(#3270,#3271,#3272,#3273,#3274,#3275,
#3276,#3277,#3278,#3279,#3280),.UNSPECIFIED.,.F.,.F.,(4,1,1,1,1,1,1,1,4),
(40.8407044966673,41.1318084161209,42.1264851089609,43.1211618018009,44.1158384946409,
45.1105151874808,46.1051918803208,47.0998685731608,47.1238898038469),
 .UNSPECIFIED.);
#269=B_SPLINE_CURVE_WITH_KNOTS('',3,(#3285,#3286,#3287,#3288,#3289,#3290,
#3291,#3292,#3293,#3294),.UNSPECIFIED.,.F.,.F.,(4,1,1,1,1,1,1,4),(34.5575191894877,
35.4872734759782,36.4819501688182,37.4766268616581,38.4713035544981,39.4659802473381,
40.4606569401781,40.8407044966673),.UNSPECIFIED.);
#270=B_SPLINE_CURVE_WITH_KNOTS('',3,(#3295,#3296,#3297,#3298,#3299,#3300,
#3301,#3302,#3303,#3304),.UNSPECIFIED.,.F.,.F.,(4,1,1,1,1,1,1,4),(34.5575191894877,
35.1637482590809,36.1584249519209,37.1531016447609,38.1477783376009,39.1424550304409,
40.1371317232809,40.8407044966673),.UNSPECIFIED.);
#271=B_SPLINE_CURVE_WITH_KNOTS('',3,(#3309,#3310,#3311,#3312,#3313,#3314,
#3315,#3316,#3317,#3318,#3319),.UNSPECIFIED.,.F.,.F.,(4,1,1,1,1,1,1,1,4),
(28.2743338823082,28.5245366260982,29.5192133189382,30.5138900117782,31.5085667046182,
32.5032433974582,33.4979200902982,34.4925967831382,34.5575191894877),
 .UNSPECIFIED.);
#272=B_SPLINE_CURVE_WITH_KNOTS('',3,(#3320,#3321,#3322,#3323,#3324,#3325,
#3326,#3327,#3328,#3329),.UNSPECIFIED.,.F.,.F.,(4,1,1,1,1,1,1,4),(28.2743338823082,
29.195688102041,30.190364794881,31.185041487721,32.1797181805609,33.1743948734009,
34.1690715662409,34.5575191894877),.UNSPECIFIED.);
#273=B_SPLINE_CURVE_WITH_KNOTS('',3,(#3334,#3335,#3336,#3337,#3338,#3339,
#3340,#3341,#3342,#3343),.UNSPECIFIED.,.F.,.F.,(4,1,1,1,1,1,1,4),(21.9911485751286,
22.5564764690583,23.5511531618983,24.5458298547383,25.5405065475782,26.5351832404182,
27.5298599332582,28.2743338823082),.UNSPECIFIED.);
#274=B_SPLINE_CURVE_WITH_KNOTS('',3,(#3344,#3345,#3346,#3347,#3348,#3349,
#3350,#3351,#3352,#3353,#3354),.UNSPECIFIED.,.F.,.F.,(4,1,1,1,1,1,1,1,4),
(21.9911485751286,22.232951252161,23.227627945001,24.222304637841,25.216981330681,
26.211658023521,27.206334716361,28.201011409201,28.2743338823082),
 .UNSPECIFIED.);
#275=B_SPLINE_CURVE_WITH_KNOTS('',3,(#3359,#3360,#3361,#3362,#3363,#3364,
#3365,#3366,#3367,#3368),.UNSPECIFIED.,.F.,.F.,(4,1,1,1,1,1,1,4),(15.707963267949,
16.5884163120183,17.5830930048583,18.5777696976983,19.5724463905383,20.5671230833783,
21.5617997762183,21.9911485751286),.UNSPECIFIED.);
#276=B_SPLINE_CURVE_WITH_KNOTS('',3,(#3369,#3370,#3371,#3372,#3373,#3374,
#3375,#3376,#3377,#3378),.UNSPECIFIED.,.F.,.F.,(4,1,1,1,1,1,1,4),(15.707963267949,
16.2648910951211,17.2595677879611,18.254244480801,19.248921173641,20.243597866481,
21.238274559321,21.9911485751286),.UNSPECIFIED.);
#277=B_SPLINE_CURVE_WITH_KNOTS('',3,(#3395,#3396,#3397,#3398,#3399,#3400,
#3401,#3402,#3403,#3404,#3405,#3406,#3407,#3408,#3409,#3410,#3411,#3412,
#3413,#3414,#3415,#3416,#3417,#3418,#3419,#3420,#3421,#3422,#3423,#3424,
#3425,#3426,#3427,#3428,#3429,#3430,#3431,#3432,#3433,#3434,#3435,#3436,
#3437,#3438,#3439,#3440,#3441,#3442,#3443,#3444,#3445,#3446,#3447,#3448,
#3449,#3450,#3451,#3452,#3453,#3454,#3455,#3456,#3457,#3458,#3459,#3460,
#3461,#3462,#3463,#3464,#3465,#3466,#3467,#3468,#3469,#3470,#3471,#3472,
#3473,#3474,#3475,#3476,#3477,#3478,#3479,#3480,#3481,#3482,#3483,#3484,
#3485),.UNSPECIFIED.,.F.,.F.,(4,3,3,3,3,3,3,3,3,3,3,3,3,3,3,3,3,3,3,3,3,
3,3,3,3,3,3,3,3,3,4),(-0.552745378375044,-0.529472556390779,-0.500078544306376,
-0.484545983772222,-0.477558357508533,-0.472214054130936,-0.44316439652098,
-0.419213543925847,-0.408469831131599,-0.402213369577188,-0.397555413407062,
-0.36924831931088,-0.339825633423139,-0.31270309277162,-0.296638639051361,
-0.291421348876497,-0.264616572411524,-0.251557575759916,-0.224186693888234,
-0.196163357152205,-0.191770163750616,-0.165161199930302,-0.138531808202917,
-0.112283159687071,-0.098247764726187,-0.0941652638132971,-0.0901737996768534,
-0.0646284709959162,-0.0394839171445111,-0.0151225616407638,0.),
 .UNSPECIFIED.);
#278=B_SPLINE_CURVE_WITH_KNOTS('',3,(#3488,#3489,#3490,#3491,#3492,#3493,
#3494,#3495,#3496,#3497,#3498,#3499,#3500,#3501,#3502,#3503,#3504,#3505,
#3506,#3507,#3508,#3509,#3510,#3511,#3512,#3513,#3514,#3515,#3516,#3517,
#3518,#3519,#3520,#3521,#3522,#3523,#3524,#3525,#3526,#3527,#3528,#3529,
#3530,#3531,#3532,#3533,#3534,#3535,#3536,#3537,#3538,#3539,#3540,#3541,
#3542,#3543,#3544,#3545,#3546,#3547,#3548,#3549,#3550,#3551,#3552,#3553,
#3554,#3555,#3556,#3557,#3558,#3559,#3560,#3561,#3562,#3563,#3564,#3565,
#3566,#3567,#3568,#3569,#3570,#3571,#3572,#3573,#3574,#3575,#3576,#3577,
#3578),.UNSPECIFIED.,.F.,.F.,(4,3,3,3,3,3,3,3,3,3,3,3,3,3,3,3,3,3,3,3,3,
3,3,3,3,3,3,3,3,3,4),(-0.555272788399379,-0.536161044585969,-0.511430723715908,
-0.497062703913032,-0.491824183011535,-0.48688896041828,-0.461093189918044,
-0.438649342037025,-0.427272163130188,-0.421991831960009,-0.395410351621099,
-0.368372622766643,-0.346665068792456,-0.330384403311815,-0.325181048224962,
-0.321077504070433,-0.293162725995945,-0.281542406869894,-0.25458982338285,
-0.227099777934633,-0.221543326647919,-0.217690890420794,-0.189760145842597,
-0.161286065676262,-0.13256063582502,-0.115990556346893,-0.11177437892336,
-0.0823215037365184,-0.0527704229532777,-0.0237669922807315,0.),
 .UNSPECIFIED.);
#279=B_SPLINE_CURVE_WITH_KNOTS('',3,(#4274,#4275,#4276,#4277,#4278,#4279,
#4280,#4281,#4282,#4283,#4284,#4285,#4286,#4287,#4288,#4289,#4290,#4291,
#4292,#4293,#4294,#4295,#4296,#4297,#4298,#4299,#4300,#4301,#4302,#4303,
#4304,#4305,#4306,#4307,#4308,#4309,#4310,#4311,#4312,#4313,#4314,#4315,
#4316,#4317,#4318,#4319,#4320,#4321,#4322,#4323,#4324,#4325,#4326,#4327,
#4328,#4329,#4330,#4331,#4332,#4333,#4334,#4335,#4336,#4337,#4338,#4339,
#4340,#4341,#4342,#4343,#4344,#4345,#4346,#4347,#4348,#4349,#4350,#4351,
#4352,#4353,#4354,#4355,#4356,#4357,#4358,#4359,#4360,#4361,#4362,#4363,
#4364),.UNSPECIFIED.,.F.,.F.,(4,3,3,3,3,3,3,3,3,3,3,3,3,3,3,3,3,3,3,3,3,
3,3,3,3,3,3,3,3,3,4),(0.,0.0233842778512245,0.0525174771171468,0.0820803936131047,
0.109676943153139,0.11540043382462,0.144150541148509,0.172803873345961,
0.200960279178052,0.213696843022467,0.219323764168653,0.223615751980695,
0.25119446914726,0.277982819460158,0.302852789933376,0.3186290398375,0.32477385996798,
0.32905250142567,0.355732770335928,0.382832293942252,0.406011362535303,
0.418093000241437,0.425078371519952,0.429607324213249,0.455910165394856,
0.480750821145981,0.48769152445106,0.494567223476329,0.519841566760157,
0.544401283410179,0.555272788399354),.UNSPECIFIED.);
#280=B_SPLINE_CURVE_WITH_KNOTS('',3,(#4365,#4366,#4367,#4368,#4369,#4370,
#4371,#4372,#4373,#4374,#4375,#4376,#4377,#4378,#4379,#4380,#4381,#4382,
#4383),.UNSPECIFIED.,.F.,.F.,(4,3,3,3,3,3,4),(151.913747780678,152.185534004519,
153.180210697359,154.174887390199,155.169564083039,156.164240775879,157.07963267949),
 .UNSPECIFIED.);
#281=B_SPLINE_CURVE_WITH_KNOTS('',3,(#4384,#4385,#4386,#4387,#4388,#4389,
#4390,#4391,#4392),.UNSPECIFIED.,.F.,.F.,(4,1,1,1,1,1,4),(10.3761157273103,
11.2915076309211,12.2861843237611,13.2808610166011,14.2755377094411,15.2702144022811,
15.707963267949),.UNSPECIFIED.);
#282=B_SPLINE_CURVE_WITH_KNOTS('',3,(#4394,#4395,#4396,#4397,#4398,#4399,
#4400,#4401),.UNSPECIFIED.,.F.,.F.,(4,1,1,1,1,4),(11.6150328478183,12.6097095406583,
13.6043862334983,14.5990629263383,15.5937396191783,15.707963267949),
 .UNSPECIFIED.);
#283=B_SPLINE_CURVE_WITH_KNOTS('',3,(#5055,#5056,#5057,#5058,#5059,#5060,
#5061,#5062,#5063,#5064,#5065,#5066,#5067,#5068,#5069,#5070,#5071,#5072,
#5073,#5074,#5075,#5076,#5077,#5078,#5079,#5080,#5081,#5082,#5083,#5084,
#5085,#5086,#5087,#5088,#5089,#5090,#5091,#5092,#5093,#5094,#5095,#5096,
#5097,#5098,#5099,#5100,#5101,#5102,#5103,#5104,#5105,#5106,#5107,#5108,
#5109,#5110,#5111,#5112,#5113,#5114,#5115,#5116,#5117,#5118,#5119,#5120,
#5121,#5122,#5123,#5124,#5125,#5126,#5127,#5128,#5129,#5130,#5131,#5132,
#5133,#5134,#5135,#5136,#5137,#5138,#5139),.UNSPECIFIED.,.F.,.F.,(4,3,3,
3,3,3,3,3,3,3,3,3,3,3,3,3,3,3,3,3,3,3,3,3,3,3,3,3,4),(0.,0.0190461969114994,
0.0435266393125656,0.0686346586297347,0.0814531805311116,0.0909456113525157,
0.0968514654774668,0.122793225761707,0.14926679247321,0.175947533599001,
0.188214305493001,0.192506144900448,0.219897882188281,0.247269102403347,
0.272770740846889,0.290269155692399,0.294734154401341,0.321483382260087,
0.348931031580469,0.377015012743256,0.400439078530319,0.405123111971988,
0.433919866498748,0.463626244467824,0.475681980994835,0.480852713840298,
0.510424313001772,0.539609919641762,0.552745378375052),.UNSPECIFIED.);
#284=B_SPLINE_CURVE_WITH_KNOTS('',3,(#5140,#5141,#5142,#5143,#5144,#5145,
#5146,#5147,#5148,#5149,#5150,#5151,#5152,#5153,#5154,#5155),
 .UNSPECIFIED.,.F.,.F.,(4,3,3,3,3,4),(-159.148270854399,-158.153594161559,
-157.158917468719,-156.164240775879,-155.169564083039,-154.889377792441),
 .UNSPECIFIED.);
#285=LINE('',#1556,#356);
#286=LINE('',#1580,#357);
#287=LINE('',#1628,#358);
#288=LINE('',#1676,#359);
#289=LINE('',#1730,#360);
#290=LINE('',#1778,#361);
#291=LINE('',#1826,#362);
#292=LINE('',#1880,#363);
#293=LINE('',#1928,#364);
#294=LINE('',#1976,#365);
#295=LINE('',#2024,#366);
#296=LINE('',#2078,#367);
#297=LINE('',#2126,#368);
#298=LINE('',#2174,#369);
#299=LINE('',#2228,#370);
#300=LINE('',#2276,#371);
#301=LINE('',#2324,#372);
#302=LINE('',#2378,#373);
#303=LINE('',#2426,#374);
#304=LINE('',#2474,#375);
#305=LINE('',#2528,#376);
#306=LINE('',#2576,#377);
#307=LINE('',#2624,#378);
#308=LINE('',#2678,#379);
#309=LINE('',#2726,#380);
#310=LINE('',#2774,#381);
#311=LINE('',#2791,#382);
#312=LINE('',#2816,#383);
#313=LINE('',#2840,#384);
#314=LINE('',#2865,#385);
#315=LINE('',#2890,#386);
#316=LINE('',#2914,#387);
#317=LINE('',#2939,#388);
#318=LINE('',#2964,#389);
#319=LINE('',#2988,#390);
#320=LINE('',#3013,#391);
#321=LINE('',#3038,#392);
#322=LINE('',#3062,#393);
#323=LINE('',#3087,#394);
#324=LINE('',#3112,#395);
#325=LINE('',#3136,#396);
#326=LINE('',#3161,#397);
#327=LINE('',#3186,#398);
#328=LINE('',#3210,#399);
#329=LINE('',#3234,#400);
#330=LINE('',#3259,#401);
#331=LINE('',#3284,#402);
#332=LINE('',#3308,#403);
#333=LINE('',#3333,#404);
#334=LINE('',#3358,#405);
#335=LINE('',#3383,#406);
#336=LINE('',#3389,#407);
#337=LINE('',#3581,#408);
#338=LINE('',#3586,#409);
#339=LINE('',#3588,#410);
#340=LINE('',#3590,#411);
#341=LINE('',#3592,#412);
#342=LINE('',#3594,#413);
#343=LINE('',#3595,#414);
#344=LINE('',#3598,#415);
#345=LINE('',#3600,#416);
#346=LINE('',#3601,#417);
#347=LINE('',#3604,#418);
#348=LINE('',#3605,#419);
#349=LINE('',#3608,#420);
#350=LINE('',#3609,#421);
#351=LINE('',#3612,#422);
#352=LINE('',#3613,#423);
#353=LINE('',#3616,#424);
#354=LINE('',#3617,#425);
#355=LINE('',#3619,#426);
#356=VECTOR('',#1333,3.5);
#357=VECTOR('',#1338,3.5);
#358=VECTOR('',#1341,3.5);
#359=VECTOR('',#1344,3.5);
#360=VECTOR('',#1347,3.5);
#361=VECTOR('',#1350,3.5);
#362=VECTOR('',#1353,3.5);
#363=VECTOR('',#1356,3.5);
#364=VECTOR('',#1359,3.5);
#365=VECTOR('',#1362,3.5);
#366=VECTOR('',#1365,3.5);
#367=VECTOR('',#1368,3.5);
#368=VECTOR('',#1371,3.5);
#369=VECTOR('',#1374,3.5);
#370=VECTOR('',#1377,3.5);
#371=VECTOR('',#1380,3.5);
#372=VECTOR('',#1383,3.5);
#373=VECTOR('',#1386,3.5);
#374=VECTOR('',#1389,3.5);
#375=VECTOR('',#1392,3.5);
#376=VECTOR('',#1395,3.5);
#377=VECTOR('',#1398,3.5);
#378=VECTOR('',#1401,3.5);
#379=VECTOR('',#1404,3.5);
#380=VECTOR('',#1407,3.5);
#381=VECTOR('',#1410,2.37175);
#382=VECTOR('',#1415,2.37175);
#383=VECTOR('',#1418,2.37175);
#384=VECTOR('',#1421,2.37175);
#385=VECTOR('',#1424,2.37175);
#386=VECTOR('',#1427,2.37175);
#387=VECTOR('',#1430,2.37175);
#388=VECTOR('',#1433,2.37175);
#389=VECTOR('',#1436,2.37175);
#390=VECTOR('',#1439,2.37175);
#391=VECTOR('',#1442,2.37175);
#392=VECTOR('',#1445,2.37175);
#393=VECTOR('',#1448,2.37175);
#394=VECTOR('',#1451,2.37175);
#395=VECTOR('',#1454,2.37175);
#396=VECTOR('',#1457,2.37175);
#397=VECTOR('',#1460,2.37175);
#398=VECTOR('',#1463,2.37175);
#399=VECTOR('',#1466,2.37175);
#400=VECTOR('',#1469,2.37175);
#401=VECTOR('',#1472,2.37175);
#402=VECTOR('',#1475,2.37175);
#403=VECTOR('',#1478,2.37175);
#404=VECTOR('',#1481,2.37175);
#405=VECTOR('',#1484,2.37175);
#406=VECTOR('',#1489,5.85);
#407=VECTOR('',#1496,6.);
#408=VECTOR('',#1507,5.85);
#409=VECTOR('',#1512,10.);
#410=VECTOR('',#1513,10.);
#411=VECTOR('',#1514,10.);
#412=VECTOR('',#1515,10.);
#413=VECTOR('',#1516,10.);
#414=VECTOR('',#1517,10.);
#415=VECTOR('',#1520,10.);
#416=VECTOR('',#1521,10.);
#417=VECTOR('',#1522,10.);
#418=VECTOR('',#1525,10.);
#419=VECTOR('',#1526,10.);
#420=VECTOR('',#1529,10.);
#421=VECTOR('',#1530,10.);
#422=VECTOR('',#1533,10.);
#423=VECTOR('',#1534,10.);
#424=VECTOR('',#1537,10.);
#425=VECTOR('',#1538,10.);
#426=VECTOR('',#1541,10.);
#427=VERTEX_POINT('',#1554);
#428=VERTEX_POINT('',#1555);
#429=VERTEX_POINT('',#1557);
#430=VERTEX_POINT('',#1568);
#431=VERTEX_POINT('',#1578);
#432=VERTEX_POINT('',#1579);
#433=VERTEX_POINT('',#1626);
#434=VERTEX_POINT('',#1627);
#435=VERTEX_POINT('',#1674);
#436=VERTEX_POINT('',#1675);
#437=VERTEX_POINT('',#1728);
#438=VERTEX_POINT('',#1729);
#439=VERTEX_POINT('',#1776);
#440=VERTEX_POINT('',#1777);
#441=VERTEX_POINT('',#1824);
#442=VERTEX_POINT('',#1825);
#443=VERTEX_POINT('',#1878);
#444=VERTEX_POINT('',#1879);
#445=VERTEX_POINT('',#1926);
#446=VERTEX_POINT('',#1927);
#447=VERTEX_POINT('',#1974);
#448=VERTEX_POINT('',#1975);
#449=VERTEX_POINT('',#2022);
#450=VERTEX_POINT('',#2023);
#451=VERTEX_POINT('',#2076);
#452=VERTEX_POINT('',#2077);
#453=VERTEX_POINT('',#2124);
#454=VERTEX_POINT('',#2125);
#455=VERTEX_POINT('',#2172);
#456=VERTEX_POINT('',#2173);
#457=VERTEX_POINT('',#2226);
#458=VERTEX_POINT('',#2227);
#459=VERTEX_POINT('',#2274);
#460=VERTEX_POINT('',#2275);
#461=VERTEX_POINT('',#2322);
#462=VERTEX_POINT('',#2323);
#463=VERTEX_POINT('',#2376);
#464=VERTEX_POINT('',#2377);
#465=VERTEX_POINT('',#2424);
#466=VERTEX_POINT('',#2425);
#467=VERTEX_POINT('',#2472);
#468=VERTEX_POINT('',#2473);
#469=VERTEX_POINT('',#2526);
#470=VERTEX_POINT('',#2527);
#471=VERTEX_POINT('',#2574);
#472=VERTEX_POINT('',#2575);
#473=VERTEX_POINT('',#2622);
#474=VERTEX_POINT('',#2623);
#475=VERTEX_POINT('',#2676);
#476=VERTEX_POINT('',#2677);
#477=VERTEX_POINT('',#2724);
#478=VERTEX_POINT('',#2725);
#479=VERTEX_POINT('',#2772);
#480=VERTEX_POINT('',#2773);
#481=VERTEX_POINT('',#2775);
#482=VERTEX_POINT('',#2782);
#483=VERTEX_POINT('',#2789);
#484=VERTEX_POINT('',#2790);
#485=VERTEX_POINT('',#2814);
#486=VERTEX_POINT('',#2815);
#487=VERTEX_POINT('',#2838);
#488=VERTEX_POINT('',#2839);
#489=VERTEX_POINT('',#2863);
#490=VERTEX_POINT('',#2864);
#491=VERTEX_POINT('',#2888);
#492=VERTEX_POINT('',#2889);
#493=VERTEX_POINT('',#2912);
#494=VERTEX_POINT('',#2913);
#495=VERTEX_POINT('',#2937);
#496=VERTEX_POINT('',#2938);
#497=VERTEX_POINT('',#2962);
#498=VERTEX_POINT('',#2963);
#499=VERTEX_POINT('',#2986);
#500=VERTEX_POINT('',#2987);
#501=VERTEX_POINT('',#3011);
#502=VERTEX_POINT('',#3012);
#503=VERTEX_POINT('',#3036);
#504=VERTEX_POINT('',#3037);
#505=VERTEX_POINT('',#3060);
#506=VERTEX_POINT('',#3061);
#507=VERTEX_POINT('',#3085);
#508=VERTEX_POINT('',#3086);
#509=VERTEX_POINT('',#3110);
#510=VERTEX_POINT('',#3111);
#511=VERTEX_POINT('',#3134);
#512=VERTEX_POINT('',#3135);
#513=VERTEX_POINT('',#3159);
#514=VERTEX_POINT('',#3160);
#515=VERTEX_POINT('',#3184);
#516=VERTEX_POINT('',#3185);
#517=VERTEX_POINT('',#3208);
#518=VERTEX_POINT('',#3209);
#519=VERTEX_POINT('',#3232);
#520=VERTEX_POINT('',#3233);
#521=VERTEX_POINT('',#3257);
#522=VERTEX_POINT('',#3258);
#523=VERTEX_POINT('',#3282);
#524=VERTEX_POINT('',#3283);
#525=VERTEX_POINT('',#3306);
#526=VERTEX_POINT('',#3307);
#527=VERTEX_POINT('',#3331);
#528=VERTEX_POINT('',#3332);
#529=VERTEX_POINT('',#3356);
#530=VERTEX_POINT('',#3357);
#531=VERTEX_POINT('',#3380);
#532=VERTEX_POINT('',#3382);
#533=VERTEX_POINT('',#3384);
#534=VERTEX_POINT('',#3388);
#535=VERTEX_POINT('',#3390);
#536=VERTEX_POINT('',#3394);
#537=VERTEX_POINT('',#3486);
#538=VERTEX_POINT('',#3580);
#539=VERTEX_POINT('',#3584);
#540=VERTEX_POINT('',#3585);
#541=VERTEX_POINT('',#3587);
#542=VERTEX_POINT('',#3589);
#543=VERTEX_POINT('',#3591);
#544=VERTEX_POINT('',#3593);
#545=VERTEX_POINT('',#3597);
#546=VERTEX_POINT('',#3599);
#547=VERTEX_POINT('',#3603);
#548=VERTEX_POINT('',#3607);
#549=VERTEX_POINT('',#3611);
#550=VERTEX_POINT('',#3615);
#551=VERTEX_POINT('',#4273);
#552=VERTEX_POINT('',#5054);
#553=EDGE_CURVE('',#427,#428,#285,.T.);
#554=EDGE_CURVE('',#427,#429,#177,.T.);
#555=EDGE_CURVE('',#429,#430,#167,.F.);
#556=EDGE_CURVE('',#430,#428,#178,.T.);
#557=EDGE_CURVE('',#431,#432,#286,.T.);
#558=EDGE_CURVE('',#431,#427,#179,.T.);
#559=EDGE_CURVE('',#428,#432,#180,.T.);
#560=EDGE_CURVE('',#433,#434,#287,.T.);
#561=EDGE_CURVE('',#433,#431,#181,.T.);
#562=EDGE_CURVE('',#432,#434,#182,.T.);
#563=EDGE_CURVE('',#435,#436,#288,.T.);
#564=EDGE_CURVE('',#435,#433,#183,.T.);
#565=EDGE_CURVE('',#434,#436,#184,.T.);
#566=EDGE_CURVE('',#437,#438,#289,.T.);
#567=EDGE_CURVE('',#437,#435,#185,.T.);
#568=EDGE_CURVE('',#436,#438,#186,.T.);
#569=EDGE_CURVE('',#439,#440,#290,.T.);
#570=EDGE_CURVE('',#439,#437,#187,.T.);
#571=EDGE_CURVE('',#438,#440,#188,.T.);
#572=EDGE_CURVE('',#441,#442,#291,.T.);
#573=EDGE_CURVE('',#441,#439,#189,.T.);
#574=EDGE_CURVE('',#440,#442,#190,.T.);
#575=EDGE_CURVE('',#443,#444,#292,.T.);
#576=EDGE_CURVE('',#443,#441,#191,.T.);
#577=EDGE_CURVE('',#442,#444,#192,.T.);
#578=EDGE_CURVE('',#445,#446,#293,.T.);
#579=EDGE_CURVE('',#445,#443,#193,.T.);
#580=EDGE_CURVE('',#444,#446,#194,.T.);
#581=EDGE_CURVE('',#447,#448,#294,.T.);
#582=EDGE_CURVE('',#447,#445,#195,.T.);
#583=EDGE_CURVE('',#446,#448,#196,.T.);
#584=EDGE_CURVE('',#449,#450,#295,.T.);
#585=EDGE_CURVE('',#449,#447,#197,.T.);
#586=EDGE_CURVE('',#448,#450,#198,.T.);
#587=EDGE_CURVE('',#451,#452,#296,.T.);
#588=EDGE_CURVE('',#451,#449,#199,.T.);
#589=EDGE_CURVE('',#450,#452,#200,.T.);
#590=EDGE_CURVE('',#453,#454,#297,.T.);
#591=EDGE_CURVE('',#453,#451,#201,.T.);
#592=EDGE_CURVE('',#452,#454,#202,.T.);
#593=EDGE_CURVE('',#455,#456,#298,.T.);
#594=EDGE_CURVE('',#455,#453,#203,.T.);
#595=EDGE_CURVE('',#454,#456,#204,.T.);
#596=EDGE_CURVE('',#457,#458,#299,.T.);
#597=EDGE_CURVE('',#457,#455,#205,.T.);
#598=EDGE_CURVE('',#456,#458,#206,.T.);
#599=EDGE_CURVE('',#459,#460,#300,.T.);
#600=EDGE_CURVE('',#459,#457,#207,.T.);
#601=EDGE_CURVE('',#458,#460,#208,.T.);
#602=EDGE_CURVE('',#461,#462,#301,.T.);
#603=EDGE_CURVE('',#461,#459,#209,.T.);
#604=EDGE_CURVE('',#460,#462,#210,.T.);
#605=EDGE_CURVE('',#463,#464,#302,.T.);
#606=EDGE_CURVE('',#463,#461,#211,.T.);
#607=EDGE_CURVE('',#462,#464,#212,.T.);
#608=EDGE_CURVE('',#465,#466,#303,.T.);
#609=EDGE_CURVE('',#465,#463,#213,.T.);
#610=EDGE_CURVE('',#464,#466,#214,.T.);
#611=EDGE_CURVE('',#467,#468,#304,.T.);
#612=EDGE_CURVE('',#467,#465,#215,.T.);
#613=EDGE_CURVE('',#466,#468,#216,.T.);
#614=EDGE_CURVE('',#469,#470,#305,.T.);
#615=EDGE_CURVE('',#469,#467,#217,.T.);
#616=EDGE_CURVE('',#468,#470,#218,.T.);
#617=EDGE_CURVE('',#471,#472,#306,.T.);
#618=EDGE_CURVE('',#471,#469,#219,.T.);
#619=EDGE_CURVE('',#470,#472,#220,.T.);
#620=EDGE_CURVE('',#473,#474,#307,.T.);
#621=EDGE_CURVE('',#473,#471,#221,.T.);
#622=EDGE_CURVE('',#472,#474,#222,.T.);
#623=EDGE_CURVE('',#475,#476,#308,.T.);
#624=EDGE_CURVE('',#475,#473,#223,.T.);
#625=EDGE_CURVE('',#474,#476,#224,.T.);
#626=EDGE_CURVE('',#477,#478,#309,.T.);
#627=EDGE_CURVE('',#477,#475,#225,.T.);
#628=EDGE_CURVE('',#476,#478,#226,.T.);
#629=EDGE_CURVE('',#479,#480,#310,.T.);
#630=EDGE_CURVE('',#479,#481,#227,.T.);
#631=EDGE_CURVE('',#482,#481,#168,.T.);
#632=EDGE_CURVE('',#480,#482,#228,.T.);
#633=EDGE_CURVE('',#483,#484,#311,.T.);
#634=EDGE_CURVE('',#483,#479,#229,.T.);
#635=EDGE_CURVE('',#484,#480,#230,.T.);
#636=EDGE_CURVE('',#485,#486,#312,.T.);
#637=EDGE_CURVE('',#485,#483,#231,.T.);
#638=EDGE_CURVE('',#486,#484,#232,.T.);
#639=EDGE_CURVE('',#487,#488,#313,.T.);
#640=EDGE_CURVE('',#487,#485,#233,.T.);
#641=EDGE_CURVE('',#488,#486,#234,.T.);
#642=EDGE_CURVE('',#489,#490,#314,.T.);
#643=EDGE_CURVE('',#489,#487,#235,.T.);
#644=EDGE_CURVE('',#490,#488,#236,.T.);
#645=EDGE_CURVE('',#491,#492,#315,.T.);
#646=EDGE_CURVE('',#491,#489,#237,.T.);
#647=EDGE_CURVE('',#492,#490,#238,.T.);
#648=EDGE_CURVE('',#493,#494,#316,.T.);
#649=EDGE_CURVE('',#493,#491,#239,.T.);
#650=EDGE_CURVE('',#494,#492,#240,.T.);
#651=EDGE_CURVE('',#495,#496,#317,.T.);
#652=EDGE_CURVE('',#495,#493,#241,.T.);
#653=EDGE_CURVE('',#496,#494,#242,.T.);
#654=EDGE_CURVE('',#497,#498,#318,.T.);
#655=EDGE_CURVE('',#497,#495,#243,.T.);
#656=EDGE_CURVE('',#498,#496,#244,.T.);
#657=EDGE_CURVE('',#499,#500,#319,.T.);
#658=EDGE_CURVE('',#499,#497,#245,.T.);
#659=EDGE_CURVE('',#500,#498,#246,.T.);
#660=EDGE_CURVE('',#501,#502,#320,.T.);
#661=EDGE_CURVE('',#501,#499,#247,.T.);
#662=EDGE_CURVE('',#502,#500,#248,.T.);
#663=EDGE_CURVE('',#503,#504,#321,.T.);
#664=EDGE_CURVE('',#503,#501,#249,.T.);
#665=EDGE_CURVE('',#504,#502,#250,.T.);
#666=EDGE_CURVE('',#505,#506,#322,.T.);
#667=EDGE_CURVE('',#505,#503,#251,.T.);
#668=EDGE_CURVE('',#506,#504,#252,.T.);
#669=EDGE_CURVE('',#507,#508,#323,.T.);
#670=EDGE_CURVE('',#507,#505,#253,.T.);
#671=EDGE_CURVE('',#508,#506,#254,.T.);
#672=EDGE_CURVE('',#509,#510,#324,.T.);
#673=EDGE_CURVE('',#509,#507,#255,.T.);
#674=EDGE_CURVE('',#510,#508,#256,.T.);
#675=EDGE_CURVE('',#511,#512,#325,.T.);
#676=EDGE_CURVE('',#511,#509,#257,.T.);
#677=EDGE_CURVE('',#512,#510,#258,.T.);
#678=EDGE_CURVE('',#513,#514,#326,.T.);
#679=EDGE_CURVE('',#513,#511,#259,.T.);
#680=EDGE_CURVE('',#514,#512,#260,.T.);
#681=EDGE_CURVE('',#515,#516,#327,.T.);
#682=EDGE_CURVE('',#515,#513,#261,.T.);
#683=EDGE_CURVE('',#516,#514,#262,.T.);
#684=EDGE_CURVE('',#517,#518,#328,.T.);
#685=EDGE_CURVE('',#517,#515,#263,.T.);
#686=EDGE_CURVE('',#518,#516,#264,.T.);
#687=EDGE_CURVE('',#519,#520,#329,.T.);
#688=EDGE_CURVE('',#519,#517,#265,.T.);
#689=EDGE_CURVE('',#520,#518,#266,.T.);
#690=EDGE_CURVE('',#521,#522,#330,.T.);
#691=EDGE_CURVE('',#521,#519,#267,.T.);
#692=EDGE_CURVE('',#522,#520,#268,.T.);
#693=EDGE_CURVE('',#523,#524,#331,.T.);
#694=EDGE_CURVE('',#523,#521,#269,.T.);
#695=EDGE_CURVE('',#524,#522,#270,.T.);
#696=EDGE_CURVE('',#525,#526,#332,.T.);
#697=EDGE_CURVE('',#525,#523,#271,.T.);
#698=EDGE_CURVE('',#526,#524,#272,.T.);
#699=EDGE_CURVE('',#527,#528,#333,.T.);
#700=EDGE_CURVE('',#527,#525,#273,.T.);
#701=EDGE_CURVE('',#528,#526,#274,.T.);
#702=EDGE_CURVE('',#529,#530,#334,.T.);
#703=EDGE_CURVE('',#529,#527,#275,.T.);
#704=EDGE_CURVE('',#530,#528,#276,.T.);
#705=EDGE_CURVE('',#531,#531,#169,.T.);
#706=EDGE_CURVE('',#531,#532,#335,.T.);
#707=EDGE_CURVE('',#532,#533,#170,.T.);
#708=EDGE_CURVE('',#533,#532,#171,.T.);
#709=EDGE_CURVE('',#533,#534,#336,.T.);
#710=EDGE_CURVE('',#535,#534,#172,.T.);
#711=EDGE_CURVE('',#534,#535,#173,.T.);
#712=EDGE_CURVE('',#429,#536,#277,.T.);
#713=EDGE_CURVE('',#536,#537,#174,.T.);
#714=EDGE_CURVE('',#537,#430,#278,.T.);
#715=EDGE_CURVE('',#535,#538,#337,.T.);
#716=EDGE_CURVE('',#538,#538,#175,.T.);
#717=EDGE_CURVE('',#539,#540,#338,.T.);
#718=EDGE_CURVE('',#540,#541,#339,.T.);
#719=EDGE_CURVE('',#541,#542,#340,.T.);
#720=EDGE_CURVE('',#542,#543,#341,.T.);
#721=EDGE_CURVE('',#543,#544,#342,.T.);
#722=EDGE_CURVE('',#544,#539,#343,.T.);
#723=EDGE_CURVE('',#539,#545,#344,.T.);
#724=EDGE_CURVE('',#545,#546,#345,.T.);
#725=EDGE_CURVE('',#540,#546,#346,.T.);
#726=EDGE_CURVE('',#544,#547,#347,.T.);
#727=EDGE_CURVE('',#547,#545,#348,.T.);
#728=EDGE_CURVE('',#543,#548,#349,.T.);
#729=EDGE_CURVE('',#548,#547,#350,.T.);
#730=EDGE_CURVE('',#542,#549,#351,.T.);
#731=EDGE_CURVE('',#549,#548,#352,.T.);
#732=EDGE_CURVE('',#541,#550,#353,.T.);
#733=EDGE_CURVE('',#550,#549,#354,.T.);
#734=EDGE_CURVE('',#546,#550,#355,.T.);
#735=EDGE_CURVE('',#551,#482,#279,.T.);
#736=EDGE_CURVE('',#478,#551,#280,.T.);
#737=EDGE_CURVE('',#537,#530,#281,.T.);
#738=EDGE_CURVE('',#536,#529,#282,.T.);
#739=EDGE_CURVE('',#481,#552,#283,.T.);
#740=EDGE_CURVE('',#552,#477,#284,.T.);
#741=EDGE_CURVE('',#552,#551,#176,.F.);
#742=ORIENTED_EDGE('',*,*,#553,.F.);
#743=ORIENTED_EDGE('',*,*,#554,.T.);
#744=ORIENTED_EDGE('',*,*,#555,.T.);
#745=ORIENTED_EDGE('',*,*,#556,.T.);
#746=ORIENTED_EDGE('',*,*,#557,.F.);
#747=ORIENTED_EDGE('',*,*,#558,.T.);
#748=ORIENTED_EDGE('',*,*,#553,.T.);
#749=ORIENTED_EDGE('',*,*,#559,.T.);
#750=ORIENTED_EDGE('',*,*,#560,.F.);
#751=ORIENTED_EDGE('',*,*,#561,.T.);
#752=ORIENTED_EDGE('',*,*,#557,.T.);
#753=ORIENTED_EDGE('',*,*,#562,.T.);
#754=ORIENTED_EDGE('',*,*,#563,.F.);
#755=ORIENTED_EDGE('',*,*,#564,.T.);
#756=ORIENTED_EDGE('',*,*,#560,.T.);
#757=ORIENTED_EDGE('',*,*,#565,.T.);
#758=ORIENTED_EDGE('',*,*,#566,.F.);
#759=ORIENTED_EDGE('',*,*,#567,.T.);
#760=ORIENTED_EDGE('',*,*,#563,.T.);
#761=ORIENTED_EDGE('',*,*,#568,.T.);
#762=ORIENTED_EDGE('',*,*,#569,.F.);
#763=ORIENTED_EDGE('',*,*,#570,.T.);
#764=ORIENTED_EDGE('',*,*,#566,.T.);
#765=ORIENTED_EDGE('',*,*,#571,.T.);
#766=ORIENTED_EDGE('',*,*,#572,.F.);
#767=ORIENTED_EDGE('',*,*,#573,.T.);
#768=ORIENTED_EDGE('',*,*,#569,.T.);
#769=ORIENTED_EDGE('',*,*,#574,.T.);
#770=ORIENTED_EDGE('',*,*,#575,.F.);
#771=ORIENTED_EDGE('',*,*,#576,.T.);
#772=ORIENTED_EDGE('',*,*,#572,.T.);
#773=ORIENTED_EDGE('',*,*,#577,.T.);
#774=ORIENTED_EDGE('',*,*,#578,.F.);
#775=ORIENTED_EDGE('',*,*,#579,.T.);
#776=ORIENTED_EDGE('',*,*,#575,.T.);
#777=ORIENTED_EDGE('',*,*,#580,.T.);
#778=ORIENTED_EDGE('',*,*,#581,.F.);
#779=ORIENTED_EDGE('',*,*,#582,.T.);
#780=ORIENTED_EDGE('',*,*,#578,.T.);
#781=ORIENTED_EDGE('',*,*,#583,.T.);
#782=ORIENTED_EDGE('',*,*,#584,.F.);
#783=ORIENTED_EDGE('',*,*,#585,.T.);
#784=ORIENTED_EDGE('',*,*,#581,.T.);
#785=ORIENTED_EDGE('',*,*,#586,.T.);
#786=ORIENTED_EDGE('',*,*,#587,.F.);
#787=ORIENTED_EDGE('',*,*,#588,.T.);
#788=ORIENTED_EDGE('',*,*,#584,.T.);
#789=ORIENTED_EDGE('',*,*,#589,.T.);
#790=ORIENTED_EDGE('',*,*,#590,.F.);
#791=ORIENTED_EDGE('',*,*,#591,.T.);
#792=ORIENTED_EDGE('',*,*,#587,.T.);
#793=ORIENTED_EDGE('',*,*,#592,.T.);
#794=ORIENTED_EDGE('',*,*,#593,.F.);
#795=ORIENTED_EDGE('',*,*,#594,.T.);
#796=ORIENTED_EDGE('',*,*,#590,.T.);
#797=ORIENTED_EDGE('',*,*,#595,.T.);
#798=ORIENTED_EDGE('',*,*,#596,.F.);
#799=ORIENTED_EDGE('',*,*,#597,.T.);
#800=ORIENTED_EDGE('',*,*,#593,.T.);
#801=ORIENTED_EDGE('',*,*,#598,.T.);
#802=ORIENTED_EDGE('',*,*,#599,.F.);
#803=ORIENTED_EDGE('',*,*,#600,.T.);
#804=ORIENTED_EDGE('',*,*,#596,.T.);
#805=ORIENTED_EDGE('',*,*,#601,.T.);
#806=ORIENTED_EDGE('',*,*,#602,.F.);
#807=ORIENTED_EDGE('',*,*,#603,.T.);
#808=ORIENTED_EDGE('',*,*,#599,.T.);
#809=ORIENTED_EDGE('',*,*,#604,.T.);
#810=ORIENTED_EDGE('',*,*,#605,.F.);
#811=ORIENTED_EDGE('',*,*,#606,.T.);
#812=ORIENTED_EDGE('',*,*,#602,.T.);
#813=ORIENTED_EDGE('',*,*,#607,.T.);
#814=ORIENTED_EDGE('',*,*,#608,.F.);
#815=ORIENTED_EDGE('',*,*,#609,.T.);
#816=ORIENTED_EDGE('',*,*,#605,.T.);
#817=ORIENTED_EDGE('',*,*,#610,.T.);
#818=ORIENTED_EDGE('',*,*,#611,.F.);
#819=ORIENTED_EDGE('',*,*,#612,.T.);
#820=ORIENTED_EDGE('',*,*,#608,.T.);
#821=ORIENTED_EDGE('',*,*,#613,.T.);
#822=ORIENTED_EDGE('',*,*,#614,.F.);
#823=ORIENTED_EDGE('',*,*,#615,.T.);
#824=ORIENTED_EDGE('',*,*,#611,.T.);
#825=ORIENTED_EDGE('',*,*,#616,.T.);
#826=ORIENTED_EDGE('',*,*,#617,.F.);
#827=ORIENTED_EDGE('',*,*,#618,.T.);
#828=ORIENTED_EDGE('',*,*,#614,.T.);
#829=ORIENTED_EDGE('',*,*,#619,.T.);
#830=ORIENTED_EDGE('',*,*,#620,.F.);
#831=ORIENTED_EDGE('',*,*,#621,.T.);
#832=ORIENTED_EDGE('',*,*,#617,.T.);
#833=ORIENTED_EDGE('',*,*,#622,.T.);
#834=ORIENTED_EDGE('',*,*,#623,.F.);
#835=ORIENTED_EDGE('',*,*,#624,.T.);
#836=ORIENTED_EDGE('',*,*,#620,.T.);
#837=ORIENTED_EDGE('',*,*,#625,.T.);
#838=ORIENTED_EDGE('',*,*,#626,.F.);
#839=ORIENTED_EDGE('',*,*,#627,.T.);
#840=ORIENTED_EDGE('',*,*,#623,.T.);
#841=ORIENTED_EDGE('',*,*,#628,.T.);
#842=ORIENTED_EDGE('',*,*,#629,.F.);
#843=ORIENTED_EDGE('',*,*,#630,.T.);
#844=ORIENTED_EDGE('',*,*,#631,.F.);
#845=ORIENTED_EDGE('',*,*,#632,.F.);
#846=ORIENTED_EDGE('',*,*,#633,.F.);
#847=ORIENTED_EDGE('',*,*,#634,.T.);
#848=ORIENTED_EDGE('',*,*,#629,.T.);
#849=ORIENTED_EDGE('',*,*,#635,.F.);
#850=ORIENTED_EDGE('',*,*,#636,.F.);
#851=ORIENTED_EDGE('',*,*,#637,.T.);
#852=ORIENTED_EDGE('',*,*,#633,.T.);
#853=ORIENTED_EDGE('',*,*,#638,.F.);
#854=ORIENTED_EDGE('',*,*,#639,.F.);
#855=ORIENTED_EDGE('',*,*,#640,.T.);
#856=ORIENTED_EDGE('',*,*,#636,.T.);
#857=ORIENTED_EDGE('',*,*,#641,.F.);
#858=ORIENTED_EDGE('',*,*,#642,.F.);
#859=ORIENTED_EDGE('',*,*,#643,.T.);
#860=ORIENTED_EDGE('',*,*,#639,.T.);
#861=ORIENTED_EDGE('',*,*,#644,.F.);
#862=ORIENTED_EDGE('',*,*,#645,.F.);
#863=ORIENTED_EDGE('',*,*,#646,.T.);
#864=ORIENTED_EDGE('',*,*,#642,.T.);
#865=ORIENTED_EDGE('',*,*,#647,.F.);
#866=ORIENTED_EDGE('',*,*,#648,.F.);
#867=ORIENTED_EDGE('',*,*,#649,.T.);
#868=ORIENTED_EDGE('',*,*,#645,.T.);
#869=ORIENTED_EDGE('',*,*,#650,.F.);
#870=ORIENTED_EDGE('',*,*,#651,.F.);
#871=ORIENTED_EDGE('',*,*,#652,.T.);
#872=ORIENTED_EDGE('',*,*,#648,.T.);
#873=ORIENTED_EDGE('',*,*,#653,.F.);
#874=ORIENTED_EDGE('',*,*,#654,.F.);
#875=ORIENTED_EDGE('',*,*,#655,.T.);
#876=ORIENTED_EDGE('',*,*,#651,.T.);
#877=ORIENTED_EDGE('',*,*,#656,.F.);
#878=ORIENTED_EDGE('',*,*,#657,.F.);
#879=ORIENTED_EDGE('',*,*,#658,.T.);
#880=ORIENTED_EDGE('',*,*,#654,.T.);
#881=ORIENTED_EDGE('',*,*,#659,.F.);
#882=ORIENTED_EDGE('',*,*,#660,.F.);
#883=ORIENTED_EDGE('',*,*,#661,.T.);
#884=ORIENTED_EDGE('',*,*,#657,.T.);
#885=ORIENTED_EDGE('',*,*,#662,.F.);
#886=ORIENTED_EDGE('',*,*,#663,.F.);
#887=ORIENTED_EDGE('',*,*,#664,.T.);
#888=ORIENTED_EDGE('',*,*,#660,.T.);
#889=ORIENTED_EDGE('',*,*,#665,.F.);
#890=ORIENTED_EDGE('',*,*,#666,.F.);
#891=ORIENTED_EDGE('',*,*,#667,.T.);
#892=ORIENTED_EDGE('',*,*,#663,.T.);
#893=ORIENTED_EDGE('',*,*,#668,.F.);
#894=ORIENTED_EDGE('',*,*,#669,.F.);
#895=ORIENTED_EDGE('',*,*,#670,.T.);
#896=ORIENTED_EDGE('',*,*,#666,.T.);
#897=ORIENTED_EDGE('',*,*,#671,.F.);
#898=ORIENTED_EDGE('',*,*,#672,.F.);
#899=ORIENTED_EDGE('',*,*,#673,.T.);
#900=ORIENTED_EDGE('',*,*,#669,.T.);
#901=ORIENTED_EDGE('',*,*,#674,.F.);
#902=ORIENTED_EDGE('',*,*,#675,.F.);
#903=ORIENTED_EDGE('',*,*,#676,.T.);
#904=ORIENTED_EDGE('',*,*,#672,.T.);
#905=ORIENTED_EDGE('',*,*,#677,.F.);
#906=ORIENTED_EDGE('',*,*,#678,.F.);
#907=ORIENTED_EDGE('',*,*,#679,.T.);
#908=ORIENTED_EDGE('',*,*,#675,.T.);
#909=ORIENTED_EDGE('',*,*,#680,.F.);
#910=ORIENTED_EDGE('',*,*,#681,.F.);
#911=ORIENTED_EDGE('',*,*,#682,.T.);
#912=ORIENTED_EDGE('',*,*,#678,.T.);
#913=ORIENTED_EDGE('',*,*,#683,.F.);
#914=ORIENTED_EDGE('',*,*,#684,.F.);
#915=ORIENTED_EDGE('',*,*,#685,.T.);
#916=ORIENTED_EDGE('',*,*,#681,.T.);
#917=ORIENTED_EDGE('',*,*,#686,.F.);
#918=ORIENTED_EDGE('',*,*,#687,.F.);
#919=ORIENTED_EDGE('',*,*,#688,.T.);
#920=ORIENTED_EDGE('',*,*,#684,.T.);
#921=ORIENTED_EDGE('',*,*,#689,.F.);
#922=ORIENTED_EDGE('',*,*,#690,.F.);
#923=ORIENTED_EDGE('',*,*,#691,.T.);
#924=ORIENTED_EDGE('',*,*,#687,.T.);
#925=ORIENTED_EDGE('',*,*,#692,.F.);
#926=ORIENTED_EDGE('',*,*,#693,.F.);
#927=ORIENTED_EDGE('',*,*,#694,.T.);
#928=ORIENTED_EDGE('',*,*,#690,.T.);
#929=ORIENTED_EDGE('',*,*,#695,.F.);
#930=ORIENTED_EDGE('',*,*,#696,.F.);
#931=ORIENTED_EDGE('',*,*,#697,.T.);
#932=ORIENTED_EDGE('',*,*,#693,.T.);
#933=ORIENTED_EDGE('',*,*,#698,.F.);
#934=ORIENTED_EDGE('',*,*,#699,.F.);
#935=ORIENTED_EDGE('',*,*,#700,.T.);
#936=ORIENTED_EDGE('',*,*,#696,.T.);
#937=ORIENTED_EDGE('',*,*,#701,.F.);
#938=ORIENTED_EDGE('',*,*,#702,.F.);
#939=ORIENTED_EDGE('',*,*,#703,.T.);
#940=ORIENTED_EDGE('',*,*,#699,.T.);
#941=ORIENTED_EDGE('',*,*,#704,.F.);
#942=ORIENTED_EDGE('',*,*,#705,.T.);
#943=ORIENTED_EDGE('',*,*,#706,.T.);
#944=ORIENTED_EDGE('',*,*,#707,.T.);
#945=ORIENTED_EDGE('',*,*,#708,.T.);
#946=ORIENTED_EDGE('',*,*,#706,.F.);
#947=ORIENTED_EDGE('',*,*,#707,.F.);
#948=ORIENTED_EDGE('',*,*,#708,.F.);
#949=ORIENTED_EDGE('',*,*,#709,.T.);
#950=ORIENTED_EDGE('',*,*,#710,.F.);
#951=ORIENTED_EDGE('',*,*,#711,.F.);
#952=ORIENTED_EDGE('',*,*,#709,.F.);
#953=ORIENTED_EDGE('',*,*,#705,.F.);
#954=ORIENTED_EDGE('',*,*,#712,.T.);
#955=ORIENTED_EDGE('',*,*,#713,.T.);
#956=ORIENTED_EDGE('',*,*,#714,.T.);
#957=ORIENTED_EDGE('',*,*,#555,.F.);
#958=ORIENTED_EDGE('',*,*,#710,.T.);
#959=ORIENTED_EDGE('',*,*,#711,.T.);
#960=ORIENTED_EDGE('',*,*,#715,.T.);
#961=ORIENTED_EDGE('',*,*,#716,.T.);
#962=ORIENTED_EDGE('',*,*,#715,.F.);
#963=ORIENTED_EDGE('',*,*,#716,.F.);
#964=ORIENTED_EDGE('',*,*,#717,.T.);
#965=ORIENTED_EDGE('',*,*,#718,.T.);
#966=ORIENTED_EDGE('',*,*,#719,.T.);
#967=ORIENTED_EDGE('',*,*,#720,.T.);
#968=ORIENTED_EDGE('',*,*,#721,.T.);
#969=ORIENTED_EDGE('',*,*,#722,.T.);
#970=ORIENTED_EDGE('',*,*,#717,.F.);
#971=ORIENTED_EDGE('',*,*,#723,.T.);
#972=ORIENTED_EDGE('',*,*,#724,.T.);
#973=ORIENTED_EDGE('',*,*,#725,.F.);
#974=ORIENTED_EDGE('',*,*,#722,.F.);
#975=ORIENTED_EDGE('',*,*,#726,.T.);
#976=ORIENTED_EDGE('',*,*,#727,.T.);
#977=ORIENTED_EDGE('',*,*,#723,.F.);
#978=ORIENTED_EDGE('',*,*,#721,.F.);
#979=ORIENTED_EDGE('',*,*,#728,.T.);
#980=ORIENTED_EDGE('',*,*,#729,.T.);
#981=ORIENTED_EDGE('',*,*,#726,.F.);
#982=ORIENTED_EDGE('',*,*,#720,.F.);
#983=ORIENTED_EDGE('',*,*,#730,.T.);
#984=ORIENTED_EDGE('',*,*,#731,.T.);
#985=ORIENTED_EDGE('',*,*,#728,.F.);
#986=ORIENTED_EDGE('',*,*,#719,.F.);
#987=ORIENTED_EDGE('',*,*,#732,.T.);
#988=ORIENTED_EDGE('',*,*,#733,.T.);
#989=ORIENTED_EDGE('',*,*,#730,.F.);
#990=ORIENTED_EDGE('',*,*,#718,.F.);
#991=ORIENTED_EDGE('',*,*,#725,.T.);
#992=ORIENTED_EDGE('',*,*,#734,.T.);
#993=ORIENTED_EDGE('',*,*,#732,.F.);
#994=ORIENTED_EDGE('',*,*,#734,.F.);
#995=ORIENTED_EDGE('',*,*,#724,.F.);
#996=ORIENTED_EDGE('',*,*,#727,.F.);
#997=ORIENTED_EDGE('',*,*,#729,.F.);
#998=ORIENTED_EDGE('',*,*,#731,.F.);
#999=ORIENTED_EDGE('',*,*,#733,.F.);
#1000=ORIENTED_EDGE('',*,*,#735,.F.);
#1001=ORIENTED_EDGE('',*,*,#736,.F.);
#1002=ORIENTED_EDGE('',*,*,#628,.F.);
#1003=ORIENTED_EDGE('',*,*,#625,.F.);
#1004=ORIENTED_EDGE('',*,*,#622,.F.);
#1005=ORIENTED_EDGE('',*,*,#619,.F.);
#1006=ORIENTED_EDGE('',*,*,#616,.F.);
#1007=ORIENTED_EDGE('',*,*,#613,.F.);
#1008=ORIENTED_EDGE('',*,*,#610,.F.);
#1009=ORIENTED_EDGE('',*,*,#607,.F.);
#1010=ORIENTED_EDGE('',*,*,#604,.F.);
#1011=ORIENTED_EDGE('',*,*,#601,.F.);
#1012=ORIENTED_EDGE('',*,*,#598,.F.);
#1013=ORIENTED_EDGE('',*,*,#595,.F.);
#1014=ORIENTED_EDGE('',*,*,#592,.F.);
#1015=ORIENTED_EDGE('',*,*,#589,.F.);
#1016=ORIENTED_EDGE('',*,*,#586,.F.);
#1017=ORIENTED_EDGE('',*,*,#583,.F.);
#1018=ORIENTED_EDGE('',*,*,#580,.F.);
#1019=ORIENTED_EDGE('',*,*,#577,.F.);
#1020=ORIENTED_EDGE('',*,*,#574,.F.);
#1021=ORIENTED_EDGE('',*,*,#571,.F.);
#1022=ORIENTED_EDGE('',*,*,#568,.F.);
#1023=ORIENTED_EDGE('',*,*,#565,.F.);
#1024=ORIENTED_EDGE('',*,*,#562,.F.);
#1025=ORIENTED_EDGE('',*,*,#559,.F.);
#1026=ORIENTED_EDGE('',*,*,#556,.F.);
#1027=ORIENTED_EDGE('',*,*,#714,.F.);
#1028=ORIENTED_EDGE('',*,*,#737,.T.);
#1029=ORIENTED_EDGE('',*,*,#704,.T.);
#1030=ORIENTED_EDGE('',*,*,#701,.T.);
#1031=ORIENTED_EDGE('',*,*,#698,.T.);
#1032=ORIENTED_EDGE('',*,*,#695,.T.);
#1033=ORIENTED_EDGE('',*,*,#692,.T.);
#1034=ORIENTED_EDGE('',*,*,#689,.T.);
#1035=ORIENTED_EDGE('',*,*,#686,.T.);
#1036=ORIENTED_EDGE('',*,*,#683,.T.);
#1037=ORIENTED_EDGE('',*,*,#680,.T.);
#1038=ORIENTED_EDGE('',*,*,#677,.T.);
#1039=ORIENTED_EDGE('',*,*,#674,.T.);
#1040=ORIENTED_EDGE('',*,*,#671,.T.);
#1041=ORIENTED_EDGE('',*,*,#668,.T.);
#1042=ORIENTED_EDGE('',*,*,#665,.T.);
#1043=ORIENTED_EDGE('',*,*,#662,.T.);
#1044=ORIENTED_EDGE('',*,*,#659,.T.);
#1045=ORIENTED_EDGE('',*,*,#656,.T.);
#1046=ORIENTED_EDGE('',*,*,#653,.T.);
#1047=ORIENTED_EDGE('',*,*,#650,.T.);
#1048=ORIENTED_EDGE('',*,*,#647,.T.);
#1049=ORIENTED_EDGE('',*,*,#644,.T.);
#1050=ORIENTED_EDGE('',*,*,#641,.T.);
#1051=ORIENTED_EDGE('',*,*,#638,.T.);
#1052=ORIENTED_EDGE('',*,*,#635,.T.);
#1053=ORIENTED_EDGE('',*,*,#632,.T.);
#1054=ORIENTED_EDGE('',*,*,#702,.T.);
#1055=ORIENTED_EDGE('',*,*,#737,.F.);
#1056=ORIENTED_EDGE('',*,*,#713,.F.);
#1057=ORIENTED_EDGE('',*,*,#738,.T.);
#1058=ORIENTED_EDGE('',*,*,#739,.F.);
#1059=ORIENTED_EDGE('',*,*,#630,.F.);
#1060=ORIENTED_EDGE('',*,*,#634,.F.);
#1061=ORIENTED_EDGE('',*,*,#637,.F.);
#1062=ORIENTED_EDGE('',*,*,#640,.F.);
#1063=ORIENTED_EDGE('',*,*,#643,.F.);
#1064=ORIENTED_EDGE('',*,*,#646,.F.);
#1065=ORIENTED_EDGE('',*,*,#649,.F.);
#1066=ORIENTED_EDGE('',*,*,#652,.F.);
#1067=ORIENTED_EDGE('',*,*,#655,.F.);
#1068=ORIENTED_EDGE('',*,*,#658,.F.);
#1069=ORIENTED_EDGE('',*,*,#661,.F.);
#1070=ORIENTED_EDGE('',*,*,#664,.F.);
#1071=ORIENTED_EDGE('',*,*,#667,.F.);
#1072=ORIENTED_EDGE('',*,*,#670,.F.);
#1073=ORIENTED_EDGE('',*,*,#673,.F.);
#1074=ORIENTED_EDGE('',*,*,#676,.F.);
#1075=ORIENTED_EDGE('',*,*,#679,.F.);
#1076=ORIENTED_EDGE('',*,*,#682,.F.);
#1077=ORIENTED_EDGE('',*,*,#685,.F.);
#1078=ORIENTED_EDGE('',*,*,#688,.F.);
#1079=ORIENTED_EDGE('',*,*,#691,.F.);
#1080=ORIENTED_EDGE('',*,*,#694,.F.);
#1081=ORIENTED_EDGE('',*,*,#697,.F.);
#1082=ORIENTED_EDGE('',*,*,#700,.F.);
#1083=ORIENTED_EDGE('',*,*,#703,.F.);
#1084=ORIENTED_EDGE('',*,*,#738,.F.);
#1085=ORIENTED_EDGE('',*,*,#712,.F.);
#1086=ORIENTED_EDGE('',*,*,#554,.F.);
#1087=ORIENTED_EDGE('',*,*,#558,.F.);
#1088=ORIENTED_EDGE('',*,*,#561,.F.);
#1089=ORIENTED_EDGE('',*,*,#564,.F.);
#1090=ORIENTED_EDGE('',*,*,#567,.F.);
#1091=ORIENTED_EDGE('',*,*,#570,.F.);
#1092=ORIENTED_EDGE('',*,*,#573,.F.);
#1093=ORIENTED_EDGE('',*,*,#576,.F.);
#1094=ORIENTED_EDGE('',*,*,#579,.F.);
#1095=ORIENTED_EDGE('',*,*,#582,.F.);
#1096=ORIENTED_EDGE('',*,*,#585,.F.);
#1097=ORIENTED_EDGE('',*,*,#588,.F.);
#1098=ORIENTED_EDGE('',*,*,#591,.F.);
#1099=ORIENTED_EDGE('',*,*,#594,.F.);
#1100=ORIENTED_EDGE('',*,*,#597,.F.);
#1101=ORIENTED_EDGE('',*,*,#600,.F.);
#1102=ORIENTED_EDGE('',*,*,#603,.F.);
#1103=ORIENTED_EDGE('',*,*,#606,.F.);
#1104=ORIENTED_EDGE('',*,*,#609,.F.);
#1105=ORIENTED_EDGE('',*,*,#612,.F.);
#1106=ORIENTED_EDGE('',*,*,#615,.F.);
#1107=ORIENTED_EDGE('',*,*,#618,.F.);
#1108=ORIENTED_EDGE('',*,*,#621,.F.);
#1109=ORIENTED_EDGE('',*,*,#624,.F.);
#1110=ORIENTED_EDGE('',*,*,#627,.F.);
#1111=ORIENTED_EDGE('',*,*,#740,.F.);
#1112=ORIENTED_EDGE('',*,*,#626,.T.);
#1113=ORIENTED_EDGE('',*,*,#736,.T.);
#1114=ORIENTED_EDGE('',*,*,#741,.F.);
#1115=ORIENTED_EDGE('',*,*,#740,.T.);
#1116=ORIENTED_EDGE('',*,*,#739,.T.);
#1117=ORIENTED_EDGE('',*,*,#741,.T.);
#1118=ORIENTED_EDGE('',*,*,#735,.T.);
#1119=ORIENTED_EDGE('',*,*,#631,.T.);
#1120=CYLINDRICAL_SURFACE('',#1254,2.942);
#1121=CYLINDRICAL_SURFACE('',#1256,2.942);
#1122=CYLINDRICAL_SURFACE('',#1257,2.942);
#1123=CYLINDRICAL_SURFACE('',#1258,2.942);
#1124=CYLINDRICAL_SURFACE('',#1259,2.942);
#1125=CYLINDRICAL_SURFACE('',#1260,2.942);
#1126=CYLINDRICAL_SURFACE('',#1261,2.942);
#1127=CYLINDRICAL_SURFACE('',#1262,2.942);
#1128=CYLINDRICAL_SURFACE('',#1263,2.942);
#1129=CYLINDRICAL_SURFACE('',#1264,2.942);
#1130=CYLINDRICAL_SURFACE('',#1265,2.942);
#1131=CYLINDRICAL_SURFACE('',#1266,2.942);
#1132=CYLINDRICAL_SURFACE('',#1267,2.942);
#1133=CYLINDRICAL_SURFACE('',#1268,2.942);
#1134=CYLINDRICAL_SURFACE('',#1269,2.942);
#1135=CYLINDRICAL_SURFACE('',#1270,2.942);
#1136=CYLINDRICAL_SURFACE('',#1271,2.942);
#1137=CYLINDRICAL_SURFACE('',#1272,2.942);
#1138=CYLINDRICAL_SURFACE('',#1273,2.942);
#1139=CYLINDRICAL_SURFACE('',#1274,2.942);
#1140=CYLINDRICAL_SURFACE('',#1275,2.942);
#1141=CYLINDRICAL_SURFACE('',#1276,2.942);
#1142=CYLINDRICAL_SURFACE('',#1277,2.942);
#1143=CYLINDRICAL_SURFACE('',#1278,2.942);
#1144=CYLINDRICAL_SURFACE('',#1279,2.942);
#1145=CYLINDRICAL_SURFACE('',#1280,2.37175);
#1146=CYLINDRICAL_SURFACE('',#1282,2.37175);
#1147=CYLINDRICAL_SURFACE('',#1283,2.37175);
#1148=CYLINDRICAL_SURFACE('',#1284,2.37175);
#1149=CYLINDRICAL_SURFACE('',#1285,2.37175);
#1150=CYLINDRICAL_SURFACE('',#1286,2.37175);
#1151=CYLINDRICAL_SURFACE('',#1287,2.37175);
#1152=CYLINDRICAL_SURFACE('',#1288,2.37175);
#1153=CYLINDRICAL_SURFACE('',#1289,2.37175);
#1154=CYLINDRICAL_SURFACE('',#1290,2.37175);
#1155=CYLINDRICAL_SURFACE('',#1291,2.37175);
#1156=CYLINDRICAL_SURFACE('',#1292,2.37175);
#1157=CYLINDRICAL_SURFACE('',#1293,2.37175);
#1158=CYLINDRICAL_SURFACE('',#1294,2.37175);
#1159=CYLINDRICAL_SURFACE('',#1295,2.37175);
#1160=CYLINDRICAL_SURFACE('',#1296,2.37175);
#1161=CYLINDRICAL_SURFACE('',#1297,2.37175);
#1162=CYLINDRICAL_SURFACE('',#1298,2.37175);
#1163=CYLINDRICAL_SURFACE('',#1299,2.37175);
#1164=CYLINDRICAL_SURFACE('',#1300,2.37175);
#1165=CYLINDRICAL_SURFACE('',#1301,2.37175);
#1166=CYLINDRICAL_SURFACE('',#1302,2.37175);
#1167=CYLINDRICAL_SURFACE('',#1303,2.37175);
#1168=CYLINDRICAL_SURFACE('',#1304,2.37175);
#1169=CYLINDRICAL_SURFACE('',#1305,2.37175);
#1170=CYLINDRICAL_SURFACE('',#1310,6.);
#1171=CYLINDRICAL_SURFACE('',#1325,2.37175);
#1172=CYLINDRICAL_SURFACE('',#1326,2.942);
#1173=ADVANCED_FACE('',(#31),#1120,.T.);
#1174=ADVANCED_FACE('',(#32),#1121,.T.);
#1175=ADVANCED_FACE('',(#33),#1122,.T.);
#1176=ADVANCED_FACE('',(#34),#1123,.T.);
#1177=ADVANCED_FACE('',(#35),#1124,.T.);
#1178=ADVANCED_FACE('',(#36),#1125,.T.);
#1179=ADVANCED_FACE('',(#37),#1126,.T.);
#1180=ADVANCED_FACE('',(#38),#1127,.T.);
#1181=ADVANCED_FACE('',(#39),#1128,.T.);
#1182=ADVANCED_FACE('',(#40),#1129,.T.);
#1183=ADVANCED_FACE('',(#41),#1130,.T.);
#1184=ADVANCED_FACE('',(#42),#1131,.T.);
#1185=ADVANCED_FACE('',(#43),#1132,.T.);
#1186=ADVANCED_FACE('',(#44),#1133,.T.);
#1187=ADVANCED_FACE('',(#45),#1134,.T.);
#1188=ADVANCED_FACE('',(#46),#1135,.T.);
#1189=ADVANCED_FACE('',(#47),#1136,.T.);
#1190=ADVANCED_FACE('',(#48),#1137,.T.);
#1191=ADVANCED_FACE('',(#49),#1138,.T.);
#1192=ADVANCED_FACE('',(#50),#1139,.T.);
#1193=ADVANCED_FACE('',(#51),#1140,.T.);
#1194=ADVANCED_FACE('',(#52),#1141,.T.);
#1195=ADVANCED_FACE('',(#53),#1142,.T.);
#1196=ADVANCED_FACE('',(#54),#1143,.T.);
#1197=ADVANCED_FACE('',(#55),#1144,.T.);
#1198=ADVANCED_FACE('',(#56),#1145,.T.);
#1199=ADVANCED_FACE('',(#57),#1146,.T.);
#1200=ADVANCED_FACE('',(#58),#1147,.T.);
#1201=ADVANCED_FACE('',(#59),#1148,.T.);
#1202=ADVANCED_FACE('',(#60),#1149,.T.);
#1203=ADVANCED_FACE('',(#61),#1150,.T.);
#1204=ADVANCED_FACE('',(#62),#1151,.T.);
#1205=ADVANCED_FACE('',(#63),#1152,.T.);
#1206=ADVANCED_FACE('',(#64),#1153,.T.);
#1207=ADVANCED_FACE('',(#65),#1154,.T.);
#1208=ADVANCED_FACE('',(#66),#1155,.T.);
#1209=ADVANCED_FACE('',(#67),#1156,.T.);
#1210=ADVANCED_FACE('',(#68),#1157,.T.);
#1211=ADVANCED_FACE('',(#69),#1158,.T.);
#1212=ADVANCED_FACE('',(#70),#1159,.T.);
#1213=ADVANCED_FACE('',(#71),#1160,.T.);
#1214=ADVANCED_FACE('',(#72),#1161,.T.);
#1215=ADVANCED_FACE('',(#73),#1162,.T.);
#1216=ADVANCED_FACE('',(#74),#1163,.T.);
#1217=ADVANCED_FACE('',(#75),#1164,.T.);
#1218=ADVANCED_FACE('',(#76),#1165,.T.);
#1219=ADVANCED_FACE('',(#77),#1166,.T.);
#1220=ADVANCED_FACE('',(#78),#1167,.T.);
#1221=ADVANCED_FACE('',(#79),#1168,.T.);
#1222=ADVANCED_FACE('',(#80),#1169,.T.);
#1223=ADVANCED_FACE('',(#81),#29,.T.);
#1224=ADVANCED_FACE('',(#82),#1170,.T.);
#1225=ADVANCED_FACE('',(#83,#17),#19,.T.);
#1226=ADVANCED_FACE('',(#84),#30,.T.);
#1227=ADVANCED_FACE('',(#85,#18),#20,.T.);
#1228=ADVANCED_FACE('',(#86),#21,.F.);
#1229=ADVANCED_FACE('',(#87),#22,.F.);
#1230=ADVANCED_FACE('',(#88),#23,.F.);
#1231=ADVANCED_FACE('',(#89),#24,.F.);
#1232=ADVANCED_FACE('',(#90),#25,.F.);
#1233=ADVANCED_FACE('',(#91),#26,.F.);
#1234=ADVANCED_FACE('',(#92),#27,.F.);
#1235=ADVANCED_FACE('',(#93),#15,.F.);
#1236=ADVANCED_FACE('',(#94),#1171,.T.);
#1237=ADVANCED_FACE('',(#95),#16,.F.);
#1238=ADVANCED_FACE('',(#96),#1172,.T.);
#1239=ADVANCED_FACE('',(#97),#28,.T.);
#1240=CLOSED_SHELL('',(#1173,#1174,#1175,#1176,#1177,#1178,#1179,#1180,
#1181,#1182,#1183,#1184,#1185,#1186,#1187,#1188,#1189,#1190,#1191,#1192,
#1193,#1194,#1195,#1196,#1197,#1198,#1199,#1200,#1201,#1202,#1203,#1204,
#1205,#1206,#1207,#1208,#1209,#1210,#1211,#1212,#1213,#1214,#1215,#1216,
#1217,#1218,#1219,#1220,#1221,#1222,#1223,#1224,#1225,#1226,#1227,#1228,
#1229,#1230,#1231,#1232,#1233,#1234,#1235,#1236,#1237,#1238,#1239));
#1241=DERIVED_UNIT_ELEMENT(#1243,1.);
#1242=DERIVED_UNIT_ELEMENT(#5164,-3.);
#1243=(
MASS_UNIT()
NAMED_UNIT(*)
SI_UNIT(.KILO.,.GRAM.)
);
#1244=DERIVED_UNIT((#1241,#1242));
#1245=MEASURE_REPRESENTATION_ITEM('density measure',
POSITIVE_RATIO_MEASURE(7850.),#1244);
#1246=PROPERTY_DEFINITION_REPRESENTATION(#1251,#1248);
#1247=PROPERTY_DEFINITION_REPRESENTATION(#1252,#1249);
#1248=REPRESENTATION('material name',(#1250),#5161);
#1249=REPRESENTATION('density',(#1245),#5161);
#1250=DESCRIPTIVE_REPRESENTATION_ITEM('Steel','Steel');
#1251=PROPERTY_DEFINITION('material property','material name',#5171);
#1252=PROPERTY_DEFINITION('material property','density of part',#5171);
#1253=AXIS2_PLACEMENT_3D('',#1552,#1329,#1330);
#1254=AXIS2_PLACEMENT_3D('',#1553,#1331,#1332);
#1255=AXIS2_PLACEMENT_3D('',#1569,#1334,#1335);
#1256=AXIS2_PLACEMENT_3D('',#1577,#1336,#1337);
#1257=AXIS2_PLACEMENT_3D('',#1625,#1339,#1340);
#1258=AXIS2_PLACEMENT_3D('',#1673,#1342,#1343);
#1259=AXIS2_PLACEMENT_3D('',#1727,#1345,#1346);
#1260=AXIS2_PLACEMENT_3D('',#1775,#1348,#1349);
#1261=AXIS2_PLACEMENT_3D('',#1823,#1351,#1352);
#1262=AXIS2_PLACEMENT_3D('',#1877,#1354,#1355);
#1263=AXIS2_PLACEMENT_3D('',#1925,#1357,#1358);
#1264=AXIS2_PLACEMENT_3D('',#1973,#1360,#1361);
#1265=AXIS2_PLACEMENT_3D('',#2021,#1363,#1364);
#1266=AXIS2_PLACEMENT_3D('',#2075,#1366,#1367);
#1267=AXIS2_PLACEMENT_3D('',#2123,#1369,#1370);
#1268=AXIS2_PLACEMENT_3D('',#2171,#1372,#1373);
#1269=AXIS2_PLACEMENT_3D('',#2225,#1375,#1376);
#1270=AXIS2_PLACEMENT_3D('',#2273,#1378,#1379);
#1271=AXIS2_PLACEMENT_3D('',#2321,#1381,#1382);
#1272=AXIS2_PLACEMENT_3D('',#2375,#1384,#1385);
#1273=AXIS2_PLACEMENT_3D('',#2423,#1387,#1388);
#1274=AXIS2_PLACEMENT_3D('',#2471,#1390,#1391);
#1275=AXIS2_PLACEMENT_3D('',#2525,#1393,#1394);
#1276=AXIS2_PLACEMENT_3D('',#2573,#1396,#1397);
#1277=AXIS2_PLACEMENT_3D('',#2621,#1399,#1400);
#1278=AXIS2_PLACEMENT_3D('',#2675,#1402,#1403);
#1279=AXIS2_PLACEMENT_3D('',#2723,#1405,#1406);
#1280=AXIS2_PLACEMENT_3D('',#2771,#1408,#1409);
#1281=AXIS2_PLACEMENT_3D('',#2783,#1411,#1412);
#1282=AXIS2_PLACEMENT_3D('',#2788,#1413,#1414);
#1283=AXIS2_PLACEMENT_3D('',#2813,#1416,#1417);
#1284=AXIS2_PLACEMENT_3D('',#2837,#1419,#1420);
#1285=AXIS2_PLACEMENT_3D('',#2862,#1422,#1423);
#1286=AXIS2_PLACEMENT_3D('',#2887,#1425,#1426);
#1287=AXIS2_PLACEMENT_3D('',#2911,#1428,#1429);
#1288=AXIS2_PLACEMENT_3D('',#2936,#1431,#1432);
#1289=AXIS2_PLACEMENT_3D('',#2961,#1434,#1435);
#1290=AXIS2_PLACEMENT_3D('',#2985,#1437,#1438);
#1291=AXIS2_PLACEMENT_3D('',#3010,#1440,#1441);
#1292=AXIS2_PLACEMENT_3D('',#3035,#1443,#1444);
#1293=AXIS2_PLACEMENT_3D('',#3059,#1446,#1447);
#1294=AXIS2_PLACEMENT_3D('',#3084,#1449,#1450);
#1295=AXIS2_PLACEMENT_3D('',#3109,#1452,#1453);
#1296=AXIS2_PLACEMENT_3D('',#3133,#1455,#1456);
#1297=AXIS2_PLACEMENT_3D('',#3158,#1458,#1459);
#1298=AXIS2_PLACEMENT_3D('',#3183,#1461,#1462);
#1299=AXIS2_PLACEMENT_3D('',#3207,#1464,#1465);
#1300=AXIS2_PLACEMENT_3D('',#3231,#1467,#1468);
#1301=AXIS2_PLACEMENT_3D('',#3256,#1470,#1471);
#1302=AXIS2_PLACEMENT_3D('',#3281,#1473,#1474);
#1303=AXIS2_PLACEMENT_3D('',#3305,#1476,#1477);
#1304=AXIS2_PLACEMENT_3D('',#3330,#1479,#1480);
#1305=AXIS2_PLACEMENT_3D('',#3355,#1482,#1483);
#1306=AXIS2_PLACEMENT_3D('',#3379,#1485,#1486);
#1307=AXIS2_PLACEMENT_3D('',#3381,#1487,#1488);
#1308=AXIS2_PLACEMENT_3D('',#3385,#1490,#1491);
#1309=AXIS2_PLACEMENT_3D('',#3386,#1492,#1493);
#1310=AXIS2_PLACEMENT_3D('',#3387,#1494,#1495);
#1311=AXIS2_PLACEMENT_3D('',#3391,#1497,#1498);
#1312=AXIS2_PLACEMENT_3D('',#3392,#1499,#1500);
#1313=AXIS2_PLACEMENT_3D('',#3393,#1501,#1502);
#1314=AXIS2_PLACEMENT_3D('',#3487,#1503,#1504);
#1315=AXIS2_PLACEMENT_3D('',#3579,#1505,#1506);
#1316=AXIS2_PLACEMENT_3D('',#3582,#1508,#1509);
#1317=AXIS2_PLACEMENT_3D('',#3583,#1510,#1511);
#1318=AXIS2_PLACEMENT_3D('',#3596,#1518,#1519);
#1319=AXIS2_PLACEMENT_3D('',#3602,#1523,#1524);
#1320=AXIS2_PLACEMENT_3D('',#3606,#1527,#1528);
#1321=AXIS2_PLACEMENT_3D('',#3610,#1531,#1532);
#1322=AXIS2_PLACEMENT_3D('',#3614,#1535,#1536);
#1323=AXIS2_PLACEMENT_3D('',#3618,#1539,#1540);
#1324=AXIS2_PLACEMENT_3D('',#3620,#1542,#1543);
#1325=AXIS2_PLACEMENT_3D('',#4393,#1544,#1545);
#1326=AXIS2_PLACEMENT_3D('',#5156,#1546,#1547);
#1327=AXIS2_PLACEMENT_3D('',#5157,#1548,#1549);
#1328=AXIS2_PLACEMENT_3D('',#5158,#1550,#1551);
#1329=DIRECTION('axis',(0.,0.,1.));
#1330=DIRECTION('refdir',(1.,0.,0.));
#1331=DIRECTION('center_axis',(0.,0.,-1.));
#1332=DIRECTION('ref_axis',(-1.,0.,0.));
#1333=DIRECTION('',(0.,0.,1.));
#1334=DIRECTION('center_axis',(0.,0.,1.));
#1335=DIRECTION('ref_axis',(-1.,0.,0.));
#1336=DIRECTION('center_axis',(0.,0.,-1.));
#1337=DIRECTION('ref_axis',(-1.,0.,0.));
#1338=DIRECTION('',(0.,0.,1.));
#1339=DIRECTION('center_axis',(0.,0.,-1.));
#1340=DIRECTION('ref_axis',(-1.,0.,0.));
#1341=DIRECTION('',(0.,0.,1.));
#1342=DIRECTION('center_axis',(0.,0.,-1.));
#1343=DIRECTION('ref_axis',(-1.,0.,0.));
#1344=DIRECTION('',(0.,0.,1.));
#1345=DIRECTION('center_axis',(0.,0.,-1.));
#1346=DIRECTION('ref_axis',(-1.,0.,0.));
#1347=DIRECTION('',(0.,0.,1.));
#1348=DIRECTION('center_axis',(0.,0.,-1.));
#1349=DIRECTION('ref_axis',(-1.,0.,0.));
#1350=DIRECTION('',(0.,0.,1.));
#1351=DIRECTION('center_axis',(0.,0.,-1.));
#1352=DIRECTION('ref_axis',(-1.,0.,0.));
#1353=DIRECTION('',(0.,0.,1.));
#1354=DIRECTION('center_axis',(0.,0.,-1.));
#1355=DIRECTION('ref_axis',(-1.,0.,0.));
#1356=DIRECTION('',(0.,0.,1.));
#1357=DIRECTION('center_axis',(0.,0.,-1.));
#1358=DIRECTION('ref_axis',(-1.,0.,0.));
#1359=DIRECTION('',(0.,0.,1.));
#1360=DIRECTION('center_axis',(0.,0.,-1.));
#1361=DIRECTION('ref_axis',(-1.,0.,0.));
#1362=DIRECTION('',(0.,0.,1.));
#1363=DIRECTION('center_axis',(0.,0.,-1.));
#1364=DIRECTION('ref_axis',(-1.,0.,0.));
#1365=DIRECTION('',(0.,0.,1.));
#1366=DIRECTION('center_axis',(0.,0.,-1.));
#1367=DIRECTION('ref_axis',(-1.,0.,0.));
#1368=DIRECTION('',(0.,0.,1.));
#1369=DIRECTION('center_axis',(0.,0.,-1.));
#1370=DIRECTION('ref_axis',(-1.,0.,0.));
#1371=DIRECTION('',(0.,0.,1.));
#1372=DIRECTION('center_axis',(0.,0.,-1.));
#1373=DIRECTION('ref_axis',(-1.,0.,0.));
#1374=DIRECTION('',(0.,0.,1.));
#1375=DIRECTION('center_axis',(0.,0.,-1.));
#1376=DIRECTION('ref_axis',(-1.,0.,0.));
#1377=DIRECTION('',(0.,0.,1.));
#1378=DIRECTION('center_axis',(0.,0.,-1.));
#1379=DIRECTION('ref_axis',(-1.,0.,0.));
#1380=DIRECTION('',(0.,0.,1.));
#1381=DIRECTION('center_axis',(0.,0.,-1.));
#1382=DIRECTION('ref_axis',(-1.,0.,0.));
#1383=DIRECTION('',(0.,0.,1.));
#1384=DIRECTION('center_axis',(0.,0.,-1.));
#1385=DIRECTION('ref_axis',(-1.,0.,0.));
#1386=DIRECTION('',(0.,0.,1.));
#1387=DIRECTION('center_axis',(0.,0.,-1.));
#1388=DIRECTION('ref_axis',(-1.,0.,0.));
#1389=DIRECTION('',(0.,0.,1.));
#1390=DIRECTION('center_axis',(0.,0.,-1.));
#1391=DIRECTION('ref_axis',(-1.,0.,0.));
#1392=DIRECTION('',(0.,0.,1.));
#1393=DIRECTION('center_axis',(0.,0.,-1.));
#1394=DIRECTION('ref_axis',(-1.,0.,0.));
#1395=DIRECTION('',(0.,0.,1.));
#1396=DIRECTION('center_axis',(0.,0.,-1.));
#1397=DIRECTION('ref_axis',(-1.,0.,0.));
#1398=DIRECTION('',(0.,0.,1.));
#1399=DIRECTION('center_axis',(0.,0.,-1.));
#1400=DIRECTION('ref_axis',(-1.,0.,0.));
#1401=DIRECTION('',(0.,0.,1.));
#1402=DIRECTION('center_axis',(0.,0.,-1.));
#1403=DIRECTION('ref_axis',(-1.,0.,0.));
#1404=DIRECTION('',(0.,0.,1.));
#1405=DIRECTION('center_axis',(0.,0.,-1.));
#1406=DIRECTION('ref_axis',(-1.,0.,0.));
#1407=DIRECTION('',(0.,0.,1.));
#1408=DIRECTION('center_axis',(0.,0.,-1.));
#1409=DIRECTION('ref_axis',(0.4577827406363,-0.889064093513802,0.));
#1410=DIRECTION('',(0.,0.,-1.));
#1411=DIRECTION('center_axis',(0.,0.,-1.));
#1412=DIRECTION('ref_axis',(-1.,-3.05445360280802E-14,0.));
#1413=DIRECTION('center_axis',(0.,0.,-1.));
#1414=DIRECTION('ref_axis',(-1.,-3.05445360280802E-14,0.));
#1415=DIRECTION('',(0.,0.,-1.));
#1416=DIRECTION('center_axis',(0.,0.,-1.));
#1417=DIRECTION('ref_axis',(-1.,-3.05445360280802E-14,0.));
#1418=DIRECTION('',(0.,0.,-1.));
#1419=DIRECTION('center_axis',(0.,0.,-1.));
#1420=DIRECTION('ref_axis',(-1.,-3.05445360280802E-14,0.));
#1421=DIRECTION('',(0.,0.,-1.));
#1422=DIRECTION('center_axis',(0.,0.,-1.));
#1423=DIRECTION('ref_axis',(-1.,-3.05445360280802E-14,0.));
#1424=DIRECTION('',(0.,0.,-1.));
#1425=DIRECTION('center_axis',(0.,0.,-1.));
#1426=DIRECTION('ref_axis',(-1.,-3.05445360280802E-14,0.));
#1427=DIRECTION('',(0.,0.,-1.));
#1428=DIRECTION('center_axis',(0.,0.,-1.));
#1429=DIRECTION('ref_axis',(-1.,-3.05445360280802E-14,0.));
#1430=DIRECTION('',(0.,0.,-1.));
#1431=DIRECTION('center_axis',(0.,0.,-1.));
#1432=DIRECTION('ref_axis',(-1.,-3.05445360280802E-14,0.));
#1433=DIRECTION('',(0.,0.,-1.));
#1434=DIRECTION('center_axis',(0.,0.,-1.));
#1435=DIRECTION('ref_axis',(-1.,-3.05445360280802E-14,0.));
#1436=DIRECTION('',(0.,0.,-1.));
#1437=DIRECTION('center_axis',(0.,0.,-1.));
#1438=DIRECTION('ref_axis',(-1.,-3.05445360280802E-14,0.));
#1439=DIRECTION('',(0.,0.,-1.));
#1440=DIRECTION('center_axis',(0.,0.,-1.));
#1441=DIRECTION('ref_axis',(-1.,-3.05445360280802E-14,0.));
#1442=DIRECTION('',(0.,0.,-1.));
#1443=DIRECTION('center_axis',(0.,0.,-1.));
#1444=DIRECTION('ref_axis',(-1.,-3.05445360280802E-14,0.));
#1445=DIRECTION('',(0.,0.,-1.));
#1446=DIRECTION('center_axis',(0.,0.,-1.));
#1447=DIRECTION('ref_axis',(-1.,-3.05445360280802E-14,0.));
#1448=DIRECTION('',(0.,0.,-1.));
#1449=DIRECTION('center_axis',(0.,0.,-1.));
#1450=DIRECTION('ref_axis',(-1.,-3.05445360280802E-14,0.));
#1451=DIRECTION('',(0.,0.,-1.));
#1452=DIRECTION('center_axis',(0.,0.,-1.));
#1453=DIRECTION('ref_axis',(-1.,-3.05445360280802E-14,0.));
#1454=DIRECTION('',(0.,0.,-1.));
#1455=DIRECTION('center_axis',(0.,0.,-1.));
#1456=DIRECTION('ref_axis',(-1.,-3.05445360280802E-14,0.));
#1457=DIRECTION('',(0.,0.,-1.));
#1458=DIRECTION('center_axis',(0.,0.,-1.));
#1459=DIRECTION('ref_axis',(-1.,-3.05445360280802E-14,0.));
#1460=DIRECTION('',(0.,0.,-1.));
#1461=DIRECTION('center_axis',(0.,0.,-1.));
#1462=DIRECTION('ref_axis',(-1.,-3.05445360280802E-14,0.));
#1463=DIRECTION('',(0.,0.,-1.));
#1464=DIRECTION('center_axis',(0.,0.,-1.));
#1465=DIRECTION('ref_axis',(-1.,-3.05445360280802E-14,0.));
#1466=DIRECTION('',(0.,0.,-1.));
#1467=DIRECTION('center_axis',(0.,0.,-1.));
#1468=DIRECTION('ref_axis',(-1.,-3.05445360280802E-14,0.));
#1469=DIRECTION('',(0.,0.,-1.));
#1470=DIRECTION('center_axis',(0.,0.,-1.));
#1471=DIRECTION('ref_axis',(-1.,-3.05445360280802E-14,0.));
#1472=DIRECTION('',(0.,0.,-1.));
#1473=DIRECTION('center_axis',(0.,0.,-1.));
#1474=DIRECTION('ref_axis',(-1.,-3.05445360280802E-14,0.));
#1475=DIRECTION('',(0.,0.,-1.));
#1476=DIRECTION('center_axis',(0.,0.,-1.));
#1477=DIRECTION('ref_axis',(-1.,-3.05445360280802E-14,0.));
#1478=DIRECTION('',(0.,0.,-1.));
#1479=DIRECTION('center_axis',(0.,0.,-1.));
#1480=DIRECTION('ref_axis',(-1.,-3.05445360280802E-14,0.));
#1481=DIRECTION('',(0.,0.,-1.));
#1482=DIRECTION('center_axis',(0.,0.,-1.));
#1483=DIRECTION('ref_axis',(-1.,-3.05445360280802E-14,0.));
#1484=DIRECTION('',(0.,0.,-1.));
#1485=DIRECTION('center_axis',(0.,0.,1.));
#1486=DIRECTION('ref_axis',(1.,0.,0.));
#1487=DIRECTION('center_axis',(0.,0.,1.));
#1488=DIRECTION('ref_axis',(1.,0.,0.));
#1489=DIRECTION('',(-0.707106781186542,8.65956056235486E-17,0.707106781186553));
#1490=DIRECTION('center_axis',(0.,0.,-1.));
#1491=DIRECTION('ref_axis',(1.,0.,0.));
#1492=DIRECTION('center_axis',(0.,0.,-1.));
#1493=DIRECTION('ref_axis',(1.,0.,0.));
#1494=DIRECTION('center_axis',(0.,0.,-1.));
#1495=DIRECTION('ref_axis',(-1.,0.,0.));
#1496=DIRECTION('',(0.,0.,1.));
#1497=DIRECTION('center_axis',(0.,0.,1.));
#1498=DIRECTION('ref_axis',(1.,0.,0.));
#1499=DIRECTION('center_axis',(0.,0.,1.));
#1500=DIRECTION('ref_axis',(1.,0.,0.));
#1501=DIRECTION('center_axis',(0.,0.,-1.));
#1502=DIRECTION('ref_axis',(-1.,0.,0.));
#1503=DIRECTION('center_axis',(0.,0.,1.));
#1504=DIRECTION('ref_axis',(-1.,-3.05445360280802E-14,0.));
#1505=DIRECTION('center_axis',(0.,0.,-1.));
#1506=DIRECTION('ref_axis',(1.,0.,0.));
#1507=DIRECTION('',(0.707106781186548,-8.65956056235494E-17,0.707106781186547));
#1508=DIRECTION('center_axis',(0.,0.,-1.));
#1509=DIRECTION('ref_axis',(1.,0.,0.));
#1510=DIRECTION('center_axis',(0.,0.,1.));
#1511=DIRECTION('ref_axis',(1.,0.,0.));
#1512=DIRECTION('',(-0.123045495139364,-0.992401030897242,0.));
#1513=DIRECTION('',(-0.920967251068559,-0.389639990836697,0.));
#1514=DIRECTION('',(-0.797921755929195,0.602761040060545,0.));
#1515=DIRECTION('',(0.123045495139364,0.992401030897242,0.));
#1516=DIRECTION('',(0.920967251068559,0.389639990836697,0.));
#1517=DIRECTION('',(0.797921755929196,-0.602761040060544,0.));
#1518=DIRECTION('center_axis',(0.992401030897242,-0.123045495139364,0.));
#1519=DIRECTION('ref_axis',(-0.123045495139364,-0.992401030897242,0.));
#1520=DIRECTION('',(0.,0.,-1.));
#1521=DIRECTION('',(-0.123045495139364,-0.992401030897242,0.));
#1522=DIRECTION('',(0.,0.,-1.));
#1523=DIRECTION('center_axis',(0.602761040060544,0.797921755929196,0.));
#1524=DIRECTION('ref_axis',(0.797921755929196,-0.602761040060544,0.));
#1525=DIRECTION('',(0.,0.,-1.));
#1526=DIRECTION('',(0.797921755929196,-0.602761040060544,0.));
#1527=DIRECTION('center_axis',(-0.389639990836697,0.920967251068559,0.));
#1528=DIRECTION('ref_axis',(0.920967251068559,0.389639990836697,0.));
#1529=DIRECTION('',(0.,0.,-1.));
#1530=DIRECTION('',(0.920967251068559,0.389639990836697,0.));
#1531=DIRECTION('center_axis',(-0.992401030897242,0.123045495139364,0.));
#1532=DIRECTION('ref_axis',(0.123045495139364,0.992401030897242,0.));
#1533=DIRECTION('',(0.,0.,-1.));
#1534=DIRECTION('',(0.123045495139364,0.992401030897242,0.));
#1535=DIRECTION('center_axis',(-0.602761040060545,-0.797921755929195,0.));
#1536=DIRECTION('ref_axis',(-0.797921755929195,0.602761040060545,0.));
#1537=DIRECTION('',(0.,0.,-1.));
#1538=DIRECTION('',(-0.797921755929195,0.602761040060545,0.));
#1539=DIRECTION('center_axis',(0.389639990836697,-0.920967251068559,0.));
#1540=DIRECTION('ref_axis',(-0.920967251068559,-0.389639990836697,0.));
#1541=DIRECTION('',(-0.920967251068559,-0.389639990836697,0.));
#1542=DIRECTION('center_axis',(0.,0.,-1.));
#1543=DIRECTION('ref_axis',(-1.,0.,0.));
#1544=DIRECTION('center_axis',(0.,0.,-1.));
#1545=DIRECTION('ref_axis',(-1.,-3.05445360280802E-14,0.));
#1546=DIRECTION('center_axis',(0.,0.,-1.));
#1547=DIRECTION('ref_axis',(-1.,0.,0.));
#1548=DIRECTION('center_axis',(0.,0.,1.));
#1549=DIRECTION('ref_axis',(-1.,0.,0.));
#1550=DIRECTION('center_axis',(0.,0.,-1.));
#1551=DIRECTION('ref_axis',(-1.,0.,0.));
#1552=CARTESIAN_POINT('',(0.,0.,0.));
#1553=CARTESIAN_POINT('Origin',(0.,0.,-16.5));
#1554=CARTESIAN_POINT('',(2.94522123717981,0.002034326457852,-4.3221761170896));
#1555=CARTESIAN_POINT('',(2.94460614304039,0.00313274814863691,-4.1778238829104));
#1556=CARTESIAN_POINT('',(2.942,-3.60291088309151E-16,-16.5));
#1557=CARTESIAN_POINT('',(-1.28892185405322,2.64462557919718,-4.));
#1558=CARTESIAN_POINT('Ctrl Pts',(2.94522123717981,0.002034326457852,-4.3221761170896));
#1559=CARTESIAN_POINT('Ctrl Pts',(2.94604024719901,0.113690826540615,-4.31611636431632));
#1560=CARTESIAN_POINT('Ctrl Pts',(2.94023883878067,0.225256400625195,-4.31005661154303));
#1561=CARTESIAN_POINT('Ctrl Pts',(2.92753248700185,0.336023503274636,-4.30399685876975));
#1562=CARTESIAN_POINT('Ctrl Pts',(2.81688366688938,1.30060007322836,-4.25122762128849));
#1563=CARTESIAN_POINT('Ctrl Pts',(2.18262000799996,2.20462705284481,-4.19845838380723));
#1564=CARTESIAN_POINT('Ctrl Pts',(1.3132737201235,2.63766046368211,-4.14568914632597));
#1565=CARTESIAN_POINT('Ctrl Pts',(0.513222247032161,3.03617716878521,-4.09712609755064));
#1566=CARTESIAN_POINT('Ctrl Pts',(-0.485929010230235,3.03579277986042,-4.04856304877532));
#1567=CARTESIAN_POINT('Ctrl Pts',(-1.29201322056977,2.64829320641042,-4.));
#1568=CARTESIAN_POINT('',(1.28892185405321,2.64462557919718,-4.));
#1569=CARTESIAN_POINT('Origin',(0.,0.,-4.));
#1570=CARTESIAN_POINT('Ctrl Pts',(1.28892185405322,2.64462557919718,-4.));
#1571=CARTESIAN_POINT('Ctrl Pts',(2.16577099569185,2.21727207015756,-4.05276923748126));
#1572=CARTESIAN_POINT('Ctrl Pts',(2.80599196734754,1.32341687888138,-4.10553847496252));
#1573=CARTESIAN_POINT('Ctrl Pts',(2.9243040501754,0.361220045893135,-4.15830771244378));
#1574=CARTESIAN_POINT('Ctrl Pts',(2.93888956051527,0.242600446600351,-4.16481310259932));
#1575=CARTESIAN_POINT('Ctrl Pts',(2.94554312478849,0.122942194340028,-4.17131849275486));
#1576=CARTESIAN_POINT('Ctrl Pts',(2.94460614304039,0.00313274814863691,
-4.1778238829104));
#1577=CARTESIAN_POINT('Origin',(0.,0.,-16.5));
#1578=CARTESIAN_POINT('',(2.93760370842207,0.00105903120209097,-5.3221761170896));
#1579=CARTESIAN_POINT('',(2.9375130538775,0.000951529966652909,-5.1778238829104));
#1580=CARTESIAN_POINT('',(2.942,-3.60291088309151E-16,-16.5));
#1581=CARTESIAN_POINT('Ctrl Pts',(2.93760370842207,0.00105903120209097,
-5.3221761170896));
#1582=CARTESIAN_POINT('Ctrl Pts',(2.93897391908977,0.423579695068898,-5.29939845587055));
#1583=CARTESIAN_POINT('Ctrl Pts',(2.85379125386757,0.845572964211681,-5.2766207946515));
#1584=CARTESIAN_POINT('Ctrl Pts',(2.67930775654684,1.22667941851288,-5.25384313343246));
#1585=CARTESIAN_POINT('Ctrl Pts',(2.27508007846641,2.10959258502553,-5.20107389595119));
#1586=CARTESIAN_POINT('Ctrl Pts',(1.39156183030341,2.7730602622435,-5.14830465846993));
#1587=CARTESIAN_POINT('Ctrl Pts',(0.43094932999513,2.91507692908268,-5.09553542098866));
#1588=CARTESIAN_POINT('Ctrl Pts',(-0.529663170313138,3.05709359592186,-5.0427661835074));
#1589=CARTESIAN_POINT('Ctrl Pts',(-1.56736992276667,2.67765925238225,-4.98999694602615));
#1590=CARTESIAN_POINT('Ctrl Pts',(-2.2097719844073,1.94945984534543,-4.93722770854489));
#1591=CARTESIAN_POINT('Ctrl Pts',(-2.85217404604793,1.22126043830861,-4.88445847106363));
#1592=CARTESIAN_POINT('Ctrl Pts',(-3.09927141687564,0.144295967774568,-4.83168923358236));
#1593=CARTESIAN_POINT('Ctrl Pts',(-2.83859403646619,-0.791090297738068,
-4.7789199961011));
#1594=CARTESIAN_POINT('Ctrl Pts',(-2.57791665605673,-1.7264765632507,-4.72615075861984));
#1595=CARTESIAN_POINT('Ctrl Pts',(-1.80946452441012,-2.52028462374193,-4.67338152113858));
#1596=CARTESIAN_POINT('Ctrl Pts',(-0.883028181495325,-2.81130743782553,
-4.62061228365732));
#1597=CARTESIAN_POINT('Ctrl Pts',(0.0434081614194685,-3.10233025190912,
-4.56784304617606));
#1598=CARTESIAN_POINT('Ctrl Pts',(1.12782871560244,-2.89056781958509,-4.51507380869479));
#1599=CARTESIAN_POINT('Ctrl Pts',(1.87652200202615,-2.27212352327758,-4.46230457121353));
#1600=CARTESIAN_POINT('Ctrl Pts',(2.53923913197509,-1.72469824711415,-4.41559508650555));
#1601=CARTESIAN_POINT('Ctrl Pts',(2.93890818491531,-0.858630749872965,-4.36888560179758));
#1602=CARTESIAN_POINT('Ctrl Pts',(2.94522123717981,0.002034326457852,-4.3221761170896));
#1603=CARTESIAN_POINT('Ctrl Pts',(2.94460614304039,0.00313274814863691,
-4.1778238829104));
#1604=CARTESIAN_POINT('Ctrl Pts',(2.93794268712083,-0.848906221728973,-4.22408773023612));
#1605=CARTESIAN_POINT('Ctrl Pts',(2.54738656667967,-1.70859184059522,-4.27035157756184));
#1606=CARTESIAN_POINT('Ctrl Pts',(1.89572941279818,-2.25673099731379,-4.31661542488756));
#1607=CARTESIAN_POINT('Ctrl Pts',(1.15243949859305,-2.88194673283214,-4.36938466236883));
#1608=CARTESIAN_POINT('Ctrl Pts',(0.0694564761827449,-3.10183972916855,
-4.42215389985009));
#1609=CARTESIAN_POINT('Ctrl Pts',(-0.859482821605375,-2.81837401272046,
-4.47492313733135));
#1610=CARTESIAN_POINT('Ctrl Pts',(-1.7884221193935,-2.53490829627238,-4.52769237481261));
#1611=CARTESIAN_POINT('Ctrl Pts',(-2.56331769255943,-1.7480838670398,-4.58046161229387));
#1612=CARTESIAN_POINT('Ctrl Pts',(-2.83179596032373,-0.815040048629441,
-4.63323084977513));
#1613=CARTESIAN_POINT('Ctrl Pts',(-3.10027422808803,0.118003769780923,-4.68600008725639));
#1614=CARTESIAN_POINT('Ctrl Pts',(-2.86233519045069,1.19726697736908,-4.73876932473766));
#1615=CARTESIAN_POINT('Ctrl Pts',(-2.22609722423863,1.93089918463982,-4.79153856221892));
#1616=CARTESIAN_POINT('Ctrl Pts',(-1.58985925802656,2.66453139191055,-4.84430779970018));
#1617=CARTESIAN_POINT('Ctrl Pts',(-0.555322363239773,3.05253259886387,-4.89707703718144));
#1618=CARTESIAN_POINT('Ctrl Pts',(0.406462086845983,2.91855750247141,-4.9498462746627));
#1619=CARTESIAN_POINT('Ctrl Pts',(1.36824653693174,2.78458240607894,-5.00261551214396));
#1620=CARTESIAN_POINT('Ctrl Pts',(2.25727854231646,2.1286310063407,-5.05538474962522));
#1621=CARTESIAN_POINT('Ctrl Pts',(2.66890168997133,1.249161472684,-5.10815398710648));
#1622=CARTESIAN_POINT('Ctrl Pts',(2.85005358310969,0.862114311009322,-5.13137728570779));
#1623=CARTESIAN_POINT('Ctrl Pts',(2.93874063084995,0.431776017714843,-5.15460058430909));
#1624=CARTESIAN_POINT('Ctrl Pts',(2.9375130538775,0.000951529966652909,
-5.1778238829104));
#1625=CARTESIAN_POINT('Origin',(0.,0.,-16.5));
#1626=CARTESIAN_POINT('',(2.94145960211886,-0.00264424799867657,-6.3221761170896));
#1627=CARTESIAN_POINT('',(2.94170391571421,-0.00264952294516872,-6.1778238829104));
#1628=CARTESIAN_POINT('',(2.942,-3.60291088309151E-16,-16.5));
#1629=CARTESIAN_POINT('Ctrl Pts',(2.94145960211886,-0.00264424799867657,
-6.3221761170896));
#1630=CARTESIAN_POINT('Ctrl Pts',(2.93493437185826,0.72756595338742,-6.28268054742478));
#1631=CARTESIAN_POINT('Ctrl Pts',(2.65964551079841,1.46216947859225,-6.24318497775996));
#1632=CARTESIAN_POINT('Ctrl Pts',(2.16718239035153,1.99668430811442,-6.20368940809515));
#1633=CARTESIAN_POINT('Ctrl Pts',(1.50921230474024,2.71083883774105,-6.15092017061389));
#1634=CARTESIAN_POINT('Ctrl Pts',(0.463562375241732,3.0678131263723,-6.09815093313263));
#1635=CARTESIAN_POINT('Ctrl Pts',(-0.493760487479221,2.90510366492051,-6.04538169565137));
#1636=CARTESIAN_POINT('Ctrl Pts',(-1.45108335020018,2.74239420346873,-5.99261245817011));
#1637=CARTESIAN_POINT('Ctrl Pts',(-2.32007914614359,2.06000099193391,-5.93984322068884));
#1638=CARTESIAN_POINT('Ctrl Pts',(-2.70515826625099,1.16856626703414,-5.88707398320758));
#1639=CARTESIAN_POINT('Ctrl Pts',(-3.0902373863584,0.277131542134373,-5.83430474572632));
#1640=CARTESIAN_POINT('Ctrl Pts',(-2.99139983062983,-0.823344696130332,
-5.78153550824506));
#1641=CARTESIAN_POINT('Ctrl Pts',(-2.45363932958609,-1.63189543112028,-5.72876627076381));
#1642=CARTESIAN_POINT('Ctrl Pts',(-1.91587882854235,-2.44044616611024,-5.67599703328255));
#1643=CARTESIAN_POINT('Ctrl Pts',(-0.93919538218343,-2.95707139782543,-5.62322779580128));
#1644=CARTESIAN_POINT('Ctrl Pts',(0.0317999387372843,-2.94659308536198,
-5.57045855832002));
#1645=CARTESIAN_POINT('Ctrl Pts',(1.00279525965799,-2.93611477289854,-5.51768932083876));
#1646=CARTESIAN_POINT('Ctrl Pts',(1.96810245514049,-2.39853291625648,-5.46492008335749));
#1647=CARTESIAN_POINT('Ctrl Pts',(2.48828749888281,-1.57856266003179,-5.41215084587623));
#1648=CARTESIAN_POINT('Ctrl Pts',(2.78393644426317,-1.11252976575237,-5.38215926961402));
#1649=CARTESIAN_POINT('Ctrl Pts',(2.93579953821599,-0.555278188447382,-5.35216769335181));
#1650=CARTESIAN_POINT('Ctrl Pts',(2.93760370842207,0.00105903120209097,
-5.3221761170896));
#1651=CARTESIAN_POINT('Ctrl Pts',(2.9375130538775,0.000951529966652909,
-5.1778238829104));
#1652=CARTESIAN_POINT('Ctrl Pts',(2.93595126393453,-0.547166728405227,-5.20736982179035));
#1653=CARTESIAN_POINT('Ctrl Pts',(2.78885090059827,-1.09607195605392,-5.23691576067031));
#1654=CARTESIAN_POINT('Ctrl Pts',(2.50146365807799,-1.55761553041907,-5.26646169955027));
#1655=CARTESIAN_POINT('Ctrl Pts',(1.98818818860475,-2.38193533229026,-5.31923093703153));
#1656=CARTESIAN_POINT('Ctrl Pts',(1.02742295973325,-2.92758726845749,-5.37200017451279));
#1657=CARTESIAN_POINT('Ctrl Pts',(0.0565480318801928,-2.94621688514241,
-5.42476941199405));
#1658=CARTESIAN_POINT('Ctrl Pts',(-0.914326895972866,-2.96484650182733,
-5.47753864947531));
#1659=CARTESIAN_POINT('Ctrl Pts',(-1.89531152280747,-2.45645379902993,-5.53030788695658));
#1660=CARTESIAN_POINT('Ctrl Pts',(-2.43984391153292,-1.65245116305459,-5.58307712443784));
#1661=CARTESIAN_POINT('Ctrl Pts',(-2.98437630025836,-0.848448527079258,
-5.6358463619191));
#1662=CARTESIAN_POINT('Ctrl Pts',(-3.09245645087464,0.25116404207402,-5.68861559940036));
#1663=CARTESIAN_POINT('Ctrl Pts',(-2.71487942756186,1.1458032804694,-5.74138483688162));
#1664=CARTESIAN_POINT('Ctrl Pts',(-2.33730240424908,2.04044251886477,-5.79415407436288));
#1665=CARTESIAN_POINT('Ctrl Pts',(-1.47406820700726,2.73010842650225,-5.84692331184414));
#1666=CARTESIAN_POINT('Ctrl Pts',(-0.518145569862727,2.90085296963266,-5.8996925493254));
#1667=CARTESIAN_POINT('Ctrl Pts',(0.437777067281821,3.07159751276308,-5.95246178680666));
#1668=CARTESIAN_POINT('Ctrl Pts',(1.48638814432909,2.72342069138643,-6.00523102428793));
#1669=CARTESIAN_POINT('Ctrl Pts',(2.15033378160489,2.01481860401108,-6.05800026176919));
#1670=CARTESIAN_POINT('Ctrl Pts',(2.65287638847598,1.4784753851822,-6.09794146881626));
#1671=CARTESIAN_POINT('Ctrl Pts',(2.93504319509036,0.735643622764912,-6.13788267586333));
#1672=CARTESIAN_POINT('Ctrl Pts',(2.94170391571421,-0.00264952294516872,
-6.1778238829104));
#1673=CARTESIAN_POINT('Origin',(0.,0.,-16.5));
#1674=CARTESIAN_POINT('',(2.94622910063931,0.00112600745461208,-7.32217611708959));
#1675=CARTESIAN_POINT('',(2.94609225091552,0.00125881775703973,-7.1778238829104));
#1676=CARTESIAN_POINT('',(2.942,-3.60291088309151E-16,-16.5));
#1677=CARTESIAN_POINT('Ctrl Pts',(2.94622910063931,0.00112600745461208,
-7.32217611708959));
#1678=CARTESIAN_POINT('Ctrl Pts',(2.94654047879621,0.0645372900219649,-7.31873187646027));
#1679=CARTESIAN_POINT('Ctrl Pts',(2.9446695135998,0.127929865420648,-7.31528763583095));
#1680=CARTESIAN_POINT('Ctrl Pts',(2.94055759502569,0.191176747990588,-7.31184339520163));
#1681=CARTESIAN_POINT('Ctrl Pts',(2.87755885855705,1.16018272796564,-7.25907415772037));
#1682=CARTESIAN_POINT('Ctrl Pts',(2.28853378670298,2.09498975246136,-7.20630492023911));
#1683=CARTESIAN_POINT('Ctrl Pts',(1.44162188545754,2.57004938941387,-7.15353568275785));
#1684=CARTESIAN_POINT('Ctrl Pts',(0.594709984212091,3.04510902636638,-7.10076644527659));
#1685=CARTESIAN_POINT('Ctrl Pts',(-0.510088746424733,3.06042127577569,-7.04799720779533));
#1686=CARTESIAN_POINT('Ctrl Pts',(-1.36984124301088,2.60901561349773,-6.99522797031407));
#1687=CARTESIAN_POINT('Ctrl Pts',(-2.22959373959703,2.15760995121976,-6.94245873283281));
#1688=CARTESIAN_POINT('Ctrl Pts',(-2.8443000021325,1.23948637725452,-6.88968949535155));
#1689=CARTESIAN_POINT('Ctrl Pts',(-2.93412977747728,0.272598561138837,-6.83692025787029));
#1690=CARTESIAN_POINT('Ctrl Pts',(-3.02395955282205,-0.694289254976844,
-6.78415102038903));
#1691=CARTESIAN_POINT('Ctrl Pts',(-2.58891284097612,-1.70994131324296,-6.73138178290777));
#1692=CARTESIAN_POINT('Ctrl Pts',(-1.82703420627274,-2.3120063941117,-6.6786125454265));
#1693=CARTESIAN_POINT('Ctrl Pts',(-1.06515557156936,-2.91407147498044,-6.62584330794524));
#1694=CARTESIAN_POINT('Ctrl Pts',(0.0235549859914855,-3.10254957845179,
-6.57307407046398));
#1695=CARTESIAN_POINT('Ctrl Pts',(0.943488167415012,-2.79164064365966,-6.52030483298272));
#1696=CARTESIAN_POINT('Ctrl Pts',(1.86342134883854,-2.48073170886752,-6.46753559550146));
#1697=CARTESIAN_POINT('Ctrl Pts',(2.61457715412476,-1.67043573581189,-6.4147663580202));
#1698=CARTESIAN_POINT('Ctrl Pts',(2.85500993590583,-0.729620363973057,-6.36199712053894));
#1699=CARTESIAN_POINT('Ctrl Pts',(2.91548882530952,-0.492965992629706,-6.34872345272249));
#1700=CARTESIAN_POINT('Ctrl Pts',(2.94365260097012,-0.24805323264272,-6.33544978490604));
#1701=CARTESIAN_POINT('Ctrl Pts',(2.94145960211886,-0.00264424799867657,
-6.3221761170896));
#1702=CARTESIAN_POINT('Ctrl Pts',(2.94170391571421,-0.00264952294516872,
-6.1778238829104));
#1703=CARTESIAN_POINT('Ctrl Pts',(2.94384315819568,-0.239769220688935,-6.19065191334459));
#1704=CARTESIAN_POINT('Ctrl Pts',(2.91756340084665,-0.476420751107217,-6.20347994377878));
#1705=CARTESIAN_POINT('Ctrl Pts',(2.86103819852696,-0.705612865628842,-6.21630797421297));
#1706=CARTESIAN_POINT('Ctrl Pts',(2.62851678066887,-1.6484148945194,-6.26907721169423));
#1707=CARTESIAN_POINT('Ctrl Pts',(1.88419374744833,-2.46499159892649,-6.32184644917549));
#1708=CARTESIAN_POINT('Ctrl Pts',(0.966904570684227,-2.78361689193682,-6.37461568665675));
#1709=CARTESIAN_POINT('Ctrl Pts',(0.0496153939201184,-3.10224218494715,
-6.42738492413802));
#1710=CARTESIAN_POINT('Ctrl Pts',(-1.04063992638756,-2.92291606656074,-6.48015416161927));
#1711=CARTESIAN_POINT('Ctrl Pts',(-1.80754902143423,-2.32727200790621,-6.53292339910053));
#1712=CARTESIAN_POINT('Ctrl Pts',(-2.5744581164809,-1.73162794925167,-6.5856926365818));
#1713=CARTESIAN_POINT('Ctrl Pts',(-3.01802098626656,-0.719665950329024,
-6.63846187406306));
#1714=CARTESIAN_POINT('Ctrl Pts',(-2.93631621374112,0.24794238736787,-6.69123111154432));
#1715=CARTESIAN_POINT('Ctrl Pts',(-2.85461144121567,1.21555072506477,-6.74400034902558));
#1716=CARTESIAN_POINT('Ctrl Pts',(-2.24763902637912,2.13880540153591,-6.79676958650684));
#1717=CARTESIAN_POINT('Ctrl Pts',(-1.39170861413933,2.59741703699611,-6.84953882398811));
#1718=CARTESIAN_POINT('Ctrl Pts',(-0.535778201899548,3.05602867245631,-6.90230806146937));
#1719=CARTESIAN_POINT('Ctrl Pts',(0.569110207743462,3.04999726690556,-6.95507729895063));
#1720=CARTESIAN_POINT('Ctrl Pts',(1.41998274807335,2.58206841067328,-7.00784653643189));
#1721=CARTESIAN_POINT('Ctrl Pts',(2.27085528840324,2.114139554441,-7.06061577391315));
#1722=CARTESIAN_POINT('Ctrl Pts',(2.86771195942001,1.1843132475272,-7.11338501139441));
#1723=CARTESIAN_POINT('Ctrl Pts',(2.93884809691341,0.215870597628283,-7.16615424887567));
#1724=CARTESIAN_POINT('Ctrl Pts',(2.94409188875639,0.144481963849892,-7.17004412688725));
#1725=CARTESIAN_POINT('Ctrl Pts',(2.94647897644473,0.0728834933609146,-7.17393400489883));
#1726=CARTESIAN_POINT('Ctrl Pts',(2.94609225091552,0.00125881775703973,
-7.1778238829104));
#1727=CARTESIAN_POINT('Origin',(0.,0.,-16.5));
#1728=CARTESIAN_POINT('',(2.93830365773195,0.00172391681640724,-8.32217611708959));
#1729=CARTESIAN_POINT('',(2.93816074850986,0.00161914545591792,-8.1778238829104));
#1730=CARTESIAN_POINT('',(2.942,-3.60291088309151E-16,-16.5));
#1731=CARTESIAN_POINT('Ctrl Pts',(2.93830365773195,0.00172391681640724,
-8.32217611708959));
#1732=CARTESIAN_POINT('Ctrl Pts',(2.94031248608356,0.375503465483628,-8.30201396801451));
#1733=CARTESIAN_POINT('Ctrl Pts',(2.87414064946898,0.748598387043857,-8.28185181893943));
#1734=CARTESIAN_POINT('Ctrl Pts',(2.73650502161466,1.09314582044939,-8.26168966986434));
#1735=CARTESIAN_POINT('Ctrl Pts',(2.37627917936541,1.99491007530271,-8.20892043238308));
#1736=CARTESIAN_POINT('Ctrl Pts',(1.5265292721104,2.70112519674512,-8.15615119490182));
#1737=CARTESIAN_POINT('Ctrl Pts',(0.574083519016209,2.89030372650737,-8.10338195742055));
#1738=CARTESIAN_POINT('Ctrl Pts',(-0.378362234077985,3.07948225626963,-8.05061271993929));
#1739=CARTESIAN_POINT('Ctrl Pts',(-1.43350383301136,2.75162419435173,-7.99784348245803));
#1740=CARTESIAN_POINT('Ctrl Pts',(-2.11101342820214,2.05597904264203,-7.94507424497677));
#1741=CARTESIAN_POINT('Ctrl Pts',(-2.78852302339293,1.36033389093232,-7.89230500749551));
#1742=CARTESIAN_POINT('Ctrl Pts',(-3.0884006148411,0.296901649430788,-7.83953577001425));
#1743=CARTESIAN_POINT('Ctrl Pts',(-2.87413413737355,-0.650215716870449,
-7.78676653253299));
#1744=CARTESIAN_POINT('Ctrl Pts',(-2.65986765990601,-1.59733308317167,-7.73399729505173));
#1745=CARTESIAN_POINT('Ctrl Pts',(-1.93145711352275,-2.42813557427261,-7.68122805757047));
#1746=CARTESIAN_POINT('Ctrl Pts',(-1.02049389019776,-2.76442032607636,-7.62845882008921));
#1747=CARTESIAN_POINT('Ctrl Pts',(-0.109530666872753,-3.10070507788011,
-7.57568958260795));
#1748=CARTESIAN_POINT('Ctrl Pts',(0.983985233394002,-2.94247209038668,-7.52292034512668));
#1749=CARTESIAN_POINT('Ctrl Pts',(1.76225698298577,-2.36175312891276,-7.47015110764542));
#1750=CARTESIAN_POINT('Ctrl Pts',(2.48973104611208,-1.81893761150575,-7.42082611079348));
#1751=CARTESIAN_POINT('Ctrl Pts',(2.94176985163147,-0.906987463592643,-7.37150111394153));
#1752=CARTESIAN_POINT('Ctrl Pts',(2.94622910063931,0.00112600745461208,
-7.32217611708959));
#1753=CARTESIAN_POINT('Ctrl Pts',(2.94609225091552,0.00125881775703973,
-7.1778238829104));
#1754=CARTESIAN_POINT('Ctrl Pts',(2.94123274218491,-0.89876124850783,-7.22670324238009));
#1755=CARTESIAN_POINT('Ctrl Pts',(2.49839123401809,-1.80291907305633,-7.27558260184977));
#1756=CARTESIAN_POINT('Ctrl Pts',(1.78203353410453,-2.34686699899169,-7.32446196131946));
#1757=CARTESIAN_POINT('Ctrl Pts',(1.0086672298322,-2.93410295282869,-7.37723119880072));
#1758=CARTESIAN_POINT('Ctrl Pts',(-0.0834809826824902,-3.10151586761867,
-7.43000043628197));
#1759=CARTESIAN_POINT('Ctrl Pts',(-0.997236885792214,-2.772895029261,-7.48276967376324));
#1760=CARTESIAN_POINT('Ctrl Pts',(-1.91099278890194,-2.44427419090332,-7.5355389112445));
#1761=CARTESIAN_POINT('Ctrl Pts',(-2.6463563826067,-1.619619599398,-7.58830814872576));
#1762=CARTESIAN_POINT('Ctrl Pts',(-2.86857106570809,-0.674335439280958,
-7.64107738620702));
#1763=CARTESIAN_POINT('Ctrl Pts',(-3.09078574880948,0.270948720836092,-7.69384662368828));
#1764=CARTESIAN_POINT('Ctrl Pts',(-2.79985152130749,1.33686244956486,-7.74661586116954));
#1765=CARTESIAN_POINT('Ctrl Pts',(-2.1282091977375,2.03817414656758,-7.7993850986508));
#1766=CARTESIAN_POINT('Ctrl Pts',(-1.45656687416752,2.7394858435703,-7.85215433613206));
#1767=CARTESIAN_POINT('Ctrl Pts',(-0.40421645452955,3.07619550884696,-7.90492357361333));
#1768=CARTESIAN_POINT('Ctrl Pts',(0.54978482930386,2.89502415977321,-7.95769281109459));
#1769=CARTESIAN_POINT('Ctrl Pts',(1.50378611313728,2.71385281069946,-8.01046204857585));
#1770=CARTESIAN_POINT('Ctrl Pts',(2.35943826116613,2.01480044727529,-8.06323128605711));
#1771=CARTESIAN_POINT('Ctrl Pts',(2.72722620076419,1.11609385492415,-8.11600052353837));
#1772=CARTESIAN_POINT('Ctrl Pts',(2.87085714338514,0.765125100646558,-8.13660830999572));
#1773=CARTESIAN_POINT('Ctrl Pts',(2.94008344743463,0.38370688833154,-8.15721609645306));
#1774=CARTESIAN_POINT('Ctrl Pts',(2.93816074850986,0.00161914545591792,
-8.1778238829104));
#1775=CARTESIAN_POINT('Origin',(0.,0.,-16.5));
#1776=CARTESIAN_POINT('',(2.94009290337586,-0.00247040176511948,-9.3221761170896));
#1777=CARTESIAN_POINT('',(2.94031529922754,-0.00251672084967719,-9.1778238829104));
#1778=CARTESIAN_POINT('',(2.942,-3.60291088309151E-16,-16.5));
#1779=CARTESIAN_POINT('Ctrl Pts',(2.94009290337586,-0.00247040176511948,
-9.3221761170896));
#1780=CARTESIAN_POINT('Ctrl Pts',(2.93460740147933,0.680188880447898,-9.28529605956875));
#1781=CARTESIAN_POINT('Ctrl Pts',(2.69764316355072,1.366283329263,-9.2484160020479));
#1782=CARTESIAN_POINT('Ctrl Pts',(2.26294828705548,1.88745664008945,-9.21153594452704));
#1783=CARTESIAN_POINT('Ctrl Pts',(1.64097211045392,2.6331690943704,-9.15876670704578));
#1784=CARTESIAN_POINT('Ctrl Pts',(0.614184820548791,3.04124085745428,-9.10599746956452));
#1785=CARTESIAN_POINT('Ctrl Pts',(-0.349993350651677,2.92590706834807,-9.05322823208325));
#1786=CARTESIAN_POINT('Ctrl Pts',(-1.31417152185214,2.81057327924187,-9.00045899460199));
#1787=CARTESIAN_POINT('Ctrl Pts',(-2.21574057434794,2.1718339379456,-8.94768975712074));
#1788=CARTESIAN_POINT('Ctrl Pts',(-2.64428286873993,1.30045977569107,-8.89492051963948));
#1789=CARTESIAN_POINT('Ctrl Pts',(-3.07282516313192,0.429085613436544,-8.84215128215821));
#1790=CARTESIAN_POINT('Ctrl Pts',(-3.02834069942009,-0.674923369776236,
-8.78938204467695));
#1791=CARTESIAN_POINT('Ctrl Pts',(-2.53107996039861,-1.50899362230928,-8.73661280719569));
#1792=CARTESIAN_POINT('Ctrl Pts',(-2.03381922137713,-2.34306387484232,-8.68384356971443));
#1793=CARTESIAN_POINT('Ctrl Pts',(-1.08378220704601,-2.90719539669564,-8.63107433223317));
#1794=CARTESIAN_POINT('Ctrl Pts',(-0.113450431369487,-2.94458087301954,
-8.57830509475191));
#1795=CARTESIAN_POINT('Ctrl Pts',(0.856881344307039,-2.98196634934345,-8.52553585727065));
#1796=CARTESIAN_POINT('Ctrl Pts',(1.84750788132896,-2.49260578013795,-8.47276661978938));
#1797=CARTESIAN_POINT('Ctrl Pts',(2.40747026121818,-1.69926880140307,-8.41999738230812));
#1798=CARTESIAN_POINT('Ctrl Pts',(2.75348137861711,-1.20905120046306,-8.38739029390194));
#1799=CARTESIAN_POINT('Ctrl Pts',(2.93505489474494,-0.602768329641288,-8.35478320549577));
#1800=CARTESIAN_POINT('Ctrl Pts',(2.93830365773195,0.00172391681640724,
-8.32217611708959));
#1801=CARTESIAN_POINT('Ctrl Pts',(2.93816074850986,0.00161914545591792,
-8.1778238829104));
#1802=CARTESIAN_POINT('Ctrl Pts',(2.93516009691486,-0.594684404892513,-8.20998533393432));
#1803=CARTESIAN_POINT('Ctrl Pts',(2.75886789113058,-1.19261867368498,-8.24214678495824));
#1804=CARTESIAN_POINT('Ctrl Pts',(2.42165922940822,-1.67898624756382,-8.27430823598216));
#1805=CARTESIAN_POINT('Ctrl Pts',(1.86838058728691,-2.47699893642255,-8.32707747346342));
#1806=CARTESIAN_POINT('Ctrl Pts',(0.881899571877016,-2.97466349286192,-8.37984671094468));
#1807=CARTESIAN_POINT('Ctrl Pts',(-0.0887120474693389,-2.94543009014879,
-8.43261594842594));
#1808=CARTESIAN_POINT('Ctrl Pts',(-1.0593236668157,-2.91619668743567,-8.4853851859072));
#1809=CARTESIAN_POINT('Ctrl Pts',(-2.01406589009852,-2.36006532557005,-8.53815442338847));
#1810=CARTESIAN_POINT('Ctrl Pts',(-2.51831527004912,-1.53020143895441,-8.59092366086973));
#1811=CARTESIAN_POINT('Ctrl Pts',(-3.02256464999973,-0.700337552338777,
-8.64369289835099));
#1812=CARTESIAN_POINT('Ctrl Pts',(-3.07632118661811,0.403258859026871,-8.69646213583225));
#1813=CARTESIAN_POINT('Ctrl Pts',(-2.65511350881654,1.27820205696291,-8.74923137331351));
#1814=CARTESIAN_POINT('Ctrl Pts',(-2.23390583101498,2.15314525489895,-8.80200061079477));
#1815=CARTESIAN_POINT('Ctrl Pts',(-1.33773393879348,2.79943523940539,-8.85476984827602));
#1816=CARTESIAN_POINT('Ctrl Pts',(-0.374558544063472,2.92286403040781,-8.90753908575729));
#1817=CARTESIAN_POINT('Ctrl Pts',(0.588616850666545,3.04629282141024,-8.96030832323855));
#1818=CARTESIAN_POINT('Ctrl Pts',(1.61879574790507,2.64686041890864,-9.01307756071982));
#1819=CARTESIAN_POINT('Ctrl Pts',(2.24701396792759,1.90639882267385,-9.06584679820108));
#1820=CARTESIAN_POINT('Ctrl Pts',(2.69137668250085,1.38264208583749,-9.10317249310419));
#1821=CARTESIAN_POINT('Ctrl Pts',(2.93462751251085,0.688259146662644,-9.14049818800729));
#1822=CARTESIAN_POINT('Ctrl Pts',(2.94031529922754,-0.00251672084967719,
-9.1778238829104));
#1823=CARTESIAN_POINT('Origin',(0.,0.,-16.5));
#1824=CARTESIAN_POINT('',(2.94673163152889,0.000280834804531182,-10.3221761170896));
#1825=CARTESIAN_POINT('',(2.94668657441932,0.000430500911541879,-10.1778238829104));
#1826=CARTESIAN_POINT('',(2.942,-3.60291088309151E-16,-16.5));
#1827=CARTESIAN_POINT('Ctrl Pts',(2.94673163152889,0.000280834804531182,
-10.3221761170896));
#1828=CARTESIAN_POINT('Ctrl Pts',(2.94675250764185,0.0155314485214542,-10.3213473886042));
#1829=CARTESIAN_POINT('Ctrl Pts',(2.94664428939601,0.0307817579155222,-10.3205186601189));
#1830=CARTESIAN_POINT('Ctrl Pts',(2.94640607416075,0.046030036440114,-10.3196899316335));
#1831=CARTESIAN_POINT('Ctrl Pts',(2.93123773308962,1.01696327315532,-10.2669206941523));
#1832=CARTESIAN_POINT('Ctrl Pts',(2.38899684248318,1.97966235339275,-10.214151456671));
#1833=CARTESIAN_POINT('Ctrl Pts',(1.56652553350455,2.49588166205537,-10.1613822191897));
#1834=CARTESIAN_POINT('Ctrl Pts',(0.744054224525917,3.012100970718,-10.1086129817085));
#1835=CARTESIAN_POINT('Ctrl Pts',(-0.358647502824909,3.08184050780581,-10.0558437442272));
#1836=CARTESIAN_POINT('Ctrl Pts',(-1.23960119371002,2.67335302544553,-10.003074506746));
#1837=CARTESIAN_POINT('Ctrl Pts',(-2.12055488459514,2.26486554308526,-9.9503052692647));
#1838=CARTESIAN_POINT('Ctrl Pts',(-2.77976053901455,1.37815104127689,-9.89753603178343));
#1839=CARTESIAN_POINT('Ctrl Pts',(-2.91713062865646,0.416864982290871,-9.84476679430217));
#1840=CARTESIAN_POINT('Ctrl Pts',(-3.05450071829837,-0.544421076695142,
-9.79199755682091));
#1841=CARTESIAN_POINT('Ctrl Pts',(-2.6700352431628,-1.58027869285881,-9.73922831933966));
#1842=CARTESIAN_POINT('Ctrl Pts',(-1.93875286909576,-2.21915858619406,-9.6864590818584));
#1843=CARTESIAN_POINT('Ctrl Pts',(-1.20747049502872,-2.85803847952932,-9.63368984437714));
#1844=CARTESIAN_POINT('Ctrl Pts',(-0.129371222030202,-3.09994065003616,
-9.58092060689587));
#1845=CARTESIAN_POINT('Ctrl Pts',(0.804766171016517,-2.83474494939033,-9.52815136941461));
#1846=CARTESIAN_POINT('Ctrl Pts',(1.73890356406324,-2.5695492487445,-9.47538213193335));
#1847=CARTESIAN_POINT('Ctrl Pts',(2.52907907715816,-1.797255676946,-9.42261289445209));
#1848=CARTESIAN_POINT('Ctrl Pts',(2.81558430205661,-0.869432318307742,-9.36984365697083));
#1849=CARTESIAN_POINT('Ctrl Pts',(2.90185299372808,-0.590058330345335,-9.35395447701042));
#1850=CARTESIAN_POINT('Ctrl Pts',(2.94245624369218,-0.296583180211695,-9.33806529705001));
#1851=CARTESIAN_POINT('Ctrl Pts',(2.94009290337586,-0.00247040176511948,
-9.3221761170896));
#1852=CARTESIAN_POINT('Ctrl Pts',(2.94031529922754,-0.00251672084967719,
-9.1778238829104));
#1853=CARTESIAN_POINT('Ctrl Pts',(2.94266862651489,-0.288325908048458,-9.19326742548855));
#1854=CARTESIAN_POINT('Ctrl Pts',(2.90435356789144,-0.573517601127171,-9.20871096806671));
#1855=CARTESIAN_POINT('Ctrl Pts',(2.8227882887237,-0.845750861778291,-9.22415451064486));
#1856=CARTESIAN_POINT('Ctrl Pts',(2.54408684669078,-1.77594816002764,-9.27692374812612));
#1857=CARTESIAN_POINT('Ctrl Pts',(1.76042641981845,-2.55485196655839,-9.32969298560738));
#1858=CARTESIAN_POINT('Ctrl Pts',(0.828549579955706,-2.82788504658822,-9.38246222308864));
#1859=CARTESIAN_POINT('Ctrl Pts',(-0.103327259907062,-3.10091812661805,
-9.43523146056991));
#1860=CARTESIAN_POINT('Ctrl Pts',(-1.18342051276026,-2.86808048014692,-9.48800069805116));
#1861=CARTESIAN_POINT('Ctrl Pts',(-1.92004368832201,-2.23536584882483,-9.54076993553242));
#1862=CARTESIAN_POINT('Ctrl Pts',(-2.65666686388376,-1.60265121750274,-9.59353917301368));
#1863=CARTESIAN_POINT('Ctrl Pts',(-3.04981996215408,-0.570059601329696,
-9.64630841049495));
#1864=CARTESIAN_POINT('Ctrl Pts',(-2.92052948568667,0.392346487677339,-9.69907764797621));
#1865=CARTESIAN_POINT('Ctrl Pts',(-2.79123900921927,1.35475257668438,-9.75184688545747));
#1866=CARTESIAN_POINT('Ctrl Pts',(-2.13950495801414,2.2469731385254,-9.80461612293873));
#1867=CARTESIAN_POINT('Ctrl Pts',(-1.26201359262058,2.66284620945331,-9.85738536041999));
#1868=CARTESIAN_POINT('Ctrl Pts',(-0.384522227227015,3.07871928038122,-9.91015459790125));
#1869=CARTESIAN_POINT('Ctrl Pts',(0.718726452354981,3.01824486039601,-9.96292383538252));
#1870=CARTESIAN_POINT('Ctrl Pts',(1.5455050044317,2.50895247552337,-10.0156930728638));
#1871=CARTESIAN_POINT('Ctrl Pts',(2.3722835565084,1.99966009065075,-10.068462310345));
#1872=CARTESIAN_POINT('Ctrl Pts',(2.92259198107984,1.04154974089072,-10.1212315478263));
#1873=CARTESIAN_POINT('Ctrl Pts',(2.94591559607124,0.0707781320934004,-10.1740007853076));
#1874=CARTESIAN_POINT('Ctrl Pts',(2.94647885641521,0.0473342041052637,-10.1752751511752));
#1875=CARTESIAN_POINT('Ctrl Pts',(2.94673477277186,0.0238828919159771,-10.1765495170428));
#1876=CARTESIAN_POINT('Ctrl Pts',(2.94668657441932,0.000430500911541879,
-10.1778238829104));
#1877=CARTESIAN_POINT('Origin',(0.,0.,-16.5));
#1878=CARTESIAN_POINT('',(2.93931813086444,0.002242310357181,-11.3221761170896));
#1879=CARTESIAN_POINT('',(2.9391258937166,0.00216684004406877,-11.1778238829104));
#1880=CARTESIAN_POINT('',(2.942,-3.60291088309151E-16,-16.5));
#1881=CARTESIAN_POINT('Ctrl Pts',(2.93931813086444,0.002242310357181,-11.3221761170896));
#1882=CARTESIAN_POINT('Ctrl Pts',(2.94164337776291,0.32725139989236,-11.3046294801585));
#1883=CARTESIAN_POINT('Ctrl Pts',(2.89191002154511,0.651569104797704,-11.2870828432273));
#1884=CARTESIAN_POINT('Ctrl Pts',(2.78705162091955,0.956959132061432,-11.2695362062962));
#1885=CARTESIAN_POINT('Ctrl Pts',(2.47170356497948,1.8753800771318,-11.216766968815));
#1886=CARTESIAN_POINT('Ctrl Pts',(1.6577893350123,2.62261386169498,-11.1639977313337));
#1887=CARTESIAN_POINT('Ctrl Pts',(0.71582381949201,2.858500267195,-11.1112284938525));
#1888=CARTESIAN_POINT('Ctrl Pts',(-0.226141696028285,3.09438667269503,-11.0584592563712));
#1889=CARTESIAN_POINT('Ctrl Pts',(-1.29615849710171,2.81892569913189,-11.0056900188899));
#1890=CARTESIAN_POINT('Ctrl Pts',(-2.00712715590395,2.15751433324068,-10.9529207814087));
#1891=CARTESIAN_POINT('Ctrl Pts',(-2.71809581470619,1.49610296734947,-10.9001515439274));
#1892=CARTESIAN_POINT('Ctrl Pts',(-3.07001633123727,0.448741209130208,-10.8473823064461));
#1893=CARTESIAN_POINT('Ctrl Pts',(-2.90268534974621,-0.507784677274526,
-10.7946130689649));
#1894=CARTESIAN_POINT('Ctrl Pts',(-2.73535436825514,-1.46431056367928,-10.7418438314836));
#1895=CARTESIAN_POINT('Ctrl Pts',(-2.04877188874191,-2.33000057826948,-10.6890745940024));
#1896=CARTESIAN_POINT('Ctrl Pts',(-1.15548808106325,-2.71077015119814,-10.6363053565211));
#1897=CARTESIAN_POINT('Ctrl Pts',(-0.26220427338461,-3.0915397241268,-10.5835361190398));
#1898=CARTESIAN_POINT('Ctrl Pts',(0.837780862459449,-2.98738885539394,-10.5307668815586));
#1899=CARTESIAN_POINT('Ctrl Pts',(1.64372553461357,-2.44572972443101,-10.4779976440773));
#1900=CARTESIAN_POINT('Ctrl Pts',(2.43701303491312,-1.91257722294783,-10.4260571350814));
#1901=CARTESIAN_POINT('Ctrl Pts',(2.94542322237899,-0.95555048142787,-10.3741166260855));
#1902=CARTESIAN_POINT('Ctrl Pts',(2.94673163152889,0.000280834804531182,
-10.3221761170896));
#1903=CARTESIAN_POINT('Ctrl Pts',(2.94668657441932,0.000430500911541879,
-10.1778238829104));
#1904=CARTESIAN_POINT('Ctrl Pts',(2.94473896420857,-0.947239155423539,-10.2293187545241));
#1905=CARTESIAN_POINT('Ctrl Pts',(2.44622518941982,-1.89667032833265,-10.2808136261377));
#1906=CARTESIAN_POINT('Ctrl Pts',(1.66421166422787,-2.43183629790461,-10.3323084977513));
#1907=CARTESIAN_POINT('Ctrl Pts',(0.862845311981735,-2.98024625127069,-10.3850777352326));
#1908=CARTESIAN_POINT('Ctrl Pts',(-0.236226197921894,-3.09363329016822,
-10.4378469727139));
#1909=CARTESIAN_POINT('Ctrl Pts',(-1.13267697987547,-2.72038069071566,-10.4906162101951));
#1910=CARTESIAN_POINT('Ctrl Pts',(-2.02912776182903,-2.3471280912631,-10.5433854476764));
#1911=CARTESIAN_POINT('Ctrl Pts',(-2.72295781583253,-1.48723585346045,-10.5961546851577));
#1912=CARTESIAN_POINT('Ctrl Pts',(-2.89831768795838,-0.532149248638023,
-10.6489239226389));
#1913=CARTESIAN_POINT('Ctrl Pts',(-3.07367756008424,0.42293735618441,-10.7016931601202));
#1914=CARTESIAN_POINT('Ctrl Pts',(-2.73056725033246,1.47321832802662,-10.7544623976014));
#1915=CARTESIAN_POINT('Ctrl Pts',(-2.02517947959585,2.14057850091566,-10.8072316350827));
#1916=CARTESIAN_POINT('Ctrl Pts',(-1.31979170885925,2.80793867380471,-10.860000872564));
#1917=CARTESIAN_POINT('Ctrl Pts',(-0.252126477137804,3.09237804774057,-10.9127701100452));
#1918=CARTESIAN_POINT('Ctrl Pts',(0.691787283165082,2.86441243503961,-10.9655393475265));
#1919=CARTESIAN_POINT('Ctrl Pts',(1.63570104346795,2.63644682233864,-11.0183085850077));
#1920=CARTESIAN_POINT('Ctrl Pts',(2.45586333235228,1.89607622300088,-11.071077822489));
#1921=CARTESIAN_POINT('Ctrl Pts',(2.7789149827117,0.980336555484344,-11.1238470599703));
#1922=CARTESIAN_POINT('Ctrl Pts',(2.88906313318896,0.66810465515699,-11.1418393342836));
#1923=CARTESIAN_POINT('Ctrl Pts',(2.94141983943584,0.335485277801458,-11.159831608597));
#1924=CARTESIAN_POINT('Ctrl Pts',(2.9391258937166,0.00216684004406877,-11.1778238829104));
#1925=CARTESIAN_POINT('Origin',(0.,0.,-16.5));
#1926=CARTESIAN_POINT('',(2.93891393307982,-0.0020731665576787,-12.3221761170896));
#1927=CARTESIAN_POINT('',(2.93909770834121,-0.00215504349532226,-12.1778238829104));
#1928=CARTESIAN_POINT('',(2.942,-3.60291088309151E-16,-16.5));
#1929=CARTESIAN_POINT('Ctrl Pts',(2.93891393307982,-0.0020731665576787,
-12.3221761170896));
#1930=CARTESIAN_POINT('Ctrl Pts',(2.93475398977043,0.63281473038569,-12.2879115717127));
#1931=CARTESIAN_POINT('Ctrl Pts',(2.73272819812255,1.27011557906078,-12.2536470263358));
#1932=CARTESIAN_POINT('Ctrl Pts',(2.35321493446096,1.77364229492194,-12.2193824809589));
#1933=CARTESIAN_POINT('Ctrl Pts',(1.76874415520013,2.54910044138723,-12.1666132434777));
#1934=CARTESIAN_POINT('Ctrl Pts',(0.763314769456577,3.00727775730222,-12.1138440059964));
#1935=CARTESIAN_POINT('Ctrl Pts',(-0.205375663234106,2.9396000331775,-12.0610747685151));
#1936=CARTESIAN_POINT('Ctrl Pts',(-1.17406609592477,2.87192230905279,-12.0083055310339));
#1937=CARTESIAN_POINT('Ctrl Pts',(-2.10601757556256,2.2783895448884,-11.9555362935526));
#1938=CARTESIAN_POINT('Ctrl Pts',(-2.57698159311831,1.42919326434022,-11.9027670560714));
#1939=CARTESIAN_POINT('Ctrl Pts',(-3.04794561067407,0.579996983792025,-11.8499978185901));
#1940=CARTESIAN_POINT('Ctrl Pts',(-3.05792216614779,-0.524862813139954,
-11.7972285811088));
#1941=CARTESIAN_POINT('Ctrl Pts',(-2.60236967247464,-1.38242526231629,-11.7444593436276));
#1942=CARTESIAN_POINT('Ctrl Pts',(-2.1468171788015,-2.23998771149262,-11.6916901061463));
#1943=CARTESIAN_POINT('Ctrl Pts',(-1.22573563598147,-2.85025281291332,-11.638920868665));
#1944=CARTESIAN_POINT('Ctrl Pts',(-0.258425275596974,-2.93541204859533,
-11.5861516311838));
#1945=CARTESIAN_POINT('Ctrl Pts',(0.708885084787519,-3.02057128427735,-11.5333823937025));
#1946=CARTESIAN_POINT('Ctrl Pts',(1.7224242627365,-2.58062465422072,-11.4806131562213));
#1947=CARTESIAN_POINT('Ctrl Pts',(2.32080291075452,-1.81584728640362,-11.42784391874));
#1948=CARTESIAN_POINT('Ctrl Pts',(2.7202108442945,-1.30537093650423,-11.3926213181899));
#1949=CARTESIAN_POINT('Ctrl Pts',(2.93465049894119,-0.650171333396796,-11.3573987176397));
#1950=CARTESIAN_POINT('Ctrl Pts',(2.93931813086444,0.002242310357181,-11.3221761170896));
#1951=CARTESIAN_POINT('Ctrl Pts',(2.9391258937166,0.00216684004406877,-11.1778238829104));
#1952=CARTESIAN_POINT('Ctrl Pts',(2.93469196477591,-0.642098739235464,-11.2126008460783));
#1953=CARTESIAN_POINT('Ctrl Pts',(2.72608117119054,-1.28897603412888,-11.2473778092462));
#1954=CARTESIAN_POINT('Ctrl Pts',(2.33597418858002,-1.79628862754469,-11.282154772414));
#1955=CARTESIAN_POINT('Ctrl Pts',(1.74404073225443,-2.56606540736185,-11.3349240098953));
#1956=CARTESIAN_POINT('Ctrl Pts',(0.734232807768736,-3.01451023130089,-11.3876932473766));
#1957=CARTESIAN_POINT('Ctrl Pts',(-0.233758800829575,-2.93747937289663,
-11.4404624848578));
#1958=CARTESIAN_POINT('Ctrl Pts',(-1.20175040942789,-2.86044851449237,-11.4932317223391));
#1959=CARTESIAN_POINT('Ctrl Pts',(-2.12792570213883,-2.25794197374483,-11.5460009598204));
#1960=CARTESIAN_POINT('Ctrl Pts',(-2.59066564018479,-1.4042363703894,-11.5987701973016));
#1961=CARTESIAN_POINT('Ctrl Pts',(-3.05340557823076,-0.550530767033967,
-11.6515394347829));
#1962=CARTESIAN_POINT('Ctrl Pts',(-3.05271016161174,0.554373898929364,-11.7043086722641));
#1963=CARTESIAN_POINT('Ctrl Pts',(-2.58889596202725,1.40749633781317,-11.7570779097454));
#1964=CARTESIAN_POINT('Ctrl Pts',(-2.12508176244276,2.26061877669697,-11.8098471472267));
#1965=CARTESIAN_POINT('Ctrl Pts',(-1.19814877989281,2.86195898850125,-11.8626163847079));
#1966=CARTESIAN_POINT('Ctrl Pts',(-0.230060973241,2.93777129670604,-11.9153856221892));
#1967=CARTESIAN_POINT('Ctrl Pts',(0.738026833410814,3.01358360491083,-11.9681548596704));
#1968=CARTESIAN_POINT('Ctrl Pts',(1.74726946416447,2.56386800951611,-12.0209240971517));
#1969=CARTESIAN_POINT('Ctrl Pts',(2.33823347135561,1.79334672514569,-12.073693334633));
#1970=CARTESIAN_POINT('Ctrl Pts',(2.72695367412461,1.28651858290076,-12.1084035173921));
#1971=CARTESIAN_POINT('Ctrl Pts',(2.93469919011216,0.6408889198284,-12.1431137001513));
#1972=CARTESIAN_POINT('Ctrl Pts',(2.93909770834121,-0.00215504349532226,
-12.1778238829104));
#1973=CARTESIAN_POINT('Origin',(0.,0.,-16.5));
#1974=CARTESIAN_POINT('',(2.94661265967073,-0.000600498988641562,-13.3221761170896));
#1975=CARTESIAN_POINT('',(2.94667825691486,-0.000452798379543332,-13.1778238829104));
#1976=CARTESIAN_POINT('',(2.942,-3.60291088309151E-16,-16.5));
#1977=CARTESIAN_POINT('Ctrl Pts',(2.94661265967073,-0.000600498988641562,
-13.3221761170896));
#1978=CARTESIAN_POINT('Ctrl Pts',(2.94398380402551,0.937702081890526,-13.2711936632669));
#1979=CARTESIAN_POINT('Ctrl Pts',(2.45670044365847,1.87835469728702,-13.2202112094443));
#1980=CARTESIAN_POINT('Ctrl Pts',(1.68762233591119,2.41564864362342,-13.1692287556216));
#1981=CARTESIAN_POINT('Ctrl Pts',(0.891590323593241,2.97177314775372,-13.1164595181404));
#1982=CARTESIAN_POINT('Ctrl Pts',(-0.206334701721873,3.09577049176785,-13.0636902806591));
#1983=CARTESIAN_POINT('Ctrl Pts',(-1.10634876397651,2.73119386542839,-13.0109210431778));
#1984=CARTESIAN_POINT('Ctrl Pts',(-2.00636282623115,2.36661723908894,-12.9581518056966));
#1985=CARTESIAN_POINT('Ctrl Pts',(-2.70846592542532,1.51346664239592,-12.9053825682153));
#1986=CARTESIAN_POINT('Ctrl Pts',(-2.89304250267429,0.560118376618817,-12.8526133307341));
#1987=CARTESIAN_POINT('Ctrl Pts',(-3.07761907992327,-0.393229889158271,
-12.7998440932528));
#1988=CARTESIAN_POINT('Ctrl Pts',(-2.74466913522706,-1.44677582401943,-12.7470748557715));
#1989=CARTESIAN_POINT('Ctrl Pts',(-2.04576012751991,-2.12091796605992,-12.6943056182903));
#1990=CARTESIAN_POINT('Ctrl Pts',(-1.34685111981277,-2.7950601081004,-12.641536380809));
#1991=CARTESIAN_POINT('Ctrl Pts',(-0.281983049094676,-3.08979845732022,
-12.5887671433278));
#1992=CARTESIAN_POINT('Ctrl Pts',(0.664088492540128,-2.87096046510254,-12.5359979058465));
#1993=CARTESIAN_POINT('Ctrl Pts',(1.61016003417494,-2.65212247288487,-12.4832286683653));
#1994=CARTESIAN_POINT('Ctrl Pts',(2.43743504672646,-1.91970813922969,-12.430459430884));
#1995=CARTESIAN_POINT('Ctrl Pts',(2.76931646661317,-1.00713148389431,-12.3776901934027));
#1996=CARTESIAN_POINT('Ctrl Pts',(2.88569797567604,-0.687116436592996,-12.3591855012983));
#1997=CARTESIAN_POINT('Ctrl Pts',(2.94116052556383,-0.344946679820602,-12.340680809194));
#1998=CARTESIAN_POINT('Ctrl Pts',(2.93891393307982,-0.0020731665576787,
-12.3221761170896));
#1999=CARTESIAN_POINT('Ctrl Pts',(2.93909770834121,-0.00215504349532226,
-12.1778238829104));
#2000=CARTESIAN_POINT('Ctrl Pts',(2.94138617458023,-0.336718713268257,-12.1958829376325));
#2001=CARTESIAN_POINT('Ctrl Pts',(2.88863013309778,-0.670582453505235,-12.2139419923546));
#2002=CARTESIAN_POINT('Ctrl Pts',(2.77767875232358,-0.983833823391226,-12.2320010470767));
#2003=CARTESIAN_POINT('Ctrl Pts',(2.4534746424718,-1.8991661142116,-12.284770284558));
#2004=CARTESIAN_POINT('Ctrl Pts',(1.63238103913963,-2.63850372250621,-12.3375395220393));
#2005=CARTESIAN_POINT('Ctrl Pts',(0.688181067949069,-2.86528097415854,-12.3903087595205));
#2006=CARTESIAN_POINT('Ctrl Pts',(-0.256018903241496,-3.09205822581088,
-12.4430779970018));
#2007=CARTESIAN_POINT('Ctrl Pts',(-1.32332524229046,-2.80627512082094,-12.495847234483));
#2008=CARTESIAN_POINT('Ctrl Pts',(-2.02787239405661,-2.13802754813439,-12.5486164719643));
#2009=CARTESIAN_POINT('Ctrl Pts',(-2.73241954582276,-1.46977997544785,-12.6013857094456));
#2010=CARTESIAN_POINT('Ctrl Pts',(-3.07420751030608,-0.419067935064708,
-12.6541549469268));
#2011=CARTESIAN_POINT('Ctrl Pts',(-2.89764553251094,0.535797173450791,-12.7069241844081));
#2012=CARTESIAN_POINT('Ctrl Pts',(-2.7210835547158,1.49066228196628,-12.7596934218894));
#2013=CARTESIAN_POINT('Ctrl Pts',(-2.02617163464219,2.34968045861413,-12.8124626593706));
#2014=CARTESIAN_POINT('Ctrl Pts',(-1.12925171974042,2.72180432739419,-12.8652318968519));
#2015=CARTESIAN_POINT('Ctrl Pts',(-0.232331804838639,3.09392819617426,-12.9180011343331));
#2016=CARTESIAN_POINT('Ctrl Pts',(0.866596104891309,2.97915775708654,-12.9707703718144));
#2017=CARTESIAN_POINT('Ctrl Pts',(1.6672714943691,2.4297394936953,-13.0235396092957));
#2018=CARTESIAN_POINT('Ctrl Pts',(2.4475974744482,1.89428486315676,-13.0749677005006));
#2019=CARTESIAN_POINT('Ctrl Pts',(2.94463863938101,0.945995067109953,-13.1263957917055));
#2020=CARTESIAN_POINT('Ctrl Pts',(2.94667825691486,-0.000452798379543332,
-13.1778238829104));
#2021=CARTESIAN_POINT('Origin',(0.,0.,-16.5));
#2022=CARTESIAN_POINT('',(2.94057692513402,0.00256171016196294,-14.3221761170896));
#2023=CARTESIAN_POINT('',(2.94034905178844,0.0025230898030511,-14.1778238829104));
#2024=CARTESIAN_POINT('',(2.942,-3.60291088309151E-16,-16.5));
#2025=CARTESIAN_POINT('Ctrl Pts',(2.94057692513402,0.00256171016196294,
-14.3221761170896));
#2026=CARTESIAN_POINT('Ctrl Pts',(2.9429086617521,0.278825329809273,-14.3072449923024));
#2027=CARTESIAN_POINT('Ctrl Pts',(2.90713843127538,0.554496989055263,-14.2923138675153));
#2028=CARTESIAN_POINT('Ctrl Pts',(2.83082534972615,0.81844691792067,-14.2773827427281));
#2029=CARTESIAN_POINT('Ctrl Pts',(2.56112141378017,1.75129267991155,-14.2246135052469));
#2030=CARTESIAN_POINT('Ctrl Pts',(1.78502077051872,2.53772925972254,-14.1718442677656));
#2031=CARTESIAN_POINT('Ctrl Pts',(0.855824582023966,2.81975030861059,-14.1190750302843));
#2032=CARTESIAN_POINT('Ctrl Pts',(-0.0733716064708304,3.10177135749866,
-14.0663057928031));
#2033=CARTESIAN_POINT('Ctrl Pts',(-1.15566334019894,2.87937687546376,-14.0135365553218));
#2034=CARTESIAN_POINT('Ctrl Pts',(-1.89836332330757,2.25380660457518,-13.9607673178406));
#2035=CARTESIAN_POINT('Ctrl Pts',(-2.64106330641618,1.62823633368661,-13.9079980803593));
#2036=CARTESIAN_POINT('Ctrl Pts',(-3.04417153890533,0.599490273944381,-13.855228842878));
#2037=CARTESIAN_POINT('Ctrl Pts',(-2.92418268777489,-0.364119659759876,
-13.8024596053968));
#2038=CARTESIAN_POINT('Ctrl Pts',(-2.80419383664445,-1.32772959346413,-13.7496903679155));
#2039=CARTESIAN_POINT('Ctrl Pts',(-2.16110790189442,-2.22620340113043,-13.6969211304342));
#2040=CARTESIAN_POINT('Ctrl Pts',(-1.28767429693992,-2.65053247916458,-13.644151892953));
#2041=CARTESIAN_POINT('Ctrl Pts',(-0.414240691985421,-3.07486155719873,
-13.5913826554717));
#2042=CARTESIAN_POINT('Ctrl Pts',(0.689540583173543,-3.02504590560075,-13.5386134179905));
#2043=CARTESIAN_POINT('Ctrl Pts',(1.5211996355094,-2.52376290230126,-13.4858441805092));
#2044=CARTESIAN_POINT('Ctrl Pts',(2.35285868784526,-2.02247989900178,-13.4330749430279));
#2045=CARTESIAN_POINT('Ctrl Pts',(2.91239551735801,-1.0697295440008,-13.3803057055467));
#2046=CARTESIAN_POINT('Ctrl Pts',(2.94509443245398,-0.099228534377068,-13.3275364680654));
#2047=CARTESIAN_POINT('Ctrl Pts',(2.94620162842527,-0.0663670524336811,
-13.3257496844068));
#2048=CARTESIAN_POINT('Ctrl Pts',(2.946704793257,-0.0334852189782898,-13.3239629007482));
#2049=CARTESIAN_POINT('Ctrl Pts',(2.94661265967073,-0.000600498988641562,
-13.3221761170896));
#2050=CARTESIAN_POINT('Ctrl Pts',(2.94667825691486,-0.000452798379543332,
-13.1778238829104));
#2051=CARTESIAN_POINT('Ctrl Pts',(2.94673144623993,-0.025134348886669,-13.1791650291868));
#2052=CARTESIAN_POINT('Ctrl Pts',(2.94644800151507,-0.0498146467582294,
-13.1805061754631));
#2053=CARTESIAN_POINT('Ctrl Pts',(2.94582416797831,-0.0744863377630632,
-13.1818473217394));
#2054=CARTESIAN_POINT('Ctrl Pts',(2.92127858288412,-1.04522781813549,-13.2346165592207));
#2055=CARTESIAN_POINT('Ctrl Pts',(2.36976454347007,-2.00264469118558,-13.287385796702));
#2056=CARTESIAN_POINT('Ctrl Pts',(1.54234555898775,-2.5108959396656,-13.3401550341832));
#2057=CARTESIAN_POINT('Ctrl Pts',(0.714926574505422,-3.01914718814563,-13.3929242716645));
#2058=CARTESIAN_POINT('Ctrl Pts',(-0.388397355045186,-3.07823281205558,
-13.4456935091458));
#2059=CARTESIAN_POINT('Ctrl Pts',(-1.2653645322311,-2.66125550139967,-13.498462746627));
#2060=CARTESIAN_POINT('Ctrl Pts',(-2.14233170941701,-2.24427819074377,-13.5512319841083));
#2061=CARTESIAN_POINT('Ctrl Pts',(-2.79294213423822,-1.35123794552202,-13.6040012215895));
#2062=CARTESIAN_POINT('Ctrl Pts',(-2.92102105004701,-0.38866987063667,-13.6567704590708));
#2063=CARTESIAN_POINT('Ctrl Pts',(-3.0490999658558,0.573898204248664,-13.7095396965521));
#2064=CARTESIAN_POINT('Ctrl Pts',(-2.65464737265217,1.60599410879759,-13.7623089340333));
#2065=CARTESIAN_POINT('Ctrl Pts',(-1.91722833171418,2.23778099179319,-13.8150781715146));
#2066=CARTESIAN_POINT('Ctrl Pts',(-1.17980929077616,2.86956787478881,-13.8678474089958));
#2067=CARTESIAN_POINT('Ctrl Pts',(-0.0994238021037447,3.10104573623108,
-13.9206166464771));
#2068=CARTESIAN_POINT('Ctrl Pts',(0.832108610689925,2.82683984392009,-13.9733858839584));
#2069=CARTESIAN_POINT('Ctrl Pts',(1.76364102348359,2.55263395160909,-14.0261551214396));
#2070=CARTESIAN_POINT('Ctrl Pts',(2.54632036039852,1.77274430554484,-14.0789243589209));
#2071=CARTESIAN_POINT('Ctrl Pts',(2.82385066720418,0.842196920256149,-14.1316935964022));
#2072=CARTESIAN_POINT('Ctrl Pts',(2.90472198023142,0.571038826754467,-14.1470703585716));
#2073=CARTESIAN_POINT('Ctrl Pts',(2.94270016899622,0.28708811019607,-14.162447120741));
#2074=CARTESIAN_POINT('Ctrl Pts',(2.94034905178844,0.0025230898030511,-14.1778238829104));
#2075=CARTESIAN_POINT('Origin',(0.,0.,-16.5));
#2076=CARTESIAN_POINT('',(2.93800790113668,-0.00149363888869852,-15.3221761170896));
#2077=CARTESIAN_POINT('',(2.93814012523989,-0.00160308612200305,-15.1778238829104));
#2078=CARTESIAN_POINT('',(2.942,-3.60291088309151E-16,-16.5));
#2079=CARTESIAN_POINT('Ctrl Pts',(2.93800790113668,-0.00149363888869852,
-15.3221761170896));
#2080=CARTESIAN_POINT('Ctrl Pts',(2.93529249826855,0.585385640376048,-15.2905270838567));
#2081=CARTESIAN_POINT('Ctrl Pts',(2.76496069062764,1.17371658802131,-15.2588780506237));
#2082=CARTESIAN_POINT('Ctrl Pts',(2.43776298666979,1.65551778574826,-15.2272290173908));
#2083=CARTESIAN_POINT('Ctrl Pts',(1.89221793900895,2.4588371678759,-15.1744597799096));
#2084=CARTESIAN_POINT('Ctrl Pts',(0.910589771707853,2.96600661066294,-15.1216905424283));
#2085=CARTESIAN_POINT('Ctrl Pts',(-0.0602588882645304,2.9461494165251,-15.068921304947));
#2086=CARTESIAN_POINT('Ctrl Pts',(-1.03110754823687,2.92629222238725,-15.0161520674658));
#2087=CARTESIAN_POINT('Ctrl Pts',(-1.99117670088052,2.37940839132456,-14.9633828299845));
#2088=CARTESIAN_POINT('Ctrl Pts',(-2.50341794241777,1.55445364153673,-14.9106135925032));
#2089=CARTESIAN_POINT('Ctrl Pts',(-3.01565918395503,0.729498891748894,-14.857844355022));
#2090=CARTESIAN_POINT('Ctrl Pts',(-3.08007251438589,-0.37352677676406,-14.8050751175407));
#2091=CARTESIAN_POINT('Ctrl Pts',(-2.66733531338734,-1.25249744273707,-14.7523058800595));
#2092=CARTESIAN_POINT('Ctrl Pts',(-2.2545981123888,-2.13146810871006,-14.6995366425782));
#2093=CARTESIAN_POINT('Ctrl Pts',(-1.36471037996084,-2.78638377214308,-14.646767405097));
#2094=CARTESIAN_POINT('Ctrl Pts',(-0.402772115335865,-2.91910981999888,
-14.5939981676157));
#2095=CARTESIAN_POINT('Ctrl Pts',(0.559166149289105,-3.05183586785468,-14.5412289301344));
#2096=CARTESIAN_POINT('Ctrl Pts',(1.5931549461111,-2.66237230013327,-14.4884596926532));
#2097=CARTESIAN_POINT('Ctrl Pts',(2.22849573020686,-1.92801304418716,-14.4356904551719));
#2098=CARTESIAN_POINT('Ctrl Pts',(2.68406600818008,-1.40144170052672,-14.3978523424778));
#2099=CARTESIAN_POINT('Ctrl Pts',(2.9346678918773,-0.697539194659581,-14.3600142297837));
#2100=CARTESIAN_POINT('Ctrl Pts',(2.94057692513402,0.00256171016196294,
-14.3221761170896));
#2101=CARTESIAN_POINT('Ctrl Pts',(2.94034905178844,0.0025230898030511,-14.1778238829104));
#2102=CARTESIAN_POINT('Ctrl Pts',(2.9346317173341,-0.689468526014741,-14.2152163582222));
#2103=CARTESIAN_POINT('Ctrl Pts',(2.69043030728638,-1.38509277766894,-14.2526088335341));
#2104=CARTESIAN_POINT('Ctrl Pts',(2.24461244962095,-1.90922581015581,-14.2900013088459));
#2105=CARTESIAN_POINT('Ctrl Pts',(1.61546264853563,-2.64889603076603,-14.3427705463272));
#2106=CARTESIAN_POINT('Ctrl Pts',(0.584781769668556,-3.04703134747331,-14.3955397838085));
#2107=CARTESIAN_POINT('Ctrl Pts',(-0.378237492190866,-2.92239022764921,
-14.4483090212897));
#2108=CARTESIAN_POINT('Ctrl Pts',(-1.34125675405029,-2.79774910782511,-14.501078258771));
#2109=CARTESIAN_POINT('Ctrl Pts',(-2.23661439890205,-2.15033155146962,-14.5538474962522));
#2110=CARTESIAN_POINT('Ctrl Pts',(-2.65672038136755,-1.27485883861104,-14.6066167337335));
#2111=CARTESIAN_POINT('Ctrl Pts',(-3.07682636383305,-0.399386125752484,
-14.6593859712148));
#2112=CARTESIAN_POINT('Ctrl Pts',(-3.0216806839123,0.704141743609179,-14.712155208696));
#2113=CARTESIAN_POINT('Ctrl Pts',(-2.51638708680766,1.53337023334423,-14.7649244461773));
#2114=CARTESIAN_POINT('Ctrl Pts',(-2.011093489703,2.3625987230793,-14.8176936836586));
#2115=CARTESIAN_POINT('Ctrl Pts',(-1.05565197541443,2.91752783318777,-14.8704629211398));
#2116=CARTESIAN_POINT('Ctrl Pts',(-0.0850043265968065,2.94553942557527,
-14.9232321586211));
#2117=CARTESIAN_POINT('Ctrl Pts',(0.885643322220807,2.97355101796276,-14.9760013961023));
#2118=CARTESIAN_POINT('Ctrl Pts',(1.87149710556747,2.4746450926293,-15.0287706335836));
#2119=CARTESIAN_POINT('Ctrl Pts',(2.4237707863441,1.6759365794753,-15.0815398710649));
#2120=CARTESIAN_POINT('Ctrl Pts',(2.75966803860694,1.19015569897037,-15.11363454168));
#2121=CARTESIAN_POINT('Ctrl Pts',(2.93517667026556,0.593472765467426,-15.1457292122952));
#2122=CARTESIAN_POINT('Ctrl Pts',(2.93814012523989,-0.00160308612200305,
-15.1778238829104));
#2123=CARTESIAN_POINT('Origin',(0.,0.,-16.5));
#2124=CARTESIAN_POINT('',(2.94591891658144,-0.00140610045925887,-16.3221761170896));
#2125=CARTESIAN_POINT('',(2.94607060394725,-0.00127835799068303,-16.1778238829104));
#2126=CARTESIAN_POINT('',(2.942,-3.60291088309151E-16,-16.5));
#2127=CARTESIAN_POINT('Ctrl Pts',(2.94591891658144,-0.00140610045925887,
-16.3221761170896));
#2128=CARTESIAN_POINT('Ctrl Pts',(2.94064448076031,0.889317447996394,-16.2738091754109));
#2129=CARTESIAN_POINT('Ctrl Pts',(2.50823406234551,1.78447834119745,-16.2254422337322));
#2130=CARTESIAN_POINT('Ctrl Pts',(1.8046180131538,2.32954530857566,-16.1770752920535));
#2131=CARTESIAN_POINT('Ctrl Pts',(1.03695975098626,2.92422355877072,-16.1243060545723));
#2132=CARTESIAN_POINT('Ctrl Pts',(-0.0535204824878965,3.10217738125812,
-16.071536817091));
#2133=CARTESIAN_POINT('Ctrl Pts',(-0.97040777374013,2.78239757597126,-16.0187675796098));
#2134=CARTESIAN_POINT('Ctrl Pts',(-1.88729506499235,2.46261777068442,-15.9659983421285));
#2135=CARTESIAN_POINT('Ctrl Pts',(-2.63058941402265,1.64510433762334,-15.9132291046472));
#2136=CARTESIAN_POINT('Ctrl Pts',(-2.861923935606,0.702010615953575,-15.860459867166));
#2137=CARTESIAN_POINT('Ctrl Pts',(-3.09325845718934,-0.241083105716191,
-15.8076906296847));
#2138=CARTESIAN_POINT('Ctrl Pts',(-2.81263315132573,-1.30975711599465,-15.7549213922034));
#2139=CARTESIAN_POINT('Ctrl Pts',(-2.14779594289079,-2.01752326028918,-15.7021521547222));
#2140=CARTESIAN_POINT('Ctrl Pts',(-1.48295873445584,-2.72528940458372,-15.6493829172409));
#2141=CARTESIAN_POINT('Ctrl Pts',(-0.433909623449557,-3.07214768289433,
-15.5966136797597));
#2142=CARTESIAN_POINT('Ctrl Pts',(0.521796999189442,-2.90019920173476,-15.5438444422784));
#2143=CARTESIAN_POINT('Ctrl Pts',(1.47750362182844,-2.72825072057518,-15.4910752047971));
#2144=CARTESIAN_POINT('Ctrl Pts',(2.33986775610015,-2.03749547994542,-15.4383059673159));
#2145=CARTESIAN_POINT('Ctrl Pts',(2.71631885922569,-1.14238319889645,-15.3855367298346));
#2146=CARTESIAN_POINT('Ctrl Pts',(2.86698854040776,-0.784126094884652,-15.3644165255863));
#2147=CARTESIAN_POINT('Ctrl Pts',(2.93981995848355,-0.39313309769821,-15.3432963213379));
#2148=CARTESIAN_POINT('Ctrl Pts',(2.93800790113668,-0.00149363888869852,
-15.3221761170896));
#2149=CARTESIAN_POINT('Ctrl Pts',(2.93814012523989,-0.00160308612200305,
-15.1778238829104));
#2150=CARTESIAN_POINT('Ctrl Pts',(2.94004910722496,-0.384935746911281,-15.1984984497765));
#2151=CARTESIAN_POINT('Ctrl Pts',(2.87035861759307,-0.767601531824546,-15.2191730166426));
#2152=CARTESIAN_POINT('Ctrl Pts',(2.72581912261943,-1.11952595053473,-15.2398475835086));
#2153=CARTESIAN_POINT('Ctrl Pts',(2.35690019991154,-2.01776886641623,-15.2926168209899));
#2154=CARTESIAN_POINT('Ctrl Pts',(1.50036877628917,-2.71574359720468,-15.3453860584712));
#2155=CARTESIAN_POINT('Ctrl Pts',(0.546140193213709,-2.89571392449512,-15.3981552959524));
#2156=CARTESIAN_POINT('Ctrl Pts',(-0.40808838986177,-3.07568425178557,-15.4509245334337));
#2157=CARTESIAN_POINT('Ctrl Pts',(-1.46001413239035,-2.73765017557799,-15.503693770915));
#2158=CARTESIAN_POINT('Ctrl Pts',(-2.1307731260808,-2.03549358346577,-15.5564630083962));
#2159=CARTESIAN_POINT('Ctrl Pts',(-2.80153211977124,-1.33333699135356,-15.6092322458775));
#2160=CARTESIAN_POINT('Ctrl Pts',(-3.09112436462356,-0.267057883336733,
-15.6620014833587));
#2161=CARTESIAN_POINT('Ctrl Pts',(-2.86771995233314,0.677945807678501,-15.71477072084));
#2162=CARTESIAN_POINT('Ctrl Pts',(-2.64431554004273,1.62294949869373,-15.7675399583212));
#2163=CARTESIAN_POINT('Ctrl Pts',(-1.90791447060957,2.44667777270737,-15.8203091958025));
#2164=CARTESIAN_POINT('Ctrl Pts',(-0.993745629421486,2.7741481336014,-15.8730784332838));
#2165=CARTESIAN_POINT('Ctrl Pts',(-0.0795767882333863,3.10161849449544,
-15.925847670765));
#2166=CARTESIAN_POINT('Ctrl Pts',(1.01235982470965,2.93283094226987,-15.9786169082463));
#2167=CARTESIAN_POINT('Ctrl Pts',(1.78498631413406,2.34462195279165,-16.0313861457276));
#2168=CARTESIAN_POINT('Ctrl Pts',(2.49968096199599,1.80051710736041,-16.0801987247885));
#2169=CARTESIAN_POINT('Ctrl Pts',(2.9411543058414,0.897529584625126,-16.1290113038495));
#2170=CARTESIAN_POINT('Ctrl Pts',(2.94607060394725,-0.00127835799068303,
-16.1778238829104));
#2171=CARTESIAN_POINT('Origin',(0.,0.,-16.5));
#2172=CARTESIAN_POINT('',(2.94198678942697,0.0026465489264188,-17.3221761170896));
#2173=CARTESIAN_POINT('',(2.94174068262338,0.00264969229726795,-17.1778238829104));
#2174=CARTESIAN_POINT('',(2.942,-3.60291088309151E-16,-16.5));
#2175=CARTESIAN_POINT('Ctrl Pts',(2.94198678942697,0.0026465489264188,-17.3221761170896));
#2176=CARTESIAN_POINT('Ctrl Pts',(2.94405637074886,0.230238361522206,-17.3098605044464));
#2177=CARTESIAN_POINT('Ctrl Pts',(2.91985934079526,0.457394953276899,-17.2975448918032));
#2178=CARTESIAN_POINT('Ctrl Pts',(2.86771983260813,0.677945779374751,-17.28522927916));
#2179=CARTESIAN_POINT('Ctrl Pts',(2.64431542964468,1.62294943093686,-17.2324600416787));
#2180=CARTESIAN_POINT('Ctrl Pts',(1.90791439095566,2.44667767056053,-17.1796908041975));
#2181=CARTESIAN_POINT('Ctrl Pts',(0.993745587933369,2.77414801778294,-17.1269215667162));
#2182=CARTESIAN_POINT('Ctrl Pts',(0.0795767849111007,3.10161836500534,-17.074152329235));
#2183=CARTESIAN_POINT('Ctrl Pts',(-1.01235978244443,2.93283081982651,-17.0213830917537));
#2184=CARTESIAN_POINT('Ctrl Pts',(-1.78498623961229,2.34462185490556,-16.9686138542724));
#2185=CARTESIAN_POINT('Ctrl Pts',(-2.55761269678015,1.75641288998462,-16.9158446167912));
#2186=CARTESIAN_POINT('Ctrl Pts',(-3.01092904376034,0.748782505321558,-16.8630753793099));
#2187=CARTESIAN_POINT('Ctrl Pts',(-2.93857391032397,-0.21956978769712,-16.8103061418287));
#2188=CARTESIAN_POINT('Ctrl Pts',(-2.86621877688759,-1.1879220807158,-16.7575369043474));
#2189=CARTESIAN_POINT('Ctrl Pts',(-2.26819216303467,-2.11699628209009,-16.7047676668661));
#2190=CARTESIAN_POINT('Ctrl Pts',(-1.41673130946946,-2.58385369455683,-16.6519984293849));
#2191=CARTESIAN_POINT('Ctrl Pts',(-0.565270455904254,-3.05071110702357,
-16.5992291919036));
#2192=CARTESIAN_POINT('Ctrl Pts',(0.539624637373231,-3.05535173058275,-16.5464599544223));
#2193=CARTESIAN_POINT('Ctrl Pts',(1.39497703841072,-2.59566303290949,-16.4936907169411));
#2194=CARTESIAN_POINT('Ctrl Pts',(2.2503294394482,-2.13597433523624,-16.4409214794598));
#2195=CARTESIAN_POINT('Ctrl Pts',(2.8561391482457,-1.21195631633055,-16.3881522419786));
#2196=CARTESIAN_POINT('Ctrl Pts',(2.93662585721398,-0.244245967926351,-16.3353830044973));
#2197=CARTESIAN_POINT('Ctrl Pts',(2.94334049471807,-0.163514325624433,-16.3309807086948));
#2198=CARTESIAN_POINT('Ctrl Pts',(2.94639898883473,-0.0824785934166304,
-16.3265784128922));
#2199=CARTESIAN_POINT('Ctrl Pts',(2.94591891658144,-0.00140610045925887,
-16.3221761170896));
#2200=CARTESIAN_POINT('Ctrl Pts',(2.94607060394725,-0.00127835799068303,
-16.1778238829104));
#2201=CARTESIAN_POINT('Ctrl Pts',(2.94646911008381,-0.0741340866329466,
-16.1817805413307));
#2202=CARTESIAN_POINT('Ctrl Pts',(2.94399924992476,-0.146962353648233,-16.185737199751));
#2203=CARTESIAN_POINT('Ctrl Pts',(2.93857403300709,-0.219569796863995,-16.1896938581713));
#2204=CARTESIAN_POINT('Ctrl Pts',(2.86621889654995,-1.18792213031061,-16.2424630956526));
#2205=CARTESIAN_POINT('Ctrl Pts',(2.26819225772988,-2.11699637047302,-16.2952323331339));
#2206=CARTESIAN_POINT('Ctrl Pts',(1.41673136861686,-2.58385380243068,-16.3480015706151));
#2207=CARTESIAN_POINT('Ctrl Pts',(0.565270479503826,-3.05071123438834,-16.4007708080964));
#2208=CARTESIAN_POINT('Ctrl Pts',(-0.539624659902179,-3.05535185814125,
-16.4535400455777));
#2209=CARTESIAN_POINT('Ctrl Pts',(-1.39497709664995,-2.59566314127634,-16.5063092830589));
#2210=CARTESIAN_POINT('Ctrl Pts',(-2.25032953339772,-2.13597442441142,-16.5590785205402));
#2211=CARTESIAN_POINT('Ctrl Pts',(-2.85613926748726,-1.21195636692873,-16.6118477580214));
#2212=CARTESIAN_POINT('Ctrl Pts',(-2.93662597981578,-0.244245978123373,
-16.6646169955027));
#2213=CARTESIAN_POINT('Ctrl Pts',(-3.01711269214431,0.723464410681955,-16.717386232984));
#2214=CARTESIAN_POINT('Ctrl Pts',(-2.57227638271181,1.73486713080995,-16.7701554704652));
#2215=CARTESIAN_POINT('Ctrl Pts',(-1.80461808849516,2.32954540583233,-16.8229247079465));
#2216=CARTESIAN_POINT('Ctrl Pts',(-1.03695979427849,2.92422368085474,-16.8756939454277));
#2217=CARTESIAN_POINT('Ctrl Pts',(0.0535204847223061,3.10217751077155,-16.928463182909));
#2218=CARTESIAN_POINT('Ctrl Pts',(0.970407814253856,2.78239769213416,-16.9812324203903));
#2219=CARTESIAN_POINT('Ctrl Pts',(1.88729514378541,2.46261787349677,-17.0340016578715));
#2220=CARTESIAN_POINT('Ctrl Pts',(2.63058952384767,1.64510440630514,-17.0867708953528));
#2221=CARTESIAN_POINT('Ctrl Pts',(2.86192405508905,0.702010645261949,-17.139540132834));
#2222=CARTESIAN_POINT('Ctrl Pts',(2.91786797115835,0.473941113531617,-17.1523013828595));
#2223=CARTESIAN_POINT('Ctrl Pts',(2.94387127336835,0.238527351398829,-17.1650626328849));
#2224=CARTESIAN_POINT('Ctrl Pts',(2.94174068262338,0.00264969229726795,
-17.1778238829104));
#2225=CARTESIAN_POINT('Origin',(0.,0.,-16.5));
#2226=CARTESIAN_POINT('',(2.93743698030828,-0.000785312812850436,-18.3221761170896));
#2227=CARTESIAN_POINT('',(2.93750874654881,-0.000912512080312799,-18.1778238829104));
#2228=CARTESIAN_POINT('',(2.942,-3.60291088309151E-16,-16.5));
#2229=CARTESIAN_POINT('Ctrl Pts',(2.93743698030828,-0.000785312812850436,
-18.3221761170896));
#2230=CARTESIAN_POINT('Ctrl Pts',(2.93614213599393,0.537855473251863,-18.2931425960006));
#2231=CARTESIAN_POINT('Ctrl Pts',(2.79439842166162,1.07713045489679,-18.2641090749117));
#2232=CARTESIAN_POINT('Ctrl Pts',(2.51638698175048,1.53337016932727,-18.2350755538227));
#2233=CARTESIAN_POINT('Ctrl Pts',(2.01109340574143,2.36259862444269,-18.1823063163414));
#2234=CARTESIAN_POINT('Ctrl Pts',(1.0556519313418,2.9175277113833,-18.1295370788602));
#2235=CARTESIAN_POINT('Ctrl Pts',(0.0850043230479566,2.94553930260134,-18.0767678413789));
#2236=CARTESIAN_POINT('Ctrl Pts',(-0.885643285245877,2.97355089381938,-18.0239986038977));
#2237=CARTESIAN_POINT('Ctrl Pts',(-1.87149702743395,2.47464498931483,-17.9712293664164));
#2238=CARTESIAN_POINT('Ctrl Pts',(-2.42377068515359,1.67593650950629,-17.9184601289351));
#2239=CARTESIAN_POINT('Ctrl Pts',(-2.97604434287324,0.877228029697738,-17.8656908914539));
#2240=CARTESIAN_POINT('Ctrl Pts',(-3.09473791612447,-0.22128302541483,-17.8129216539726));
#2241=CARTESIAN_POINT('Ctrl Pts',(-2.72581900881866,-1.1195259037954,-17.7601524164914));
#2242=CARTESIAN_POINT('Ctrl Pts',(-2.35690010151284,-2.01776878217598,-17.7073831790101));
#2243=CARTESIAN_POINT('Ctrl Pts',(-1.50036871364999,-2.71574348382454,-17.6546139415288));
#2244=CARTESIAN_POINT('Ctrl Pts',(-0.546140170412803,-2.89571380360137,
-17.6018447040476));
#2245=CARTESIAN_POINT('Ctrl Pts',(0.408088372824381,-3.0756841233782,-17.5490754665663));
#2246=CARTESIAN_POINT('Ctrl Pts',(1.46001407143588,-2.73765006128329,-17.4963062290851));
#2247=CARTESIAN_POINT('Ctrl Pts',(2.13077303712268,-2.03549349848557,-17.4435369916038));
#2248=CARTESIAN_POINT('Ctrl Pts',(2.64498610613466,-1.49721059873569,-17.4030833667657));
#2249=CARTESIAN_POINT('Ctrl Pts',(2.9351887462607,-0.744934109032181,-17.3626297419277));
#2250=CARTESIAN_POINT('Ctrl Pts',(2.94198678942697,0.0026465489264188,-17.3221761170896));
#2251=CARTESIAN_POINT('Ctrl Pts',(2.94174068262338,0.00264969229726795,
-17.1778238829104));
#2252=CARTESIAN_POINT('Ctrl Pts',(2.93506103543926,-0.736853914921235,-17.2178318703662));
#2253=CARTESIAN_POINT('Ctrl Pts',(2.6518548568915,-1.4809171406714,-17.257839857822));
#2254=CARTESIAN_POINT('Ctrl Pts',(2.14779603255953,-2.01752334451922,-17.2978478452778));
#2255=CARTESIAN_POINT('Ctrl Pts',(1.48295879636814,-2.72528951836241,-17.3506170827591));
#2256=CARTESIAN_POINT('Ctrl Pts',(0.433909641564881,-3.07214781115407,-17.4033863202404));
#2257=CARTESIAN_POINT('Ctrl Pts',(-0.521797020974106,-2.90019932281576,
-17.4561555577216));
#2258=CARTESIAN_POINT('Ctrl Pts',(-1.47750368351309,-2.72825083447746,-17.5089247952029));
#2259=CARTESIAN_POINT('Ctrl Pts',(-2.33986785378781,-2.03749556500919,-17.5616940326841));
#2260=CARTESIAN_POINT('Ctrl Pts',(-2.71631897262986,-1.14238324658999,-17.6144632701654));
#2261=CARTESIAN_POINT('Ctrl Pts',(-3.09277009147192,-0.247270928170783,
-17.6672325076467));
#2262=CARTESIAN_POINT('Ctrl Pts',(-2.98330815888132,0.852198439199361,-17.7200017451279));
#2263=CARTESIAN_POINT('Ctrl Pts',(-2.43776308844441,1.65551785486489,-17.7727709826092));
#2264=CARTESIAN_POINT('Ctrl Pts',(-1.89221801800748,2.45883727053044,-17.8255402200904));
#2265=CARTESIAN_POINT('Ctrl Pts',(-0.910589809724214,2.96600673449136,-17.8783094575717));
#2266=CARTESIAN_POINT('Ctrl Pts',(0.0602588907803051,2.94614953952449,-17.931078695053));
#2267=CARTESIAN_POINT('Ctrl Pts',(1.03110759128481,2.92629234455762,-17.9838479325342));
#2268=CARTESIAN_POINT('Ctrl Pts',(1.99117678401057,2.37940849066296,-18.0366171700155));
#2269=CARTESIAN_POINT('Ctrl Pts',(2.50341804693349,1.55445370643393,-18.0893864074967));
#2270=CARTESIAN_POINT('Ctrl Pts',(2.78957797809726,1.09359859507259,-18.118865565968));
#2271=CARTESIAN_POINT('Ctrl Pts',(2.93597893580143,0.545962590457011,-18.1483447244392));
#2272=CARTESIAN_POINT('Ctrl Pts',(2.93750874654881,-0.000912512080312799,
-18.1778238829104));
#2273=CARTESIAN_POINT('Origin',(0.,0.,-16.5));
#2274=CARTESIAN_POINT('',(2.9448179064371,-0.00204861729950906,-19.3221761170896));
#2275=CARTESIAN_POINT('',(2.9450273495984,-0.00195348233472356,-19.1778238829104));
#2276=CARTESIAN_POINT('',(2.942,-3.60291088309151E-16,-16.5));
#2277=CARTESIAN_POINT('Ctrl Pts',(2.9448179064371,-0.00204861729950906,
-19.3221761170896));
#2278=CARTESIAN_POINT('Ctrl Pts',(2.93811706998738,0.841336040003873,-19.2764246875549));
#2279=CARTESIAN_POINT('Ctrl Pts',(2.55657752960043,1.69001569971688,-19.2306732580202));
#2280=CARTESIAN_POINT('Ctrl Pts',(1.91722825167137,2.23778089836766,-19.1849218284854));
#2281=CARTESIAN_POINT('Ctrl Pts',(1.17980924151999,2.86956775498666,-19.1321525910042));
#2282=CARTESIAN_POINT('Ctrl Pts',(0.0994237979528037,3.10104560676489,-19.0793833535229));
#2283=CARTESIAN_POINT('Ctrl Pts',(-0.832108575950121,2.82683972590175,-19.0266141160416));
#2284=CARTESIAN_POINT('Ctrl Pts',(-1.76364094985302,2.55263384503862,-18.9738448785604));
#2285=CARTESIAN_POINT('Ctrl Pts',(-2.54632025409168,1.77274423153416,-18.9210756410791));
#2286=CARTESIAN_POINT('Ctrl Pts',(-2.82385054931066,0.842196885095109,-18.8683064035978));
#2287=CARTESIAN_POINT('Ctrl Pts',(-3.10138084452965,-0.0883504613439526,
-18.8155371661166));
#2288=CARTESIAN_POINT('Ctrl Pts',(-2.87376213072897,-1.16955554071762,-18.7627679286353));
#2289=CARTESIAN_POINT('Ctrl Pts',(-2.24461235591015,-1.90922573044717,-18.7099986911541));
#2290=CARTESIAN_POINT('Ctrl Pts',(-1.61546258109132,-2.64889592017674,-18.6572294536728));
#2291=CARTESIAN_POINT('Ctrl Pts',(-0.584781745254391,-3.04703122026218,
-18.6044602161915));
#2292=CARTESIAN_POINT('Ctrl Pts',(0.378237476399739,-2.92239010564175,-18.5516909787103));
#2293=CARTESIAN_POINT('Ctrl Pts',(1.34125669805386,-2.79774899102132,-18.498921741229));
#2294=CARTESIAN_POINT('Ctrl Pts',(2.23661430552515,-2.15033146169502,-18.4461525037478));
#2295=CARTESIAN_POINT('Ctrl Pts',(2.65672027045157,-1.27485878538675,-18.3933832662665));
#2296=CARTESIAN_POINT('Ctrl Pts',(2.84568483606135,-0.881069294654823,-18.3696475498742));
#2297=CARTESIAN_POINT('Ctrl Pts',(2.93849555178928,-0.44113923668516,-18.3459118334819));
#2298=CARTESIAN_POINT('Ctrl Pts',(2.93743698030828,-0.000785312812850436,
-18.3221761170896));
#2299=CARTESIAN_POINT('Ctrl Pts',(2.93750874654881,-0.000912512080312799,
-18.1778238829104));
#2300=CARTESIAN_POINT('Ctrl Pts',(2.93871737715514,-0.432972482827202,-18.2011139619205));
#2301=CARTESIAN_POINT('Ctrl Pts',(2.84949993728798,-0.864557511624656,-18.2244040409305));
#2302=CARTESIAN_POINT('Ctrl Pts',(2.66733542474647,-1.25249749502785,-18.2476941199405));
#2303=CARTESIAN_POINT('Ctrl Pts',(2.25459820651647,-2.13146819769716,-18.3004633574218));
#2304=CARTESIAN_POINT('Ctrl Pts',(1.36471043693639,-2.7863838884724,-18.3532325949031));
#2305=CARTESIAN_POINT('Ctrl Pts',(0.402772132151269,-2.9191099418694,-18.4060018323843));
#2306=CARTESIAN_POINT('Ctrl Pts',(-0.559166172633891,-3.05183599526641,
-18.4587710698656));
#2307=CARTESIAN_POINT('Ctrl Pts',(-1.59315501262408,-2.66237241128519,-18.5115403073468));
#2308=CARTESIAN_POINT('Ctrl Pts',(-2.22849582324482,-1.92801312468014,-18.5643095448281));
#2309=CARTESIAN_POINT('Ctrl Pts',(-2.86383663386553,-1.19365383807511,-18.6170787823094));
#2310=CARTESIAN_POINT('Ctrl Pts',(-3.10052941511677,-0.114398848846262,
-18.6698480197906));
#2311=CARTESIAN_POINT('Ctrl Pts',(-2.83082546791086,0.818446952090191,-18.7226172572719));
#2312=CARTESIAN_POINT('Ctrl Pts',(-2.56112152070494,1.75129275302666,-18.7753864947531));
#2313=CARTESIAN_POINT('Ctrl Pts',(-1.78502084504189,2.53772936567075,-18.8281557322344));
#2314=CARTESIAN_POINT('Ctrl Pts',(-0.85582461775391,2.81975042633295,-18.8809249697157));
#2315=CARTESIAN_POINT('Ctrl Pts',(0.0733716095340814,3.10177148699515,-18.9336942071969));
#2316=CARTESIAN_POINT('Ctrl Pts',(1.15566338844698,2.87937699567545,-18.9864634446782));
#2317=CARTESIAN_POINT('Ctrl Pts',(1.89836340256274,2.2538066986698,-19.0392326821595));
#2318=CARTESIAN_POINT('Ctrl Pts',(2.54856347914214,1.70614836113344,-19.0854297490764));
#2319=CARTESIAN_POINT('Ctrl Pts',(2.93849343218774,0.849487781406676,-19.1316268159934));
#2320=CARTESIAN_POINT('Ctrl Pts',(2.9450273495984,-0.00195348233472356,
-19.1778238829104));
#2321=CARTESIAN_POINT('Origin',(0.,0.,-16.5));
#2322=CARTESIAN_POINT('',(2.94343384907163,0.00247894202665529,-20.3221761170896));
#2323=CARTESIAN_POINT('',(2.94319027506047,0.00252548704851575,-20.1778238829104));
#2324=CARTESIAN_POINT('',(2.942,-3.60291088309151E-16,-16.5));
#2325=CARTESIAN_POINT('Ctrl Pts',(2.94343384907163,0.00247894202665529,
-20.3221761170896));
#2326=CARTESIAN_POINT('Ctrl Pts',(2.94504190070316,0.181509725044238,-20.3124760165904));
#2327=CARTESIAN_POINT('Ctrl Pts',(2.9301012312376,0.360272781747954,-20.3027759160911));
#2328=CARTESIAN_POINT('Ctrl Pts',(2.89764541153654,0.535797151081714,-20.2930758155919));
#2329=CARTESIAN_POINT('Ctrl Pts',(2.72108344111271,1.49066221973235,-20.2403065781106));
#2330=CARTESIAN_POINT('Ctrl Pts',(2.02617155005111,2.34968036051686,-20.1875373406294));
#2331=CARTESIAN_POINT('Ctrl Pts',(1.12925167259503,2.72180421376104,-20.1347681031481));
#2332=CARTESIAN_POINT('Ctrl Pts',(0.232331795138951,3.09392806700522,-20.0819988656669));
#2333=CARTESIAN_POINT('Ctrl Pts',(-0.86659606871161,2.97915763270908,-20.0292296281856));
#2334=CARTESIAN_POINT('Ctrl Pts',(-1.66727142476183,2.42973939225562,-19.9764603907043));
#2335=CARTESIAN_POINT('Ctrl Pts',(-2.46794678081205,1.88032115180215,-19.9236911532231));
#2336=CARTESIAN_POINT('Ctrl Pts',(-2.97036962906194,0.896255105191381,-19.8709219157418));
#2337=CARTESIAN_POINT('Ctrl Pts',(-2.94582404499249,-0.0744863346533467,
-19.8181526782605));
#2338=CARTESIAN_POINT('Ctrl Pts',(-2.92127846092305,-1.04522777449808,-19.7653834407793));
#2339=CARTESIAN_POINT('Ctrl Pts',(-2.36976444453429,-2.00264460757676,-19.712614203298));
#2340=CARTESIAN_POINT('Ctrl Pts',(-1.54234549459606,-2.51089583483769,-19.6598449658168));
#2341=CARTESIAN_POINT('Ctrl Pts',(-0.714926544657831,-3.01914706209863,
-19.6070757283355));
#2342=CARTESIAN_POINT('Ctrl Pts',(0.38839733882986,-3.07823268354182,-19.5543064908542));
#2343=CARTESIAN_POINT('Ctrl Pts',(1.26536447940309,-2.6612553902944,-19.501537253373));
#2344=CARTESIAN_POINT('Ctrl Pts',(2.14233161997633,-2.24427809704698,-19.4487680158917));
#2345=CARTESIAN_POINT('Ctrl Pts',(2.7929420176351,-1.35123788910893,-19.3959987784105));
#2346=CARTESIAN_POINT('Ctrl Pts',(2.9210209280967,-0.388669854410025,-19.3432295409292));
#2347=CARTESIAN_POINT('Ctrl Pts',(2.93805420806289,-0.260657437983035,-19.3362117329827));
#2348=CARTESIAN_POINT('Ctrl Pts',(2.94584574717921,-0.131415319284466,-19.3291939250361));
#2349=CARTESIAN_POINT('Ctrl Pts',(2.9448179064371,-0.00204861729950906,
-19.3221761170896));
#2350=CARTESIAN_POINT('Ctrl Pts',(2.9450273495984,-0.00195348233472356,
-19.1778238829104));
#2351=CARTESIAN_POINT('Ctrl Pts',(2.94595688955713,-0.123082757074721,-19.1843960534747));
#2352=CARTESIAN_POINT('Ctrl Pts',(2.93912688079707,-0.244106398128131,-19.190968224039));
#2353=CARTESIAN_POINT('Ctrl Pts',(2.92418280985719,-0.364119674961637,-19.1975403946032));
#2354=CARTESIAN_POINT('Ctrl Pts',(2.80419395371729,-1.32772964889583,-19.2503096320845));
#2355=CARTESIAN_POINT('Ctrl Pts',(2.16110799211894,-2.22620349407266,-19.3030788695658));
#2356=CARTESIAN_POINT('Ctrl Pts',(1.28767435069929,-2.65053258982221,-19.355848107047));
#2357=CARTESIAN_POINT('Ctrl Pts',(0.414240709279616,-3.07486168557176,-19.4086173445283));
#2358=CARTESIAN_POINT('Ctrl Pts',(-0.689540611961359,-3.02504603189401,
-19.4613865820095));
#2359=CARTESIAN_POINT('Ctrl Pts',(-1.52119969901832,-2.52376300766633,-19.5141558194908));
#2360=CARTESIAN_POINT('Ctrl Pts',(-2.35285878607528,-2.02247998343867,-19.5669250569721));
#2361=CARTESIAN_POINT('Ctrl Pts',(-2.91239563894823,-1.0697295886611,-19.6196942944533));
#2362=CARTESIAN_POINT('Ctrl Pts',(-2.94509455540933,-0.0992285385197262,
-19.6724635319346));
#2363=CARTESIAN_POINT('Ctrl Pts',(-2.97779347187044,0.871272511621648,-19.7252327694158));
#2364=CARTESIAN_POINT('Ctrl Pts',(-2.4836544519197,1.85952421712683,-19.7780020068971));
#2365=CARTESIAN_POINT('Ctrl Pts',(-1.68762240636804,2.41564874447487,-19.8307712443784));
#2366=CARTESIAN_POINT('Ctrl Pts',(-0.891590360816369,2.97177327182291,-19.8835404818596));
#2367=CARTESIAN_POINT('Ctrl Pts',(0.206334710336235,3.0957706210138,-19.9363097193409));
#2368=CARTESIAN_POINT('Ctrl Pts',(1.10634881016574,2.73119397945355,-19.9890789568222));
#2369=CARTESIAN_POINT('Ctrl Pts',(2.00636290999523,2.3666173378933,-20.0418481943034));
#2370=CARTESIAN_POINT('Ctrl Pts',(2.70846603850163,1.51346670558192,-20.0946174317847));
#2371=CARTESIAN_POINT('Ctrl Pts',(2.89304262345652,0.560118400003302,-20.1473866692659));
#2372=CARTESIAN_POINT('Ctrl Pts',(2.92853045196036,0.376821796151473,-20.1575324071474));
#2373=CARTESIAN_POINT('Ctrl Pts',(2.94488725419576,0.189821257992897,-20.1676781450289));
#2374=CARTESIAN_POINT('Ctrl Pts',(2.94319027506047,0.00252548704851575,
-20.1778238829104));
#2375=CARTESIAN_POINT('Origin',(0.,0.,-16.5));
#2376=CARTESIAN_POINT('',(2.93723909348202,-1.00451848278338E-5,-21.3221761170896));
#2377=CARTESIAN_POINT('',(2.93724569211594,-0.000144043322453219,-21.1778238829104));
#2378=CARTESIAN_POINT('',(2.942,-3.60291088309151E-16,-16.5));
#2379=CARTESIAN_POINT('Ctrl Pts',(2.93723909348202,-1.00451848278338E-5,
-21.3221761170896));
#2380=CARTESIAN_POINT('Ctrl Pts',(2.93722408040955,0.490189261818738,-21.2957581081446));
#2381=CARTESIAN_POINT('Ctrl Pts',(2.82109642660111,0.980395256629312,-21.2693400991996));
#2382=CARTESIAN_POINT('Ctrl Pts',(2.58889585394288,1.40749627905136,-21.2429220902546));
#2383=CARTESIAN_POINT('Ctrl Pts',(2.12508167372225,2.26061868231796,-21.1901528527733));
#2384=CARTESIAN_POINT('Ctrl Pts',(1.19814872987104,2.86195886901674,-21.1373836152921));
#2385=CARTESIAN_POINT('Ctrl Pts',(0.230060963636128,2.93777117405642,-21.0846143778108));
#2386=CARTESIAN_POINT('Ctrl Pts',(-0.738026802598782,3.0135834790961,-21.0318451403296));
#2387=CARTESIAN_POINT('Ctrl Pts',(-1.74726939121736,2.56386790247666,-20.9790759028483));
#2388=CARTESIAN_POINT('Ctrl Pts',(-2.33823337373622,1.7933466502749,-20.926306665367));
#2389=CARTESIAN_POINT('Ctrl Pts',(-2.92919735625507,1.02282539807313,-20.8735374278858));
#2390=CARTESIAN_POINT('Ctrl Pts',(-3.10188273267421,-0.0685015297109606,
-20.8207681904045));
#2391=CARTESIAN_POINT('Ctrl Pts',(-2.7776786363577,-0.983833782316934,-20.7679989529232));
#2392=CARTESIAN_POINT('Ctrl Pts',(-2.4534745400412,-1.89916603492291,-20.715229715442));
#2393=CARTESIAN_POINT('Ctrl Pts',(-1.63238097098905,-2.63850361235076,-20.6624604779607));
#2394=CARTESIAN_POINT('Ctrl Pts',(-0.688181039218089,-2.86528085453534,
-20.6096912404795));
#2395=CARTESIAN_POINT('Ctrl Pts',(0.256018892552898,-3.09205809671992,-20.5569220029982));
#2396=CARTESIAN_POINT('Ctrl Pts',(1.3233251870427,-2.80627500366119,-20.5041527655169));
#2397=CARTESIAN_POINT('Ctrl Pts',(2.02787230939457,-2.13802745887343,-20.4513835280357));
#2398=CARTESIAN_POINT('Ctrl Pts',(2.60290878843482,-1.59261792828119,-20.4083143910537));
#2399=CARTESIAN_POINT('Ctrl Pts',(2.93629398531478,-0.792430483745791,-20.3652452540716));
#2400=CARTESIAN_POINT('Ctrl Pts',(2.94343384907163,0.00247894202665529,
-20.3221761170896));
#2401=CARTESIAN_POINT('Ctrl Pts',(2.94319027506047,0.00252548704851575,
-20.1778238829104));
#2402=CARTESIAN_POINT('Ctrl Pts',(2.93606105584167,-0.784327210225368,-20.2204473825102));
#2403=CARTESIAN_POINT('Ctrl Pts',(2.6102927033701,-1.57639060087396,-20.26307088211));
#2404=CARTESIAN_POINT('Ctrl Pts',(2.04576021292874,-2.1209180546066,-20.3056943817097));
#2405=CARTESIAN_POINT('Ctrl Pts',(1.3468511760427,-2.79506022479195,-20.358463619191));
#2406=CARTESIAN_POINT('Ctrl Pts',(0.281983060867254,-3.08979858631684,-20.4112328566722));
#2407=CARTESIAN_POINT('Ctrl Pts',(-0.664088520265265,-2.87096058496287,
-20.4640020941535));
#2408=CARTESIAN_POINT('Ctrl Pts',(-1.61016010139784,-2.65212258360888,-20.5167713316348));
#2409=CARTESIAN_POINT('Ctrl Pts',(-2.43743514848747,-1.91970821937596,-20.569540569116));
#2410=CARTESIAN_POINT('Ctrl Pts',(-2.76931658222996,-1.0071315259412,-20.6223098065973));
#2411=CARTESIAN_POINT('Ctrl Pts',(-3.10119801597244,-0.0945548325064656,
-20.6750790440785));
#2412=CARTESIAN_POINT('Ctrl Pts',(-2.9376858363678,0.9981841901301,-20.7278482815598));
#2413=CARTESIAN_POINT('Ctrl Pts',(-2.35321503270578,1.77364236897014,-20.7806175190411));
#2414=CARTESIAN_POINT('Ctrl Pts',(-1.76874422904375,2.54910054781017,-20.8333867565223));
#2415=CARTESIAN_POINT('Ctrl Pts',(-0.76331480132433,3.00727788285368,-20.8861559940036));
#2416=CARTESIAN_POINT('Ctrl Pts',(0.205375671808389,2.93960015590347,-20.9389252314848));
#2417=CARTESIAN_POINT('Ctrl Pts',(1.17406614494112,2.87192242895326,-20.9916944689661));
#2418=CARTESIAN_POINT('Ctrl Pts',(2.10601766348715,2.27838964000933,-21.0444637064474));
#2419=CARTESIAN_POINT('Ctrl Pts',(2.57698170070527,1.42919332400785,-21.0972329439286));
#2420=CARTESIAN_POINT('Ctrl Pts',(2.8167390277498,0.996886347740199,-21.1240965902559));
#2421=CARTESIAN_POINT('Ctrl Pts',(2.93702675283243,0.498321563937824,-21.1509602365832));
#2422=CARTESIAN_POINT('Ctrl Pts',(2.93724569211594,-0.000144043322453219,
-21.1778238829104));
#2423=CARTESIAN_POINT('Origin',(0.,0.,-16.5));
#2424=CARTESIAN_POINT('',(2.94347015051236,-0.00247133746128309,-22.3221761170896));
#2425=CARTESIAN_POINT('',(2.94371078110156,-0.00241642044559838,-22.1778238829104));
#2426=CARTESIAN_POINT('',(2.942,-3.60291088309151E-16,-16.5));
#2427=CARTESIAN_POINT('Ctrl Pts',(2.94347015051236,-0.00247133746128309,
-22.3221761170896));
#2428=CARTESIAN_POINT('Ctrl Pts',(2.93633055935361,0.793645251402969,-22.2790401996988));
#2429=CARTESIAN_POINT('Ctrl Pts',(2.60179465023978,1.59504860176063,-22.2359042823081));
#2430=CARTESIAN_POINT('Ctrl Pts',(2.0251793950462,2.14057841154823,-22.1927683649173));
#2431=CARTESIAN_POINT('Ctrl Pts',(1.31979165375896,2.80793855657552,-22.139999127436));
#2432=CARTESIAN_POINT('Ctrl Pts',(0.252126466611742,3.09237791863625,-22.0872298899548));
#2433=CARTESIAN_POINT('Ctrl Pts',(-0.691787254283502,2.86441231545267,-22.0344606524735));
#2434=CARTESIAN_POINT('Ctrl Pts',(-1.63570097517872,2.63644671226909,-21.9816914149923));
#2435=CARTESIAN_POINT('Ctrl Pts',(-2.45586322982192,1.89607614384122,-21.928922177511));
#2436=CARTESIAN_POINT('Ctrl Pts',(-2.7789148666942,0.980336514556104,-21.8761529400297));
#2437=CARTESIAN_POINT('Ctrl Pts',(-3.10196650356648,0.0645968852709723,
-21.8233837025485));
#2438=CARTESIAN_POINT('Ctrl Pts',(-2.92790752266781,-1.02651180487144,-21.7706144650672));
#2439=CARTESIAN_POINT('Ctrl Pts',(-2.33597409105498,-1.79628855255104,-21.7178452275859));
#2440=CARTESIAN_POINT('Ctrl Pts',(-1.74404065944214,-2.56606530023065,-21.6650759901047));
#2441=CARTESIAN_POINT('Ctrl Pts',(-0.734232777115125,-3.01451010544749,
-21.6123067526234));
#2442=CARTESIAN_POINT('Ctrl Pts',(0.233758791070319,-2.93747925025921,-21.5595375151422));
#2443=CARTESIAN_POINT('Ctrl Pts',(1.20175035925576,-2.86044839507093,-21.5067682776609));
#2444=CARTESIAN_POINT('Ctrl Pts',(2.12792561329964,-2.25794187947754,-21.4539990401796));
#2445=CARTESIAN_POINT('Ctrl Pts',(2.59066553202658,-1.40423631176362,-21.4012298026984));
#2446=CARTESIAN_POINT('Ctrl Pts',(2.82174268859064,-0.977923717697903,-21.3748785741621));
#2447=CARTESIAN_POINT('Ctrl Pts',(2.9372540686039,-0.488970208460533,-21.3485273456259));
#2448=CARTESIAN_POINT('Ctrl Pts',(2.93723909348202,-1.00451848278338E-5,
-21.3221761170896));
#2449=CARTESIAN_POINT('Ctrl Pts',(2.93724569211594,-0.000144043322453219,
-21.1778238829104));
#2450=CARTESIAN_POINT('Ctrl Pts',(2.93745682322961,-0.480832557037491,-21.2037294740644));
#2451=CARTESIAN_POINT('Ctrl Pts',(2.82601063147813,-0.961428842059554,-21.2296350652184));
#2452=CARTESIAN_POINT('Ctrl Pts',(2.60236978112151,-1.38242532003144,-21.2555406563724));
#2453=CARTESIAN_POINT('Ctrl Pts',(2.14681726842941,-2.23998780501033,-21.3083098938537));
#2454=CARTESIAN_POINT('Ctrl Pts',(1.22573568715496,-2.85025293190911,-21.3610791313349));
#2455=CARTESIAN_POINT('Ctrl Pts',(0.258425286386012,-2.93541217114646,-21.4138483688162));
#2456=CARTESIAN_POINT('Ctrl Pts',(-0.708885114382933,-3.0205714103838,-21.4666176062975));
#2457=CARTESIAN_POINT('Ctrl Pts',(-1.72242433464639,-2.58062476195972,-21.5193868437787));
#2458=CARTESIAN_POINT('Ctrl Pts',(-2.32080300764623,-1.81584736221376,-21.57215608126));
#2459=CARTESIAN_POINT('Ctrl Pts',(-2.91918168064608,-1.05106996246779,-21.6249253187413));
#2460=CARTESIAN_POINT('Ctrl Pts',(-3.10239980638233,0.0385381886000266,
-21.6776945562225));
#2461=CARTESIAN_POINT('Ctrl Pts',(-2.78705173727673,0.956959172013747,-21.7304637937038));
#2462=CARTESIAN_POINT('Ctrl Pts',(-2.47170366817112,1.87538015542745,-21.783233031185));
#2463=CARTESIAN_POINT('Ctrl Pts',(-1.65778940422365,2.62261397118704,-21.8360022686663));
#2464=CARTESIAN_POINT('Ctrl Pts',(-0.715823849377054,2.85850038653513,-21.8887715061475));
#2465=CARTESIAN_POINT('Ctrl Pts',(0.226141705469561,3.09438680188322,-21.9415407436288));
#2466=CARTESIAN_POINT('Ctrl Pts',(1.29615855121532,2.81892581681979,-21.9943099811101));
#2467=CARTESIAN_POINT('Ctrl Pts',(2.00712723969994,2.15751442331516,-22.0470792185914));
#2468=CARTESIAN_POINT('Ctrl Pts',(2.59430875525812,1.61126175321055,-22.0906607733644));
#2469=CARTESIAN_POINT('Ctrl Pts',(2.93658591798473,0.80175488421131,-22.1342423281374));
#2470=CARTESIAN_POINT('Ctrl Pts',(2.94371078110156,-0.00241642044559838,
-22.1778238829104));
#2471=CARTESIAN_POINT('Origin',(0.,0.,-16.5));
#2472=CARTESIAN_POINT('',(2.9447859056812,0.00206232330607473,-23.3221761170896));
#2473=CARTESIAN_POINT('',(2.94456857139241,0.00215002859629259,-23.1778238829104));
#2474=CARTESIAN_POINT('',(2.942,-3.60291088309151E-16,-16.5));
#2475=CARTESIAN_POINT('Ctrl Pts',(2.9447859056812,0.00206232330607473,-23.3221761170896));
#2476=CARTESIAN_POINT('Ctrl Pts',(2.94582853584706,0.132663767925899,-23.3150915287343));
#2477=CARTESIAN_POINT('Ctrl Pts',(2.93788738918056,0.263137655479341,-23.308006940379));
#2478=CARTESIAN_POINT('Ctrl Pts',(2.92052936375689,0.392346471297212,-23.3009223520238));
#2479=CARTESIAN_POINT('Ctrl Pts',(2.79123889268724,1.35475252012456,-23.2481531145425));
#2480=CARTESIAN_POINT('Ctrl Pts',(2.13950486869148,2.24697304471609,-23.1953838770613));
#2481=CARTESIAN_POINT('Ctrl Pts',(1.26201353993249,2.66284609828162,-23.14261463958));
#2482=CARTESIAN_POINT('Ctrl Pts',(0.384522211173501,3.07871915184715,-23.0898454020988));
#2483=CARTESIAN_POINT('Ctrl Pts',(-0.718726422348725,3.01824473438668,-23.0370761646175));
#2484=CARTESIAN_POINT('Ctrl Pts',(-1.54550493990808,2.50895237077661,-22.9843069271362));
#2485=CARTESIAN_POINT('Ctrl Pts',(-2.37228345746744,1.99966000716654,-22.9315376896549));
#2486=CARTESIAN_POINT('Ctrl Pts',(-2.92259185906395,1.04154969740685,-22.8787684521737));
#2487=CARTESIAN_POINT('Ctrl Pts',(-2.94591547308161,0.0707781291384825,
-22.8259992146924));
#2488=CARTESIAN_POINT('Ctrl Pts',(-2.96923908709928,-0.899993439129903,
-22.7732299772112));
#2489=CARTESIAN_POINT('Ctrl Pts',(-2.46557791353811,-1.88342626590696,-22.7204607397299));
#2490=CARTESIAN_POINT('Ctrl Pts',(-1.66421159474839,-2.43183619637737,-22.6676915022486));
#2491=CARTESIAN_POINT('Ctrl Pts',(-0.862845275958651,-2.98024612684778,
-22.6149222647674));
#2492=CARTESIAN_POINT('Ctrl Pts',(0.236226188059656,-3.0936331610115,-22.5621530272861));
#2493=CARTESIAN_POINT('Ctrl Pts',(1.13267693258713,-2.72038057714192,-22.5093837898049));
#2494=CARTESIAN_POINT('Ctrl Pts',(2.02912767711458,-2.34712799327235,-22.4566145523236));
#2495=CARTESIAN_POINT('Ctrl Pts',(2.72295770215122,-1.48723579136951,-22.4038453148424));
#2496=CARTESIAN_POINT('Ctrl Pts',(2.89831756695594,-0.532149226421186,-22.3510760773611));
#2497=CARTESIAN_POINT('Ctrl Pts',(2.93033049322361,-0.35779282042722,-22.3414427572706));
#2498=CARTESIAN_POINT('Ctrl Pts',(2.94506459827441,-0.180263914825597,-22.3318094371801));
#2499=CARTESIAN_POINT('Ctrl Pts',(2.94347015051236,-0.00247133746128309,
-22.3221761170896));
#2500=CARTESIAN_POINT('Ctrl Pts',(2.94371078110156,-0.00241642044559838,
-22.1778238829104));
#2501=CARTESIAN_POINT('Ctrl Pts',(2.94521281520746,-0.171948481170297,-22.1870115656187));
#2502=CARTESIAN_POINT('Ctrl Pts',(2.93181956690744,-0.34124341167758,-22.1961992483269));
#2503=CARTESIAN_POINT('Ctrl Pts',(2.902685470931,-0.507784698474187,-22.2053869310351));
#2504=CARTESIAN_POINT('Ctrl Pts',(2.73535448245398,-1.46431062481313,-22.2581561685164));
#2505=CARTESIAN_POINT('Ctrl Pts',(2.04877197427647,-2.33000067554519,-22.3109254059976));
#2506=CARTESIAN_POINT('Ctrl Pts',(1.15548812930391,-2.71077026437066,-22.3636946434789));
#2507=CARTESIAN_POINT('Ctrl Pts',(0.262204284331361,-3.09153985319614,-22.4164638809602));
#2508=CARTESIAN_POINT('Ctrl Pts',(-0.83778089743622,-2.98738898011503,-22.4692331184415));
#2509=CARTESIAN_POINT('Ctrl Pts',(-1.64372560323788,-2.44572982653823,-22.5220023559227));
#2510=CARTESIAN_POINT('Ctrl Pts',(-2.44967030903953,-1.90407067296145,-22.574771593404));
#2511=CARTESIAN_POINT('Ctrl Pts',(-2.96157453887527,-0.924903238889,-22.6275408308852));
#2512=CARTESIAN_POINT('Ctrl Pts',(-2.94640619717086,0.0460300383618854,
-22.6803100683665));
#2513=CARTESIAN_POINT('Ctrl Pts',(-2.93123785546645,1.01696331561278,-22.7330793058477));
#2514=CARTESIAN_POINT('Ctrl Pts',(-2.38899694222186,1.97966243604213,-22.785848543329));
#2515=CARTESIAN_POINT('Ctrl Pts',(-1.5665255989057,2.49588176625648,-22.8386177808103));
#2516=CARTESIAN_POINT('Ctrl Pts',(-0.744054255589517,3.01210109647085,-22.8913870182915));
#2517=CARTESIAN_POINT('Ctrl Pts',(0.35864751779826,3.0818406364702,-22.9441562557728));
#2518=CARTESIAN_POINT('Ctrl Pts',(1.23960124546249,2.67335313705585,-22.996925493254));
#2519=CARTESIAN_POINT('Ctrl Pts',(2.12055497312668,2.26486563764152,-23.0496947307353));
#2520=CARTESIAN_POINT('Ctrl Pts',(2.77976065506735,1.37815109881356,-23.1024639682166));
#2521=CARTESIAN_POINT('Ctrl Pts',(2.91713075044435,0.41686499969464,-23.1552332056978));
#2522=CARTESIAN_POINT('Ctrl Pts',(2.93673360766096,0.279688461426763,-23.1627634314354));
#2523=CARTESIAN_POINT('Ctrl Pts',(2.94571001871835,0.140993378447017,-23.1702936571729));
#2524=CARTESIAN_POINT('Ctrl Pts',(2.94456857139241,0.00215002859629259,
-23.1778238829104));
#2525=CARTESIAN_POINT('Origin',(0.,0.,-16.5));
#2526=CARTESIAN_POINT('',(2.93742717924831,0.000766075408364097,-24.3221761170896));
#2527=CARTESIAN_POINT('',(2.93736818847301,0.000636657978200938,-24.1778238829104));
#2528=CARTESIAN_POINT('',(2.942,-3.60291088309151E-16,-16.5));
#2529=CARTESIAN_POINT('Ctrl Pts',(2.93742717924831,0.000766075408364097,
-24.3221761170896));
#2530=CARTESIAN_POINT('Ctrl Pts',(2.93846252683504,0.442362616533825,-24.2983736202886));
#2531=CARTESIAN_POINT('Ctrl Pts',(2.84510655427271,0.883543433671822,-24.2745711234875));
#2532=CARTESIAN_POINT('Ctrl Pts',(2.65511339796765,1.27820200359897,-24.2507686266865));
#2533=CARTESIAN_POINT('Ctrl Pts',(2.23390573775117,2.15314516500679,-24.1979993892052));
#2534=CARTESIAN_POINT('Ctrl Pts',(1.33773388294415,2.79943512253121,-24.145230151724));
#2535=CARTESIAN_POINT('Ctrl Pts',(0.374558528425949,2.92286390838059,-24.0924609142427));
#2536=CARTESIAN_POINT('Ctrl Pts',(-0.588616826092251,3.04629269422997,-24.0396916767614));
#2537=CARTESIAN_POINT('Ctrl Pts',(-1.61879568032163,2.64686030840432,-23.9869224392802));
#2538=CARTESIAN_POINT('Ctrl Pts',(-2.24701387411654,1.90639874308322,-23.9341532017989));
#2539=CARTESIAN_POINT('Ctrl Pts',(-2.87523206791145,1.16593717776211,-23.8813839643177));
#2540=CARTESIAN_POINT('Ctrl Pts',(-3.10148960127189,0.0844464329455574,
-23.8286147268364));
#2541=CARTESIAN_POINT('Ctrl Pts',(-2.82278817087455,-0.845750826468807,
-23.7758454893551));
#2542=CARTESIAN_POINT('Ctrl Pts',(-2.54408674047719,-1.7759480858832,-23.7230762518739));
#2543=CARTESIAN_POINT('Ctrl Pts',(-1.76042634632203,-2.55485185989539,-23.6703070143926));
#2544=CARTESIAN_POINT('Ctrl Pts',(-0.828549545364354,-2.82788492852629,
-23.6175377769114));
#2545=CARTESIAN_POINT('Ctrl Pts',(0.103327255593291,-3.10091799715719,-23.5647685394301));
#2546=CARTESIAN_POINT('Ctrl Pts',(1.18342046335343,-2.86808036040682,-23.5119993019488));
#2547=CARTESIAN_POINT('Ctrl Pts',(1.92004360816174,-2.23536575550006,-23.4592300644676));
#2548=CARTESIAN_POINT('Ctrl Pts',(2.55777065359423,-1.68759690186978,-23.4135454153416));
#2549=CARTESIAN_POINT('Ctrl Pts',(2.93806255198629,-0.840115213849455,-23.3678607662156));
#2550=CARTESIAN_POINT('Ctrl Pts',(2.9447859056812,0.00206232330607473,-23.3221761170896));
#2551=CARTESIAN_POINT('Ctrl Pts',(2.94456857139241,0.00215002859629259,
-23.1778238829104));
#2552=CARTESIAN_POINT('Ctrl Pts',(2.93771114762018,-0.831973164169577,-23.2230628946541));
#2553=CARTESIAN_POINT('Ctrl Pts',(2.56568058569454,-1.67144759595343,-23.2683019063979));
#2554=CARTESIAN_POINT('Ctrl Pts',(1.93875295003715,-2.21915867884218,-23.3135409181416));
#2555=CARTESIAN_POINT('Ctrl Pts',(1.20747054543965,-2.85803859885015,-23.3663101556229));
#2556=CARTESIAN_POINT('Ctrl Pts',(0.129371227431346,-3.09994077945621,-23.4190793931041));
#2557=CARTESIAN_POINT('Ctrl Pts',(-0.804766204614858,-2.83474506773868,
-23.4718486305854));
#2558=CARTESIAN_POINT('Ctrl Pts',(-1.73890363666109,-2.56954935602114,-23.5246178680667));
#2559=CARTESIAN_POINT('Ctrl Pts',(-2.52907918274523,-1.79725575197997,-23.5773871055479));
#2560=CARTESIAN_POINT('Ctrl Pts',(-2.81558441960504,-0.8694323546058,-23.6301563430292));
#2561=CARTESIAN_POINT('Ctrl Pts',(-3.10208965646484,0.0583910427683523,
-23.6829255805104));
#2562=CARTESIAN_POINT('Ctrl Pts',(-2.88492458410034,1.14174423347547,-23.7356948179917));
#2563=CARTESIAN_POINT('Ctrl Pts',(-2.26294838153174,1.88745671888931,-23.788464055473));
#2564=CARTESIAN_POINT('Ctrl Pts',(-1.64097217896316,2.63316920430314,-23.8412332929542));
#2565=CARTESIAN_POINT('Ctrl Pts',(-0.614184846190475,3.04124098442367,-23.8940025304355));
#2566=CARTESIAN_POINT('Ctrl Pts',(0.349993365263654,2.92590719050236,-23.9467717679168));
#2567=CARTESIAN_POINT('Ctrl Pts',(1.31417157671778,2.81057339658106,-23.999541005398));
#2568=CARTESIAN_POINT('Ctrl Pts',(2.21574066685337,2.17183402861792,-24.0523102428793));
#2569=CARTESIAN_POINT('Ctrl Pts',(2.64428297913665,1.30045982998421,-24.1050794803605));
#2570=CARTESIAN_POINT('Ctrl Pts',(2.84120360917523,0.900052329310422,-24.1293276145438));
#2571=CARTESIAN_POINT('Ctrl Pts',(2.93824373118191,0.450523539607726,-24.1535757487271));
#2572=CARTESIAN_POINT('Ctrl Pts',(2.93736818847301,0.000636657978200938,
-24.1778238829104));
#2573=CARTESIAN_POINT('Origin',(0.,0.,-16.5));
#2574=CARTESIAN_POINT('',(2.94202379985697,-0.00264544228546409,-25.3221761170896));
#2575=CARTESIAN_POINT('',(2.94227139028026,-0.00263381233501115,-25.1778238829104));
#2576=CARTESIAN_POINT('',(2.942,-3.60291088309151E-16,-16.5));
#2577=CARTESIAN_POINT('Ctrl Pts',(2.94202379985697,-0.00264544228546409,
-25.3221761170896));
#2578=CARTESIAN_POINT('Ctrl Pts',(2.93520935514902,0.746145202838109,-25.2816557118428));
#2579=CARTESIAN_POINT('Ctrl Pts',(2.64394932600454,1.49965134754405,-25.241135306596));
#2580=CARTESIAN_POINT('Ctrl Pts',(2.12820910888611,2.03817406147403,-25.2006149013492));
#2581=CARTESIAN_POINT('Ctrl Pts',(1.4565668133564,2.73948572919641,-25.1478456638679));
#2582=CARTESIAN_POINT('Ctrl Pts',(0.404216437653876,3.0761953804184,-25.0950764263867));
#2583=CARTESIAN_POINT('Ctrl Pts',(-0.549784806350599,2.89502403890903,-25.0423071889054));
#2584=CARTESIAN_POINT('Ctrl Pts',(-1.50378605035507,2.71385269739965,-24.9895379514242));
#2585=CARTESIAN_POINT('Ctrl Pts',(-2.35943816266148,2.0148003631589,-24.9367687139429));
#2586=CARTESIAN_POINT('Ctrl Pts',(-2.72722608690477,1.11609380832772,-24.8839994764616));
#2587=CARTESIAN_POINT('Ctrl Pts',(-3.09501401114805,0.217387253496555,-24.8312302389804));
#2588=CARTESIAN_POINT('Ctrl Pts',(-2.97493774732823,-0.880973521925084,
-24.7784610014991));
#2589=CARTESIAN_POINT('Ctrl Pts',(-2.42165912830583,-1.67898617746723,-24.7256917640179));
#2590=CARTESIAN_POINT('Ctrl Pts',(-1.86838050928343,-2.47699883300939,-24.6729225265366));
#2591=CARTESIAN_POINT('Ctrl Pts',(-0.881899535058457,-2.9746633686721,-24.6201532890553));
#2592=CARTESIAN_POINT('Ctrl Pts',(0.0887120437656165,-2.94542996717956,
-24.567384051574));
#2593=CARTESIAN_POINT('Ctrl Pts',(1.05932362258972,-2.91619656568701,-24.5146148140928));
#2594=CARTESIAN_POINT('Ctrl Pts',(2.01406580601289,-2.36006522703918,-24.4618455766115));
#2595=CARTESIAN_POINT('Ctrl Pts',(2.5183151649115,-1.53020137506963,-24.4090763391303));
#2596=CARTESIAN_POINT('Ctrl Pts',(2.79511394227816,-1.07466227412225,-24.3801095984501));
#2597=CARTESIAN_POINT('Ctrl Pts',(2.93616720029277,-0.536640256330178,-24.3511428577698));
#2598=CARTESIAN_POINT('Ctrl Pts',(2.93742717924831,0.000766075408364097,
-24.3221761170896));
#2599=CARTESIAN_POINT('Ctrl Pts',(2.93736818847301,0.000636657978200938,
-24.1778238829104));
#2600=CARTESIAN_POINT('Ctrl Pts',(2.93633835896722,-0.528528601763431,-24.2063449862084));
#2601=CARTESIAN_POINT('Ctrl Pts',(2.79984319725512,-1.05818927806552,-24.2348660895064));
#2602=CARTESIAN_POINT('Ctrl Pts',(2.53108006606918,-1.50899368530859,-24.2633871928043));
#2603=CARTESIAN_POINT('Ctrl Pts',(2.03381930628746,-2.34306397266338,-24.3161564302856));
#2604=CARTESIAN_POINT('Ctrl Pts',(1.08378225229303,-2.9071955180687,-24.3689256677668));
#2605=CARTESIAN_POINT('Ctrl Pts',(0.113450436105941,-2.94458099595344,-24.4216949052481));
#2606=CARTESIAN_POINT('Ctrl Pts',(-0.856881380081161,-2.98196647383817,
-24.4744641427293));
#2607=CARTESIAN_POINT('Ctrl Pts',(-1.84750795846095,-2.49260588420232,-24.5272333802106));
#2608=CARTESIAN_POINT('Ctrl Pts',(-2.40747036172815,-1.69926887234623,-24.5800026176919));
#2609=CARTESIAN_POINT('Ctrl Pts',(-2.96743276499536,-0.905931860490122,
-24.6327718551731));
#2610=CARTESIAN_POINT('Ctrl Pts',(-3.09673099314996,0.191381573586243,-24.6855410926544));
#2611=CARTESIAN_POINT('Ctrl Pts',(-2.73650513586154,1.09314586608747,-24.7383103301356));
#2612=CARTESIAN_POINT('Ctrl Pts',(-2.37627927857314,1.99491015858868,-24.7910795676169));
#2613=CARTESIAN_POINT('Ctrl Pts',(-1.52652933584176,2.70112530951475,-24.8438488050982));
#2614=CARTESIAN_POINT('Ctrl Pts',(-0.574083542983699,2.89030384717514,-24.8966180425795));
#2615=CARTESIAN_POINT('Ctrl Pts',(0.378362249874362,3.07948238483553,-24.9493872800607));
#2616=CARTESIAN_POINT('Ctrl Pts',(1.43350389285909,2.75162430923025,-25.002156517542));
#2617=CARTESIAN_POINT('Ctrl Pts',(2.11101351633533,2.05597912847771,-25.0549257550232));
#2618=CARTESIAN_POINT('Ctrl Pts',(2.63698071695643,1.51593285360912,-25.0958917976523));
#2619=CARTESIAN_POINT('Ctrl Pts',(2.93535685732989,0.754228846128738,-25.1368578402814));
#2620=CARTESIAN_POINT('Ctrl Pts',(2.94227139028026,-0.00263381233501115,
-25.1778238829104));
#2621=CARTESIAN_POINT('Origin',(0.,0.,-16.5));
#2622=CARTESIAN_POINT('',(2.94589517636074,0.00142486257602298,-26.3221761170896));
#2623=CARTESIAN_POINT('',(2.94573022632168,0.00154702702613245,-26.1778238829104));
#2624=CARTESIAN_POINT('',(2.942,-3.60291088309151E-16,-16.5));
#2625=CARTESIAN_POINT('Ctrl Pts',(2.94589517636074,0.00142486257602298,
-26.3221761170896));
#2626=CARTESIAN_POINT('Ctrl Pts',(2.94638788734212,0.0837289397232005,-26.3177070408783));
#2627=CARTESIAN_POINT('Ctrl Pts',(2.94323574469312,0.165994722949259,-26.313237964667));
#2628=CARTESIAN_POINT('Ctrl Pts',(2.93631609117208,0.24794237711427,-26.3087688884557));
#2629=CARTESIAN_POINT('Ctrl Pts',(2.85461132207112,1.21555067448946,-26.2559996509744));
#2630=CARTESIAN_POINT('Ctrl Pts',(2.24763893253847,2.13880531223046,-26.2032304134932));
#2631=CARTESIAN_POINT('Ctrl Pts',(1.39170855602529,2.59741692850236,-26.1504611760119));
#2632=CARTESIAN_POINT('Ctrl Pts',(0.535778179512099,3.05602854477426,-26.0976919385307));
#2633=CARTESIAN_POINT('Ctrl Pts',(-0.569110183981626,3.04999713957705,-26.0449227010494));
#2634=CARTESIAN_POINT('Ctrl Pts',(-1.41998268878371,2.58206830290343,-25.9921534635681));
#2635=CARTESIAN_POINT('Ctrl Pts',(-2.27085519358585,2.11413946622978,-25.9393842260868));
#2636=CARTESIAN_POINT('Ctrl Pts',(-2.86771183969632,1.18431319807965,-25.8866149886056));
#2637=CARTESIAN_POINT('Ctrl Pts',(-2.93884797422245,0.215870588599788,-25.8338457511243));
#2638=CARTESIAN_POINT('Ctrl Pts',(-3.00998410874859,-0.752572020880047,
-25.7810765136431));
#2639=CARTESIAN_POINT('Ctrl Pts',(-2.55539973169042,-1.75963097168961,-25.7283072761618));
#2640=CARTESIAN_POINT('Ctrl Pts',(-1.78203345970405,-2.34686690100306,-25.6755380386805));
#2641=CARTESIAN_POINT('Ctrl Pts',(-1.00866718771766,-2.93410283031653,-25.6227688011993));
#2642=CARTESIAN_POINT('Ctrl Pts',(0.0834809791969437,-3.10151573813385,
-25.569999563718));
#2643=CARTESIAN_POINT('Ctrl Pts',(0.99723684415727,-2.77289491349961,-25.5172303262368));
#2644=CARTESIAN_POINT('Ctrl Pts',(1.9109927091176,-2.44427408886537,-25.4644610887555));
#2645=CARTESIAN_POINT('Ctrl Pts',(2.64635627212364,-1.61961953177957,-25.4116918512742));
#2646=CARTESIAN_POINT('Ctrl Pts',(2.86857094594818,-0.674335411125278,-25.358922613793));
#2647=CARTESIAN_POINT('Ctrl Pts',(2.92015157113112,-0.454915401277714,-25.3466737815585));
#2648=CARTESIAN_POINT('Ctrl Pts',(2.94408372471434,-0.228995868323455,-25.3344249493241));
#2649=CARTESIAN_POINT('Ctrl Pts',(2.94202379985697,-0.00264544228546409,
-25.3221761170896));
#2650=CARTESIAN_POINT('Ctrl Pts',(2.94227139028026,-0.00263381233501115,
-25.1778238829104));
#2651=CARTESIAN_POINT('Ctrl Pts',(2.94426361541327,-0.22070216507018,-25.1896270777626));
#2652=CARTESIAN_POINT('Ctrl Pts',(2.92206045850438,-0.438368618254697,-25.2014302726148));
#2653=CARTESIAN_POINT('Ctrl Pts',(2.87413425736635,-0.650215744016797,-25.213233467467));
#2654=CARTESIAN_POINT('Ctrl Pts',(2.65986777095339,-1.59733314985911,-25.2660027049483));
#2655=CARTESIAN_POINT('Ctrl Pts',(1.93145719415968,-2.42813567564392,-25.3187719424295));
#2656=CARTESIAN_POINT('Ctrl Pts',(1.02049393280262,-2.76442044148793,-25.3715411799108));
#2657=CARTESIAN_POINT('Ctrl Pts',(0.109530671445585,-3.10070520733193,-25.4243104173921));
#2658=CARTESIAN_POINT('Ctrl Pts',(-0.98398527447478,-2.94247221323516,-25.4770796548733));
#2659=CARTESIAN_POINT('Ctrl Pts',(-1.7622570565587,-2.36175322751554,-25.5298488923546));
#2660=CARTESIAN_POINT('Ctrl Pts',(-2.54052883864263,-1.78103424179592,-25.5826181298358));
#2661=CARTESIAN_POINT('Ctrl Pts',(-3.00355645689011,-0.77782926445345,-25.6353873673171));
#2662=CARTESIAN_POINT('Ctrl Pts',(-2.94055771779145,0.191176755974706,-25.6881566047984));
#2663=CARTESIAN_POINT('Ctrl Pts',(-2.87755897869279,1.16018277640289,-25.7409258422796));
#2664=CARTESIAN_POINT('Ctrl Pts',(-2.28853388224795,2.09498983991676,-25.7936950797609));
#2665=CARTESIAN_POINT('Ctrl Pts',(-1.44162194564438,2.57004949670651,-25.8464643172421));
#2666=CARTESIAN_POINT('Ctrl Pts',(-0.594710009040829,3.04510915349626,-25.8992335547234));
#2667=CARTESIAN_POINT('Ctrl Pts',(0.510088767721442,3.06042140356191,-25.9520027922047));
#2668=CARTESIAN_POINT('Ctrl Pts',(1.36984130020125,2.60901572243102,-26.0047720296859));
#2669=CARTESIAN_POINT('Ctrl Pts',(2.22959383268104,2.15761004130015,-26.0575412671672));
#2670=CARTESIAN_POINT('Ctrl Pts',(2.84430012087837,1.23948642897276,-26.1103105046484));
#2671=CARTESIAN_POINT('Ctrl Pts',(2.93412989997396,0.272598572503201,-26.1630797421297));
#2672=CARTESIAN_POINT('Ctrl Pts',(2.9424962826905,0.182546543736748,-26.1679944557233));
#2673=CARTESIAN_POINT('Ctrl Pts',(2.94630972540209,0.0920715189433909,-26.1729091693168));
#2674=CARTESIAN_POINT('Ctrl Pts',(2.94573022632168,0.00154702702613245,
-26.1778238829104));
#2675=CARTESIAN_POINT('Origin',(0.,0.,-16.5));
#2676=CARTESIAN_POINT('',(2.93798838380006,0.00147537617943172,-27.3221761170896));
#2677=CARTESIAN_POINT('',(2.93786819149522,0.00136292228052529,-27.1778238829104));
#2678=CARTESIAN_POINT('',(2.942,-3.60291088309151E-16,-16.5));
#2679=CARTESIAN_POINT('Ctrl Pts',(2.93798838380006,0.00147537617943172,
-27.3221761170896));
#2680=CARTESIAN_POINT('Ctrl Pts',(2.93978556533019,0.394360764941305,-27.3009891324325));
#2681=CARTESIAN_POINT('Ctrl Pts',(2.86647745486003,0.786603293317646,-27.2798021477755));
#2682=CARTESIAN_POINT('Ctrl Pts',(2.71487931466332,1.14580323596869,-27.2586151631184));
#2683=CARTESIAN_POINT('Ctrl Pts',(2.33730230730531,2.04044243941383,-27.2058459256371));
#2684=CARTESIAN_POINT('Ctrl Pts',(1.47406814532792,2.73010831201897,-27.1530766881559));
#2685=CARTESIAN_POINT('Ctrl Pts',(0.518145547951943,2.90085284665464,-27.1003074506746));
#2686=CARTESIAN_POINT('Ctrl Pts',(-0.437777049424033,3.0715973812903,-27.0475382131933));
#2687=CARTESIAN_POINT('Ctrl Pts',(-1.48638808219859,2.7234205779565,-26.9947689757121));
#2688=CARTESIAN_POINT('Ctrl Pts',(-2.15033369166059,2.01481852093738,-26.9419997382308));
#2689=CARTESIAN_POINT('Ctrl Pts',(-2.81427930112256,1.30621646391827,-26.8892305007496));
#2690=CARTESIAN_POINT('Ctrl Pts',(-3.093559487272,0.23718915321386,-26.8364612632683));
#2691=CARTESIAN_POINT('Ctrl Pts',(-2.86103807918209,-0.70561283674991,-26.783692025787));
#2692=CARTESIAN_POINT('Ctrl Pts',(-2.62851667109216,-1.64841482671373,-26.7309227883058));
#2693=CARTESIAN_POINT('Ctrl Pts',(-1.88419366876281,-2.4649914959369,-26.6781535508245));
#2694=CARTESIAN_POINT('Ctrl Pts',(-0.966904530257325,-2.78361677540178,
-26.6253843133432));
#2695=CARTESIAN_POINT('Ctrl Pts',(-0.0496153917518356,-3.10224205486665,
-26.572615075862));
#2696=CARTESIAN_POINT('Ctrl Pts',(1.0406398829298,-2.92291594457325,-26.5198458383807));
#2697=CARTESIAN_POINT('Ctrl Pts',(1.80754894593602,-2.32727191092183,-26.4670766008995));
#2698=CARTESIAN_POINT('Ctrl Pts',(2.5095077611594,-1.78207352909824,-26.4187764396295));
#2699=CARTESIAN_POINT('Ctrl Pts',(2.94057013406225,-0.888087871470201,-26.3704762783595));
#2700=CARTESIAN_POINT('Ctrl Pts',(2.94589517636074,0.00142486257602298,
-26.3221761170896));
#2701=CARTESIAN_POINT('Ctrl Pts',(2.94573022632168,0.00154702702613245,
-26.1778238829104));
#2702=CARTESIAN_POINT('Ctrl Pts',(2.94008764877191,-0.879889170303055,-26.2256784067981));
#2703=CARTESIAN_POINT('Ctrl Pts',(2.51795464802124,-1.76601529623671,-26.2735329306858));
#2704=CARTESIAN_POINT('Ctrl Pts',(1.82703428255134,-2.31200649060613,-26.3213874545735));
#2705=CARTESIAN_POINT('Ctrl Pts',(1.06515561603945,-2.91407159663395,-26.3741566920548));
#2706=CARTESIAN_POINT('Ctrl Pts',(-0.0235549869780842,-3.10254970807788,
-26.426925929536));
#2707=CARTESIAN_POINT('Ctrl Pts',(-0.943488206807195,-2.79164076026322,
-26.4796951670173));
#2708=CARTESIAN_POINT('Ctrl Pts',(-1.86342142663633,-2.48073181244855,-26.5324644044985));
#2709=CARTESIAN_POINT('Ctrl Pts',(-2.61457726327704,-1.67043580537525,-26.5852336419798));
#2710=CARTESIAN_POINT('Ctrl Pts',(-2.85501005509679,-0.729620394334517,
-26.6380028794611));
#2711=CARTESIAN_POINT('Ctrl Pts',(-3.09544284691655,0.211195016706214,-26.6907721169423));
#2712=CARTESIAN_POINT('Ctrl Pts',(-2.82515259391536,1.28252983171437,-26.7435413544236));
#2713=CARTESIAN_POINT('Ctrl Pts',(-2.16718248083441,1.99668439129374,-26.7963105919048));
#2714=CARTESIAN_POINT('Ctrl Pts',(-1.50921236775345,2.71083895087312,-26.8490798293861));
#2715=CARTESIAN_POINT('Ctrl Pts',(-0.46356239459272,3.06781325502369,-26.9018490668674));
#2716=CARTESIAN_POINT('Ctrl Pts',(0.493760508098942,2.90510378653293,-26.9546183043486));
#2717=CARTESIAN_POINT('Ctrl Pts',(1.45108341079058,2.74239431804216,-27.0073875418299));
#2718=CARTESIAN_POINT('Ctrl Pts',(2.32007924301315,2.06000107691009,-27.0601567793111));
#2719=CARTESIAN_POINT('Ctrl Pts',(2.70515837918524,1.16856631523214,-27.1129260167924));
#2720=CARTESIAN_POINT('Ctrl Pts',(2.86302064526406,0.803124777841165,-27.1345586388317));
#2721=CARTESIAN_POINT('Ctrl Pts',(2.93955730799436,0.402552343082865,-27.1561912608711));
#2722=CARTESIAN_POINT('Ctrl Pts',(2.93786819149522,0.00136292228052529,
-27.1778238829104));
#2723=CARTESIAN_POINT('Origin',(0.,0.,-16.5));
#2724=CARTESIAN_POINT('',(2.94054404037962,-0.00275178106332513,-28.3221761170896));
#2725=CARTESIAN_POINT('',(2.94083946249938,-0.00262552114795444,-28.1778238829104));
#2726=CARTESIAN_POINT('',(2.942,-3.60291088309151E-16,-16.5));
#2727=CARTESIAN_POINT('Ctrl Pts',(2.94054404037962,-0.00275178106332513,
-28.3221761170896));
#2728=CARTESIAN_POINT('Ctrl Pts',(2.93462226258041,0.698605114456121,-28.2842712239868));
#2729=CARTESIAN_POINT('Ctrl Pts',(2.68311588957539,1.40392073988381,-28.2463663308839));
#2730=CARTESIAN_POINT('Ctrl Pts',(2.22609712748983,1.93089919677364,-28.2084614377811));
#2731=CARTESIAN_POINT('Ctrl Pts',(1.58985917466255,2.66453142899454,-28.1556922002998));
#2732=CARTESIAN_POINT('Ctrl Pts',(0.555322334840358,3.05253245106679,-28.1029229628186));
#2733=CARTESIAN_POINT('Ctrl Pts',(-0.406462070127561,2.91855732594645,-28.0501537253373));
#2734=CARTESIAN_POINT('Ctrl Pts',(-1.36824647509548,2.78458220082611,-27.997384487856));
#2735=CARTESIAN_POINT('Ctrl Pts',(-2.25727844520916,2.12863092851317,-27.9446152503748));
#2736=CARTESIAN_POINT('Ctrl Pts',(-2.66890157724983,1.24916145233115,-27.8918460128935));
#2737=CARTESIAN_POINT('Ctrl Pts',(-3.08052470929048,0.369691976149164,-27.8390767754122));
#2738=CARTESIAN_POINT('Ctrl Pts',(-3.0147390032582,-0.733295703901836,-27.786307537931));
#2739=CARTESIAN_POINT('Ctrl Pts',(-2.50146355493105,-1.55761548369209,-27.7335383004497));
#2740=CARTESIAN_POINT('Ctrl Pts',(-1.98818810660389,-2.38193526348236,-27.6807690629685));
#2741=CARTESIAN_POINT('Ctrl Pts',(-1.0274229159818,-2.92758714301181,-27.6279998254872));
#2742=CARTESIAN_POINT('Ctrl Pts',(-0.0565480285277102,-2.94621675169411,
-27.5752305880059));
#2743=CARTESIAN_POINT('Ctrl Pts',(0.914326858926356,-2.9648463603764,-27.5224613505247));
#2744=CARTESIAN_POINT('Ctrl Pts',(1.89531144321246,-2.45645369821157,-27.4696921130434));
#2745=CARTESIAN_POINT('Ctrl Pts',(2.4398438089862,-1.65245109998659,-27.4169228755622));
#2746=CARTESIAN_POINT('Ctrl Pts',(2.76574502847845,-1.17125761415192,-27.385340622738));
#2747=CARTESIAN_POINT('Ctrl Pts',(2.93530942582779,-0.584176894761553,-27.3537583699138));
#2748=CARTESIAN_POINT('Ctrl Pts',(2.93798838380006,0.00147537617943172,
-27.3221761170896));
#2749=CARTESIAN_POINT('Ctrl Pts',(2.93786819149522,0.00136292228052529,
-27.1778238829104));
#2750=CARTESIAN_POINT('Ctrl Pts',(2.93543698501573,-0.576083523748096,-27.2089604983523));
#2751=CARTESIAN_POINT('Ctrl Pts',(2.77094632175294,-1.15480817274413,-27.2400971137943));
#2752=CARTESIAN_POINT('Ctrl Pts',(2.45363943201845,-1.63189549819361,-27.2712337292362));
#2753=CARTESIAN_POINT('Ctrl Pts',(1.91587890855797,-2.44044626771753,-27.3240029667175));
#2754=CARTESIAN_POINT('Ctrl Pts',(0.939195421515442,-2.95707152454157,-27.3767722041987));
#2755=CARTESIAN_POINT('Ctrl Pts',(-0.031799940030724,-2.94659321026997,
-27.42954144168));
#2756=CARTESIAN_POINT('Ctrl Pts',(-1.00279530157695,-2.93611489599836,-27.4823106791612));
#2757=CARTESIAN_POINT('Ctrl Pts',(-1.96810253762677,-2.39853301063105,-27.5350799166425));
#2758=CARTESIAN_POINT('Ctrl Pts',(-2.4882876028785,-1.57856272257208,-27.5878491541238));
#2759=CARTESIAN_POINT('Ctrl Pts',(-3.00847266813022,-0.758592434513135,
-27.640618391605));
#2760=CARTESIAN_POINT('Ctrl Pts',(-3.08353556258383,0.343766256237508,-27.6933876290863));
#2761=CARTESIAN_POINT('Ctrl Pts',(-2.67930786810347,1.22667946377346,-27.7461568665675));
#2762=CARTESIAN_POINT('Ctrl Pts',(-2.2750801736231,2.10959267130943,-27.7989261040488));
#2763=CARTESIAN_POINT('Ctrl Pts',(-1.39156189020877,2.77306039563075,-27.8516953415301));
#2764=CARTESIAN_POINT('Ctrl Pts',(-0.430949348734529,2.91507706125122,-27.9044645790113));
#2765=CARTESIAN_POINT('Ctrl Pts',(0.529663192739658,3.05709372687168,-27.9572338164926));
#2766=CARTESIAN_POINT('Ctrl Pts',(1.56736999227372,2.67765933379136,-28.0100030539739));
#2767=CARTESIAN_POINT('Ctrl Pts',(2.20977207841765,1.94945990847037,-28.0627722914551));
#2768=CARTESIAN_POINT('Ctrl Pts',(2.67664372493523,1.42023425365737,-28.1011228219402));
#2769=CARTESIAN_POINT('Ctrl Pts',(2.93472373085028,0.706798239595628,-28.1394733524253));
#2770=CARTESIAN_POINT('Ctrl Pts',(2.94083946249938,-0.00262552114795444,
-28.1778238829104));
#2771=CARTESIAN_POINT('Origin',(0.,0.,-2.15141010809497));
#2772=CARTESIAN_POINT('',(2.3705762500919,-0.00221840133803629,-28.651410108095));
#2773=CARTESIAN_POINT('',(2.37525272622103,0.000140925384804064,-28.848589891905));
#2774=CARTESIAN_POINT('',(2.37175,7.21535477200114E-14,-2.15141010809497));
#2775=CARTESIAN_POINT('',(-1.37997116885473,-1.93356648067931,-29.));
#2776=CARTESIAN_POINT('Ctrl Pts',(2.3705762500919,-0.00221840133803636,
-28.651410108095));
#2777=CARTESIAN_POINT('Ctrl Pts',(2.37244834917546,-0.223943978667126,-28.6662744524734));
#2778=CARTESIAN_POINT('Ctrl Pts',(2.24243614466767,-1.23057445514338,-28.7339080343331));
#2779=CARTESIAN_POINT('Ctrl Pts',(0.86686779097629,-2.62731751580578,-28.8501046649681));
#2780=CARTESIAN_POINT('Ctrl Pts',(-0.790667233375923,-2.3490192251875,-28.9514369512247));
#2781=CARTESIAN_POINT('Ctrl Pts',(-1.37997116885473,-1.93356648067931,-29.));
#2782=CARTESIAN_POINT('',(1.377024790131,-1.93106208855766,-29.));
#2783=CARTESIAN_POINT('Origin',(0.,0.,-29.));
#2784=CARTESIAN_POINT('Ctrl Pts',(2.37525272622103,0.000140925384804242,
-28.848589891905));
#2785=CARTESIAN_POINT('Ctrl Pts',(2.37281661789486,-0.747252053818641,-28.8990599279367));
#2786=CARTESIAN_POINT('Ctrl Pts',(1.98938888825776,-1.49439019245276,-28.9495299639683));
#2787=CARTESIAN_POINT('Ctrl Pts',(1.377024790131,-1.93106208855766,-29.));
#2788=CARTESIAN_POINT('Origin',(0.,0.,-2.15141010809497));
#2789=CARTESIAN_POINT('',(2.36851595828613,0.00118940294147093,-27.651410108095));
#2790=CARTESIAN_POINT('',(2.3708144103273,-0.00211661447397038,-27.848589891905));
#2791=CARTESIAN_POINT('',(2.37175,7.21535477200114E-14,-2.15141010809497));
#2792=CARTESIAN_POINT('Ctrl Pts',(2.36851595828613,0.00118940294147076,
-27.651410108095));
#2793=CARTESIAN_POINT('Ctrl Pts',(2.3663562646863,-0.470945462321735,-27.6829923609192));
#2794=CARTESIAN_POINT('Ctrl Pts',(2.0012573300121,-1.73502299609562,-27.7673438512246));
#2795=CARTESIAN_POINT('Ctrl Pts',(-0.0537374099666795,-2.80001857638076,
-27.9044645790113));
#2796=CARTESIAN_POINT('Ctrl Pts',(-2.37735553456681,-1.48035523993556,-28.0627722914551));
#2797=CARTESIAN_POINT('Ctrl Pts',(-2.53645877890611,1.18722908721722,-28.2210800038989));
#2798=CARTESIAN_POINT('Ctrl Pts',(-0.386328008902329,2.77365236740905,-28.3793877163427));
#2799=CARTESIAN_POINT('Ctrl Pts',(1.88077814950248,1.92337862871987,-28.522831084408));
#2800=CARTESIAN_POINT('Ctrl Pts',(2.36580229479095,0.563193976958425,-28.6135052149921));
#2801=CARTESIAN_POINT('Ctrl Pts',(2.3705762500919,-0.00221840133803636,
-28.651410108095));
#2802=CARTESIAN_POINT('Ctrl Pts',(2.3708144103273,-0.00211661447397045,
-27.848589891905));
#2803=CARTESIAN_POINT('Ctrl Pts',(2.37266806829624,-0.217140602265546,-27.8630085989012));
#2804=CARTESIAN_POINT('Ctrl Pts',(2.24751062406617,-1.21697367593133,-27.9301965433786));
#2805=CARTESIAN_POINT('Ctrl Pts',(0.839232268873631,-2.67171994956129,-28.0501537253373));
#2806=CARTESIAN_POINT('Ctrl Pts',(-1.78344752418645,-2.15957043243498,-28.2084614377811));
#2807=CARTESIAN_POINT('Ctrl Pts',(-2.78220890775867,0.319704651717877,-28.3667691502249));
#2808=CARTESIAN_POINT('Ctrl Pts',(-1.24823765113679,2.50610210937571,-28.5250768626687));
#2809=CARTESIAN_POINT('Ctrl Pts',(1.4228333019019,2.41429349727878,-28.6833845751124));
#2810=CARTESIAN_POINT('Ctrl Pts',(2.35908403810529,0.849690764059317,-28.7912222515246));
#2811=CARTESIAN_POINT('Ctrl Pts',(2.37536370501628,0.0341889894703043,-28.8462906904554));
#2812=CARTESIAN_POINT('Ctrl Pts',(2.37525272622103,0.000140925384804242,
-28.848589891905));
#2813=CARTESIAN_POINT('Origin',(0.,0.,-2.15141010809497));
#2814=CARTESIAN_POINT('',(2.3748901714934,0.0011486804265536,-26.651410108095));
#2815=CARTESIAN_POINT('',(2.36841906294316,0.00109874606358806,-26.848589891905));
#2816=CARTESIAN_POINT('',(2.37175,7.21535477200114E-14,-2.15141010809497));
#2817=CARTESIAN_POINT('Ctrl Pts',(2.3748901714934,0.0011486804265536,-26.651410108095));
#2818=CARTESIAN_POINT('Ctrl Pts',(2.37059728601707,-0.715949153351216,-26.6997102693649));
#2819=CARTESIAN_POINT('Ctrl Pts',(1.6434247676571,-2.22404135276391,-26.8007796681162));
#2820=CARTESIAN_POINT('Ctrl Pts',(-0.918928706020887,-2.64549942070645,
-26.9546183043486));
#2821=CARTESIAN_POINT('Ctrl Pts',(-2.71907970613097,-0.670602362348235,
-27.1129260167924));
#2822=CARTESIAN_POINT('Ctrl Pts',(-2.04363839256886,1.91484854604397,-27.2712337292362));
#2823=CARTESIAN_POINT('Ctrl Pts',(0.492435588039279,2.75691686688723,-27.42954144168));
#2824=CARTESIAN_POINT('Ctrl Pts',(2.16367210381932,1.42171161117218,-27.5562669012996));
#2825=CARTESIAN_POINT('Ctrl Pts',(2.369964790813,0.317921531016218,-27.6302231234379));
#2826=CARTESIAN_POINT('Ctrl Pts',(2.36851595828613,0.00118940294147076,
-27.651410108095));
#2827=CARTESIAN_POINT('Ctrl Pts',(2.36841906294316,0.00109874606358796,
-26.848589891905));
#2828=CARTESIAN_POINT('Ctrl Pts',(2.36645909898406,-0.464420835298901,-26.879726507347));
#2829=CARTESIAN_POINT('Ctrl Pts',(2.00911357531955,-1.72166339637163,-26.9636323602702));
#2830=CARTESIAN_POINT('Ctrl Pts',(-0.0302217265173651,-2.80038760747925,
-27.1003074506746));
#2831=CARTESIAN_POINT('Ctrl Pts',(-2.36482482349334,-1.50024161500484,-27.2586151631184));
#2832=CARTESIAN_POINT('Ctrl Pts',(-2.54636502055698,1.16582149660734,-27.4169228755622));
#2833=CARTESIAN_POINT('Ctrl Pts',(-0.409569144940518,2.7704233747438,-27.5752305880059));
#2834=CARTESIAN_POINT('Ctrl Pts',(1.87154856070538,1.9363394961616,-27.7191195934536));
#2835=CARTESIAN_POINT('Ctrl Pts',(2.36588409539228,0.569799022692419,-27.8102393614199));
#2836=CARTESIAN_POINT('Ctrl Pts',(2.3708144103273,-0.00211661447397045,
-27.848589891905));
#2837=CARTESIAN_POINT('Origin',(0.,0.,-2.15141010809497));
#2838=CARTESIAN_POINT('',(2.37176918671338,-0.00213267428277084,-25.651410108095));
#2839=CARTESIAN_POINT('',(2.3747571938404,0.00124716565243748,-25.848589891905));
#2840=CARTESIAN_POINT('',(2.37175,7.21535477200114E-14,-2.15141010809497));
#2841=CARTESIAN_POINT('Ctrl Pts',(2.37176918671338,-0.00213267428277092,
-25.651410108095));
#2842=CARTESIAN_POINT('Ctrl Pts',(2.37342983483728,-0.184609432595439,-25.6636589403294));
#2843=CARTESIAN_POINT('Ctrl Pts',(2.27101864602885,-1.15137106833558,-25.7286770100451));
#2844=CARTESIAN_POINT('Ctrl Pts',(0.947756093572415,-2.63530982869975,-25.8464643172422));
#2845=CARTESIAN_POINT('Ctrl Pts',(-1.69361278631848,-2.2304204023411,-26.0047720296859));
#2846=CARTESIAN_POINT('Ctrl Pts',(-2.79302865608843,0.205159543188404,-26.1630797421297));
#2847=CARTESIAN_POINT('Ctrl Pts',(-1.3495261913579,2.45395164191548,-26.3213874545735));
#2848=CARTESIAN_POINT('Ctrl Pts',(1.32265495356018,2.46853864253736,-26.4796951670173));
#2849=CARTESIAN_POINT('Ctrl Pts',(2.34274111364352,0.916904178706932,-26.5897027181911));
#2850=CARTESIAN_POINT('Ctrl Pts',(2.37528737994686,0.0674996984325654,-26.6469410318837));
#2851=CARTESIAN_POINT('Ctrl Pts',(2.3748901714934,0.0011486804265536,-26.651410108095));
#2852=CARTESIAN_POINT('Ctrl Pts',(2.3747571938404,0.00124716565243732,-25.848589891905));
#2853=CARTESIAN_POINT('Ctrl Pts',(2.37020832120152,-0.70933961239498,-25.8964444157927));
#2854=CARTESIAN_POINT('Ctrl Pts',(1.65463672476094,-2.2114412852197,-25.9970681771617));
#2855=CARTESIAN_POINT('Ctrl Pts',(-0.896674341628849,-2.65312550338238,
-26.1504611760119));
#2856=CARTESIAN_POINT('Ctrl Pts',(-2.71335060493878,-0.693418275534565,
-26.3087688884557));
#2857=CARTESIAN_POINT('Ctrl Pts',(-2.05965151497729,1.89761335005581,-26.4670766008994));
#2858=CARTESIAN_POINT('Ctrl Pts',(0.469261119805766,2.76095849540161,-26.6253843133433));
#2859=CARTESIAN_POINT('Ctrl Pts',(2.15756855614036,1.4351873687886,-26.7525554103451));
#2860=CARTESIAN_POINT('Ctrl Pts',(2.36978077676261,0.324525329608076,-26.8269572698657));
#2861=CARTESIAN_POINT('Ctrl Pts',(2.36841906294316,0.00109874606358796,
-26.848589891905));
#2862=CARTESIAN_POINT('Origin',(0.,0.,-2.15141010809497));
#2863=CARTESIAN_POINT('',(2.36806353242086,0.00061758645473464,-24.651410108095));
#2864=CARTESIAN_POINT('',(2.37196878650483,-0.00212329857420979,-24.848589891905));
#2865=CARTESIAN_POINT('',(2.37175,7.21535477200114E-14,-2.15141010809497));
#2866=CARTESIAN_POINT('Ctrl Pts',(2.36806353242086,0.000617586454734614,
-24.651410108095));
#2867=CARTESIAN_POINT('Ctrl Pts',(2.36704777610279,-0.432622885095532,-24.6803768487752));
#2868=CARTESIAN_POINT('Ctrl Pts',(2.04618229671609,-1.65650594238425,-24.7621128269367));
#2869=CARTESIAN_POINT('Ctrl Pts',(0.0843103427407659,-2.79928406087904,
-24.8966180425794));
#2870=CARTESIAN_POINT('Ctrl Pts',(-2.3015016055442,-1.59567849073148,-25.0549257550232));
#2871=CARTESIAN_POINT('Ctrl Pts',(-2.59190698832601,1.06071563140264,-25.213233467467));
#2872=CARTESIAN_POINT('Ctrl Pts',(-0.522505665386456,2.75137916682295,-25.3715411799108));
#2873=CARTESIAN_POINT('Ctrl Pts',(1.82568711993831,2.00005223997041,-25.5176000601201));
#2874=CARTESIAN_POINT('Ctrl Pts',(2.36627559077992,0.601519335428864,-25.6108897028482));
#2875=CARTESIAN_POINT('Ctrl Pts',(2.37176918671338,-0.00213267428277092,
-25.651410108095));
#2876=CARTESIAN_POINT('Ctrl Pts',(2.37196878650483,-0.00212329857420968,
-24.848589891905));
#2877=CARTESIAN_POINT('Ctrl Pts',(2.37357485719117,-0.177923303876647,-24.8603930867572));
#2878=CARTESIAN_POINT('Ctrl Pts',(2.27565099408769,-1.13791021255516,-24.9249655190907));
#2879=CARTESIAN_POINT('Ctrl Pts',(0.96985921643023,-2.62725583930608,-25.0423071889055));
#2880=CARTESIAN_POINT('Ctrl Pts',(-1.67481764767918,-2.24456810604742,-25.2006149013491));
#2881=CARTESIAN_POINT('Ctrl Pts',(-2.79465356227316,0.18169097452228,-25.358922613793));
#2882=CARTESIAN_POINT('Ctrl Pts',(-1.37009176163447,2.4425291657755,-25.5172303262368));
#2883=CARTESIAN_POINT('Ctrl Pts',(1.30187271707315,2.47956196226757,-25.6755380386805));
#2884=CARTESIAN_POINT('Ctrl Pts',(2.33914156638342,0.930300077089484,-25.7859912272366));
#2885=CARTESIAN_POINT('Ctrl Pts',(2.37522436819253,0.0742252294541457,-25.8436751783115));
#2886=CARTESIAN_POINT('Ctrl Pts',(2.3747571938404,0.00124716565243732,-25.848589891905));
#2887=CARTESIAN_POINT('Origin',(0.,0.,-2.15141010809497));
#2888=CARTESIAN_POINT('',(2.37399591155656,0.00166258167961285,-23.651410108095));
#2889=CARTESIAN_POINT('',(2.36801597587045,0.000513254099332727,-23.848589891905));
#2890=CARTESIAN_POINT('',(2.37175,7.21535477200114E-14,-2.15141010809497));
#2891=CARTESIAN_POINT('Ctrl Pts',(2.37399591155656,0.00166258167961272,
-23.651410108095));
#2892=CARTESIAN_POINT('Ctrl Pts',(2.3685757503989,-0.677275070852235,-23.697094757221));
#2893=CARTESIAN_POINT('Ctrl Pts',(1.70787334826398,-2.1496524457264,-23.7955486438282));
#2894=CARTESIAN_POINT('Ctrl Pts',(-0.78743869716239,-2.68757135442565,-23.9467717679167));
#2895=CARTESIAN_POINT('Ctrl Pts',(-2.6827274869355,-0.803786487654713,-24.1050794803605));
#2896=CARTESIAN_POINT('Ctrl Pts',(-2.13552187366465,1.81180733357442,-24.2633871928043));
#2897=CARTESIAN_POINT('Ctrl Pts',(0.355973739032695,2.77783768138067,-24.4216949052481));
#2898=CARTESIAN_POINT('Ctrl Pts',(2.12678731201048,1.50078459973719,-24.5510358770117));
#2899=CARTESIAN_POINT('Ctrl Pts',(2.36889819783174,0.356619148798145,-24.6276076112939));
#2900=CARTESIAN_POINT('Ctrl Pts',(2.36806353242086,0.000617586454734614,
-24.651410108095));
#2901=CARTESIAN_POINT('Ctrl Pts',(2.36801597587045,0.000513254099332658,
-23.848589891905));
#2902=CARTESIAN_POINT('Ctrl Pts',(2.36718575896688,-0.426083518433756,-23.877110995203));
#2903=CARTESIAN_POINT('Ctrl Pts',(2.05355682573311,-1.64310037676691,-23.9584013359822));
#2904=CARTESIAN_POINT('Ctrl Pts',(0.107821269226657,-2.79847721373029,-24.0924609142427));
#2905=CARTESIAN_POINT('Ctrl Pts',(-2.28801685511625,-1.6149548019674,-24.2507686266865));
#2906=CARTESIAN_POINT('Ctrl Pts',(-2.60072563073729,1.03890631693528,-24.4090763391303));
#2907=CARTESIAN_POINT('Ctrl Pts',(-0.545598751056987,2.74689318050664,-24.5673840515741));
#2908=CARTESIAN_POINT('Ctrl Pts',(1.81600593833212,2.01308537948639,-24.7138885691657));
#2909=CARTESIAN_POINT('Ctrl Pts',(2.36639450250581,0.608036120260369,-24.807623849276));
#2910=CARTESIAN_POINT('Ctrl Pts',(2.37196878650483,-0.00212329857420968,
-24.848589891905));
#2911=CARTESIAN_POINT('Origin',(0.,0.,-2.15141010809497));
#2912=CARTESIAN_POINT('',(2.37293519016917,-0.00199231632350672,-22.651410108095));
#2913=CARTESIAN_POINT('',(2.37382070333105,0.00173328698943001,-22.848589891905));
#2914=CARTESIAN_POINT('',(2.37175,7.21535477200114E-14,-2.15141010809497));
#2915=CARTESIAN_POINT('Ctrl Pts',(2.37293519016917,-0.00199231632350668,
-22.651410108095));
#2916=CARTESIAN_POINT('Ctrl Pts',(2.3742205849617,-0.145323229091628,-22.6610434281855));
#2917=CARTESIAN_POINT('Ctrl Pts',(2.29727629410238,-1.07241284203085,-22.7234459857572));
#2918=CARTESIAN_POINT('Ctrl Pts',(1.07647593688507,-2.58540113796968,-22.8386177808103));
#2919=CARTESIAN_POINT('Ctrl Pts',(-1.58163699117615,-2.31117370940635,-22.996925493254));
#2920=CARTESIAN_POINT('Ctrl Pts',(-2.79974547696173,0.0672662704460068,
-23.1552332056979));
#2921=CARTESIAN_POINT('Ctrl Pts',(-1.46882030549353,2.38446354492513,-23.3135409181415));
#2922=CARTESIAN_POINT('Ctrl Pts',(1.19939513966928,2.53072139633085,-23.4718486305854));
#2923=CARTESIAN_POINT('Ctrl Pts',(2.32075021272815,0.995592072555597,-23.5844716939032));
#2924=CARTESIAN_POINT('Ctrl Pts',(2.37483644795896,0.106949453289743,-23.6443255197397));
#2925=CARTESIAN_POINT('Ctrl Pts',(2.37399591155656,0.00166258167961272,
-23.651410108095));
#2926=CARTESIAN_POINT('Ctrl Pts',(2.37382070333105,0.00173328698942999,
-22.848589891905));
#2927=CARTESIAN_POINT('Ctrl Pts',(2.36829245899662,-0.67071120058444,-22.8938289036488));
#2928=CARTESIAN_POINT('Ctrl Pts',(1.71853035090194,-2.13687751139535,-22.9918371528738));
#2929=CARTESIAN_POINT('Ctrl Pts',(-0.764835434679098,-2.69409110826911,
-23.14261463958));
#2930=CARTESIAN_POINT('Ctrl Pts',(-2.67588117032664,-0.826292989250154,
-23.3009223520238));
#2931=CARTESIAN_POINT('Ctrl Pts',(-2.15066574505761,1.79380517192559,-23.4592300644676));
#2932=CARTESIAN_POINT('Ctrl Pts',(0.332627446482421,2.78072996237515,-23.6175377769114));
#2933=CARTESIAN_POINT('Ctrl Pts',(2.12024381211745,1.51424804763411,-23.7473243860572));
#2934=CARTESIAN_POINT('Ctrl Pts',(2.36872181149919,0.363198234216496,-23.8243417577217));
#2935=CARTESIAN_POINT('Ctrl Pts',(2.36801597587045,0.000513254099332658,
-23.848589891905));
#2936=CARTESIAN_POINT('Origin',(0.,0.,-2.15141010809497));
#2937=CARTESIAN_POINT('',(2.36791190345547,-8.09811943287164E-6,-21.651410108095));
#2938=CARTESIAN_POINT('',(2.37312917915623,-0.00194804391305314,-21.848589891905));
#2939=CARTESIAN_POINT('',(2.37175,7.21535477200114E-14,-2.15141010809497));
#2940=CARTESIAN_POINT('Ctrl Pts',(2.36791190345547,-8.09811943329464E-6,
-21.651410108095));
#2941=CARTESIAN_POINT('Ctrl Pts',(2.36792397593856,-0.394192757279547,-21.6777613366313));
#2942=CARTESIAN_POINT('Ctrl Pts',(2.08832280727737,-1.57772958791958,-21.7568818026488));
#2943=CARTESIAN_POINT('Ctrl Pts',(0.222160182116349,-2.79172784138956,-21.8887715061475));
#2944=CARTESIAN_POINT('Ctrl Pts',(-2.2200680757787,-1.70716057411592,-22.0470792185913));
#2945=CARTESIAN_POINT('Ctrl Pts',(-2.64103108184236,0.931694323074931,-22.2053869310351));
#2946=CARTESIAN_POINT('Ctrl Pts',(-0.657462257114266,2.722286330895,-22.3636946434789));
#2947=CARTESIAN_POINT('Ctrl Pts',(1.76756529097734,2.07622865564014,-22.5123690358322));
#2948=CARTESIAN_POINT('Ctrl Pts',(2.36717947115803,0.639812415028903,-22.6082741907042));
#2949=CARTESIAN_POINT('Ctrl Pts',(2.37293519016917,-0.00199231632350668,
-22.651410108095));
#2950=CARTESIAN_POINT('Ctrl Pts',(2.37312917915623,-0.001948043913053,-21.848589891905));
#2951=CARTESIAN_POINT('Ctrl Pts',(2.3743400728988,-0.13861958199044,-21.8577775746133));
#2952=CARTESIAN_POINT('Ctrl Pts',(2.30152924086469,-1.05897172310399,-21.9197344948028));
#2953=CARTESIAN_POINT('Ctrl Pts',(1.09815529103341,-2.5762676682692,-22.0344606524735));
#2954=CARTESIAN_POINT('Ctrl Pts',(-1.56216747054774,-2.32437796749075,-22.1927683649173));
#2955=CARTESIAN_POINT('Ctrl Pts',(-2.80021185237607,0.0437461267594446,
-22.3510760773611));
#2956=CARTESIAN_POINT('Ctrl Pts',(-1.48879796455706,2.37204147571761,-22.5093837898049));
#2957=CARTESIAN_POINT('Ctrl Pts',(1.17809489509526,2.54070709841662,-22.6676915022487));
#2958=CARTESIAN_POINT('Ctrl Pts',(2.31679344053413,1.00901436086257,-22.7807602029487));
#2959=CARTESIAN_POINT('Ctrl Pts',(2.37474090309152,0.11366452934449,-22.8410596661675));
#2960=CARTESIAN_POINT('Ctrl Pts',(2.37382070333105,0.00173328698942999,
-22.848589891905));
#2961=CARTESIAN_POINT('Origin',(0.,0.,-2.15141010809497));
#2962=CARTESIAN_POINT('',(2.3729059250631,0.00199844689057056,-20.651410108095));
#2963=CARTESIAN_POINT('',(2.36791722307137,-0.000116123300538673,-20.848589891905));
#2964=CARTESIAN_POINT('',(2.37175,7.21535477200114E-14,-2.15141010809497));
#2965=CARTESIAN_POINT('Ctrl Pts',(2.3729059250631,0.00199844689057047,-20.651410108095));
#2966=CARTESIAN_POINT('Ctrl Pts',(2.36714998629179,-0.638833106670238,-20.694479245077));
#2967=CARTESIAN_POINT('Ctrl Pts',(1.76908851830459,-2.0742935956856,-20.7903176195403));
#2968=CARTESIAN_POINT('Ctrl Pts',(-0.654034974691958,-2.72311177493457,
-20.9389252314849));
#2969=CARTESIAN_POINT('Ctrl Pts',(-2.63985619059895,-0.935018063923841,
-21.0972329439286));
#2970=CARTESIAN_POINT('Ctrl Pts',(-2.22221525770765,1.70436464270966,-21.2555406563724));
#2971=CARTESIAN_POINT('Ctrl Pts',(0.218645832934196,2.79200528055518,-21.4138483688162));
#2972=CARTESIAN_POINT('Ctrl Pts',(2.08728081416143,1.57974357819905,-21.5458048527237));
#2973=CARTESIAN_POINT('Ctrl Pts',(2.36789980037777,0.395175520638488,-21.62499209915));
#2974=CARTESIAN_POINT('Ctrl Pts',(2.36791190345547,-8.09811943329464E-6,
-21.651410108095));
#2975=CARTESIAN_POINT('Ctrl Pts',(2.36791722307137,-0.000116123300538638,
-20.848589891905));
#2976=CARTESIAN_POINT('Ctrl Pts',(2.3680874304877,-0.38763243275112,-20.874495483059));
#2977=CARTESIAN_POINT('Ctrl Pts',(2.0952312647057,-1.56428690213498,-20.9531703116943));
#2978=CARTESIAN_POINT('Ctrl Pts',(0.245602778933417,-2.78976332630101,-21.0846143778108));
#2979=CARTESIAN_POINT('Ctrl Pts',(-2.20564974893179,-1.72574891766765,-21.2429220902546));
#2980=CARTESIAN_POINT('Ctrl Pts',(-2.64876421838963,0.909476914040525,-21.4012298026984));
#2981=CARTESIAN_POINT('Ctrl Pts',(-0.680306208004784,2.71666773918786,-21.5595375151421));
#2982=CARTESIAN_POINT('Ctrl Pts',(1.75734754981834,2.08912761396159,-21.7086575448777));
#2983=CARTESIAN_POINT('Ctrl Pts',(2.36738533343997,0.646350151810997,-21.805008337132));
#2984=CARTESIAN_POINT('Ctrl Pts',(2.37312917915623,-0.001948043913053,-21.848589891905));
#2985=CARTESIAN_POINT('Origin',(0.,0.,-2.15141010809497));
#2986=CARTESIAN_POINT('',(2.37402170958267,-0.00165153231820861,-19.651410108095));
#2987=CARTESIAN_POINT('',(2.3727095631797,0.00203597005681851,-19.848589891905));
#2988=CARTESIAN_POINT('',(2.37175,7.21535477200114E-14,-2.15141010809497));
#2989=CARTESIAN_POINT('Ctrl Pts',(2.37402170958267,-0.00165153231820873,
-19.651410108095));
#2990=CARTESIAN_POINT('Ctrl Pts',(2.37485032320608,-0.105942992356535,-19.6584279160415));
#2991=CARTESIAN_POINT('Ctrl Pts',(2.32133783943024,-0.993581067037693,-19.7182149614693));
#2992=CARTESIAN_POINT('Ctrl Pts',(1.20257981272324,-2.52920961585593,-19.8307712443784));
#2993=CARTESIAN_POINT('Ctrl Pts',(-1.46581762506937,-2.38631057847538,-19.9890789568221));
#2994=CARTESIAN_POINT('Ctrl Pts',(-2.79965858533797,-0.0707904827707303,
-20.1473866692659));
#2995=CARTESIAN_POINT('Ctrl Pts',(-1.58454499899876,2.30918094419981,-20.3056943817097));
#2996=CARTESIAN_POINT('Ctrl Pts',(1.07322063093417,2.58675413679862,-20.4640020941535));
#2997=CARTESIAN_POINT('Ctrl Pts',(2.296633505536,1.07442737067177,-20.5792406696152));
#2998=CARTESIAN_POINT('Ctrl Pts',(2.37420228687719,0.146327563009487,-20.6417100075957));
#2999=CARTESIAN_POINT('Ctrl Pts',(2.3729059250631,0.00199844689057047,-20.651410108095));
#3000=CARTESIAN_POINT('Ctrl Pts',(2.3727095631797,0.00203597005681868,-19.848589891905));
#3001=CARTESIAN_POINT('Ctrl Pts',(2.36696220570783,-0.632300496550672,-19.8912133915048));
#3002=CARTESIAN_POINT('Ctrl Pts',(1.77920043143479,-2.06136682632855,-19.9866061285858));
#3003=CARTESIAN_POINT('Ctrl Pts',(-0.631137874763965,-2.72850968934185,
-20.1347681031481));
#3004=CARTESIAN_POINT('Ctrl Pts',(-2.63190904363015,-0.957159823567494,
-20.2930758155919));
#3005=CARTESIAN_POINT('Ctrl Pts',(-2.23645355894905,1.68563804550622,-20.4513835280357));
#3006=CARTESIAN_POINT('Ctrl Pts',(0.195185372247637,2.79374351225277,-20.6096912404795));
#3007=CARTESIAN_POINT('Ctrl Pts',(2.08028230063865,1.59318016204425,-20.7420933617692));
#3008=CARTESIAN_POINT('Ctrl Pts',(2.36774072094845,0.401731532722449,-20.8217262455778));
#3009=CARTESIAN_POINT('Ctrl Pts',(2.36791722307137,-0.000116123300538638,
-20.848589891905));
#3010=CARTESIAN_POINT('Origin',(0.,0.,-2.15141010809497));
#3011=CARTESIAN_POINT('',(2.36807143373425,-0.000633095059088242,-18.651410108095));
#3012=CARTESIAN_POINT('',(2.37419055622366,-0.00157483743288112,-18.848589891905));
#3013=CARTESIAN_POINT('',(2.37175,7.21535477200114E-14,-2.15141010809497));
#3014=CARTESIAN_POINT('Ctrl Pts',(2.36807143373425,-0.000633095059088089,
-18.651410108095));
#3015=CARTESIAN_POINT('Ctrl Pts',(2.36892482153509,-0.355632897555401,-18.6751458244873));
#3016=CARTESIAN_POINT('Ctrl Pts',(2.12776132262091,-1.49876676119774,-18.7516507783608));
#3017=CARTESIAN_POINT('Ctrl Pts',(0.359470145509603,-2.77738738770716,-18.8809249697157));
#3018=CARTESIAN_POINT('Ctrl Pts',(-2.13323951363005,-1.81449405190399,-19.0392326821594));
#3019=CARTESIAN_POINT('Ctrl Pts',(-2.68373715243712,0.800408885218188,-19.1975403946032));
#3020=CARTESIAN_POINT('Ctrl Pts',(-0.790821136297017,2.68657801250837,-19.355848107047));
#3021=CARTESIAN_POINT('Ctrl Pts',(1.70626828664756,2.15156442197641,-19.5071380115443));
#3022=CARTESIAN_POINT('Ctrl Pts',(2.36861970113616,0.678259263385168,-19.6056586785603));
#3023=CARTESIAN_POINT('Ctrl Pts',(2.37402170958267,-0.00165153231820873,
-19.651410108095));
#3024=CARTESIAN_POINT('Ctrl Pts',(2.37419055622366,-0.00157483743288096,
-18.848589891905));
#3025=CARTESIAN_POINT('Ctrl Pts',(2.37493992277604,-0.0992255367410014,
-18.8551620624693));
#3026=CARTESIAN_POINT('Ctrl Pts',(2.32522388348047,-0.980163805735755,-18.9145034705148));
#3027=CARTESIAN_POINT('Ctrl Pts',(1.22378271614114,-2.51901885770395,-19.0266141160416));
#3028=CARTESIAN_POINT('Ctrl Pts',(-1.44572103843391,-2.39853930983495,-19.1849218284854));
#3029=CARTESIAN_POINT('Ctrl Pts',(-2.79896529146053,-0.0943050316428675,
-19.3432295409292));
#3030=CARTESIAN_POINT('Ctrl Pts',(-1.60388620862421,2.2957894440865,-19.501537253373));
#3031=CARTESIAN_POINT('Ctrl Pts',(1.05145415932905,2.59567800249252,-19.6598449658168));
#3032=CARTESIAN_POINT('Ctrl Pts',(2.29230742002688,1.08787280837233,-19.7755291786608));
#3033=CARTESIAN_POINT('Ctrl Pts',(2.37407761561482,0.153028065480817,-19.8384441540235));
#3034=CARTESIAN_POINT('Ctrl Pts',(2.3727095631797,0.00203597005681868,-19.848589891905));
#3035=CARTESIAN_POINT('Origin',(0.,0.,-2.15141010809497));
#3036=CARTESIAN_POINT('',(2.37173935004195,0.00213356642290095,-17.651410108095));
#3037=CARTESIAN_POINT('',(2.36812928947218,-0.000735639200115379,-17.848589891905));
#3038=CARTESIAN_POINT('',(2.37175,7.21535477200114E-14,-2.15141010809497));
#3039=CARTESIAN_POINT('Ctrl Pts',(2.37173935004195,0.0021335664229012,-17.651410108095));
#3040=CARTESIAN_POINT('Ctrl Pts',(2.36625897652746,-0.600542988816145,-17.691863732933));
#3041=CARTESIAN_POINT('Ctrl Pts',(1.82713010380139,-1.998097386309,-17.7850865952524));
#3042=CARTESIAN_POINT('Ctrl Pts',(-0.519041868604881,-2.75203470645678,
-17.931078695053));
#3043=CARTESIAN_POINT('Ctrl Pts',(-2.59056972635174,-1.06397743388543,-18.0893864074967));
#3044=CARTESIAN_POINT('Ctrl Pts',(-2.30350839151972,1.59278014085616,-18.2476941199405));
#3045=CARTESIAN_POINT('Ctrl Pts',(0.0807865911803321,2.79938797125246,-18.4060018323843));
#3046=CARTESIAN_POINT('Ctrl Pts',(2.04507025983873,1.65851417421965,-18.5405738284358));
#3047=CARTESIAN_POINT('Ctrl Pts',(2.36702757003521,0.433602555637371,-18.622376587006));
#3048=CARTESIAN_POINT('Ctrl Pts',(2.36807143373425,-0.000633095059088089,
-18.651410108095));
#3049=CARTESIAN_POINT('Ctrl Pts',(2.36812928947218,-0.000735639200115275,
-17.848589891905));
#3050=CARTESIAN_POINT('Ctrl Pts',(2.36910365032892,-0.349049111538263,-17.8718799709151));
#3051=CARTESIAN_POINT('Ctrl Pts',(2.13421747618027,-1.48529956195467,-17.9479392874064));
#3052=CARTESIAN_POINT('Ctrl Pts',(0.382787444358399,-2.77426997861338,-18.0767678413789));
#3053=CARTESIAN_POINT('Ctrl Pts',(-2.11792264868726,-1.8323492560021,-18.2350755538227));
#3054=CARTESIAN_POINT('Ctrl Pts',(-2.69036599056282,0.777837372859379,-18.3933832662665));
#3055=CARTESIAN_POINT('Ctrl Pts',(-0.813360439063308,2.67984046875195,-18.5516909787103));
#3056=CARTESIAN_POINT('Ctrl Pts',(1.69550345664494,2.16430711559572,-18.7034265205898));
#3057=CARTESIAN_POINT('Ctrl Pts',(2.36892311277747,0.684830946822295,-18.802392824988));
#3058=CARTESIAN_POINT('Ctrl Pts',(2.37419055622366,-0.00157483743288096,
-18.848589891905));
#3059=CARTESIAN_POINT('Origin',(0.,0.,-2.15141010809497));
#3060=CARTESIAN_POINT('',(2.37490931012986,-0.00113355498443465,-16.651410108095));
#3061=CARTESIAN_POINT('',(2.37154094629911,0.00213610051189202,-16.848589891905));
#3062=CARTESIAN_POINT('',(2.37175,7.21535477200114E-14,-2.15141010809497));
#3063=CARTESIAN_POINT('Ctrl Pts',(2.37490931012986,-0.00113355498443461,
-16.651410108095));
#3064=CARTESIAN_POINT('Ctrl Pts',(2.37529632962909,-0.0664917076600451,
-16.6558124038976));
#3065=CARTESIAN_POINT('Ctrl Pts',(2.34327535773933,-0.914897100678973,-16.7129839371814));
#3066=CARTESIAN_POINT('Ctrl Pts',(1.32576127504109,-2.46687181031138,-16.8229247079465));
#3067=CARTESIAN_POINT('Ctrl Pts',(-1.34643614591154,-2.45564842595401,-16.9812324203903));
#3068=CARTESIAN_POINT('Ctrl Pts',(-2.7927681867739,-0.208675206603757,-17.139540132834));
#3069=CARTESIAN_POINT('Ctrl Pts',(-1.69641905766082,2.22828675616778,-17.2978478452778));
#3070=CARTESIAN_POINT('Ctrl Pts',(0.944438067042292,2.63650075373193,-17.4561555577216));
#3071=CARTESIAN_POINT('Ctrl Pts',(2.2703188150905,1.1533884858772,-17.5740096453273));
#3072=CARTESIAN_POINT('Ctrl Pts',(2.37340778291082,0.185611092433809,-17.6390944954518));
#3073=CARTESIAN_POINT('Ctrl Pts',(2.37173935004195,0.0021335664229012,-17.651410108095));
#3074=CARTESIAN_POINT('Ctrl Pts',(2.37154094629911,0.00213610051189193,
-16.848589891905));
#3075=CARTESIAN_POINT('Ctrl Pts',(2.36615601998744,-0.594028984607217,-16.8885978793608));
#3076=CARTESIAN_POINT('Ctrl Pts',(1.8367076232216,-1.9850405931319,-16.9813751042979));
#3077=CARTESIAN_POINT('Ctrl Pts',(-0.495906573937134,-2.75629766384545,
-17.1269215667162));
#3078=CARTESIAN_POINT('Ctrl Pts',(-2.58154106154666,-1.0857006444423,-17.28522927916));
#3079=CARTESIAN_POINT('Ctrl Pts',(-2.31680652182361,1.57337461598614,-17.4435369916038));
#3080=CARTESIAN_POINT('Ctrl Pts',(0.0572689740932487,2.79996792953066,-17.6018447040476));
#3081=CARTESIAN_POINT('Ctrl Pts',(2.03760299167278,1.67191100640645,-17.7368623374813));
#3082=CARTESIAN_POINT('Ctrl Pts',(2.36689600305475,0.44013826441749,-17.8191107334338));
#3083=CARTESIAN_POINT('Ctrl Pts',(2.36812928947218,-0.000735639200115275,
-17.848589891905));
#3084=CARTESIAN_POINT('Origin',(0.,0.,-2.15141010809497));
#3085=CARTESIAN_POINT('',(2.36853169256319,-0.00120412577642079,-15.651410108095));
#3086=CARTESIAN_POINT('',(2.37503159582321,-0.0010305729314955,-15.848589891905));
#3087=CARTESIAN_POINT('',(2.37175,7.21535477200114E-14,-2.15141010809497));
#3088=CARTESIAN_POINT('Ctrl Pts',(2.36853169256319,-0.00120412577642077,
-15.651410108095));
#3089=CARTESIAN_POINT('Ctrl Pts',(2.36999251751644,-0.31693182340778,-15.6725303123433));
#3090=CARTESIAN_POINT('Ctrl Pts',(2.16457887759929,-1.4196879807931,-15.7464197540729));
#3091=CARTESIAN_POINT('Ctrl Pts',(0.495906553233419,-2.7562975487722,-15.8730784332838));
#3092=CARTESIAN_POINT('Ctrl Pts',(-2.04122692300298,-1.91741809100553,-16.0313861457275));
#3093=CARTESIAN_POINT('Ctrl Pts',(-2.71992141910974,0.66717835754436,-16.1896938581713));
#3094=CARTESIAN_POINT('Ctrl Pts',(-0.922258225045219,2.6443409865681,-16.3480015706151));
#3095=CARTESIAN_POINT('Ctrl Pts',(1.64173648555737,2.22592656181919,-16.5019069872564));
#3096=CARTESIAN_POINT('Ctrl Pts',(2.37065722204054,0.716940400165032,-16.6030431664163));
#3097=CARTESIAN_POINT('Ctrl Pts',(2.37490931012986,-0.00113355498443461,
-16.651410108095));
#3098=CARTESIAN_POINT('Ctrl Pts',(2.37503159582321,-0.00103057293149572,
-15.848589891905));
#3099=CARTESIAN_POINT('Ctrl Pts',(2.37535285922545,-0.0597646226960288,
-15.8525465503253));
#3100=CARTESIAN_POINT('Ctrl Pts',(2.34680645507693,-0.901506668713192,-15.9092724462269));
#3101=CARTESIAN_POINT('Ctrl Pts',(1.34643620212419,-2.45564852847538,-16.0187675796097));
#3102=CARTESIAN_POINT('Ctrl Pts',(-1.32576133039058,-2.46687191330132,-16.1770752920535));
#3103=CARTESIAN_POINT('Ctrl Pts',(-2.79091690839218,-0.232127017480828,
-16.3353830044973));
#3104=CARTESIAN_POINT('Ctrl Pts',(-1.7150768163835,2.213958368104,-16.4936907169411));
#3105=CARTESIAN_POINT('Ctrl Pts',(0.92225826354874,2.64434109696726,-16.6519984293849));
#3106=CARTESIAN_POINT('Ctrl Pts',(2.26561082088467,1.16685272053631,-16.7702981543729));
#3107=CARTESIAN_POINT('Ctrl Pts',(2.37325856309021,0.192293421373265,-16.8358286418796));
#3108=CARTESIAN_POINT('Ctrl Pts',(2.37154094629911,0.00213610051189193,
-16.848589891905));
#3109=CARTESIAN_POINT('Origin',(0.,0.,-2.15141010809497));
#3110=CARTESIAN_POINT('',(2.37060276077044,0.00206517201793919,-14.651410108095));
#3111=CARTESIAN_POINT('',(2.3686382875723,-0.00129235877295047,-14.848589891905));
#3112=CARTESIAN_POINT('',(2.37175,7.21535477200114E-14,-2.15141010809497));
#3113=CARTESIAN_POINT('Ctrl Pts',(2.37060276077044,0.00206517201793929,
-14.651410108095));
#3114=CARTESIAN_POINT('Ctrl Pts',(2.36583907972808,-0.562334665171229,-14.6892482207891));
#3115=CARTESIAN_POINT('Ctrl Pts',(1.88206283921648,-1.92118840940946,-14.7798555709644));
#3116=CARTESIAN_POINT('Ctrl Pts',(-0.382787428377319,-2.77426986278981,
-14.9232321586211));
#3117=CARTESIAN_POINT('Ctrl Pts',(-2.53498786622845,-1.19035121077018,-15.0815398710649));
#3118=CARTESIAN_POINT('Ctrl Pts',(-2.37920372301018,1.47732499177466,-15.2398475835086));
#3119=CARTESIAN_POINT('Ctrl Pts',(-0.0572689717023231,2.79996781263424,
-15.3981552959524));
#3120=CARTESIAN_POINT('Ctrl Pts',(2.00007544271414,1.73701724230841,-15.5353428041479));
#3121=CARTESIAN_POINT('Ctrl Pts',(2.36634261820817,0.471919915894619,-15.6197610748621));
#3122=CARTESIAN_POINT('Ctrl Pts',(2.36853169256319,-0.00120412577642077,
-15.651410108095));
#3123=CARTESIAN_POINT('Ctrl Pts',(2.3686382875723,-0.00129235877295047,
-14.848589891905));
#3124=CARTESIAN_POINT('Ctrl Pts',(2.37017725019061,-0.31032337108665,-14.8692644587711));
#3125=CARTESIAN_POINT('Ctrl Pts',(2.17059656842855,-1.40620745288034,-14.9427082631184));
#3126=CARTESIAN_POINT('Ctrl Pts',(0.519041890274478,-2.75203482135205,-15.068921304947));
#3127=CARTESIAN_POINT('Ctrl Pts',(-2.02504874178752,-1.93449676535751,-15.2272290173908));
#3128=CARTESIAN_POINT('Ctrl Pts',(-2.72542984994032,0.644307593349752,-15.3855367298346));
#3129=CARTESIAN_POINT('Ctrl Pts',(-0.944438106471854,2.63650086380373,-15.5438444422784));
#3130=CARTESIAN_POINT('Ctrl Pts',(1.63041495310883,2.23848953227068,-15.6981954963018));
#3131=CARTESIAN_POINT('Ctrl Pts',(2.37106822735532,0.723560772377505,-15.7997773128441));
#3132=CARTESIAN_POINT('Ctrl Pts',(2.37503159582321,-0.00103057293149572,
-15.848589891905));
#3133=CARTESIAN_POINT('Origin',(0.,0.,-2.15141010809497));
#3134=CARTESIAN_POINT('',(2.37546858449152,-0.000484103832925794,-13.651410108095));
#3135=CARTESIAN_POINT('',(2.37041905628118,0.0020340374711518,-13.848589891905));
#3136=CARTESIAN_POINT('',(2.37175,7.21535477200114E-14,-2.15141010809497));
#3137=CARTESIAN_POINT('Ctrl Pts',(2.37546858449152,-0.000484103832925791,
-13.651410108095));
#3138=CARTESIAN_POINT('Ctrl Pts',(2.37554285975774,-0.0269947546267335,
-13.6531968917536));
#3139=CARTESIAN_POINT('Ctrl Pts',(2.36315753961877,-0.83637571375468,-13.7077529128935));
#3140=CARTESIAN_POINT('Ctrl Pts',(1.4457209780762,-2.39853920969784,-13.8150781715146));
#3141=CARTESIAN_POINT('Ctrl Pts',(-1.22378266504917,-2.51901875253692,-13.9733858839584));
#3142=CARTESIAN_POINT('Ctrl Pts',(-2.77909102576644,-0.346052824597583,
-14.1316935964021));
#3143=CARTESIAN_POINT('Ctrl Pts',(-1.80417061406745,2.1419775634313,-14.2900013088459));
#3144=CARTESIAN_POINT('Ctrl Pts',(0.813360405106165,2.67984035687075,-14.4483090212897));
#3145=CARTESIAN_POINT('Ctrl Pts',(2.24173110534579,1.23244693186588,-14.5687786210394));
#3146=CARTESIAN_POINT('Ctrl Pts',(2.37248253518373,0.224780413315846,-14.6364789833078));
#3147=CARTESIAN_POINT('Ctrl Pts',(2.37060276077044,0.00206517201793929,
-14.651410108095));
#3148=CARTESIAN_POINT('Ctrl Pts',(2.37041905628118,0.00203403747115211,
-13.848589891905));
#3149=CARTESIAN_POINT('Ctrl Pts',(2.36580991692287,-0.555828340100493,-13.8859823672169));
#3150=CARTESIAN_POINT('Ctrl Pts',(1.89111744329315,-1.90802199315928,-13.97614408001));
#3151=CARTESIAN_POINT('Ctrl Pts',(-0.359470160517206,-2.77738750366089,
-14.1190750302843));
#3152=CARTESIAN_POINT('Ctrl Pts',(-2.52489962432803,-1.21160308222704,-14.2773827427281));
#3153=CARTESIAN_POINT('Ctrl Pts',(-2.39152936632121,1.45728769699644,-14.4356904551719));
#3154=CARTESIAN_POINT('Ctrl Pts',(-0.0807865945531415,2.7993880881247,-14.5939981676157));
#3155=CARTESIAN_POINT('Ctrl Pts',(1.99212588133791,1.75035999248869,-14.7316313131934));
#3156=CARTESIAN_POINT('Ctrl Pts',(2.36624924123126,0.478439507646931,-14.8164952212898));
#3157=CARTESIAN_POINT('Ctrl Pts',(2.3686382875723,-0.00129235877295047,
-14.848589891905));
#3158=CARTESIAN_POINT('Origin',(0.,0.,-2.15141010809497));
#3159=CARTESIAN_POINT('',(2.36926210767575,-0.00167132317580958,-12.651410108095));
#3160=CARTESIAN_POINT('',(2.3755214669741,-0.000365032140292043,-12.848589891905));
#3161=CARTESIAN_POINT('',(2.37175,7.21535477200114E-14,-2.15141010809497));
#3162=CARTESIAN_POINT('Ctrl Pts',(2.36926210767575,-0.00167132317580948,
-12.651410108095));
#3163=CARTESIAN_POINT('Ctrl Pts',(2.37107324150442,-0.278085413958034,-12.6699148001994));
#3164=CARTESIAN_POINT('Ctrl Pts',(2.19885668011083,-1.34055547787395,-12.741188729785));
#3165=CARTESIAN_POINT('Ctrl Pts',(0.631137848414467,-2.72850957542873,-12.8652318968519));
#3166=CARTESIAN_POINT('Ctrl Pts',(-1.94425390555456,-2.01568257363191,-13.0235396092957));
#3167=CARTESIAN_POINT('Ctrl Pts',(-2.7494959497421,0.532326506252827,-13.1818473217395));
#3168=CARTESIAN_POINT('Ctrl Pts',(-1.05145411543167,2.59567789412504,-13.3401550341832));
#3169=CARTESIAN_POINT('Ctrl Pts',(1.5739159114946,2.2991741230231,-13.4966759629684));
#3170=CARTESIAN_POINT('Ctrl Pts',(2.37334928184825,0.755946605276601,-13.6004276542723));
#3171=CARTESIAN_POINT('Ctrl Pts',(2.37546858449152,-0.000484103832925791,
-13.651410108095));
#3172=CARTESIAN_POINT('Ctrl Pts',(2.37552146697411,-0.000365032140291937,
-12.848589891905));
#3173=CARTESIAN_POINT('Ctrl Pts',(2.3755643465736,-0.0202625397593523,-12.8499310381814));
#3174=CARTESIAN_POINT('Ctrl Pts',(2.36634502241094,-0.823013999047445,-12.904041421939));
#3175=CARTESIAN_POINT('Ctrl Pts',(1.46581768626611,-2.38631067810195,-13.0109210431778));
#3176=CARTESIAN_POINT('Ctrl Pts',(-1.20257986292998,-2.52920972144843,-13.1692287556216));
#3177=CARTESIAN_POINT('Ctrl Pts',(-2.77608626170945,-0.369384906759755,
-13.3275364680654));
#3178=CARTESIAN_POINT('Ctrl Pts',(-1.82209958129065,2.1267471071226,-13.4858441805092));
#3179=CARTESIAN_POINT('Ctrl Pts',(0.790821169313129,2.68657812467089,-13.644151892953));
#3180=CARTESIAN_POINT('Ctrl Pts',(2.23662816749947,1.24592439215091,-13.7650671300849));
#3181=CARTESIAN_POINT('Ctrl Pts',(2.37231445473039,0.231441612969875,-13.8332131297356));
#3182=CARTESIAN_POINT('Ctrl Pts',(2.37041905628118,0.00203403747115211,
-13.848589891905));
#3183=CARTESIAN_POINT('Origin',(0.,0.,-2.15141010809497));
#3184=CARTESIAN_POINT('',(2.36958795950976,0.00180768170958046,-11.651410108095));
#3185=CARTESIAN_POINT('',(2.36941026164455,-0.00173732984710601,-11.848589891905));
#3186=CARTESIAN_POINT('',(2.37175,7.21535477200114E-14,-2.15141010809497));
#3187=CARTESIAN_POINT('Ctrl Pts',(2.36958795950976,0.00180768170958044,
-11.651410108095));
#3188=CARTESIAN_POINT('Ctrl Pts',(2.36582505807742,-0.524148150912258,-11.6866327086451));
#3189=CARTESIAN_POINT('Ctrl Pts',(1.93395577868277,-1.84368292128794,-11.7746245466765));
#3190=CARTESIAN_POINT('Ctrl Pts',(-0.245602768679699,-2.78976320983061,
-11.9153856221892));
#3191=CARTESIAN_POINT('Ctrl Pts',(-2.47324568083134,-1.31383229110746,-12.073693334633));
#3192=CARTESIAN_POINT('Ctrl Pts',(-2.44911730342333,1.35827976535762,-12.2320010470767));
#3193=CARTESIAN_POINT('Ctrl Pts',(-0.195185364098801,2.79374339561621,-12.3903087595205));
#3194=CARTESIAN_POINT('Ctrl Pts',(1.95221761150955,1.8151651428785,-12.5301117798599));
#3195=CARTESIAN_POINT('Ctrl Pts',(2.36590848920396,0.510155790887913,-12.6171455627181));
#3196=CARTESIAN_POINT('Ctrl Pts',(2.36926210767575,-0.00167132317580948,
-12.651410108095));
#3197=CARTESIAN_POINT('Ctrl Pts',(2.36941026164455,-0.00173732984710604,
-11.848589891905));
#3198=CARTESIAN_POINT('Ctrl Pts',(2.37125515280783,-0.271452280147545,-11.8666489466271));
#3199=CARTESIAN_POINT('Ctrl Pts',(2.20444971736157,-1.3270714093514,-11.9374772388305));
#3200=CARTESIAN_POINT('Ctrl Pts',(0.654035001997422,-2.72311188862231,-12.0610747685152));
#3201=CARTESIAN_POINT('Ctrl Pts',(-1.92725372299175,-2.03194321500585,-12.2193824809589));
#3202=CARTESIAN_POINT('Ctrl Pts',(-2.75387058712841,0.509212068928949,-12.3776901934027));
#3203=CARTESIAN_POINT('Ctrl Pts',(-1.07322067574033,2.58675424479354,-12.5359979058465));
#3204=CARTESIAN_POINT('Ctrl Pts',(1.56202908932402,2.31153257650726,-12.6929644720139));
#3205=CARTESIAN_POINT('Ctrl Pts',(2.37387718999046,0.762632155138684,-12.7971618007001));
#3206=CARTESIAN_POINT('Ctrl Pts',(2.37552146697411,-0.000365032140291937,
-12.848589891905));
#3207=CARTESIAN_POINT('Origin',(0.,0.,-2.15141010809497));
#3208=CARTESIAN_POINT('',(2.37556449594787,0.000226400390054131,-10.651410108095));
#3209=CARTESIAN_POINT('',(2.36943298382813,0.00174683986207139,-10.848589891905));
#3210=CARTESIAN_POINT('',(2.37175,7.21535477200114E-14,-2.15141010809497));
#3211=CARTESIAN_POINT('Ctrl Pts',(2.37556449594787,0.000226400390054256,
-10.651410108095));
#3212=CARTESIAN_POINT('Ctrl Pts',(2.37450969669522,-0.770335436548819,-10.7033506170909));
#3213=CARTESIAN_POINT('Ctrl Pts',(1.54824082445197,-2.32569649326527,-10.808060363568));
#3214=CARTESIAN_POINT('Ctrl Pts',(-1.09815524518631,-2.57626756071207,-10.9655393475265));
#3215=CARTESIAN_POINT('Ctrl Pts',(-2.75866033946112,-0.482589492624767,
-11.1238470599703));
#3216=CARTESIAN_POINT('Ctrl Pts',(-1.90753781898259,2.05046310770486,-11.282154772414));
#3217=CARTESIAN_POINT('Ctrl Pts',(0.680306179602545,2.71666762576914,-11.4404624848578));
#3218=CARTESIAN_POINT('Ctrl Pts',(2.21079298034432,1.3115669379628,-11.5635475967515));
#3219=CARTESIAN_POINT('Ctrl Pts',(2.37146250211053,0.263820023009748,-11.6338634711639));
#3220=CARTESIAN_POINT('Ctrl Pts',(2.36958795950976,0.00180768170958044,
-11.651410108095));
#3221=CARTESIAN_POINT('Ctrl Pts',(2.36943298382813,0.00174683986207132,
-10.848589891905));
#3222=CARTESIAN_POINT('Ctrl Pts',(2.36585848655921,-0.517640273549251,-10.8833668550729));
#3223=CARTESIAN_POINT('Ctrl Pts',(1.94249961600368,-1.83042585020738,-10.9709130557221));
#3224=CARTESIAN_POINT('Ctrl Pts',(-0.222160191391337,-2.79172795794197,
-11.1112284938524));
#3225=CARTESIAN_POINT('Ctrl Pts',(-2.46212237747619,-1.33456117886178,-11.2695362062962));
#3226=CARTESIAN_POINT('Ctrl Pts',(-2.46044050694646,1.33765939370638,-11.42784391874));
#3227=CARTESIAN_POINT('Ctrl Pts',(-0.218645842062522,2.79200539711919,-11.5861516311838));
#3228=CARTESIAN_POINT('Ctrl Pts',(1.94377253070651,1.82843802851123,-11.7264002889055));
#3229=CARTESIAN_POINT('Ctrl Pts',(2.36586431140332,0.516664954317781,-11.8138797091459));
#3230=CARTESIAN_POINT('Ctrl Pts',(2.36941026164455,-0.00173732984710604,
-11.848589891905));
#3231=CARTESIAN_POINT('Origin',(0.,0.,-2.15141010809497));
#3232=CARTESIAN_POINT('',(2.37021255730173,-0.00199156199402785,-9.65141010809498));
#3233=CARTESIAN_POINT('',(2.37552817229063,0.000347056606676225,-9.84858989190502));
#3234=CARTESIAN_POINT('',(2.37175,7.21535477200114E-14,-2.15141010809497));
#3235=CARTESIAN_POINT('Ctrl Pts',(2.37021255730173,-0.00199156199402799,
-9.65141010809498));
#3236=CARTESIAN_POINT('Ctrl Pts',(2.37211780964545,-0.239096246657743,-9.66729928805539));
#3237=CARTESIAN_POINT('Ctrl Pts',(2.23067549897493,-1.26142336076753,-9.73595770549707));
#3238=CARTESIAN_POINT('Ctrl Pts',(0.764835402747842,-2.69409099579294,-9.85738536041998));
#3239=CARTESIAN_POINT('Ctrl Pts',(-1.84255611737544,-2.10904870527672,-10.0156930728638));
#3240=CARTESIAN_POINT('Ctrl Pts',(-2.77238887466926,0.396181037554196,-10.1740007853075));
#3241=CARTESIAN_POINT('Ctrl Pts',(-1.17809484591073,2.54070699234412,-10.3323084977514));
#3242=CARTESIAN_POINT('Ctrl Pts',(1.48879790240095,2.37204137668676,-10.4906162101951));
#3243=CARTESIAN_POINT('Ctrl Pts',(2.36993893989712,0.807656098755583,-10.596983413643));
#3244=CARTESIAN_POINT('Ctrl Pts',(2.37558132562867,0.0125209765570024,-10.6505813796096));
#3245=CARTESIAN_POINT('Ctrl Pts',(2.37556449594787,0.000226400390054256,
-10.651410108095));
#3246=CARTESIAN_POINT('Ctrl Pts',(2.37552817229062,0.000347056606676236,
-9.84858989190502));
#3247=CARTESIAN_POINT('Ctrl Pts',(2.3739580687837,-0.763635100909533,-9.90008476351867));
#3248=CARTESIAN_POINT('Ctrl Pts',(1.56023943559578,-2.31338131735655,-10.0043488726136));
#3249=CARTESIAN_POINT('Ctrl Pts',(-1.07647598182704,-2.58540124590813,-10.1613822191897));
#3250=CARTESIAN_POINT('Ctrl Pts',(-2.75450939166676,-0.505745146307419,
-10.3196899316335));
#3251=CARTESIAN_POINT('Ctrl Pts',(-1.92469442516051,2.03436759499114,-10.4779976440773));
#3252=CARTESIAN_POINT('Ctrl Pts',(0.657462284562765,2.72228644454829,-10.6363053565211));
#3253=CARTESIAN_POINT('Ctrl Pts',(2.2052817155073,1.32505078120914,-10.759836105797));
#3254=CARTESIAN_POINT('Ctrl Pts',(2.37128229238001,0.270457922374372,-10.8305976175916));
#3255=CARTESIAN_POINT('Ctrl Pts',(2.36943298382813,0.00174683986207132,
-10.848589891905));
#3256=CARTESIAN_POINT('Origin',(0.,0.,-2.15141010809497));
#3257=CARTESIAN_POINT('',(2.36877012244247,0.0013897687659435,-8.65141010809498));
#3258=CARTESIAN_POINT('',(2.37039184600371,-0.00202890301673336,-8.84858989190502));
#3259=CARTESIAN_POINT('',(2.37175,7.21535477200114E-14,-2.15141010809497));
#3260=CARTESIAN_POINT('Ctrl Pts',(2.36877012244247,0.00138976876594338,
-8.65141010809498));
#3261=CARTESIAN_POINT('Ctrl Pts',(2.36615106954837,-0.485933305855421,-8.68401719650115));
#3262=CARTESIAN_POINT('Ctrl Pts',(1.98288163597634,-1.76568873186544,-8.76939352238859));
#3263=CARTESIAN_POINT('Ctrl Pts',(-0.107821264725172,-2.79847709689615,
-8.90753908575729));
#3264=CARTESIAN_POINT('Ctrl Pts',(-2.40549321109485,-1.4341206010203,-9.06584679820108));
#3265=CARTESIAN_POINT('Ctrl Pts',(-2.51307923435305,1.23593375581338,-9.22415451064485));
#3266=CARTESIAN_POINT('Ctrl Pts',(-0.332627432595487,2.7807298462819,-9.38246222308865));
#3267=CARTESIAN_POINT('Ctrl Pts',(1.90142011846973,1.8928617046139,-9.52488075557201));
#3268=CARTESIAN_POINT('Ctrl Pts',(2.36579031422794,0.54834737498379,-9.61453005057413));
#3269=CARTESIAN_POINT('Ctrl Pts',(2.37021255730173,-0.00199156199402799,
-9.65141010809498));
#3270=CARTESIAN_POINT('Ctrl Pts',(2.37039184600371,-0.00202890301673284,
-8.84858989190502));
#3271=CARTESIAN_POINT('Ctrl Pts',(2.37228902615115,-0.23243948756421,-8.86403343448317));
#3272=CARTESIAN_POINT('Ctrl Pts',(2.23585755715746,-1.24794417500106,-8.93224621454259));
#3273=CARTESIAN_POINT('Ctrl Pts',(0.787438730037374,-2.68757146662958,-9.05322823208326));
#3274=CARTESIAN_POINT('Ctrl Pts',(-1.82477524595297,-2.12445179835846,-9.21153594452704));
#3275=CARTESIAN_POINT('Ctrl Pts',(-2.77561908771638,0.372879097962162,-9.36984365697083));
#3276=CARTESIAN_POINT('Ctrl Pts',(-1.19939518974312,2.53072150198644,-9.52815136941461));
#3277=CARTESIAN_POINT('Ctrl Pts',(1.46882036681558,2.38446364447461,-9.6864590818584));
#3278=CARTESIAN_POINT('Ctrl Pts',(2.36681770527377,0.821012122350854,-9.79327192268853));
#3279=CARTESIAN_POINT('Ctrl Pts',(2.37556702832143,0.0192536536035554,-9.84731552603741));
#3280=CARTESIAN_POINT('Ctrl Pts',(2.37552817229062,0.000347056606676236,
-9.84858989190502));
#3281=CARTESIAN_POINT('Origin',(0.,0.,-2.15141010809497));
#3282=CARTESIAN_POINT('',(2.37515937098616,0.000907752610628216,-7.65141010809498));
#3283=CARTESIAN_POINT('',(2.36865491341885,0.00130530531435011,-7.84858989190502));
#3284=CARTESIAN_POINT('',(2.37175,7.21535477200114E-14,-2.15141010809497));
#3285=CARTESIAN_POINT('Ctrl Pts',(2.37515937098616,0.000907752610628367,
-7.65141010809497));
#3286=CARTESIAN_POINT('Ctrl Pts',(2.37156446145715,-0.731185423785127,-7.70073510494692));
#3287=CARTESIAN_POINT('Ctrl Pts',(1.6172783524979,-2.25289400330374,-7.80282933928012));
#3288=CARTESIAN_POINT('Ctrl Pts',(-0.969859175939179,-2.62725572962262,
-7.95769281109459));
#3289=CARTESIAN_POINT('Ctrl Pts',(-2.73152577694308,-0.617953409838139,
-8.11600052353837));
#3290=CARTESIAN_POINT('Ctrl Pts',(-2.00626947763937,1.95396577994558,-8.27430823598216));
#3291=CARTESIAN_POINT('Ctrl Pts',(0.545598728278626,2.7468930658264,-8.43261594842594));
#3292=CARTESIAN_POINT('Ctrl Pts',(2.17742522920739,1.39070515608122,-8.55831657246355));
#3293=CARTESIAN_POINT('Ctrl Pts',(2.37038957813347,0.302719355629119,-8.63124795901989));
#3294=CARTESIAN_POINT('Ctrl Pts',(2.36877012244247,0.00138976876594338,
-8.65141010809498));
#3295=CARTESIAN_POINT('Ctrl Pts',(2.36865491341885,0.00130530531435014,
-7.84858989190502));
#3296=CARTESIAN_POINT('Ctrl Pts',(2.36623588030515,-0.479416294120998,-7.88075134292894));
#3297=CARTESIAN_POINT('Ctrl Pts',(1.99092741278912,-1.75235852714529,-7.96568203143411));
#3298=CARTESIAN_POINT('Ctrl Pts',(-0.0843103462607305,-2.79928417774654,
-8.10338195742056));
#3299=CARTESIAN_POINT('Ctrl Pts',(-2.39336187726451,-1.45427613134466,-8.26168966986434));
#3300=CARTESIAN_POINT('Ctrl Pts',(-2.52337248133452,1.21478041725132,-8.41999738230813));
#3301=CARTESIAN_POINT('Ctrl Pts',(-0.355973753894334,2.77783779735312,-8.5783050947519));
#3302=CARTESIAN_POINT('Ctrl Pts',(1.892466715604,1.90604748887277,-8.72116926461754));
#3303=CARTESIAN_POINT('Ctrl Pts',(2.36580652712359,0.554853375627851,-8.81126419700191));
#3304=CARTESIAN_POINT('Ctrl Pts',(2.37039184600371,-0.00202890301673284,
-8.84858989190502));
#3305=CARTESIAN_POINT('Origin',(0.,0.,-2.15141010809497));
#3306=CARTESIAN_POINT('',(2.37131434783324,-0.00213171148565413,-6.65141010809498));
#3307=CARTESIAN_POINT('',(2.37504904694388,0.00101482019551406,-6.84858989190502));
#3308=CARTESIAN_POINT('',(2.37175,7.21535477200114E-14,-2.15141010809497));
#3309=CARTESIAN_POINT('Ctrl Pts',(2.37131434783324,-0.00213171148565394,
-6.65141010809498));
#3310=CARTESIAN_POINT('Ctrl Pts',(2.37308227612199,-0.199972894126551,-6.66468377591143));
#3311=CARTESIAN_POINT('Ctrl Pts',(2.26011508188538,-1.18233788885891,-6.73072668120913));
#3312=CARTESIAN_POINT('Ctrl Pts',(0.896674304187725,-2.65312539245453,-6.84953882398811));
#3313=CARTESIAN_POINT('Ctrl Pts',(-1.73638069060656,-2.19728962572287,-7.00784653643189));
#3314=CARTESIAN_POINT('Ctrl Pts',(-2.78854456431893,0.259072817369579,-7.16615424887567));
#3315=CARTESIAN_POINT('Ctrl Pts',(-1.30187266271951,2.4795618587211,-7.32446196131945));
#3316=CARTESIAN_POINT('Ctrl Pts',(1.37009170443333,2.44252906381645,-7.48276967376324));
#3317=CARTESIAN_POINT('Ctrl Pts',(2.3507931793259,0.886115472155262,-7.59175238935508));
#3318=CARTESIAN_POINT('Ctrl Pts',(2.37541039448841,0.0520279801528227,-7.64796586746565));
#3319=CARTESIAN_POINT('Ctrl Pts',(2.37515937098616,0.000907752610628367,
-7.65141010809497));
#3320=CARTESIAN_POINT('Ctrl Pts',(2.37504904694388,0.00101482019551406,
-6.84858989190502));
#3321=CARTESIAN_POINT('Ctrl Pts',(2.3711314603253,-0.724553701953933,-6.89746925137471));
#3322=CARTESIAN_POINT('Ctrl Pts',(1.62871012426658,-2.24036928773318,-6.99911784832565));
#3323=CARTESIAN_POINT('Ctrl Pts',(-0.947756133143726,-2.63530993870758,
-7.15353568275785));
#3324=CARTESIAN_POINT('Ctrl Pts',(-2.72623873345231,-0.640876362158228,
-7.31184339520164));
#3325=CARTESIAN_POINT('Ctrl Pts',(-2.02261202976997,1.9370443238844,-7.47015110764542));
#3326=CARTESIAN_POINT('Ctrl Pts',(0.522505687201181,2.75137928168855,-7.6284588200892));
#3327=CARTESIAN_POINT('Ctrl Pts',(2.17149200084813,1.40418722184914,-7.75460508150907));
#3328=CARTESIAN_POINT('Ctrl Pts',(2.37020493421248,0.309332703059204,-7.82798210544768));
#3329=CARTESIAN_POINT('Ctrl Pts',(2.36865491341885,0.00130530531435014,
-7.84858989190502));
#3330=CARTESIAN_POINT('Origin',(0.,0.,-2.15141010809497));
#3331=CARTESIAN_POINT('',(2.36820584481647,0.000853758413860058,-5.65141010809498));
#3332=CARTESIAN_POINT('',(2.3715113059467,-0.00213596398549759,-5.84858989190502));
#3333=CARTESIAN_POINT('',(2.37175,7.21535477200114E-14,-2.15141010809497));
#3334=CARTESIAN_POINT('Ctrl Pts',(2.36820584481647,0.000853758413859838,
-5.65141010809498));
#3335=CARTESIAN_POINT('Ctrl Pts',(2.36675137823378,-0.447648213273302,-5.68140168435719));
#3336=CARTESIAN_POINT('Ctrl Pts',(2.02891691937013,-1.68730941185419,-5.76416249810066));
#3337=CARTESIAN_POINT('Ctrl Pts',(0.0302217254276763,-2.80038748508257,
-5.89969254932541));
#3338=CARTESIAN_POINT('Ctrl Pts',(-2.33189482511795,-1.55092532330099,-6.05800026176918));
#3339=CARTESIAN_POINT('Ctrl Pts',(-2.57093422634086,1.11058506225749,-6.21630797421298));
#3340=CARTESIAN_POINT('Ctrl Pts',(-0.469261100206851,2.76095837917561,-6.37461568665675));
#3341=CARTESIAN_POINT('Ctrl Pts',(1.84760904436548,1.97000239249437,-6.51964973128409));
#3342=CARTESIAN_POINT('Ctrl Pts',(2.36605390770048,0.586541315413552,-6.61191453843016));
#3343=CARTESIAN_POINT('Ctrl Pts',(2.37131434783324,-0.00213171148565394,
-6.65141010809498));
#3344=CARTESIAN_POINT('Ctrl Pts',(2.3715113059467,-0.0021359639854974,-5.84858989190502));
#3345=CARTESIAN_POINT('Ctrl Pts',(2.37323589750191,-0.193294578235572,-5.86141792233921));
#3346=CARTESIAN_POINT('Ctrl Pts',(2.26489975647098,-1.16887107363745,-5.92701519025466));
#3347=CARTESIAN_POINT('Ctrl Pts',(0.918928744551279,-2.64549953209768,-6.04538169565136));
#3348=CARTESIAN_POINT('Ctrl Pts',(-1.71786227102291,-2.21179791284245,-6.20368940809516));
#3349=CARTESIAN_POINT('Ctrl Pts',(-2.79062253929023,0.235640092879639,-6.36199712053893));
#3350=CARTESIAN_POINT('Ctrl Pts',(-1.32265500881241,2.46853874575568,-6.52030483298273));
#3351=CARTESIAN_POINT('Ctrl Pts',(1.34952624771798,2.45395174427882,-6.6786125454265));
#3352=CARTESIAN_POINT('Ctrl Pts',(2.34733046952528,0.899500467047469,-6.7880408984006));
#3353=CARTESIAN_POINT('Ctrl Pts',(2.37536081318246,0.058756432827575,-6.84470001389344));
#3354=CARTESIAN_POINT('Ctrl Pts',(2.37504904694388,0.00101482019551406,
-6.84858989190502));
#3355=CARTESIAN_POINT('Origin',(0.,0.,-2.15141010809497));
#3356=CARTESIAN_POINT('',(2.37434686243413,0.00164001148077867,-4.65141010809498));
#3357=CARTESIAN_POINT('',(2.36813276190822,0.000767094220976566,-4.84858989190502));
#3358=CARTESIAN_POINT('',(2.37175,7.21535477200114E-14,-2.15141010809497));
#3359=CARTESIAN_POINT('Ctrl Pts',(2.37434686243413,0.00164001148077872,
-4.65141010809498));
#3360=CARTESIAN_POINT('Ctrl Pts',(2.36925747368215,-0.692201727060219,-4.69811959280296));
#3361=CARTESIAN_POINT('Ctrl Pts',(1.68305562442911,-2.17917479593519,-4.7975983149922));
#3362=CARTESIAN_POINT('Ctrl Pts',(-0.839232203445542,-2.6717196885894,-4.9498462746627));
#3363=CARTESIAN_POINT('Ctrl Pts',(-2.69773969144644,-0.751888688449972,
-5.10815398710648));
#3364=CARTESIAN_POINT('Ctrl Pts',(-2.10013276833908,1.8527583030413,-5.26646169955027));
#3365=CARTESIAN_POINT('Ctrl Pts',(0.409569125065079,2.77042322923784,-5.42476941199404));
#3366=CARTESIAN_POINT('Ctrl Pts',(2.14154652146339,1.46981509514258,-5.55308554817563));
#3367=CARTESIAN_POINT('Ctrl Pts',(2.36931046655376,0.341476934663387,-5.62863244687593));
#3368=CARTESIAN_POINT('Ctrl Pts',(2.36820584481647,0.000853758413859838,
-5.65141010809498));
#3369=CARTESIAN_POINT('Ctrl Pts',(2.36813276190822,0.000767094220976705,
-4.84858989190502));
#3370=CARTESIAN_POINT('Ctrl Pts',(2.36687369484591,-0.441109003431435,-4.87813583078498));
#3371=CARTESIAN_POINT('Ctrl Pts',(2.03648733862355,-1.67394618996983,-4.96045100714619));
#3372=CARTESIAN_POINT('Ctrl Pts',(0.0537374144022326,-2.80001872317086,
-5.09553542098866));
#3373=CARTESIAN_POINT('Ctrl Pts',(-2.31878157474968,-1.5704669969373,-5.25384313343245));
#3374=CARTESIAN_POINT('Ctrl Pts',(-2.58017426396537,1.08895459812312,-5.41215084587623));
#3375=CARTESIAN_POINT('Ctrl Pts',(-0.492435609334202,2.75691698742214,-5.57045855832002));
#3376=CARTESIAN_POINT('Ctrl Pts',(1.83813468400999,1.98308331877889,-5.71593824032961));
#3377=CARTESIAN_POINT('Ctrl Pts',(2.36614163764636,0.593053284259894,-5.80864868485795));
#3378=CARTESIAN_POINT('Ctrl Pts',(2.3715113059467,-0.0021359639854974,-5.84858989190502));
#3379=CARTESIAN_POINT('Origin',(0.,0.,-3.85));
#3380=CARTESIAN_POINT('',(-5.7,-6.98048675513991E-16,-4.));
#3381=CARTESIAN_POINT('Origin',(0.,0.,-4.));
#3382=CARTESIAN_POINT('',(-6.,7.34788079488412E-16,-3.69999999999999));
#3383=CARTESIAN_POINT('',(-5.85,7.16418377501202E-16,-3.85));
#3384=CARTESIAN_POINT('',(6.,-7.34788079488412E-16,-3.69999999999999));
#3385=CARTESIAN_POINT('Origin',(0.,0.,-3.69999999999999));
#3386=CARTESIAN_POINT('Origin',(0.,0.,-3.69999999999999));
#3387=CARTESIAN_POINT('Origin',(0.,0.,-2.));
#3388=CARTESIAN_POINT('',(6.,-7.34788079488412E-16,-0.299999999999996));
#3389=CARTESIAN_POINT('',(6.,-7.34788079488412E-16,-2.));
#3390=CARTESIAN_POINT('',(-6.,-7.34788079488412E-16,-0.299999999999996));
#3391=CARTESIAN_POINT('Origin',(0.,0.,-0.299999999999996));
#3392=CARTESIAN_POINT('Origin',(0.,0.,-0.299999999999996));
#3393=CARTESIAN_POINT('Origin',(-3.5,0.,-4.));
#3394=CARTESIAN_POINT('',(-1.37702479013102,-1.93106208855765,-4.));
#3395=CARTESIAN_POINT('Ctrl Pts',(-1.29201322056977,2.64829320641042,-4.));
#3396=CARTESIAN_POINT('Ctrl Pts',(-1.35846054971817,2.60827542631584,-4.));
#3397=CARTESIAN_POINT('Ctrl Pts',(-1.42310258365429,2.56552730687457,-4.));
#3398=CARTESIAN_POINT('Ctrl Pts',(-1.48574518884577,2.52003984755563,-4.));
#3399=CARTESIAN_POINT('Ctrl Pts',(-1.56486397793125,2.46258833051082,-4.));
#3400=CARTESIAN_POINT('Ctrl Pts',(-1.64079474667219,2.40076737826828,-4.));
#3401=CARTESIAN_POINT('Ctrl Pts',(-1.71336035439458,2.3349561983266,-4.));
#3402=CARTESIAN_POINT('Ctrl Pts',(-1.75170590897247,2.30017985907312,-4.));
#3403=CARTESIAN_POINT('Ctrl Pts',(-1.78911109197492,2.2642887687524,-4.));
#3404=CARTESIAN_POINT('Ctrl Pts',(-1.82554472332674,2.22733603597822,-4.));
#3405=CARTESIAN_POINT('Ctrl Pts',(-1.8419351052445,2.21071212612896,-4.));
#3406=CARTESIAN_POINT('Ctrl Pts',(-1.85812881288138,2.19387333760481,-4.));
#3407=CARTESIAN_POINT('Ctrl Pts',(-1.87412276074098,2.17682441910409,-4.));
#3408=CARTESIAN_POINT('Ctrl Pts',(-1.88635531387729,2.16378499923682,-4.));
#3409=CARTESIAN_POINT('Ctrl Pts',(-1.8984710940655,2.1506224369915,-4.));
#3410=CARTESIAN_POINT('Ctrl Pts',(-1.91045874913761,2.13735021787313,-4.));
#3411=CARTESIAN_POINT('Ctrl Pts',(-1.97561921080802,2.06520734089333,-4.));
#3412=CARTESIAN_POINT('Ctrl Pts',(-2.03707385542278,1.98974668211088,-4.));
#3413=CARTESIAN_POINT('Ctrl Pts',(-2.09465160585712,1.9113448443334,-4.));
#3414=CARTESIAN_POINT('Ctrl Pts',(-2.14212329147656,1.84670412171254,-4.));
#3415=CARTESIAN_POINT('Ctrl Pts',(-2.18695889463009,1.78006322696746,-4.));
#3416=CARTESIAN_POINT('Ctrl Pts',(-2.22903776679567,1.71162339101157,-4.));
#3417=CARTESIAN_POINT('Ctrl Pts',(-2.24791322500565,1.6809231084945,-4.));
#3418=CARTESIAN_POINT('Ctrl Pts',(-2.26623366567242,1.64986076643425,-4.));
#3419=CARTESIAN_POINT('Ctrl Pts',(-2.28398661860943,1.61845427386864,-4.));
#3420=CARTESIAN_POINT('Ctrl Pts',(-2.29432482009106,1.60016511098253,-4.));
#3421=CARTESIAN_POINT('Ctrl Pts',(-2.30447055846895,1.581759239283,-4.));
#3422=CARTESIAN_POINT('Ctrl Pts',(-2.31442121120189,1.56324019022516,-4.));
#3423=CARTESIAN_POINT('Ctrl Pts',(-2.32182950483417,1.54945269739496,-4.));
#3424=CARTESIAN_POINT('Ctrl Pts',(-2.32912974023669,1.53560215842704,-4.));
#3425=CARTESIAN_POINT('Ctrl Pts',(-2.3363140671776,1.52170353351122,-4.));
#3426=CARTESIAN_POINT('Ctrl Pts',(-2.37997429310213,1.43723951776479,-4.));
#3427=CARTESIAN_POINT('Ctrl Pts',(-2.41942339541981,1.35088064239022,-4.));
#3428=CARTESIAN_POINT('Ctrl Pts',(-2.45449903923,1.26297434017307,-4.));
#3429=CARTESIAN_POINT('Ctrl Pts',(-2.49095702557896,1.17160362197431,-4.));
#3430=CARTESIAN_POINT('Ctrl Pts',(-2.52269076137438,1.07856009229391,-4.));
#3431=CARTESIAN_POINT('Ctrl Pts',(-2.54945870426361,0.984223297507936,-4.));
#3432=CARTESIAN_POINT('Ctrl Pts',(-2.57413403886564,0.897261367476163,-4.));
#3433=CARTESIAN_POINT('Ctrl Pts',(-2.59458921737146,0.809199694872801,-4.));
#3434=CARTESIAN_POINT('Ctrl Pts',(-2.61058561170959,0.720339712293634,-4.));
#3435=CARTESIAN_POINT('Ctrl Pts',(-2.620060142132,0.667708688671368,-4.));
#3436=CARTESIAN_POINT('Ctrl Pts',(-2.62796957012732,0.614797745062454,-4.));
#3437=CARTESIAN_POINT('Ctrl Pts',(-2.63425593202595,0.561671810550251,-4.));
#3438=CARTESIAN_POINT('Ctrl Pts',(-2.63629756847002,0.544417976651656,-4.));
#3439=CARTESIAN_POINT('Ctrl Pts',(-2.63816814762795,0.527138489611801,-4.));
#3440=CARTESIAN_POINT('Ctrl Pts',(-2.6398634534182,0.509860050182095,-4.));
#3441=CARTESIAN_POINT('Ctrl Pts',(-2.6485733950209,0.421088927424121,-4.));
#3442=CARTESIAN_POINT('Ctrl Pts',(-2.65267809162272,0.332214709776045,-4.));
#3443=CARTESIAN_POINT('Ctrl Pts',(-2.65199644115086,0.24352924101075,-4.));
#3444=CARTESIAN_POINT('Ctrl Pts',(-2.65166434842697,0.200322641576289,-4.));
#3445=CARTESIAN_POINT('Ctrl Pts',(-2.65019543635778,0.157160885486357,-4.));
#3446=CARTESIAN_POINT('Ctrl Pts',(-2.64756428946797,0.114078397269616,-4.));
#3447=CARTESIAN_POINT('Ctrl Pts',(-2.64204956175731,0.0237800591064533,
-4.));
#3448=CARTESIAN_POINT('Ctrl Pts',(-2.63143207411894,-0.0661715942937089,
-4.));
#3449=CARTESIAN_POINT('Ctrl Pts',(-2.6159075051284,-0.155443151219647,-4.));
#3450=CARTESIAN_POINT('Ctrl Pts',(-2.60001286839206,-0.246842723670888,
-4.));
#3451=CARTESIAN_POINT('Ctrl Pts',(-2.57897391187664,-0.337530412293382,
-4.));
#3452=CARTESIAN_POINT('Ctrl Pts',(-2.55295474596797,-0.427116642385476,
-4.));
#3453=CARTESIAN_POINT('Ctrl Pts',(-2.54887574463199,-0.441160995440968,
-4.));
#3454=CARTESIAN_POINT('Ctrl Pts',(-2.54467372296197,-0.455179951209919,
-4.));
#3455=CARTESIAN_POINT('Ctrl Pts',(-2.54035093748961,-0.469166396010133,
-4.));
#3456=CARTESIAN_POINT('Ctrl Pts',(-2.5141684247426,-0.553880354546344,-4.));
#3457=CARTESIAN_POINT('Ctrl Pts',(-2.48365114171058,-0.637111460471106,
-4.));
#3458=CARTESIAN_POINT('Ctrl Pts',(-2.44901781350755,-0.718560878179272,
-4.));
#3459=CARTESIAN_POINT('Ctrl Pts',(-2.41435789703092,-0.800072825234585,
-4.));
#3460=CARTESIAN_POINT('Ctrl Pts',(-2.3755749610702,-0.87980114448192,-4.));
#3461=CARTESIAN_POINT('Ctrl Pts',(-2.33284467413084,-0.957417784070449,
-4.));
#3462=CARTESIAN_POINT('Ctrl Pts',(-2.2907253386862,-1.03392467211346,-4.));
#3463=CARTESIAN_POINT('Ctrl Pts',(-2.24477004160505,-1.10838047441759,-4.));
#3464=CARTESIAN_POINT('Ctrl Pts',(-2.19511475103316,-1.18043277080122,-4.));
#3465=CARTESIAN_POINT('Ctrl Pts',(-2.1685636082323,-1.21895979961082,-4.));
#3466=CARTESIAN_POINT('Ctrl Pts',(-2.14095409459579,-1.25679892069555,-4.));
#3467=CARTESIAN_POINT('Ctrl Pts',(-2.11230412821599,-1.29389071961398,-4.));
#3468=CARTESIAN_POINT('Ctrl Pts',(-2.10397066027826,-1.30467967876812,-4.));
#3469=CARTESIAN_POINT('Ctrl Pts',(-2.09554915245271,-1.31540538235199,-4.));
#3470=CARTESIAN_POINT('Ctrl Pts',(-2.08704002026199,-1.32606629925166,-4.));
#3471=CARTESIAN_POINT('Ctrl Pts',(-2.07872063547893,-1.33648948552267,-4.));
#3472=CARTESIAN_POINT('Ctrl Pts',(-2.07032325809094,-1.34684350012352,-4.));
#3473=CARTESIAN_POINT('Ctrl Pts',(-2.06184981572637,-1.35712573326323,-4.));
#3474=CARTESIAN_POINT('Ctrl Pts',(-2.00761987331359,-1.42293191769809,-4.));
#3475=CARTESIAN_POINT('Ctrl Pts',(-1.9502602385537,-1.485822095167,-4.));
#3476=CARTESIAN_POINT('Ctrl Pts',(-1.88992963085109,-1.54550024383736,-4.));
#3477=CARTESIAN_POINT('Ctrl Pts',(-1.83054553627892,-1.60424211565809,-4.));
#3478=CARTESIAN_POINT('Ctrl Pts',(-1.76828231978697,-1.65987246916104,-4.));
#3479=CARTESIAN_POINT('Ctrl Pts',(-1.70326547227291,-1.71206655136507,-4.));
#3480=CARTESIAN_POINT('Ctrl Pts',(-1.64027375862457,-1.7626349010474,-4.));
#3481=CARTESIAN_POINT('Ctrl Pts',(-1.57469671306314,-1.80997799690447,-4.));
#3482=CARTESIAN_POINT('Ctrl Pts',(-1.50663281539905,-1.85375473090724,-4.));
#3483=CARTESIAN_POINT('Ctrl Pts',(-1.46438145185003,-1.8809295881637,-4.));
#3484=CARTESIAN_POINT('Ctrl Pts',(-1.42117152065281,-1.9067292513116,-4.));
#3485=CARTESIAN_POINT('Ctrl Pts',(-1.37702479013101,-1.93106208855766,-4.));
#3486=CARTESIAN_POINT('',(1.37702479013103,-1.93106208855764,-4.));
#3487=CARTESIAN_POINT('Origin',(0.,0.,-4.));
#3488=CARTESIAN_POINT('Ctrl Pts',(1.37997135626774,-1.93356620839887,-4.));
#3489=CARTESIAN_POINT('Ctrl Pts',(1.43555803101133,-1.90335543073334,-4.));
#3490=CARTESIAN_POINT('Ctrl Pts',(1.48974195587707,-1.87084654190261,-4.));
#3491=CARTESIAN_POINT('Ctrl Pts',(1.54236209801711,-1.8360723488166,-4.));
#3492=CARTESIAN_POINT('Ctrl Pts',(1.6104518030726,-1.79107504446748,-4.));
#3493=CARTESIAN_POINT('Ctrl Pts',(1.67592445005544,-1.74228674659819,-4.));
#3494=CARTESIAN_POINT('Ctrl Pts',(1.73869547571468,-1.69006573967828,-4.));
#3495=CARTESIAN_POINT('Ctrl Pts',(1.77516468872885,-1.65972596101169,-4.));
#3496=CARTESIAN_POINT('Ctrl Pts',(1.81072167287826,-1.62822651538535,-4.));
#3497=CARTESIAN_POINT('Ctrl Pts',(1.84534667746371,-1.59563044784755,-4.));
#3498=CARTESIAN_POINT('Ctrl Pts',(1.85797081166757,-1.583746055743,-4.));
#3499=CARTESIAN_POINT('Ctrl Pts',(1.87047103212038,-1.57171584269908,-4.));
#3500=CARTESIAN_POINT('Ctrl Pts',(1.88284628911326,-1.55954270888327,-4.));
#3501=CARTESIAN_POINT('Ctrl Pts',(1.89450504719727,-1.54807437150939,-4.));
#3502=CARTESIAN_POINT('Ctrl Pts',(1.90604870572314,-1.53648323028724,-4.));
#3503=CARTESIAN_POINT('Ctrl Pts',(1.91747141577751,-1.52477742802768,-4.));
#3504=CARTESIAN_POINT('Ctrl Pts',(1.97717644457519,-1.46359271286985,-4.));
#3505=CARTESIAN_POINT('Ctrl Pts',(2.03362342553905,-1.39923588505445,-4.));
#3506=CARTESIAN_POINT('Ctrl Pts',(2.08671915332589,-1.3320985073515,-4.));
#3507=CARTESIAN_POINT('Ctrl Pts',(2.13291558066537,-1.2736850130819,-4.));
#3508=CARTESIAN_POINT('Ctrl Pts',(2.17657501427511,-1.21316550040498,-4.));
#3509=CARTESIAN_POINT('Ctrl Pts',(2.21762007868241,-1.1507698930334,-4.));
#3510=CARTESIAN_POINT('Ctrl Pts',(2.23842653947647,-1.1191404687105,-4.));
#3511=CARTESIAN_POINT('Ctrl Pts',(2.25856093515023,-1.08702857548971,-4.));
#3512=CARTESIAN_POINT('Ctrl Pts',(2.27801139031104,-1.05446207870957,-4.));
#3513=CARTESIAN_POINT('Ctrl Pts',(2.28703865845026,-1.03934744533166,-4.));
#3514=CARTESIAN_POINT('Ctrl Pts',(2.29591926049124,-1.02413346424464,-4.));
#3515=CARTESIAN_POINT('Ctrl Pts',(2.30464170341555,-1.0088413941269,-4.));
#3516=CARTESIAN_POINT('Ctrl Pts',(2.34855096547264,-0.931860263952418,-4.));
#3517=CARTESIAN_POINT('Ctrl Pts',(2.38851707309795,-0.85280116274566,-4.));
#3518=CARTESIAN_POINT('Ctrl Pts',(2.42444375453657,-0.772061144899666,-4.));
#3519=CARTESIAN_POINT('Ctrl Pts',(2.46098708692412,-0.689935293277009,-4.));
#3520=CARTESIAN_POINT('Ctrl Pts',(2.49335177870508,-0.606069612577006,-4.));
#3521=CARTESIAN_POINT('Ctrl Pts',(2.5214028849323,-0.520840284432125,-4.));
#3522=CARTESIAN_POINT('Ctrl Pts',(2.54392404067512,-0.452412930535358,-4.));
#3523=CARTESIAN_POINT('Ctrl Pts',(2.56366418870747,-0.383105604884429,-4.));
#3524=CARTESIAN_POINT('Ctrl Pts',(2.58053394994501,-0.313099020078202,-4.));
#3525=CARTESIAN_POINT('Ctrl Pts',(2.59318627087316,-0.260594081473532,-4.));
#3526=CARTESIAN_POINT('Ctrl Pts',(2.60422365731232,-0.207695532399448,-4.));
#3527=CARTESIAN_POINT('Ctrl Pts',(2.6136008967544,-0.154476644909298,-4.));
#3528=CARTESIAN_POINT('Ctrl Pts',(2.61659789381263,-0.137467710645042,-4.));
#3529=CARTESIAN_POINT('Ctrl Pts',(2.61942526034586,-0.120426040785365,-4.));
#3530=CARTESIAN_POINT('Ctrl Pts',(2.62208136789086,-0.103353993322761,-4.));
#3531=CARTESIAN_POINT('Ctrl Pts',(2.62417606533282,-0.0898903915885634,
-4.));
#3532=CARTESIAN_POINT('Ctrl Pts',(2.62616283678437,-0.0764168892533817,
-4.));
#3533=CARTESIAN_POINT('Ctrl Pts',(2.62804101761879,-0.0629368353690316,
-4.));
#3534=CARTESIAN_POINT('Ctrl Pts',(2.64081753450325,0.028762607464673,-4.));
#3535=CARTESIAN_POINT('Ctrl Pts',(2.64857719978091,0.120793484902231,-4.));
#3536=CARTESIAN_POINT('Ctrl Pts',(2.65118727530664,0.212760919978024,-4.));
#3537=CARTESIAN_POINT('Ctrl Pts',(2.65227379336783,0.251044976614021,-4.));
#3538=CARTESIAN_POINT('Ctrl Pts',(2.65246744315819,0.289318402343834,-4.));
#3539=CARTESIAN_POINT('Ctrl Pts',(2.65175632716237,0.327554018241561,-4.));
#3540=CARTESIAN_POINT('Ctrl Pts',(2.65010693930664,0.416239072282098,-4.));
#3541=CARTESIAN_POINT('Ctrl Pts',(2.64359383729941,0.504720211942881,-4.));
#3542=CARTESIAN_POINT('Ctrl Pts',(2.63246118122049,0.592736172394314,-4.));
#3543=CARTESIAN_POINT('Ctrl Pts',(2.62110652864272,0.682507260725841,-4.));
#3544=CARTESIAN_POINT('Ctrl Pts',(2.6049461469053,0.771795165371996,-4.));
#3545=CARTESIAN_POINT('Ctrl Pts',(2.58418515154358,0.860325862615662,-4.));
#3546=CARTESIAN_POINT('Ctrl Pts',(2.57998881583332,0.878220213046617,-4.));
#3547=CARTESIAN_POINT('Ctrl Pts',(2.57560435267893,0.896083616690243,-4.));
#3548=CARTESIAN_POINT('Ctrl Pts',(2.5710332016169,0.913913783128177,-4.));
#3549=CARTESIAN_POINT('Ctrl Pts',(2.56786390037725,0.92627591420371,-4.));
#3550=CARTESIAN_POINT('Ctrl Pts',(2.56460553386039,0.938619262711686,-4.));
#3551=CARTESIAN_POINT('Ctrl Pts',(2.56126102750911,0.950934897638055,-4.));
#3552=CARTESIAN_POINT('Ctrl Pts',(2.5370128512564,1.04022511119817,-4.));
#3553=CARTESIAN_POINT('Ctrl Pts',(2.50820930767859,1.12818335967579,-4.));
#3554=CARTESIAN_POINT('Ctrl Pts',(2.47514093090612,1.21452763086754,-4.));
#3555=CARTESIAN_POINT('Ctrl Pts',(2.44142927640461,1.30255155349998,-4.));
#3556=CARTESIAN_POINT('Ctrl Pts',(2.4032850836235,1.38889887624525,-4.));
#3557=CARTESIAN_POINT('Ctrl Pts',(2.36096068323553,1.4732740321118,-4.));
#3558=CARTESIAN_POINT('Ctrl Pts',(2.31826267201838,1.55839399408681,-4.));
#3559=CARTESIAN_POINT('Ctrl Pts',(2.27131003971274,1.64150768977232,-4.));
#3560=CARTESIAN_POINT('Ctrl Pts',(2.22030950445923,1.72230232447314,-4.));
#3561=CARTESIAN_POINT('Ctrl Pts',(2.1908901736797,1.76890818991472,-4.));
#3562=CARTESIAN_POINT('Ctrl Pts',(2.16012296503122,1.81474215107089,-4.));
#3563=CARTESIAN_POINT('Ctrl Pts',(2.12804033195722,1.85974100766163,-4.));
#3564=CARTESIAN_POINT('Ctrl Pts',(2.11987705950987,1.87119075136944,-4.));
#3565=CARTESIAN_POINT('Ctrl Pts',(2.11162713256489,1.88258840167925,-4.));
#3566=CARTESIAN_POINT('Ctrl Pts',(2.10329587964652,1.89392630969085,-4.));
#3567=CARTESIAN_POINT('Ctrl Pts',(2.04509639520706,1.97312933081647,-4.));
#3568=CARTESIAN_POINT('Ctrl Pts',(1.98306784933508,2.04923661620061,-4.));
#3569=CARTESIAN_POINT('Ctrl Pts',(1.91748556303043,2.12194068702229,-4.));
#3570=CARTESIAN_POINT('Ctrl Pts',(1.85168460376096,2.1948871771864,-4.));
#3571=CARTESIAN_POINT('Ctrl Pts',(1.782305772469,2.2644086208901,-4.));
#3572=CARTESIAN_POINT('Ctrl Pts',(1.70957666194565,2.33017966615236,-4.));
#3573=CARTESIAN_POINT('Ctrl Pts',(1.63819539063404,2.39473182130083,-4.));
#3574=CARTESIAN_POINT('Ctrl Pts',(1.56358633761162,2.45567207387819,-4.));
#3575=CARTESIAN_POINT('Ctrl Pts',(1.48592322231231,2.51266629738563,-4.));
#3576=CARTESIAN_POINT('Ctrl Pts',(1.42228183165561,2.55937047129668,-4.));
#3577=CARTESIAN_POINT('Ctrl Pts',(1.3565887697572,2.60342459636202,-4.));
#3578=CARTESIAN_POINT('Ctrl Pts',(1.28892185405323,2.64462557919717,-4.));
#3579=CARTESIAN_POINT('Origin',(0.,0.,-0.149999999999996));
#3580=CARTESIAN_POINT('',(-5.7,6.98048675513991E-16,4.26741975090295E-15));
#3581=CARTESIAN_POINT('',(-5.85,7.16418377501202E-16,-0.149999999999996));
#3582=CARTESIAN_POINT('Origin',(0.,0.,4.26741975090295E-15));
#3583=CARTESIAN_POINT('Origin',(-6.,0.,4.25317462593225E-15));
#3584=CARTESIAN_POINT('',(3.72204483223484,1.57471127517628,1.83697019872103E-16));
#3585=CARTESIAN_POINT('',(3.22476238404586,-2.43602974115182,1.83697019872103E-16));
#3586=CARTESIAN_POINT('',(3.55230363856532,0.205694592423553,4.25317462593225E-15));
#3587=CARTESIAN_POINT('',(-0.49728244818898,-4.01074101632809,1.83697019872103E-16));
#3588=CARTESIAN_POINT('',(-0.250290856635185,-3.90624457374764,4.25317462593225E-15));
#3589=CARTESIAN_POINT('',(-3.72204483223484,-1.57471127517627,1.83697019872103E-16));
#3590=CARTESIAN_POINT('',(-3.21351042995583,-1.95886513856768,4.25317462593225E-15));
#3591=CARTESIAN_POINT('',(-3.22476238404586,2.43602974115182,1.83697019872103E-16));
#3592=CARTESIAN_POINT('',(-3.64314480180987,-0.938357449764948,4.25317462593225E-15));
#3593=CARTESIAN_POINT('',(0.497282448188977,4.01074101632809,1.83697019872103E-16));
#3594=CARTESIAN_POINT('',(-4.83879320860949,1.75317054614413,4.25317462593225E-15));
#3595=CARTESIAN_POINT('',(-0.606564341554951,4.84460202351259,4.25317462593225E-15));
#3596=CARTESIAN_POINT('Origin',(3.72204483223484,1.57471127517628,1.83697019872103E-16));
#3597=CARTESIAN_POINT('',(3.72204483223484,1.57471127517628,-1.5));
#3598=CARTESIAN_POINT('',(3.72204483223484,1.57471127517628,1.83697019872103E-16));
#3599=CARTESIAN_POINT('',(3.22476238404586,-2.43602974115182,-1.5));
#3600=CARTESIAN_POINT('',(3.22476238404586,-2.43602974115182,-1.5));
#3601=CARTESIAN_POINT('',(3.22476238404586,-2.43602974115182,1.83697019872103E-16));
#3602=CARTESIAN_POINT('Origin',(0.497282448188977,4.0107410163281,1.83697019872103E-16));
#3603=CARTESIAN_POINT('',(0.497282448188977,4.01074101632809,-1.5));
#3604=CARTESIAN_POINT('',(0.497282448188977,4.01074101632809,1.83697019872103E-16));
#3605=CARTESIAN_POINT('',(3.72204483223484,1.57471127517628,-1.5));
#3606=CARTESIAN_POINT('Origin',(-3.22476238404586,2.43602974115182,1.83697019872103E-16));
#3607=CARTESIAN_POINT('',(-3.22476238404586,2.43602974115182,-1.5));
#3608=CARTESIAN_POINT('',(-3.22476238404586,2.43602974115182,1.83697019872103E-16));
#3609=CARTESIAN_POINT('',(0.497282448188977,4.01074101632809,-1.5));
#3610=CARTESIAN_POINT('Origin',(-3.72204483223484,-1.57471127517627,1.83697019872103E-16));
#3611=CARTESIAN_POINT('',(-3.72204483223484,-1.57471127517627,-1.5));
#3612=CARTESIAN_POINT('',(-3.72204483223484,-1.57471127517627,1.83697019872103E-16));
#3613=CARTESIAN_POINT('',(-3.22476238404586,2.43602974115182,-1.5));
#3614=CARTESIAN_POINT('Origin',(-0.497282448188979,-4.01074101632809,1.83697019872103E-16));
#3615=CARTESIAN_POINT('',(-0.49728244818898,-4.01074101632809,-1.5));
#3616=CARTESIAN_POINT('',(-0.49728244818898,-4.01074101632809,1.83697019872103E-16));
#3617=CARTESIAN_POINT('',(-3.72204483223484,-1.57471127517627,-1.5));
#3618=CARTESIAN_POINT('Origin',(3.22476238404586,-2.43602974115182,1.83697019872103E-16));
#3619=CARTESIAN_POINT('',(-0.49728244818898,-4.01074101632809,-1.5));
#3620=CARTESIAN_POINT('Origin',(0.,0.,-1.5));
#3621=CARTESIAN_POINT('Ctrl Pts',(1.03908919352504,2.13201587949046,-3.67076600899461));
#3622=CARTESIAN_POINT('Ctrl Pts',(1.74597802822302,1.78749661196337,-3.72353524647588));
#3623=CARTESIAN_POINT('Ctrl Pts',(2.77823097827358,0.346299433235109,-3.8290737214384));
#3624=CARTESIAN_POINT('Ctrl Pts',(1.80212894771915,-2.14606592438265,-3.98738143388218));
#3625=CARTESIAN_POINT('Ctrl Pts',(-0.81707395853677,-2.67787885510414,-4.14568914632597));
#3626=CARTESIAN_POINT('Ctrl Pts',(-2.69116496022574,-0.774937821760482,
-4.30399685876974));
#3627=CARTESIAN_POINT('Ctrl Pts',(-2.11570753753743,1.83526868326726,-4.46230457121354));
#3628=CARTESIAN_POINT('Ctrl Pts',(0.38632803031835,2.77365263560398,-4.62061228365731));
#3629=CARTESIAN_POINT('Ctrl Pts',(2.53645888562552,1.18722904723298,-4.7789199961011));
#3630=CARTESIAN_POINT('Ctrl Pts',(2.37735563150895,-1.48035524974669,-4.93722770854489));
#3631=CARTESIAN_POINT('Ctrl Pts',(0.0537374144022326,-2.80001872317086,
-5.09553542098866));
#3632=CARTESIAN_POINT('Ctrl Pts',(-2.31878157474968,-1.5704669969373,-5.25384313343245));
#3633=CARTESIAN_POINT('Ctrl Pts',(-2.58017426396537,1.08895459812312,-5.41215084587623));
#3634=CARTESIAN_POINT('Ctrl Pts',(-0.492435609334202,2.75691698742214,-5.57045855832002));
#3635=CARTESIAN_POINT('Ctrl Pts',(2.04363847834783,1.91484862294211,-5.7287662707638));
#3636=CARTESIAN_POINT('Ctrl Pts',(2.71907981937192,-0.670602388646778,-5.88707398320759));
#3637=CARTESIAN_POINT('Ctrl Pts',(0.918928744551279,-2.64549953209768,-6.04538169565136));
#3638=CARTESIAN_POINT('Ctrl Pts',(-1.71786227102291,-2.21179791284245,-6.20368940809516));
#3639=CARTESIAN_POINT('Ctrl Pts',(-2.79062253929023,0.235640092879639,-6.36199712053893));
#3640=CARTESIAN_POINT('Ctrl Pts',(-1.32265500881241,2.46853874575568,-6.52030483298273));
#3641=CARTESIAN_POINT('Ctrl Pts',(1.34952624771798,2.45395174427882,-6.6786125454265));
#3642=CARTESIAN_POINT('Ctrl Pts',(2.79302877268471,0.20515955180145,-6.83692025787029));
#3643=CARTESIAN_POINT('Ctrl Pts',(1.69361285703137,-2.23042049548549,-6.99522797031408));
#3644=CARTESIAN_POINT('Ctrl Pts',(-0.947756133143726,-2.63530993870758,
-7.15353568275785));
#3645=CARTESIAN_POINT('Ctrl Pts',(-2.72623873345231,-0.640876362158228,
-7.31184339520164));
#3646=CARTESIAN_POINT('Ctrl Pts',(-2.02261202976997,1.9370443238844,-7.47015110764542));
#3647=CARTESIAN_POINT('Ctrl Pts',(0.522505687201181,2.75137928168855,-7.6284588200892));
#3648=CARTESIAN_POINT('Ctrl Pts',(2.59190709653575,1.06071567568794,-7.78676653253299));
#3649=CARTESIAN_POINT('Ctrl Pts',(2.30150170163025,-1.59567855735046,-7.94507424497677));
#3650=CARTESIAN_POINT('Ctrl Pts',(-0.0843103462607305,-2.79928417774654,
-8.10338195742056));
#3651=CARTESIAN_POINT('Ctrl Pts',(-2.39336187726451,-1.45427613134466,-8.26168966986434));
#3652=CARTESIAN_POINT('Ctrl Pts',(-2.52337248133452,1.21478041725132,-8.41999738230813));
#3653=CARTESIAN_POINT('Ctrl Pts',(-0.355973753894334,2.77783779735312,-8.5783050947519));
#3654=CARTESIAN_POINT('Ctrl Pts',(2.13552196282097,1.81180740921599,-8.7366128071957));
#3655=CARTESIAN_POINT('Ctrl Pts',(2.68272759893724,-0.803786521212147,-8.89492051963948));
#3656=CARTESIAN_POINT('Ctrl Pts',(0.787438730037374,-2.68757146662958,-9.05322823208326));
#3657=CARTESIAN_POINT('Ctrl Pts',(-1.82477524595297,-2.12445179835846,-9.21153594452704));
#3658=CARTESIAN_POINT('Ctrl Pts',(-2.77561908771638,0.372879097962162,-9.36984365697083));
#3659=CARTESIAN_POINT('Ctrl Pts',(-1.19939518974312,2.53072150198644,-9.52815136941461));
#3660=CARTESIAN_POINT('Ctrl Pts',(1.46882036681558,2.38446364447461,-9.6864590818584));
#3661=CARTESIAN_POINT('Ctrl Pts',(2.79974559384889,0.0672662732543311,-9.84476679430218));
#3662=CARTESIAN_POINT('Ctrl Pts',(1.58163705720825,-2.31117380589599,-10.003074506746));
#3663=CARTESIAN_POINT('Ctrl Pts',(-1.07647598182704,-2.58540124590813,-10.1613822191897));
#3664=CARTESIAN_POINT('Ctrl Pts',(-2.75450939166676,-0.505745146307419,
-10.3196899316335));
#3665=CARTESIAN_POINT('Ctrl Pts',(-1.92469442516051,2.03436759499114,-10.4779976440773));
#3666=CARTESIAN_POINT('Ctrl Pts',(0.657462284562765,2.72228644454829,-10.6363053565211));
#3667=CARTESIAN_POINT('Ctrl Pts',(2.64103119210331,0.931694361972448,-10.7946130689649));
#3668=CARTESIAN_POINT('Ctrl Pts',(2.22006816846478,-1.70716064538852,-10.9529207814087));
#3669=CARTESIAN_POINT('Ctrl Pts',(-0.222160191391337,-2.79172795794197,
-11.1112284938524));
#3670=CARTESIAN_POINT('Ctrl Pts',(-2.46212237747619,-1.33456117886178,-11.2695362062962));
#3671=CARTESIAN_POINT('Ctrl Pts',(-2.46044050694646,1.33765939370638,-11.42784391874));
#3672=CARTESIAN_POINT('Ctrl Pts',(-0.218645842062522,2.79200539711919,-11.5861516311838));
#3673=CARTESIAN_POINT('Ctrl Pts',(2.22221535048336,1.70436471386555,-11.7444593436276));
#3674=CARTESIAN_POINT('Ctrl Pts',(2.63985630081086,-0.935018102960087,-11.9027670560714));
#3675=CARTESIAN_POINT('Ctrl Pts',(0.654035001997422,-2.72311188862231,-12.0610747685152));
#3676=CARTESIAN_POINT('Ctrl Pts',(-1.92725372299175,-2.03194321500585,-12.2193824809589));
#3677=CARTESIAN_POINT('Ctrl Pts',(-2.75387058712841,0.509212068928949,-12.3776901934027));
#3678=CARTESIAN_POINT('Ctrl Pts',(-1.07322067574033,2.58675424479354,-12.5359979058465));
#3679=CARTESIAN_POINT('Ctrl Pts',(1.58454506515224,2.3091810406063,-12.6943056182903));
#3680=CARTESIAN_POINT('Ctrl Pts',(2.79965870222149,-0.070790485726157,-12.8526133307341));
#3681=CARTESIAN_POINT('Ctrl Pts',(1.46581768626611,-2.38631067810195,-13.0109210431778));
#3682=CARTESIAN_POINT('Ctrl Pts',(-1.20257986292998,-2.52920972144843,-13.1692287556216));
#3683=CARTESIAN_POINT('Ctrl Pts',(-2.77608626170945,-0.369384906759755,
-13.3275364680654));
#3684=CARTESIAN_POINT('Ctrl Pts',(-1.82209958129065,2.1267471071226,-13.4858441805092));
#3685=CARTESIAN_POINT('Ctrl Pts',(0.790821169313129,2.68657812467089,-13.644151892953));
#3686=CARTESIAN_POINT('Ctrl Pts',(2.68373726448101,0.800408918634655,-13.8024596053968));
#3687=CARTESIAN_POINT('Ctrl Pts',(2.13323960269112,-1.81449412765767,-13.9607673178405));
#3688=CARTESIAN_POINT('Ctrl Pts',(-0.359470160517206,-2.77738750366089,
-14.1190750302843));
#3689=CARTESIAN_POINT('Ctrl Pts',(-2.52489962432803,-1.21160308222704,-14.2773827427281));
#3690=CARTESIAN_POINT('Ctrl Pts',(-2.39152936632121,1.45728769699644,-14.4356904551719));
#3691=CARTESIAN_POINT('Ctrl Pts',(-0.0807865945531415,2.7993880881247,-14.5939981676157));
#3692=CARTESIAN_POINT('Ctrl Pts',(2.30350848768935,1.59278020735348,-14.7523058800595));
#3693=CARTESIAN_POINT('Ctrl Pts',(2.59056983450597,-1.06397747830562,-14.9106135925033));
#3694=CARTESIAN_POINT('Ctrl Pts',(0.519041890274478,-2.75203482135205,-15.068921304947));
#3695=CARTESIAN_POINT('Ctrl Pts',(-2.02504874178752,-1.93449676535751,-15.2272290173908));
#3696=CARTESIAN_POINT('Ctrl Pts',(-2.72542984994032,0.644307593349752,-15.3855367298346));
#3697=CARTESIAN_POINT('Ctrl Pts',(-0.944438106471854,2.63650086380373,-15.5438444422784));
#3698=CARTESIAN_POINT('Ctrl Pts',(1.69641912848494,2.228286849197,-15.7021521547222));
#3699=CARTESIAN_POINT('Ctrl Pts',(2.79276830336976,-0.208675215315759,-15.860459867166));
#3700=CARTESIAN_POINT('Ctrl Pts',(1.34643620212419,-2.45564852847538,-16.0187675796097));
#3701=CARTESIAN_POINT('Ctrl Pts',(-1.32576133039058,-2.46687191330132,-16.1770752920535));
#3702=CARTESIAN_POINT('Ctrl Pts',(-2.79091690839218,-0.232127017480828,
-16.3353830044973));
#3703=CARTESIAN_POINT('Ctrl Pts',(-1.7150768163835,2.213958368104,-16.4936907169411));
#3704=CARTESIAN_POINT('Ctrl Pts',(0.92225826354874,2.64434109696726,-16.6519984293849));
#3705=CARTESIAN_POINT('Ctrl Pts',(2.71992153266429,0.667178385398544,-16.8103061418287));
#3706=CARTESIAN_POINT('Ctrl Pts',(2.0412270082226,-1.91741817105621,-16.9686138542724));
#3707=CARTESIAN_POINT('Ctrl Pts',(-0.495906573937134,-2.75629766384545,
-17.1269215667162));
#3708=CARTESIAN_POINT('Ctrl Pts',(-2.58154106154666,-1.0857006444423,-17.28522927916));
#3709=CARTESIAN_POINT('Ctrl Pts',(-2.31680652182361,1.57337461598614,-17.4435369916038));
#3710=CARTESIAN_POINT('Ctrl Pts',(0.0572689740932487,2.79996792953066,-17.6018447040476));
#3711=CARTESIAN_POINT('Ctrl Pts',(2.37920382234003,1.47732505345182,-17.7601524164914));
#3712=CARTESIAN_POINT('Ctrl Pts',(2.53498797206219,-1.19035126046637,-17.9184601289352));
#3713=CARTESIAN_POINT('Ctrl Pts',(0.382787444358399,-2.77426997861338,-18.0767678413789));
#3714=CARTESIAN_POINT('Ctrl Pts',(-2.11792264868726,-1.8323492560021,-18.2350755538227));
#3715=CARTESIAN_POINT('Ctrl Pts',(-2.69036599056282,0.777837372859379,-18.3933832662665));
#3716=CARTESIAN_POINT('Ctrl Pts',(-0.813360439063308,2.67984046875195,-18.5516909787103));
#3717=CARTESIAN_POINT('Ctrl Pts',(1.80417068939013,2.14197765285716,-18.7099986911541));
#3718=CARTESIAN_POINT('Ctrl Pts',(2.77909114179128,-0.346052839044992,-18.8683064035979));
#3719=CARTESIAN_POINT('Ctrl Pts',(1.22378271614114,-2.51901885770395,-19.0266141160416));
#3720=CARTESIAN_POINT('Ctrl Pts',(-1.44572103843391,-2.39853930983495,-19.1849218284854));
#3721=CARTESIAN_POINT('Ctrl Pts',(-2.79896529146053,-0.0943050316428675,
-19.3432295409292));
#3722=CARTESIAN_POINT('Ctrl Pts',(-1.60388620862421,2.2957894440865,-19.501537253373));
#3723=CARTESIAN_POINT('Ctrl Pts',(1.05145415932905,2.59567800249252,-19.6598449658168));
#3724=CARTESIAN_POINT('Ctrl Pts',(2.74949606453136,0.532326528477044,-19.8181526782606));
#3725=CARTESIAN_POINT('Ctrl Pts',(1.94425398672563,-2.01568265778504,-19.9764603907043));
#3726=CARTESIAN_POINT('Ctrl Pts',(-0.631137874763965,-2.72850968934185,
-20.1347681031481));
#3727=CARTESIAN_POINT('Ctrl Pts',(-2.63190904363015,-0.957159823567494,
-20.2930758155919));
#3728=CARTESIAN_POINT('Ctrl Pts',(-2.23645355894905,1.68563804550622,-20.4513835280357));
#3729=CARTESIAN_POINT('Ctrl Pts',(0.195185372247637,2.79374351225277,-20.6096912404795));
#3730=CARTESIAN_POINT('Ctrl Pts',(2.44911740567204,1.35827982206472,-20.7679989529232));
#3731=CARTESIAN_POINT('Ctrl Pts',(2.47324578408737,-1.31383234595892,-20.9263066653671));
#3732=CARTESIAN_POINT('Ctrl Pts',(0.245602778933417,-2.78976332630101,-21.0846143778108));
#3733=CARTESIAN_POINT('Ctrl Pts',(-2.20564974893179,-1.72574891766765,-21.2429220902546));
#3734=CARTESIAN_POINT('Ctrl Pts',(-2.64876421838963,0.909476914040525,-21.4012298026984));
#3735=CARTESIAN_POINT('Ctrl Pts',(-0.680306208004784,2.71666773918786,-21.5595375151421));
#3736=CARTESIAN_POINT('Ctrl Pts',(1.90753789862079,2.05046319331006,-21.717845227586));
#3737=CARTESIAN_POINT('Ctrl Pts',(2.75866045463299,-0.482589512772507,-21.8761529400297));
#3738=CARTESIAN_POINT('Ctrl Pts',(1.09815529103341,-2.5762676682692,-22.0344606524735));
#3739=CARTESIAN_POINT('Ctrl Pts',(-1.56216747054774,-2.32437796749075,-22.1927683649173));
#3740=CARTESIAN_POINT('Ctrl Pts',(-2.80021185237607,0.0437461267594446,
-22.3510760773611));
#3741=CARTESIAN_POINT('Ctrl Pts',(-1.48879796455706,2.37204147571761,-22.5093837898049));
#3742=CARTESIAN_POINT('Ctrl Pts',(1.17809489509526,2.54070709841662,-22.6676915022487));
#3743=CARTESIAN_POINT('Ctrl Pts',(2.77238899041428,0.39618105409444,-22.8259992146924));
#3744=CARTESIAN_POINT('Ctrl Pts',(1.84255619430071,-2.1090487933278,-22.9843069271362));
#3745=CARTESIAN_POINT('Ctrl Pts',(-0.764835434679098,-2.69409110826911,
-23.14261463958));
#3746=CARTESIAN_POINT('Ctrl Pts',(-2.67588117032664,-0.826292989250154,
-23.3009223520238));
#3747=CARTESIAN_POINT('Ctrl Pts',(-2.15066574505761,1.79380517192559,-23.4592300644676));
#3748=CARTESIAN_POINT('Ctrl Pts',(0.332627446482421,2.78072996237515,-23.6175377769114));
#3749=CARTESIAN_POINT('Ctrl Pts',(2.51307933927211,1.23593380741266,-23.7758454893551));
#3750=CARTESIAN_POINT('Ctrl Pts',(2.40549331152228,-1.43412066089371,-23.9341532017989));
#3751=CARTESIAN_POINT('Ctrl Pts',(0.107821269226657,-2.79847721373029,-24.0924609142427));
#3752=CARTESIAN_POINT('Ctrl Pts',(-2.28801685511625,-1.6149548019674,-24.2507686266865));
#3753=CARTESIAN_POINT('Ctrl Pts',(-2.60072563073729,1.03890631693528,-24.4090763391303));
#3754=CARTESIAN_POINT('Ctrl Pts',(-0.545598751056987,2.74689318050664,-24.5673840515741));
#3755=CARTESIAN_POINT('Ctrl Pts',(2.00626956139958,1.95396586152278,-24.7256917640179));
#3756=CARTESIAN_POINT('Ctrl Pts',(2.73152589098201,-0.617953435638467,-24.8839994764616));
#3757=CARTESIAN_POINT('Ctrl Pts',(0.96985921643023,-2.62725583930608,-25.0423071889055));
#3758=CARTESIAN_POINT('Ctrl Pts',(-1.67481764767918,-2.24456810604742,-25.2006149013491));
#3759=CARTESIAN_POINT('Ctrl Pts',(-2.79465356227316,0.18169097452228,-25.358922613793));
#3760=CARTESIAN_POINT('Ctrl Pts',(-1.37009176163447,2.4425291657755,-25.5172303262368));
#3761=CARTESIAN_POINT('Ctrl Pts',(1.30187271707315,2.47956196226757,-25.6755380386805));
#3762=CARTESIAN_POINT('Ctrl Pts',(2.78854468073604,0.259072828136811,-25.8338457511244));
#3763=CARTESIAN_POINT('Ctrl Pts',(1.73638076310287,-2.1972897173689,-25.9921534635681));
#3764=CARTESIAN_POINT('Ctrl Pts',(-0.896674341628849,-2.65312550338238,
-26.1504611760119));
#3765=CARTESIAN_POINT('Ctrl Pts',(-2.71335060493878,-0.693418275534565,
-26.3087688884557));
#3766=CARTESIAN_POINT('Ctrl Pts',(-2.05965151497729,1.89761335005581,-26.4670766008994));
#3767=CARTESIAN_POINT('Ctrl Pts',(0.469261119805766,2.76095849540161,-26.6253843133433));
#3768=CARTESIAN_POINT('Ctrl Pts',(2.57093433368127,1.1105851069023,-26.783692025787));
#3769=CARTESIAN_POINT('Ctrl Pts',(2.33189492242203,-1.55092538497166,-26.9419997382309));
#3770=CARTESIAN_POINT('Ctrl Pts',(-0.0302217265173651,-2.80038760747925,
-27.1003074506746));
#3771=CARTESIAN_POINT('Ctrl Pts',(-2.36482482349334,-1.50024161500484,-27.2586151631184));
#3772=CARTESIAN_POINT('Ctrl Pts',(-2.54636502055698,1.16582149660734,-27.4169228755622));
#3773=CARTESIAN_POINT('Ctrl Pts',(-0.409569144940518,2.7704233747438,-27.5752305880059));
#3774=CARTESIAN_POINT('Ctrl Pts',(2.10013286232839,1.85275832873265,-27.7335383004498));
#3775=CARTESIAN_POINT('Ctrl Pts',(2.69773979009402,-0.751888631384862,-27.8918460128935));
#3776=CARTESIAN_POINT('Ctrl Pts',(0.839232268873631,-2.67171994956129,-28.0501537253373));
#3777=CARTESIAN_POINT('Ctrl Pts',(-1.78344752418645,-2.15957043243498,-28.2084614377811));
#3778=CARTESIAN_POINT('Ctrl Pts',(-2.78220890775867,0.319704651717877,-28.3667691502249));
#3779=CARTESIAN_POINT('Ctrl Pts',(-1.24823765113679,2.50610210937571,-28.5250768626687));
#3780=CARTESIAN_POINT('Ctrl Pts',(1.4228333019019,2.41429349727878,-28.6833845751124));
#3781=CARTESIAN_POINT('Ctrl Pts',(2.79726677685676,0.117427616817109,-28.8416922875563));
#3782=CARTESIAN_POINT('Ctrl Pts',(2.01728560743607,-1.4744972671556,-28.9472307625187));
#3783=CARTESIAN_POINT('Ctrl Pts',(1.377024790131,-1.93106208855766,-29.));
#3784=CARTESIAN_POINT('Ctrl Pts',(1.12236674703443,2.3028857793927,-3.78051067266308));
#3785=CARTESIAN_POINT('Ctrl Pts',(1.88590901737929,1.9307550980281,-3.83327991014434));
#3786=CARTESIAN_POINT('Ctrl Pts',(3.00089163185013,0.374053518025142,-3.93881838510686));
#3787=CARTESIAN_POINT('Ctrl Pts',(1.94656013881389,-2.31806186175368,-4.09712609755065));
#3788=CARTESIAN_POINT('Ctrl Pts',(-0.882558154433701,-2.89249681190441,
-4.25543380999442));
#3789=CARTESIAN_POINT('Ctrl Pts',(-2.90684772872561,-0.837045027109398,
-4.41374152243821));
#3790=CARTESIAN_POINT('Ctrl Pts',(-2.28527040929607,1.98235585049725,-4.57204923488199));
#3791=CARTESIAN_POINT('Ctrl Pts',(0.417290197394572,2.99594635900838,-4.73035694732578));
#3792=CARTESIAN_POINT('Ctrl Pts',(2.73974277298408,1.28237923368947,-4.88866465976956));
#3793=CARTESIAN_POINT('Ctrl Pts',(2.56788822683138,-1.59899796520547,-5.04697237221335));
#3794=CARTESIAN_POINT('Ctrl Pts',(0.0580441865554022,-3.02442555032215,
-5.20528008465713));
#3795=CARTESIAN_POINT('Ctrl Pts',(-2.50461976638049,-1.69633169670237,-5.36358779710091));
#3796=CARTESIAN_POINT('Ctrl Pts',(-2.78696170980721,1.17622860249117,-5.5218955095447));
#3797=CARTESIAN_POINT('Ctrl Pts',(-0.531901742811284,2.977869436328,-5.68020322198848));
#3798=CARTESIAN_POINT('Ctrl Pts',(2.20742539269067,2.068313705298,-5.83851093443227));
#3799=CARTESIAN_POINT('Ctrl Pts',(2.93699981754441,-0.724347655801955,-5.99681864687605));
#3800=CARTESIAN_POINT('Ctrl Pts',(0.992576067776792,-2.85752245584298,-6.15512635931983));
#3801=CARTESIAN_POINT('Ctrl Pts',(-1.85553992958035,-2.38906192461974,-6.31343407176362));
#3802=CARTESIAN_POINT('Ctrl Pts',(-3.01427631154423,0.254525411450968,-6.4717417842074));
#3803=CARTESIAN_POINT('Ctrl Pts',(-1.42865887638913,2.66637918983948,-6.63004949665118));
#3804=CARTESIAN_POINT('Ctrl Pts',(1.45768370427414,2.65062311663748,-6.78835720909497));
#3805=CARTESIAN_POINT('Ctrl Pts',(3.01687539193541,0.221602014738767,-6.94666492153875));
#3806=CARTESIAN_POINT('Ctrl Pts',(1.82934705213654,-2.4091770096699,-7.10497263398253));
#3807=CARTESIAN_POINT('Ctrl Pts',(-1.02371382049487,-2.84651621994127,-7.26328034642632));
#3808=CARTESIAN_POINT('Ctrl Pts',(-2.94473248107203,-0.692239244069709,
-7.4215880588701));
#3809=CARTESIAN_POINT('Ctrl Pts',(-2.18471378444848,2.09228827535414,-7.57989577131389));
#3810=CARTESIAN_POINT('Ctrl Pts',(0.564381779836933,2.97188791250025,-7.73820348375766));
#3811=CARTESIAN_POINT('Ctrl Pts',(2.79963486742216,1.145726478409,-7.89651119620146));
#3812=CARTESIAN_POINT('Ctrl Pts',(2.48595500198577,-1.72356383156137,-8.05481890864523));
#3813=CARTESIAN_POINT('Ctrl Pts',(-0.091067378684783,-3.02363213493146,
-8.21312662108902));
#3814=CARTESIAN_POINT('Ctrl Pts',(-2.58517728930345,-1.57082874213125,-8.3714343335328));
#3815=CARTESIAN_POINT('Ctrl Pts',(-2.72560756196851,1.31213870163171,-8.5297420459766));
#3816=CARTESIAN_POINT('Ctrl Pts',(-0.384503184786882,3.00046693953936,-8.68804975842036));
#3817=CARTESIAN_POINT('Ctrl Pts',(2.30667285692852,1.95701427827967,-8.84635747086416));
#3818=CARTESIAN_POINT('Ctrl Pts',(2.89773415714587,-0.868205798640385,-9.00466518330794));
#3819=CARTESIAN_POINT('Ctrl Pts',(0.850547817673617,-2.90296623544945,-9.16297289575173));
#3820=CARTESIAN_POINT('Ctrl Pts',(-1.97102141917313,-2.29471547679757,-9.3212806081955));
#3821=CARTESIAN_POINT('Ctrl Pts',(-2.99807041195238,0.402763403589227,-9.47958832063928));
#3822=CARTESIAN_POINT('Ctrl Pts',(-1.29552042876507,2.73354556811311,-9.63789603308308));
#3823=CARTESIAN_POINT('Ctrl Pts',(1.58653862185605,2.57556590978667,-9.79620374552685));
#3824=CARTESIAN_POINT('Ctrl Pts',(3.02413053111635,0.0726573125464477,-9.95451145797064));
#3825=CARTESIAN_POINT('Ctrl Pts',(1.70839697876729,-2.49640227472171,-10.1128191704144));
#3826=CARTESIAN_POINT('Ctrl Pts',(-1.1627498904932,-2.79260760696068,-10.2711268828582));
#3827=CARTESIAN_POINT('Ctrl Pts',(-2.97526888438985,-0.546277969424211,
-10.429434595302));
#3828=CARTESIAN_POINT('Ctrl Pts',(-2.07894859696722,2.19741149661704,-10.5877423077458));
#3829=CARTESIAN_POINT('Ctrl Pts',(0.710154441236384,2.94046343692434,-10.7460500201895));
#3830=CARTESIAN_POINT('Ctrl Pts',(2.85269600181442,1.00636478253599,-10.9043577326333));
#3831=CARTESIAN_POINT('Ctrl Pts',(2.39799499788989,-1.84398062473328,-11.0626654450771));
#3832=CARTESIAN_POINT('Ctrl Pts',(-0.239965166499867,-3.01547032370795,
-11.2209731575209));
#3833=CARTESIAN_POINT('Ctrl Pts',(-2.65944858326738,-1.44151926357362,-11.3792808699647));
#3834=CARTESIAN_POINT('Ctrl Pts',(-2.65763191962855,1.44486578410181,-11.5375885824085));
#3835=CARTESIAN_POINT('Ctrl Pts',(-0.236169160489295,3.0157699981813,-11.6958962948523));
#3836=CARTESIAN_POINT('Ctrl Pts',(2.40031426529495,1.84096061395084,-11.854204007296));
#3837=CARTESIAN_POINT('Ctrl Pts',(2.85142694914189,-1.00995490394573,-12.0125117197398));
#3838=CARTESIAN_POINT('Ctrl Pts',(0.706452479934104,-2.94135503601514,-12.1708194321836));
#3839=CARTESIAN_POINT('Ctrl Pts',(-2.08171300910764,-2.19479281528091,-12.3291271446274));
#3840=CARTESIAN_POINT('Ctrl Pts',(-2.97457888301541,0.550022747725451,-12.4874348570712));
#3841=CARTESIAN_POINT('Ctrl Pts',(-1.15923368868308,2.79406904161635,-12.645742569515));
#3842=CARTESIAN_POINT('Ctrl Pts',(1.71153804830857,2.49424979973715,-12.8040502819588));
#3843=CARTESIAN_POINT('Ctrl Pts',(3.02403667558038,-0.0764639721792529,
-12.9623579944025));
#3844=CARTESIAN_POINT('Ctrl Pts',(1.58329529219608,-2.57756097347986,-13.1206657068463));
#3845=CARTESIAN_POINT('Ctrl Pts',(-1.29896033681857,-2.73191262628747,-13.2789734192901));
#3846=CARTESIAN_POINT('Ctrl Pts',(-2.99857502749278,-0.398989171273259,
-13.4372811317339));
#3847=CARTESIAN_POINT('Ctrl Pts',(-1.96813131400994,2.29719474253058,-13.5955888441777));
#3848=CARTESIAN_POINT('Ctrl Pts',(0.854201341731645,2.90189328233837,-13.7538965566214));
#3849=CARTESIAN_POINT('Ctrl Pts',(2.89882474209182,0.864557498916638,-13.9122042690653));
#3850=CARTESIAN_POINT('Ctrl Pts',(2.30420757759496,-1.9599163231247,-14.070511981509));
#3851=CARTESIAN_POINT('Ctrl Pts',(-0.388279810077654,-2.99998055716746,
-14.2288196939528));
#3852=CARTESIAN_POINT('Ctrl Pts',(-2.72725709746995,-1.30870671985607,-14.3871274063966));
#3853=CARTESIAN_POINT('Ctrl Pts',(-2.58319791221133,1.5740816689879,-14.5454351188404));
#3854=CARTESIAN_POINT('Ctrl Pts',(-0.0872612167440522,3.02374437318188,
-14.7037428312842));
#3855=CARTESIAN_POINT('Ctrl Pts',(2.48812262143094,1.72043319400093,-14.8620505437279));
#3856=CARTESIAN_POINT('Ctrl Pts',(2.79819043084862,-1.149249697413,-15.0203582561717));
#3857=CARTESIAN_POINT('Ctrl Pts',(0.560640377738583,-2.97259599023242,-15.1786659686155));
#3858=CARTESIAN_POINT('Ctrl Pts',(-2.18734578616466,-2.08953654336181,-15.3369736810593));
#3859=CARTESIAN_POINT('Ctrl Pts',(-2.94385876978551,0.695945470459867,-15.4952813935031));
#3860=CARTESIAN_POINT('Ctrl Pts',(-1.02012987137338,2.84780259144282,-15.6535891059469));
#3861=CARTESIAN_POINT('Ctrl Pts',(1.83237823154086,2.40687236281277,-15.8118968183906));
#3862=CARTESIAN_POINT('Ctrl Pts',(3.01659404736984,-0.22539944025991,-15.9702045308344));
#3863=CARTESIAN_POINT('Ctrl Pts',(1.4543460077194,-2.6524558891954,-16.1285122432782));
#3864=CARTESIAN_POINT('Ctrl Pts',(-1.43201415336311,-2.66457876949893,-16.286819955722));
#3865=CARTESIAN_POINT('Ctrl Pts',(-3.01459427278705,-0.250730781469221,
-16.4451276681658));
#3866=CARTESIAN_POINT('Ctrl Pts',(-1.85253123534877,2.39139552904864,-16.6034353806096));
#3867=CARTESIAN_POINT('Ctrl Pts',(0.996172430273549,2.85627117820763,-16.7617430930533));
#3868=CARTESIAN_POINT('Ctrl Pts',(2.93790898974617,0.72064923663687,-16.9200508054971));
#3869=CARTESIAN_POINT('Ctrl Pts',(2.20482065587221,-2.07108918922772,-17.0783585179409));
#3870=CARTESIAN_POINT('Ctrl Pts',(-0.535650887037543,-2.97720047721221,
-17.2366662303847));
#3871=CARTESIAN_POINT('Ctrl Pts',(-2.78843804905195,-1.17271386147517,-17.3949739428284));
#3872=CARTESIAN_POINT('Ctrl Pts',(-2.50248642331264,1.6994723461806,-17.5532816552723));
#3873=CARTESIAN_POINT('Ctrl Pts',(0.0618587822485091,3.02437068583787,-17.711589367716));
#3874=CARTESIAN_POINT('Ctrl Pts',(2.56988454047214,1.59572491455732,-17.8698970801598));
#3875=CARTESIAN_POINT('Ctrl Pts',(2.73815397340697,-1.28575167595156,-18.0282047926036));
#3876=CARTESIAN_POINT('Ctrl Pts',(0.413465852024373,-2.9966131788248,-18.1865125050474));
#3877=CARTESIAN_POINT('Ctrl Pts',(-2.28766304999627,-1.97920244643605,-18.3448202174912));
#3878=CARTESIAN_POINT('Ctrl Pts',(-2.90598472583122,0.840176962033772,-18.5031279299349));
#3879=CARTESIAN_POINT('Ctrl Pts',(-0.878547015835141,2.89461563860625,-18.6614356423788));
#3880=CARTESIAN_POINT('Ctrl Pts',(1.94876551538004,2.31364593669002,-18.8197433548225));
#3881=CARTESIAN_POINT('Ctrl Pts',(3.00182073296608,-0.373787160602977,-18.9780510672663));
#3882=CARTESIAN_POINT('Ctrl Pts',(1.32186248760095,-2.72090501821914,-19.1363587797101));
#3883=CARTESIAN_POINT('Ctrl Pts',(-1.56158800335671,-2.59076966596205,-19.2946664921539));
#3884=CARTESIAN_POINT('Ctrl Pts',(-3.02328769158074,-0.101863085723091,
-19.4529742045977));
#3885=CARTESIAN_POINT('Ctrl Pts',(-1.73242928307246,2.47978493693501,-19.6112819170415));
#3886=CARTESIAN_POINT('Ctrl Pts',(1.13572270004898,2.80370799172991,-19.7695896294852));
#3887=CARTESIAN_POINT('Ctrl Pts',(2.96985376535691,0.574989710074878,-19.927897341929));
#3888=CARTESIAN_POINT('Ctrl Pts',(2.10007575488983,-2.17722905961237,-20.0862050543728));
#3889=CARTESIAN_POINT('Ctrl Pts',(-0.681720267945399,-2.94718544217516,
-20.2445127668166));
#3890=CARTESIAN_POINT('Ctrl Pts',(-2.84284276094579,-1.03387116742601,-20.4028204792603));
#3891=CARTESIAN_POINT('Ctrl Pts',(-2.41569359155376,1.8207331012597,-20.5611281917042));
#3892=CARTESIAN_POINT('Ctrl Pts',(0.21082845696346,3.01764741413425,-20.7194359041479));
#3893=CARTESIAN_POINT('Ctrl Pts',(2.64540133112575,1.46713883173161,-20.8777436165917));
#3894=CARTESIAN_POINT('Ctrl Pts',(2.67146347262619,-1.41912912334314,-21.0360513290355));
#3895=CARTESIAN_POINT('Ctrl Pts',(0.265286554582445,-3.01334823713664,-21.1943590414793));
#3896=CARTESIAN_POINT('Ctrl Pts',(-2.38242101759113,-1.86405864962365,-21.3526667539231));
#3897=CARTESIAN_POINT('Ctrl Pts',(-2.86104878963261,0.982366722582975,-21.5109744663668));
#3898=CARTESIAN_POINT('Ctrl Pts',(-0.734829185428584,2.93439442177412,-21.6692821788107));
#3899=CARTESIAN_POINT('Ctrl Pts',(2.06041706473422,2.21479707279216,-21.8275898912544));
#3900=CARTESIAN_POINT('Ctrl Pts',(2.97975263329916,-0.521266533208691,-21.9858976036982));
#3901=CARTESIAN_POINT('Ctrl Pts',(1.18616668272193,-2.78274202093855,-22.144205316142));
#3902=CARTESIAN_POINT('Ctrl Pts',(-1.68736700676641,-2.51066468067181,-22.3025130285858));
#3903=CARTESIAN_POINT('Ctrl Pts',(-3.02463415782106,0.0472521495674422,
-22.4608207410296));
#3904=CARTESIAN_POINT('Ctrl Pts',(-1.6081173193638,2.56214816930224,-22.6191284534733));
#3905=CARTESIAN_POINT('Ctrl Pts',(1.27251302712549,2.74433145776759,-22.7774361659171));
#3906=CARTESIAN_POINT('Ctrl Pts',(2.99458143927887,0.427932889391485,-22.9357438783609));
#3907=CARTESIAN_POINT('Ctrl Pts',(1.99022741734979,-2.27807800163323,-23.0940515908047));
#3908=CARTESIAN_POINT('Ctrl Pts',(-0.826132986645059,-2.91000839220017,
-23.2523593032485));
#3909=CARTESIAN_POINT('Ctrl Pts',(-2.89033902316087,-0.892516042146376,
-23.4106670156922));
#3910=CARTESIAN_POINT('Ctrl Pts',(-2.32303033395035,1.93756925601126,-23.568974728136));
#3911=CARTESIAN_POINT('Ctrl Pts',(0.359285793182348,3.0035908964315,-23.7272824405798));
#3912=CARTESIAN_POINT('Ctrl Pts',(2.71448947851106,1.33498742516003,-23.8855901530236));
#3913=CARTESIAN_POINT('Ctrl Pts',(2.59828099444214,-1.5490579163485,-24.0438978654674));
#3914=CARTESIAN_POINT('Ctrl Pts',(0.116462578917315,-3.02276049697819,-24.2022055779112));
#3915=CARTESIAN_POINT('Ctrl Pts',(-2.47138941569108,-1.74438496616709,-24.3605132903549));
#3916=CARTESIAN_POINT('Ctrl Pts',(-2.80916016092638,1.12216921384437,-24.5188210027987));
#3917=CARTESIAN_POINT('Ctrl Pts',(-0.589325631741461,2.96704227381804,-24.6771287152425));
#3918=CARTESIAN_POINT('Ctrl Pts',(2.167061552881,2.11056598555684,-24.8354364276863));
#3919=CARTESIAN_POINT('Ctrl Pts',(2.95044337657036,-0.667479165117104,-24.9937441401301));
#3920=CARTESIAN_POINT('Ctrl Pts',(1.04758835007547,-2.83781662668029,-25.1520518525739));
#3921=CARTESIAN_POINT('Ctrl Pts',(-1.80904550525117,-2.42445847707774,-25.3103595650176));
#3922=CARTESIAN_POINT('Ctrl Pts',(-3.01863039989464,0.196252553977869,-25.4686672774615));
#3923=CARTESIAN_POINT('Ctrl Pts',(-1.47989743635736,2.6382850783272,-25.6269749899052));
#3924=CARTESIAN_POINT('Ctrl Pts',(1.40621099287667,2.67828585938757,-25.785282702349));
#3925=CARTESIAN_POINT('Ctrl Pts',(3.01203192351594,0.279836157639633,-25.9435904147928));
#3926=CARTESIAN_POINT('Ctrl Pts',(1.87554258175427,-2.37339097330926,-26.1018981272366));
#3927=CARTESIAN_POINT('Ctrl Pts',(-0.968538091084442,-2.86575960876221,
-26.2602058396804));
#3928=CARTESIAN_POINT('Ctrl Pts',(-2.93081143659844,-0.748992116457023,
-26.4185135521241));
#3929=CARTESIAN_POINT('Ctrl Pts',(-2.22472179028958,2.0496971156114,-26.5768212645679));
#3930=CARTESIAN_POINT('Ctrl Pts',(0.506869939393172,2.98223484999249,-26.7351289770117));
#3931=CARTESIAN_POINT('Ctrl Pts',(2.77698124753275,1.19959268319421,-26.8934366894555));
#3932=CARTESIAN_POINT('Ctrl Pts',(2.5187840801482,-1.67522392694561,-27.0517444018993));
#3933=CARTESIAN_POINT('Ctrl Pts',(-0.0326438395206434,-3.02482399877472,
-27.210052114343));
#3934=CARTESIAN_POINT('Ctrl Pts',(-2.55435314022109,-1.62047811842447,-27.3683598267869));
#3935=CARTESIAN_POINT('Ctrl Pts',(-2.75044283271714,1.25925598006757,-27.5266675392306));
#3936=CARTESIAN_POINT('Ctrl Pts',(-0.442393965558527,2.99245828981321,-27.6849752516744));
#3937=CARTESIAN_POINT('Ctrl Pts',(2.2684475054882,2.00124719939212,-27.8432829641182));
#3938=CARTESIAN_POINT('Ctrl Pts',(2.91394949675241,-0.812148564914572,-28.001590676562));
#3939=CARTESIAN_POINT('Ctrl Pts',(0.906492337223323,-2.88584430235808,-28.1598983890057));
#3940=CARTESIAN_POINT('Ctrl Pts',(-1.92638149708513,-2.33264868535596,-28.3182061014496));
#3941=CARTESIAN_POINT('Ctrl Pts',(-3.00518837153708,0.345327304139389,-28.4765138138933));
#3942=CARTESIAN_POINT('Ctrl Pts',(-1.3482773574803,2.70695306020267,-28.6348215263371));
#3943=CARTESIAN_POINT('Ctrl Pts',(1.53686593468495,2.60778646896961,-28.7931292387808));
#3944=CARTESIAN_POINT('Ctrl Pts',(3.02145304993255,0.126838824925032,-28.9514369512247));
#3945=CARTESIAN_POINT('Ctrl Pts',(2.17896047727767,-1.59267049600849,-29.0569754261872));
#3946=CARTESIAN_POINT('Ctrl Pts',(1.48738611075532,-2.0858265952159,-29.1097446636685));
#3947=CARTESIAN_POINT('Ctrl Pts',(1.20564430054382,2.47375567929494,-3.89025533633154));
#3948=CARTESIAN_POINT('Ctrl Pts',(2.02584000653557,2.07401358409283,-3.9430245738128));
#3949=CARTESIAN_POINT('Ctrl Pts',(3.22355228542668,0.401807602815175,-4.04856304877532));
#3950=CARTESIAN_POINT('Ctrl Pts',(2.09099132990862,-2.49005779912471,-4.20687076121911));
#3951=CARTESIAN_POINT('Ctrl Pts',(-0.948042350330628,-3.10711476870467,
-4.36517847366289));
#3952=CARTESIAN_POINT('Ctrl Pts',(-3.12253049722549,-0.899152232458312,
-4.52348618610667));
#3953=CARTESIAN_POINT('Ctrl Pts',(-2.45483328105471,2.12944301772724,-4.68179389855046));
#3954=CARTESIAN_POINT('Ctrl Pts',(0.448252364470791,3.21824008241278,-4.84010161099424));
#3955=CARTESIAN_POINT('Ctrl Pts',(2.94302666034263,1.37752942014597,-4.99840932343802));
#3956=CARTESIAN_POINT('Ctrl Pts',(2.75842082215382,-1.71764068066425,-5.15671703588181));
#3957=CARTESIAN_POINT('Ctrl Pts',(0.0623509587085687,-3.24883237747344,
-5.31502474832559));
#3958=CARTESIAN_POINT('Ctrl Pts',(-2.69045795801128,-1.82219639646745,-5.47333246076937));
#3959=CARTESIAN_POINT('Ctrl Pts',(-2.99374915564907,1.26350260685922,-5.63164017321316));
#3960=CARTESIAN_POINT('Ctrl Pts',(-0.571367876288359,3.19882188523387,-5.78994788565694));
#3961=CARTESIAN_POINT('Ctrl Pts',(2.37121230703351,2.22177878765388,-5.94825559810072));
#3962=CARTESIAN_POINT('Ctrl Pts',(3.1549198157169,-0.778092922957133,-6.10656331054451));
#3963=CARTESIAN_POINT('Ctrl Pts',(1.0662233910023,-3.06954537958827,-6.26487102298829));
#3964=CARTESIAN_POINT('Ctrl Pts',(-1.9932175881378,-2.56632593639704,-6.42317873543208));
#3965=CARTESIAN_POINT('Ctrl Pts',(-3.23793008379823,0.2734107300223,-6.58148644787586));
#3966=CARTESIAN_POINT('Ctrl Pts',(-1.53466274396584,2.86421963392327,-6.73979416031964));
#3967=CARTESIAN_POINT('Ctrl Pts',(1.5658411608303,2.84729448899614,-6.89810187276343));
#3968=CARTESIAN_POINT('Ctrl Pts',(3.24072201118609,0.238044477676081,-7.0564095852072));
#3969=CARTESIAN_POINT('Ctrl Pts',(1.96508124724172,-2.58793352385431,-7.214717297651));
#3970=CARTESIAN_POINT('Ctrl Pts',(-1.09967150784602,-3.05772250117496,-7.37302501009477));
#3971=CARTESIAN_POINT('Ctrl Pts',(-3.16322622869175,-0.743602125981193,
-7.53133272253857));
#3972=CARTESIAN_POINT('Ctrl Pts',(-2.34681553912699,2.24753222682389,-7.68964043498234));
#3973=CARTESIAN_POINT('Ctrl Pts',(0.606257872472681,3.19239654331194,-7.84794814742613));
#3974=CARTESIAN_POINT('Ctrl Pts',(3.00736263830857,1.23073728113005,-8.00625585986991));
#3975=CARTESIAN_POINT('Ctrl Pts',(2.67040830234129,-1.85144910577227,-8.1645635723137));
#3976=CARTESIAN_POINT('Ctrl Pts',(-0.0978244111088332,-3.24798009211637,
-8.32287128475748));
#3977=CARTESIAN_POINT('Ctrl Pts',(-2.7769927013424,-1.68738135291783,-8.48117899720126));
#3978=CARTESIAN_POINT('Ctrl Pts',(-2.9278426426025,1.40949698601211,-8.63948670964505));
#3979=CARTESIAN_POINT('Ctrl Pts',(-0.413032615679431,3.2230960817256,-8.79779442208883));
#3980=CARTESIAN_POINT('Ctrl Pts',(2.47782375103606,2.10222114734336,-8.95610213453261));
#3981=CARTESIAN_POINT('Ctrl Pts',(3.1127407153545,-0.932625076068627,-9.1144098469764));
#3982=CARTESIAN_POINT('Ctrl Pts',(0.913656905309854,-3.11836100426931,-9.27271755942018));
#3983=CARTESIAN_POINT('Ctrl Pts',(-2.11726759239328,-2.46497915523668,-9.43102527186396));
#3984=CARTESIAN_POINT('Ctrl Pts',(-3.22052173618839,0.43264770921629,-9.58933298430775));
#3985=CARTESIAN_POINT('Ctrl Pts',(-1.39164566778703,2.93636963423978,-9.74764069675154));
#3986=CARTESIAN_POINT('Ctrl Pts',(1.7042568768965,2.76666817509872,-9.90594840919531));
#3987=CARTESIAN_POINT('Ctrl Pts',(3.24851546838381,0.0780483518385671,-10.0642561216391));
#3988=CARTESIAN_POINT('Ctrl Pts',(1.83515690032633,-2.68163074354743,-10.2225638340829));
#3989=CARTESIAN_POINT('Ctrl Pts',(-1.24902379915936,-2.99981396801321,-10.3808715465267));
#3990=CARTESIAN_POINT('Ctrl Pts',(-3.19602837711294,-0.586810792541005,
-10.5391792589705));
#3991=CARTESIAN_POINT('Ctrl Pts',(-2.23320276877394,2.36045539824295,-10.6974869714142));
#3992=CARTESIAN_POINT('Ctrl Pts',(0.762846597910003,3.15864042930038,-10.855794683858));
#3993=CARTESIAN_POINT('Ctrl Pts',(3.06436081152552,1.08103520309953,-11.0141023963018));
#3994=CARTESIAN_POINT('Ctrl Pts',(2.575921827315,-1.98080060407805,-11.1724101087456));
#3995=CARTESIAN_POINT('Ctrl Pts',(-0.257770141608395,-3.23921268947394,
-11.3307178211894));
#3996=CARTESIAN_POINT('Ctrl Pts',(-2.85677478905858,-1.54847734828545,-11.4890255336332));
#3997=CARTESIAN_POINT('Ctrl Pts',(-2.85482333231063,1.55207217449724,-11.6473332460769));
#3998=CARTESIAN_POINT('Ctrl Pts',(-0.25369247891607,3.23953459924342,-11.8056409585207));
#3999=CARTESIAN_POINT('Ctrl Pts',(2.57841318010654,1.97755651403612,-11.9639486709645));
#4000=CARTESIAN_POINT('Ctrl Pts',(3.06299759747293,-1.08489170493136,-12.1222563834083));
#4001=CARTESIAN_POINT('Ctrl Pts',(0.758869957870787,-3.15959818340798,-12.2805640958521));
#4002=CARTESIAN_POINT('Ctrl Pts',(-2.23617229522353,-2.35764241555595,-12.4388718082959));
#4003=CARTESIAN_POINT('Ctrl Pts',(-3.19528717890241,0.590833426521946,-12.5971795207396));
#4004=CARTESIAN_POINT('Ctrl Pts',(-1.24524670162582,3.00138383843917,-12.7554872331834));
#4005=CARTESIAN_POINT('Ctrl Pts',(1.83853103146491,2.67931855886799,-12.9137949456272));
#4006=CARTESIAN_POINT('Ctrl Pts',(3.24841464893926,-0.0821374586323488,
-13.072102658071));
#4007=CARTESIAN_POINT('Ctrl Pts',(1.70077289812605,-2.76881126885777,-13.2304103705148));
#4008=CARTESIAN_POINT('Ctrl Pts',(-1.39534081070717,-2.9346155311265,-13.3887180829586));
#4009=CARTESIAN_POINT('Ctrl Pts',(-3.2210637932761,-0.428593435786761,-13.5470257954023));
#4010=CARTESIAN_POINT('Ctrl Pts',(-2.11416304672924,2.46764237793857,-13.7053335078461));
#4011=CARTESIAN_POINT('Ctrl Pts',(0.917581514150163,3.11720844000585,-13.8636412202899));
#4012=CARTESIAN_POINT('Ctrl Pts',(3.11391221970263,0.928706079198616,-14.0219489327337));
#4013=CARTESIAN_POINT('Ctrl Pts',(2.47517555249881,-2.10533851859174,-14.1802566451775));
#4014=CARTESIAN_POINT('Ctrl Pts',(-0.417089459638106,-3.22257361067403,
-14.3385643576213));
#4015=CARTESIAN_POINT('Ctrl Pts',(-2.92961457061187,-1.40581035748509,-14.496872070065));
#4016=CARTESIAN_POINT('Ctrl Pts',(-2.77486645810144,1.69087564097936,-14.6551797825088));
#4017=CARTESIAN_POINT('Ctrl Pts',(-0.0937358389349621,3.24810065823906,
-14.8134874949526));
#4018=CARTESIAN_POINT('Ctrl Pts',(2.67273675517254,1.84808618064838,-14.9717952073964));
#4019=CARTESIAN_POINT('Ctrl Pts',(3.00581102719127,-1.23452191652038,-15.1301029198402));
#4020=CARTESIAN_POINT('Ctrl Pts',(0.602238865202688,-3.19315715911278,-15.288410632284));
#4021=CARTESIAN_POINT('Ctrl Pts',(-2.34964283054178,-2.24457632136611,-15.4467183447277));
#4022=CARTESIAN_POINT('Ctrl Pts',(-3.16228768963069,0.747583347569982,-15.6050260571715));
#4023=CARTESIAN_POINT('Ctrl Pts',(-1.09582163627489,3.05910431908192,-15.7633337696153));
#4024=CARTESIAN_POINT('Ctrl Pts',(1.96833733459676,2.58545787642853,-15.9216414820591));
#4025=CARTESIAN_POINT('Ctrl Pts',(3.24041979136993,-0.242123665204061,-16.0799491945029));
#4026=CARTESIAN_POINT('Ctrl Pts',(1.5622558133146,-2.84926324991541,-16.2382569069467));
#4027=CARTESIAN_POINT('Ctrl Pts',(-1.53826697633563,-2.86228562569655,-16.3965646193904));
#4028=CARTESIAN_POINT('Ctrl Pts',(-3.23827163718193,-0.26933454545761,-16.5548723318342));
#4029=CARTESIAN_POINT('Ctrl Pts',(-1.98998565431405,2.56883268999328,-16.713180044278));
#4030=CARTESIAN_POINT('Ctrl Pts',(1.07008659699836,3.068201259448,-16.8714877567218));
#4031=CARTESIAN_POINT('Ctrl Pts',(3.15589644682804,0.774120087875192,-17.0297954691656));
#4032=CARTESIAN_POINT('Ctrl Pts',(2.36841430352182,-2.22476020739923,-17.1881031816094));
#4033=CARTESIAN_POINT('Ctrl Pts',(-0.575395200137956,-3.19810329057897,
-17.3464108940532));
#4034=CARTESIAN_POINT('Ctrl Pts',(-2.99533503655723,-1.25972707850805,-17.5047186064969));
#4035=CARTESIAN_POINT('Ctrl Pts',(-2.68816632480169,1.82557007637506,-17.6630263189407));
#4036=CARTESIAN_POINT('Ctrl Pts',(0.0664485904037729,3.24877344214508,-17.8213340313845));
#4037=CARTESIAN_POINT('Ctrl Pts',(2.76056525860423,1.71412477566281,-17.9796417438283));
#4038=CARTESIAN_POINT('Ctrl Pts',(2.94131997475176,-1.38115209143675,-18.1379494562721));
#4039=CARTESIAN_POINT('Ctrl Pts',(0.444144259690348,-3.21895637903622,-18.2962571687158));
#4040=CARTESIAN_POINT('Ctrl Pts',(-2.45740345130528,-2.12605563687,-18.4545648811597));
#4041=CARTESIAN_POINT('Ctrl Pts',(-3.12160346109961,0.902516551208164,-18.6128725936034));
#4042=CARTESIAN_POINT('Ctrl Pts',(-0.943733592606979,3.10939080846055,-18.7711803060472));
#4043=CARTESIAN_POINT('Ctrl Pts',(2.09336034136996,2.48531422052288,-18.929488018491));
#4044=CARTESIAN_POINT('Ctrl Pts',(3.22455032414088,-0.40152148216096,-19.0877957309348));
#4045=CARTESIAN_POINT('Ctrl Pts',(1.41994225906076,-2.92279117873434,-19.2461034433786));
#4046=CARTESIAN_POINT('Ctrl Pts',(-1.67745496827952,-2.78300002208915,-19.4044111558223));
#4047=CARTESIAN_POINT('Ctrl Pts',(-3.24761009170096,-0.109421139803312,
-19.5627188682661));
#4048=CARTESIAN_POINT('Ctrl Pts',(-1.86097235752071,2.66378042978351,-19.7210265807099));
#4049=CARTESIAN_POINT('Ctrl Pts',(1.2199912407689,3.0117379809673,-19.8793342931537));
#4050=CARTESIAN_POINT('Ctrl Pts',(3.19021146618247,0.617652891672712,-20.0376420055975));
#4051=CARTESIAN_POINT('Ctrl Pts',(2.25589752305402,-2.33877546143971,-20.1959497180413));
#4052=CARTESIAN_POINT('Ctrl Pts',(-0.732302661126832,-3.16586119500846,
-20.354257430485));
#4053=CARTESIAN_POINT('Ctrl Pts',(-3.05377647826143,-1.11058251128453,-20.5125651429288));
#4054=CARTESIAN_POINT('Ctrl Pts',(-2.59493362415846,1.95582815701318,-20.6708728553726));
#4055=CARTESIAN_POINT('Ctrl Pts',(0.226471541679281,3.24155131601572,-20.8291805678164));
#4056=CARTESIAN_POINT('Ctrl Pts',(2.84168525657946,1.57599784139851,-20.9874882802602));
#4057=CARTESIAN_POINT('Ctrl Pts',(2.869681161165,-1.52442590072737,-21.145795992704));
#4058=CARTESIAN_POINT('Ctrl Pts',(0.28497033023147,-3.23693314797226,-21.3041037051477));
#4059=CARTESIAN_POINT('Ctrl Pts',(-2.55919228625047,-2.00236838157965,-21.4624114175915));
#4060=CARTESIAN_POINT('Ctrl Pts',(-3.0733333608756,1.05525653112542,-21.6207191300353));
#4061=CARTESIAN_POINT('Ctrl Pts',(-0.789352162852383,3.15212110436038,-21.7790268424791));
#4062=CARTESIAN_POINT('Ctrl Pts',(2.21329623084764,2.37913095227426,-21.9373345549229));
#4063=CARTESIAN_POINT('Ctrl Pts',(3.20084481196532,-0.559943553644876,-22.0956422673667));
#4064=CARTESIAN_POINT('Ctrl Pts',(1.27417807441045,-2.98921637360789,-22.2539499798105));
#4065=CARTESIAN_POINT('Ctrl Pts',(-1.81256654298508,-2.69695139385288,-22.4122576922542));
#4066=CARTESIAN_POINT('Ctrl Pts',(-3.24905646326604,0.0507581723754418,
-22.570565404698));
#4067=CARTESIAN_POINT('Ctrl Pts',(-1.72743667417054,2.75225486288686,-22.7288731171418));
#4068=CARTESIAN_POINT('Ctrl Pts',(1.36693115915572,2.94795581711857,-22.8871808295856));
#4069=CARTESIAN_POINT('Ctrl Pts',(3.21677388814346,0.459684724688533,-23.0454885420294));
#4070=CARTESIAN_POINT('Ctrl Pts',(2.13789864039887,-2.44710720993866,-23.2037962544732));
#4071=CARTESIAN_POINT('Ctrl Pts',(-0.88743053861102,-3.12592567613122,-23.3621039669169));
#4072=CARTESIAN_POINT('Ctrl Pts',(-3.1047968759951,-0.958739095042601,-23.5204116793608));
#4073=CARTESIAN_POINT('Ctrl Pts',(-2.49539492284309,2.08133334009694,-23.6787193918044));
#4074=CARTESIAN_POINT('Ctrl Pts',(0.385944139882274,3.22645183048785,-23.8370271042483));
#4075=CARTESIAN_POINT('Ctrl Pts',(2.91589961775001,1.43404104290741,-23.995334816692));
#4076=CARTESIAN_POINT('Ctrl Pts',(2.79106867736201,-1.66399517180329,-24.1536425291359));
#4077=CARTESIAN_POINT('Ctrl Pts',(0.125103888607972,-3.24704378022611,-24.3119502415796));
#4078=CARTESIAN_POINT('Ctrl Pts',(-2.65476197626591,-1.87381513036678,-24.4702579540234));
#4079=CARTESIAN_POINT('Ctrl Pts',(-3.01759469111547,1.20543211075346,-24.6285656664672));
#4080=CARTESIAN_POINT('Ctrl Pts',(-0.633052512425934,3.18719136712943,-24.786873378911));
#4081=CARTESIAN_POINT('Ctrl Pts',(2.32785354436241,2.2671661095909,-24.9451810913547));
#4082=CARTESIAN_POINT('Ctrl Pts',(3.16936086215871,-0.717004894595741,-25.1034888037986));
#4083=CARTESIAN_POINT('Ctrl Pts',(1.12531748372071,-3.0483774140545,-25.2617965162423));
#4084=CARTESIAN_POINT('Ctrl Pts',(-1.94327336282316,-2.60434884810806,-25.4201042286861));
#4085=CARTESIAN_POINT('Ctrl Pts',(-3.24260723751612,0.210814133433458,-25.5784119411299));
#4086=CARTESIAN_POINT('Ctrl Pts',(-1.58970311108024,2.8340409908789,-25.7367196535737));
#4087=CARTESIAN_POINT('Ctrl Pts',(1.51054926868019,2.87700975650757,-25.8950273660175));
#4088=CARTESIAN_POINT('Ctrl Pts',(3.23551916629585,0.300599487142458,-26.0533350784613));
#4089=CARTESIAN_POINT('Ctrl Pts',(2.01470440040567,-2.54949222924962,-26.211642790905));
#4090=CARTESIAN_POINT('Ctrl Pts',(-1.04040184054003,-3.07839371414203,-26.3699505033489));
#4091=CARTESIAN_POINT('Ctrl Pts',(-3.14827226825809,-0.804565957379486,
-26.5282582157925));
#4092=CARTESIAN_POINT('Ctrl Pts',(-2.38979206560186,2.20178088116698,-26.6865659282364));
#4093=CARTESIAN_POINT('Ctrl Pts',(0.544478758980576,3.20351120458337,-26.8448736406801));
#4094=CARTESIAN_POINT('Ctrl Pts',(2.98302816138423,1.28860025948612,-27.003181353124));
#4095=CARTESIAN_POINT('Ctrl Pts',(2.70567323787437,-1.79952246891956,-27.1614890655677));
#4096=CARTESIAN_POINT('Ctrl Pts',(-0.0350659525239221,-3.24926039007018,
-27.3197967780115));
#4097=CARTESIAN_POINT('Ctrl Pts',(-2.74388145694884,-1.74071462184409,-27.4781044904553));
#4098=CARTESIAN_POINT('Ctrl Pts',(-2.9545206448773,1.3526904635278,-27.6364122028991));
#4099=CARTESIAN_POINT('Ctrl Pts',(-0.475218786176537,3.21449320488262,-27.7947199153428));
#4100=CARTESIAN_POINT('Ctrl Pts',(2.436762148648,2.14973607005159,-27.9530276277867));
#4101=CARTESIAN_POINT('Ctrl Pts',(3.1301592034108,-0.872408498444283,-28.1113353402304));
#4102=CARTESIAN_POINT('Ctrl Pts',(0.973752405573014,-3.09996865515486,-28.2696430526742));
#4103=CARTESIAN_POINT('Ctrl Pts',(-2.06931546998381,-2.50572693827695,-28.427950765118));
#4104=CARTESIAN_POINT('Ctrl Pts',(-3.2281678353155,0.370949956560903,-28.5862584775618));
#4105=CARTESIAN_POINT('Ctrl Pts',(-1.44831706382382,2.90780401102963,-28.7445661900056));
#4106=CARTESIAN_POINT('Ctrl Pts',(1.650898567468,2.80127944066045,-28.9028739024493));
#4107=CARTESIAN_POINT('Ctrl Pts',(3.24563932300835,0.136250033032956,-29.0611816148932));
#4108=CARTESIAN_POINT('Ctrl Pts',(2.34063534711926,-1.71084372486137,-29.1667200898557));
#4109=CARTESIAN_POINT('Ctrl Pts',(1.59774743137964,-2.24059110187413,-29.2194893273369));
#4110=CARTESIAN_POINT('Ctrl Pts',(1.28892185405322,2.64462557919718,-4.));
#4111=CARTESIAN_POINT('Ctrl Pts',(2.16577099569185,2.21727207015756,-4.05276923748126));
#4112=CARTESIAN_POINT('Ctrl Pts',(3.44621293900322,0.429561687605204,-4.15830771244379));
#4113=CARTESIAN_POINT('Ctrl Pts',(2.23542252100336,-2.66205373649574,-4.31661542488756));
#4114=CARTESIAN_POINT('Ctrl Pts',(-1.01352654622756,-3.32173272550495,-4.47492313733135));
#4115=CARTESIAN_POINT('Ctrl Pts',(-3.33821326572536,-0.961259437807227,
-4.63323084977513));
#4116=CARTESIAN_POINT('Ctrl Pts',(-2.62439615281336,2.27653018495724,-4.79153856221892));
#4117=CARTESIAN_POINT('Ctrl Pts',(0.479214531547017,3.44053380581718,-4.9498462746627));
#4118=CARTESIAN_POINT('Ctrl Pts',(3.14631054770119,1.47267960660246,-5.10815398710648));
#4119=CARTESIAN_POINT('Ctrl Pts',(2.94895341747625,-1.83628339612303,-5.26646169955027));
#4120=CARTESIAN_POINT('Ctrl Pts',(0.0666577308617354,-3.47323920462472,
-5.42476941199405));
#4121=CARTESIAN_POINT('Ctrl Pts',(-2.87629614964208,-1.94806109623253,-5.58307712443784));
#4122=CARTESIAN_POINT('Ctrl Pts',(-3.20053660149092,1.35077661122727,-5.74138483688162));
#4123=CARTESIAN_POINT('Ctrl Pts',(-0.610834009765439,3.41977433413974,-5.8996925493254));
#4124=CARTESIAN_POINT('Ctrl Pts',(2.53499922137635,2.37524387000977,-6.05800026176919));
#4125=CARTESIAN_POINT('Ctrl Pts',(3.37283981388939,-0.831838190112313,-6.21630797421297));
#4126=CARTESIAN_POINT('Ctrl Pts',(1.13987071422781,-3.28156830333357,-6.37461568665676));
#4127=CARTESIAN_POINT('Ctrl Pts',(-2.13089524669524,-2.74358994817433,-6.53292339910053));
#4128=CARTESIAN_POINT('Ctrl Pts',(-3.46158385605222,0.292296048593634,-6.69123111154432));
#4129=CARTESIAN_POINT('Ctrl Pts',(-1.64066661154256,3.06206007800706,-6.84953882398811));
#4130=CARTESIAN_POINT('Ctrl Pts',(1.67399861738646,3.04396586135481,-7.00784653643189));
#4131=CARTESIAN_POINT('Ctrl Pts',(3.46456863043678,0.254486940613392,-7.16615424887567));
#4132=CARTESIAN_POINT('Ctrl Pts',(2.10081544234689,-2.76669003803872,-7.32446196131946));
#4133=CARTESIAN_POINT('Ctrl Pts',(-1.17562919519717,-3.26892878240865,-7.48276967376323));
#4134=CARTESIAN_POINT('Ctrl Pts',(-3.38171997631146,-0.794965007892673,
-7.64107738620703));
#4135=CARTESIAN_POINT('Ctrl Pts',(-2.5089172938055,2.40277617829363,-7.7993850986508));
#4136=CARTESIAN_POINT('Ctrl Pts',(0.648133965108432,3.41290517412363,-7.9576928110946));
#4137=CARTESIAN_POINT('Ctrl Pts',(3.21509040919498,1.31574808385111,-8.11600052353837));
#4138=CARTESIAN_POINT('Ctrl Pts',(2.85486160269681,-1.97933437998317,-8.27430823598216));
#4139=CARTESIAN_POINT('Ctrl Pts',(-0.104581443532885,-3.47232804930129,
-8.43261594842594));
#4140=CARTESIAN_POINT('Ctrl Pts',(-2.96880811338134,-1.80393396370442,-8.59092366086973));
#4141=CARTESIAN_POINT('Ctrl Pts',(-3.13007772323649,1.5068552703925,-8.74923137331351));
#4142=CARTESIAN_POINT('Ctrl Pts',(-0.441562046571975,3.44572522391184,-8.90753908575728));
#4143=CARTESIAN_POINT('Ctrl Pts',(2.6489746451436,2.24742801640704,-9.06584679820109));
#4144=CARTESIAN_POINT('Ctrl Pts',(3.32774727356313,-0.99704435349686,-9.22415451064485));
#4145=CARTESIAN_POINT('Ctrl Pts',(0.976765992946096,-3.33375577308917,-9.38246222308865));
#4146=CARTESIAN_POINT('Ctrl Pts',(-2.26351376561344,-2.63524283367579,-9.54076993553242));
#4147=CARTESIAN_POINT('Ctrl Pts',(-3.4429730604244,0.462532014843355,-9.69907764797621));
#4148=CARTESIAN_POINT('Ctrl Pts',(-1.48777090680898,3.13919370036645,-9.85738536042));
#4149=CARTESIAN_POINT('Ctrl Pts',(1.82197513193696,2.95777044041078,-10.0156930728638));
#4150=CARTESIAN_POINT('Ctrl Pts',(3.47290040565128,0.0834393911306829,-10.1740007853076));
#4151=CARTESIAN_POINT('Ctrl Pts',(1.96191682188537,-2.86685921237315,-10.3323084977513));
#4152=CARTESIAN_POINT('Ctrl Pts',(-1.33529770782553,-3.20702032906575,-10.4906162101951));
#4153=CARTESIAN_POINT('Ctrl Pts',(-3.41678786983603,-0.6273436156578,-10.6489239226389));
#4154=CARTESIAN_POINT('Ctrl Pts',(-2.38745694058066,2.52349929986886,-10.8072316350827));
#4155=CARTESIAN_POINT('Ctrl Pts',(0.815538754583619,3.37681742167643,-10.9655393475265));
#4156=CARTESIAN_POINT('Ctrl Pts',(3.27602562123663,1.15570562366308,-11.1238470599703));
#4157=CARTESIAN_POINT('Ctrl Pts',(2.75384865674011,-2.11762058342282,-11.282154772414));
#4158=CARTESIAN_POINT('Ctrl Pts',(-0.275575116716924,-3.46295505523992,
-11.4404624848578));
#4159=CARTESIAN_POINT('Ctrl Pts',(-3.05410099484978,-1.65543543299729,-11.5987701973016));
#4160=CARTESIAN_POINT('Ctrl Pts',(-3.05201474499272,1.65927856489268,-11.7570779097454));
#4161=CARTESIAN_POINT('Ctrl Pts',(-0.271215797342843,3.46329920030553,-11.9153856221892));
#4162=CARTESIAN_POINT('Ctrl Pts',(2.75651209491813,2.1141524141214,-12.073693334633));
#4163=CARTESIAN_POINT('Ctrl Pts',(3.27456824580396,-1.15982850591699,-12.2320010470767));
#4164=CARTESIAN_POINT('Ctrl Pts',(0.811287435807468,-3.37784133080082,-12.3903087595205));
#4165=CARTESIAN_POINT('Ctrl Pts',(-2.39063158133942,-2.52049201583101,-12.5486164719643));
#4166=CARTESIAN_POINT('Ctrl Pts',(-3.41599547478941,0.631644105318444,-12.7069241844081));
#4167=CARTESIAN_POINT('Ctrl Pts',(-1.33125971456857,3.20869863526198,-12.8652318968519));
#4168=CARTESIAN_POINT('Ctrl Pts',(1.96552401462124,2.86438731799883,-13.0235396092957));
#4169=CARTESIAN_POINT('Ctrl Pts',(3.47279262229815,-0.0878109450854451,
-13.1818473217395));
#4170=CARTESIAN_POINT('Ctrl Pts',(1.81825050405601,-2.96006156423567,-13.3401550341832));
#4171=CARTESIAN_POINT('Ctrl Pts',(-1.49172128459577,-3.13731843596554,-13.498462746627));
#4172=CARTESIAN_POINT('Ctrl Pts',(-3.44355255905943,-0.458197700300264,
-13.6567704590708));
#4173=CARTESIAN_POINT('Ctrl Pts',(-2.26019477944853,2.63809001334656,-13.8150781715146));
#4174=CARTESIAN_POINT('Ctrl Pts',(0.98096168656868,3.33252359767333,-13.9733858839584));
#4175=CARTESIAN_POINT('Ctrl Pts',(3.32899969731344,0.9928546594806,-14.1316935964022));
#4176=CARTESIAN_POINT('Ctrl Pts',(2.64614352740265,-2.25076071405877,-14.2900013088459));
#4177=CARTESIAN_POINT('Ctrl Pts',(-0.445899109198554,-3.44516666418059,
-14.4483090212898));
#4178=CARTESIAN_POINT('Ctrl Pts',(-3.1319720437538,-1.50291399511412,-14.6066167337335));
#4179=CARTESIAN_POINT('Ctrl Pts',(-2.96653500399156,1.80766961297083,-14.7649244461773));
#4180=CARTESIAN_POINT('Ctrl Pts',(-0.100210461125874,3.47245694329624,-14.9232321586211));
#4181=CARTESIAN_POINT('Ctrl Pts',(2.85735088891413,1.97573916729583,-15.0815398710648));
#4182=CARTESIAN_POINT('Ctrl Pts',(3.21343162353391,-1.31979413562777,-15.2398475835087));
#4183=CARTESIAN_POINT('Ctrl Pts',(0.643837352666794,-3.41371832799315,-15.3981552959524));
#4184=CARTESIAN_POINT('Ctrl Pts',(-2.51193987491891,-2.39961609937041,-15.5564630083962));
#4185=CARTESIAN_POINT('Ctrl Pts',(-3.38071660947588,0.799221224680096,-15.71477072084));
#4186=CARTESIAN_POINT('Ctrl Pts',(-1.17151340117641,3.27040604672102,-15.8730784332838));
#4187=CARTESIAN_POINT('Ctrl Pts',(2.10429643765268,2.76404339004429,-16.0313861457276));
#4188=CARTESIAN_POINT('Ctrl Pts',(3.46424553537001,-0.258847890148208,-16.1896938581713));
#4189=CARTESIAN_POINT('Ctrl Pts',(1.67016561890981,-3.04607061063543,-16.3480015706151));
#4190=CARTESIAN_POINT('Ctrl Pts',(-1.64451979930816,-3.05999248189416,-16.5063092830589));
#4191=CARTESIAN_POINT('Ctrl Pts',(-3.4619490015768,-0.287938309446,-16.6646169955027));
#4192=CARTESIAN_POINT('Ctrl Pts',(-2.12744007327932,2.74626985093792,-16.8229247079465));
#4193=CARTESIAN_POINT('Ctrl Pts',(1.14400076372317,3.28013134068837,-16.9812324203903));
#4194=CARTESIAN_POINT('Ctrl Pts',(3.37388390390992,0.827590939113515,-17.139540132834));
#4195=CARTESIAN_POINT('Ctrl Pts',(2.53200795117143,-2.37843122557074,-17.2978478452778));
#4196=CARTESIAN_POINT('Ctrl Pts',(-0.615139513238367,-3.41900610394573,
-17.4561555577216));
#4197=CARTESIAN_POINT('Ctrl Pts',(-3.20223202406252,-1.34674029554093,-17.6144632701654));
#4198=CARTESIAN_POINT('Ctrl Pts',(-2.87384622629073,1.95166780656952,-17.7727709826092));
#4199=CARTESIAN_POINT('Ctrl Pts',(0.0710383985590343,3.47317619845228,-17.931078695053));
#4200=CARTESIAN_POINT('Ctrl Pts',(2.95124597673634,1.83252463676831,-18.0893864074967));
#4201=CARTESIAN_POINT('Ctrl Pts',(3.14448597609653,-1.47655250692194,-18.2476941199405));
#4202=CARTESIAN_POINT('Ctrl Pts',(0.474822667356323,-3.44129957924763,-18.4060018323843));
#4203=CARTESIAN_POINT('Ctrl Pts',(-2.62714385261429,-2.27290882730395,-18.5643095448281));
#4204=CARTESIAN_POINT('Ctrl Pts',(-3.33722219636801,0.964856140382561,-18.7226172572719));
#4205=CARTESIAN_POINT('Ctrl Pts',(-1.00892016937881,3.32416597831485,-18.8809249697157));
#4206=CARTESIAN_POINT('Ctrl Pts',(2.23795516735988,2.65698250435574,-19.0392326821595));
#4207=CARTESIAN_POINT('Ctrl Pts',(3.44727991531567,-0.429255803718948,-19.1975403946032));
#4208=CARTESIAN_POINT('Ctrl Pts',(1.51802203052058,-3.12467733924952,-19.355848107047));
#4209=CARTESIAN_POINT('Ctrl Pts',(-1.79332193320232,-2.97523037821625,-19.5141558194908));
#4210=CARTESIAN_POINT('Ctrl Pts',(-3.47193249182118,-0.116979193883532,
-19.6724635319346));
#4211=CARTESIAN_POINT('Ctrl Pts',(-1.98951543196896,2.84777592263202,-19.8307712443784));
#4212=CARTESIAN_POINT('Ctrl Pts',(1.30425978148882,3.21976797020469,-19.9890789568222));
#4213=CARTESIAN_POINT('Ctrl Pts',(3.41056916700802,0.660316073270545,-20.1473866692659));
#4214=CARTESIAN_POINT('Ctrl Pts',(2.4117192912182,-2.50032186326705,-20.3056943817097));
#4215=CARTESIAN_POINT('Ctrl Pts',(-0.782885054308262,-3.38453694784176,
-20.4640020941535));
#4216=CARTESIAN_POINT('Ctrl Pts',(-3.26471019557707,-1.18729385514305,-20.6223098065973));
#4217=CARTESIAN_POINT('Ctrl Pts',(-2.77417365676317,2.09092321276666,-20.7806175190411));
#4218=CARTESIAN_POINT('Ctrl Pts',(0.242114626395106,3.46545521789719,-20.9389252314848));
#4219=CARTESIAN_POINT('Ctrl Pts',(3.03796918203317,1.6848568510654,-21.0972329439287));
#4220=CARTESIAN_POINT('Ctrl Pts',(3.06789884970382,-1.6297226781116,-21.2555406563724));
#4221=CARTESIAN_POINT('Ctrl Pts',(0.304654105880497,-3.46051805880788,-21.4138483688162));
#4222=CARTESIAN_POINT('Ctrl Pts',(-2.73596355490982,-2.14067811353565,-21.57215608126));
#4223=CARTESIAN_POINT('Ctrl Pts',(-3.28561793211859,1.12814633966787,-21.7304637937038));
#4224=CARTESIAN_POINT('Ctrl Pts',(-0.843875140276181,3.36984778694664,-21.8887715061475));
#4225=CARTESIAN_POINT('Ctrl Pts',(2.36617539696107,2.54346483175637,-22.0470792185914));
#4226=CARTESIAN_POINT('Ctrl Pts',(3.42193699063149,-0.598620574081065,-22.2053869310351));
#4227=CARTESIAN_POINT('Ctrl Pts',(1.36218946609897,-3.19569072627723,-22.3636946434789));
#4228=CARTESIAN_POINT('Ctrl Pts',(-1.93776607920374,-2.88323810703395,-22.5220023559227));
#4229=CARTESIAN_POINT('Ctrl Pts',(-3.47347876871103,0.0542641951834441,
-22.6803100683664));
#4230=CARTESIAN_POINT('Ctrl Pts',(-1.84675602897727,2.94236155647148,-22.8386177808103));
#4231=CARTESIAN_POINT('Ctrl Pts',(1.46134929118595,3.15158017646955,-22.996925493254));
#4232=CARTESIAN_POINT('Ctrl Pts',(3.43896633700804,0.491436559985577,-23.1552332056979));
#4233=CARTESIAN_POINT('Ctrl Pts',(2.28556986344794,-2.61613641824409,-23.3135409181416));
#4234=CARTESIAN_POINT('Ctrl Pts',(-0.948728090576978,-3.34184296006228,
-23.4718486305854));
#4235=CARTESIAN_POINT('Ctrl Pts',(-3.31925472882934,-1.02496214793882,-23.6301563430292));
#4236=CARTESIAN_POINT('Ctrl Pts',(-2.66775951173583,2.22509742418262,-23.7884640554729));
#4237=CARTESIAN_POINT('Ctrl Pts',(0.412602486582198,3.44931276454419,-23.9467717679168));
#4238=CARTESIAN_POINT('Ctrl Pts',(3.11730975698896,1.53309466065479,-24.1050794803605));
#4239=CARTESIAN_POINT('Ctrl Pts',(2.98385636028187,-1.77893242725807,-24.2633871928044));
#4240=CARTESIAN_POINT('Ctrl Pts',(0.13374519829863,-3.47132706347402,-24.4216949052481));
#4241=CARTESIAN_POINT('Ctrl Pts',(-2.83813453684074,-2.00324529456647,-24.5800026176919));
#4242=CARTESIAN_POINT('Ctrl Pts',(-3.22602922130456,1.28869500766254,-24.7383103301356));
#4243=CARTESIAN_POINT('Ctrl Pts',(-0.676779393110407,3.40734046044083,-24.8966180425795));
#4244=CARTESIAN_POINT('Ctrl Pts',(2.48864553584383,2.42376623362495,-25.0549257550232));
#4245=CARTESIAN_POINT('Ctrl Pts',(3.38827834774705,-0.766530624074378,-25.213233467467));
#4246=CARTESIAN_POINT('Ctrl Pts',(1.20304661736595,-3.2589382014287,-25.3715411799108));
#4247=CARTESIAN_POINT('Ctrl Pts',(-2.07750122039514,-2.78423921913839,-25.5298488923545));
#4248=CARTESIAN_POINT('Ctrl Pts',(-3.46658407513761,0.225375712889046,-25.6881566047984));
#4249=CARTESIAN_POINT('Ctrl Pts',(-1.69950878580313,3.0297969034306,-25.8464643172421));
#4250=CARTESIAN_POINT('Ctrl Pts',(1.61488754448371,3.07573365362756,-26.0047720296859));
#4251=CARTESIAN_POINT('Ctrl Pts',(3.45900640907576,0.32136281664528,-26.1630797421297));
#4252=CARTESIAN_POINT('Ctrl Pts',(2.15386621905707,-2.72559348518998,-26.3213874545735));
#4253=CARTESIAN_POINT('Ctrl Pts',(-1.11226558999562,-3.29102781952185,-26.4796951670173));
#4254=CARTESIAN_POINT('Ctrl Pts',(-3.36573309991774,-0.860139798301945,
-26.6380028794611));
#4255=CARTESIAN_POINT('Ctrl Pts',(-2.55486234091415,2.35386464672256,-26.7963105919049));
#4256=CARTESIAN_POINT('Ctrl Pts',(0.582087578567981,3.42478755917425,-26.9546183043486));
#4257=CARTESIAN_POINT('Ctrl Pts',(3.18907507523572,1.37760783577802,-27.1129260167924));
#4258=CARTESIAN_POINT('Ctrl Pts',(2.89256239560054,-1.9238210108935,-27.2712337292362));
#4259=CARTESIAN_POINT('Ctrl Pts',(-0.0374880655271981,-3.47369678136564,
-27.42954144168));
#4260=CARTESIAN_POINT('Ctrl Pts',(-2.93340977367659,-1.86095112526371,-27.5878491541238));
#4261=CARTESIAN_POINT('Ctrl Pts',(-3.15859845703746,1.44612494698803,-27.7461568665675));
#4262=CARTESIAN_POINT('Ctrl Pts',(-0.508043606794545,3.43652811995204,-27.9044645790113));
#4263=CARTESIAN_POINT('Ctrl Pts',(2.60507679180781,2.29822494071105,-28.0627722914551));
#4264=CARTESIAN_POINT('Ctrl Pts',(3.34636891006919,-0.932668431973989,-28.2210800038989));
#4265=CARTESIAN_POINT('Ctrl Pts',(1.04101247392271,-3.31409300795165,-28.3793877163427));
#4266=CARTESIAN_POINT('Ctrl Pts',(-2.2122494428825,-2.67880519119793,-28.5376954287864));
#4267=CARTESIAN_POINT('Ctrl Pts',(-3.45114729909391,0.396572608982415,-28.6960031412302));
#4268=CARTESIAN_POINT('Ctrl Pts',(-1.54835677016734,3.10865496185658,-28.854310853674));
#4269=CARTESIAN_POINT('Ctrl Pts',(1.76493120025105,2.99477241235128,-29.0126185661178));
#4270=CARTESIAN_POINT('Ctrl Pts',(3.46982559608415,0.14566124114088,-29.1709262785616));
#4271=CARTESIAN_POINT('Ctrl Pts',(2.50231021696085,-1.82901695371426,-29.2764647535241));
#4272=CARTESIAN_POINT('Ctrl Pts',(1.70810875200395,-2.39535560853237,-29.3292339910054));
#4273=CARTESIAN_POINT('',(1.28892185405317,2.6446255791972,-29.));
#4274=CARTESIAN_POINT('Ctrl Pts',(1.29201350564526,2.64829291171021,-29.));
#4275=CARTESIAN_POINT('Ctrl Pts',(1.35850775855852,2.60824687446667,-29.));
#4276=CARTESIAN_POINT('Ctrl Pts',(1.42314640683909,2.56549540405188,-29.));
#4277=CARTESIAN_POINT('Ctrl Pts',(1.48574545115204,2.52003958392752,-29.));
#4278=CARTESIAN_POINT('Ctrl Pts',(1.56373419399149,2.46340865121691,-29.));
#4279=CARTESIAN_POINT('Ctrl Pts',(1.63855867414271,2.40258093894774,-29.));
#4280=CARTESIAN_POINT('Ctrl Pts',(1.71007032932312,2.33793517000844,-29.));
#4281=CARTESIAN_POINT('Ctrl Pts',(1.78263678765436,2.27233587033917,-29.));
#4282=CARTESIAN_POINT('Ctrl Pts',(1.85179244253253,2.20280414266272,-29.));
#4283=CARTESIAN_POINT('Ctrl Pts',(1.91733796698169,2.12970623133162,-29.));
#4284=CARTESIAN_POINT('Ctrl Pts',(1.97852375400768,2.06147040177139,-29.));
#4285=CARTESIAN_POINT('Ctrl Pts',(2.03656351894567,1.99012610618938,-29.));
#4286=CARTESIAN_POINT('Ctrl Pts',(2.09125591310368,1.91595927336508,-29.));
#4287=CARTESIAN_POINT('Ctrl Pts',(2.10259904885731,1.90057716281581,-29.));
#4288=CARTESIAN_POINT('Ctrl Pts',(2.11380049791652,1.8850700081084,-29.));
#4289=CARTESIAN_POINT('Ctrl Pts',(2.12484209867182,1.86946368082588,-29.));
#4290=CARTESIAN_POINT('Ctrl Pts',(2.18030601483124,1.79107033486662,-29.));
#4291=CARTESIAN_POINT('Ctrl Pts',(2.23181857854323,1.71007424061557,-29.));
#4292=CARTESIAN_POINT('Ctrl Pts',(2.27922827465442,1.62684021660166,-29.));
#4293=CARTESIAN_POINT('Ctrl Pts',(2.32647838599316,1.54388636487048,-29.));
#4294=CARTESIAN_POINT('Ctrl Pts',(2.36965349620256,1.45870865806182,-29.));
#4295=CARTESIAN_POINT('Ctrl Pts',(2.40855523575021,1.37165094364825,-29.));
#4296=CARTESIAN_POINT('Ctrl Pts',(2.44678231379929,1.28610304573009,-29.));
#4297=CARTESIAN_POINT('Ctrl Pts',(2.48088310894675,1.19873890672979,-29.));
#4298=CARTESIAN_POINT('Ctrl Pts',(2.51061952428597,1.10988169913208,-29.));
#4299=CARTESIAN_POINT('Ctrl Pts',(2.52407080619782,1.06968709814665,-29.));
#4300=CARTESIAN_POINT('Ctrl Pts',(2.53662834732354,1.02918702071246,-29.));
#4301=CARTESIAN_POINT('Ctrl Pts',(2.54826654246205,0.988411885120124,-29.));
#4302=CARTESIAN_POINT('Ctrl Pts',(2.55340821231337,0.970397727180365,-29.));
#4303=CARTESIAN_POINT('Ctrl Pts',(2.55837041350971,0.952329889836615,-29.));
#4304=CARTESIAN_POINT('Ctrl Pts',(2.5631507939456,0.934211033161937,-29.));
#4305=CARTESIAN_POINT('Ctrl Pts',(2.56679707475082,0.920390702292618,-29.));
#4306=CARTESIAN_POINT('Ctrl Pts',(2.57033752668151,0.906540554138705,-29.));
#4307=CARTESIAN_POINT('Ctrl Pts',(2.57376773220236,0.892676203573652,-29.));
#4308=CARTESIAN_POINT('Ctrl Pts',(2.59580895692747,0.803589044039107,-29.));
#4309=CARTESIAN_POINT('Ctrl Pts',(2.61334213321629,0.713768408511071,-29.));
#4310=CARTESIAN_POINT('Ctrl Pts',(2.62619179840562,0.623527211473857,-29.));
#4311=CARTESIAN_POINT('Ctrl Pts',(2.63867321044578,0.535872198940537,-29.));
#4312=CARTESIAN_POINT('Ctrl Pts',(2.64673569782853,0.447819633937507,-29.));
#4313=CARTESIAN_POINT('Ctrl Pts',(2.65017044999362,0.359659094896601,-29.));
#4314=CARTESIAN_POINT('Ctrl Pts',(2.65335923108431,0.277811949505394,-29.));
#4315=CARTESIAN_POINT('Ctrl Pts',(2.65255901395084,0.195871324423615,-29.));
#4316=CARTESIAN_POINT('Ctrl Pts',(2.6475637857207,0.114079307310589,-29.));
#4317=CARTESIAN_POINT('Ctrl Pts',(2.64439506587958,0.0621945934333843,-29.));
#4318=CARTESIAN_POINT('Ctrl Pts',(2.63953733600971,0.0103699058801469,-29.));
#4319=CARTESIAN_POINT('Ctrl Pts',(2.63301962708328,-0.0413289590490664,
-29.));
#4320=CARTESIAN_POINT('Ctrl Pts',(2.63048099152292,-0.0614655712269047,
-29.));
#4321=CARTESIAN_POINT('Ctrl Pts',(2.62769047664911,-0.0815830605444789,
-29.));
#4322=CARTESIAN_POINT('Ctrl Pts',(2.62464962945256,-0.101677397476691,-29.));
#4323=CARTESIAN_POINT('Ctrl Pts',(2.62253228596563,-0.115669094749732,-29.));
#4324=CARTESIAN_POINT('Ctrl Pts',(2.62029484379885,-0.129641007571641,-29.));
#4325=CARTESIAN_POINT('Ctrl Pts',(2.61793895185267,-0.143587997827461,-29.));
#4326=CARTESIAN_POINT('Ctrl Pts',(2.60324834707331,-0.230557063638105,-29.));
#4327=CARTESIAN_POINT('Ctrl Pts',(2.58394858839726,-0.316607910787061,-29.));
#4328=CARTESIAN_POINT('Ctrl Pts',(2.56026446571612,-0.401447587472246,-29.));
#4329=CARTESIAN_POINT('Ctrl Pts',(2.53620816988748,-0.487620437859037,-29.));
#4330=CARTESIAN_POINT('Ctrl Pts',(2.50762810674369,-0.572544622877593,-29.));
#4331=CARTESIAN_POINT('Ctrl Pts',(2.47471230234087,-0.655889875024068,-29.));
#4332=CARTESIAN_POINT('Ctrl Pts',(2.44655838719712,-0.727177671240436,-29.));
#4333=CARTESIAN_POINT('Ctrl Pts',(2.41523147420461,-0.79731022951628,-29.));
#4334=CARTESIAN_POINT('Ctrl Pts',(2.38082683766406,-0.866060492815711,-29.));
#4335=CARTESIAN_POINT('Ctrl Pts',(2.36289409146999,-0.901895227505357,-29.));
#4336=CARTESIAN_POINT('Ctrl Pts',(2.34412487607993,-0.937354069840865,-29.));
#4337=CARTESIAN_POINT('Ctrl Pts',(2.32453088783914,-0.972402304515102,-29.));
#4338=CARTESIAN_POINT('Ctrl Pts',(2.31320201951699,-0.992666521818336,-29.));
#4339=CARTESIAN_POINT('Ctrl Pts',(2.30159741426198,-1.01279344109001,-29.));
#4340=CARTESIAN_POINT('Ctrl Pts',(2.28971917431554,-1.03277604803267,-29.));
#4341=CARTESIAN_POINT('Ctrl Pts',(2.28201793916967,-1.04573173469894,-29.));
#4342=CARTESIAN_POINT('Ctrl Pts',(2.2742065525872,-1.05861853377205,-29.));
#4343=CARTESIAN_POINT('Ctrl Pts',(2.26628692996724,-1.07143326888427,-29.));
#4344=CARTESIAN_POINT('Ctrl Pts',(2.22029206314085,-1.14585752660278,-29.));
#4345=CARTESIAN_POINT('Ctrl Pts',(2.17063861484543,-1.21787211939649,-29.));
#4346=CARTESIAN_POINT('Ctrl Pts',(2.11749220118478,-1.28715042095064,-29.));
#4347=CARTESIAN_POINT('Ctrl Pts',(2.06730021785356,-1.35257751409419,-29.));
#4348=CARTESIAN_POINT('Ctrl Pts',(2.01399207841497,-1.41556431926194,-29.));
#4349=CARTESIAN_POINT('Ctrl Pts',(1.95768325186496,-1.47579919598418,-29.));
#4350=CARTESIAN_POINT('Ctrl Pts',(1.94195005776347,-1.4926293639208,-29.));
#4351=CARTESIAN_POINT('Ctrl Pts',(1.92598248588432,-1.50924444969307,-29.));
#4352=CARTESIAN_POINT('Ctrl Pts',(1.90978280717314,-1.52563706986169,-29.));
#4353=CARTESIAN_POINT('Ctrl Pts',(1.89373484917404,-1.54187616229379,-29.));
#4354=CARTESIAN_POINT('Ctrl Pts',(1.87745507959977,-1.55790059710963,-29.));
#4355=CARTESIAN_POINT('Ctrl Pts',(1.86096884929102,-1.5736812880162,-29.));
#4356=CARTESIAN_POINT('Ctrl Pts',(1.80036720824358,-1.6316894407528,-29.));
#4357=CARTESIAN_POINT('Ctrl Pts',(1.73692966034815,-1.68645911111018,-29.));
#4358=CARTESIAN_POINT('Ctrl Pts',(1.67079077289986,-1.73767174309057,-29.));
#4359=CARTESIAN_POINT('Ctrl Pts',(1.60652194830425,-1.78743634888926,-29.));
#4360=CARTESIAN_POINT('Ctrl Pts',(1.53970179330325,-1.83384254597914,-29.));
#4361=CARTESIAN_POINT('Ctrl Pts',(1.47043640971814,-1.87655228929132,-29.));
#4362=CARTESIAN_POINT('Ctrl Pts',(1.43977567474497,-1.89545801178484,-29.));
#4363=CARTESIAN_POINT('Ctrl Pts',(1.40863563101154,-1.91363879498041,-29.));
#4364=CARTESIAN_POINT('Ctrl Pts',(1.377024790131,-1.93106208855766,-29.));
#4365=CARTESIAN_POINT('Ctrl Pts',(2.94083946249938,-0.00262552114795444,
-28.1778238829104));
#4366=CARTESIAN_POINT('Ctrl Pts',(2.94313880338463,-0.269348646301426,-28.1922425899066));
#4367=CARTESIAN_POINT('Ctrl Pts',(2.90982184033678,-0.535504621075933,-28.2066612969027));
#4368=CARTESIAN_POINT('Ctrl Pts',(2.83859415100121,-0.791090299189426,-28.2210800038989));
#4369=CARTESIAN_POINT('Ctrl Pts',(2.57791676468702,-1.72647662396656,-28.2738492413802));
#4370=CARTESIAN_POINT('Ctrl Pts',(1.80946461930482,-2.52028481595914,-28.3266184788614));
#4371=CARTESIAN_POINT('Ctrl Pts',(0.883028227146173,-2.81130760916311,-28.3793877163427));
#4372=CARTESIAN_POINT('Ctrl Pts',(-0.0434081650124436,-3.10233040236707,
-28.432156953824));
#4373=CARTESIAN_POINT('Ctrl Pts',(-1.12782880394752,-2.89056779678247,-28.4849261913052));
#4374=CARTESIAN_POINT('Ctrl Pts',(-1.87652209945026,-2.27212352729344,-28.5376954287865));
#4375=CARTESIAN_POINT('Ctrl Pts',(-2.62521539495301,-1.65367925780442,-28.5904646662677));
#4376=CARTESIAN_POINT('Ctrl Pts',(-3.03818134702343,-0.628553324411043,
-28.643233903749));
#4377=CARTESIAN_POINT('Ctrl Pts',(-2.92753256823758,0.336023367764692,-28.6960031412302));
#4378=CARTESIAN_POINT('Ctrl Pts',(-2.81688378945173,1.30060005994045,-28.7487723787115));
#4379=CARTESIAN_POINT('Ctrl Pts',(-2.18262027980952,2.20462751089854,-28.8015416161928));
#4380=CARTESIAN_POINT('Ctrl Pts',(-1.31327386325201,2.63766081146001,-28.854310853674));
#4381=CARTESIAN_POINT('Ctrl Pts',(-0.513222271736727,3.03617741507726,-28.9028739024494));
#4382=CARTESIAN_POINT('Ctrl Pts',(0.485929339336863,3.03579243207433,-28.9514369512247));
#4383=CARTESIAN_POINT('Ctrl Pts',(1.29201350564519,2.64829291171025,-29.));
#4384=CARTESIAN_POINT('Ctrl Pts',(1.37997135626771,-1.93356620839889,-4.));
#4385=CARTESIAN_POINT('Ctrl Pts',(0.790667448727759,-2.3490189048348,-4.04856304877532));
#4386=CARTESIAN_POINT('Ctrl Pts',(-0.866867997522756,-2.62731827938132,
-4.14989533503191));
#4387=CARTESIAN_POINT('Ctrl Pts',(-2.69116496022574,-0.774937821760482,
-4.30399685876974));
#4388=CARTESIAN_POINT('Ctrl Pts',(-2.11570753753743,1.83526868326726,-4.46230457121354));
#4389=CARTESIAN_POINT('Ctrl Pts',(0.38632803031835,2.77365263560398,-4.62061228365731));
#4390=CARTESIAN_POINT('Ctrl Pts',(2.13516678270685,1.4833130071119,-4.74937405722114));
#4391=CARTESIAN_POINT('Ctrl Pts',(2.36912239674317,0.348084558128822,-4.82536659330371));
#4392=CARTESIAN_POINT('Ctrl Pts',(2.36813276190822,0.000767094220976705,
-4.84858989190502));
#4393=CARTESIAN_POINT('Origin',(0.,0.,-2.15141010809497));
#4394=CARTESIAN_POINT('Ctrl Pts',(-1.377024790131,-1.93106208855766,-4.));
#4395=CARTESIAN_POINT('Ctrl Pts',(-2.01728560743607,-1.4744972671556,-4.05276923748126));
#4396=CARTESIAN_POINT('Ctrl Pts',(-2.79726773491707,0.117425954387211,-4.15830771244378));
#4397=CARTESIAN_POINT('Ctrl Pts',(-1.42283265795723,2.414294421378,-4.31661542488757));
#4398=CARTESIAN_POINT('Ctrl Pts',(1.24823731169372,2.50610136012578,-4.47492313733135));
#4399=CARTESIAN_POINT('Ctrl Pts',(2.32960290832857,0.964812244021164,-4.58652136506715));
#4400=CARTESIAN_POINT('Ctrl Pts',(2.37500712314556,0.0916540509339713,-4.6453503553217));
#4401=CARTESIAN_POINT('Ctrl Pts',(2.37434686243413,0.00164001148077872,
-4.65141010809498));
#4402=CARTESIAN_POINT('Ctrl Pts',(-1.70810875200398,-2.39535560853235,-3.67076600899461));
#4403=CARTESIAN_POINT('Ctrl Pts',(-2.50231021696088,-1.82901695371423,-3.72353524647588));
#4404=CARTESIAN_POINT('Ctrl Pts',(-3.46982678449501,0.14565917900589,-3.8290737214384));
#4405=CARTESIAN_POINT('Ctrl Pts',(-1.76493040147998,2.99477355863565,-3.98738143388218));
#4406=CARTESIAN_POINT('Ctrl Pts',(1.54835634911055,3.10865403246127,-4.14568914632596));
#4407=CARTESIAN_POINT('Ctrl Pts',(3.45114732577879,0.396573093611902,-4.30399685876976));
#4408=CARTESIAN_POINT('Ctrl Pts',(2.21224926978541,-2.67880538726105,-4.46230457121353));
#4409=CARTESIAN_POINT('Ctrl Pts',(-1.0410123927635,-3.31409268423316,-4.62061228365732));
#4410=CARTESIAN_POINT('Ctrl Pts',(-3.34636878770335,-0.932668502759468,
-4.7789199961011));
#4411=CARTESIAN_POINT('Ctrl Pts',(-2.60507667522022,2.29822490884264,-4.93722770854489));
#4412=CARTESIAN_POINT('Ctrl Pts',(0.508043582140406,3.43652793946146,-5.09553542098866));
#4413=CARTESIAN_POINT('Ctrl Pts',(3.15859832662941,1.44612490780757,-5.25384313343246));
#4414=CARTESIAN_POINT('Ctrl Pts',(2.93340965062299,-1.86095105961442,-5.41215084587623));
#4415=CARTESIAN_POINT('Ctrl Pts',(0.0374880641754723,-3.47369662954061,
-5.57045855832002));
#4416=CARTESIAN_POINT('Ctrl Pts',(-2.89256227490126,-1.92382093439505,-5.72876627076381));
#4417=CARTESIAN_POINT('Ctrl Pts',(-3.18907494208697,1.3776077803991,-5.88707398320758));
#4418=CARTESIAN_POINT('Ctrl Pts',(-0.582087554256778,3.42478741500354,-6.04538169565138));
#4419=CARTESIAN_POINT('Ctrl Pts',(2.55486223423874,2.35386454910981,-6.20368940809515));
#4420=CARTESIAN_POINT('Ctrl Pts',(3.36573295941097,-0.860139762756252,-6.36199712053894));
#4421=CARTESIAN_POINT('Ctrl Pts',(1.11226554355233,-3.29102768192315,-6.52030483298272));
#4422=CARTESIAN_POINT('Ctrl Pts',(-2.15386612913019,-2.72559337150908,-6.6786125454265));
#4423=CARTESIAN_POINT('Ctrl Pts',(-3.45900626466798,0.321362803289281,-6.83692025787029));
#4424=CARTESIAN_POINT('Ctrl Pts',(-1.61488747706156,3.07573352518499,-6.99522797031407));
#4425=CARTESIAN_POINT('Ctrl Pts',(1.69950871484891,3.02979677695708,-7.15353568275786));
#4426=CARTESIAN_POINT('Ctrl Pts',(3.46658393041112,0.225375703469908,-7.31184339520163));
#4427=CARTESIAN_POINT('Ctrl Pts',(2.07750113366076,-2.78423910289324,-7.47015110764542));
#4428=CARTESIAN_POINT('Ctrl Pts',(-1.2030465671395,-3.25893806537355,-7.62845882008921));
#4429=CARTESIAN_POINT('Ctrl Pts',(-3.38827820628926,-0.766530592070731,
-7.78676653253299));
#4430=CARTESIAN_POINT('Ctrl Pts',(-2.48864543194477,2.42376613243382,-7.94507424497677));
#4431=CARTESIAN_POINT('Ctrl Pts',(0.676779364855389,3.40734031818753,-8.10338195742055));
#4432=CARTESIAN_POINT('Ctrl Pts',(3.22602908662042,1.2886949538603,-8.26168966986435));
#4433=CARTESIAN_POINT('Ctrl Pts',(2.83813441835089,-2.00324521093244,-8.41999738230811));
#4434=CARTESIAN_POINT('Ctrl Pts',(-0.133745192714877,-3.47132691854895,
-8.57830509475192));
#4435=CARTESIAN_POINT('Ctrl Pts',(-2.98385623570826,-1.77893235298901,-8.73661280719568));
#4436=CARTESIAN_POINT('Ctrl Pts',(-3.11730962684375,1.53309459664932,-8.89492051963948));
#4437=CARTESIAN_POINT('Ctrl Pts',(-0.412602469356327,3.44931262053815,-9.05322823208325));
#4438=CARTESIAN_POINT('Ctrl Pts',(2.66775940035903,2.22509733128652,-9.21153594452704));
#4439=CARTESIAN_POINT('Ctrl Pts',(3.31925459025308,-1.0249621051475,-9.36984365697083));
#4440=CARTESIAN_POINT('Ctrl Pts',(0.948728050968314,-3.341842820543,-9.5281513694146));
#4441=CARTESIAN_POINT('Ctrl Pts',(-2.28556976802723,-2.61613630902248,-9.68645908185841));
#4442=CARTESIAN_POINT('Ctrl Pts',(-3.43896619343395,0.491436539468531,-9.84476679430216));
#4443=CARTESIAN_POINT('Ctrl Pts',(-1.46134923017574,3.15158004489362,-10.003074506746));
#4444=CARTESIAN_POINT('Ctrl Pts',(1.84675595187673,2.94236143363019,-10.1613822191897));
#4445=CARTESIAN_POINT('Ctrl Pts',(3.47347862369607,0.0542641929178948,-10.3196899316335));
#4446=CARTESIAN_POINT('Ctrl Pts',(1.9377659983035,-2.88323798666109,-10.4779976440773));
#4447=CARTESIAN_POINT('Ctrl Pts',(-1.3621894092287,-3.19569059285966,-10.6363053565211));
#4448=CARTESIAN_POINT('Ctrl Pts',(-3.42193684776836,-0.598620549089077,
-10.7946130689649));
#4449=CARTESIAN_POINT('Ctrl Pts',(-2.36617529817508,2.54346472556877,-10.9529207814086));
#4450=CARTESIAN_POINT('Ctrl Pts',(0.843875105045109,3.36984764625816,-11.1112284938525));
#4451=CARTESIAN_POINT('Ctrl Pts',(3.28561779494667,1.12814629256862,-11.2695362062962));
#4452=CARTESIAN_POINT('Ctrl Pts',(2.73596344068548,-2.14067802416408,-11.42784391874));
#4453=CARTESIAN_POINT('Ctrl Pts',(-0.304654093161474,-3.46051791433399,
-11.5861516311838));
#4454=CARTESIAN_POINT('Ctrl Pts',(-3.06789872162151,-1.62972261007193,-11.7444593436276));
#4455=CARTESIAN_POINT('Ctrl Pts',(-3.03796905520035,1.68485678072401,-11.9027670560714));
#4456=CARTESIAN_POINT('Ctrl Pts',(-0.242114616286971,3.46545507321719,-12.0610747685151));
#4457=CARTESIAN_POINT('Ctrl Pts',(2.77417354094367,2.09092312547225,-12.2193824809589));
#4458=CARTESIAN_POINT('Ctrl Pts',(3.26471005927799,-1.18729380557452,-12.3776901934027));
#4459=CARTESIAN_POINT('Ctrl Pts',(0.782885021623407,-3.38453680654004,-12.5359979058465));
#4460=CARTESIAN_POINT('Ctrl Pts',(-2.41171919053085,-2.50032175888059,-12.6943056182903));
#4461=CARTESIAN_POINT('Ctrl Pts',(-3.41056902461948,0.660316045702906,-12.8526133307341));
#4462=CARTESIAN_POINT('Ctrl Pts',(-1.30425972703697,3.21976783578197,-13.0109210431778));
#4463=CARTESIAN_POINT('Ctrl Pts',(1.98951534890833,2.84777580373961,-13.1692287556216));
#4464=CARTESIAN_POINT('Ctrl Pts',(3.47193234687075,-0.116979188999809,-13.3275364680654));
#4465=CARTESIAN_POINT('Ctrl Pts',(1.79332185833251,-2.97523025400277,-13.4858441805092));
#4466=CARTESIAN_POINT('Ctrl Pts',(-1.51802196714439,-3.12467720879671,-13.644151892953));
#4467=CARTESIAN_POINT('Ctrl Pts',(-3.44727977139448,-0.429255785797845,
-13.8024596053968));
#4468=CARTESIAN_POINT('Ctrl Pts',(-2.23795507392702,2.65698239342886,-13.9607673178406));
#4469=CARTESIAN_POINT('Ctrl Pts',(1.00892012725725,3.32416583953356,-14.1190750302843));
#4470=CARTESIAN_POINT('Ctrl Pts',(3.33722205704165,0.964856100100524,-14.2773827427281));
#4471=CARTESIAN_POINT('Ctrl Pts',(2.62714374293309,-2.27290873241185,-14.4356904551719));
#4472=CARTESIAN_POINT('Ctrl Pts',(-0.474822647532883,-3.4412994355761,-14.5939981676157));
#4473=CARTESIAN_POINT('Ctrl Pts',(-3.14448584481675,-1.47655244527704,-14.7523058800595));
#4474=CARTESIAN_POINT('Ctrl Pts',(-2.95124585352416,1.83252456026188,-14.9106135925032));
#4475=CARTESIAN_POINT('Ctrl Pts',(-0.0710383955932039,3.47317605344995,
-15.068921304947));
#4476=CARTESIAN_POINT('Ctrl Pts',(2.87384610630996,1.95166772508891,-15.2272290173908));
#4477=CARTESIAN_POINT('Ctrl Pts',(3.20223189037186,-1.34674023931565,-15.3855367298346));
#4478=CARTESIAN_POINT('Ctrl Pts',(0.615139487556728,-3.41900596120495,-15.5438444422784));
#4479=CARTESIAN_POINT('Ctrl Pts',(-2.53200784546213,-2.3784311262731,-15.7021521547222));
#4480=CARTESIAN_POINT('Ctrl Pts',(-3.37388376305295,0.827590904562265,-15.8604598671659));
#4481=CARTESIAN_POINT('Ctrl Pts',(-1.14400071596205,3.28013120374549,-16.0187675796098));
#4482=CARTESIAN_POINT('Ctrl Pts',(2.1274399844604,2.74626973628334,-16.1770752920535));
#4483=CARTESIAN_POINT('Ctrl Pts',(3.4619488570432,-0.28793829742484,-16.3353830044973));
#4484=CARTESIAN_POINT('Ctrl Pts',(1.64451973065071,-3.05999235414192,-16.4936907169411));
#4485=CARTESIAN_POINT('Ctrl Pts',(-1.67016554918174,-3.04607048346439,-16.6519984293849));
#4486=CARTESIAN_POINT('Ctrl Pts',(-3.46424539074052,-0.258847879341502,
-16.8103061418286));
#4487=CARTESIAN_POINT('Ctrl Pts',(-2.10429634979997,2.76404327464768,-16.9686138542724));
#4488=CARTESIAN_POINT('Ctrl Pts',(1.17151335226667,3.27040591018417,-17.1269215667162));
#4489=CARTESIAN_POINT('Ctrl Pts',(3.38071646833368,0.799221191313218,-17.28522927916));
#4490=CARTESIAN_POINT('Ctrl Pts',(2.51193977004738,-2.39961599918838,-17.4435369916038));
#4491=CARTESIAN_POINT('Ctrl Pts',(-0.643837325787123,-3.41371818547311,
-17.6018447040476));
#4492=CARTESIAN_POINT('Ctrl Pts',(-3.2134314893757,-1.31979408052741,-17.7601524164914));
#4493=CARTESIAN_POINT('Ctrl Pts',(-2.857350769622,1.97573908481031,-17.9184601289351));
#4494=CARTESIAN_POINT('Ctrl Pts',(0.100210456942169,3.47245679832392,-18.0767678413789));
#4495=CARTESIAN_POINT('Ctrl Pts',(2.96653488014109,1.80766953750206,-18.2350755538227));
#4496=CARTESIAN_POINT('Ctrl Pts',(3.13197191299646,-1.5029139323687,-18.3933832662665));
#4497=CARTESIAN_POINT('Ctrl Pts',(0.44589909058257,-3.44516652034763,-18.5516909787103));
#4498=CARTESIAN_POINT('Ctrl Pts',(-2.64614341692828,-2.25076062009128,-18.709998691154));
#4499=CARTESIAN_POINT('Ctrl Pts',(-3.32899955833034,0.992854618029703,-18.8683064035979));
#4500=CARTESIAN_POINT('Ctrl Pts',(-0.980961645614329,3.33252345854311,-19.0266141160416));
#4501=CARTESIAN_POINT('Ctrl Pts',(2.26019468508717,2.63808990320843,-19.1849218284854));
#4502=CARTESIAN_POINT('Ctrl Pts',(3.44355241529387,-0.458197681170873,-19.3432295409292));
#4503=CARTESIAN_POINT('Ctrl Pts',(1.49172122231758,-3.13731830498501,-19.501537253373));
#4504=CARTESIAN_POINT('Ctrl Pts',(-1.81825042814552,-2.96006144065544,-19.6598449658168));
#4505=CARTESIAN_POINT('Ctrl Pts',(-3.47279247731182,-0.0878109414193917,
-19.8181526782605));
#4506=CARTESIAN_POINT('Ctrl Pts',(-1.96552393256217,2.86438719841293,-19.9764603907043));
#4507=CARTESIAN_POINT('Ctrl Pts',(1.33125965898951,3.20869850130137,-20.1347681031481));
#4508=CARTESIAN_POINT('Ctrl Pts',(3.41599533217431,0.631644078947838,-20.2930758155919));
#4509=CARTESIAN_POINT('Ctrl Pts',(2.39063148153247,-2.52049191060247,-20.4513835280357));
#4510=CARTESIAN_POINT('Ctrl Pts',(-0.811287401936874,-3.37784118977864,
-20.6096912404795));
#4511=CARTESIAN_POINT('Ctrl Pts',(-3.27456810909335,-1.15982845749505,-20.7679989529232));
#4512=CARTESIAN_POINT('Ctrl Pts',(-2.75651197983593,2.11415232585722,-20.926306665367));
#4513=CARTESIAN_POINT('Ctrl Pts',(0.271215786019795,3.46329905571555,-21.0846143778108));
#4514=CARTESIAN_POINT('Ctrl Pts',(3.05201461757352,1.65927849561913,-21.2429220902546));
#4515=CARTESIAN_POINT('Ctrl Pts',(3.0541008673435,-1.65543536388417,-21.4012298026984));
#4516=CARTESIAN_POINT('Ctrl Pts',(0.275575105211868,-3.46295491066432,-21.5595375151422));
#4517=CARTESIAN_POINT('Ctrl Pts',(-2.75384854176914,-2.11762049501381,-21.717845227586));
#4518=CARTESIAN_POINT('Ctrl Pts',(-3.27602548446515,1.1557055754133,-21.8761529400297));
#4519=CARTESIAN_POINT('Ctrl Pts',(-0.81553872053552,3.37681728069699,-22.0344606524735));
#4520=CARTESIAN_POINT('Ctrl Pts',(2.38745684090622,2.52349919451477,-22.1927683649173));
#4521=CARTESIAN_POINT('Ctrl Pts',(3.41678772718786,-0.627343589466673,-22.3510760773611));
#4522=CARTESIAN_POINT('Ctrl Pts',(1.33529765207792,-3.20702019517522,-22.5093837898049));
#4523=CARTESIAN_POINT('Ctrl Pts',(-1.96191673997692,-2.86685909268407,-22.6676915022486));
#4524=CARTESIAN_POINT('Ctrl Pts',(-3.47290026066045,0.0834393876471787,
-22.8259992146925));
#4525=CARTESIAN_POINT('Ctrl Pts',(-1.82197505587094,2.95777031692622,-22.9843069271362));
#4526=CARTESIAN_POINT('Ctrl Pts',(1.48777084469572,3.13919356930761,-23.1426146395801));
#4527=CARTESIAN_POINT('Ctrl Pts',(3.44297291668301,0.462531995533031,-23.3009223520237));
#4528=CARTESIAN_POINT('Ctrl Pts',(2.26351367111357,-2.63524272365646,-23.4592300644676));
#4529=CARTESIAN_POINT('Ctrl Pts',(-0.976765952166879,-3.33375563390756,
-23.6175377769114));
#4530=CARTESIAN_POINT('Ctrl Pts',(-3.32774713463234,-0.99704431187103,-23.7758454893551));
#4531=CARTESIAN_POINT('Ctrl Pts',(-2.64897453455101,2.24742792257867,-23.9341532017989));
#4532=CARTESIAN_POINT('Ctrl Pts',(0.441562028137129,3.44572508005562,-24.0924609142427));
#4533=CARTESIAN_POINT('Ctrl Pts',(3.13007759255818,1.50685520748238,-24.2507686266865));
#4534=CARTESIAN_POINT('Ctrl Pts',(2.96880798943605,-1.80393388839136,-24.4090763391303));
#4535=CARTESIAN_POINT('Ctrl Pts',(0.104581439166558,-3.47232790433483,-24.567384051574));
#4536=CARTESIAN_POINT('Ctrl Pts',(-2.85486148350841,-1.97933429734667,-24.7256917640179));
#4537=CARTESIAN_POINT('Ctrl Pts',(-3.21509027496789,1.31574802891814,-24.8839994764616));
#4538=CARTESIAN_POINT('Ctrl Pts',(-0.648133938048658,3.4129050316404,-25.0423071889054));
#4539=CARTESIAN_POINT('Ctrl Pts',(2.50891718905893,2.40277607797441,-25.2006149013492));
#4540=CARTESIAN_POINT('Ctrl Pts',(3.38171983512962,-0.794964974693854,-25.358922613793));
#4541=CARTESIAN_POINT('Ctrl Pts',(1.17562914611152,-3.26892864595117,-25.5172303262368));
#4542=CARTESIAN_POINT('Ctrl Pts',(-2.10081535463224,-2.76668992249921,-25.6755380386805));
#4543=CARTESIAN_POINT('Ctrl Pts',(-3.46456848580675,0.254486929929518,-25.8338457511244));
#4544=CARTESIAN_POINT('Ctrl Pts',(-1.67399854747545,3.04396573437983,-25.9921534635681));
#4545=CARTESIAN_POINT('Ctrl Pts',(1.64066654300584,3.0620599499715,-26.1504611760119));
#4546=CARTESIAN_POINT('Ctrl Pts',(3.46158371160382,0.292296036748361,-26.3087688884556));
#4547=CARTESIAN_POINT('Ctrl Pts',(2.1308951576114,-2.74358983427984,-26.4670766008995));
#4548=CARTESIAN_POINT('Ctrl Pts',(-1.13987066643344,-3.28156816516006,-26.6253843133432));
#4549=CARTESIAN_POINT('Ctrl Pts',(-3.37283967342145,-0.831838157490653,
-26.783692025787));
#4550=CARTESIAN_POINT('Ctrl Pts',(-2.53499911497315,2.3752437746227,-26.9419997382308));
#4551=CARTESIAN_POINT('Ctrl Pts',(0.610833983350526,3.4197741846241,-27.1003074506746));
#4552=CARTESIAN_POINT('Ctrl Pts',(3.20053646928271,1.3507765668087,-27.2586151631184));
#4553=CARTESIAN_POINT('Ctrl Pts',(2.87629602749856,-1.94806103604675,-27.4169228755622));
#4554=CARTESIAN_POINT('Ctrl Pts',(-0.0666577253597648,-3.47323902254125,
-27.5752305880059));
#4555=CARTESIAN_POINT('Ctrl Pts',(-2.94895329722593,-1.83628338395293,-27.7335383004497));
#4556=CARTESIAN_POINT('Ctrl Pts',(-3.14631041532275,1.47267965620032,-27.8918460128935));
#4557=CARTESIAN_POINT('Ctrl Pts',(-0.479214504981811,3.440533473139,-28.0501537253373));
#4558=CARTESIAN_POINT('Ctrl Pts',(2.62439601448463,2.27653040692235,-28.2084614377811));
#4559=CARTESIAN_POINT('Ctrl Pts',(3.33821321198191,-0.961259920186187,-28.3667691502249));
#4560=CARTESIAN_POINT('Ctrl Pts',(1.01352628449398,-3.32173173932039,-28.5250768626686));
#4561=CARTESIAN_POINT('Ctrl Pts',(-2.23542192257588,-2.66205499898833,-28.6833845751124));
#4562=CARTESIAN_POINT('Ctrl Pts',(-3.4462137704166,0.429563917733697,-28.8416922875562));
#4563=CARTESIAN_POINT('Ctrl Pts',(-2.16577099569184,2.21727207015757,-28.9472307625187));
#4564=CARTESIAN_POINT('Ctrl Pts',(-1.28892185405321,2.64462557919718,-29.));
#4565=CARTESIAN_POINT('Ctrl Pts',(-1.59774743137965,-2.24059110187412,-3.78051067266308));
#4566=CARTESIAN_POINT('Ctrl Pts',(-2.34063534711928,-1.71084372486135,-3.83327991014434));
#4567=CARTESIAN_POINT('Ctrl Pts',(-3.2456404346357,0.136248104132998,-3.93881838510686));
#4568=CARTESIAN_POINT('Ctrl Pts',(-1.65089782030573,2.8012805128831,-4.09712609755064));
#4569=CARTESIAN_POINT('Ctrl Pts',(1.44831666997161,2.90780314168277,-4.25543380999443));
#4570=CARTESIAN_POINT('Ctrl Pts',(3.22816786027625,0.37095040987837,-4.41374152243822));
#4571=CARTESIAN_POINT('Ctrl Pts',(2.06931530807058,-2.50572712167238,-4.57204923488199));
#4572=CARTESIAN_POINT('Ctrl Pts',(-0.973752329657516,-3.09996835235191,
-4.73035694732578));
#4573=CARTESIAN_POINT('Ctrl Pts',(-3.13015908895105,-0.872408564656304,
-4.88866465976956));
#4574=CARTESIAN_POINT('Ctrl Pts',(-2.43676203959318,2.1497360402422,-5.04697237221334));
#4575=CARTESIAN_POINT('Ctrl Pts',(0.475218763115298,3.21449303605359,-5.20528008465714));
#4576=CARTESIAN_POINT('Ctrl Pts',(2.95452052289494,1.35269042687881,-5.36358779710091));
#4577=CARTESIAN_POINT('Ctrl Pts',(2.74388134184577,-1.7407145604364,-5.5218955095447));
#4578=CARTESIAN_POINT('Ctrl Pts',(0.0350659512595408,-3.24926024805459,
-5.68020322198849));
#4579=CARTESIAN_POINT('Ctrl Pts',(-2.70567312497349,-1.7995223973637,-5.83851093443226));
#4580=CARTESIAN_POINT('Ctrl Pts',(-2.98302803683826,1.28860020768523,-5.99681864687605));
#4581=CARTESIAN_POINT('Ctrl Pts',(-0.544478736240137,3.20351106972757,-6.15512635931983));
#4582=CARTESIAN_POINT('Ctrl Pts',(2.38979196581877,2.20178078986102,-6.31343407176362));
#4583=CARTESIAN_POINT('Ctrl Pts',(3.14827213682949,-0.804565924130398,-6.4717417842074));
#4584=CARTESIAN_POINT('Ctrl Pts',(1.04040179709746,-3.07839358543361,-6.63004949665118));
#4585=CARTESIAN_POINT('Ctrl Pts',(-2.01470431628898,-2.54949212291368,-6.78835720909497));
#4586=CARTESIAN_POINT('Ctrl Pts',(-3.23551903121829,0.300599474649379,-6.94666492153874));
#4587=CARTESIAN_POINT('Ctrl Pts',(-1.51054920561421,2.8770096363637,-7.10497263398253));
#4588=CARTESIAN_POINT('Ctrl Pts',(1.58970304471039,2.83404087257687,-7.26328034642632));
#4589=CARTESIAN_POINT('Ctrl Pts',(3.24260710214045,0.210814124622903,-7.4215880588701));
#4590=CARTESIAN_POINT('Ctrl Pts',(1.94327328169271,-2.60434873937353,-7.57989577131388));
#4591=CARTESIAN_POINT('Ctrl Pts',(-1.12531743673939,-3.04837728678991,-7.73820348375767));
#4592=CARTESIAN_POINT('Ctrl Pts',(-3.16936072984054,-0.717004864659867,
-7.89651119620145));
#4593=CARTESIAN_POINT('Ctrl Pts',(-2.3278534471763,2.26716601493774,-8.05481890864524));
#4594=CARTESIAN_POINT('Ctrl Pts',(0.633052485996467,3.18719123406715,-8.21312662108901));
#4595=CARTESIAN_POINT('Ctrl Pts',(3.01759456513331,1.2054320604274,-8.37143433353282));
#4596=CARTESIAN_POINT('Ctrl Pts',(2.65476186543172,-1.87381505213635,-8.52974204597657));
#4597=CARTESIAN_POINT('Ctrl Pts',(-0.125103883384974,-3.24704364466469,
-8.68804975842038));
#4598=CARTESIAN_POINT('Ctrl Pts',(-2.79106856083712,-1.66399510233277,-8.84635747086414));
#4599=CARTESIAN_POINT('Ctrl Pts',(-2.91589949601352,1.43404098303734,-9.00466518330795));
#4600=CARTESIAN_POINT('Ctrl Pts',(-0.38594412376938,3.22645169578607,-9.16297289575171));
#4601=CARTESIAN_POINT('Ctrl Pts',(2.49539481866237,2.0813332532029,-9.32128060819551));
#4602=CARTESIAN_POINT('Ctrl Pts',(3.10479674637229,-0.958739055016031,-9.47958832063929));
#4603=CARTESIAN_POINT('Ctrl Pts',(0.887430501561488,-3.12592554562631,-9.63789603308307));
#4604=CARTESIAN_POINT('Ctrl Pts',(-2.1378985511433,-2.4471071077739,-9.79620374552685));
#4605=CARTESIAN_POINT('Ctrl Pts',(-3.21677375384572,0.459684705497088,-9.95451145797064));
#4606=CARTESIAN_POINT('Ctrl Pts',(-1.3669311020874,2.94795569404378,-10.1128191704144));
#4607=CARTESIAN_POINT('Ctrl Pts',(1.72743660205146,2.75225474798238,-10.2711268828582));
#4608=CARTESIAN_POINT('Ctrl Pts',(3.24905632762054,0.0507581702562804,-10.429434595302));
#4609=CARTESIAN_POINT('Ctrl Pts',(1.81256646731182,-2.69695128125733,-10.5877423077458));
#4610=CARTESIAN_POINT('Ctrl Pts',(-1.27417802121457,-2.98921624881046,-10.7460500201896));
#4611=CARTESIAN_POINT('Ctrl Pts',(-3.20084467833261,-0.559943530267638,
-10.9043577326333));
#4612=CARTESIAN_POINT('Ctrl Pts',(-2.21329613844425,2.37913085294747,-11.0626654450771));
#4613=CARTESIAN_POINT('Ctrl Pts',(0.789352129897589,3.15212097276182,-11.2209731575209));
#4614=CARTESIAN_POINT('Ctrl Pts',(3.07333323256639,1.05525648706927,-11.3792808699647));
#4615=CARTESIAN_POINT('Ctrl Pts',(2.55919217940621,-2.00236829798239,-11.5375885824085));
#4616=CARTESIAN_POINT('Ctrl Pts',(-0.284970318334219,-3.23693301283287,
-11.6958962948523));
#4617=CARTESIAN_POINT('Ctrl Pts',(-2.86968104135812,-1.52442583708378,-11.854204007296));
#4618=CARTESIAN_POINT('Ctrl Pts',(-2.84168513794135,1.57599777560188,-12.0125117197399));
#4619=CARTESIAN_POINT('Ctrl Pts',(-0.226471532224247,3.24155118068353,-12.1708194321836));
#4620=CARTESIAN_POINT('Ctrl Pts',(2.59493351582208,1.95582807535889,-12.3291271446274));
#4621=CARTESIAN_POINT('Ctrl Pts',(3.05377635076867,-1.11058246491863,-12.4874348570712));
#4622=CARTESIAN_POINT('Ctrl Pts',(0.73230263055376,-3.16586106283627,-12.645742569515));
#4623=CARTESIAN_POINT('Ctrl Pts',(-2.25589742887209,-2.3387753637977,-12.8040502819587));
#4624=CARTESIAN_POINT('Ctrl Pts',(-3.19021133299369,0.617652865886214,-12.9623579944025));
#4625=CARTESIAN_POINT('Ctrl Pts',(-1.21999118983521,3.01173785522966,-13.1206657068463));
#4626=CARTESIAN_POINT('Ctrl Pts',(1.86097227982664,2.66378031857278,-13.2789734192901));
#4627=CARTESIAN_POINT('Ctrl Pts',(3.24760995611582,-0.109421135235117,-13.4372811317339));
#4628=CARTESIAN_POINT('Ctrl Pts',(1.67745489824707,-2.78299990590112,-13.5955888441777));
#4629=CARTESIAN_POINT('Ctrl Pts',(-1.41994219977932,-2.92279105671012,-13.7538965566215));
#4630=CARTESIAN_POINT('Ctrl Pts',(-3.22455018951847,-0.401521465397756,
-13.9122042690652));
#4631=CARTESIAN_POINT('Ctrl Pts',(-2.09336025397383,2.48531411676301,-14.070511981509));
#4632=CARTESIAN_POINT('Ctrl Pts',(0.943733553206887,3.10939067864596,-14.2288196939528));
#4633=CARTESIAN_POINT('Ctrl Pts',(3.12160333077517,0.902516513528771,-14.3871274063966));
#4634=CARTESIAN_POINT('Ctrl Pts',(2.45740334871061,-2.12605554810889,-14.5454351188404));
#4635=CARTESIAN_POINT('Ctrl Pts',(-0.444144241147694,-3.21895624464734,
-14.7037428312841));
#4636=CARTESIAN_POINT('Ctrl Pts',(-2.94131985195399,-1.38115203377475,-14.8620505437279));
#4637=CARTESIAN_POINT('Ctrl Pts',(-2.76056514335284,1.71412470409947,-15.0203582561717));
#4638=CARTESIAN_POINT('Ctrl Pts',(-0.0664485876295782,3.24877330651138,
-15.1786659686155));
#4639=CARTESIAN_POINT('Ctrl Pts',(2.6881662125729,1.82557000015894,-15.3369736810593));
#4640=CARTESIAN_POINT('Ctrl Pts',(2.99533491150437,-1.25972702591549,-15.4952813935031));
#4641=CARTESIAN_POINT('Ctrl Pts',(0.575395176115625,-3.1981031570607,-15.6535891059468));
#4642=CARTESIAN_POINT('Ctrl Pts',(-2.36841420464241,-2.22476011451724,-15.8118968183907));
#4643=CARTESIAN_POINT('Ctrl Pts',(-3.15589631507188,0.774120055556296,-15.9702045308344));
#4644=CARTESIAN_POINT('Ctrl Pts',(-1.07008655232311,3.06820113135303,-16.1285122432782));
#4645=CARTESIAN_POINT('Ctrl Pts',(1.98998557123373,2.56883258274657,-16.286819955722));
#4646=CARTESIAN_POINT('Ctrl Pts',(3.23827150198668,-0.26933453421313,-16.4451276681658));
#4647=CARTESIAN_POINT('Ctrl Pts',(1.53826691211417,-2.86228550619841,-16.6034353806096));
#4648=CARTESIAN_POINT('Ctrl Pts',(-1.56225574809168,-2.84926313096093,-16.7617430930533));
#4649=CARTESIAN_POINT('Ctrl Pts',(-3.24041965608498,-0.242123655095587,
-16.9200508054971));
#4650=CARTESIAN_POINT('Ctrl Pts',(-1.96833725242025,2.58545776848771,-17.0783585179409));
#4651=CARTESIAN_POINT('Ctrl Pts',(1.09582159052521,3.05910419136675,-17.2366662303847));
#4652=CARTESIAN_POINT('Ctrl Pts',(3.16228755760772,0.747583316358958,-17.3949739428285));
#4653=CARTESIAN_POINT('Ctrl Pts',(2.34964273244603,-2.24457622765686,-17.5532816552723));
#4654=CARTESIAN_POINT('Ctrl Pts',(-0.602238840059711,-3.193157025801,-17.711589367716));
#4655=CARTESIAN_POINT('Ctrl Pts',(-3.00581090170104,-1.23452186498008,-17.8698970801598));
#4656=CARTESIAN_POINT('Ctrl Pts',(-2.67273664358791,1.84808610349226,-18.0282047926036));
#4657=CARTESIAN_POINT('Ctrl Pts',(0.093735835021559,3.24810052263343,-18.1865125050474));
#4658=CARTESIAN_POINT('Ctrl Pts',(2.77486634225298,1.69087557038666,-18.3448202174912));
#4659=CARTESIAN_POINT('Ctrl Pts',(2.92961444830281,-1.40581029879366,-18.5031279299349));
#4660=CARTESIAN_POINT('Ctrl Pts',(0.417089442224912,-3.22257347613414,-18.6614356423788));
#4661=CARTESIAN_POINT('Ctrl Pts',(-2.4751754491622,-2.10533843069551,-18.8197433548225));
#4662=CARTESIAN_POINT('Ctrl Pts',(-3.11391208969927,0.928706040425867,-18.9780510672663));
#4663=CARTESIAN_POINT('Ctrl Pts',(-0.917581475841891,3.11720830986486,-19.1363587797101));
#4664=CARTESIAN_POINT('Ctrl Pts',(2.11416295846458,2.4676422749165,-19.2946664921539));
#4665=CARTESIAN_POINT('Ctrl Pts',(3.22106365879928,-0.428593417893316,-19.4529742045976));
#4666=CARTESIAN_POINT('Ctrl Pts',(1.3953407524528,-2.93461540860865,-19.6112819170414));
#4667=CARTESIAN_POINT('Ctrl Pts',(-1.70077282712014,-2.76881115326209,-19.7695896294852));
#4668=CARTESIAN_POINT('Ctrl Pts',(-3.24841451332054,-0.0821374552031722,
-19.927897341929));
#4669=CARTESIAN_POINT('Ctrl Pts',(-1.8385309547077,2.67931844700855,-20.0862050543728));
#4670=CARTESIAN_POINT('Ctrl Pts',(1.24524664963773,3.00138371313379,-20.2445127668166));
#4671=CARTESIAN_POINT('Ctrl Pts',(3.1952870455017,0.590833401855164,-20.4028204792603));
#4672=CARTESIAN_POINT('Ctrl Pts',(2.23617220186514,-2.35764231712625,-20.5611281917042));
#4673=CARTESIAN_POINT('Ctrl Pts',(-0.75886992618857,-3.15959805149728,-20.7194359041479));
#4674=CARTESIAN_POINT('Ctrl Pts',(-3.06299746959522,-1.08489165963798,-20.8777436165918));
#4675=CARTESIAN_POINT('Ctrl Pts',(-2.57841307245984,1.9775564314747,-21.0360513290354));
#4676=CARTESIAN_POINT('Ctrl Pts',(0.253692468324594,3.23953446399543,-21.1943590414793));
#4677=CARTESIAN_POINT('Ctrl Pts',(2.85482321312402,1.55207210969949,-21.352666753923));
#4678=CARTESIAN_POINT('Ctrl Pts',(2.85677466979052,-1.54847728363774,-21.5109744663669));
#4679=CARTESIAN_POINT('Ctrl Pts',(0.257770130846695,-3.2392125542394,-21.6692821788106));
#4680=CARTESIAN_POINT('Ctrl Pts',(-2.57592171977232,-1.98080052138118,-21.8275898912545));
#4681=CARTESIAN_POINT('Ctrl Pts',(-3.06436068359089,1.08103515796718,-21.9858976036982));
#4682=CARTESIAN_POINT('Ctrl Pts',(-0.76284656606177,3.15864029742966,-22.144205316142));
#4683=CARTESIAN_POINT('Ctrl Pts',(2.23320267553948,2.36045529969582,-22.3025130285858));
#4684=CARTESIAN_POINT('Ctrl Pts',(3.1960282436813,-0.586810768042083,-22.4608207410295));
#4685=CARTESIAN_POINT('Ctrl Pts',(1.24902374701364,-2.99981384277337,-22.6191284534733));
#4686=CARTESIAN_POINT('Ctrl Pts',(-1.83515682370999,-2.68163063159149,-22.7774361659171));
#4687=CARTESIAN_POINT('Ctrl Pts',(-3.24851533276088,0.0780483485801207,
-22.9357438783609));
#4688=CARTESIAN_POINT('Ctrl Pts',(-1.70425680574514,2.76666805959252,-23.0940515908047));
#4689=CARTESIAN_POINT('Ctrl Pts',(1.39164560968691,2.93636951164869,-23.2523593032484));
#4690=CARTESIAN_POINT('Ctrl Pts',(3.22052160173417,0.432647691153625,-23.4106670156923));
#4691=CARTESIAN_POINT('Ctrl Pts',(2.11726750399908,-2.46497905232572,-23.568974728136));
#4692=CARTESIAN_POINT('Ctrl Pts',(-0.91365686716538,-3.11836087408025,-23.7272824405798));
#4693=CARTESIAN_POINT('Ctrl Pts',(-3.11274058540006,-0.932625037132261,
-23.8855901530236));
#4694=CARTESIAN_POINT('Ctrl Pts',(-2.47782364758889,2.10222105957726,-24.0438978654674));
#4695=CARTESIAN_POINT('Ctrl Pts',(0.413032598435649,3.22309594716397,-24.2022055779112));
#4696=CARTESIAN_POINT('Ctrl Pts',(2.92784252036735,1.40949692716663,-24.3605132903549));
#4697=CARTESIAN_POINT('Ctrl Pts',(2.77699258540524,-1.68738128247077,-24.5188210027987));
#4698=CARTESIAN_POINT('Ctrl Pts',(0.0978244070246294,-3.24797995651623,
-24.6771287152425));
#4699=CARTESIAN_POINT('Ctrl Pts',(-2.67040819085368,-1.85144902847494,-24.8354364276863));
#4700=CARTESIAN_POINT('Ctrl Pts',(-3.00736251275393,1.23073722974631,-24.9937441401301));
#4701=CARTESIAN_POINT('Ctrl Pts',(-0.606257847161258,3.19239641003458,-25.1520518525739));
#4702=CARTESIAN_POINT('Ctrl Pts',(2.34681544114811,2.24753213298632,-25.3103595650177));
#4703=CARTESIAN_POINT('Ctrl Pts',(3.1632260966317,-0.743602094927343,-25.4686672774614));
#4704=CARTESIAN_POINT('Ctrl Pts',(1.09967146193182,-3.05772237353403,-25.6269749899052));
#4705=CARTESIAN_POINT('Ctrl Pts',(-1.96508116519433,-2.58793341577984,-25.785282702349));
#4706=CARTESIAN_POINT('Ctrl Pts',(-3.24072187590064,0.238044467682481,-25.9435904147928));
#4707=CARTESIAN_POINT('Ctrl Pts',(-1.56584109543627,2.84729437022505,-26.1018981272366));
#4708=CARTESIAN_POINT('Ctrl Pts',(1.53466267985729,2.86421951416012,-26.2602058396804));
#4709=CARTESIAN_POINT('Ctrl Pts',(3.23792994868267,0.273410718942365,-26.4185135521241));
#4710=CARTESIAN_POINT('Ctrl Pts',(1.99321750480969,-2.5663258298613,-26.5768212645679));
#4711=CARTESIAN_POINT('Ctrl Pts',(-1.06622334629592,-3.06954525034219,-26.7351289770117));
#4712=CARTESIAN_POINT('Ctrl Pts',(-3.15491968432462,-0.778092892443179,
-26.8934366894555));
#4713=CARTESIAN_POINT('Ctrl Pts',(-2.37121220750506,2.22177869842979,-27.0517444018993));
#4714=CARTESIAN_POINT('Ctrl Pts',(0.57136785158011,3.19882174537848,-27.210052114343));
#4715=CARTESIAN_POINT('Ctrl Pts',(2.99374903198286,1.26350256531056,-27.3683598267869));
#4716=CARTESIAN_POINT('Ctrl Pts',(2.69045784375949,-1.82219634017028,-27.5266675392306));
#4717=CARTESIAN_POINT('Ctrl Pts',(-0.062350953562071,-3.24883220715442,
-27.6849752516745));
#4718=CARTESIAN_POINT('Ctrl Pts',(-2.75842070967289,-1.71764066928048,-27.8432829641182));
#4719=CARTESIAN_POINT('Ctrl Pts',(-2.94302653651721,1.37752946653929,-28.001590676562));
#4720=CARTESIAN_POINT('Ctrl Pts',(-0.448252339621982,3.21823977122902,-28.1598983890058));
#4721=CARTESIAN_POINT('Ctrl Pts',(2.45483315166343,2.12944322535115,-28.3182061014495));
#4722=CARTESIAN_POINT('Ctrl Pts',(3.12253044695442,-0.899152683670639,-28.4765138138934));
#4723=CARTESIAN_POINT('Ctrl Pts',(0.948042105507733,-3.10711384623774,-28.6348215263371));
#4724=CARTESIAN_POINT('Ctrl Pts',(-2.09099077014568,-2.49005898004735,-28.7931292387809));
#4725=CARTESIAN_POINT('Ctrl Pts',(-3.22355306312224,0.401809688854512,-28.9514369512247));
#4726=CARTESIAN_POINT('Ctrl Pts',(-2.02584000653557,2.07401358409283,-29.0569754261872));
#4727=CARTESIAN_POINT('Ctrl Pts',(-1.20564430054383,2.47375567929494,-29.1097446636685));
#4728=CARTESIAN_POINT('Ctrl Pts',(-1.48738611075533,-2.08582659521589,-3.89025533633154));
#4729=CARTESIAN_POINT('Ctrl Pts',(-2.17896047727768,-1.59267049600848,-3.9430245738128));
#4730=CARTESIAN_POINT('Ctrl Pts',(-3.02145408477639,0.126837029260104,-4.04856304877532));
#4731=CARTESIAN_POINT('Ctrl Pts',(-1.53686523913148,2.60778746713055,-4.2068707612191));
#4732=CARTESIAN_POINT('Ctrl Pts',(1.34827699083266,2.70695225090428,-4.36517847366289));
#4733=CARTESIAN_POINT('Ctrl Pts',(3.00518839477372,0.345327726144841,-4.52348618610667));
#4734=CARTESIAN_POINT('Ctrl Pts',(1.92638134635575,-2.3326488560837,-4.68179389855045));
#4735=CARTESIAN_POINT('Ctrl Pts',(-0.90649226655153,-2.88584402047065,-4.84010161099424));
#4736=CARTESIAN_POINT('Ctrl Pts',(-2.91394939019874,-0.812148626553141,
-4.99840932343802));
#4737=CARTESIAN_POINT('Ctrl Pts',(-2.26844740396613,2.00124717164175,-5.15671703588181));
#4738=CARTESIAN_POINT('Ctrl Pts',(0.442393944090191,2.99245813264571,-5.31502474832559));
#4739=CARTESIAN_POINT('Ctrl Pts',(2.75044271916047,1.25925594595005,-5.47333246076937));
#4740=CARTESIAN_POINT('Ctrl Pts',(2.55435303306856,-1.62047806125839,-5.63164017321316));
#4741=CARTESIAN_POINT('Ctrl Pts',(0.0326438383436082,-3.02482386656858,
-5.78994788565694));
#4742=CARTESIAN_POINT('Ctrl Pts',(-2.51878397504572,-1.67522386033234,-5.94825559810073));
#4743=CARTESIAN_POINT('Ctrl Pts',(-2.77698113158956,1.19959263497136,-6.1065633105445));
#4744=CARTESIAN_POINT('Ctrl Pts',(-0.506869918223495,2.98223472445159,-6.2648710229883));
#4745=CARTESIAN_POINT('Ctrl Pts',(2.2247216973988,2.04969703061223,-6.42317873543207));
#4746=CARTESIAN_POINT('Ctrl Pts',(2.93081131424802,-0.74899208550454,-6.58148644787586));
#4747=CARTESIAN_POINT('Ctrl Pts',(0.968538050642592,-2.86575948894407,-6.73979416031965));
#4748=CARTESIAN_POINT('Ctrl Pts',(-1.87554250344777,-2.37339087431828,-6.89810187276342));
#4749=CARTESIAN_POINT('Ctrl Pts',(-3.01203179776861,0.279836146009479,-7.05640958520722));
#4750=CARTESIAN_POINT('Ctrl Pts',(-1.40621093416686,2.6782857475424,-7.21471729765099));
#4751=CARTESIAN_POINT('Ctrl Pts',(1.47989737457186,2.63828496819666,-7.37302501009477));
#4752=CARTESIAN_POINT('Ctrl Pts',(3.01863027386978,0.196252545775899,-7.53133272253857));
#4753=CARTESIAN_POINT('Ctrl Pts',(1.80904542972466,-2.42445837585383,-7.68964043498233));
#4754=CARTESIAN_POINT('Ctrl Pts',(-1.04758830633929,-2.83781650820626,-7.84794814742614));
#4755=CARTESIAN_POINT('Ctrl Pts',(-2.95044325339181,-0.667479137249003,
-8.00625585986991));
#4756=CARTESIAN_POINT('Ctrl Pts',(-2.16706146240784,2.11056589744166,-8.1645635723137));
#4757=CARTESIAN_POINT('Ctrl Pts',(0.589325607137548,2.96704214994678,-8.32287128475748));
#4758=CARTESIAN_POINT('Ctrl Pts',(2.80916004364618,1.12216916699449,-8.48117899720126));
#4759=CARTESIAN_POINT('Ctrl Pts',(2.47138931251255,-1.74438489334026,-8.63948670964504));
#4760=CARTESIAN_POINT('Ctrl Pts',(-0.116462574055073,-3.02276037078042,
-8.79779442208884));
#4761=CARTESIAN_POINT('Ctrl Pts',(-2.59828088596598,-1.54905785167653,-8.95610213453261));
#4762=CARTESIAN_POINT('Ctrl Pts',(-2.71448936518328,1.33498736942536,-9.1144098469764));
#4763=CARTESIAN_POINT('Ctrl Pts',(-0.359285778182434,3.00359077103399,-9.27271755942018));
#4764=CARTESIAN_POINT('Ctrl Pts',(2.3230302369657,1.93756917511927,-9.43102527186396));
#4765=CARTESIAN_POINT('Ctrl Pts',(2.89033890249151,-0.892516004884554,-9.58933298430775));
#4766=CARTESIAN_POINT('Ctrl Pts',(0.826132952154667,-2.91000827070962,-9.74764069675153));
#4767=CARTESIAN_POINT('Ctrl Pts',(-1.99022733425937,-2.27807790652531,-9.90594840919532));
#4768=CARTESIAN_POINT('Ctrl Pts',(-2.99458131425749,0.427932871525641,-10.0642561216391));
#4769=CARTESIAN_POINT('Ctrl Pts',(-1.27251297399906,2.74433134319395,-10.2225638340829));
#4770=CARTESIAN_POINT('Ctrl Pts',(1.60811725222621,2.56214806233457,-10.3808715465267));
#4771=CARTESIAN_POINT('Ctrl Pts',(3.024634031545,0.0472521475946701,-10.5391792589705));
#4772=CARTESIAN_POINT('Ctrl Pts',(1.68736693632014,-2.51066457585358,-10.6974869714142));
#4773=CARTESIAN_POINT('Ctrl Pts',(-1.18616663320044,-2.78274190476127,-10.855794683858));
#4774=CARTESIAN_POINT('Ctrl Pts',(-2.97975250889686,-0.521266511446204,
-11.0141023963018));
#4775=CARTESIAN_POINT('Ctrl Pts',(-2.06041697871342,2.21479698032616,-11.1724101087456));
#4776=CARTESIAN_POINT('Ctrl Pts',(0.734829154750068,2.93439429926548,-11.3307178211894));
#4777=CARTESIAN_POINT('Ctrl Pts',(2.86104867018611,0.982366681569931,-11.4890255336331));
#4778=CARTESIAN_POINT('Ctrl Pts',(2.38242091812694,-1.8640585718007,-11.6473332460769));
#4779=CARTESIAN_POINT('Ctrl Pts',(-0.265286543506959,-3.01334811133174,
-11.8056409585207));
#4780=CARTESIAN_POINT('Ctrl Pts',(-2.67146336109473,-1.41912906409562,-11.9639486709645));
#4781=CARTESIAN_POINT('Ctrl Pts',(-2.64540122068234,1.46713877047975,-12.1222563834083));
#4782=CARTESIAN_POINT('Ctrl Pts',(-0.210828448161525,3.01764728814987,-12.2805640958521));
#4783=CARTESIAN_POINT('Ctrl Pts',(2.41569349070049,1.82073302524553,-12.4388718082958));
#4784=CARTESIAN_POINT('Ctrl Pts',(2.84284264225935,-1.03387112426273,-12.5971795207397));
#4785=CARTESIAN_POINT('Ctrl Pts',(0.681720239484113,-2.9471853191325,-12.7554872331834));
#4786=CARTESIAN_POINT('Ctrl Pts',(-2.10007566721332,-2.1772289687148,-12.9137949456272));
#4787=CARTESIAN_POINT('Ctrl Pts',(-2.9698536413679,0.574989686069521,-13.072102658071));
#4788=CARTESIAN_POINT('Ctrl Pts',(-1.13572265263344,2.80370787467735,-13.2304103705148));
#4789=CARTESIAN_POINT('Ctrl Pts',(1.73242921074494,2.47978483340594,-13.3887180829585));
#4790=CARTESIAN_POINT('Ctrl Pts',(3.02328756536089,-0.101863081470423,-13.5470257954024));
#4791=CARTESIAN_POINT('Ctrl Pts',(1.56158793816163,-2.59076955779948,-13.7053335078461));
#4792=CARTESIAN_POINT('Ctrl Pts',(-1.32186243241424,-2.72090490462352,-13.8636412202899));
#4793=CARTESIAN_POINT('Ctrl Pts',(-3.00182060764245,-0.37378714499767,-14.0219489327337));
#4794=CARTESIAN_POINT('Ctrl Pts',(-1.94876543402064,2.31364584009715,-14.1802566451775));
#4795=CARTESIAN_POINT('Ctrl Pts',(0.878546979156524,2.89461551775835,-14.3385643576213));
#4796=CARTESIAN_POINT('Ctrl Pts',(2.90598460450868,0.840176926957019,-14.496872070065));
#4797=CARTESIAN_POINT('Ctrl Pts',(2.28766295448814,-1.97920236380593,-14.6551797825088));
#4798=CARTESIAN_POINT('Ctrl Pts',(-0.413465834762506,-2.99661305371858,
-14.8134874949526));
#4799=CARTESIAN_POINT('Ctrl Pts',(-2.73815385909122,-1.28575162227246,-14.9717952073964));
#4800=CARTESIAN_POINT('Ctrl Pts',(-2.56988443318151,1.59572484793707,-15.1301029198402));
#4801=CARTESIAN_POINT('Ctrl Pts',(-0.0618587796659495,3.02437055957281,
-15.288410632284));
#4802=CARTESIAN_POINT('Ctrl Pts',(2.50248631883585,1.69947227522897,-15.4467183447278));
#4803=CARTESIAN_POINT('Ctrl Pts',(2.78843793263687,-1.17271381251534,-15.6050260571715));
#4804=CARTESIAN_POINT('Ctrl Pts',(0.535650864674523,-2.97720035291645,-15.7633337696153));
#4805=CARTESIAN_POINT('Ctrl Pts',(-2.2048205638227,-2.07108910276139,-15.9216414820591));
#4806=CARTESIAN_POINT('Ctrl Pts',(-2.93790886709081,0.720649206550331,-16.0799491945029));
#4807=CARTESIAN_POINT('Ctrl Pts',(-0.996172388684162,2.85627105896056,-16.2382569069467));
#4808=CARTESIAN_POINT('Ctrl Pts',(1.85253115800706,2.3913954292098,-16.3965646193904));
#4809=CARTESIAN_POINT('Ctrl Pts',(3.01459414693016,-0.250730771001421,-16.5548723318342));
#4810=CARTESIAN_POINT('Ctrl Pts',(1.43201409357763,-2.66457865825489,-16.713180044278));
#4811=CARTESIAN_POINT('Ctrl Pts',(-1.45434594700161,-2.65245577845747,-16.8714877567218));
#4812=CARTESIAN_POINT('Ctrl Pts',(-3.01659392142944,-0.22539943084967,-17.0297954691656));
#4813=CARTESIAN_POINT('Ctrl Pts',(-1.83237815504053,2.40687226232774,-17.1881031816094));
#4814=CARTESIAN_POINT('Ctrl Pts',(1.02012982878375,2.84780247254934,-17.3464108940532));
#4815=CARTESIAN_POINT('Ctrl Pts',(2.94385864688176,0.695945441404693,-17.5047186064969));
#4816=CARTESIAN_POINT('Ctrl Pts',(2.18734569484469,-2.08953645612533,-17.6630263189407));
#4817=CARTESIAN_POINT('Ctrl Pts',(-0.560640354332298,-2.97259586612889,
-17.8213340313845));
#4818=CARTESIAN_POINT('Ctrl Pts',(-2.79819031402639,-1.14924964943275,-17.9796417438283));
#4819=CARTESIAN_POINT('Ctrl Pts',(-2.48812251755381,1.72043312217421,-18.137949456272));
#4820=CARTESIAN_POINT('Ctrl Pts',(0.0872612131009434,3.02374424694295,-18.2962571687159));
#4821=CARTESIAN_POINT('Ctrl Pts',(2.58319780436487,1.57408160327126,-18.4545648811596));
#4822=CARTESIAN_POINT('Ctrl Pts',(2.72725698360915,-1.30870666521862,-18.6128725936034));
#4823=CARTESIAN_POINT('Ctrl Pts',(0.38827979386726,-2.99998043192065,-18.7711803060472));
#4824=CARTESIAN_POINT('Ctrl Pts',(-2.30420748139613,-1.95991624129975,-18.9294880184909));
#4825=CARTESIAN_POINT('Ctrl Pts',(-2.89882462106819,0.864557462822026,-19.0877957309348));
#4826=CARTESIAN_POINT('Ctrl Pts',(-0.854201306069456,2.90189316118662,-19.2461034433785));
#4827=CARTESIAN_POINT('Ctrl Pts',(1.96813123184199,2.29719464662457,-19.4044111558224));
#4828=CARTESIAN_POINT('Ctrl Pts',(2.99857490230468,-0.398989154615755,-19.5627188682661));
#4829=CARTESIAN_POINT('Ctrl Pts',(1.29896028258802,-2.73191251223229,-19.7210265807099));
#4830=CARTESIAN_POINT('Ctrl Pts',(-1.58329522609476,-2.57756086586873,-19.8793342931537));
#4831=CARTESIAN_POINT('Ctrl Pts',(-3.02403654932925,-0.0764639689869514,
-20.0376420055975));
#4832=CARTESIAN_POINT('Ctrl Pts',(-1.71153797685323,2.49424969560418,-20.1959497180412));
#4833=CARTESIAN_POINT('Ctrl Pts',(1.15923364028595,2.7940689249662,-20.3542574304851));
#4834=CARTESIAN_POINT('Ctrl Pts',(2.9745787588291,0.550022724762489,-20.5125651429288));
#4835=CARTESIAN_POINT('Ctrl Pts',(2.08171292219781,-2.19479272365004,-20.6708728553726));
#4836=CARTESIAN_POINT('Ctrl Pts',(-0.706452450440264,-2.94135491321592,
-20.8291805678164));
#4837=CARTESIAN_POINT('Ctrl Pts',(-2.85142683009709,-1.00995486178091,-20.9874882802602));
#4838=CARTESIAN_POINT('Ctrl Pts',(-2.40031416508375,1.84096053709218,-21.1457959927039));
#4839=CARTESIAN_POINT('Ctrl Pts',(0.236169150629395,3.01576987227531,-21.3041037051478));
#4840=CARTESIAN_POINT('Ctrl Pts',(2.65763180867451,1.44486572377984,-21.4624114175915));
#4841=CARTESIAN_POINT('Ctrl Pts',(2.65944847223754,-1.44151920339131,-21.6207191300353));
#4842=CARTESIAN_POINT('Ctrl Pts',(0.23996515648152,-3.01547019781448,-21.7790268424791));
#4843=CARTESIAN_POINT('Ctrl Pts',(-2.39799489777551,-1.84398054774855,-21.9373345549228));
#4844=CARTESIAN_POINT('Ctrl Pts',(-2.85269588271663,1.00636474052106,-22.0956422673667));
#4845=CARTESIAN_POINT('Ctrl Pts',(-0.710154411588017,2.94046331416232,-22.2539499798104));
#4846=CARTESIAN_POINT('Ctrl Pts',(2.07894851017275,2.19741140487688,-22.4122576922542));
#4847=CARTESIAN_POINT('Ctrl Pts',(2.97526876017475,-0.546277946617493,-22.570565404698));
#4848=CARTESIAN_POINT('Ctrl Pts',(1.16274984194935,-2.79260749037153,-22.7288731171418));
#4849=CARTESIAN_POINT('Ctrl Pts',(-1.70839690744307,-2.49640217049892,-22.8871808295856));
#4850=CARTESIAN_POINT('Ctrl Pts',(-3.0241304048613,0.0726573095130592,-23.0454885420294));
#4851=CARTESIAN_POINT('Ctrl Pts',(-1.58653855561933,2.57556580225883,-23.2037962544731));
#4852=CARTESIAN_POINT('Ctrl Pts',(1.29552037467809,2.73354545398976,-23.362103966917));
#4853=CARTESIAN_POINT('Ctrl Pts',(2.99807028678532,0.402763386774218,-23.5204116793607));
#4854=CARTESIAN_POINT('Ctrl Pts',(1.97102133688459,-2.29471538099498,-23.6787193918045));
#4855=CARTESIAN_POINT('Ctrl Pts',(-0.850547782163883,-2.90296611425295,
-23.8370271042483));
#4856=CARTESIAN_POINT('Ctrl Pts',(-2.89773403616778,-0.868205762393486,
-23.9953348166921));
#4857=CARTESIAN_POINT('Ctrl Pts',(-2.30667276062677,1.95701419657583,-24.1536425291359));
#4858=CARTESIAN_POINT('Ctrl Pts',(0.384503168734171,3.00046681427232,-24.3119502415796));
#4859=CARTESIAN_POINT('Ctrl Pts',(2.72560744817651,1.31213864685088,-24.4702579540234));
#4860=CARTESIAN_POINT('Ctrl Pts',(2.58517718137444,-1.57082867655017,-24.6285656664672));
#4861=CARTESIAN_POINT('Ctrl Pts',(0.0910673748826974,-3.02363200869763,
-24.786873378911));
#4862=CARTESIAN_POINT('Ctrl Pts',(-2.48595489819894,-1.72356375960321,-24.9451810913547));
#4863=CARTESIAN_POINT('Ctrl Pts',(-2.79963475053997,1.14572643057447,-25.1034888037986));
#4864=CARTESIAN_POINT('Ctrl Pts',(-0.564381756273856,2.97188778842877,-25.2617965162423));
#4865=CARTESIAN_POINT('Ctrl Pts',(2.18471369323729,2.09228818799823,-25.4201042286861));
#4866=CARTESIAN_POINT('Ctrl Pts',(2.94473235813378,-0.69223921516083,-25.5784119411299));
#4867=CARTESIAN_POINT('Ctrl Pts',(1.02371377775212,-2.84651610111689,-25.7367196535737));
#4868=CARTESIAN_POINT('Ctrl Pts',(-1.8293469757564,-2.40917690906047,-25.8950273660175));
#4869=CARTESIAN_POINT('Ctrl Pts',(-3.01687526599454,0.221602005435442,-26.0533350784613));
#4870=CARTESIAN_POINT('Ctrl Pts',(-1.45768364339709,2.65062300607026,-26.211642790905));
#4871=CARTESIAN_POINT('Ctrl Pts',(1.42865881670873,2.66637907834874,-26.3699505033489));
#4872=CARTESIAN_POINT('Ctrl Pts',(3.01427618576152,0.254525401136372,-26.5282582157926));
#4873=CARTESIAN_POINT('Ctrl Pts',(1.85553985200799,-2.38906182544275,-26.6865659282364));
#4874=CARTESIAN_POINT('Ctrl Pts',(-0.992576026158406,-2.85752233552432,
-26.8448736406801));
#4875=CARTESIAN_POINT('Ctrl Pts',(-2.9369996952278,-0.724347627395708,-27.003181353124));
#4876=CARTESIAN_POINT('Ctrl Pts',(-2.20742530003696,2.06831362223688,-27.1614890655677));
#4877=CARTESIAN_POINT('Ctrl Pts',(0.531901719809697,2.97786930613285,-27.3197967780115));
#4878=CARTESIAN_POINT('Ctrl Pts',(2.786961594683,1.17622856381241,-27.4781044904553));
#4879=CARTESIAN_POINT('Ctrl Pts',(2.50461966002042,-1.69633164429381,-27.636412202899));
#4880=CARTESIAN_POINT('Ctrl Pts',(-0.0580441817643776,-3.02442539176759,
-27.7947199153429));
#4881=CARTESIAN_POINT('Ctrl Pts',(-2.56788812211985,-1.59899795460801,-27.9530276277866));
#4882=CARTESIAN_POINT('Ctrl Pts',(-2.73974265771166,1.28237927687825,-28.1113353402304));
#4883=CARTESIAN_POINT('Ctrl Pts',(-0.417290174262154,2.99594606931904,-28.2696430526742));
#4884=CARTESIAN_POINT('Ctrl Pts',(2.28527028884223,1.98235604377995,-28.427950765118));
#4885=CARTESIAN_POINT('Ctrl Pts',(2.90684768192692,-0.837045447155093,-28.5862584775618));
#4886=CARTESIAN_POINT('Ctrl Pts',(0.882557926521482,-2.89249595315509,-28.7445661900055));
#4887=CARTESIAN_POINT('Ctrl Pts',(-1.94655961771548,-2.31806296110637,-28.9028739024494));
#4888=CARTESIAN_POINT('Ctrl Pts',(-3.00089235582787,0.374055459975327,-29.0611816148931));
#4889=CARTESIAN_POINT('Ctrl Pts',(-1.8859090173793,1.93075509802809,-29.1667200898557));
#4890=CARTESIAN_POINT('Ctrl Pts',(-1.12236674703445,2.30288577939269,-29.2194893273369));
#4891=CARTESIAN_POINT('Ctrl Pts',(-1.377024790131,-1.93106208855766,-4.));
#4892=CARTESIAN_POINT('Ctrl Pts',(-2.01728560743607,-1.4744972671556,-4.05276923748126));
#4893=CARTESIAN_POINT('Ctrl Pts',(-2.79726773491707,0.117425954387211,-4.15830771244378));
#4894=CARTESIAN_POINT('Ctrl Pts',(-1.42283265795723,2.414294421378,-4.31661542488757));
#4895=CARTESIAN_POINT('Ctrl Pts',(1.24823731169372,2.50610136012578,-4.47492313733135));
#4896=CARTESIAN_POINT('Ctrl Pts',(2.78220892927119,0.31970504241131,-4.63323084977513));
#4897=CARTESIAN_POINT('Ctrl Pts',(1.78344738464092,-2.15957059049503,-4.79153856221892));
#4898=CARTESIAN_POINT('Ctrl Pts',(-0.839232203445542,-2.6717196885894,-4.9498462746627));
#4899=CARTESIAN_POINT('Ctrl Pts',(-2.69773969144644,-0.751888688449972,
-5.10815398710648));
#4900=CARTESIAN_POINT('Ctrl Pts',(-2.10013276833908,1.8527583030413,-5.26646169955027));
#4901=CARTESIAN_POINT('Ctrl Pts',(0.409569125065079,2.77042322923784,-5.42476941199404));
#4902=CARTESIAN_POINT('Ctrl Pts',(2.546364915426,1.16582146502129,-5.58307712443785));
#4903=CARTESIAN_POINT('Ctrl Pts',(2.36482472429134,-1.50024156208037,-5.74138483688161));
#4904=CARTESIAN_POINT('Ctrl Pts',(0.0302217254276763,-2.80038748508257,
-5.89969254932541));
#4905=CARTESIAN_POINT('Ctrl Pts',(-2.33189482511795,-1.55092532330099,-6.05800026176918));
#4906=CARTESIAN_POINT('Ctrl Pts',(-2.57093422634086,1.11058506225749,-6.21630797421298));
#4907=CARTESIAN_POINT('Ctrl Pts',(-0.469261100206851,2.76095837917561,-6.37461568665675));
#4908=CARTESIAN_POINT('Ctrl Pts',(2.05965142897882,1.89761327136343,-6.53292339910054));
#4909=CARTESIAN_POINT('Ctrl Pts',(2.71335049166655,-0.693418246878684,-6.69123111154432));
#4910=CARTESIAN_POINT('Ctrl Pts',(0.896674304187725,-2.65312539245453,-6.84953882398811));
#4911=CARTESIAN_POINT('Ctrl Pts',(-1.73638069060656,-2.19728962572287,-7.00784653643189));
#4912=CARTESIAN_POINT('Ctrl Pts',(-2.78854456431893,0.259072817369579,-7.16615424887567));
#4913=CARTESIAN_POINT('Ctrl Pts',(-1.30187266271951,2.4795618587211,-7.32446196131945));
#4914=CARTESIAN_POINT('Ctrl Pts',(1.37009170443333,2.44252906381645,-7.48276967376324));
#4915=CARTESIAN_POINT('Ctrl Pts',(2.79465344559911,0.181690966928893,-7.64107738620701));
#4916=CARTESIAN_POINT('Ctrl Pts',(1.67481757775661,-2.24456801233413,-7.79938509865081));
#4917=CARTESIAN_POINT('Ctrl Pts',(-0.969859175939179,-2.62725572962262,
-7.95769281109459));
#4918=CARTESIAN_POINT('Ctrl Pts',(-2.73152577694308,-0.617953409838139,
-8.11600052353837));
#4919=CARTESIAN_POINT('Ctrl Pts',(-2.00626947763937,1.95396577994558,-8.27430823598216));
#4920=CARTESIAN_POINT('Ctrl Pts',(0.545598728278626,2.7468930658264,-8.43261594842594));
#4921=CARTESIAN_POINT('Ctrl Pts',(2.60072552215907,1.03890627356159,-8.59092366086973));
#4922=CARTESIAN_POINT('Ctrl Pts',(2.28801675959338,-1.61495473454418,-8.74923137331351));
#4923=CARTESIAN_POINT('Ctrl Pts',(-0.107821264725172,-2.79847709689615,
-8.90753908575729));
#4924=CARTESIAN_POINT('Ctrl Pts',(-2.40549321109485,-1.4341206010203,-9.06584679820108));
#4925=CARTESIAN_POINT('Ctrl Pts',(-2.51307923435305,1.23593375581338,-9.22415451064485));
#4926=CARTESIAN_POINT('Ctrl Pts',(-0.332627432595487,2.7807298462819,-9.38246222308865));
#4927=CARTESIAN_POINT('Ctrl Pts',(2.15066565526904,1.79380509703564,-9.54076993553242));
#4928=CARTESIAN_POINT('Ctrl Pts',(2.67588105861072,-0.826292954753076,-9.69907764797622));
#4929=CARTESIAN_POINT('Ctrl Pts',(0.764835402747842,-2.69409099579294,-9.85738536041998));
#4930=CARTESIAN_POINT('Ctrl Pts',(-1.84255611737544,-2.10904870527672,-10.0156930728638));
#4931=CARTESIAN_POINT('Ctrl Pts',(-2.77238887466926,0.396181037554196,-10.1740007853075));
#4932=CARTESIAN_POINT('Ctrl Pts',(-1.17809484591073,2.54070699234412,-10.3323084977514));
#4933=CARTESIAN_POINT('Ctrl Pts',(1.48879790240095,2.37204137668676,-10.4906162101951));
#4934=CARTESIAN_POINT('Ctrl Pts',(2.80021173546946,0.0437461249330595,-10.6489239226389));
#4935=CARTESIAN_POINT('Ctrl Pts',(1.56216740532847,-2.32437787044983,-10.8072316350827));
#4936=CARTESIAN_POINT('Ctrl Pts',(-1.09815524518631,-2.57626756071207,-10.9655393475265));
#4937=CARTESIAN_POINT('Ctrl Pts',(-2.75866033946112,-0.482589492624767,
-11.1238470599703));
#4938=CARTESIAN_POINT('Ctrl Pts',(-1.90753781898259,2.05046310770486,-11.282154772414));
#4939=CARTESIAN_POINT('Ctrl Pts',(0.680306179602545,2.71666762576914,-11.4404624848578));
#4940=CARTESIAN_POINT('Ctrl Pts',(2.64876410780583,0.909476876070586,-11.5987701973016));
#4941=CARTESIAN_POINT('Ctrl Pts',(2.20564965684766,-1.72574884561901,-11.7570779097454));
#4942=CARTESIAN_POINT('Ctrl Pts',(-0.245602768679699,-2.78976320983061,
-11.9153856221892));
#4943=CARTESIAN_POINT('Ctrl Pts',(-2.47324568083134,-1.31383229110746,-12.073693334633));
#4944=CARTESIAN_POINT('Ctrl Pts',(-2.44911730342333,1.35827976535762,-12.2320010470767));
#4945=CARTESIAN_POINT('Ctrl Pts',(-0.195185364098801,2.79374339561621,-12.3903087595205));
#4946=CARTESIAN_POINT('Ctrl Pts',(2.2364534655789,1.68563797513217,-12.5486164719643));
#4947=CARTESIAN_POINT('Ctrl Pts',(2.63190893375003,-0.957159783606837,-12.7069241844081));
#4948=CARTESIAN_POINT('Ctrl Pts',(0.631137848414467,-2.72850957542873,-12.8652318968519));
#4949=CARTESIAN_POINT('Ctrl Pts',(-1.94425390555456,-2.01568257363191,-13.0235396092957));
#4950=CARTESIAN_POINT('Ctrl Pts',(-2.7494959497421,0.532326506252827,-13.1818473217395));
#4951=CARTESIAN_POINT('Ctrl Pts',(-1.05145411543167,2.59567789412504,-13.3401550341832));
#4952=CARTESIAN_POINT('Ctrl Pts',(1.60388614166325,2.29578934823911,-13.498462746627));
#4953=CARTESIAN_POINT('Ctrl Pts',(2.79896517460595,-0.0943050277057286,
-13.6567704590708));
#4954=CARTESIAN_POINT('Ctrl Pts',(1.4457209780762,-2.39853920969784,-13.8150781715146));
#4955=CARTESIAN_POINT('Ctrl Pts',(-1.22378266504917,-2.51901875253692,-13.9733858839584));
#4956=CARTESIAN_POINT('Ctrl Pts',(-2.77909102576644,-0.346052824597583,
-14.1316935964021));
#4957=CARTESIAN_POINT('Ctrl Pts',(-1.80417061406745,2.1419775634313,-14.2900013088459));
#4958=CARTESIAN_POINT('Ctrl Pts',(0.813360405106165,2.67984035687075,-14.4483090212897));
#4959=CARTESIAN_POINT('Ctrl Pts',(2.69036587824219,0.777837340385271,-14.6066167337335));
#4960=CARTESIAN_POINT('Ctrl Pts',(2.11792256026567,-1.83234917950298,-14.7649244461773));
#4961=CARTESIAN_POINT('Ctrl Pts',(-0.382787428377319,-2.77426986278981,
-14.9232321586211));
#4962=CARTESIAN_POINT('Ctrl Pts',(-2.53498786622845,-1.19035121077018,-15.0815398710649));
#4963=CARTESIAN_POINT('Ctrl Pts',(-2.37920372301018,1.47732499177466,-15.2398475835086));
#4964=CARTESIAN_POINT('Ctrl Pts',(-0.0572689717023231,2.79996781263424,
-15.3981552959524));
#4965=CARTESIAN_POINT('Ctrl Pts',(2.31680642509879,1.573374550299,-15.5564630083962));
#4966=CARTESIAN_POINT('Ctrl Pts',(2.58154095376937,-1.08570059911518,-15.71477072084));
#4967=CARTESIAN_POINT('Ctrl Pts',(0.495906553233419,-2.7562975487722,-15.8730784332838));
#4968=CARTESIAN_POINT('Ctrl Pts',(-2.04122692300298,-1.91741809100553,-16.0313861457275));
#4969=CARTESIAN_POINT('Ctrl Pts',(-2.71992141910974,0.66717835754436,-16.1896938581713));
#4970=CARTESIAN_POINT('Ctrl Pts',(-0.922258225045219,2.6443409865681,-16.3480015706151));
#4971=CARTESIAN_POINT('Ctrl Pts',(1.71507674478039,2.21395827567303,-16.5063092830589));
#4972=CARTESIAN_POINT('Ctrl Pts',(2.79091679187363,-0.232127007789707,-16.6646169955027));
#4973=CARTESIAN_POINT('Ctrl Pts',(1.32576127504109,-2.46687181031138,-16.8229247079465));
#4974=CARTESIAN_POINT('Ctrl Pts',(-1.34643614591154,-2.45564842595401,-16.9812324203903));
#4975=CARTESIAN_POINT('Ctrl Pts',(-2.7927681867739,-0.208675206603757,-17.139540132834));
#4976=CARTESIAN_POINT('Ctrl Pts',(-1.69641905766082,2.22828675616778,-17.2978478452778));
#4977=CARTESIAN_POINT('Ctrl Pts',(0.944438067042292,2.63650075373193,-17.4561555577216));
#4978=CARTESIAN_POINT('Ctrl Pts',(2.72542973615581,0.644307566450432,-17.6144632701654));
#4979=CARTESIAN_POINT('Ctrl Pts',(2.02504865724334,-1.93449668459381,-17.7727709826092));
#4980=CARTESIAN_POINT('Ctrl Pts',(-0.519041868604881,-2.75203470645678,
-17.931078695053));
#4981=CARTESIAN_POINT('Ctrl Pts',(-2.59056972635174,-1.06397743388543,-18.0893864074967));
#4982=CARTESIAN_POINT('Ctrl Pts',(-2.30350839151972,1.59278014085616,-18.2476941199405));
#4983=CARTESIAN_POINT('Ctrl Pts',(0.0807865911803321,2.79938797125246,-18.4060018323843));
#4984=CARTESIAN_POINT('Ctrl Pts',(2.39152926647676,1.45728763615587,-18.5643095448281));
#4985=CARTESIAN_POINT('Ctrl Pts',(2.52489951891549,-1.21160303164358,-18.7226172572719));
#4986=CARTESIAN_POINT('Ctrl Pts',(0.359470145509603,-2.77738738770716,-18.8809249697157));
#4987=CARTESIAN_POINT('Ctrl Pts',(-2.13323951363005,-1.81449405190399,-19.0392326821594));
#4988=CARTESIAN_POINT('Ctrl Pts',(-2.68373715243712,0.800408885218188,-19.1975403946032));
#4989=CARTESIAN_POINT('Ctrl Pts',(-0.790821136297017,2.68657801250837,-19.355848107047));
#4990=CARTESIAN_POINT('Ctrl Pts',(1.82209950521939,2.12674701833264,-19.5141558194908));
#4991=CARTESIAN_POINT('Ctrl Pts',(2.77608614581008,-0.369384891338197,-19.6724635319346));
#4992=CARTESIAN_POINT('Ctrl Pts',(1.20257981272324,-2.52920961585593,-19.8307712443784));
#4993=CARTESIAN_POINT('Ctrl Pts',(-1.46581762506937,-2.38631057847538,-19.9890789568221));
#4994=CARTESIAN_POINT('Ctrl Pts',(-2.79965858533797,-0.0707904827707303,
-20.1473866692659));
#4995=CARTESIAN_POINT('Ctrl Pts',(-1.58454499899876,2.30918094419981,-20.3056943817097));
#4996=CARTESIAN_POINT('Ctrl Pts',(1.07322063093417,2.58675413679862,-20.4640020941535));
#4997=CARTESIAN_POINT('Ctrl Pts',(2.7538704721565,0.509212047669812,-20.6223098065973));
#4998=CARTESIAN_POINT('Ctrl Pts',(1.92725364253048,-2.03194313017382,-20.7806175190411));
#4999=CARTESIAN_POINT('Ctrl Pts',(-0.654034974691958,-2.72311177493457,
-20.9389252314849));
#5000=CARTESIAN_POINT('Ctrl Pts',(-2.63985619059895,-0.935018063923841,
-21.0972329439286));
#5001=CARTESIAN_POINT('Ctrl Pts',(-2.22221525770765,1.70436464270966,-21.2555406563724));
#5002=CARTESIAN_POINT('Ctrl Pts',(0.218645832934196,2.79200528055518,-21.4138483688162));
#5003=CARTESIAN_POINT('Ctrl Pts',(2.46044040422501,1.3376593378602,-21.57215608126));
#5004=CARTESIAN_POINT('Ctrl Pts',(2.46212227468456,-1.33456112314488,-21.7304637937038));
#5005=CARTESIAN_POINT('Ctrl Pts',(0.222160182116349,-2.79172784138956,-21.8887715061475));
#5006=CARTESIAN_POINT('Ctrl Pts',(-2.2200680757787,-1.70716057411592,-22.0470792185913));
#5007=CARTESIAN_POINT('Ctrl Pts',(-2.64103108184236,0.931694323074931,-22.2053869310351));
#5008=CARTESIAN_POINT('Ctrl Pts',(-0.657462257114266,2.722286330895,-22.3636946434789));
#5009=CARTESIAN_POINT('Ctrl Pts',(1.92469434480601,2.03436751005793,-22.5220023559227));
#5010=CARTESIAN_POINT('Ctrl Pts',(2.75450927666819,-0.505745125192906,-22.6803100683664));
#5011=CARTESIAN_POINT('Ctrl Pts',(1.07647593688507,-2.58540113796968,-22.8386177808103));
#5012=CARTESIAN_POINT('Ctrl Pts',(-1.58163699117615,-2.31117370940635,-22.996925493254));
#5013=CARTESIAN_POINT('Ctrl Pts',(-2.79974547696173,0.0672662704460068,
-23.1552332056979));
#5014=CARTESIAN_POINT('Ctrl Pts',(-1.46882030549353,2.38446354492513,-23.3135409181415));
#5015=CARTESIAN_POINT('Ctrl Pts',(1.19939513966928,2.53072139633085,-23.4718486305854));
#5016=CARTESIAN_POINT('Ctrl Pts',(2.77561897183648,0.372879082394804,-23.6301563430291));
#5017=CARTESIAN_POINT('Ctrl Pts',(1.82477516977011,-2.12445170966424,-23.788464055473));
#5018=CARTESIAN_POINT('Ctrl Pts',(-0.78743869716239,-2.68757135442565,-23.9467717679167));
#5019=CARTESIAN_POINT('Ctrl Pts',(-2.6827274869355,-0.803786487654713,-24.1050794803605));
#5020=CARTESIAN_POINT('Ctrl Pts',(-2.13552187366465,1.81180733357442,-24.2633871928043));
#5021=CARTESIAN_POINT('Ctrl Pts',(0.355973739032695,2.77783768138067,-24.4216949052481));
#5022=CARTESIAN_POINT('Ctrl Pts',(2.52337237598567,1.21478036653514,-24.5800026176919));
#5023=CARTESIAN_POINT('Ctrl Pts',(2.39336177734363,-1.45427607062957,-24.7383103301357));
#5024=CARTESIAN_POINT('Ctrl Pts',(0.0843103427407659,-2.79928406087904,
-24.8966180425794));
#5025=CARTESIAN_POINT('Ctrl Pts',(-2.3015016055442,-1.59567849073148,-25.0549257550232));
#5026=CARTESIAN_POINT('Ctrl Pts',(-2.59190698832601,1.06071563140264,-25.213233467467));
#5027=CARTESIAN_POINT('Ctrl Pts',(-0.522505665386456,2.75137916682295,-25.3715411799108));
#5028=CARTESIAN_POINT('Ctrl Pts',(2.02261194532647,1.93704424301014,-25.5298488923546));
#5029=CARTESIAN_POINT('Ctrl Pts',(2.72623861963586,-0.640876335394323,-25.6881566047983));
#5030=CARTESIAN_POINT('Ctrl Pts',(0.947756093572415,-2.63530982869975,-25.8464643172422));
#5031=CARTESIAN_POINT('Ctrl Pts',(-1.69361278631848,-2.2304204023411,-26.0047720296859));
#5032=CARTESIAN_POINT('Ctrl Pts',(-2.79302865608843,0.205159543188404,-26.1630797421297));
#5033=CARTESIAN_POINT('Ctrl Pts',(-1.3495261913579,2.45395164191548,-26.3213874545735));
#5034=CARTESIAN_POINT('Ctrl Pts',(1.32265495356018,2.46853864253736,-26.4796951670173));
#5035=CARTESIAN_POINT('Ctrl Pts',(2.79062242284037,0.235640083330378,-26.638002879461));
#5036=CARTESIAN_POINT('Ctrl Pts',(1.71786219920628,-2.2117978210242,-26.7963105919049));
#5037=CARTESIAN_POINT('Ctrl Pts',(-0.918928706020887,-2.64549942070645,
-26.9546183043486));
#5038=CARTESIAN_POINT('Ctrl Pts',(-2.71907970613097,-0.670602362348235,
-27.1129260167924));
#5039=CARTESIAN_POINT('Ctrl Pts',(-2.04363839256886,1.91484854604397,-27.2712337292362));
#5040=CARTESIAN_POINT('Ctrl Pts',(0.492435588039279,2.75691686688723,-27.42954144168));
#5041=CARTESIAN_POINT('Ctrl Pts',(2.58017415738316,1.08895456231427,-27.5878491541238));
#5042=CARTESIAN_POINT('Ctrl Pts',(2.31878147628135,-1.57046694841735,-27.7461568665675));
#5043=CARTESIAN_POINT('Ctrl Pts',(-0.0537374099666795,-2.80001857638076,
-27.9044645790113));
#5044=CARTESIAN_POINT('Ctrl Pts',(-2.37735553456681,-1.48035523993556,-28.0627722914551));
#5045=CARTESIAN_POINT('Ctrl Pts',(-2.53645877890611,1.18722908721722,-28.2210800038989));
#5046=CARTESIAN_POINT('Ctrl Pts',(-0.386328008902329,2.77365236740905,-28.3793877163427));
#5047=CARTESIAN_POINT('Ctrl Pts',(2.11570742602104,1.83526886220874,-28.5376954287865));
#5048=CARTESIAN_POINT('Ctrl Pts',(2.69116491689943,-0.774938210639545,-28.6960031412303));
#5049=CARTESIAN_POINT('Ctrl Pts',(0.817073747535231,-2.67787806007244,-28.854310853674));
#5050=CARTESIAN_POINT('Ctrl Pts',(-1.80212846528528,-2.1460669421654,-29.0126185661178));
#5051=CARTESIAN_POINT('Ctrl Pts',(-2.77823164853351,0.346301231096142,-29.1709262785616));
#5052=CARTESIAN_POINT('Ctrl Pts',(-1.74597802822303,1.78749661196336,-29.2764647535241));
#5053=CARTESIAN_POINT('Ctrl Pts',(-1.03908919352506,2.13201587949045,-29.3292339910054));
#5054=CARTESIAN_POINT('',(-1.28892185405321,2.64462557919718,-29.));
#5055=CARTESIAN_POINT('Ctrl Pts',(-1.37997116885478,-1.93356648067927,-29.));
#5056=CARTESIAN_POINT('Ctrl Pts',(-1.43558790094096,-1.90333936482253,-29.));
#5057=CARTESIAN_POINT('Ctrl Pts',(-1.48977075139186,-1.87082765331245,-29.));
#5058=CARTESIAN_POINT('Ctrl Pts',(-1.54236192166111,-1.83607259746002,-29.));
#5059=CARTESIAN_POINT('Ctrl Pts',(-1.60995836207193,-1.79140125719746,-29.));
#5060=CARTESIAN_POINT('Ctrl Pts',(-1.67492660428134,-1.74302597412197,-29.));
#5061=CARTESIAN_POINT('Ctrl Pts',(-1.73719320694708,-1.69131449132097,-29.));
#5062=CARTESIAN_POINT('Ctrl Pts',(-1.80105606681426,-1.63827734077379,-29.));
#5063=CARTESIAN_POINT('Ctrl Pts',(-1.8620775465528,-1.58173033989517,-29.));
#5064=CARTESIAN_POINT('Ctrl Pts',(-1.92015847618691,-1.52201933055704,-29.));
#5065=CARTESIAN_POINT('Ctrl Pts',(-1.9498108218842,-1.49153477216614,-29.));
#5066=CARTESIAN_POINT('Ctrl Pts',(-1.97869635660958,-1.46022475805026,-29.));
#5067=CARTESIAN_POINT('Ctrl Pts',(-2.00679922689923,-1.42813095534024,-29.));
#5068=CARTESIAN_POINT('Ctrl Pts',(-2.02761009371834,-1.40436470488137,-29.));
#5069=CARTESIAN_POINT('Ctrl Pts',(-2.04799172840835,-1.38016858247604,-29.));
#5070=CARTESIAN_POINT('Ctrl Pts',(-2.06793694598026,-1.35555861688849,-29.));
#5071=CARTESIAN_POINT('Ctrl Pts',(-2.08034615366229,-1.34024716827067,-29.));
#5072=CARTESIAN_POINT('Ctrl Pts',(-2.09259020070745,-1.32477040862795,-29.));
#5073=CARTESIAN_POINT('Ctrl Pts',(-2.10464616982641,-1.3091599297601,-29.));
#5074=CARTESIAN_POINT('Ctrl Pts',(-2.15760261850618,-1.2405901188328,-29.));
#5075=CARTESIAN_POINT('Ctrl Pts',(-2.20699693356947,-1.16936861415581,-29.));
#5076=CARTESIAN_POINT('Ctrl Pts',(-2.25274341232819,-1.09589456754819,-29.));
#5077=CARTESIAN_POINT('Ctrl Pts',(-2.29942769450357,-1.02091430201807,-29.));
#5078=CARTESIAN_POINT('Ctrl Pts',(-2.34231366998857,-0.943587575909256,
-29.));
#5079=CARTESIAN_POINT('Ctrl Pts',(-2.38128185806481,-0.864291489489418,
-29.));
#5080=CARTESIAN_POINT('Ctrl Pts',(-2.42055499981913,-0.784374855017316,
-29.));
#5081=CARTESIAN_POINT('Ctrl Pts',(-2.45584941917338,-0.702457122389401,
-29.));
#5082=CARTESIAN_POINT('Ctrl Pts',(-2.48700485738991,-0.618887829236921,
-29.));
#5083=CARTESIAN_POINT('Ctrl Pts',(-2.50132892177995,-0.580465903413678,
-29.));
#5084=CARTESIAN_POINT('Ctrl Pts',(-2.51477750390936,-0.541694439309793,
-29.));
#5085=CARTESIAN_POINT('Ctrl Pts',(-2.52733180141973,-0.502605574772063,
-29.));
#5086=CARTESIAN_POINT('Ctrl Pts',(-2.53172423891294,-0.488929350035428,
-29.));
#5087=CARTESIAN_POINT('Ctrl Pts',(-2.53600768495583,-0.475212610743706,
-29.));
#5088=CARTESIAN_POINT('Ctrl Pts',(-2.54017969727214,-0.461461903911974,
-29.));
#5089=CARTESIAN_POINT('Ctrl Pts',(-2.56680666405277,-0.373700989931078,
-29.));
#5090=CARTESIAN_POINT('Ctrl Pts',(-2.58880279929007,-0.284875612773715,
-29.));
#5091=CARTESIAN_POINT('Ctrl Pts',(-2.60605348958705,-0.195388832315136,
-29.));
#5092=CARTESIAN_POINT('Ctrl Pts',(-2.62329125870039,-0.105969079616319,
-29.));
#5093=CARTESIAN_POINT('Ctrl Pts',(-2.63579124266945,-0.0158880163592937,
-29.));
#5094=CARTESIAN_POINT('Ctrl Pts',(-2.64339853349355,0.0744837671687077,
-29.));
#5095=CARTESIAN_POINT('Ctrl Pts',(-2.65048621093748,0.158682737142307,-29.));
#5096=CARTESIAN_POINT('Ctrl Pts',(-2.65332673884674,0.24313495579519,-29.));
#5097=CARTESIAN_POINT('Ctrl Pts',(-2.65175667650965,0.327555007099532,-29.));
#5098=CARTESIAN_POINT('Ctrl Pts',(-2.65067934956972,0.385481366704741,-29.));
#5099=CARTESIAN_POINT('Ctrl Pts',(-2.64752459420487,0.443392859552314,-29.));
#5100=CARTESIAN_POINT('Ctrl Pts',(-2.6423475743429,0.501217889498606,-29.));
#5101=CARTESIAN_POINT('Ctrl Pts',(-2.64102657542935,0.515972865096923,-29.));
#5102=CARTESIAN_POINT('Ctrl Pts',(-2.63957365579412,0.530724095990294,-29.));
#5103=CARTESIAN_POINT('Ctrl Pts',(-2.63799027902006,0.545464443951508,-29.));
#5104=CARTESIAN_POINT('Ctrl Pts',(-2.62850447423568,0.633771955786179,-29.));
#5105=CARTESIAN_POINT('Ctrl Pts',(-2.61437290429047,0.721399177897672,-29.));
#5106=CARTESIAN_POINT('Ctrl Pts',(-2.59588261614447,0.808083592370449,-29.));
#5107=CARTESIAN_POINT('Ctrl Pts',(-2.57690954718172,0.897031334060628,-29.));
#5108=CARTESIAN_POINT('Ctrl Pts',(-2.55334712034987,0.984987036855871,-29.));
#5109=CARTESIAN_POINT('Ctrl Pts',(-2.52545193227954,1.07167716081411,-29.));
#5110=CARTESIAN_POINT('Ctrl Pts',(-2.49691003686418,1.16037706293778,-29.));
#5111=CARTESIAN_POINT('Ctrl Pts',(-2.46383203628227,1.24775281633335,-29.));
#5112=CARTESIAN_POINT('Ctrl Pts',(-2.42643884435564,1.33351077270549,-29.));
#5113=CARTESIAN_POINT('Ctrl Pts',(-2.39525022538453,1.40503909342972,-29.));
#5114=CARTESIAN_POINT('Ctrl Pts',(-2.3610585698792,1.47544218475305,-29.));
#5115=CARTESIAN_POINT('Ctrl Pts',(-2.32396555270872,1.54454307761031,-29.));
#5116=CARTESIAN_POINT('Ctrl Pts',(-2.3165481839881,1.55836095602368,-29.));
#5117=CARTESIAN_POINT('Ctrl Pts',(-2.3090193538893,1.57211808889408,-29.));
#5118=CARTESIAN_POINT('Ctrl Pts',(-2.30138129658991,1.58581132015309,-29.));
#5119=CARTESIAN_POINT('Ctrl Pts',(-2.25442363417116,1.66999530904947,-29.));
#5120=CARTESIAN_POINT('Ctrl Pts',(-2.20332961899453,1.75178740379107,-29.));
#5121=CARTESIAN_POINT('Ctrl Pts',(-2.14835721474243,1.83088079225266,-29.));
#5122=CARTESIAN_POINT('Ctrl Pts',(-2.09164835829597,1.91247255948849,-29.));
#5123=CARTESIAN_POINT('Ctrl Pts',(-2.03081207774176,1.99119346952345,-29.));
#5124=CARTESIAN_POINT('Ctrl Pts',(-1.96607662202778,2.06669163572611,-29.));
#5125=CARTESIAN_POINT('Ctrl Pts',(-1.93980503823335,2.09733104928771,-29.));
#5126=CARTESIAN_POINT('Ctrl Pts',(-1.91289066568278,2.12743942538646,-29.));
#5127=CARTESIAN_POINT('Ctrl Pts',(-1.88534639593423,2.15699194473119,-29.));
#5128=CARTESIAN_POINT('Ctrl Pts',(-1.87353259592507,2.16966708756461,-29.));
#5129=CARTESIAN_POINT('Ctrl Pts',(-1.86160985463269,2.18223250424803,-29.));
#5130=CARTESIAN_POINT('Ctrl Pts',(-1.84957990994041,2.19468616356186,-29.));
#5131=CARTESIAN_POINT('Ctrl Pts',(-1.78078024207769,2.2659090699329,-29.));
#5132=CARTESIAN_POINT('Ctrl Pts',(-1.70847478799654,2.33348188166365,-29.));
#5133=CARTESIAN_POINT('Ctrl Pts',(-1.632901953239,2.3970762254838,-29.));
#5134=CARTESIAN_POINT('Ctrl Pts',(-1.55831555647842,2.45984048429607,-29.));
#5135=CARTESIAN_POINT('Ctrl Pts',(-1.48054601134078,2.51873027905194,-29.));
#5136=CARTESIAN_POINT('Ctrl Pts',(-1.39977998608034,2.57340338107974,-29.));
#5137=CARTESIAN_POINT('Ctrl Pts',(-1.36342991787902,2.59800990320435,-29.));
#5138=CARTESIAN_POINT('Ctrl Pts',(-1.32647235236378,2.62176185886576,-29.));
#5139=CARTESIAN_POINT('Ctrl Pts',(-1.28892185405321,2.64462557919718,-29.));
#5140=CARTESIAN_POINT('Ctrl Pts',(-1.28892185405321,2.64462557919718,-29.));
#5141=CARTESIAN_POINT('Ctrl Pts',(-2.16577099569187,2.21727207015756,-28.9472307625187));
#5142=CARTESIAN_POINT('Ctrl Pts',(-2.80599238305425,1.3234179939456,-28.8944615250375));
#5143=CARTESIAN_POINT('Ctrl Pts',(-2.92430443542863,0.361221136385937,-28.8416922875562));
#5144=CARTESIAN_POINT('Ctrl Pts',(-3.04261648780301,-0.600975721173693,
-28.788923050075));
#5145=CARTESIAN_POINT('Ctrl Pts',(-2.63901920518943,-1.63151536008101,-28.7361538125937));
#5146=CARTESIAN_POINT('Ctrl Pts',(-1.89572919603766,-2.25673130292335,-28.6833845751124));
#5147=CARTESIAN_POINT('Ctrl Pts',(-1.15243918688588,-2.8819472457657,-28.6306153376312));
#5148=CARTESIAN_POINT('Ctrl Pts',(-0.0694564511958973,-3.10183949254305,
-28.5778461001499));
#5149=CARTESIAN_POINT('Ctrl Pts',(0.85948273789708,-2.81837364607599,-28.5250768626686));
#5150=CARTESIAN_POINT('Ctrl Pts',(1.78842192699,-2.53490779960894,-28.4723076251874));
#5151=CARTESIAN_POINT('Ctrl Pts',(2.56331756948594,-1.74808385989756,-28.4195383877061));
#5152=CARTESIAN_POINT('Ctrl Pts',(2.83179585781771,-0.81504016885713,-28.3667691502249));
#5153=CARTESIAN_POINT('Ctrl Pts',(2.90742237672108,-0.552215019097,-28.3519048058464));
#5154=CARTESIAN_POINT('Ctrl Pts',(2.94286625625558,-0.277787787599448,-28.337040461468));
#5155=CARTESIAN_POINT('Ctrl Pts',(2.94054404037962,-0.00275178106332513,
-28.3221761170896));
#5156=CARTESIAN_POINT('Origin',(0.,0.,-16.5));
#5157=CARTESIAN_POINT('Origin',(0.,0.,-29.));
#5158=CARTESIAN_POINT('Origin',(-1.80750038301197E-15,0.,-29.));
#5159=UNCERTAINTY_MEASURE_WITH_UNIT(LENGTH_MEASURE(0.01),#5163,
'DISTANCE_ACCURACY_VALUE',
'Maximum model space distance between geometric entities at asserted c
onnectivities');
#5160=UNCERTAINTY_MEASURE_WITH_UNIT(LENGTH_MEASURE(0.01),#5163,
'DISTANCE_ACCURACY_VALUE',
'Maximum model space distance between geometric entities at asserted c
onnectivities');
#5161=(
GEOMETRIC_REPRESENTATION_CONTEXT(3)
GLOBAL_UNCERTAINTY_ASSIGNED_CONTEXT((#5159))
GLOBAL_UNIT_ASSIGNED_CONTEXT((#5163,#5165,#5166))
REPRESENTATION_CONTEXT('','3D')
);
#5162=(
GEOMETRIC_REPRESENTATION_CONTEXT(3)
GLOBAL_UNCERTAINTY_ASSIGNED_CONTEXT((#5160))
GLOBAL_UNIT_ASSIGNED_CONTEXT((#5163,#5165,#5166))
REPRESENTATION_CONTEXT('','3D')
);
#5163=(
LENGTH_UNIT()
NAMED_UNIT(*)
SI_UNIT(.MILLI.,.METRE.)
);
#5164=(
LENGTH_UNIT()
NAMED_UNIT(*)
SI_UNIT($,.METRE.)
);
#5165=(
NAMED_UNIT(*)
PLANE_ANGLE_UNIT()
SI_UNIT($,.RADIAN.)
);
#5166=(
NAMED_UNIT(*)
SI_UNIT($,.STERADIAN.)
SOLID_ANGLE_UNIT()
);
#5167=SHAPE_DEFINITION_REPRESENTATION(#5168,#5169);
#5168=PRODUCT_DEFINITION_SHAPE('',$,#5171);
#5169=SHAPE_REPRESENTATION('',(#1253),#5161);
#5170=PRODUCT_DEFINITION_CONTEXT('part definition',#5175,'design');
#5171=PRODUCT_DEFINITION('7 x 10 Allen','7 x 10 Allen v1',#5172,#5170);
#5172=PRODUCT_DEFINITION_FORMATION('',$,#5177);
#5173=PRODUCT_RELATED_PRODUCT_CATEGORY('7 x 10 Allen v1',
'7 x 10 Allen v1',(#5177));
#5174=APPLICATION_PROTOCOL_DEFINITION('international standard',
'automotive_design',2009,#5175);
#5175=APPLICATION_CONTEXT(
'Core Data for Automotive Mechanical Design Process');
#5176=PRODUCT_CONTEXT('part definition',#5175,'mechanical');
#5177=PRODUCT('7 x 10 Allen','7 x 10 Allen v1',$,(#5176));
#5178=PRESENTATION_STYLE_ASSIGNMENT((#5179));
#5179=SURFACE_STYLE_USAGE(.BOTH.,#5180);
#5180=SURFACE_SIDE_STYLE('',(#5181));
#5181=SURFACE_STYLE_FILL_AREA(#5182);
#5182=FILL_AREA_STYLE('Steel - Satin',(#5183));
#5183=FILL_AREA_STYLE_COLOUR('Steel - Satin',#5184);
#5184=COLOUR_RGB('Steel - Satin',0.627450980392157,0.627450980392157,0.627450980392157);
ENDSEC;
END-ISO-10303-21;
