ISO-10303-21;
HEADER;
/* Generated by software containing ST-Developer
 * from STEP Tools, Inc. (www.steptools.com) 
 */

FILE_DESCRIPTION(
/* description */ (''),
/* implementation_level */ '2;1');

FILE_NAME(
/* name */ '8 x 25 Allen Bolt.step',
/* time_stamp */ '2025-07-09T19:49:19+05:30',
/* author */ (''),
/* organization */ (''),
/* preprocessor_version */ 'ST-DEVELOPER v20.1',
/* originating_system */ 'Autodesk Translation Framework v14.10.0.0',
/* authorisation */ '');

FILE_SCHEMA (('AUTOMOTIVE_DESIGN { 1 0 10303 214 3 1 1 }'));
ENDSEC;

DATA;
#10=MECHANICAL_DESIGN_GEOMETRIC_PRESENTATION_REPRESENTATION('',(#13),#4330);
#11=SHAPE_REPRESENTATION_RELATIONSHIP('SRR','None',#4337,#12);
#12=ADVANCED_BREP_SHAPE_REPRESENTATION('',(#14),#4329);
#13=STYLED_ITEM('',(#4346),#14);
#14=MANIFOLD_SOLID_BREP('Body1',#1050);
#15=B_SPLINE_SURFACE_WITH_KNOTS('',3,3,((#3030,#3031,#3032,#3033,#3034,
#3035,#3036,#3037,#3038,#3039,#3040,#3041,#3042,#3043,#3044,#3045,#3046,
#3047,#3048,#3049,#3050,#3051,#3052,#3053,#3054,#3055,#3056,#3057,#3058,
#3059,#3060,#3061,#3062,#3063,#3064,#3065,#3066,#3067,#3068,#3069,#3070,
#3071,#3072,#3073,#3074,#3075,#3076,#3077,#3078,#3079,#3080,#3081,#3082,
#3083,#3084,#3085,#3086,#3087,#3088,#3089,#3090,#3091,#3092,#3093,#3094,
#3095,#3096,#3097,#3098,#3099,#3100,#3101,#3102,#3103,#3104,#3105,#3106,
#3107,#3108,#3109,#3110,#3111,#3112,#3113,#3114,#3115,#3116,#3117,#3118,
#3119,#3120,#3121,#3122,#3123,#3124,#3125,#3126,#3127,#3128,#3129,#3130,
#3131,#3132,#3133,#3134,#3135,#3136,#3137,#3138,#3139,#3140,#3141,#3142,
#3143,#3144,#3145,#3146,#3147,#3148,#3149,#3150,#3151,#3152,#3153,#3154,
#3155,#3156,#3157,#3158,#3159,#3160),(#3161,#3162,#3163,#3164,#3165,#3166,
#3167,#3168,#3169,#3170,#3171,#3172,#3173,#3174,#3175,#3176,#3177,#3178,
#3179,#3180,#3181,#3182,#3183,#3184,#3185,#3186,#3187,#3188,#3189,#3190,
#3191,#3192,#3193,#3194,#3195,#3196,#3197,#3198,#3199,#3200,#3201,#3202,
#3203,#3204,#3205,#3206,#3207,#3208,#3209,#3210,#3211,#3212,#3213,#3214,
#3215,#3216,#3217,#3218,#3219,#3220,#3221,#3222,#3223,#3224,#3225,#3226,
#3227,#3228,#3229,#3230,#3231,#3232,#3233,#3234,#3235,#3236,#3237,#3238,
#3239,#3240,#3241,#3242,#3243,#3244,#3245,#3246,#3247,#3248,#3249,#3250,
#3251,#3252,#3253,#3254,#3255,#3256,#3257,#3258,#3259,#3260,#3261,#3262,
#3263,#3264,#3265,#3266,#3267,#3268,#3269,#3270,#3271,#3272,#3273,#3274,
#3275,#3276,#3277,#3278,#3279,#3280,#3281,#3282,#3283,#3284,#3285,#3286,
#3287,#3288,#3289,#3290,#3291),(#3292,#3293,#3294,#3295,#3296,#3297,#3298,
#3299,#3300,#3301,#3302,#3303,#3304,#3305,#3306,#3307,#3308,#3309,#3310,
#3311,#3312,#3313,#3314,#3315,#3316,#3317,#3318,#3319,#3320,#3321,#3322,
#3323,#3324,#3325,#3326,#3327,#3328,#3329,#3330,#3331,#3332,#3333,#3334,
#3335,#3336,#3337,#3338,#3339,#3340,#3341,#3342,#3343,#3344,#3345,#3346,
#3347,#3348,#3349,#3350,#3351,#3352,#3353,#3354,#3355,#3356,#3357,#3358,
#3359,#3360,#3361,#3362,#3363,#3364,#3365,#3366,#3367,#3368,#3369,#3370,
#3371,#3372,#3373,#3374,#3375,#3376,#3377,#3378,#3379,#3380,#3381,#3382,
#3383,#3384,#3385,#3386,#3387,#3388,#3389,#3390,#3391,#3392,#3393,#3394,
#3395,#3396,#3397,#3398,#3399,#3400,#3401,#3402,#3403,#3404,#3405,#3406,
#3407,#3408,#3409,#3410,#3411,#3412,#3413,#3414,#3415,#3416,#3417,#3418,
#3419,#3420,#3421,#3422),(#3423,#3424,#3425,#3426,#3427,#3428,#3429,#3430,
#3431,#3432,#3433,#3434,#3435,#3436,#3437,#3438,#3439,#3440,#3441,#3442,
#3443,#3444,#3445,#3446,#3447,#3448,#3449,#3450,#3451,#3452,#3453,#3454,
#3455,#3456,#3457,#3458,#3459,#3460,#3461,#3462,#3463,#3464,#3465,#3466,
#3467,#3468,#3469,#3470,#3471,#3472,#3473,#3474,#3475,#3476,#3477,#3478,
#3479,#3480,#3481,#3482,#3483,#3484,#3485,#3486,#3487,#3488,#3489,#3490,
#3491,#3492,#3493,#3494,#3495,#3496,#3497,#3498,#3499,#3500,#3501,#3502,
#3503,#3504,#3505,#3506,#3507,#3508,#3509,#3510,#3511,#3512,#3513,#3514,
#3515,#3516,#3517,#3518,#3519,#3520,#3521,#3522,#3523,#3524,#3525,#3526,
#3527,#3528,#3529,#3530,#3531,#3532,#3533,#3534,#3535,#3536,#3537,#3538,
#3539,#3540,#3541,#3542,#3543,#3544,#3545,#3546,#3547,#3548,#3549,#3550,
#3551,#3552,#3553)),.UNSPECIFIED.,.F.,.F.,.F.,(4,4),(4,1,1,1,1,1,1,1,1,
1,1,1,1,1,1,1,1,1,1,1,1,1,1,1,1,1,1,1,1,1,1,1,1,1,1,1,1,1,1,1,1,1,1,1,1,
1,1,1,1,1,1,1,1,1,1,1,1,1,1,1,1,1,1,1,1,1,1,1,1,1,1,1,1,1,1,1,1,1,1,1,1,
1,1,1,1,1,1,1,1,1,1,1,1,1,1,1,1,1,1,1,1,1,1,1,1,1,1,1,1,1,1,1,1,1,1,1,1,
1,1,1,1,1,1,1,1,1,1,1,4),(0.,0.0820126057383863),(8.31473274985795,9.31258359158535,
10.3104344333128,11.3082852750402,12.3061361167676,13.303986958495,14.3018378002224,
15.2996886419498,16.2975394836772,17.2953903254046,18.293241167132,19.2910920088594,
20.2889428505868,21.2867936923142,22.2846445340416,23.282495375769,24.2803462174964,
25.2781970592238,26.2760479009512,27.2738987426786,28.271749584406,29.2696004261334,
30.2674512678608,31.2653021095882,32.2631529513156,33.261003793043,34.2588546347704,
35.2567054764978,36.2545563182252,37.2524071599526,38.25025800168,39.2481088434074,
40.2459596851348,41.2438105268622,42.2416613685896,43.239512210317,44.2373630520444,
45.2352138937718,46.2330647354992,47.2309155772266,48.2287664189541,49.2266172606815,
50.2244681024089,51.2223189441363,52.2201697858637,53.2180206275911,54.2158714693185,
55.2137223110459,56.2115731527733,57.2094239945007,58.2072748362281,59.2051256779555,
60.2029765196829,61.2008273614103,62.1986782031377,63.1965290448651,64.1943798865925,
65.1922307283199,66.1900815700473,67.1879324117747,68.1857832535021,69.1836340952295,
70.1814849369569,71.1793357786843,72.1771866204117,73.1750374621391,74.1728883038665,
75.1707391455939,76.1685899873213,77.1664408290487,78.1642916707761,79.1621425125035,
80.1599933542309,81.1578441959583,82.1556950376857,83.1535458794131,84.1513967211405,
85.1492475628679,86.1470984045953,87.1449492463228,88.1428000880502,89.1406509297776,
90.1385017715049,91.1363526132324,92.1342034549598,93.1320542966872,94.1299051384146,
95.127755980142,96.1256068218694,97.1234576635968,98.1213085053242,99.1191593470516,
100.117010188779,101.114861030506,102.112711872234,103.110562713961,104.108413555689,
105.106264397416,106.104115239143,107.101966080871,108.099816922598,109.097667764326,
110.095518606053,111.09336944778,112.091220289508,113.089071131235,114.086921972963,
115.08477281469,116.082623656417,117.080474498145,118.078325339872,119.0761761816,
120.074027023327,121.071877865054,122.069728706782,123.067579548509,124.065430390237,
125.063281231964,126.061132073691,127.058982915419,128.056833757146,129.054684598874,
130.052535440601,131.050386282328,132.048237124056,133.046087965783,134.043938807511,
135.041789649238,136.039640490965),.UNSPECIFIED.);
#16=B_SPLINE_SURFACE_WITH_KNOTS('',3,3,((#3689,#3690,#3691,#3692,#3693,
#3694,#3695,#3696,#3697,#3698,#3699,#3700,#3701,#3702,#3703,#3704,#3705,
#3706,#3707,#3708,#3709,#3710,#3711,#3712,#3713,#3714,#3715,#3716,#3717,
#3718,#3719,#3720,#3721,#3722,#3723,#3724,#3725,#3726,#3727,#3728,#3729,
#3730,#3731,#3732,#3733,#3734,#3735,#3736,#3737,#3738,#3739,#3740,#3741,
#3742,#3743,#3744,#3745,#3746,#3747,#3748,#3749,#3750,#3751,#3752,#3753,
#3754,#3755,#3756,#3757,#3758,#3759,#3760,#3761,#3762,#3763,#3764,#3765,
#3766,#3767,#3768,#3769,#3770,#3771,#3772,#3773,#3774,#3775,#3776,#3777,
#3778,#3779,#3780,#3781,#3782,#3783,#3784,#3785,#3786,#3787,#3788,#3789,
#3790,#3791,#3792,#3793,#3794,#3795,#3796,#3797,#3798,#3799,#3800,#3801,
#3802,#3803,#3804,#3805,#3806,#3807,#3808,#3809,#3810,#3811,#3812,#3813,
#3814,#3815,#3816,#3817,#3818,#3819),(#3820,#3821,#3822,#3823,#3824,#3825,
#3826,#3827,#3828,#3829,#3830,#3831,#3832,#3833,#3834,#3835,#3836,#3837,
#3838,#3839,#3840,#3841,#3842,#3843,#3844,#3845,#3846,#3847,#3848,#3849,
#3850,#3851,#3852,#3853,#3854,#3855,#3856,#3857,#3858,#3859,#3860,#3861,
#3862,#3863,#3864,#3865,#3866,#3867,#3868,#3869,#3870,#3871,#3872,#3873,
#3874,#3875,#3876,#3877,#3878,#3879,#3880,#3881,#3882,#3883,#3884,#3885,
#3886,#3887,#3888,#3889,#3890,#3891,#3892,#3893,#3894,#3895,#3896,#3897,
#3898,#3899,#3900,#3901,#3902,#3903,#3904,#3905,#3906,#3907,#3908,#3909,
#3910,#3911,#3912,#3913,#3914,#3915,#3916,#3917,#3918,#3919,#3920,#3921,
#3922,#3923,#3924,#3925,#3926,#3927,#3928,#3929,#3930,#3931,#3932,#3933,
#3934,#3935,#3936,#3937,#3938,#3939,#3940,#3941,#3942,#3943,#3944,#3945,
#3946,#3947,#3948,#3949,#3950),(#3951,#3952,#3953,#3954,#3955,#3956,#3957,
#3958,#3959,#3960,#3961,#3962,#3963,#3964,#3965,#3966,#3967,#3968,#3969,
#3970,#3971,#3972,#3973,#3974,#3975,#3976,#3977,#3978,#3979,#3980,#3981,
#3982,#3983,#3984,#3985,#3986,#3987,#3988,#3989,#3990,#3991,#3992,#3993,
#3994,#3995,#3996,#3997,#3998,#3999,#4000,#4001,#4002,#4003,#4004,#4005,
#4006,#4007,#4008,#4009,#4010,#4011,#4012,#4013,#4014,#4015,#4016,#4017,
#4018,#4019,#4020,#4021,#4022,#4023,#4024,#4025,#4026,#4027,#4028,#4029,
#4030,#4031,#4032,#4033,#4034,#4035,#4036,#4037,#4038,#4039,#4040,#4041,
#4042,#4043,#4044,#4045,#4046,#4047,#4048,#4049,#4050,#4051,#4052,#4053,
#4054,#4055,#4056,#4057,#4058,#4059,#4060,#4061,#4062,#4063,#4064,#4065,
#4066,#4067,#4068,#4069,#4070,#4071,#4072,#4073,#4074,#4075,#4076,#4077,
#4078,#4079,#4080,#4081),(#4082,#4083,#4084,#4085,#4086,#4087,#4088,#4089,
#4090,#4091,#4092,#4093,#4094,#4095,#4096,#4097,#4098,#4099,#4100,#4101,
#4102,#4103,#4104,#4105,#4106,#4107,#4108,#4109,#4110,#4111,#4112,#4113,
#4114,#4115,#4116,#4117,#4118,#4119,#4120,#4121,#4122,#4123,#4124,#4125,
#4126,#4127,#4128,#4129,#4130,#4131,#4132,#4133,#4134,#4135,#4136,#4137,
#4138,#4139,#4140,#4141,#4142,#4143,#4144,#4145,#4146,#4147,#4148,#4149,
#4150,#4151,#4152,#4153,#4154,#4155,#4156,#4157,#4158,#4159,#4160,#4161,
#4162,#4163,#4164,#4165,#4166,#4167,#4168,#4169,#4170,#4171,#4172,#4173,
#4174,#4175,#4176,#4177,#4178,#4179,#4180,#4181,#4182,#4183,#4184,#4185,
#4186,#4187,#4188,#4189,#4190,#4191,#4192,#4193,#4194,#4195,#4196,#4197,
#4198,#4199,#4200,#4201,#4202,#4203,#4204,#4205,#4206,#4207,#4208,#4209,
#4210,#4211,#4212)),.UNSPECIFIED.,.F.,.F.,.F.,(4,4),(4,1,1,1,1,1,1,1,1,
1,1,1,1,1,1,1,1,1,1,1,1,1,1,1,1,1,1,1,1,1,1,1,1,1,1,1,1,1,1,1,1,1,1,1,1,
1,1,1,1,1,1,1,1,1,1,1,1,1,1,1,1,1,1,1,1,1,1,1,1,1,1,1,1,1,1,1,1,1,1,1,1,
1,1,1,1,1,1,1,1,1,1,1,1,1,1,1,1,1,1,1,1,1,1,1,1,1,1,1,1,1,1,1,1,1,1,1,1,
1,1,1,1,1,1,1,1,1,1,1,4),(0.,0.0820126057383863),(11.6152142277546,12.613065069482,
13.6109159112094,14.6087667529369,15.6066175946643,16.6044684363917,17.6023192781191,
18.6001701198465,19.5980209615739,20.5958718033013,21.5937226450287,22.5915734867561,
23.5894243284835,24.5872751702109,25.5851260119383,26.5829768536657,27.5808276953931,
28.5786785371205,29.5765293788479,30.5743802205753,31.5722310623027,32.5700819040301,
33.5679327457575,34.5657835874849,35.5636344292123,36.5614852709397,37.5593361126671,
38.5571869543945,39.5550377961219,40.5528886378493,41.5507394795767,42.5485903213041,
43.5464411630315,44.5442920047589,45.5421428464863,46.5399936882137,47.5378445299411,
48.5356953716685,49.533546213396,50.5313970551233,51.5292478968508,52.5270987385782,
53.5249495803056,54.522800422033,55.5206512637604,56.5185021054878,57.5163529472152,
58.5142037889426,59.51205463067,60.5099054723974,61.5077563141248,62.5056071558522,
63.5034579975796,64.501308839307,65.4991596810344,66.4970105227618,67.4948613644892,
68.4927122062166,69.490563047944,70.4884138896714,71.4862647313988,72.4841155731262,
73.4819664148536,74.479817256581,75.4776680983084,76.4755189400358,77.4733697817632,
78.4712206234906,79.469071465218,80.4669223069454,81.4647731486728,82.4626239904002,
83.4604748321276,84.4583256738551,85.4561765155825,86.4540273573099,87.4518781990373,
88.4497290407647,89.4475798824921,90.4454307242195,91.4432815659469,92.4411324076743,
93.4389832494017,94.4368340911291,95.4346849328565,96.4325357745839,97.4303866163113,
98.4282374580387,99.4260882997661,100.423939141493,101.421789983221,102.419640824948,
103.417491666676,104.415342508403,105.413193350131,106.411044191858,107.408895033585,
108.406745875313,109.40459671704,110.402447558768,111.400298400495,112.398149242222,
113.39600008395,114.393850925677,115.391701767405,116.389552609132,117.387403450859,
118.385254292587,119.383105134314,120.380955976042,121.378806817769,122.376657659496,
123.374508501224,124.372359342951,125.370210184679,126.368061026406,127.365911868133,
128.363762709861,129.361613551588,130.359464393316,131.357315235043,132.35516607677,
133.353016918498,134.350867760225,135.348718601953,136.34656944368,137.344420285407,
138.342271127135,139.340121968862),.UNSPECIFIED.);
#17=FACE_BOUND('',#131,.T.);
#18=FACE_BOUND('',#134,.T.);
#19=PLANE('',#1113);
#20=PLANE('',#1117);
#21=PLANE('',#1118);
#22=PLANE('',#1119);
#23=PLANE('',#1120);
#24=PLANE('',#1121);
#25=PLANE('',#1122);
#26=PLANE('',#1123);
#27=PLANE('',#1124);
#28=PLANE('',#1128);
#29=CONICAL_SURFACE('',#1106,6.85,0.785398163397441);
#30=CONICAL_SURFACE('',#1115,6.85,0.785398163397447);
#31=FACE_OUTER_BOUND('',#88,.T.);
#32=FACE_OUTER_BOUND('',#89,.T.);
#33=FACE_OUTER_BOUND('',#90,.T.);
#34=FACE_OUTER_BOUND('',#91,.T.);
#35=FACE_OUTER_BOUND('',#92,.T.);
#36=FACE_OUTER_BOUND('',#93,.T.);
#37=FACE_OUTER_BOUND('',#94,.T.);
#38=FACE_OUTER_BOUND('',#95,.T.);
#39=FACE_OUTER_BOUND('',#96,.T.);
#40=FACE_OUTER_BOUND('',#97,.T.);
#41=FACE_OUTER_BOUND('',#98,.T.);
#42=FACE_OUTER_BOUND('',#99,.T.);
#43=FACE_OUTER_BOUND('',#100,.T.);
#44=FACE_OUTER_BOUND('',#101,.T.);
#45=FACE_OUTER_BOUND('',#102,.T.);
#46=FACE_OUTER_BOUND('',#103,.T.);
#47=FACE_OUTER_BOUND('',#104,.T.);
#48=FACE_OUTER_BOUND('',#105,.T.);
#49=FACE_OUTER_BOUND('',#106,.T.);
#50=FACE_OUTER_BOUND('',#107,.T.);
#51=FACE_OUTER_BOUND('',#108,.T.);
#52=FACE_OUTER_BOUND('',#109,.T.);
#53=FACE_OUTER_BOUND('',#110,.T.);
#54=FACE_OUTER_BOUND('',#111,.T.);
#55=FACE_OUTER_BOUND('',#112,.T.);
#56=FACE_OUTER_BOUND('',#113,.T.);
#57=FACE_OUTER_BOUND('',#114,.T.);
#58=FACE_OUTER_BOUND('',#115,.T.);
#59=FACE_OUTER_BOUND('',#116,.T.);
#60=FACE_OUTER_BOUND('',#117,.T.);
#61=FACE_OUTER_BOUND('',#118,.T.);
#62=FACE_OUTER_BOUND('',#119,.T.);
#63=FACE_OUTER_BOUND('',#120,.T.);
#64=FACE_OUTER_BOUND('',#121,.T.);
#65=FACE_OUTER_BOUND('',#122,.T.);
#66=FACE_OUTER_BOUND('',#123,.T.);
#67=FACE_OUTER_BOUND('',#124,.T.);
#68=FACE_OUTER_BOUND('',#125,.T.);
#69=FACE_OUTER_BOUND('',#126,.T.);
#70=FACE_OUTER_BOUND('',#127,.T.);
#71=FACE_OUTER_BOUND('',#128,.T.);
#72=FACE_OUTER_BOUND('',#129,.T.);
#73=FACE_OUTER_BOUND('',#130,.T.);
#74=FACE_OUTER_BOUND('',#132,.T.);
#75=FACE_OUTER_BOUND('',#133,.T.);
#76=FACE_OUTER_BOUND('',#135,.T.);
#77=FACE_OUTER_BOUND('',#136,.T.);
#78=FACE_OUTER_BOUND('',#137,.T.);
#79=FACE_OUTER_BOUND('',#138,.T.);
#80=FACE_OUTER_BOUND('',#139,.T.);
#81=FACE_OUTER_BOUND('',#140,.T.);
#82=FACE_OUTER_BOUND('',#141,.T.);
#83=FACE_OUTER_BOUND('',#142,.T.);
#84=FACE_OUTER_BOUND('',#143,.T.);
#85=FACE_OUTER_BOUND('',#144,.T.);
#86=FACE_OUTER_BOUND('',#145,.T.);
#87=FACE_OUTER_BOUND('',#146,.T.);
#88=EDGE_LOOP('',(#632,#633,#634,#635));
#89=EDGE_LOOP('',(#636,#637,#638,#639));
#90=EDGE_LOOP('',(#640,#641,#642,#643));
#91=EDGE_LOOP('',(#644,#645,#646,#647));
#92=EDGE_LOOP('',(#648,#649,#650,#651));
#93=EDGE_LOOP('',(#652,#653,#654,#655));
#94=EDGE_LOOP('',(#656,#657,#658,#659));
#95=EDGE_LOOP('',(#660,#661,#662,#663));
#96=EDGE_LOOP('',(#664,#665,#666,#667));
#97=EDGE_LOOP('',(#668,#669,#670,#671));
#98=EDGE_LOOP('',(#672,#673,#674,#675));
#99=EDGE_LOOP('',(#676,#677,#678,#679));
#100=EDGE_LOOP('',(#680,#681,#682,#683));
#101=EDGE_LOOP('',(#684,#685,#686,#687));
#102=EDGE_LOOP('',(#688,#689,#690,#691));
#103=EDGE_LOOP('',(#692,#693,#694,#695));
#104=EDGE_LOOP('',(#696,#697,#698,#699));
#105=EDGE_LOOP('',(#700,#701,#702,#703));
#106=EDGE_LOOP('',(#704,#705,#706,#707));
#107=EDGE_LOOP('',(#708,#709,#710,#711));
#108=EDGE_LOOP('',(#712,#713,#714,#715));
#109=EDGE_LOOP('',(#716,#717,#718,#719));
#110=EDGE_LOOP('',(#720,#721,#722,#723));
#111=EDGE_LOOP('',(#724,#725,#726,#727));
#112=EDGE_LOOP('',(#728,#729,#730,#731));
#113=EDGE_LOOP('',(#732,#733,#734,#735));
#114=EDGE_LOOP('',(#736,#737,#738,#739));
#115=EDGE_LOOP('',(#740,#741,#742,#743));
#116=EDGE_LOOP('',(#744,#745,#746,#747));
#117=EDGE_LOOP('',(#748,#749,#750,#751));
#118=EDGE_LOOP('',(#752,#753,#754,#755));
#119=EDGE_LOOP('',(#756,#757,#758,#759));
#120=EDGE_LOOP('',(#760,#761,#762,#763));
#121=EDGE_LOOP('',(#764,#765,#766,#767));
#122=EDGE_LOOP('',(#768,#769,#770,#771));
#123=EDGE_LOOP('',(#772,#773,#774,#775));
#124=EDGE_LOOP('',(#776,#777,#778,#779));
#125=EDGE_LOOP('',(#780,#781,#782,#783));
#126=EDGE_LOOP('',(#784,#785,#786,#787));
#127=EDGE_LOOP('',(#788,#789,#790,#791));
#128=EDGE_LOOP('',(#792,#793,#794,#795,#796));
#129=EDGE_LOOP('',(#797,#798,#799,#800,#801,#802));
#130=EDGE_LOOP('',(#803));
#131=EDGE_LOOP('',(#804,#805,#806,#807));
#132=EDGE_LOOP('',(#808,#809,#810,#811,#812));
#133=EDGE_LOOP('',(#813));
#134=EDGE_LOOP('',(#814,#815,#816,#817,#818,#819));
#135=EDGE_LOOP('',(#820,#821,#822,#823));
#136=EDGE_LOOP('',(#824,#825,#826,#827));
#137=EDGE_LOOP('',(#828,#829,#830,#831));
#138=EDGE_LOOP('',(#832,#833,#834,#835));
#139=EDGE_LOOP('',(#836,#837,#838,#839));
#140=EDGE_LOOP('',(#840,#841,#842,#843));
#141=EDGE_LOOP('',(#844,#845,#846,#847,#848,#849));
#142=EDGE_LOOP('',(#850,#851,#852,#853,#854,#855,#856,#857,#858,#859,#860,
#861,#862,#863,#864,#865,#866,#867,#868,#869,#870,#871,#872,#873,#874,#875,
#876,#877,#878,#879,#880,#881,#882,#883,#884,#885,#886,#887,#888,#889,#890,
#891,#892,#893));
#143=EDGE_LOOP('',(#894,#895,#896,#897));
#144=EDGE_LOOP('',(#898,#899,#900,#901,#902,#903,#904,#905,#906,#907,#908,
#909,#910,#911,#912,#913,#914,#915,#916,#917,#918,#919,#920,#921,#922,#923,
#924,#925,#926,#927,#928,#929,#930,#931,#932,#933,#934,#935,#936,#937,#938,
#939,#940,#941));
#145=EDGE_LOOP('',(#942,#943,#944,#945));
#146=EDGE_LOOP('',(#946,#947,#948,#949));
#147=CIRCLE('',#1065,3.933);
#148=CIRCLE('',#1086,3.22275);
#149=CIRCLE('',#1107,6.7);
#150=CIRCLE('',#1108,7.);
#151=CIRCLE('',#1109,7.);
#152=CIRCLE('',#1111,7.);
#153=CIRCLE('',#1112,7.);
#154=CIRCLE('',#1114,3.22275);
#155=CIRCLE('',#1116,6.7);
#156=CIRCLE('',#1127,3.933);
#157=B_SPLINE_CURVE_WITH_KNOTS('',3,(#1328,#1329,#1330,#1331,#1332,#1333,
#1334,#1335,#1336,#1337),.UNSPECIFIED.,.F.,.F.,(4,3,3,4),(-4.09274904019423,
-3.99140336690961,-2.99355252518221,-2.0612015975158),.UNSPECIFIED.);
#158=B_SPLINE_CURVE_WITH_KNOTS('',3,(#1340,#1341,#1342,#1343,#1344,#1345,
#1346),.UNSPECIFIED.,.F.,.F.,(4,3,4),(0.,0.997850841727395,1.11004521091122),
 .UNSPECIFIED.);
#159=B_SPLINE_CURVE_WITH_KNOTS('',3,(#1351,#1352,#1353,#1354,#1355,#1356,
#1357,#1358,#1359,#1360,#1361,#1362,#1363,#1364,#1365,#1366,#1367,#1368,
#1369,#1370,#1371,#1372),.UNSPECIFIED.,.F.,.F.,(4,3,3,3,3,3,3,4),(-10.3759343473738,
-9.97850841727403,-8.98065757554663,-7.98280673381922,-6.98495589209182,
-5.98710505036442,-4.98925420863701,-4.09274904019423),.UNSPECIFIED.);
#160=B_SPLINE_CURVE_WITH_KNOTS('',3,(#1373,#1374,#1375,#1376,#1377,#1378,
#1379,#1380,#1381,#1382,#1383,#1384,#1385,#1386,#1387,#1388,#1389,#1390,
#1391,#1392,#1393,#1394),.UNSPECIFIED.,.F.,.F.,(4,3,3,3,3,3,3,4),(1.11004521091122,
1.9957016834548,2.9935525251822,3.99140336690961,4.98925420863701,5.98710505036442,
6.98495589209182,7.3932305180908),.UNSPECIFIED.);
#161=B_SPLINE_CURVE_WITH_KNOTS('',3,(#1399,#1400,#1401,#1402,#1403,#1404,
#1405,#1406,#1407,#1408,#1409,#1410,#1411,#1412,#1413,#1414,#1415,#1416,
#1417,#1418,#1419,#1420),.UNSPECIFIED.,.F.,.F.,(4,3,3,3,3,3,3,4),(-16.6591196545534,
-15.9656134676384,-14.967762625911,-13.9699117841836,-12.9720609424562,
-11.9742101007288,-10.9763592590014,-10.3759343473738),.UNSPECIFIED.);
#162=B_SPLINE_CURVE_WITH_KNOTS('',3,(#1421,#1422,#1423,#1424,#1425,#1426,
#1427,#1428,#1429,#1430,#1431,#1432,#1433,#1434,#1435,#1436,#1437,#1438,
#1439,#1440,#1441,#1442),.UNSPECIFIED.,.F.,.F.,(4,3,3,3,3,3,3,4),(7.3932305180908,
7.98280673381922,8.98065757554662,9.97850841727402,10.9763592590014,11.9742101007288,
12.9720609424562,13.6764158252704),.UNSPECIFIED.);
#163=B_SPLINE_CURVE_WITH_KNOTS('',3,(#1447,#1448,#1449,#1450,#1451,#1452,
#1453,#1454,#1455,#1456,#1457,#1458,#1459,#1460,#1461,#1462,#1463,#1464,
#1465,#1466,#1467,#1468),.UNSPECIFIED.,.F.,.F.,(4,3,3,3,3,3,3,4),(-22.942304961733,
-21.9527185180029,-20.9548676762755,-19.9570168345481,-18.9591659928207,
-17.9613151510933,-16.9634643093658,-16.6591196545534),.UNSPECIFIED.);
#164=B_SPLINE_CURVE_WITH_KNOTS('',3,(#1469,#1470,#1471,#1472,#1473,#1474,
#1475,#1476,#1477,#1478,#1479,#1480,#1481,#1482,#1483,#1484,#1485,#1486,
#1487,#1488,#1489,#1490,#1491,#1492,#1493),.UNSPECIFIED.,.F.,.F.,(4,3,3,
3,3,3,3,3,4),(13.6764158252704,13.9699117841836,14.967762625911,15.9656134676384,
16.9634643093658,17.9613151510932,18.9591659928207,19.9570168345481,19.95960113245),
 .UNSPECIFIED.);
#165=B_SPLINE_CURVE_WITH_KNOTS('',3,(#1498,#1499,#1500,#1501,#1502,#1503,
#1504,#1505,#1506,#1507,#1508,#1509,#1510,#1511,#1512,#1513,#1514,#1515,
#1516,#1517,#1518,#1519,#1520,#1521,#1522),.UNSPECIFIED.,.F.,.F.,(4,3,3,
3,3,3,3,3,4),(-29.2254902689126,-28.9376744100947,-27.9398235683673,-26.9419727266399,
-25.9441218849125,-24.9462710431851,-23.9484202014577,-22.9505693597303,
-22.942304961733),.UNSPECIFIED.);
#166=B_SPLINE_CURVE_WITH_KNOTS('',3,(#1523,#1524,#1525,#1526,#1527,#1528,
#1529,#1530,#1531,#1532,#1533,#1534,#1535,#1536,#1537,#1538,#1539,#1540,
#1541,#1542,#1543,#1544),.UNSPECIFIED.,.F.,.F.,(4,3,3,3,3,3,3,4),(19.95960113245,
20.9548676762755,21.9527185180029,22.9505693597303,23.9484202014577,24.9462710431851,
25.9441218849125,26.2427864396296),.UNSPECIFIED.);
#167=B_SPLINE_CURVE_WITH_KNOTS('',3,(#1549,#1550,#1551,#1552,#1553,#1554,
#1555,#1556,#1557,#1558,#1559,#1560,#1561,#1562,#1563,#1564,#1565,#1566,
#1567,#1568,#1569,#1570),.UNSPECIFIED.,.F.,.F.,(4,3,3,3,3,3,3,4),(-35.5086755760922,
-34.9247794604591,-33.9269286187317,-32.9290777770043,-31.9312269352769,
-30.9333760935495,-29.9355252518221,-29.2254902689126),.UNSPECIFIED.);
#168=B_SPLINE_CURVE_WITH_KNOTS('',3,(#1571,#1572,#1573,#1574,#1575,#1576,
#1577,#1578,#1579,#1580,#1581,#1582,#1583,#1584,#1585,#1586,#1587,#1588,
#1589,#1590,#1591,#1592),.UNSPECIFIED.,.F.,.F.,(4,3,3,3,3,3,3,4),(26.2427864396296,
26.9419727266399,27.9398235683673,28.9376744100947,29.9355252518221,30.9333760935495,
31.9312269352769,32.5259717468091),.UNSPECIFIED.);
#169=B_SPLINE_CURVE_WITH_KNOTS('',3,(#1597,#1598,#1599,#1600,#1601,#1602,
#1603,#1604,#1605,#1606,#1607,#1608,#1609,#1610,#1611,#1612,#1613,#1614,
#1615,#1616,#1617,#1618),.UNSPECIFIED.,.F.,.F.,(4,3,3,3,3,3,3,4),(-41.7918608832718,
-40.9118845108235,-39.9140336690961,-38.9161828273687,-37.9183319856413,
-36.9204811439139,-35.9226303021865,-35.5086755760922),.UNSPECIFIED.);
#170=B_SPLINE_CURVE_WITH_KNOTS('',3,(#1619,#1620,#1621,#1622,#1623,#1624,
#1625,#1626,#1627,#1628,#1629,#1630,#1631,#1632,#1633,#1634,#1635,#1636,
#1637,#1638,#1639,#1640),.UNSPECIFIED.,.F.,.F.,(4,3,3,3,3,3,3,4),(32.5259717468091,
32.9290777770043,33.9269286187317,34.9247794604591,35.9226303021865,36.9204811439139,
37.9183319856413,38.8091570539887),.UNSPECIFIED.);
#171=B_SPLINE_CURVE_WITH_KNOTS('',3,(#1645,#1646,#1647,#1648,#1649,#1650,
#1651,#1652,#1653,#1654,#1655,#1656,#1657,#1658,#1659,#1660,#1661,#1662,
#1663,#1664,#1665,#1666,#1667,#1668,#1669),.UNSPECIFIED.,.F.,.F.,(4,3,3,
3,3,3,3,3,4),(-48.0750461904514,-47.8968404029153,-46.8989895611879,-45.9011387194605,
-44.9032878777331,-43.9054370360057,-42.9075861942783,-41.9097353525509,
-41.7918608832718),.UNSPECIFIED.);
#172=B_SPLINE_CURVE_WITH_KNOTS('',3,(#1670,#1671,#1672,#1673,#1674,#1675,
#1676,#1677,#1678,#1679,#1680,#1681,#1682,#1683,#1684,#1685,#1686,#1687,
#1688,#1689,#1690,#1691,#1692,#1693,#1694),.UNSPECIFIED.,.F.,.F.,(4,3,3,
3,3,3,3,3,4),(38.8091570539887,38.9161828273687,39.9140336690961,40.9118845108235,
41.9097353525509,42.9075861942783,43.9054370360057,44.9032878777331,45.0923423611683),
 .UNSPECIFIED.);
#173=B_SPLINE_CURVE_WITH_KNOTS('',3,(#1699,#1700,#1701,#1702,#1703,#1704,
#1705,#1706,#1707,#1708,#1709,#1710,#1711,#1712,#1713,#1714,#1715,#1716,
#1717,#1718,#1719,#1720),.UNSPECIFIED.,.F.,.F.,(4,3,3,3,3,3,3,4),(-54.358231497631,
-53.8839454532798,-52.8860946115524,-51.888243769825,-50.8903929280975,
-49.8925420863701,-48.8946912446427,-48.0750461904514),.UNSPECIFIED.);
#174=B_SPLINE_CURVE_WITH_KNOTS('',3,(#1721,#1722,#1723,#1724,#1725,#1726,
#1727,#1728,#1729,#1730,#1731,#1732,#1733,#1734,#1735,#1736,#1737,#1738,
#1739,#1740,#1741,#1742),.UNSPECIFIED.,.F.,.F.,(4,3,3,3,3,3,3,4),(45.0923423611683,
45.9011387194605,46.8989895611879,47.8968404029153,48.8946912446427,49.8925420863701,
50.8903929280975,51.3755276683479),.UNSPECIFIED.);
#175=B_SPLINE_CURVE_WITH_KNOTS('',3,(#1747,#1748,#1749,#1750,#1751,#1752,
#1753,#1754,#1755,#1756,#1757,#1758,#1759,#1760,#1761,#1762,#1763,#1764,
#1765,#1766,#1767,#1768),.UNSPECIFIED.,.F.,.F.,(4,3,3,3,3,3,3,4),(-60.6414168048105,
-59.8710505036442,-58.8731996619168,-57.8753488201894,-56.877497978462,
-55.8796471367346,-54.8817962950072,-54.358231497631),.UNSPECIFIED.);
#176=B_SPLINE_CURVE_WITH_KNOTS('',3,(#1769,#1770,#1771,#1772,#1773,#1774,
#1775,#1776,#1777,#1778,#1779,#1780,#1781,#1782,#1783,#1784,#1785,#1786,
#1787,#1788,#1789,#1790),.UNSPECIFIED.,.F.,.F.,(4,3,3,3,3,3,3,4),(51.3755276683479,
51.8882437698249,52.8860946115523,53.8839454532797,54.8817962950071,55.8796471367345,
56.877497978462,57.6587129755275),.UNSPECIFIED.);
#177=B_SPLINE_CURVE_WITH_KNOTS('',3,(#1795,#1796,#1797,#1798,#1799,#1800,
#1801,#1802,#1803,#1804,#1805,#1806,#1807,#1808,#1809,#1810,#1811,#1812,
#1813,#1814,#1815,#1816,#1817,#1818,#1819),.UNSPECIFIED.,.F.,.F.,(4,3,3,
3,3,3,3,3,4),(-66.9246021119901,-66.856006395736,-65.8581555540086,-64.8603047122812,
-63.8624538705538,-62.8646030288264,-61.866752187099,-60.8689013453716,
-60.6414168048105),.UNSPECIFIED.);
#178=B_SPLINE_CURVE_WITH_KNOTS('',3,(#1820,#1821,#1822,#1823,#1824,#1825,
#1826,#1827,#1828,#1829,#1830,#1831,#1832,#1833,#1834,#1835,#1836,#1837,
#1838,#1839,#1840,#1841,#1842,#1843,#1844),.UNSPECIFIED.,.F.,.F.,(4,3,3,
3,3,3,3,3,4),(57.6587129755275,57.8753488201894,58.8731996619168,59.8710505036442,
60.8689013453716,61.866752187099,62.8646030288264,63.8624538705538,63.9418982827071),
 .UNSPECIFIED.);
#179=B_SPLINE_CURVE_WITH_KNOTS('',3,(#1849,#1850,#1851,#1852,#1853,#1854,
#1855,#1856,#1857,#1858,#1859,#1860,#1861,#1862,#1863,#1864,#1865,#1866,
#1867,#1868,#1869,#1870),.UNSPECIFIED.,.F.,.F.,(4,3,3,3,3,3,3,4),(-73.2077874191697,
-72.8431114461004,-71.845260604373,-70.8474097626456,-69.8495589209182,
-68.8517080791908,-67.8538572374634,-66.9246021119901),.UNSPECIFIED.);
#180=B_SPLINE_CURVE_WITH_KNOTS('',3,(#1871,#1872,#1873,#1874,#1875,#1876,
#1877,#1878,#1879,#1880,#1881,#1882,#1883,#1884,#1885,#1886,#1887,#1888,
#1889,#1890,#1891,#1892),.UNSPECIFIED.,.F.,.F.,(4,3,3,3,3,3,3,4),(63.9418982827071,
64.8603047122812,65.8581555540086,66.856006395736,67.8538572374634,68.8517080791908,
69.8495589209182,70.2250835898867),.UNSPECIFIED.);
#181=B_SPLINE_CURVE_WITH_KNOTS('',3,(#1897,#1898,#1899,#1900,#1901,#1902,
#1903,#1904,#1905,#1906,#1907,#1908,#1909,#1910,#1911,#1912,#1913,#1914,
#1915,#1916,#1917,#1918),.UNSPECIFIED.,.F.,.F.,(4,3,3,3,3,3,3,4),(-79.4909727263493,
-78.8302164964648,-77.8323656547374,-76.83451481301,-75.8366639712826,-74.8388131295552,
-73.8409622878278,-73.2077874191697),.UNSPECIFIED.);
#182=B_SPLINE_CURVE_WITH_KNOTS('',3,(#1919,#1920,#1921,#1922,#1923,#1924,
#1925,#1926,#1927,#1928,#1929,#1930,#1931,#1932,#1933,#1934,#1935,#1936,
#1937,#1938,#1939,#1940),.UNSPECIFIED.,.F.,.F.,(4,3,3,3,3,3,3,4),(70.2250835898867,
70.8474097626456,71.845260604373,72.8431114461004,73.8409622878278,74.8388131295552,
75.8366639712826,76.5082688970663),.UNSPECIFIED.);
#183=B_SPLINE_CURVE_WITH_KNOTS('',3,(#1945,#1946,#1947,#1948,#1949,#1950,
#1951,#1952,#1953,#1954,#1955,#1956,#1957,#1958,#1959,#1960,#1961,#1962,
#1963,#1964,#1965,#1966),.UNSPECIFIED.,.F.,.F.,(4,3,3,3,3,3,3,4),(-85.7741580335289,
-84.8173215468292,-83.8194707051018,-82.8216198633745,-81.823769021647,
-80.8259181799196,-79.8280673381922,-79.4909727263493),.UNSPECIFIED.);
#184=B_SPLINE_CURVE_WITH_KNOTS('',3,(#1967,#1968,#1969,#1970,#1971,#1972,
#1973,#1974,#1975,#1976,#1977,#1978,#1979,#1980,#1981,#1982,#1983,#1984,
#1985,#1986,#1987,#1988),.UNSPECIFIED.,.F.,.F.,(4,3,3,3,3,3,3,4),(76.5082688970663,
76.83451481301,77.8323656547374,78.8302164964648,79.8280673381922,80.8259181799196,
81.823769021647,82.7914542042459),.UNSPECIFIED.);
#185=B_SPLINE_CURVE_WITH_KNOTS('',3,(#1993,#1994,#1995,#1996,#1997,#1998,
#1999,#2000,#2001,#2002,#2003,#2004,#2005,#2006,#2007,#2008,#2009,#2010,
#2011,#2012,#2013,#2014,#2015,#2016,#2017),.UNSPECIFIED.,.F.,.F.,(4,3,3,
3,3,3,3,3,4),(-92.0573433407085,-91.8022774389211,-90.8044265971937,-89.8065757554663,
-88.8087249137389,-87.8108740720115,-86.8130232302841,-85.8151723885567,
-85.7741580335289),.UNSPECIFIED.);
#186=B_SPLINE_CURVE_WITH_KNOTS('',3,(#2018,#2019,#2020,#2021,#2022,#2023,
#2024,#2025,#2026,#2027,#2028,#2029,#2030,#2031,#2032,#2033,#2034,#2035,
#2036,#2037,#2038,#2039,#2040,#2041,#2042),.UNSPECIFIED.,.F.,.F.,(4,3,3,
3,3,3,3,3,4),(82.7914542042459,82.8216198633744,83.8194707051018,84.8173215468292,
85.8151723885566,86.813023230284,87.8108740720114,88.8087249137388,89.0746395114255),
 .UNSPECIFIED.);
#187=B_SPLINE_CURVE_WITH_KNOTS('',3,(#2047,#2048,#2049,#2050,#2051,#2052,
#2053,#2054,#2055,#2056,#2057,#2058,#2059,#2060,#2061,#2062,#2063,#2064,
#2065,#2066,#2067,#2068),.UNSPECIFIED.,.F.,.F.,(4,3,3,3,3,3,3,4),(-98.3405286478881,
-97.7893824892855,-96.7915316475581,-95.7936808058307,-94.7958299641033,
-93.7979791223759,-92.8001282806485,-92.0573433407085),.UNSPECIFIED.);
#188=B_SPLINE_CURVE_WITH_KNOTS('',3,(#2069,#2070,#2071,#2072,#2073,#2074,
#2075,#2076,#2077,#2078,#2079,#2080,#2081,#2082,#2083,#2084,#2085,#2086,
#2087,#2088,#2089,#2090),.UNSPECIFIED.,.F.,.F.,(4,3,3,3,3,3,3,4),(89.0746395114255,
89.8065757554662,90.8044265971936,91.802277438921,92.8001282806484,93.7979791223758,
94.7958299641032,95.3578248186051),.UNSPECIFIED.);
#189=B_SPLINE_CURVE_WITH_KNOTS('',3,(#2095,#2096,#2097,#2098,#2099,#2100,
#2101,#2102,#2103,#2104,#2105,#2106,#2107,#2108,#2109,#2110,#2111,#2112,
#2113,#2114,#2115,#2116),.UNSPECIFIED.,.F.,.F.,(4,3,3,3,3,3,3,4),(-104.623713955068,
-103.77648753965,-102.778636697922,-101.780785856195,-100.782935014468,
-99.7850841727403,-98.7872333310129,-98.3405286478881),.UNSPECIFIED.);
#190=B_SPLINE_CURVE_WITH_KNOTS('',3,(#2117,#2118,#2119,#2120,#2121,#2122,
#2123,#2124,#2125,#2126,#2127,#2128,#2129,#2130,#2131,#2132,#2133,#2134,
#2135,#2136,#2137,#2138),.UNSPECIFIED.,.F.,.F.,(4,3,3,3,3,3,3,4),(95.3578248186051,
95.7936808058306,96.791531647558,97.7893824892854,98.7872333310128,99.7850841727402,
100.782935014468,101.641010125785),.UNSPECIFIED.);
#191=B_SPLINE_CURVE_WITH_KNOTS('',3,(#2143,#2144,#2145,#2146,#2147,#2148,
#2149,#2150,#2151,#2152,#2153,#2154,#2155,#2156,#2157,#2158,#2159,#2160,
#2161,#2162,#2163,#2164,#2165,#2166,#2167),.UNSPECIFIED.,.F.,.F.,(4,3,3,
3,3,3,3,3,4),(-110.906899262247,-110.761443431742,-109.763592590014,-108.765741748287,
-107.76789090656,-106.770040064832,-105.772189223105,-104.774338381377,
-104.623713955068),.UNSPECIFIED.);
#192=B_SPLINE_CURVE_WITH_KNOTS('',3,(#2168,#2169,#2170,#2171,#2172,#2173,
#2174,#2175,#2176,#2177,#2178,#2179,#2180,#2181,#2182,#2183,#2184,#2185,
#2186,#2187,#2188,#2189,#2190,#2191,#2192),.UNSPECIFIED.,.F.,.F.,(4,3,3,
3,3,3,3,3,4),(101.641010125785,101.780785856195,102.778636697922,103.77648753965,
104.774338381377,105.772189223105,106.770040064832,107.767890906559,107.924195432964),
 .UNSPECIFIED.);
#193=B_SPLINE_CURVE_WITH_KNOTS('',3,(#2197,#2198,#2199,#2200,#2201,#2202,
#2203,#2204,#2205,#2206,#2207,#2208,#2209,#2210,#2211,#2212,#2213,#2214,
#2215,#2216,#2217,#2218),.UNSPECIFIED.,.F.,.F.,(4,3,3,3,3,3,3,4),(-117.190084569427,
-116.748548482106,-115.750697640379,-114.752846798651,-113.754995956924,
-112.757145115197,-111.759294273469,-110.906899262247),.UNSPECIFIED.);
#194=B_SPLINE_CURVE_WITH_KNOTS('',3,(#2219,#2220,#2221,#2222,#2223,#2224,
#2225,#2226,#2227,#2228,#2229,#2230,#2231,#2232,#2233,#2234,#2235,#2236,
#2237,#2238,#2239,#2240),.UNSPECIFIED.,.F.,.F.,(4,3,3,3,3,3,3,4),(107.924195432964,
108.765741748287,109.763592590014,110.761443431742,111.759294273469,112.757145115196,
113.754995956924,114.207380740144),.UNSPECIFIED.);
#195=B_SPLINE_CURVE_WITH_KNOTS('',3,(#2245,#2246,#2247,#2248,#2249,#2250,
#2251,#2252,#2253,#2254,#2255,#2256,#2257,#2258,#2259,#2260,#2261,#2262,
#2263,#2264,#2265,#2266),.UNSPECIFIED.,.F.,.F.,(4,3,3,3,3,3,3,4),(-123.473269876606,
-122.735653532471,-121.737802690743,-120.739951849016,-119.742101007288,
-118.744250165561,-117.746399323834,-117.190084569427),.UNSPECIFIED.);
#196=B_SPLINE_CURVE_WITH_KNOTS('',3,(#2267,#2268,#2269,#2270,#2271,#2272,
#2273,#2274,#2275,#2276,#2277,#2278,#2279,#2280,#2281,#2282,#2283,#2284,
#2285,#2286,#2287,#2288),.UNSPECIFIED.,.F.,.F.,(4,3,3,3,3,3,3,4),(114.207380740144,
114.752846798651,115.750697640379,116.748548482106,117.746399323833,118.744250165561,
119.742101007288,120.490566047323),.UNSPECIFIED.);
#197=B_SPLINE_CURVE_WITH_KNOTS('',3,(#2294,#2295,#2296,#2297,#2298,#2299),
 .UNSPECIFIED.,.F.,.F.,(4,1,1,4),(135.088484104361,135.348718601953,136.34656944368,
137.278920371346),.UNSPECIFIED.);
#198=B_SPLINE_CURVE_WITH_KNOTS('',3,(#2302,#2303,#2304,#2305),
 .UNSPECIFIED.,.F.,.F.,(4,4),(135.088484104361,136.039640490965),
 .UNSPECIFIED.);
#199=B_SPLINE_CURVE_WITH_KNOTS('',3,(#2310,#2311,#2312,#2313,#2314,#2315,
#2316,#2317,#2318,#2319),.UNSPECIFIED.,.F.,.F.,(4,1,1,1,1,1,1,4),(128.805298797182,
129.361613551588,130.359464393316,131.357315235043,132.35516607677,133.353016918498,
134.350867760225,135.088484104361),.UNSPECIFIED.);
#200=B_SPLINE_CURVE_WITH_KNOTS('',3,(#2320,#2321,#2322,#2323,#2324,#2325,
#2326,#2327,#2328,#2329,#2330),.UNSPECIFIED.,.F.,.F.,(4,1,1,1,1,1,1,1,4),
(128.805298797182,129.054684598874,130.052535440601,131.050386282328,132.048237124056,
133.046087965783,134.043938807511,135.041789649238,135.088484104361),
 .UNSPECIFIED.);
#201=B_SPLINE_CURVE_WITH_KNOTS('',3,(#2335,#2336,#2337,#2338,#2339,#2340,
#2341,#2342,#2343,#2344),.UNSPECIFIED.,.F.,.F.,(4,1,1,1,1,1,1,4),(122.522113490002,
123.374508501224,124.372359342951,125.370210184679,126.368061026406,127.365911868133,
128.363762709861,128.805298797182),.UNSPECIFIED.);
#202=B_SPLINE_CURVE_WITH_KNOTS('',3,(#2345,#2346,#2347,#2348,#2349,#2350,
#2351,#2352,#2353,#2354),.UNSPECIFIED.,.F.,.F.,(4,1,1,1,1,1,1,4),(122.522113490002,
123.067579548509,124.065430390237,125.063281231964,126.061132073691,127.058982915419,
128.056833757146,128.805298797182),.UNSPECIFIED.);
#203=B_SPLINE_CURVE_WITH_KNOTS('',3,(#2359,#2360,#2361,#2362,#2363,#2364,
#2365,#2366,#2367,#2368,#2369),.UNSPECIFIED.,.F.,.F.,(4,1,1,1,1,1,1,1,4),
(116.238928182822,116.389552609132,117.387403450859,118.385254292587,119.383105134314,
120.380955976042,121.378806817769,122.376657659496,122.522113490002),
 .UNSPECIFIED.);
#204=B_SPLINE_CURVE_WITH_KNOTS('',3,(#2370,#2371,#2372,#2373,#2374,#2375,
#2376,#2377,#2378,#2379),.UNSPECIFIED.,.F.,.F.,(4,1,1,1,1,1,1,4),(116.238928182822,
117.080474498145,118.078325339872,119.0761761816,120.074027023327,121.071877865054,
122.069728706782,122.522113490002),.UNSPECIFIED.);
#205=B_SPLINE_CURVE_WITH_KNOTS('',3,(#2384,#2385,#2386,#2387,#2388,#2389,
#2390,#2391,#2392,#2393),.UNSPECIFIED.,.F.,.F.,(4,1,1,1,1,1,1,4),(109.955742875643,
110.402447558768,111.400298400495,112.398149242222,113.39600008395,114.393850925677,
115.391701767405,116.238928182822),.UNSPECIFIED.);
#206=B_SPLINE_CURVE_WITH_KNOTS('',3,(#2394,#2395,#2396,#2397,#2398,#2399,
#2400,#2401,#2402,#2403,#2404),.UNSPECIFIED.,.F.,.F.,(4,1,1,1,1,1,1,1,4),
(109.955742875643,110.095518606053,111.09336944778,112.091220289508,113.089071131235,
114.086921972963,115.08477281469,116.082623656417,116.238928182822),
 .UNSPECIFIED.);
#207=B_SPLINE_CURVE_WITH_KNOTS('',3,(#2409,#2410,#2411,#2412,#2413,#2414,
#2415,#2416,#2417,#2418),.UNSPECIFIED.,.F.,.F.,(4,1,1,1,1,1,1,4),(103.672557568463,
104.415342508403,105.413193350131,106.411044191858,107.408895033585,108.406745875313,
109.40459671704,109.955742875643),.UNSPECIFIED.);
#208=B_SPLINE_CURVE_WITH_KNOTS('',3,(#2419,#2420,#2421,#2422,#2423,#2424,
#2425,#2426,#2427,#2428),.UNSPECIFIED.,.F.,.F.,(4,1,1,1,1,1,1,4),(103.672557568463,
104.108413555689,105.106264397416,106.104115239143,107.101966080871,108.099816922598,
109.097667764326,109.955742875643),.UNSPECIFIED.);
#209=B_SPLINE_CURVE_WITH_KNOTS('',3,(#2433,#2434,#2435,#2436,#2437,#2438,
#2439,#2440,#2441,#2442,#2443),.UNSPECIFIED.,.F.,.F.,(4,1,1,1,1,1,1,1,4),
(97.3893722612836,97.4303866163113,98.4282374580387,99.4260882997661,100.423939141493,
101.421789983221,102.419640824948,103.417491666676,103.672557568463),
 .UNSPECIFIED.);
#210=B_SPLINE_CURVE_WITH_KNOTS('',3,(#2444,#2445,#2446,#2447,#2448,#2449,
#2450,#2451,#2452,#2453),.UNSPECIFIED.,.F.,.F.,(4,1,1,1,1,1,1,4),(97.3893722612836,
98.1213085053242,99.1191593470516,100.117010188779,101.114861030506,102.112711872234,
103.110562713961,103.672557568463),.UNSPECIFIED.);
#211=B_SPLINE_CURVE_WITH_KNOTS('',3,(#2458,#2459,#2460,#2461,#2462,#2463,
#2464,#2465,#2466,#2467),.UNSPECIFIED.,.F.,.F.,(4,1,1,1,1,1,1,4),(91.106186954104,
91.4432815659469,92.4411324076743,93.4389832494017,94.4368340911291,95.4346849328565,
96.4325357745839,97.3893722612836),.UNSPECIFIED.);
#212=B_SPLINE_CURVE_WITH_KNOTS('',3,(#2468,#2469,#2470,#2471,#2472,#2473,
#2474,#2475,#2476,#2477,#2478),.UNSPECIFIED.,.F.,.F.,(4,1,1,1,1,1,1,1,4),
(91.106186954104,91.1363526132324,92.1342034549598,93.1320542966872,94.1299051384146,
95.127755980142,96.1256068218694,97.1234576635968,97.3893722612836),
 .UNSPECIFIED.);
#213=B_SPLINE_CURVE_WITH_KNOTS('',3,(#2483,#2484,#2485,#2486,#2487,#2488,
#2489,#2490,#2491,#2492),.UNSPECIFIED.,.F.,.F.,(4,1,1,1,1,1,1,4),(84.8230016469244,
85.4561765155825,86.4540273573099,87.4518781990373,88.4497290407647,89.4475798824921,
90.4454307242195,91.106186954104),.UNSPECIFIED.);
#214=B_SPLINE_CURVE_WITH_KNOTS('',3,(#2493,#2494,#2495,#2496,#2497,#2498,
#2499,#2500,#2501,#2502),.UNSPECIFIED.,.F.,.F.,(4,1,1,1,1,1,1,4),(84.8230016469244,
85.1492475628679,86.1470984045953,87.1449492463228,88.1428000880502,89.1406509297776,
90.1385017715049,91.106186954104),.UNSPECIFIED.);
#215=B_SPLINE_CURVE_WITH_KNOTS('',3,(#2507,#2508,#2509,#2510,#2511,#2512,
#2513,#2514,#2515,#2516),.UNSPECIFIED.,.F.,.F.,(4,1,1,1,1,1,1,4),(78.5398163397448,
79.469071465218,80.4669223069454,81.4647731486728,82.4626239904002,83.4604748321276,
84.4583256738551,84.8230016469244),.UNSPECIFIED.);
#216=B_SPLINE_CURVE_WITH_KNOTS('',3,(#2517,#2518,#2519,#2520,#2521,#2522,
#2523,#2524,#2525,#2526),.UNSPECIFIED.,.F.,.F.,(4,1,1,1,1,1,1,4),(78.5398163397448,
79.1621425125035,80.1599933542309,81.1578441959583,82.1556950376857,83.1535458794131,
84.1513967211405,84.8230016469244),.UNSPECIFIED.);
#217=B_SPLINE_CURVE_WITH_KNOTS('',3,(#2531,#2532,#2533,#2534,#2535,#2536,
#2537,#2538,#2539,#2540,#2541),.UNSPECIFIED.,.F.,.F.,(4,1,1,1,1,1,1,1,4),
(72.2566310325652,72.4841155731262,73.4819664148536,74.479817256581,75.4776680983084,
76.4755189400358,77.4733697817632,78.4712206234906,78.5398163397448),
 .UNSPECIFIED.);
#218=B_SPLINE_CURVE_WITH_KNOTS('',3,(#2542,#2543,#2544,#2545,#2546,#2547,
#2548,#2549,#2550,#2551),.UNSPECIFIED.,.F.,.F.,(4,1,1,1,1,1,1,4),(72.2566310325652,
73.1750374621391,74.1728883038665,75.1707391455939,76.1685899873213,77.1664408290487,
78.1642916707761,78.5398163397448),.UNSPECIFIED.);
#219=B_SPLINE_CURVE_WITH_KNOTS('',3,(#2556,#2557,#2558,#2559,#2560,#2561,
#2562,#2563,#2564,#2565),.UNSPECIFIED.,.F.,.F.,(4,1,1,1,1,1,1,4),(65.9734457253856,
66.4970105227618,67.4948613644892,68.4927122062166,69.490563047944,70.4884138896714,
71.4862647313988,72.2566310325652),.UNSPECIFIED.);
#220=B_SPLINE_CURVE_WITH_KNOTS('',3,(#2566,#2567,#2568,#2569,#2570,#2571,
#2572,#2573,#2574,#2575,#2576),.UNSPECIFIED.,.F.,.F.,(4,1,1,1,1,1,1,1,4),
(65.9734457253856,66.1900815700473,67.1879324117747,68.1857832535021,69.1836340952295,
70.1814849369569,71.1793357786843,72.1771866204117,72.2566310325652),
 .UNSPECIFIED.);
#221=B_SPLINE_CURVE_WITH_KNOTS('',3,(#2581,#2582,#2583,#2584,#2585,#2586,
#2587,#2588,#2589,#2590),.UNSPECIFIED.,.F.,.F.,(4,1,1,1,1,1,1,4),(59.690260418206,
60.5099054723974,61.5077563141248,62.5056071558522,63.5034579975796,64.501308839307,
65.4991596810344,65.9734457253856),.UNSPECIFIED.);
#222=B_SPLINE_CURVE_WITH_KNOTS('',3,(#2591,#2592,#2593,#2594,#2595,#2596,
#2597,#2598,#2599,#2600),.UNSPECIFIED.,.F.,.F.,(4,1,1,1,1,1,1,4),(59.690260418206,
60.2029765196829,61.2008273614103,62.1986782031377,63.1965290448651,64.1943798865925,
65.1922307283199,65.9734457253856),.UNSPECIFIED.);
#223=B_SPLINE_CURVE_WITH_KNOTS('',3,(#2605,#2606,#2607,#2608,#2609,#2610,
#2611,#2612,#2613,#2614,#2615),.UNSPECIFIED.,.F.,.F.,(4,1,1,1,1,1,1,1,4),
(53.4070751110264,53.5249495803056,54.522800422033,55.5206512637604,56.5185021054878,
57.5163529472152,58.5142037889426,59.51205463067,59.690260418206),
 .UNSPECIFIED.);
#224=B_SPLINE_CURVE_WITH_KNOTS('',3,(#2616,#2617,#2618,#2619,#2620,#2621,
#2622,#2623,#2624,#2625),.UNSPECIFIED.,.F.,.F.,(4,1,1,1,1,1,1,4),(53.4070751110264,
54.2158714693185,55.2137223110459,56.2115731527733,57.2094239945007,58.2072748362281,
59.2051256779555,59.690260418206),.UNSPECIFIED.);
#225=B_SPLINE_CURVE_WITH_KNOTS('',3,(#2630,#2631,#2632,#2633,#2634,#2635,
#2636,#2637,#2638,#2639),.UNSPECIFIED.,.F.,.F.,(4,1,1,1,1,1,1,4),(47.1238898038469,
47.5378445299411,48.5356953716685,49.533546213396,50.5313970551233,51.5292478968508,
52.5270987385782,53.4070751110264),.UNSPECIFIED.);
#226=B_SPLINE_CURVE_WITH_KNOTS('',3,(#2640,#2641,#2642,#2643,#2644,#2645,
#2646,#2647,#2648,#2649,#2650),.UNSPECIFIED.,.F.,.F.,(4,1,1,1,1,1,1,1,4),
(47.1238898038468,47.2309155772266,48.2287664189541,49.2266172606815,50.2244681024089,
51.2223189441363,52.2201697858637,53.2180206275911,53.4070751110264),
 .UNSPECIFIED.);
#227=B_SPLINE_CURVE_WITH_KNOTS('',3,(#2655,#2656,#2657,#2658,#2659,#2660,
#2661,#2662,#2663,#2664),.UNSPECIFIED.,.F.,.F.,(4,1,1,1,1,1,1,4),(40.8407044966673,
41.5507394795767,42.5485903213041,43.5464411630315,44.5442920047589,45.5421428464863,
46.5399936882137,47.1238898038469),.UNSPECIFIED.);
#228=B_SPLINE_CURVE_WITH_KNOTS('',3,(#2665,#2666,#2667,#2668,#2669,#2670,
#2671,#2672,#2673,#2674),.UNSPECIFIED.,.F.,.F.,(4,1,1,1,1,1,1,4),(40.8407044966672,
41.2438105268622,42.2416613685896,43.239512210317,44.2373630520444,45.2352138937718,
46.2330647354992,47.1238898038468),.UNSPECIFIED.);
#229=B_SPLINE_CURVE_WITH_KNOTS('',3,(#2679,#2680,#2681,#2682,#2683,#2684,
#2685,#2686,#2687,#2688,#2689),.UNSPECIFIED.,.F.,.F.,(4,1,1,1,1,1,1,1,4),
(34.5575191894877,34.5657835874849,35.5636344292123,36.5614852709397,37.5593361126671,
38.5571869543945,39.5550377961219,40.5528886378493,40.8407044966673),
 .UNSPECIFIED.);
#230=B_SPLINE_CURVE_WITH_KNOTS('',3,(#2690,#2691,#2692,#2693,#2694,#2695,
#2696,#2697,#2698,#2699),.UNSPECIFIED.,.F.,.F.,(4,1,1,1,1,1,1,4),(34.5575191894876,
35.2567054764978,36.2545563182252,37.2524071599526,38.25025800168,39.2481088434074,
40.2459596851348,40.8407044966672),.UNSPECIFIED.);
#231=B_SPLINE_CURVE_WITH_KNOTS('',3,(#2704,#2705,#2706,#2707,#2708,#2709,
#2710,#2711,#2712,#2713),.UNSPECIFIED.,.F.,.F.,(4,1,1,1,1,1,1,4),(28.2743338823081,
28.5786785371205,29.5765293788479,30.5743802205753,31.5722310623027,32.5700819040301,
33.5679327457575,34.5575191894877),.UNSPECIFIED.);
#232=B_SPLINE_CURVE_WITH_KNOTS('',3,(#2714,#2715,#2716,#2717,#2718,#2719,
#2720,#2721,#2722,#2723),.UNSPECIFIED.,.F.,.F.,(4,1,1,1,1,1,1,4),(28.274333882308,
29.2696004261334,30.2674512678608,31.2653021095882,32.2631529513156,33.261003793043,
34.2588546347704,34.5575191894876),.UNSPECIFIED.);
#233=B_SPLINE_CURVE_WITH_KNOTS('',3,(#2728,#2729,#2730,#2731,#2732,#2733,
#2734,#2735,#2736,#2737),.UNSPECIFIED.,.F.,.F.,(4,1,1,1,1,1,1,4),(21.9911485751285,
22.5915734867561,23.5894243284835,24.5872751702109,25.5851260119383,26.5829768536657,
27.5808276953931,28.2743338823081),.UNSPECIFIED.);
#234=B_SPLINE_CURVE_WITH_KNOTS('',3,(#2738,#2739,#2740,#2741,#2742,#2743,
#2744,#2745,#2746,#2747,#2748),.UNSPECIFIED.,.F.,.F.,(4,1,1,1,1,1,1,1,4),
(21.9911485751285,22.2846445340416,23.282495375769,24.2803462174964,25.2781970592238,
26.2760479009512,27.2738987426786,28.271749584406,28.274333882308),
 .UNSPECIFIED.);
#235=B_SPLINE_CURVE_WITH_KNOTS('',3,(#2753,#2754,#2755,#2756,#2757,#2758,
#2759,#2760,#2761,#2762),.UNSPECIFIED.,.F.,.F.,(4,1,1,1,1,1,1,4),(15.7079632679489,
16.6044684363917,17.6023192781191,18.6001701198465,19.5980209615739,20.5958718033013,
21.5937226450287,21.9911485751285),.UNSPECIFIED.);
#236=B_SPLINE_CURVE_WITH_KNOTS('',3,(#2763,#2764,#2765,#2766,#2767,#2768,
#2769,#2770,#2771,#2772),.UNSPECIFIED.,.F.,.F.,(4,1,1,1,1,1,1,4),(15.7079632679489,
16.2975394836772,17.2953903254046,18.293241167132,19.2910920088594,20.2889428505868,
21.2867936923142,21.9911485751285),.UNSPECIFIED.);
#237=B_SPLINE_CURVE_WITH_KNOTS('',3,(#2789,#2790,#2791,#2792,#2793,#2794,
#2795,#2796,#2797,#2798,#2799,#2800,#2801,#2802,#2803,#2804,#2805,#2806,
#2807,#2808,#2809,#2810,#2811,#2812,#2813,#2814,#2815,#2816,#2817,#2818,
#2819,#2820,#2821,#2822,#2823,#2824,#2825,#2826,#2827,#2828,#2829,#2830,
#2831,#2832,#2833,#2834,#2835,#2836,#2837,#2838,#2839,#2840,#2841,#2842,
#2843,#2844,#2845,#2846,#2847,#2848,#2849,#2850,#2851,#2852,#2853,#2854,
#2855,#2856,#2857,#2858,#2859,#2860,#2861,#2862,#2863,#2864,#2865,#2866,
#2867,#2868,#2869,#2870,#2871,#2872,#2873,#2874,#2875,#2876,#2877,#2878,
#2879,#2880,#2881,#2882,#2883,#2884,#2885),.UNSPECIFIED.,.F.,.F.,(4,3,3,
3,3,3,3,3,3,3,3,3,3,3,3,3,3,3,3,3,3,3,3,3,3,3,3,3,3,3,3,3,4),(-0.741270768406361,
-0.715556722079538,-0.679017107889552,-0.657903474943183,-0.643308269696497,
-0.635860678584344,-0.599027966354758,-0.56679934315387,-0.552699320503482,
-0.544242947882101,-0.537663551278139,-0.502262440737326,-0.467120981451491,
-0.433017634727446,-0.410062971232498,-0.398800339662969,-0.393752648428748,
-0.360143209226591,-0.341198980747655,-0.306931481911827,-0.272518181440842,
-0.261826884079918,-0.257133711136337,-0.223703966207638,-0.190242661806651,
-0.157192609949713,-0.137543533705999,-0.128056099403287,-0.123201419175253,
-0.0910016570075369,-0.0592555128158218,-0.0284854444702695,0.),
 .UNSPECIFIED.);
#238=B_SPLINE_CURVE_WITH_KNOTS('',3,(#2888,#2889,#2890,#2891,#2892,#2893,
#2894,#2895,#2896,#2897,#2898,#2899,#2900,#2901,#2902,#2903,#2904,#2905,
#2906,#2907,#2908,#2909,#2910,#2911,#2912,#2913,#2914,#2915,#2916,#2917,
#2918,#2919,#2920,#2921,#2922,#2923,#2924,#2925,#2926,#2927,#2928,#2929,
#2930,#2931,#2932,#2933,#2934,#2935,#2936,#2937,#2938,#2939,#2940,#2941,
#2942,#2943,#2944,#2945,#2946,#2947,#2948,#2949,#2950,#2951,#2952,#2953,
#2954,#2955,#2956,#2957,#2958,#2959,#2960,#2961,#2962,#2963,#2964,#2965,
#2966,#2967,#2968,#2969,#2970,#2971,#2972,#2973,#2974,#2975,#2976,#2977,
#2978,#2979,#2980,#2981,#2982,#2983,#2984,#2985,#2986,#2987),
 .UNSPECIFIED.,.F.,.F.,(4,3,3,3,3,3,3,3,3,3,3,3,3,3,3,3,3,3,3,3,3,3,3,3,
3,3,3,3,3,3,3,3,3,4),(-0.744397949170606,-0.722999049017078,-0.691903609130274,
-0.672313533341763,-0.659870429205394,-0.653658839025279,-0.621634694873803,
-0.591238157578839,-0.577825475364647,-0.572193228947612,-0.566394330446239,
-0.533001970085314,-0.499098016102724,-0.465301569881981,-0.443591776540009,
-0.437277274340061,-0.432962777439068,-0.398048219309633,-0.378462396514095,
-0.344742453643295,-0.310383558635084,-0.299315823261916,-0.292588362303034,
-0.258178597424661,-0.222664524422223,-0.186820412018192,-0.163467860515918,
-0.155661904636199,-0.150807139673615,-0.14570288701693,-0.108960905790131,
-0.0721587194698792,-0.0360551823398742,0.),.UNSPECIFIED.);
#239=B_SPLINE_CURVE_WITH_KNOTS('',3,(#3555,#3556,#3557,#3558,#3559,#3560,
#3561,#3562,#3563,#3564,#3565,#3566,#3567,#3568,#3569,#3570,#3571,#3572,
#3573,#3574,#3575,#3576,#3577,#3578,#3579,#3580,#3581,#3582,#3583,#3584,
#3585,#3586,#3587,#3588,#3589,#3590,#3591,#3592,#3593,#3594,#3595,#3596,
#3597,#3598,#3599,#3600,#3601,#3602,#3603,#3604,#3605,#3606,#3607,#3608,
#3609,#3610,#3611,#3612,#3613,#3614,#3615,#3616,#3617,#3618,#3619,#3620,
#3621,#3622,#3623,#3624,#3625,#3626,#3627,#3628,#3629,#3630,#3631,#3632,
#3633,#3634,#3635,#3636,#3637,#3638,#3639,#3640,#3641,#3642,#3643,#3644,
#3645,#3646,#3647,#3648,#3649,#3650,#3651),.UNSPECIFIED.,.F.,.F.,(4,3,3,
3,3,3,3,3,3,3,3,3,3,3,3,3,3,3,3,3,3,3,3,3,3,3,3,3,3,3,3,3,4),(0.,0.0258260740408105,
0.0619906713624162,0.0987570445888995,0.136681408094882,0.147696094274803,
0.154010735498247,0.189889209517174,0.225691064467474,0.260966232536727,
0.278614447549231,0.288525702722921,0.294828296332094,0.299623325091255,
0.334130677630149,0.368141315133455,0.40215195263676,0.423542327420122,
0.431068177411966,0.436300780381517,0.441119373329026,0.474534976404899,
0.50851677277231,0.542217627357137,0.567490167583814,0.575255906206159,
0.608320080546467,0.642339547702487,0.65770857567344,0.662778560198825,
0.694621563555389,0.725594619892396,0.744397949170547),.UNSPECIFIED.);
#240=B_SPLINE_CURVE_WITH_KNOTS('',3,(#3652,#3653,#3654,#3655,#3656,#3657,
#3658,#3659,#3660,#3661,#3662,#3663,#3664,#3665,#3666,#3667,#3668,#3669,
#3670),.UNSPECIFIED.,.F.,.F.,(4,3,3,3,3,3,4),(120.490566047323,120.739951849016,
121.737802690743,122.735653532471,123.733504374198,124.731355215925,125.663706143592),
 .UNSPECIFIED.);
#241=B_SPLINE_CURVE_WITH_KNOTS('',3,(#3671,#3672,#3673,#3674,#3675,#3676,
#3677,#3678,#3679),.UNSPECIFIED.,.F.,.F.,(4,1,1,1,1,1,4),(10.3759343473737,
11.3082852750402,12.3061361167676,13.303986958495,14.3018378002224,15.2996886419498,
15.7079632679489),.UNSPECIFIED.);
#242=B_SPLINE_CURVE_WITH_KNOTS('',3,(#3681,#3682,#3683,#3684,#3685,#3686,
#3687,#3688),.UNSPECIFIED.,.F.,.F.,(4,1,1,1,1,4),(11.6152142277546,12.613065069482,
13.6109159112094,14.6087667529369,15.6066175946643,15.7079632679489),
 .UNSPECIFIED.);
#243=B_SPLINE_CURVE_WITH_KNOTS('',3,(#4214,#4215,#4216,#4217,#4218,#4219,
#4220,#4221,#4222,#4223,#4224,#4225,#4226,#4227,#4228,#4229,#4230,#4231,
#4232,#4233,#4234,#4235,#4236,#4237,#4238,#4239,#4240,#4241,#4242,#4243,
#4244,#4245,#4246,#4247,#4248,#4249,#4250,#4251,#4252,#4253,#4254,#4255,
#4256,#4257,#4258,#4259,#4260,#4261,#4262,#4263,#4264,#4265,#4266,#4267,
#4268,#4269,#4270,#4271,#4272,#4273,#4274,#4275,#4276,#4277,#4278,#4279,
#4280,#4281,#4282,#4283,#4284,#4285,#4286,#4287,#4288,#4289,#4290,#4291,
#4292,#4293,#4294,#4295,#4296,#4297,#4298,#4299,#4300,#4301,#4302,#4303,
#4304,#4305,#4306,#4307),.UNSPECIFIED.,.F.,.F.,(4,3,3,3,3,3,3,3,3,3,3,3,
3,3,3,3,3,3,3,3,3,3,3,3,3,3,3,3,3,3,3,4),(0.,0.0213307452137587,0.052097018072944,
0.0836224729932852,0.11575997375594,0.125948385352632,0.130779960367613,
0.163420481476502,0.196678357854931,0.230195253532647,0.247019469040033,
0.259366442579757,0.264034735840931,0.29841870560343,0.332690546635908,
0.364788977591736,0.388319089517648,0.395090312719395,0.401763820729451,
0.435341469775992,0.469734234702263,0.50498496107584,0.534520686992151,
0.540918393676367,0.546655484124804,0.582634722701212,0.618856735924649,
0.635163550049617,0.64128483760496,0.678126488309535,0.714525411428881,
0.741270768406327),.UNSPECIFIED.);
#244=B_SPLINE_CURVE_WITH_KNOTS('',3,(#4308,#4309,#4310,#4311,#4312,#4313,
#4314,#4315,#4316,#4317,#4318,#4319,#4320,#4321,#4322,#4323),
 .UNSPECIFIED.,.F.,.F.,(4,3,3,3,3,4),(-127.724907741108,-126.72705689938,
-125.729206057653,-124.731355215925,-123.733504374198,-123.473269876606),
 .UNSPECIFIED.);
#245=LINE('',#1326,#306);
#246=LINE('',#1350,#307);
#247=LINE('',#1398,#308);
#248=LINE('',#1446,#309);
#249=LINE('',#1497,#310);
#250=LINE('',#1548,#311);
#251=LINE('',#1596,#312);
#252=LINE('',#1644,#313);
#253=LINE('',#1698,#314);
#254=LINE('',#1746,#315);
#255=LINE('',#1794,#316);
#256=LINE('',#1848,#317);
#257=LINE('',#1896,#318);
#258=LINE('',#1944,#319);
#259=LINE('',#1992,#320);
#260=LINE('',#2046,#321);
#261=LINE('',#2094,#322);
#262=LINE('',#2142,#323);
#263=LINE('',#2196,#324);
#264=LINE('',#2244,#325);
#265=LINE('',#2292,#326);
#266=LINE('',#2309,#327);
#267=LINE('',#2334,#328);
#268=LINE('',#2358,#329);
#269=LINE('',#2383,#330);
#270=LINE('',#2408,#331);
#271=LINE('',#2432,#332);
#272=LINE('',#2457,#333);
#273=LINE('',#2482,#334);
#274=LINE('',#2506,#335);
#275=LINE('',#2530,#336);
#276=LINE('',#2555,#337);
#277=LINE('',#2580,#338);
#278=LINE('',#2604,#339);
#279=LINE('',#2629,#340);
#280=LINE('',#2654,#341);
#281=LINE('',#2678,#342);
#282=LINE('',#2703,#343);
#283=LINE('',#2727,#344);
#284=LINE('',#2752,#345);
#285=LINE('',#2777,#346);
#286=LINE('',#2783,#347);
#287=LINE('',#2990,#348);
#288=LINE('',#2995,#349);
#289=LINE('',#2997,#350);
#290=LINE('',#2999,#351);
#291=LINE('',#3001,#352);
#292=LINE('',#3003,#353);
#293=LINE('',#3004,#354);
#294=LINE('',#3007,#355);
#295=LINE('',#3009,#356);
#296=LINE('',#3010,#357);
#297=LINE('',#3013,#358);
#298=LINE('',#3014,#359);
#299=LINE('',#3017,#360);
#300=LINE('',#3018,#361);
#301=LINE('',#3021,#362);
#302=LINE('',#3022,#363);
#303=LINE('',#3025,#364);
#304=LINE('',#3026,#365);
#305=LINE('',#3028,#366);
#306=VECTOR('',#1133,4.);
#307=VECTOR('',#1138,4.);
#308=VECTOR('',#1141,4.);
#309=VECTOR('',#1144,4.);
#310=VECTOR('',#1147,4.);
#311=VECTOR('',#1150,4.);
#312=VECTOR('',#1153,4.);
#313=VECTOR('',#1156,4.);
#314=VECTOR('',#1159,4.);
#315=VECTOR('',#1162,4.);
#316=VECTOR('',#1165,4.);
#317=VECTOR('',#1168,4.);
#318=VECTOR('',#1171,4.);
#319=VECTOR('',#1174,4.);
#320=VECTOR('',#1177,4.);
#321=VECTOR('',#1180,4.);
#322=VECTOR('',#1183,4.);
#323=VECTOR('',#1186,4.);
#324=VECTOR('',#1189,4.);
#325=VECTOR('',#1192,4.);
#326=VECTOR('',#1195,3.22275);
#327=VECTOR('',#1200,3.22275);
#328=VECTOR('',#1203,3.22275);
#329=VECTOR('',#1206,3.22275);
#330=VECTOR('',#1209,3.22275);
#331=VECTOR('',#1212,3.22275);
#332=VECTOR('',#1215,3.22275);
#333=VECTOR('',#1218,3.22275);
#334=VECTOR('',#1221,3.22275);
#335=VECTOR('',#1224,3.22275);
#336=VECTOR('',#1227,3.22275);
#337=VECTOR('',#1230,3.22275);
#338=VECTOR('',#1233,3.22275);
#339=VECTOR('',#1236,3.22275);
#340=VECTOR('',#1239,3.22275);
#341=VECTOR('',#1242,3.22275);
#342=VECTOR('',#1245,3.22275);
#343=VECTOR('',#1248,3.22275);
#344=VECTOR('',#1251,3.22275);
#345=VECTOR('',#1254,3.22275);
#346=VECTOR('',#1259,6.85);
#347=VECTOR('',#1266,7.);
#348=VECTOR('',#1277,6.85);
#349=VECTOR('',#1282,10.);
#350=VECTOR('',#1283,10.);
#351=VECTOR('',#1284,10.);
#352=VECTOR('',#1285,10.);
#353=VECTOR('',#1286,10.);
#354=VECTOR('',#1287,10.);
#355=VECTOR('',#1290,10.);
#356=VECTOR('',#1291,10.);
#357=VECTOR('',#1292,10.);
#358=VECTOR('',#1295,10.);
#359=VECTOR('',#1296,10.);
#360=VECTOR('',#1299,10.);
#361=VECTOR('',#1300,10.);
#362=VECTOR('',#1303,10.);
#363=VECTOR('',#1304,10.);
#364=VECTOR('',#1307,10.);
#365=VECTOR('',#1308,10.);
#366=VECTOR('',#1311,10.);
#367=VERTEX_POINT('',#1324);
#368=VERTEX_POINT('',#1325);
#369=VERTEX_POINT('',#1327);
#370=VERTEX_POINT('',#1338);
#371=VERTEX_POINT('',#1348);
#372=VERTEX_POINT('',#1349);
#373=VERTEX_POINT('',#1396);
#374=VERTEX_POINT('',#1397);
#375=VERTEX_POINT('',#1444);
#376=VERTEX_POINT('',#1445);
#377=VERTEX_POINT('',#1495);
#378=VERTEX_POINT('',#1496);
#379=VERTEX_POINT('',#1546);
#380=VERTEX_POINT('',#1547);
#381=VERTEX_POINT('',#1594);
#382=VERTEX_POINT('',#1595);
#383=VERTEX_POINT('',#1642);
#384=VERTEX_POINT('',#1643);
#385=VERTEX_POINT('',#1696);
#386=VERTEX_POINT('',#1697);
#387=VERTEX_POINT('',#1744);
#388=VERTEX_POINT('',#1745);
#389=VERTEX_POINT('',#1792);
#390=VERTEX_POINT('',#1793);
#391=VERTEX_POINT('',#1846);
#392=VERTEX_POINT('',#1847);
#393=VERTEX_POINT('',#1894);
#394=VERTEX_POINT('',#1895);
#395=VERTEX_POINT('',#1942);
#396=VERTEX_POINT('',#1943);
#397=VERTEX_POINT('',#1990);
#398=VERTEX_POINT('',#1991);
#399=VERTEX_POINT('',#2044);
#400=VERTEX_POINT('',#2045);
#401=VERTEX_POINT('',#2092);
#402=VERTEX_POINT('',#2093);
#403=VERTEX_POINT('',#2140);
#404=VERTEX_POINT('',#2141);
#405=VERTEX_POINT('',#2194);
#406=VERTEX_POINT('',#2195);
#407=VERTEX_POINT('',#2242);
#408=VERTEX_POINT('',#2243);
#409=VERTEX_POINT('',#2290);
#410=VERTEX_POINT('',#2291);
#411=VERTEX_POINT('',#2293);
#412=VERTEX_POINT('',#2300);
#413=VERTEX_POINT('',#2307);
#414=VERTEX_POINT('',#2308);
#415=VERTEX_POINT('',#2332);
#416=VERTEX_POINT('',#2333);
#417=VERTEX_POINT('',#2356);
#418=VERTEX_POINT('',#2357);
#419=VERTEX_POINT('',#2381);
#420=VERTEX_POINT('',#2382);
#421=VERTEX_POINT('',#2406);
#422=VERTEX_POINT('',#2407);
#423=VERTEX_POINT('',#2430);
#424=VERTEX_POINT('',#2431);
#425=VERTEX_POINT('',#2455);
#426=VERTEX_POINT('',#2456);
#427=VERTEX_POINT('',#2480);
#428=VERTEX_POINT('',#2481);
#429=VERTEX_POINT('',#2504);
#430=VERTEX_POINT('',#2505);
#431=VERTEX_POINT('',#2528);
#432=VERTEX_POINT('',#2529);
#433=VERTEX_POINT('',#2553);
#434=VERTEX_POINT('',#2554);
#435=VERTEX_POINT('',#2578);
#436=VERTEX_POINT('',#2579);
#437=VERTEX_POINT('',#2602);
#438=VERTEX_POINT('',#2603);
#439=VERTEX_POINT('',#2627);
#440=VERTEX_POINT('',#2628);
#441=VERTEX_POINT('',#2652);
#442=VERTEX_POINT('',#2653);
#443=VERTEX_POINT('',#2676);
#444=VERTEX_POINT('',#2677);
#445=VERTEX_POINT('',#2701);
#446=VERTEX_POINT('',#2702);
#447=VERTEX_POINT('',#2725);
#448=VERTEX_POINT('',#2726);
#449=VERTEX_POINT('',#2750);
#450=VERTEX_POINT('',#2751);
#451=VERTEX_POINT('',#2774);
#452=VERTEX_POINT('',#2776);
#453=VERTEX_POINT('',#2778);
#454=VERTEX_POINT('',#2782);
#455=VERTEX_POINT('',#2784);
#456=VERTEX_POINT('',#2788);
#457=VERTEX_POINT('',#2886);
#458=VERTEX_POINT('',#2989);
#459=VERTEX_POINT('',#2993);
#460=VERTEX_POINT('',#2994);
#461=VERTEX_POINT('',#2996);
#462=VERTEX_POINT('',#2998);
#463=VERTEX_POINT('',#3000);
#464=VERTEX_POINT('',#3002);
#465=VERTEX_POINT('',#3006);
#466=VERTEX_POINT('',#3008);
#467=VERTEX_POINT('',#3012);
#468=VERTEX_POINT('',#3016);
#469=VERTEX_POINT('',#3020);
#470=VERTEX_POINT('',#3024);
#471=VERTEX_POINT('',#3554);
#472=VERTEX_POINT('',#4213);
#473=EDGE_CURVE('',#367,#368,#245,.T.);
#474=EDGE_CURVE('',#367,#369,#157,.T.);
#475=EDGE_CURVE('',#369,#370,#147,.F.);
#476=EDGE_CURVE('',#370,#368,#158,.T.);
#477=EDGE_CURVE('',#371,#372,#246,.T.);
#478=EDGE_CURVE('',#371,#367,#159,.T.);
#479=EDGE_CURVE('',#368,#372,#160,.T.);
#480=EDGE_CURVE('',#373,#374,#247,.T.);
#481=EDGE_CURVE('',#373,#371,#161,.T.);
#482=EDGE_CURVE('',#372,#374,#162,.T.);
#483=EDGE_CURVE('',#375,#376,#248,.T.);
#484=EDGE_CURVE('',#375,#373,#163,.T.);
#485=EDGE_CURVE('',#374,#376,#164,.T.);
#486=EDGE_CURVE('',#377,#378,#249,.T.);
#487=EDGE_CURVE('',#377,#375,#165,.T.);
#488=EDGE_CURVE('',#376,#378,#166,.T.);
#489=EDGE_CURVE('',#379,#380,#250,.T.);
#490=EDGE_CURVE('',#379,#377,#167,.T.);
#491=EDGE_CURVE('',#378,#380,#168,.T.);
#492=EDGE_CURVE('',#381,#382,#251,.T.);
#493=EDGE_CURVE('',#381,#379,#169,.T.);
#494=EDGE_CURVE('',#380,#382,#170,.T.);
#495=EDGE_CURVE('',#383,#384,#252,.T.);
#496=EDGE_CURVE('',#383,#381,#171,.T.);
#497=EDGE_CURVE('',#382,#384,#172,.T.);
#498=EDGE_CURVE('',#385,#386,#253,.T.);
#499=EDGE_CURVE('',#385,#383,#173,.T.);
#500=EDGE_CURVE('',#384,#386,#174,.T.);
#501=EDGE_CURVE('',#387,#388,#254,.T.);
#502=EDGE_CURVE('',#387,#385,#175,.T.);
#503=EDGE_CURVE('',#386,#388,#176,.T.);
#504=EDGE_CURVE('',#389,#390,#255,.T.);
#505=EDGE_CURVE('',#389,#387,#177,.T.);
#506=EDGE_CURVE('',#388,#390,#178,.T.);
#507=EDGE_CURVE('',#391,#392,#256,.T.);
#508=EDGE_CURVE('',#391,#389,#179,.T.);
#509=EDGE_CURVE('',#390,#392,#180,.T.);
#510=EDGE_CURVE('',#393,#394,#257,.T.);
#511=EDGE_CURVE('',#393,#391,#181,.T.);
#512=EDGE_CURVE('',#392,#394,#182,.T.);
#513=EDGE_CURVE('',#395,#396,#258,.T.);
#514=EDGE_CURVE('',#395,#393,#183,.T.);
#515=EDGE_CURVE('',#394,#396,#184,.T.);
#516=EDGE_CURVE('',#397,#398,#259,.T.);
#517=EDGE_CURVE('',#397,#395,#185,.T.);
#518=EDGE_CURVE('',#396,#398,#186,.T.);
#519=EDGE_CURVE('',#399,#400,#260,.T.);
#520=EDGE_CURVE('',#399,#397,#187,.T.);
#521=EDGE_CURVE('',#398,#400,#188,.T.);
#522=EDGE_CURVE('',#401,#402,#261,.T.);
#523=EDGE_CURVE('',#401,#399,#189,.T.);
#524=EDGE_CURVE('',#400,#402,#190,.T.);
#525=EDGE_CURVE('',#403,#404,#262,.T.);
#526=EDGE_CURVE('',#403,#401,#191,.T.);
#527=EDGE_CURVE('',#402,#404,#192,.T.);
#528=EDGE_CURVE('',#405,#406,#263,.T.);
#529=EDGE_CURVE('',#405,#403,#193,.T.);
#530=EDGE_CURVE('',#404,#406,#194,.T.);
#531=EDGE_CURVE('',#407,#408,#264,.T.);
#532=EDGE_CURVE('',#407,#405,#195,.T.);
#533=EDGE_CURVE('',#406,#408,#196,.T.);
#534=EDGE_CURVE('',#409,#410,#265,.T.);
#535=EDGE_CURVE('',#409,#411,#197,.T.);
#536=EDGE_CURVE('',#412,#411,#148,.T.);
#537=EDGE_CURVE('',#410,#412,#198,.T.);
#538=EDGE_CURVE('',#413,#414,#266,.T.);
#539=EDGE_CURVE('',#413,#409,#199,.T.);
#540=EDGE_CURVE('',#414,#410,#200,.T.);
#541=EDGE_CURVE('',#415,#416,#267,.T.);
#542=EDGE_CURVE('',#415,#413,#201,.T.);
#543=EDGE_CURVE('',#416,#414,#202,.T.);
#544=EDGE_CURVE('',#417,#418,#268,.T.);
#545=EDGE_CURVE('',#417,#415,#203,.T.);
#546=EDGE_CURVE('',#418,#416,#204,.T.);
#547=EDGE_CURVE('',#419,#420,#269,.T.);
#548=EDGE_CURVE('',#419,#417,#205,.T.);
#549=EDGE_CURVE('',#420,#418,#206,.T.);
#550=EDGE_CURVE('',#421,#422,#270,.T.);
#551=EDGE_CURVE('',#421,#419,#207,.T.);
#552=EDGE_CURVE('',#422,#420,#208,.T.);
#553=EDGE_CURVE('',#423,#424,#271,.T.);
#554=EDGE_CURVE('',#423,#421,#209,.T.);
#555=EDGE_CURVE('',#424,#422,#210,.T.);
#556=EDGE_CURVE('',#425,#426,#272,.T.);
#557=EDGE_CURVE('',#425,#423,#211,.T.);
#558=EDGE_CURVE('',#426,#424,#212,.T.);
#559=EDGE_CURVE('',#427,#428,#273,.T.);
#560=EDGE_CURVE('',#427,#425,#213,.T.);
#561=EDGE_CURVE('',#428,#426,#214,.T.);
#562=EDGE_CURVE('',#429,#430,#274,.T.);
#563=EDGE_CURVE('',#429,#427,#215,.T.);
#564=EDGE_CURVE('',#430,#428,#216,.T.);
#565=EDGE_CURVE('',#431,#432,#275,.T.);
#566=EDGE_CURVE('',#431,#429,#217,.T.);
#567=EDGE_CURVE('',#432,#430,#218,.T.);
#568=EDGE_CURVE('',#433,#434,#276,.T.);
#569=EDGE_CURVE('',#433,#431,#219,.T.);
#570=EDGE_CURVE('',#434,#432,#220,.T.);
#571=EDGE_CURVE('',#435,#436,#277,.T.);
#572=EDGE_CURVE('',#435,#433,#221,.T.);
#573=EDGE_CURVE('',#436,#434,#222,.T.);
#574=EDGE_CURVE('',#437,#438,#278,.T.);
#575=EDGE_CURVE('',#437,#435,#223,.T.);
#576=EDGE_CURVE('',#438,#436,#224,.T.);
#577=EDGE_CURVE('',#439,#440,#279,.T.);
#578=EDGE_CURVE('',#439,#437,#225,.T.);
#579=EDGE_CURVE('',#440,#438,#226,.T.);
#580=EDGE_CURVE('',#441,#442,#280,.T.);
#581=EDGE_CURVE('',#441,#439,#227,.T.);
#582=EDGE_CURVE('',#442,#440,#228,.T.);
#583=EDGE_CURVE('',#443,#444,#281,.T.);
#584=EDGE_CURVE('',#443,#441,#229,.T.);
#585=EDGE_CURVE('',#444,#442,#230,.T.);
#586=EDGE_CURVE('',#445,#446,#282,.T.);
#587=EDGE_CURVE('',#445,#443,#231,.T.);
#588=EDGE_CURVE('',#446,#444,#232,.T.);
#589=EDGE_CURVE('',#447,#448,#283,.T.);
#590=EDGE_CURVE('',#447,#445,#233,.T.);
#591=EDGE_CURVE('',#448,#446,#234,.T.);
#592=EDGE_CURVE('',#449,#450,#284,.T.);
#593=EDGE_CURVE('',#449,#447,#235,.T.);
#594=EDGE_CURVE('',#450,#448,#236,.T.);
#595=EDGE_CURVE('',#451,#451,#149,.T.);
#596=EDGE_CURVE('',#451,#452,#285,.T.);
#597=EDGE_CURVE('',#452,#453,#150,.T.);
#598=EDGE_CURVE('',#453,#452,#151,.T.);
#599=EDGE_CURVE('',#453,#454,#286,.T.);
#600=EDGE_CURVE('',#455,#454,#152,.T.);
#601=EDGE_CURVE('',#454,#455,#153,.T.);
#602=EDGE_CURVE('',#369,#456,#237,.T.);
#603=EDGE_CURVE('',#456,#457,#154,.T.);
#604=EDGE_CURVE('',#457,#370,#238,.T.);
#605=EDGE_CURVE('',#455,#458,#287,.T.);
#606=EDGE_CURVE('',#458,#458,#155,.T.);
#607=EDGE_CURVE('',#459,#460,#288,.T.);
#608=EDGE_CURVE('',#460,#461,#289,.T.);
#609=EDGE_CURVE('',#461,#462,#290,.T.);
#610=EDGE_CURVE('',#462,#463,#291,.T.);
#611=EDGE_CURVE('',#463,#464,#292,.T.);
#612=EDGE_CURVE('',#464,#459,#293,.T.);
#613=EDGE_CURVE('',#459,#465,#294,.T.);
#614=EDGE_CURVE('',#465,#466,#295,.T.);
#615=EDGE_CURVE('',#460,#466,#296,.T.);
#616=EDGE_CURVE('',#464,#467,#297,.T.);
#617=EDGE_CURVE('',#467,#465,#298,.T.);
#618=EDGE_CURVE('',#463,#468,#299,.T.);
#619=EDGE_CURVE('',#468,#467,#300,.T.);
#620=EDGE_CURVE('',#462,#469,#301,.T.);
#621=EDGE_CURVE('',#469,#468,#302,.T.);
#622=EDGE_CURVE('',#461,#470,#303,.T.);
#623=EDGE_CURVE('',#470,#469,#304,.T.);
#624=EDGE_CURVE('',#466,#470,#305,.T.);
#625=EDGE_CURVE('',#471,#412,#239,.T.);
#626=EDGE_CURVE('',#408,#471,#240,.T.);
#627=EDGE_CURVE('',#457,#450,#241,.T.);
#628=EDGE_CURVE('',#456,#449,#242,.T.);
#629=EDGE_CURVE('',#411,#472,#243,.T.);
#630=EDGE_CURVE('',#472,#407,#244,.T.);
#631=EDGE_CURVE('',#472,#471,#156,.F.);
#632=ORIENTED_EDGE('',*,*,#473,.F.);
#633=ORIENTED_EDGE('',*,*,#474,.T.);
#634=ORIENTED_EDGE('',*,*,#475,.T.);
#635=ORIENTED_EDGE('',*,*,#476,.T.);
#636=ORIENTED_EDGE('',*,*,#477,.F.);
#637=ORIENTED_EDGE('',*,*,#478,.T.);
#638=ORIENTED_EDGE('',*,*,#473,.T.);
#639=ORIENTED_EDGE('',*,*,#479,.T.);
#640=ORIENTED_EDGE('',*,*,#480,.F.);
#641=ORIENTED_EDGE('',*,*,#481,.T.);
#642=ORIENTED_EDGE('',*,*,#477,.T.);
#643=ORIENTED_EDGE('',*,*,#482,.T.);
#644=ORIENTED_EDGE('',*,*,#483,.F.);
#645=ORIENTED_EDGE('',*,*,#484,.T.);
#646=ORIENTED_EDGE('',*,*,#480,.T.);
#647=ORIENTED_EDGE('',*,*,#485,.T.);
#648=ORIENTED_EDGE('',*,*,#486,.F.);
#649=ORIENTED_EDGE('',*,*,#487,.T.);
#650=ORIENTED_EDGE('',*,*,#483,.T.);
#651=ORIENTED_EDGE('',*,*,#488,.T.);
#652=ORIENTED_EDGE('',*,*,#489,.F.);
#653=ORIENTED_EDGE('',*,*,#490,.T.);
#654=ORIENTED_EDGE('',*,*,#486,.T.);
#655=ORIENTED_EDGE('',*,*,#491,.T.);
#656=ORIENTED_EDGE('',*,*,#492,.F.);
#657=ORIENTED_EDGE('',*,*,#493,.T.);
#658=ORIENTED_EDGE('',*,*,#489,.T.);
#659=ORIENTED_EDGE('',*,*,#494,.T.);
#660=ORIENTED_EDGE('',*,*,#495,.F.);
#661=ORIENTED_EDGE('',*,*,#496,.T.);
#662=ORIENTED_EDGE('',*,*,#492,.T.);
#663=ORIENTED_EDGE('',*,*,#497,.T.);
#664=ORIENTED_EDGE('',*,*,#498,.F.);
#665=ORIENTED_EDGE('',*,*,#499,.T.);
#666=ORIENTED_EDGE('',*,*,#495,.T.);
#667=ORIENTED_EDGE('',*,*,#500,.T.);
#668=ORIENTED_EDGE('',*,*,#501,.F.);
#669=ORIENTED_EDGE('',*,*,#502,.T.);
#670=ORIENTED_EDGE('',*,*,#498,.T.);
#671=ORIENTED_EDGE('',*,*,#503,.T.);
#672=ORIENTED_EDGE('',*,*,#504,.F.);
#673=ORIENTED_EDGE('',*,*,#505,.T.);
#674=ORIENTED_EDGE('',*,*,#501,.T.);
#675=ORIENTED_EDGE('',*,*,#506,.T.);
#676=ORIENTED_EDGE('',*,*,#507,.F.);
#677=ORIENTED_EDGE('',*,*,#508,.T.);
#678=ORIENTED_EDGE('',*,*,#504,.T.);
#679=ORIENTED_EDGE('',*,*,#509,.T.);
#680=ORIENTED_EDGE('',*,*,#510,.F.);
#681=ORIENTED_EDGE('',*,*,#511,.T.);
#682=ORIENTED_EDGE('',*,*,#507,.T.);
#683=ORIENTED_EDGE('',*,*,#512,.T.);
#684=ORIENTED_EDGE('',*,*,#513,.F.);
#685=ORIENTED_EDGE('',*,*,#514,.T.);
#686=ORIENTED_EDGE('',*,*,#510,.T.);
#687=ORIENTED_EDGE('',*,*,#515,.T.);
#688=ORIENTED_EDGE('',*,*,#516,.F.);
#689=ORIENTED_EDGE('',*,*,#517,.T.);
#690=ORIENTED_EDGE('',*,*,#513,.T.);
#691=ORIENTED_EDGE('',*,*,#518,.T.);
#692=ORIENTED_EDGE('',*,*,#519,.F.);
#693=ORIENTED_EDGE('',*,*,#520,.T.);
#694=ORIENTED_EDGE('',*,*,#516,.T.);
#695=ORIENTED_EDGE('',*,*,#521,.T.);
#696=ORIENTED_EDGE('',*,*,#522,.F.);
#697=ORIENTED_EDGE('',*,*,#523,.T.);
#698=ORIENTED_EDGE('',*,*,#519,.T.);
#699=ORIENTED_EDGE('',*,*,#524,.T.);
#700=ORIENTED_EDGE('',*,*,#525,.F.);
#701=ORIENTED_EDGE('',*,*,#526,.T.);
#702=ORIENTED_EDGE('',*,*,#522,.T.);
#703=ORIENTED_EDGE('',*,*,#527,.T.);
#704=ORIENTED_EDGE('',*,*,#528,.F.);
#705=ORIENTED_EDGE('',*,*,#529,.T.);
#706=ORIENTED_EDGE('',*,*,#525,.T.);
#707=ORIENTED_EDGE('',*,*,#530,.T.);
#708=ORIENTED_EDGE('',*,*,#531,.F.);
#709=ORIENTED_EDGE('',*,*,#532,.T.);
#710=ORIENTED_EDGE('',*,*,#528,.T.);
#711=ORIENTED_EDGE('',*,*,#533,.T.);
#712=ORIENTED_EDGE('',*,*,#534,.F.);
#713=ORIENTED_EDGE('',*,*,#535,.T.);
#714=ORIENTED_EDGE('',*,*,#536,.F.);
#715=ORIENTED_EDGE('',*,*,#537,.F.);
#716=ORIENTED_EDGE('',*,*,#538,.F.);
#717=ORIENTED_EDGE('',*,*,#539,.T.);
#718=ORIENTED_EDGE('',*,*,#534,.T.);
#719=ORIENTED_EDGE('',*,*,#540,.F.);
#720=ORIENTED_EDGE('',*,*,#541,.F.);
#721=ORIENTED_EDGE('',*,*,#542,.T.);
#722=ORIENTED_EDGE('',*,*,#538,.T.);
#723=ORIENTED_EDGE('',*,*,#543,.F.);
#724=ORIENTED_EDGE('',*,*,#544,.F.);
#725=ORIENTED_EDGE('',*,*,#545,.T.);
#726=ORIENTED_EDGE('',*,*,#541,.T.);
#727=ORIENTED_EDGE('',*,*,#546,.F.);
#728=ORIENTED_EDGE('',*,*,#547,.F.);
#729=ORIENTED_EDGE('',*,*,#548,.T.);
#730=ORIENTED_EDGE('',*,*,#544,.T.);
#731=ORIENTED_EDGE('',*,*,#549,.F.);
#732=ORIENTED_EDGE('',*,*,#550,.F.);
#733=ORIENTED_EDGE('',*,*,#551,.T.);
#734=ORIENTED_EDGE('',*,*,#547,.T.);
#735=ORIENTED_EDGE('',*,*,#552,.F.);
#736=ORIENTED_EDGE('',*,*,#553,.F.);
#737=ORIENTED_EDGE('',*,*,#554,.T.);
#738=ORIENTED_EDGE('',*,*,#550,.T.);
#739=ORIENTED_EDGE('',*,*,#555,.F.);
#740=ORIENTED_EDGE('',*,*,#556,.F.);
#741=ORIENTED_EDGE('',*,*,#557,.T.);
#742=ORIENTED_EDGE('',*,*,#553,.T.);
#743=ORIENTED_EDGE('',*,*,#558,.F.);
#744=ORIENTED_EDGE('',*,*,#559,.F.);
#745=ORIENTED_EDGE('',*,*,#560,.T.);
#746=ORIENTED_EDGE('',*,*,#556,.T.);
#747=ORIENTED_EDGE('',*,*,#561,.F.);
#748=ORIENTED_EDGE('',*,*,#562,.F.);
#749=ORIENTED_EDGE('',*,*,#563,.T.);
#750=ORIENTED_EDGE('',*,*,#559,.T.);
#751=ORIENTED_EDGE('',*,*,#564,.F.);
#752=ORIENTED_EDGE('',*,*,#565,.F.);
#753=ORIENTED_EDGE('',*,*,#566,.T.);
#754=ORIENTED_EDGE('',*,*,#562,.T.);
#755=ORIENTED_EDGE('',*,*,#567,.F.);
#756=ORIENTED_EDGE('',*,*,#568,.F.);
#757=ORIENTED_EDGE('',*,*,#569,.T.);
#758=ORIENTED_EDGE('',*,*,#565,.T.);
#759=ORIENTED_EDGE('',*,*,#570,.F.);
#760=ORIENTED_EDGE('',*,*,#571,.F.);
#761=ORIENTED_EDGE('',*,*,#572,.T.);
#762=ORIENTED_EDGE('',*,*,#568,.T.);
#763=ORIENTED_EDGE('',*,*,#573,.F.);
#764=ORIENTED_EDGE('',*,*,#574,.F.);
#765=ORIENTED_EDGE('',*,*,#575,.T.);
#766=ORIENTED_EDGE('',*,*,#571,.T.);
#767=ORIENTED_EDGE('',*,*,#576,.F.);
#768=ORIENTED_EDGE('',*,*,#577,.F.);
#769=ORIENTED_EDGE('',*,*,#578,.T.);
#770=ORIENTED_EDGE('',*,*,#574,.T.);
#771=ORIENTED_EDGE('',*,*,#579,.F.);
#772=ORIENTED_EDGE('',*,*,#580,.F.);
#773=ORIENTED_EDGE('',*,*,#581,.T.);
#774=ORIENTED_EDGE('',*,*,#577,.T.);
#775=ORIENTED_EDGE('',*,*,#582,.F.);
#776=ORIENTED_EDGE('',*,*,#583,.F.);
#777=ORIENTED_EDGE('',*,*,#584,.T.);
#778=ORIENTED_EDGE('',*,*,#580,.T.);
#779=ORIENTED_EDGE('',*,*,#585,.F.);
#780=ORIENTED_EDGE('',*,*,#586,.F.);
#781=ORIENTED_EDGE('',*,*,#587,.T.);
#782=ORIENTED_EDGE('',*,*,#583,.T.);
#783=ORIENTED_EDGE('',*,*,#588,.F.);
#784=ORIENTED_EDGE('',*,*,#589,.F.);
#785=ORIENTED_EDGE('',*,*,#590,.T.);
#786=ORIENTED_EDGE('',*,*,#586,.T.);
#787=ORIENTED_EDGE('',*,*,#591,.F.);
#788=ORIENTED_EDGE('',*,*,#592,.F.);
#789=ORIENTED_EDGE('',*,*,#593,.T.);
#790=ORIENTED_EDGE('',*,*,#589,.T.);
#791=ORIENTED_EDGE('',*,*,#594,.F.);
#792=ORIENTED_EDGE('',*,*,#595,.T.);
#793=ORIENTED_EDGE('',*,*,#596,.T.);
#794=ORIENTED_EDGE('',*,*,#597,.T.);
#795=ORIENTED_EDGE('',*,*,#598,.T.);
#796=ORIENTED_EDGE('',*,*,#596,.F.);
#797=ORIENTED_EDGE('',*,*,#597,.F.);
#798=ORIENTED_EDGE('',*,*,#598,.F.);
#799=ORIENTED_EDGE('',*,*,#599,.T.);
#800=ORIENTED_EDGE('',*,*,#600,.F.);
#801=ORIENTED_EDGE('',*,*,#601,.F.);
#802=ORIENTED_EDGE('',*,*,#599,.F.);
#803=ORIENTED_EDGE('',*,*,#595,.F.);
#804=ORIENTED_EDGE('',*,*,#602,.T.);
#805=ORIENTED_EDGE('',*,*,#603,.T.);
#806=ORIENTED_EDGE('',*,*,#604,.T.);
#807=ORIENTED_EDGE('',*,*,#475,.F.);
#808=ORIENTED_EDGE('',*,*,#600,.T.);
#809=ORIENTED_EDGE('',*,*,#601,.T.);
#810=ORIENTED_EDGE('',*,*,#605,.T.);
#811=ORIENTED_EDGE('',*,*,#606,.T.);
#812=ORIENTED_EDGE('',*,*,#605,.F.);
#813=ORIENTED_EDGE('',*,*,#606,.F.);
#814=ORIENTED_EDGE('',*,*,#607,.T.);
#815=ORIENTED_EDGE('',*,*,#608,.T.);
#816=ORIENTED_EDGE('',*,*,#609,.T.);
#817=ORIENTED_EDGE('',*,*,#610,.T.);
#818=ORIENTED_EDGE('',*,*,#611,.T.);
#819=ORIENTED_EDGE('',*,*,#612,.T.);
#820=ORIENTED_EDGE('',*,*,#607,.F.);
#821=ORIENTED_EDGE('',*,*,#613,.T.);
#822=ORIENTED_EDGE('',*,*,#614,.T.);
#823=ORIENTED_EDGE('',*,*,#615,.F.);
#824=ORIENTED_EDGE('',*,*,#612,.F.);
#825=ORIENTED_EDGE('',*,*,#616,.T.);
#826=ORIENTED_EDGE('',*,*,#617,.T.);
#827=ORIENTED_EDGE('',*,*,#613,.F.);
#828=ORIENTED_EDGE('',*,*,#611,.F.);
#829=ORIENTED_EDGE('',*,*,#618,.T.);
#830=ORIENTED_EDGE('',*,*,#619,.T.);
#831=ORIENTED_EDGE('',*,*,#616,.F.);
#832=ORIENTED_EDGE('',*,*,#610,.F.);
#833=ORIENTED_EDGE('',*,*,#620,.T.);
#834=ORIENTED_EDGE('',*,*,#621,.T.);
#835=ORIENTED_EDGE('',*,*,#618,.F.);
#836=ORIENTED_EDGE('',*,*,#609,.F.);
#837=ORIENTED_EDGE('',*,*,#622,.T.);
#838=ORIENTED_EDGE('',*,*,#623,.T.);
#839=ORIENTED_EDGE('',*,*,#620,.F.);
#840=ORIENTED_EDGE('',*,*,#608,.F.);
#841=ORIENTED_EDGE('',*,*,#615,.T.);
#842=ORIENTED_EDGE('',*,*,#624,.T.);
#843=ORIENTED_EDGE('',*,*,#622,.F.);
#844=ORIENTED_EDGE('',*,*,#624,.F.);
#845=ORIENTED_EDGE('',*,*,#614,.F.);
#846=ORIENTED_EDGE('',*,*,#617,.F.);
#847=ORIENTED_EDGE('',*,*,#619,.F.);
#848=ORIENTED_EDGE('',*,*,#621,.F.);
#849=ORIENTED_EDGE('',*,*,#623,.F.);
#850=ORIENTED_EDGE('',*,*,#625,.F.);
#851=ORIENTED_EDGE('',*,*,#626,.F.);
#852=ORIENTED_EDGE('',*,*,#533,.F.);
#853=ORIENTED_EDGE('',*,*,#530,.F.);
#854=ORIENTED_EDGE('',*,*,#527,.F.);
#855=ORIENTED_EDGE('',*,*,#524,.F.);
#856=ORIENTED_EDGE('',*,*,#521,.F.);
#857=ORIENTED_EDGE('',*,*,#518,.F.);
#858=ORIENTED_EDGE('',*,*,#515,.F.);
#859=ORIENTED_EDGE('',*,*,#512,.F.);
#860=ORIENTED_EDGE('',*,*,#509,.F.);
#861=ORIENTED_EDGE('',*,*,#506,.F.);
#862=ORIENTED_EDGE('',*,*,#503,.F.);
#863=ORIENTED_EDGE('',*,*,#500,.F.);
#864=ORIENTED_EDGE('',*,*,#497,.F.);
#865=ORIENTED_EDGE('',*,*,#494,.F.);
#866=ORIENTED_EDGE('',*,*,#491,.F.);
#867=ORIENTED_EDGE('',*,*,#488,.F.);
#868=ORIENTED_EDGE('',*,*,#485,.F.);
#869=ORIENTED_EDGE('',*,*,#482,.F.);
#870=ORIENTED_EDGE('',*,*,#479,.F.);
#871=ORIENTED_EDGE('',*,*,#476,.F.);
#872=ORIENTED_EDGE('',*,*,#604,.F.);
#873=ORIENTED_EDGE('',*,*,#627,.T.);
#874=ORIENTED_EDGE('',*,*,#594,.T.);
#875=ORIENTED_EDGE('',*,*,#591,.T.);
#876=ORIENTED_EDGE('',*,*,#588,.T.);
#877=ORIENTED_EDGE('',*,*,#585,.T.);
#878=ORIENTED_EDGE('',*,*,#582,.T.);
#879=ORIENTED_EDGE('',*,*,#579,.T.);
#880=ORIENTED_EDGE('',*,*,#576,.T.);
#881=ORIENTED_EDGE('',*,*,#573,.T.);
#882=ORIENTED_EDGE('',*,*,#570,.T.);
#883=ORIENTED_EDGE('',*,*,#567,.T.);
#884=ORIENTED_EDGE('',*,*,#564,.T.);
#885=ORIENTED_EDGE('',*,*,#561,.T.);
#886=ORIENTED_EDGE('',*,*,#558,.T.);
#887=ORIENTED_EDGE('',*,*,#555,.T.);
#888=ORIENTED_EDGE('',*,*,#552,.T.);
#889=ORIENTED_EDGE('',*,*,#549,.T.);
#890=ORIENTED_EDGE('',*,*,#546,.T.);
#891=ORIENTED_EDGE('',*,*,#543,.T.);
#892=ORIENTED_EDGE('',*,*,#540,.T.);
#893=ORIENTED_EDGE('',*,*,#537,.T.);
#894=ORIENTED_EDGE('',*,*,#592,.T.);
#895=ORIENTED_EDGE('',*,*,#627,.F.);
#896=ORIENTED_EDGE('',*,*,#603,.F.);
#897=ORIENTED_EDGE('',*,*,#628,.T.);
#898=ORIENTED_EDGE('',*,*,#629,.F.);
#899=ORIENTED_EDGE('',*,*,#535,.F.);
#900=ORIENTED_EDGE('',*,*,#539,.F.);
#901=ORIENTED_EDGE('',*,*,#542,.F.);
#902=ORIENTED_EDGE('',*,*,#545,.F.);
#903=ORIENTED_EDGE('',*,*,#548,.F.);
#904=ORIENTED_EDGE('',*,*,#551,.F.);
#905=ORIENTED_EDGE('',*,*,#554,.F.);
#906=ORIENTED_EDGE('',*,*,#557,.F.);
#907=ORIENTED_EDGE('',*,*,#560,.F.);
#908=ORIENTED_EDGE('',*,*,#563,.F.);
#909=ORIENTED_EDGE('',*,*,#566,.F.);
#910=ORIENTED_EDGE('',*,*,#569,.F.);
#911=ORIENTED_EDGE('',*,*,#572,.F.);
#912=ORIENTED_EDGE('',*,*,#575,.F.);
#913=ORIENTED_EDGE('',*,*,#578,.F.);
#914=ORIENTED_EDGE('',*,*,#581,.F.);
#915=ORIENTED_EDGE('',*,*,#584,.F.);
#916=ORIENTED_EDGE('',*,*,#587,.F.);
#917=ORIENTED_EDGE('',*,*,#590,.F.);
#918=ORIENTED_EDGE('',*,*,#593,.F.);
#919=ORIENTED_EDGE('',*,*,#628,.F.);
#920=ORIENTED_EDGE('',*,*,#602,.F.);
#921=ORIENTED_EDGE('',*,*,#474,.F.);
#922=ORIENTED_EDGE('',*,*,#478,.F.);
#923=ORIENTED_EDGE('',*,*,#481,.F.);
#924=ORIENTED_EDGE('',*,*,#484,.F.);
#925=ORIENTED_EDGE('',*,*,#487,.F.);
#926=ORIENTED_EDGE('',*,*,#490,.F.);
#927=ORIENTED_EDGE('',*,*,#493,.F.);
#928=ORIENTED_EDGE('',*,*,#496,.F.);
#929=ORIENTED_EDGE('',*,*,#499,.F.);
#930=ORIENTED_EDGE('',*,*,#502,.F.);
#931=ORIENTED_EDGE('',*,*,#505,.F.);
#932=ORIENTED_EDGE('',*,*,#508,.F.);
#933=ORIENTED_EDGE('',*,*,#511,.F.);
#934=ORIENTED_EDGE('',*,*,#514,.F.);
#935=ORIENTED_EDGE('',*,*,#517,.F.);
#936=ORIENTED_EDGE('',*,*,#520,.F.);
#937=ORIENTED_EDGE('',*,*,#523,.F.);
#938=ORIENTED_EDGE('',*,*,#526,.F.);
#939=ORIENTED_EDGE('',*,*,#529,.F.);
#940=ORIENTED_EDGE('',*,*,#532,.F.);
#941=ORIENTED_EDGE('',*,*,#630,.F.);
#942=ORIENTED_EDGE('',*,*,#531,.T.);
#943=ORIENTED_EDGE('',*,*,#626,.T.);
#944=ORIENTED_EDGE('',*,*,#631,.F.);
#945=ORIENTED_EDGE('',*,*,#630,.T.);
#946=ORIENTED_EDGE('',*,*,#629,.T.);
#947=ORIENTED_EDGE('',*,*,#631,.T.);
#948=ORIENTED_EDGE('',*,*,#625,.T.);
#949=ORIENTED_EDGE('',*,*,#536,.T.);
#950=CYLINDRICAL_SURFACE('',#1064,3.933);
#951=CYLINDRICAL_SURFACE('',#1066,3.933);
#952=CYLINDRICAL_SURFACE('',#1067,3.933);
#953=CYLINDRICAL_SURFACE('',#1068,3.933);
#954=CYLINDRICAL_SURFACE('',#1069,3.933);
#955=CYLINDRICAL_SURFACE('',#1070,3.933);
#956=CYLINDRICAL_SURFACE('',#1071,3.933);
#957=CYLINDRICAL_SURFACE('',#1072,3.933);
#958=CYLINDRICAL_SURFACE('',#1073,3.933);
#959=CYLINDRICAL_SURFACE('',#1074,3.933);
#960=CYLINDRICAL_SURFACE('',#1075,3.933);
#961=CYLINDRICAL_SURFACE('',#1076,3.933);
#962=CYLINDRICAL_SURFACE('',#1077,3.933);
#963=CYLINDRICAL_SURFACE('',#1078,3.933);
#964=CYLINDRICAL_SURFACE('',#1079,3.933);
#965=CYLINDRICAL_SURFACE('',#1080,3.933);
#966=CYLINDRICAL_SURFACE('',#1081,3.933);
#967=CYLINDRICAL_SURFACE('',#1082,3.933);
#968=CYLINDRICAL_SURFACE('',#1083,3.933);
#969=CYLINDRICAL_SURFACE('',#1084,3.933);
#970=CYLINDRICAL_SURFACE('',#1085,3.22275);
#971=CYLINDRICAL_SURFACE('',#1087,3.22275);
#972=CYLINDRICAL_SURFACE('',#1088,3.22275);
#973=CYLINDRICAL_SURFACE('',#1089,3.22275);
#974=CYLINDRICAL_SURFACE('',#1090,3.22275);
#975=CYLINDRICAL_SURFACE('',#1091,3.22275);
#976=CYLINDRICAL_SURFACE('',#1092,3.22275);
#977=CYLINDRICAL_SURFACE('',#1093,3.22275);
#978=CYLINDRICAL_SURFACE('',#1094,3.22275);
#979=CYLINDRICAL_SURFACE('',#1095,3.22275);
#980=CYLINDRICAL_SURFACE('',#1096,3.22275);
#981=CYLINDRICAL_SURFACE('',#1097,3.22275);
#982=CYLINDRICAL_SURFACE('',#1098,3.22275);
#983=CYLINDRICAL_SURFACE('',#1099,3.22275);
#984=CYLINDRICAL_SURFACE('',#1100,3.22275);
#985=CYLINDRICAL_SURFACE('',#1101,3.22275);
#986=CYLINDRICAL_SURFACE('',#1102,3.22275);
#987=CYLINDRICAL_SURFACE('',#1103,3.22275);
#988=CYLINDRICAL_SURFACE('',#1104,3.22275);
#989=CYLINDRICAL_SURFACE('',#1105,3.22275);
#990=CYLINDRICAL_SURFACE('',#1110,7.);
#991=CYLINDRICAL_SURFACE('',#1125,3.22275);
#992=CYLINDRICAL_SURFACE('',#1126,3.933);
#993=ADVANCED_FACE('',(#31),#950,.T.);
#994=ADVANCED_FACE('',(#32),#951,.T.);
#995=ADVANCED_FACE('',(#33),#952,.T.);
#996=ADVANCED_FACE('',(#34),#953,.T.);
#997=ADVANCED_FACE('',(#35),#954,.T.);
#998=ADVANCED_FACE('',(#36),#955,.T.);
#999=ADVANCED_FACE('',(#37),#956,.T.);
#1000=ADVANCED_FACE('',(#38),#957,.T.);
#1001=ADVANCED_FACE('',(#39),#958,.T.);
#1002=ADVANCED_FACE('',(#40),#959,.T.);
#1003=ADVANCED_FACE('',(#41),#960,.T.);
#1004=ADVANCED_FACE('',(#42),#961,.T.);
#1005=ADVANCED_FACE('',(#43),#962,.T.);
#1006=ADVANCED_FACE('',(#44),#963,.T.);
#1007=ADVANCED_FACE('',(#45),#964,.T.);
#1008=ADVANCED_FACE('',(#46),#965,.T.);
#1009=ADVANCED_FACE('',(#47),#966,.T.);
#1010=ADVANCED_FACE('',(#48),#967,.T.);
#1011=ADVANCED_FACE('',(#49),#968,.T.);
#1012=ADVANCED_FACE('',(#50),#969,.T.);
#1013=ADVANCED_FACE('',(#51),#970,.T.);
#1014=ADVANCED_FACE('',(#52),#971,.T.);
#1015=ADVANCED_FACE('',(#53),#972,.T.);
#1016=ADVANCED_FACE('',(#54),#973,.T.);
#1017=ADVANCED_FACE('',(#55),#974,.T.);
#1018=ADVANCED_FACE('',(#56),#975,.T.);
#1019=ADVANCED_FACE('',(#57),#976,.T.);
#1020=ADVANCED_FACE('',(#58),#977,.T.);
#1021=ADVANCED_FACE('',(#59),#978,.T.);
#1022=ADVANCED_FACE('',(#60),#979,.T.);
#1023=ADVANCED_FACE('',(#61),#980,.T.);
#1024=ADVANCED_FACE('',(#62),#981,.T.);
#1025=ADVANCED_FACE('',(#63),#982,.T.);
#1026=ADVANCED_FACE('',(#64),#983,.T.);
#1027=ADVANCED_FACE('',(#65),#984,.T.);
#1028=ADVANCED_FACE('',(#66),#985,.T.);
#1029=ADVANCED_FACE('',(#67),#986,.T.);
#1030=ADVANCED_FACE('',(#68),#987,.T.);
#1031=ADVANCED_FACE('',(#69),#988,.T.);
#1032=ADVANCED_FACE('',(#70),#989,.T.);
#1033=ADVANCED_FACE('',(#71),#29,.T.);
#1034=ADVANCED_FACE('',(#72),#990,.T.);
#1035=ADVANCED_FACE('',(#73,#17),#19,.T.);
#1036=ADVANCED_FACE('',(#74),#30,.T.);
#1037=ADVANCED_FACE('',(#75,#18),#20,.T.);
#1038=ADVANCED_FACE('',(#76),#21,.F.);
#1039=ADVANCED_FACE('',(#77),#22,.F.);
#1040=ADVANCED_FACE('',(#78),#23,.F.);
#1041=ADVANCED_FACE('',(#79),#24,.F.);
#1042=ADVANCED_FACE('',(#80),#25,.F.);
#1043=ADVANCED_FACE('',(#81),#26,.F.);
#1044=ADVANCED_FACE('',(#82),#27,.F.);
#1045=ADVANCED_FACE('',(#83),#15,.F.);
#1046=ADVANCED_FACE('',(#84),#991,.T.);
#1047=ADVANCED_FACE('',(#85),#16,.F.);
#1048=ADVANCED_FACE('',(#86),#992,.T.);
#1049=ADVANCED_FACE('',(#87),#28,.T.);
#1050=CLOSED_SHELL('',(#993,#994,#995,#996,#997,#998,#999,#1000,#1001,#1002,
#1003,#1004,#1005,#1006,#1007,#1008,#1009,#1010,#1011,#1012,#1013,#1014,
#1015,#1016,#1017,#1018,#1019,#1020,#1021,#1022,#1023,#1024,#1025,#1026,
#1027,#1028,#1029,#1030,#1031,#1032,#1033,#1034,#1035,#1036,#1037,#1038,
#1039,#1040,#1041,#1042,#1043,#1044,#1045,#1046,#1047,#1048,#1049));
#1051=DERIVED_UNIT_ELEMENT(#1053,1.);
#1052=DERIVED_UNIT_ELEMENT(#4332,-3.);
#1053=(
MASS_UNIT()
NAMED_UNIT(*)
SI_UNIT(.KILO.,.GRAM.)
);
#1054=DERIVED_UNIT((#1051,#1052));
#1055=MEASURE_REPRESENTATION_ITEM('density measure',
POSITIVE_RATIO_MEASURE(7850.),#1054);
#1056=PROPERTY_DEFINITION_REPRESENTATION(#1061,#1058);
#1057=PROPERTY_DEFINITION_REPRESENTATION(#1062,#1059);
#1058=REPRESENTATION('material name',(#1060),#4329);
#1059=REPRESENTATION('density',(#1055),#4329);
#1060=DESCRIPTIVE_REPRESENTATION_ITEM('Steel','Steel');
#1061=PROPERTY_DEFINITION('material property','material name',#4339);
#1062=PROPERTY_DEFINITION('material property','density of part',#4339);
#1063=AXIS2_PLACEMENT_3D('',#1322,#1129,#1130);
#1064=AXIS2_PLACEMENT_3D('',#1323,#1131,#1132);
#1065=AXIS2_PLACEMENT_3D('',#1339,#1134,#1135);
#1066=AXIS2_PLACEMENT_3D('',#1347,#1136,#1137);
#1067=AXIS2_PLACEMENT_3D('',#1395,#1139,#1140);
#1068=AXIS2_PLACEMENT_3D('',#1443,#1142,#1143);
#1069=AXIS2_PLACEMENT_3D('',#1494,#1145,#1146);
#1070=AXIS2_PLACEMENT_3D('',#1545,#1148,#1149);
#1071=AXIS2_PLACEMENT_3D('',#1593,#1151,#1152);
#1072=AXIS2_PLACEMENT_3D('',#1641,#1154,#1155);
#1073=AXIS2_PLACEMENT_3D('',#1695,#1157,#1158);
#1074=AXIS2_PLACEMENT_3D('',#1743,#1160,#1161);
#1075=AXIS2_PLACEMENT_3D('',#1791,#1163,#1164);
#1076=AXIS2_PLACEMENT_3D('',#1845,#1166,#1167);
#1077=AXIS2_PLACEMENT_3D('',#1893,#1169,#1170);
#1078=AXIS2_PLACEMENT_3D('',#1941,#1172,#1173);
#1079=AXIS2_PLACEMENT_3D('',#1989,#1175,#1176);
#1080=AXIS2_PLACEMENT_3D('',#2043,#1178,#1179);
#1081=AXIS2_PLACEMENT_3D('',#2091,#1181,#1182);
#1082=AXIS2_PLACEMENT_3D('',#2139,#1184,#1185);
#1083=AXIS2_PLACEMENT_3D('',#2193,#1187,#1188);
#1084=AXIS2_PLACEMENT_3D('',#2241,#1190,#1191);
#1085=AXIS2_PLACEMENT_3D('',#2289,#1193,#1194);
#1086=AXIS2_PLACEMENT_3D('',#2301,#1196,#1197);
#1087=AXIS2_PLACEMENT_3D('',#2306,#1198,#1199);
#1088=AXIS2_PLACEMENT_3D('',#2331,#1201,#1202);
#1089=AXIS2_PLACEMENT_3D('',#2355,#1204,#1205);
#1090=AXIS2_PLACEMENT_3D('',#2380,#1207,#1208);
#1091=AXIS2_PLACEMENT_3D('',#2405,#1210,#1211);
#1092=AXIS2_PLACEMENT_3D('',#2429,#1213,#1214);
#1093=AXIS2_PLACEMENT_3D('',#2454,#1216,#1217);
#1094=AXIS2_PLACEMENT_3D('',#2479,#1219,#1220);
#1095=AXIS2_PLACEMENT_3D('',#2503,#1222,#1223);
#1096=AXIS2_PLACEMENT_3D('',#2527,#1225,#1226);
#1097=AXIS2_PLACEMENT_3D('',#2552,#1228,#1229);
#1098=AXIS2_PLACEMENT_3D('',#2577,#1231,#1232);
#1099=AXIS2_PLACEMENT_3D('',#2601,#1234,#1235);
#1100=AXIS2_PLACEMENT_3D('',#2626,#1237,#1238);
#1101=AXIS2_PLACEMENT_3D('',#2651,#1240,#1241);
#1102=AXIS2_PLACEMENT_3D('',#2675,#1243,#1244);
#1103=AXIS2_PLACEMENT_3D('',#2700,#1246,#1247);
#1104=AXIS2_PLACEMENT_3D('',#2724,#1249,#1250);
#1105=AXIS2_PLACEMENT_3D('',#2749,#1252,#1253);
#1106=AXIS2_PLACEMENT_3D('',#2773,#1255,#1256);
#1107=AXIS2_PLACEMENT_3D('',#2775,#1257,#1258);
#1108=AXIS2_PLACEMENT_3D('',#2779,#1260,#1261);
#1109=AXIS2_PLACEMENT_3D('',#2780,#1262,#1263);
#1110=AXIS2_PLACEMENT_3D('',#2781,#1264,#1265);
#1111=AXIS2_PLACEMENT_3D('',#2785,#1267,#1268);
#1112=AXIS2_PLACEMENT_3D('',#2786,#1269,#1270);
#1113=AXIS2_PLACEMENT_3D('',#2787,#1271,#1272);
#1114=AXIS2_PLACEMENT_3D('',#2887,#1273,#1274);
#1115=AXIS2_PLACEMENT_3D('',#2988,#1275,#1276);
#1116=AXIS2_PLACEMENT_3D('',#2991,#1278,#1279);
#1117=AXIS2_PLACEMENT_3D('',#2992,#1280,#1281);
#1118=AXIS2_PLACEMENT_3D('',#3005,#1288,#1289);
#1119=AXIS2_PLACEMENT_3D('',#3011,#1293,#1294);
#1120=AXIS2_PLACEMENT_3D('',#3015,#1297,#1298);
#1121=AXIS2_PLACEMENT_3D('',#3019,#1301,#1302);
#1122=AXIS2_PLACEMENT_3D('',#3023,#1305,#1306);
#1123=AXIS2_PLACEMENT_3D('',#3027,#1309,#1310);
#1124=AXIS2_PLACEMENT_3D('',#3029,#1312,#1313);
#1125=AXIS2_PLACEMENT_3D('',#3680,#1314,#1315);
#1126=AXIS2_PLACEMENT_3D('',#4324,#1316,#1317);
#1127=AXIS2_PLACEMENT_3D('',#4325,#1318,#1319);
#1128=AXIS2_PLACEMENT_3D('',#4326,#1320,#1321);
#1129=DIRECTION('axis',(0.,0.,1.));
#1130=DIRECTION('refdir',(1.,0.,0.));
#1131=DIRECTION('center_axis',(0.,0.,-1.));
#1132=DIRECTION('ref_axis',(-1.,0.,0.));
#1133=DIRECTION('',(0.,0.,1.));
#1134=DIRECTION('center_axis',(0.,0.,1.));
#1135=DIRECTION('ref_axis',(-1.,0.,0.));
#1136=DIRECTION('center_axis',(0.,0.,-1.));
#1137=DIRECTION('ref_axis',(-1.,0.,0.));
#1138=DIRECTION('',(0.,0.,1.));
#1139=DIRECTION('center_axis',(0.,0.,-1.));
#1140=DIRECTION('ref_axis',(-1.,0.,0.));
#1141=DIRECTION('',(0.,0.,1.));
#1142=DIRECTION('center_axis',(0.,0.,-1.));
#1143=DIRECTION('ref_axis',(-1.,0.,0.));
#1144=DIRECTION('',(0.,0.,1.));
#1145=DIRECTION('center_axis',(0.,0.,-1.));
#1146=DIRECTION('ref_axis',(-1.,0.,0.));
#1147=DIRECTION('',(0.,0.,1.));
#1148=DIRECTION('center_axis',(0.,0.,-1.));
#1149=DIRECTION('ref_axis',(-1.,0.,0.));
#1150=DIRECTION('',(0.,0.,1.));
#1151=DIRECTION('center_axis',(0.,0.,-1.));
#1152=DIRECTION('ref_axis',(-1.,0.,0.));
#1153=DIRECTION('',(0.,0.,1.));
#1154=DIRECTION('center_axis',(0.,0.,-1.));
#1155=DIRECTION('ref_axis',(-1.,0.,0.));
#1156=DIRECTION('',(0.,0.,1.));
#1157=DIRECTION('center_axis',(0.,0.,-1.));
#1158=DIRECTION('ref_axis',(-1.,0.,0.));
#1159=DIRECTION('',(0.,0.,1.));
#1160=DIRECTION('center_axis',(0.,0.,-1.));
#1161=DIRECTION('ref_axis',(-1.,0.,0.));
#1162=DIRECTION('',(0.,0.,1.));
#1163=DIRECTION('center_axis',(0.,0.,-1.));
#1164=DIRECTION('ref_axis',(-1.,0.,0.));
#1165=DIRECTION('',(0.,0.,1.));
#1166=DIRECTION('center_axis',(0.,0.,-1.));
#1167=DIRECTION('ref_axis',(-1.,0.,0.));
#1168=DIRECTION('',(0.,0.,1.));
#1169=DIRECTION('center_axis',(0.,0.,-1.));
#1170=DIRECTION('ref_axis',(-1.,0.,0.));
#1171=DIRECTION('',(0.,0.,1.));
#1172=DIRECTION('center_axis',(0.,0.,-1.));
#1173=DIRECTION('ref_axis',(-1.,0.,0.));
#1174=DIRECTION('',(0.,0.,1.));
#1175=DIRECTION('center_axis',(0.,0.,-1.));
#1176=DIRECTION('ref_axis',(-1.,0.,0.));
#1177=DIRECTION('',(0.,0.,1.));
#1178=DIRECTION('center_axis',(0.,0.,-1.));
#1179=DIRECTION('ref_axis',(-1.,0.,0.));
#1180=DIRECTION('',(0.,0.,1.));
#1181=DIRECTION('center_axis',(0.,0.,-1.));
#1182=DIRECTION('ref_axis',(-1.,0.,0.));
#1183=DIRECTION('',(0.,0.,1.));
#1184=DIRECTION('center_axis',(0.,0.,-1.));
#1185=DIRECTION('ref_axis',(-1.,0.,0.));
#1186=DIRECTION('',(0.,0.,1.));
#1187=DIRECTION('center_axis',(0.,0.,-1.));
#1188=DIRECTION('ref_axis',(-1.,0.,0.));
#1189=DIRECTION('',(0.,0.,1.));
#1190=DIRECTION('center_axis',(0.,0.,-1.));
#1191=DIRECTION('ref_axis',(-1.,0.,0.));
#1192=DIRECTION('',(0.,0.,1.));
#1193=DIRECTION('center_axis',(0.,0.,-1.));
#1194=DIRECTION('ref_axis',(0.457746708664924,-0.889082645599626,0.));
#1195=DIRECTION('',(0.,0.,-1.));
#1196=DIRECTION('center_axis',(0.,0.,-1.));
#1197=DIRECTION('ref_axis',(-1.,1.08690987399044E-13,0.));
#1198=DIRECTION('center_axis',(0.,0.,-1.));
#1199=DIRECTION('ref_axis',(-1.,1.08690987399044E-13,0.));
#1200=DIRECTION('',(0.,0.,-1.));
#1201=DIRECTION('center_axis',(0.,0.,-1.));
#1202=DIRECTION('ref_axis',(-1.,1.08690987399044E-13,0.));
#1203=DIRECTION('',(0.,0.,-1.));
#1204=DIRECTION('center_axis',(0.,0.,-1.));
#1205=DIRECTION('ref_axis',(-1.,1.08690987399044E-13,0.));
#1206=DIRECTION('',(0.,0.,-1.));
#1207=DIRECTION('center_axis',(0.,0.,-1.));
#1208=DIRECTION('ref_axis',(-1.,1.08690987399044E-13,0.));
#1209=DIRECTION('',(0.,0.,-1.));
#1210=DIRECTION('center_axis',(0.,0.,-1.));
#1211=DIRECTION('ref_axis',(-1.,1.08690987399044E-13,0.));
#1212=DIRECTION('',(0.,0.,-1.));
#1213=DIRECTION('center_axis',(0.,0.,-1.));
#1214=DIRECTION('ref_axis',(-1.,1.08690987399044E-13,0.));
#1215=DIRECTION('',(0.,0.,-1.));
#1216=DIRECTION('center_axis',(0.,0.,-1.));
#1217=DIRECTION('ref_axis',(-1.,1.08690987399044E-13,0.));
#1218=DIRECTION('',(0.,0.,-1.));
#1219=DIRECTION('center_axis',(0.,0.,-1.));
#1220=DIRECTION('ref_axis',(-1.,1.08690987399044E-13,0.));
#1221=DIRECTION('',(0.,0.,-1.));
#1222=DIRECTION('center_axis',(0.,0.,-1.));
#1223=DIRECTION('ref_axis',(-1.,1.08690987399044E-13,0.));
#1224=DIRECTION('',(0.,0.,-1.));
#1225=DIRECTION('center_axis',(0.,0.,-1.));
#1226=DIRECTION('ref_axis',(-1.,1.08690987399044E-13,0.));
#1227=DIRECTION('',(0.,0.,-1.));
#1228=DIRECTION('center_axis',(0.,0.,-1.));
#1229=DIRECTION('ref_axis',(-1.,1.08690987399044E-13,0.));
#1230=DIRECTION('',(0.,0.,-1.));
#1231=DIRECTION('center_axis',(0.,0.,-1.));
#1232=DIRECTION('ref_axis',(-1.,1.08690987399044E-13,0.));
#1233=DIRECTION('',(0.,0.,-1.));
#1234=DIRECTION('center_axis',(0.,0.,-1.));
#1235=DIRECTION('ref_axis',(-1.,1.08690987399044E-13,0.));
#1236=DIRECTION('',(0.,0.,-1.));
#1237=DIRECTION('center_axis',(0.,0.,-1.));
#1238=DIRECTION('ref_axis',(-1.,1.08690987399044E-13,0.));
#1239=DIRECTION('',(0.,0.,-1.));
#1240=DIRECTION('center_axis',(0.,0.,-1.));
#1241=DIRECTION('ref_axis',(-1.,1.08690987399044E-13,0.));
#1242=DIRECTION('',(0.,0.,-1.));
#1243=DIRECTION('center_axis',(0.,0.,-1.));
#1244=DIRECTION('ref_axis',(-1.,1.08690987399044E-13,0.));
#1245=DIRECTION('',(0.,0.,-1.));
#1246=DIRECTION('center_axis',(0.,0.,-1.));
#1247=DIRECTION('ref_axis',(-1.,1.08690987399044E-13,0.));
#1248=DIRECTION('',(0.,0.,-1.));
#1249=DIRECTION('center_axis',(0.,0.,-1.));
#1250=DIRECTION('ref_axis',(-1.,1.08690987399044E-13,0.));
#1251=DIRECTION('',(0.,0.,-1.));
#1252=DIRECTION('center_axis',(0.,0.,-1.));
#1253=DIRECTION('ref_axis',(-1.,1.08690987399044E-13,0.));
#1254=DIRECTION('',(0.,0.,-1.));
#1255=DIRECTION('center_axis',(0.,0.,1.));
#1256=DIRECTION('ref_axis',(1.,0.,0.));
#1257=DIRECTION('center_axis',(0.,0.,1.));
#1258=DIRECTION('ref_axis',(1.,0.,0.));
#1259=DIRECTION('',(-0.707106781186542,8.65956056235487E-17,0.707106781186553));
#1260=DIRECTION('center_axis',(0.,0.,-1.));
#1261=DIRECTION('ref_axis',(1.,0.,0.));
#1262=DIRECTION('center_axis',(0.,0.,-1.));
#1263=DIRECTION('ref_axis',(1.,0.,0.));
#1264=DIRECTION('center_axis',(0.,0.,-1.));
#1265=DIRECTION('ref_axis',(-1.,0.,0.));
#1266=DIRECTION('',(0.,0.,1.));
#1267=DIRECTION('center_axis',(0.,0.,1.));
#1268=DIRECTION('ref_axis',(1.,0.,0.));
#1269=DIRECTION('center_axis',(0.,0.,1.));
#1270=DIRECTION('ref_axis',(1.,0.,0.));
#1271=DIRECTION('center_axis',(0.,0.,-1.));
#1272=DIRECTION('ref_axis',(-1.,0.,0.));
#1273=DIRECTION('center_axis',(0.,0.,1.));
#1274=DIRECTION('ref_axis',(-1.,1.08690987399044E-13,0.));
#1275=DIRECTION('center_axis',(0.,0.,-1.));
#1276=DIRECTION('ref_axis',(1.,0.,0.));
#1277=DIRECTION('',(0.707106781186547,-8.65956056235492E-17,0.707106781186548));
#1278=DIRECTION('center_axis',(0.,0.,-1.));
#1279=DIRECTION('ref_axis',(1.,0.,0.));
#1280=DIRECTION('center_axis',(0.,0.,1.));
#1281=DIRECTION('ref_axis',(1.,0.,0.));
#1282=DIRECTION('',(-0.123045495139364,-0.992401030897242,0.));
#1283=DIRECTION('',(-0.920967251068559,-0.389639990836697,0.));
#1284=DIRECTION('',(-0.797921755929195,0.602761040060545,0.));
#1285=DIRECTION('',(0.123045495139364,0.992401030897242,0.));
#1286=DIRECTION('',(0.920967251068559,0.389639990836697,0.));
#1287=DIRECTION('',(0.797921755929196,-0.602761040060544,0.));
#1288=DIRECTION('center_axis',(0.992401030897242,-0.123045495139364,0.));
#1289=DIRECTION('ref_axis',(-0.123045495139364,-0.992401030897242,0.));
#1290=DIRECTION('',(0.,0.,-1.));
#1291=DIRECTION('',(-0.123045495139364,-0.992401030897242,0.));
#1292=DIRECTION('',(0.,0.,-1.));
#1293=DIRECTION('center_axis',(0.602761040060544,0.797921755929196,0.));
#1294=DIRECTION('ref_axis',(0.797921755929196,-0.602761040060544,0.));
#1295=DIRECTION('',(0.,0.,-1.));
#1296=DIRECTION('',(0.797921755929196,-0.602761040060544,0.));
#1297=DIRECTION('center_axis',(-0.389639990836697,0.920967251068559,0.));
#1298=DIRECTION('ref_axis',(0.920967251068559,0.389639990836697,0.));
#1299=DIRECTION('',(0.,0.,-1.));
#1300=DIRECTION('',(0.920967251068559,0.389639990836697,0.));
#1301=DIRECTION('center_axis',(-0.992401030897242,0.123045495139364,0.));
#1302=DIRECTION('ref_axis',(0.123045495139364,0.992401030897242,0.));
#1303=DIRECTION('',(0.,0.,-1.));
#1304=DIRECTION('',(0.123045495139364,0.992401030897242,0.));
#1305=DIRECTION('center_axis',(-0.602761040060545,-0.797921755929195,0.));
#1306=DIRECTION('ref_axis',(-0.797921755929195,0.602761040060545,0.));
#1307=DIRECTION('',(0.,0.,-1.));
#1308=DIRECTION('',(-0.797921755929195,0.602761040060545,0.));
#1309=DIRECTION('center_axis',(0.389639990836697,-0.920967251068559,0.));
#1310=DIRECTION('ref_axis',(-0.920967251068559,-0.389639990836697,0.));
#1311=DIRECTION('',(-0.920967251068559,-0.389639990836697,0.));
#1312=DIRECTION('center_axis',(0.,0.,-1.));
#1313=DIRECTION('ref_axis',(-1.,0.,0.));
#1314=DIRECTION('center_axis',(0.,0.,-1.));
#1315=DIRECTION('ref_axis',(-1.,1.08690987399044E-13,0.));
#1316=DIRECTION('center_axis',(0.,0.,-1.));
#1317=DIRECTION('ref_axis',(-1.,0.,0.));
#1318=DIRECTION('center_axis',(0.,0.,1.));
#1319=DIRECTION('ref_axis',(-1.,0.,0.));
#1320=DIRECTION('center_axis',(0.,0.,-1.));
#1321=DIRECTION('ref_axis',(-1.,0.,0.));
#1322=CARTESIAN_POINT('',(0.,0.,0.));
#1323=CARTESIAN_POINT('Origin',(0.,0.,-16.5));
#1324=CARTESIAN_POINT('',(3.93777287177002,0.00252231534261037,-4.40416352203497));
#1325=CARTESIAN_POINT('',(3.93688585147065,0.00401437545662731,-4.22083647796501));
#1326=CARTESIAN_POINT('',(3.933,-4.81653586104654E-16,-16.5));
#1327=CARTESIAN_POINT('',(-1.74869447533106,3.52286199445091,-4.));
#1328=CARTESIAN_POINT('Ctrl Pts',(3.93777287177002,0.00252231534261037,
-4.40416352203497));
#1329=CARTESIAN_POINT('Ctrl Pts',(3.93868215853633,0.134918438314334,-4.39744282834154));
#1330=CARTESIAN_POINT('Ctrl Pts',(3.93258598082177,0.267224489620669,-4.39072213464812));
#1331=CARTESIAN_POINT('Ctrl Pts',(3.91920908543409,0.398783553157993,-4.38400144095469));
#1332=CARTESIAN_POINT('Ctrl Pts',(3.78749999623787,1.69411583556245,-4.31782940181747));
#1333=CARTESIAN_POINT('Ctrl Pts',(2.94996918135552,2.91703215296714,-4.25165736268025));
#1334=CARTESIAN_POINT('Ctrl Pts',(1.78982990673208,3.5090292873191,-4.18548532354303));
#1335=CARTESIAN_POINT('Ctrl Pts',(0.705843319072432,4.06216714551182,-4.12365688236202));
#1336=CARTESIAN_POINT('Ctrl Pts',(-0.659789088654411,4.06449567015634,-4.06182844118101));
#1337=CARTESIAN_POINT('Ctrl Pts',(-1.75280314162565,3.52819465478438,-4.00000000000001));
#1338=CARTESIAN_POINT('',(1.74869447533117,3.52286199445086,-4.));
#1339=CARTESIAN_POINT('Origin',(0.,0.,-4.));
#1340=CARTESIAN_POINT('Ctrl Pts',(1.74869447533116,3.52286199445086,-4.));
#1341=CARTESIAN_POINT('Ctrl Pts',(2.92045807748189,2.94121657640645,-4.06617203913722));
#1342=CARTESIAN_POINT('Ctrl Pts',(3.76905390478151,1.73398403403148,-4.13234407827444));
#1343=CARTESIAN_POINT('Ctrl Pts',(3.91423286844938,0.442087697741678,-4.19851611741166));
#1344=CARTESIAN_POINT('Ctrl Pts',(3.930556212146,0.29683202581178,-4.20595623759611));
#1345=CARTESIAN_POINT('Ctrl Pts',(3.93798706059067,0.150506046324124,-4.21339635778056));
#1346=CARTESIAN_POINT('Ctrl Pts',(3.93688585147065,0.00401437545662731,
-4.22083647796501));
#1347=CARTESIAN_POINT('Origin',(0.,0.,-16.5));
#1348=CARTESIAN_POINT('',(3.92763020583168,0.00206980892969333,-5.65416352203497));
#1349=CARTESIAN_POINT('',(3.92740565420281,0.00189658640872258,-5.47083647796501));
#1350=CARTESIAN_POINT('',(3.933,-4.81653586104654E-16,-16.5));
#1351=CARTESIAN_POINT('Ctrl Pts',(3.92763020583168,0.00206980892969333,
-5.65416352203497));
#1352=CARTESIAN_POINT('Ctrl Pts',(3.9301175952388,0.524746597776127,-5.62780839649818));
#1353=CARTESIAN_POINT('Ctrl Pts',(3.83316460702659,1.04653718387552,-5.6014532709614));
#1354=CARTESIAN_POINT('Ctrl Pts',(3.6324244733973,1.52475968265814,-5.57509814542462));
#1355=CARTESIAN_POINT('Ctrl Pts',(3.12840926920523,2.72547329191709,-5.5089261062874));
#1356=CARTESIAN_POINT('Ctrl Pts',(1.97011590356971,3.65153200096974,-5.44275406715019));
#1357=CARTESIAN_POINT('Ctrl Pts',(0.687910172026261,3.87893139293895,-5.37658202801297));
#1358=CARTESIAN_POINT('Ctrl Pts',(-0.594295559517193,4.10633078490816,-5.31040998887575));
#1359=CARTESIAN_POINT('Ctrl Pts',(-2.00041365696858,3.63507085979394,-5.24423794973853));
#1360=CARTESIAN_POINT('Ctrl Pts',(-2.88658504748649,2.68088132854954,-5.17806591060131));
#1361=CARTESIAN_POINT('Ctrl Pts',(-3.7727564380044,1.72669179730514,-5.11189387146409));
#1362=CARTESIAN_POINT('Ctrl Pts',(-4.13898112158883,0.289572659930562,-5.04572183232687));
#1363=CARTESIAN_POINT('Ctrl Pts',(-3.81758933572736,-0.972326027877903,
-4.97954979318966));
#1364=CARTESIAN_POINT('Ctrl Pts',(-3.49619754986589,-2.23422471568637,-4.91337775405244));
#1365=CARTESIAN_POINT('Ctrl Pts',(-2.48718929455853,-3.32090295392872,-4.84720571491522));
#1366=CARTESIAN_POINT('Ctrl Pts',(-1.2525395100879,-3.73498607836387,-4.781033675778));
#1367=CARTESIAN_POINT('Ctrl Pts',(-0.0178897256172739,-4.14906920279902,
-4.71486163664078));
#1368=CARTESIAN_POINT('Ctrl Pts',(1.44240158801661,-3.89055721342697,-4.64868959750356));
#1369=CARTESIAN_POINT('Ctrl Pts',(2.45960356307851,-3.07742709503883,-4.58251755836634));
#1370=CARTESIAN_POINT('Ctrl Pts',(3.37349448731177,-2.34688168357282,-4.52306621292255));
#1371=CARTESIAN_POINT('Ctrl Pts',(3.92972930898963,-1.16865554237009,-4.46361486747876));
#1372=CARTESIAN_POINT('Ctrl Pts',(3.93777287177002,0.00252231534261037,
-4.40416352203497));
#1373=CARTESIAN_POINT('Ctrl Pts',(3.93688585147065,0.00401437545662731,
-4.22083647796501));
#1374=CARTESIAN_POINT('Ctrl Pts',(3.92819296436893,-1.15238319976349,-4.27956839691778));
#1375=CARTESIAN_POINT('Ctrl Pts',(3.38782995360092,-2.3191057353747,-4.33830031587054));
#1376=CARTESIAN_POINT('Ctrl Pts',(2.49309852492907,-3.05116649145564,-4.39703223482331));
#1377=CARTESIAN_POINT('Ctrl Pts',(1.4850231177048,-3.87596421415846,-4.46320427396053));
#1378=CARTESIAN_POINT('Ctrl Pts',(0.0271102032201909,-4.14899952935944,
-4.52937631309775));
#1379=CARTESIAN_POINT('Ctrl Pts',(-1.2120822954076,-3.74801817187152,-4.59554835223497));
#1380=CARTESIAN_POINT('Ctrl Pts',(-2.45127479403539,-3.34703681438359,-4.66172039137219));
#1381=CARTESIAN_POINT('Ctrl Pts',(-3.47174687680637,-2.27203878420677,-4.72789243050941));
#1382=CARTESIAN_POINT('Ctrl Pts',(-3.80674580752772,-1.01386178670461,-4.79406446964662));
#1383=CARTESIAN_POINT('Ctrl Pts',(-4.14174473824907,0.244315210797547,-4.86023650878384));
#1384=CARTESIAN_POINT('Ctrl Pts',(-3.7912705169208,1.68567117562504,-4.92640854792106));
#1385=CARTESIAN_POINT('Ctrl Pts',(-2.91553585008578,2.64950165941389,-4.99258058705828));
#1386=CARTESIAN_POINT('Ctrl Pts',(-2.03980118325077,3.61333214320274,-5.0587526261955));
#1387=CARTESIAN_POINT('Ctrl Pts',(-0.638806070909025,4.09963714595295,-5.12492466533272));
#1388=CARTESIAN_POINT('Ctrl Pts',(0.645808493590677,3.88611766865349,-5.19109670446994));
#1389=CARTESIAN_POINT('Ctrl Pts',(1.93042305809038,3.67259819135402,-5.25726874360716));
#1390=CARTESIAN_POINT('Ctrl Pts',(3.09865707474805,2.75925423400486,-5.32344078274437));
#1391=CARTESIAN_POINT('Ctrl Pts',(3.61565957649348,1.56410164388714,-5.38961282188159));
#1392=CARTESIAN_POINT('Ctrl Pts',(3.82719319876839,1.07510022570191,-5.4166873739094));
#1393=CARTESIAN_POINT('Ctrl Pts',(3.92970612953501,0.538922079557546,-5.4437619259372));
#1394=CARTESIAN_POINT('Ctrl Pts',(3.92740565420281,0.00189658640872258,
-5.47083647796501));
#1395=CARTESIAN_POINT('Origin',(0.,0.,-16.5));
#1396=CARTESIAN_POINT('',(3.93028192138437,-0.00332630472004436,-6.90416352203497));
#1397=CARTESIAN_POINT('',(3.93066723379781,-0.00341092791459098,-6.72083647796501));
#1398=CARTESIAN_POINT('',(3.933,-4.81653586104654E-16,-16.5));
#1399=CARTESIAN_POINT('Ctrl Pts',(3.93028192138437,-0.00332630472004436,
-6.90416352203497));
#1400=CARTESIAN_POINT('Ctrl Pts',(3.92297736463066,0.907193424354865,-6.85817396465483));
#1401=CARTESIAN_POINT('Ctrl Pts',(3.6080199707825,1.8222722911286,-6.81218440727469));
#1402=CARTESIAN_POINT('Ctrl Pts',(3.0294866195944,2.51825409021428,-6.76619484989455));
#1403=CARTESIAN_POINT('Ctrl Pts',(2.19706435380542,3.5196669646026,-6.70002281075733));
#1404=CARTESIAN_POINT('Ctrl Pts',(0.818964183345605,4.06748600584266,-6.63385077162012));
#1405=CARTESIAN_POINT('Ctrl Pts',(-0.473795045840878,3.91087066940333,-6.5676787324829));
#1406=CARTESIAN_POINT('Ctrl Pts',(-1.76655427502736,3.75425533296399,-6.50150669334568));
#1407=CARTESIAN_POINT('Ctrl Pts',(-2.97397256294051,2.89320561884528,-6.43533465420846));
#1408=CARTESIAN_POINT('Ctrl Pts',(-3.54318433879429,1.72198688145462,-6.36916261507125));
#1409=CARTESIAN_POINT('Ctrl Pts',(-4.11239611464807,0.550768144063968,-6.30299057593403));
#1410=CARTESIAN_POINT('Ctrl Pts',(-4.04340137844245,-0.930619616598625,
-6.23681853679681));
#1411=CARTESIAN_POINT('Ctrl Pts',(-3.36779258657137,-2.0438608860846,-6.17064649765959));
#1412=CARTESIAN_POINT('Ctrl Pts',(-2.69218379470028,-3.15710215557059,-6.10447445852237));
#1413=CARTESIAN_POINT('Ctrl Pts',(-1.40996094716373,-3.90219693387995,-6.03830241938515));
#1414=CARTESIAN_POINT('Ctrl Pts',(-0.108240879609825,-3.93797752859164,
-5.97213038024793));
#1415=CARTESIAN_POINT('Ctrl Pts',(1.19347918794407,-3.97375812330333,-5.90595834111071));
#1416=CARTESIAN_POINT('Ctrl Pts',(2.5146964755153,-3.30022453441735,-5.8397863019735));
#1417=CARTESIAN_POINT('Ctrl Pts',(3.25043659792663,-2.22577348524173,-5.77361426283628));
#1418=CARTESIAN_POINT('Ctrl Pts',(3.69314474578465,-1.57925684240092,-5.73379734923584));
#1419=CARTESIAN_POINT('Ctrl Pts',(3.92387229661681,-0.787582151308853,-5.6939804356354));
#1420=CARTESIAN_POINT('Ctrl Pts',(3.92763020583168,0.00206980892969333,
-5.65416352203497));
#1421=CARTESIAN_POINT('Ctrl Pts',(3.92740565420281,0.00189658640872258,
-5.47083647796501));
#1422=CARTESIAN_POINT('Ctrl Pts',(3.92408361199307,-0.773604602835312,-5.50993396507442));
#1423=CARTESIAN_POINT('Ctrl Pts',(3.70219085853608,-1.55087279159144,-5.54903145218383));
#1424=CARTESIAN_POINT('Ctrl Pts',(3.2743970453859,-2.1903935290236,-5.58812893929325));
#1425=CARTESIAN_POINT('Ctrl Pts',(2.55036102569966,-3.27277488893034,-5.65430097843047));
#1426=CARTESIAN_POINT('Ctrl Pts',(1.23651799949395,-3.96057638585756,-5.72047301756768));
#1427=CARTESIAN_POINT('Ctrl Pts',(-0.0655161637189798,-3.93891343085346,
-5.7866450567049));
#1428=CARTESIAN_POINT('Ctrl Pts',(-1.3675503269319,-3.91725047584936,-5.85281709584212));
#1429=CARTESIAN_POINT('Ctrl Pts',(-2.65777562715204,-3.18612306891394,-5.91898913497934));
#1430=CARTESIAN_POINT('Ctrl Pts',(-3.34542041170068,-2.08027977421144,-5.98516117411656));
#1431=CARTESIAN_POINT('Ctrl Pts',(-4.03306519624932,-0.974436479508942,
-6.05133321325377));
#1432=CARTESIAN_POINT('Ctrl Pts',(-4.11812946512647,0.506122702960644,-6.117505252391));
#1433=CARTESIAN_POINT('Ctrl Pts',(-3.56165775971419,1.68344935291314,-6.18367729152822));
#1434=CARTESIAN_POINT('Ctrl Pts',(-3.00518605430192,2.86077600286563,-6.24984933066543));
#1435=CARTESIAN_POINT('Ctrl Pts',(-1.80717837460024,3.73487012030104,-6.31602136980265));
#1436=CARTESIAN_POINT('Ctrl Pts',(-0.516193826253479,3.90549985679622,-6.38219340893987));
#1437=CARTESIAN_POINT('Ctrl Pts',(0.774790722093282,4.07612959329139,-6.44836544807709));
#1438=CARTESIAN_POINT('Ctrl Pts',(2.15875213908511,3.54329494884634,-6.51453748721431));
#1439=CARTESIAN_POINT('Ctrl Pts',(3.00198910581375,2.55097191140652,-6.58070952635153));
#1440=CARTESIAN_POINT('Ctrl Pts',(3.59720639686352,1.85051895038105,-6.62741851022269));
#1441=CARTESIAN_POINT('Ctrl Pts',(3.92300494153895,0.921123527526914,-6.67412749409385));
#1442=CARTESIAN_POINT('Ctrl Pts',(3.93066723379781,-0.00341092791459098,
-6.72083647796501));
#1443=CARTESIAN_POINT('Origin',(0.,0.,-16.5));
#1444=CARTESIAN_POINT('',(3.93945304578042,-0.000201664633895926,-8.15416352203497));
#1445=CARTESIAN_POINT('',(3.93946500074353,6.30917310577136E-5,-7.97083647796501));
#1446=CARTESIAN_POINT('',(3.933,-4.81653586104654E-16,-16.5));
#1447=CARTESIAN_POINT('Ctrl Pts',(3.93945304578042,-0.000201664633895926,
-8.15416352203497));
#1448=CARTESIAN_POINT('Ctrl Pts',(3.93849144303915,1.29123613800886,-8.08853953281148));
#1449=CARTESIAN_POINT('Ctrl Pts',(3.2422797332857,2.58356276688682,-8.02291554358798));
#1450=CARTESIAN_POINT('Ctrl Pts',(2.1629069203762,3.29260173180736,-7.95729155436449));
#1451=CARTESIAN_POINT('Ctrl Pts',(1.0745198706915,4.00756214021453,-7.89111951522727));
#1452=CARTESIAN_POINT('Ctrl Pts',(-0.403454842604345,4.12945170624594,-7.82494747609005));
#1453=CARTESIAN_POINT('Ctrl Pts',(-1.59426665763475,3.60245836865117,-7.75877543695284));
#1454=CARTESIAN_POINT('Ctrl Pts',(-2.78507847266516,3.0754650310564,-7.69260339781562));
#1455=CARTESIAN_POINT('Ctrl Pts',(-3.68872738943013,1.89958878983545,-7.6264313586784));
#1456=CARTESIAN_POINT('Ctrl Pts',(-3.89144115912258,0.613252169554983,-7.56025931954118));
#1457=CARTESIAN_POINT('Ctrl Pts',(-4.09415492881502,-0.673084450725471,
-7.49408728040396));
#1458=CARTESIAN_POINT('Ctrl Pts',(-3.59593355143497,-2.06988145006543,-7.42791524126674));
#1459=CARTESIAN_POINT('Ctrl Pts',(-2.6249078655982,-2.93755872422854,-7.36174320212953));
#1460=CARTESIAN_POINT('Ctrl Pts',(-1.65388217976142,-3.80523599839165,-7.29557116299231));
#1461=CARTESIAN_POINT('Ctrl Pts',(-0.210052185467922,-4.1437935473779,-7.22939912385509));
#1462=CARTESIAN_POINT('Ctrl Pts',(1.04546611147785,-3.79820917235153,-7.16322708471787));
#1463=CARTESIAN_POINT('Ctrl Pts',(2.30098440842362,-3.45262479732515,-7.09705504558065));
#1464=CARTESIAN_POINT('Ctrl Pts',(3.36819100802167,-2.42289849828616,-7.03088300644343));
#1465=CARTESIAN_POINT('Ctrl Pts',(3.7584221272616,-1.18053199499837,-6.96471096730622));
#1466=CARTESIAN_POINT('Ctrl Pts',(3.87744267654185,-0.801610027122787,-6.94452848554913));
#1467=CARTESIAN_POINT('Ctrl Pts',(3.93348752047737,-0.402907184997324,-6.92434600379205));
#1468=CARTESIAN_POINT('Ctrl Pts',(3.93028192138437,-0.00332630472004436,
-6.90416352203497));
#1469=CARTESIAN_POINT('Ctrl Pts',(3.93066723379781,-0.00341092791459098,
-6.72083647796501));
#1470=CARTESIAN_POINT('Ctrl Pts',(3.93386001611374,-0.388652988655336,-6.74029953323107));
#1471=CARTESIAN_POINT('Ctrl Pts',(3.8818152553277,-0.773051046567318,-6.75976258849712));
#1472=CARTESIAN_POINT('Ctrl Pts',(3.77100829463194,-1.13968968632044,-6.77922564376318));
#1473=CARTESIAN_POINT('Ctrl Pts',(3.39427800025607,-2.386216816173,-6.8453976829004));
#1474=CARTESIAN_POINT('Ctrl Pts',(2.33830489503889,-3.42745964544355,-6.91156972203762));
#1475=CARTESIAN_POINT('Ctrl Pts',(1.0866094148724,-3.78664405344999,-6.97774176117484));
#1476=CARTESIAN_POINT('Ctrl Pts',(-0.165086065294094,-4.14582846145644,
-7.04391380031206));
#1477=CARTESIAN_POINT('Ctrl Pts',(-1.6125039204099,-3.82295444819879,-7.11008583944927));
#1478=CARTESIAN_POINT('Ctrl Pts',(-2.59288548662559,-2.96586239692968,-7.17625787858649));
#1479=CARTESIAN_POINT('Ctrl Pts',(-3.57326705284128,-2.10877034566058,-7.24242991772371));
#1480=CARTESIAN_POINT('Ctrl Pts',(-4.08661233015686,-0.717460256380003,
-7.30860195686093));
#1481=CARTESIAN_POINT('Ctrl Pts',(-3.89786529133229,0.570999923638987,-7.37477399599815));
#1482=CARTESIAN_POINT('Ctrl Pts',(-3.70911825250772,1.85946010365798,-7.44094603513537));
#1483=CARTESIAN_POINT('Ctrl Pts',(-2.81827889754302,3.04507037441539,-7.50711807427259));
#1484=CARTESIAN_POINT('Ctrl Pts',(-1.63325415017679,3.58495122054747,-7.57329011340981));
#1485=CARTESIAN_POINT('Ctrl Pts',(-0.448229402810552,4.12483206667955,-7.63946215254702));
#1486=CARTESIAN_POINT('Ctrl Pts',(1.03098073695723,4.01898348818628,-7.70563419168424));
#1487=CARTESIAN_POINT('Ctrl Pts',(2.12706004403967,3.31587246357264,-7.77180623082146));
#1488=CARTESIAN_POINT('Ctrl Pts',(3.2231393511221,2.612761438959,-7.83797826995868));
#1489=CARTESIAN_POINT('Ctrl Pts',(3.93608782551921,1.31238796822501,-7.9041503090959));
#1490=CARTESIAN_POINT('Ctrl Pts',(3.93945312647576,0.0101807368691442,-7.97032234823312));
#1491=CARTESIAN_POINT('Ctrl Pts',(3.93946184214732,0.00680819733203714,
-7.97049372481041));
#1492=CARTESIAN_POINT('Ctrl Pts',(3.93946579836413,0.00343564549517302,
-7.97066510138771));
#1493=CARTESIAN_POINT('Ctrl Pts',(3.93946500074353,6.30917310577136E-5,
-7.97083647796501));
#1494=CARTESIAN_POINT('Origin',(0.,0.,-16.5));
#1495=CARTESIAN_POINT('',(3.93087328900548,0.00344942133900961,-9.40416352203497));
#1496=CARTESIAN_POINT('',(3.93048229068377,0.00337251348886148,-9.220836477965));
#1497=CARTESIAN_POINT('',(3.933,-4.81653586104654E-16,-16.5));
#1498=CARTESIAN_POINT('Ctrl Pts',(3.93087328900548,0.00344942133900961,
-9.40416352203497));
#1499=CARTESIAN_POINT('Ctrl Pts',(3.93405186921053,0.38118539615531,-9.38507714010534));
#1500=CARTESIAN_POINT('Ctrl Pts',(3.88403913759374,0.758097029621896,-9.36599075817571));
#1501=CARTESIAN_POINT('Ctrl Pts',(3.7774206106006,1.11825132724529,-9.34690437624608));
#1502=CARTESIAN_POINT('Ctrl Pts',(3.40777667457568,2.3668978421082,-9.28073233710886));
#1503=CARTESIAN_POINT('Ctrl Pts',(2.35773523283778,3.41412241007864,-9.21456029797165));
#1504=CARTESIAN_POINT('Ctrl Pts',(1.10810027462985,3.78041086152163,-9.14838825883443));
#1505=CARTESIAN_POINT('Ctrl Pts',(-0.141534683578085,4.14669931296461,-9.08221621969721));
#1506=CARTESIAN_POINT('Ctrl Pts',(-1.59076315825606,3.83205164788014,-9.01604418055999));
#1507=CARTESIAN_POINT('Ctrl Pts',(-2.57599721451982,2.98054203972982,-8.94987214142277));
#1508=CARTESIAN_POINT('Ctrl Pts',(-3.56123127078358,2.12903243157951,-8.88370010228556));
#1509=CARTESIAN_POINT('Ctrl Pts',(-4.08247090863314,0.740660880363344,-8.81752806314834));
#1510=CARTESIAN_POINT('Ctrl Pts',(-3.90104545532268,-0.548850485883084,
-8.75135602401112));
#1511=CARTESIAN_POINT('Ctrl Pts',(-3.71962000201222,-1.83836185212952,-8.6851839848739));
#1512=CARTESIAN_POINT('Ctrl Pts',(-2.83552945754176,-3.02901303340622,-8.61901194573668));
#1513=CARTESIAN_POINT('Ctrl Pts',(-1.65359047380252,-3.57561617723194,-8.55283990659946));
#1514=CARTESIAN_POINT('Ctrl Pts',(-0.471651490063295,-4.12221932105764,
-8.48666786746224));
#1515=CARTESIAN_POINT('Ctrl Pts',(1.00813593294469,-4.02477442743237,-8.42049582832502));
#1516=CARTESIAN_POINT('Ctrl Pts',(2.10819120882457,-3.32790058801283,-8.3543237891878));
#1517=CARTESIAN_POINT('Ctrl Pts',(3.20824648470445,-2.63102674859329,-8.28815175005059));
#1518=CARTESIAN_POINT('Ctrl Pts',(3.92856961345622,-1.33472396337947,-8.22197971091337));
#1519=CARTESIAN_POINT('Ctrl Pts',(3.93933148479534,-0.032556945381107,-8.15580767177615));
#1520=CARTESIAN_POINT('Ctrl Pts',(3.93942061674194,-0.0217721406331038,
-8.15525962186242));
#1521=CARTESIAN_POINT('Ctrl Pts',(3.9394610764763,-0.0109869336292279,-8.1547115719487));
#1522=CARTESIAN_POINT('Ctrl Pts',(3.93945304578042,-0.000201664633895926,
-8.15416352203497));
#1523=CARTESIAN_POINT('Ctrl Pts',(3.93946500074353,6.30917310577136E-5,
-7.97083647796501));
#1524=CARTESIAN_POINT('Ctrl Pts',(3.93915782056249,-1.29877707920272,-8.03683714052493));
#1525=CARTESIAN_POINT('Ctrl Pts',(3.23377130836519,-2.5979030960511,-8.10283780308485));
#1526=CARTESIAN_POINT('Ctrl Pts',(2.14416996390788,-3.30483429301573,-8.16883846564477));
#1527=CARTESIAN_POINT('Ctrl Pts',(1.05173937286746,-4.013601099567,-8.23501050478199));
#1528=CARTESIAN_POINT('Ctrl Pts',(-0.426903936729369,-4.12709372069182,
-8.30118254391921));
#1529=CARTESIAN_POINT('Ctrl Pts',(-1.61470326093518,-3.59334495343251,-8.36735458305643));
#1530=CARTESIAN_POINT('Ctrl Pts',(-2.80250258514099,-3.0595961861732,-8.43352662219364));
#1531=CARTESIAN_POINT('Ctrl Pts',(-3.69945792395577,-1.87860603052976,-8.49969866133086));
#1532=CARTESIAN_POINT('Ctrl Pts',(-3.89486195653409,-0.591138652189237,
-8.56587070046808));
#1533=CARTESIAN_POINT('Ctrl Pts',(-4.0902659891124,0.696328726151289,-8.6320427396053));
#1534=CARTESIAN_POINT('Ctrl Pts',(-3.58411871545425,2.09027332718889,-8.69821477874251));
#1535=CARTESIAN_POINT('Ctrl Pts',(-2.60818015931859,2.95242117896433,-8.76438681787974));
#1536=CARTESIAN_POINT('Ctrl Pts',(-1.63224160318292,3.81456903073976,-8.83055885701696));
#1537=CARTESIAN_POINT('Ctrl Pts',(-0.186511764569739,4.14492013325303,-8.89673089615418));
#1538=CARTESIAN_POINT('Ctrl Pts',(1.06702341435364,3.7922098570522,-8.96290293529139));
#1539=CARTESIAN_POINT('Ctrl Pts',(2.32055859327701,3.43949958085137,-9.02907497442861));
#1540=CARTESIAN_POINT('Ctrl Pts',(3.38189911251058,2.40372792593644,-9.09524701356583));
#1541=CARTESIAN_POINT('Ctrl Pts',(3.76506724241107,1.15916488268535,-9.16141905270305));
#1542=CARTESIAN_POINT('Ctrl Pts',(3.87975245798939,0.786657438099283,-9.1812248611237));
#1543=CARTESIAN_POINT('Ctrl Pts',(3.93368348622426,0.395445381939237,-9.20103066954435));
#1544=CARTESIAN_POINT('Ctrl Pts',(3.93048229068377,0.00337251348886148,
-9.220836477965));
#1545=CARTESIAN_POINT('Origin',(0.,0.,-16.5));
#1546=CARTESIAN_POINT('',(3.92731234283687,-0.00176130461179064,-10.654163522035));
#1547=CARTESIAN_POINT('',(3.92751594736438,-0.0019630342835718,-10.470836477965));
#1548=CARTESIAN_POINT('',(3.933,-4.81653586104654E-16,-16.5));
#1549=CARTESIAN_POINT('Ctrl Pts',(3.92731234283687,-0.00176130461179064,
-10.654163522035));
#1550=CARTESIAN_POINT('Ctrl Pts',(3.92421054074761,0.766306880059513,-10.615442708262));
#1551=CARTESIAN_POINT('Ctrl Pts',(3.70685079779949,1.53599620063357,-10.576721894489));
#1552=CARTESIAN_POINT('Ctrl Pts',(3.28677978655399,2.17174380049514,-10.538001080716));
#1553=CARTESIAN_POINT('Ctrl Pts',(2.56889829884767,3.25820637605148,-10.4718290415788));
#1554=CARTESIAN_POINT('Ctrl Pts',(1.25899463540272,3.95348956831841,-10.4056570024416));
#1555=CARTESIAN_POINT('Ctrl Pts',(-0.0431387747937979,3.93922981639877,
-10.3394849633044));
#1556=CARTESIAN_POINT('Ctrl Pts',(-1.3452721849903,3.92497006447912,-10.2733129241671));
#1557=CARTESIAN_POINT('Ctrl Pts',(-2.63963534193837,3.20116736837292,-10.2071408850299));
#1558=CARTESIAN_POINT('Ctrl Pts',(-3.3335516667714,2.09924409853835,-10.1409688458927));
#1559=CARTESIAN_POINT('Ctrl Pts',(-4.02746799160444,0.997320828703769,-10.0747968067555));
#1560=CARTESIAN_POINT('Ctrl Pts',(-4.12093748432244,-0.482723014859174,
-10.0086247676183));
#1561=CARTESIAN_POINT('Ctrl Pts',(-3.57116135319718,-1.6631894329017,-9.94245272848105));
#1562=CARTESIAN_POINT('Ctrl Pts',(-3.02138522207192,-2.84365585094422,-9.87628068934383));
#1563=CARTESIAN_POINT('Ctrl Pts',(-1.8283634671034,-3.72454484346632,-9.81010865020661));
#1564=CARTESIAN_POINT('Ctrl Pts',(-0.5383694030551,-3.90250571891737,-9.74393661106939));
#1565=CARTESIAN_POINT('Ctrl Pts',(0.751624660993213,-4.08046659436841,-9.67776457193217));
#1566=CARTESIAN_POINT('Ctrl Pts',(2.13859103412132,-3.5554993527484,-9.61159253279496));
#1567=CARTESIAN_POINT('Ctrl Pts',(2.9874510055294,-2.5679815010607,-9.54542049365774));
#1568=CARTESIAN_POINT('Ctrl Pts',(3.59146941197571,-1.86529910442907,-9.49833483645015));
#1569=CARTESIAN_POINT('Ctrl Pts',(3.92303180608359,-0.928416381763554,-9.45124917924256));
#1570=CARTESIAN_POINT('Ctrl Pts',(3.93087328900548,0.00344942133900961,
-9.40416352203497));
#1571=CARTESIAN_POINT('Ctrl Pts',(3.93048229068377,0.00337251348886148,
-9.220836477965));
#1572=CARTESIAN_POINT('Ctrl Pts',(3.92298815725348,-0.914486565533691,-9.26720270868157));
#1573=CARTESIAN_POINT('Ctrl Pts',(3.60238213020316,-1.83706330734732,-9.31356893939814));
#1574=CARTESIAN_POINT('Ctrl Pts',(3.01513410887846,-2.53542124114928,-9.3599351701147));
#1575=CARTESIAN_POINT('Ctrl Pts',(2.17703710487792,-3.53208989014554,-9.42610720925193));
#1576=CARTESIAN_POINT('Ctrl Pts',(0.795847356309418,-4.07207275655082,-9.49227924838915));
#1577=CARTESIAN_POINT('Ctrl Pts',(-0.496001487547818,-3.90811682139542,
-9.55845128752637));
#1578=CARTESIAN_POINT('Ctrl Pts',(-1.78785033140505,-3.74416088624002,-9.62462332666358));
#1579=CARTESIAN_POINT('Ctrl Pts',(-2.99035827055102,-2.87626614952396,-9.6907953658008));
#1580=CARTESIAN_POINT('Ctrl Pts',(-3.55290835667082,-1.70183335675225,-9.75696740493802));
#1581=CARTESIAN_POINT('Ctrl Pts',(-4.11545844279062,-0.527400563980548,
-9.82313944407523));
#1582=CARTESIAN_POINT('Ctrl Pts',(-4.03805067588426,0.953570284846803,-9.88931148321246));
#1583=CARTESIAN_POINT('Ctrl Pts',(-3.35612933621474,2.06295672363905,-9.95548352234967));
#1584=CARTESIAN_POINT('Ctrl Pts',(-2.67420799654521,3.17234316243129,-10.0216555614869));
#1585=CARTESIAN_POINT('Ctrl Pts',(-1.38777308411254,3.91014519118844,-10.0878276006241));
#1586=CARTESIAN_POINT('Ctrl Pts',(-0.0858709100145118,3.93853027815217,
-10.1539996397613));
#1587=CARTESIAN_POINT('Ctrl Pts',(1.21603126408353,3.9669153651159,-10.2201716788985));
#1588=CARTESIAN_POINT('Ctrl Pts',(2.53340069984694,3.28588351028619,-10.2863437180358));
#1589=CARTESIAN_POINT('Ctrl Pts',(3.2630264621454,2.20727272270639,-10.352515757173));
#1590=CARTESIAN_POINT('Ctrl Pts',(3.69790221545546,1.56439290264701,-10.391955997437));
#1591=CARTESIAN_POINT('Ctrl Pts',(3.9239839607831,0.78027447363948,-10.431396237701));
#1592=CARTESIAN_POINT('Ctrl Pts',(3.92751594736438,-0.0019630342835718,
-10.470836477965));
#1593=CARTESIAN_POINT('Origin',(0.,0.,-16.5));
#1594=CARTESIAN_POINT('',(3.9373178724471,-0.00255157891038915,-11.904163522035));
#1595=CARTESIAN_POINT('',(3.93765600320109,-0.00236471702650639,-11.720836477965));
#1596=CARTESIAN_POINT('',(3.933,-4.81653586104654E-16,-16.5));
#1597=CARTESIAN_POINT('Ctrl Pts',(3.9373178724471,-0.00255157891038915,
-11.904163522035));
#1598=CARTESIAN_POINT('Ctrl Pts',(3.92866249837248,1.14749239360378,-11.8458082764186));
#1599=CARTESIAN_POINT('Ctrl Pts',(3.39519346487527,2.30452560558516,-11.7874530308023));
#1600=CARTESIAN_POINT('Ctrl Pts',(2.51010701998521,3.03624031468377,-11.729097785186));
#1601=CARTESIAN_POINT('Ctrl Pts',(1.5064616021226,3.86596956792153,-11.6629257460487));
#1602=CARTESIAN_POINT('Ctrl Pts',(0.0506900560090973,4.14880437921424,-11.5967537069115));
#1603=CARTESIAN_POINT('Ctrl Pts',(-1.19062367324546,3.7552373785152,-11.5305816677743));
#1604=CARTESIAN_POINT('Ctrl Pts',(-2.43193740250003,3.36167037781616,-11.4644096286371));
#1605=CARTESIAN_POINT('Ctrl Pts',(-3.45879331489565,2.29170156512537,-11.3982375894999));
#1606=CARTESIAN_POINT('Ctrl Pts',(-3.80100385458169,1.03525948329157,-11.3320655503626));
#1607=CARTESIAN_POINT('Ctrl Pts',(-4.14321439426773,-0.221182598542218,
-11.2658935112254));
#1608=CARTESIAN_POINT('Ctrl Pts',(-3.8007795612442,-1.66409794951901,-11.1997214720882));
#1609=CARTESIAN_POINT('Ctrl Pts',(-2.93049700865193,-2.63278935400688,-11.133549432951));
#1610=CARTESIAN_POINT('Ctrl Pts',(-2.06021445605965,-3.60148075849476,-11.0673773938138));
#1611=CARTESIAN_POINT('Ctrl Pts',(-0.662084183898631,-4.09594821649371,
-11.0012053546765));
#1612=CARTESIAN_POINT('Ctrl Pts',(0.623703253837428,-3.88977978186986,-10.9350333155393));
#1613=CARTESIAN_POINT('Ctrl Pts',(1.90949069157349,-3.683611347246,-10.8688612764021));
#1614=CARTESIAN_POINT('Ctrl Pts',(3.08293529488458,-2.77680701999934,-10.8026892372649));
#1615=CARTESIAN_POINT('Ctrl Pts',(3.60672794055628,-1.58458387695313,-10.7365171981277));
#1616=CARTESIAN_POINT('Ctrl Pts',(3.82402137971789,-1.08999452152536,-10.7090659727634));
#1617=CARTESIAN_POINT('Ctrl Pts',(3.92951137379439,-0.546285315809673,-10.6816147473992));
#1618=CARTESIAN_POINT('Ctrl Pts',(3.92731234283687,-0.00176130461179064,
-10.654163522035));
#1619=CARTESIAN_POINT('Ctrl Pts',(3.92751594736438,-0.0019630342835718,
-10.470836477965));
#1620=CARTESIAN_POINT('Ctrl Pts',(3.92990985658709,-0.532147830139479,-10.4975682768382));
#1621=CARTESIAN_POINT('Ctrl Pts',(3.83006763764878,-1.06146855815664,-10.5243000757114));
#1622=CARTESIAN_POINT('Ctrl Pts',(3.62370626961405,-1.5453632054058,-10.5510318745846));
#1623=CARTESIAN_POINT('Ctrl Pts',(3.11287822595072,-2.74319862560833,-10.6172039137219));
#1624=CARTESIAN_POINT('Ctrl Pts',(1.94934004979053,-3.6626797456835,-10.6833759528591));
#1625=CARTESIAN_POINT('Ctrl Pts',(0.665864805574084,-3.88278490593713,-10.7495479919963));
#1626=CARTESIAN_POINT('Ctrl Pts',(-0.617610438642341,-4.10289006619076,
-10.8157200311335));
#1627=CARTESIAN_POINT('Ctrl Pts',(-2.02102275091501,-3.62361926662288,-10.8818920702707));
#1628=CARTESIAN_POINT('Ctrl Pts',(-2.90176298131984,-2.66442604800931,-10.9480641094079));
#1629=CARTESIAN_POINT('Ctrl Pts',(-3.78250321172469,-1.70523282939571,-11.0142361485452));
#1630=CARTESIAN_POINT('Ctrl Pts',(-4.14057136026167,-0.266117191736416,
-11.0804081876824));
#1631=CARTESIAN_POINT('Ctrl Pts',(-3.81201142730536,0.993963501926667,-11.1465802268196));
#1632=CARTESIAN_POINT('Ctrl Pts',(-3.48345149434905,2.25404419558973,-11.2127522659568));
#1633=CARTESIAN_POINT('Ctrl Pts',(-2.46826347989946,3.33508994525658,-11.278924305094));
#1634=CARTESIAN_POINT('Ctrl Pts',(-1.23129232031099,3.74210018398944,-11.3450963442313));
#1635=CARTESIAN_POINT('Ctrl Pts',(0.00567883927748203,4.14911042272231,
-11.4112683833685));
#1636=CARTESIAN_POINT('Ctrl Pts',(1.46443314400484,3.88208515052117,-11.4774404225057));
#1637=CARTESIAN_POINT('Ctrl Pts',(2.47702087196088,3.06329269984763,-11.5436124616429));
#1638=CARTESIAN_POINT('Ctrl Pts',(3.38100220288072,2.33232088489085,-11.6026871337503));
#1639=CARTESIAN_POINT('Ctrl Pts',(3.92939263490775,1.16159540574799,-11.6617618058576));
#1640=CARTESIAN_POINT('Ctrl Pts',(3.93765600320109,-0.00236471702650639,
-11.720836477965));
#1641=CARTESIAN_POINT('Origin',(0.,0.,-16.5));
#1642=CARTESIAN_POINT('',(3.93515181650354,0.00332570097001633,-13.154163522035));
#1643=CARTESIAN_POINT('',(3.9347288146376,0.00341324737898064,-12.970836477965));
#1644=CARTESIAN_POINT('',(3.933,-4.81653586104654E-16,-16.5));
#1645=CARTESIAN_POINT('Ctrl Pts',(3.93515181650354,0.00332570097001633,
-13.154163522035));
#1646=CARTESIAN_POINT('Ctrl Pts',(3.93725426357151,0.236557089720626,-13.1423458837125));
#1647=CARTESIAN_POINT('Ctrl Pts',(3.91830276309495,0.469447311283744,-13.13052824539));
#1648=CARTESIAN_POINT('Ctrl Pts',(3.87707797855375,0.698325746699685,-13.1187106070676));
#1649=CARTESIAN_POINT('Ctrl Pts',(3.64624268120884,1.97991453565454,-13.0525385679303));
#1650=CARTESIAN_POINT('Ctrl Pts',(2.71705936865434,3.13571931874855,-12.9863665287931));
#1651=CARTESIAN_POINT('Ctrl Pts',(1.5149922422386,3.63650807867203,-12.9201944896559));
#1652=CARTESIAN_POINT('Ctrl Pts',(0.312925115822843,4.13729683859552,-12.8540224505187));
#1653=CARTESIAN_POINT('Ctrl Pts',(-1.16202582445414,3.9830695753485,-12.7878504113814));
#1654=CARTESIAN_POINT('Ctrl Pts',(-2.23449457131049,3.24444548591497,-12.7216783722442));
#1655=CARTESIAN_POINT('Ctrl Pts',(-3.30696331816682,2.50582139648145,-12.655506333107));
#1656=CARTESIAN_POINT('Ctrl Pts',(-3.97694987160249,1.18280048086145,-12.5893342939698));
#1657=CARTESIAN_POINT('Ctrl Pts',(-3.93767376104713,-0.118818566945827,
-12.5231622548326));
#1658=CARTESIAN_POINT('Ctrl Pts',(-3.89839765049176,-1.42043761475311,-12.4569902156954));
#1659=CARTESIAN_POINT('Ctrl Pts',(-3.14985887594534,-2.70065479474765,-12.3908181765581));
#1660=CARTESIAN_POINT('Ctrl Pts',(-2.03480622291404,-3.37327083636645,-12.3246461374209));
#1661=CARTESIAN_POINT('Ctrl Pts',(-0.91975356988271,-4.04588687798525,-12.2584740982837));
#1662=CARTESIAN_POINT('Ctrl Pts',(0.56181296163352,-4.11090178122828,-12.1923020591465));
#1663=CARTESIAN_POINT('Ctrl Pts',(1.73149814804522,-3.53854584025784,-12.1261300200093));
#1664=CARTESIAN_POINT('Ctrl Pts',(2.90118333445691,-2.96618989928741,-12.059957980872));
#1665=CARTESIAN_POINT('Ctrl Pts',(3.75898717576409,-1.75646311410353,-11.9937859417348));
#1666=CARTESIAN_POINT('Ctrl Pts',(3.91212945161182,-0.463287873920183,-11.9276139025976));
#1667=CARTESIAN_POINT('Ctrl Pts',(3.93021989532834,-0.310527221979786,-11.9197971090767));
#1668=CARTESIAN_POINT('Ctrl Pts',(3.93847727587815,-0.156602104756486,-11.9119803155558));
#1669=CARTESIAN_POINT('Ctrl Pts',(3.9373178724471,-0.00255157891038915,
-11.904163522035));
#1670=CARTESIAN_POINT('Ctrl Pts',(3.93765600320109,-0.00236471702650639,
-11.720836477965));
#1671=CARTESIAN_POINT('Ctrl Pts',(3.93864878328075,-0.142205564292356,-11.7279338449949));
#1672=CARTESIAN_POINT('Ctrl Pts',(3.93184527617364,-0.281948759237649,-11.7350312120247));
#1673=CARTESIAN_POINT('Ctrl Pts',(3.91692546762401,-0.420819968808671,-11.7421285790546));
#1674=CARTESIAN_POINT('Ctrl Pts',(3.77782118414639,-1.71558055764553,-11.8083006181918));
#1675=CARTESIAN_POINT('Ctrl Pts',(2.93319146600641,-2.93454210617331,-11.874472657329));
#1676=CARTESIAN_POINT('Ctrl Pts',(1.76978422785991,-3.51955371487469,-11.9406446964662));
#1677=CARTESIAN_POINT('Ctrl Pts',(0.606376989713422,-4.10456532357607,-12.0068167356035));
#1678=CARTESIAN_POINT('Ctrl Pts',(-0.875807768439596,-4.05562699245107,
-12.0729887747407));
#1679=CARTESIAN_POINT('Ctrl Pts',(-1.99809174291266,-3.39514711786898,-12.1391608138779));
#1680=CARTESIAN_POINT('Ctrl Pts',(-3.12037571738574,-2.73466724328689,-12.2053328530151));
#1681=CARTESIAN_POINT('Ctrl Pts',(-3.88275890817887,-1.46264582524769,-12.2715048921523));
#1682=CARTESIAN_POINT('Ctrl Pts',(-3.93615330326089,-0.161529372865007,
-12.3376769312895));
#1683=CARTESIAN_POINT('Ctrl Pts',(-3.98954769834291,1.13958707951765,-12.4038489704268));
#1684=CARTESIAN_POINT('Ctrl Pts',(-3.33395329771384,2.46979856624379,-12.470021009564));
#1685=CARTESIAN_POINT('Ctrl Pts',(-2.2695605420578,3.22001389919425,-12.5361930487012));
#1686=CARTESIAN_POINT('Ctrl Pts',(-1.20516778640176,3.97022923214471,-12.6023650878384));
#1687=CARTESIAN_POINT('Ctrl Pts',(0.268023324281265,4.14044841131949,-12.6685371269756));
#1688=CARTESIAN_POINT('Ctrl Pts',(1.47545259194265,3.65272969353052,-12.7347091661129));
#1689=CARTESIAN_POINT('Ctrl Pts',(2.68288185960405,3.16501097574154,-12.8008812052501));
#1690=CARTESIAN_POINT('Ctrl Pts',(3.6245492842438,2.01935436098884,-12.8670532443873));
#1691=CARTESIAN_POINT('Ctrl Pts',(3.86927430832628,0.740345116817839,-12.9332252835245));
#1692=CARTESIAN_POINT('Ctrl Pts',(3.91564031923378,0.498021893893017,-12.945762348338));
#1693=CARTESIAN_POINT('Ctrl Pts',(3.93698907872165,0.250911881909364,-12.9582994131515));
#1694=CARTESIAN_POINT('Ctrl Pts',(3.9347288146376,0.00341324737898064,-12.970836477965));
#1695=CARTESIAN_POINT('Origin',(0.,0.,-16.5));
#1696=CARTESIAN_POINT('',(3.92661324007915,0.000531026058225581,-14.404163522035));
#1697=CARTESIAN_POINT('',(3.92656872627282,0.000297938286476352,-14.220836477965));
#1698=CARTESIAN_POINT('',(3.933,-4.81653586104654E-16,-16.5));
#1699=CARTESIAN_POINT('Ctrl Pts',(3.92661324007915,0.000531026058225581,
-14.404163522035));
#1700=CARTESIAN_POINT('Ctrl Pts',(3.92736520327223,0.624693463037681,-14.3727114518691));
#1701=CARTESIAN_POINT('Ctrl Pts',(3.78730089183089,1.2485370417427,-14.3412593817033));
#1702=CARTESIAN_POINT('Ctrl Pts',(3.50462387509556,1.7991675837454,-14.3098073115375));
#1703=CARTESIAN_POINT('Ctrl Pts',(2.90989944150569,2.95763968378335,-14.2436352724003));
#1704=CARTESIAN_POINT('Ctrl Pts',(1.68391426444682,3.79204166759251,-14.177463233263));
#1705=CARTESIAN_POINT('Ctrl Pts',(0.38803529613878,3.920308802791,-14.1112911941258));
#1706=CARTESIAN_POINT('Ctrl Pts',(-0.90784367216924,4.04857593798949,-14.0451191549886));
#1707=CARTESIAN_POINT('Ctrl Pts',(-2.27361643172643,3.47070822457733,-13.9789471158514));
#1708=CARTESIAN_POINT('Ctrl Pts',(-3.08390862580787,2.45130579242123,-13.9127750767142));
#1709=CARTESIAN_POINT('Ctrl Pts',(-3.89420081988933,1.43190336026512,-13.8466030375769));
#1710=CARTESIAN_POINT('Ctrl Pts',(-4.14901244849501,-0.0290337906349376,
-13.7804309984397));
#1711=CARTESIAN_POINT('Ctrl Pts',(-3.73166769040196,-1.26255643386748,-13.7142589593025));
#1712=CARTESIAN_POINT('Ctrl Pts',(-3.31432293230892,-2.49607907710001,-13.6480869201653));
#1713=CARTESIAN_POINT('Ctrl Pts',(-2.22482178751713,-3.50218721266501,-13.5819148810281));
#1714=CARTESIAN_POINT('Ctrl Pts',(-0.962036467972123,-3.82019349439028,
-13.5157428418909));
#1715=CARTESIAN_POINT('Ctrl Pts',(0.300748851572871,-4.13819977611555,-13.4495708027536));
#1716=CARTESIAN_POINT('Ctrl Pts',(1.73681834587109,-3.7681042040011,-13.3833987636164));
#1717=CARTESIAN_POINT('Ctrl Pts',(2.68860945195253,-2.87937002053602,-13.3172267244792));
#1718=CARTESIAN_POINT('Ctrl Pts',(3.47042056048705,-2.14935452372395,-13.2628723236645));
#1719=CARTESIAN_POINT('Ctrl Pts',(3.92548175828155,-1.06940575694054,-13.2085179228497));
#1720=CARTESIAN_POINT('Ctrl Pts',(3.93515181650354,0.00332570097001633,
-13.154163522035));
#1721=CARTESIAN_POINT('Ctrl Pts',(3.9347288146376,0.00341324737898064,-12.970836477965));
#1722=CARTESIAN_POINT('Ctrl Pts',(3.9250591504924,-1.0554137672104,-13.0244714522887));
#1723=CARTESIAN_POINT('Ctrl Pts',(3.48329130565071,-2.12135344763738,-13.0781064266124));
#1724=CARTESIAN_POINT('Ctrl Pts',(2.71968821454634,-2.85003343501924,-13.1317414009362));
#1725=CARTESIAN_POINT('Ctrl Pts',(1.77759447315874,-3.74904086909603,-13.1979134400734));
#1726=CARTESIAN_POINT('Ctrl Pts',(0.345624366858364,-4.13469386366036,-13.2640854792106));
#1727=CARTESIAN_POINT('Ctrl Pts',(-0.920536612159699,-3.83040558045011,
-13.3302575183478));
#1728=CARTESIAN_POINT('Ctrl Pts',(-2.18669759117776,-3.52611729723987,-13.396429557485));
#1729=CARTESIAN_POINT('Ctrl Pts',(-3.28704944291352,-2.53188773625506,-13.4626015966223));
#1730=CARTESIAN_POINT('Ctrl Pts',(-3.71775151991297,-1.30296515734483,-13.5287736357595));
#1731=CARTESIAN_POINT('Ctrl Pts',(-4.14845359691242,-0.0740425784345894,
-13.5949456748967));
#1732=CARTESIAN_POINT('Ctrl Pts',(-3.90950589917558,1.38957301840106,-13.6611177140339));
#1733=CARTESIAN_POINT('Ctrl Pts',(-3.11032030486254,2.41770597183148,-13.7272897531711));
#1734=CARTESIAN_POINT('Ctrl Pts',(-2.31113471054951,3.4458389252619,-13.7934617923083));
#1735=CARTESIAN_POINT('Ctrl Pts',(-0.951711219660281,4.03848923528708,-13.8596338314456));
#1736=CARTESIAN_POINT('Ctrl Pts',(0.345483080815323,3.9242879616486,-13.9258058705828));
#1737=CARTESIAN_POINT('Ctrl Pts',(1.64267738129093,3.81008668801013,-13.99197790972));
#1738=CARTESIAN_POINT('Ctrl Pts',(2.87764249135292,2.98903383070802,-14.0581499488572));
#1739=CARTESIAN_POINT('Ctrl Pts',(3.48489963286755,1.8370816840602,-14.1243219879944));
#1740=CARTESIAN_POINT('Ctrl Pts',(3.78013567746907,1.27702603037409,-14.1564934846513));
#1741=CARTESIAN_POINT('Ctrl Pts',(3.92700000025471,0.63875550644903,-14.1886649813082));
#1742=CARTESIAN_POINT('Ctrl Pts',(3.92656872627282,0.000297938286476352,
-14.220836477965));
#1743=CARTESIAN_POINT('Origin',(0.,0.,-16.5));
#1744=CARTESIAN_POINT('',(3.93320152324205,-0.00358974951768676,-15.654163522035));
#1745=CARTESIAN_POINT('',(3.93363434833849,-0.00356115561932119,-15.470836477965));
#1746=CARTESIAN_POINT('',(3.933,-4.81653586104654E-16,-16.5));
#1747=CARTESIAN_POINT('Ctrl Pts',(3.93320152324205,-0.00358974951768676,
-15.654163522035));
#1748=CARTESIAN_POINT('Ctrl Pts',(3.92389671741018,1.00593303434275,-15.6030770200258));
#1749=CARTESIAN_POINT('Ctrl Pts',(3.52729721773368,2.02194864537811,-15.5519905180166));
#1750=CARTESIAN_POINT('Ctrl Pts',(2.82717995183978,2.74343689925708,-15.5009040160074));
#1751=CARTESIAN_POINT('Ctrl Pts',(1.92032226346164,3.67797629998058,-15.4347319768702));
#1752=CARTESIAN_POINT('Ctrl Pts',(0.504226556418677,4.11836166922812,-15.368559937733));
#1753=CARTESIAN_POINT('Ctrl Pts',(-0.772690413532405,3.86294473493023,-15.3023878985958));
#1754=CARTESIAN_POINT('Ctrl Pts',(-2.04960738348343,3.60752780063236,-15.2362158594585));
#1755=CARTESIAN_POINT('Ctrl Pts',(-3.1873456163426,2.65630856278911,-15.1700438203213));
#1756=CARTESIAN_POINT('Ctrl Pts',(-3.6649455963217,1.44484126335465,-15.1038717811841));
#1757=CARTESIAN_POINT('Ctrl Pts',(-4.14254557630081,0.233373963920177,-15.0376997420469));
#1758=CARTESIAN_POINT('Ctrl Pts',(-3.96000730339983,-1.2383413971055,-14.9715277029097));
#1759=CARTESIAN_POINT('Ctrl Pts',(-3.20091331665706,-2.29642035340606,-14.9053556637725));
#1760=CARTESIAN_POINT('Ctrl Pts',(-2.44181932991428,-3.35449930970662,-14.8391836246352));
#1761=CARTESIAN_POINT('Ctrl Pts',(-1.10616962932969,-3.99894186128204,-14.773011585498));
#1762=CARTESIAN_POINT('Ctrl Pts',(0.194454490574656,-3.93466389306449,-14.7068395463608));
#1763=CARTESIAN_POINT('Ctrl Pts',(1.49507861047898,-3.87038592484695,-14.6406675072236));
#1764=CARTESIAN_POINT('Ctrl Pts',(2.76067714970308,-3.09738743683647,-14.5744954680864));
#1765=CARTESIAN_POINT('Ctrl Pts',(3.41174457425469,-1.96961708469787,-14.5083234289491));
#1766=CARTESIAN_POINT('Ctrl Pts',(3.75335473276648,-1.37788450181786,-14.4736034599778));
#1767=CARTESIAN_POINT('Ctrl Pts',(3.92578314722379,-0.688482457975507,-14.4388834910064));
#1768=CARTESIAN_POINT('Ctrl Pts',(3.92661324007915,0.000531026058225581,
-14.404163522035));
#1769=CARTESIAN_POINT('Ctrl Pts',(3.92656872627282,0.000297938286476352,
-14.220836477965));
#1770=CARTESIAN_POINT('Ctrl Pts',(3.92611293307494,-0.674457852522954,-14.2548370204454));
#1771=CARTESIAN_POINT('Ctrl Pts',(3.76113705445657,-1.34942256019485,-14.2888375629257));
#1772=CARTESIAN_POINT('Ctrl Pts',(3.43291139095969,-1.93248905479152,-14.3228381054061));
#1773=CARTESIAN_POINT('Ctrl Pts',(2.79411683456992,-3.06725621100192,-14.3890101445433));
#1774=CARTESIAN_POINT('Ctrl Pts',(1.53697854882308,-3.85393908742919,-14.4551821836805));
#1775=CARTESIAN_POINT('Ctrl Pts',(0.23712819810975,-3.93232307710481,-14.5213542228178));
#1776=CARTESIAN_POINT('Ctrl Pts',(-1.06272215260359,-4.01070706678043,-14.587526261955));
#1777=CARTESIAN_POINT('Ctrl Pts',(-2.40528456828341,-3.3807921697044,-14.6536983010922));
#1778=CARTESIAN_POINT('Ctrl Pts',(-3.17581248791249,-2.33101042612188,-14.7198703402294));
#1779=CARTESIAN_POINT('Ctrl Pts',(-3.94634040754156,-1.28122868253937,-14.7860423793666));
#1780=CARTESIAN_POINT('Ctrl Pts',(-4.14483383111988,0.188419907549592,-14.8522144185039));
#1781=CARTESIAN_POINT('Ctrl Pts',(-3.68040450786357,1.40499723258352,-14.9183864576411));
#1782=CARTESIAN_POINT('Ctrl Pts',(-3.21597518460726,2.62157455761745,-14.9845584967783));
#1783=CARTESIAN_POINT('Ctrl Pts',(-2.08862311451633,3.58508061759634,-15.0507305359155));
#1784=CARTESIAN_POINT('Ctrl Pts',(-0.814552088230294,3.85433515157018,-15.1169025750527));
#1785=CARTESIAN_POINT('Ctrl Pts',(0.459518938055748,4.12358968554401,-15.1830746141899));
#1786=CARTESIAN_POINT('Ctrl Pts',(1.88030892053688,3.6985926935128,-15.2492466533272));
#1787=CARTESIAN_POINT('Ctrl Pts',(2.79725163938061,2.77394625597763,-15.3154186924644));
#1788=CARTESIAN_POINT('Ctrl Pts',(3.51512386382125,2.05004280891006,-15.3672246209646));
#1789=CARTESIAN_POINT('Ctrl Pts',(3.92417368946724,1.01988992584677,-15.4190305494648));
#1790=CARTESIAN_POINT('Ctrl Pts',(3.93363434833849,-0.00356115561932119,
-15.470836477965));
#1791=CARTESIAN_POINT('Origin',(0.,0.,-16.5));
#1792=CARTESIAN_POINT('',(3.93866453943058,0.00160560750372397,-16.904163522035));
#1793=CARTESIAN_POINT('',(3.93841325337705,0.00183384997708736,-16.720836477965));
#1794=CARTESIAN_POINT('',(3.933,-4.81653586104654E-16,-16.5));
#1795=CARTESIAN_POINT('Ctrl Pts',(3.93866453943058,0.00160560750372397,
-16.904163522035));
#1796=CARTESIAN_POINT('Ctrl Pts',(3.93912749289937,0.091172795870271,-16.8996146273197));
#1797=CARTESIAN_POINT('Ctrl Pts',(3.93633709616029,0.180710627682582,-16.8950657326043));
#1798=CARTESIAN_POINT('Ctrl Pts',(3.93020132371136,0.270018620446039,-16.890516837889));
#1799=CARTESIAN_POINT('Ctrl Pts',(3.84094522964079,1.56916761426713,-16.8243447987518));
#1800=CARTESIAN_POINT('Ctrl Pts',(3.0437724238172,2.81968024619373,-16.7581727596146));
#1801=CARTESIAN_POINT('Ctrl Pts',(1.90370075210987,3.44895867570292,-16.6920007204773));
#1802=CARTESIAN_POINT('Ctrl Pts',(0.763629080402523,4.07823710521211,-16.6258286813401));
#1803=CARTESIAN_POINT('Ctrl Pts',(-0.719341457188568,4.08628133230387,-16.5596566422029));
#1804=CARTESIAN_POINT('Ctrl Pts',(-1.86617275604582,3.46940798190159,-16.4934846030657));
#1805=CARTESIAN_POINT('Ctrl Pts',(-3.01300405490306,2.85253463149931,-16.4273125639285));
#1806=CARTESIAN_POINT('Ctrl Pts',(-3.82369611502646,1.61074370360303,-16.3611405247913));
#1807=CARTESIAN_POINT('Ctrl Pts',(-3.92704075258459,0.312639453412357,-16.294968485654));
#1808=CARTESIAN_POINT('Ctrl Pts',(-4.03038539014272,-0.985464796778322,
-16.2287964465168));
#1809=CARTESIAN_POINT('Ctrl Pts',(-3.42638260513556,-2.33988236926339,-16.1626244073796));
#1810=CARTESIAN_POINT('Ctrl Pts',(-2.39159952814228,-3.13043833947894,-16.0964523682424));
#1811=CARTESIAN_POINT('Ctrl Pts',(-1.35681645114902,-3.92099430969449,-16.0302803291052));
#1812=CARTESIAN_POINT('Ctrl Pts',(0.108746917830359,-4.14768867764055,-15.9641082899679));
#1813=CARTESIAN_POINT('Ctrl Pts',(1.33402305112585,-3.70672024832667,-15.8979362508307));
#1814=CARTESIAN_POINT('Ctrl Pts',(2.55929918442133,-3.26575181901281,-15.8317642116935));
#1815=CARTESIAN_POINT('Ctrl Pts',(3.54428808203292,-2.15712059243904,-15.7655921725563));
#1816=CARTESIAN_POINT('Ctrl Pts',(3.83797269598207,-0.888458263052456,-15.6994201334191));
#1817=CARTESIAN_POINT('Ctrl Pts',(3.90492529719292,-0.599235610668822,-15.684334596291));
#1818=CARTESIAN_POINT('Ctrl Pts',(3.93594917650319,-0.301695762624339,-15.669249059163));
#1819=CARTESIAN_POINT('Ctrl Pts',(3.93320152324205,-0.00358974951768676,
-15.654163522035));
#1820=CARTESIAN_POINT('Ctrl Pts',(3.93363434833849,-0.00356115561932119,
-15.470836477965));
#1821=CARTESIAN_POINT('Ctrl Pts',(3.93625784869796,-0.287370593912615,-15.485202588602));
#1822=CARTESIAN_POINT('Ctrl Pts',(3.90815342679921,-0.570664671791783,-15.499568699239));
#1823=CARTESIAN_POINT('Ctrl Pts',(3.84738552501498,-0.846769854786461,-15.513934809876));
#1824=CARTESIAN_POINT('Ctrl Pts',(3.56748123659928,-2.11854364497618,-15.5801068490132));
#1825=CARTESIAN_POINT('Ctrl Pts',(2.59457720456158,-3.23779534231648,-15.6462788881505));
#1826=CARTESIAN_POINT('Ctrl Pts',(1.37415693187343,-3.69203023980764,-15.7124509272877));
#1827=CARTESIAN_POINT('Ctrl Pts',(0.153736659185262,-4.1462651372988,-15.7786229664249));
#1828=CARTESIAN_POINT('Ctrl Pts',(-1.31419985415336,-3.93548323494081,-15.8447950055621));
#1829=CARTESIAN_POINT('Ctrl Pts',(-2.35749844024133,-3.15619956107492,-15.9109670446994));
#1830=CARTESIAN_POINT('Ctrl Pts',(-3.40079702632928,-2.37691588720904,-15.9771390838366));
#1831=CARTESIAN_POINT('Ctrl Pts',(-4.01945768516659,-1.02913044183528,-16.0433111229738));
#1832=CARTESIAN_POINT('Ctrl Pts',(-3.93020158515843,0.270018638408532,-16.109483162111));
#1833=CARTESIAN_POINT('Ctrl Pts',(-3.84094548515027,1.56916771865235,-16.1756552012482));
#1834=CARTESIAN_POINT('Ctrl Pts',(-3.04377262629664,2.81968043376622,-16.2418272403854));
#1835=CARTESIAN_POINT('Ctrl Pts',(-1.90370087874879,3.44895890513658,-16.3079992795227));
#1836=CARTESIAN_POINT('Ctrl Pts',(-0.763629131200938,4.07823737650693,-16.3741713186599));
#1837=CARTESIAN_POINT('Ctrl Pts',(0.719341505041138,4.08628160413376,-16.4403433577971));
#1838=CARTESIAN_POINT('Ctrl Pts',(1.86617288018852,3.46940821269546,-16.5065153969343));
#1839=CARTESIAN_POINT('Ctrl Pts',(3.0130042553359,2.85253482125716,-16.5726874360715));
#1840=CARTESIAN_POINT('Ctrl Pts',(3.82369636938858,1.61074381075373,-16.6388594752088));
#1841=CARTESIAN_POINT('Ctrl Pts',(3.92704101382143,0.31263947420983,-16.705031514346));
#1842=CARTESIAN_POINT('Ctrl Pts',(3.93526885127251,0.209290224384174,-16.7102998355523));
#1843=CARTESIAN_POINT('Ctrl Pts',(3.93901307427585,0.105584025176383,-16.7155681567587));
#1844=CARTESIAN_POINT('Ctrl Pts',(3.93841325337705,0.00183384997708736,
-16.720836477965));
#1845=CARTESIAN_POINT('Origin',(0.,0.,-16.5));
#1846=CARTESIAN_POINT('',(3.92840970150005,0.00260620549887042,-18.154163522035));
#1847=CARTESIAN_POINT('',(3.92813132657007,0.00243715026468322,-17.970836477965));
#1848=CARTESIAN_POINT('',(3.933,-4.81653586104654E-16,-16.5));
#1849=CARTESIAN_POINT('Ctrl Pts',(3.92840970150005,0.00260620549887042,
-18.154163522035));
#1850=CARTESIAN_POINT('Ctrl Pts',(3.9313249199782,0.481972362983623,-18.1299801954763));
#1851=CARTESIAN_POINT('Ctrl Pts',(3.85013524589333,0.96038510718518,-18.1057968689176));
#1852=CARTESIAN_POINT('Ctrl Pts',(3.68040426303368,1.40499713911936,-18.0816135423589));
#1853=CARTESIAN_POINT('Ctrl Pts',(3.21597497067245,2.62157438322346,-18.0154415032217));
#1854=CARTESIAN_POINT('Ctrl Pts',(2.08862297557592,3.5850803791075,-17.9492694640845));
#1855=CARTESIAN_POINT('Ctrl Pts',(0.814552034044361,3.85433489516989,-17.8830974249473));
#1856=CARTESIAN_POINT('Ctrl Pts',(-0.459518907487197,4.12358941123228,-17.8169253858101));
#1857=CARTESIAN_POINT('Ctrl Pts',(-1.88030879545376,3.69859244747301,-17.7507533466729));
#1858=CARTESIAN_POINT('Ctrl Pts',(-2.79725145330016,2.77394607144772,-17.6845813075356));
#1859=CARTESIAN_POINT('Ctrl Pts',(-3.71419411114656,1.84929969542242,-17.6184092683984));
#1860=CARTESIAN_POINT('Ctrl Pts',(-4.12728953887277,0.425003907131042,-17.5522372292612));
#1861=CARTESIAN_POINT('Ctrl Pts',(-3.84738526907705,-0.846769798457055,
-17.486065190124));
#1862=CARTESIAN_POINT('Ctrl Pts',(-3.56748099928133,-2.11854350404513,-17.4198931509868));
#1863=CARTESIAN_POINT('Ctrl Pts',(-2.59457703196375,-3.23779512692996,-17.3537211118495));
#1864=CARTESIAN_POINT('Ctrl Pts',(-1.37415684046109,-3.69202999420429,-17.2875490727123));
#1865=CARTESIAN_POINT('Ctrl Pts',(-0.153736648958433,-4.14626486147861,
-17.2213770335751));
#1866=CARTESIAN_POINT('Ctrl Pts',(1.31419976672927,-3.93548297314242,-17.1552049944379));
#1867=CARTESIAN_POINT('Ctrl Pts',(2.35749828341437,-3.15619935111653,-17.0890329553007));
#1868=CARTESIAN_POINT('Ctrl Pts',(3.32907685356416,-2.43048637911429,-17.0274098108788));
#1869=CARTESIAN_POINT('Ctrl Pts',(3.9323929833158,-1.21174667466336,-16.9657866664569));
#1870=CARTESIAN_POINT('Ctrl Pts',(3.93866453943058,0.00160560750372397,
-16.904163522035));
#1871=CARTESIAN_POINT('Ctrl Pts',(3.93841325337705,0.00183384997708736,
-16.720836477965));
#1872=CARTESIAN_POINT('Ctrl Pts',(3.93147910464184,-1.19755608053885,-16.7817401958959));
#1873=CARTESIAN_POINT('Ctrl Pts',(3.34399803637329,-2.40282305258022,-16.8426439138267));
#1874=CARTESIAN_POINT('Ctrl Pts',(2.39159968723754,-3.1304385477238,-16.9035476317576));
#1875=CARTESIAN_POINT('Ctrl Pts',(1.35681654140783,-3.92099457052913,-16.9697196708948));
#1876=CARTESIAN_POINT('Ctrl Pts',(-0.108746925064596,-4.14768895355544,
-17.0358917100321));
#1877=CARTESIAN_POINT('Ctrl Pts',(-1.33402313986859,-3.70672049490719,-17.1020637491693));
#1878=CARTESIAN_POINT('Ctrl Pts',(-2.55929935467258,-3.26575203625893,-17.1682357883065));
#1879=CARTESIAN_POINT('Ctrl Pts',(-3.54428831780815,-2.15712073593611,-17.2344078274437));
#1880=CARTESIAN_POINT('Ctrl Pts',(-3.83797295129391,-0.888458322154824,
-17.3005798665809));
#1881=CARTESIAN_POINT('Ctrl Pts',(-4.13165758477967,0.38020409162648,-17.3667519057181));
#1882=CARTESIAN_POINT('Ctrl Pts',(-3.73403788861561,1.80889761886625,-17.4329239448554));
#1883=CARTESIAN_POINT('Ctrl Pts',(-2.82718013991094,2.74343708175766,-17.4990959839926));
#1884=CARTESIAN_POINT('Ctrl Pts',(-1.92032239120628,3.67797654464906,-17.5652680231298));
#1885=CARTESIAN_POINT('Ctrl Pts',(-0.504226589961036,4.11836194319211,-17.631440062267));
#1886=CARTESIAN_POINT('Ctrl Pts',(0.772690464933806,3.86294499190323,-17.6976121014042));
#1887=CARTESIAN_POINT('Ctrl Pts',(2.04960751982865,3.60752804061434,-17.7637841405415));
#1888=CARTESIAN_POINT('Ctrl Pts',(3.18734582837308,2.65630873949351,-17.8299561796787));
#1889=CARTESIAN_POINT('Ctrl Pts',(3.66494584012333,1.44484135946911,-17.8961282188159));
#1890=CARTESIAN_POINT('Ctrl Pts',(3.84468270941473,0.988925637573961,-17.9210309718656));
#1891=CARTESIAN_POINT('Ctrl Pts',(3.93092625135754,0.496151792235689,-17.9459337249153));
#1892=CARTESIAN_POINT('Ctrl Pts',(3.92813132657007,0.00243715026468322,
-17.970836477965));
#1893=CARTESIAN_POINT('Origin',(0.,0.,-16.5));
#1894=CARTESIAN_POINT('',(3.92920268062545,-0.0029847549473977,-19.404163522035));
#1895=CARTESIAN_POINT('',(3.92954529212801,-0.00311162799008733,-19.220836477965));
#1896=CARTESIAN_POINT('',(3.933,-4.81653586104654E-16,-16.5));
#1897=CARTESIAN_POINT('Ctrl Pts',(3.92920268062545,-0.00298475494739769,
-19.404163522035));
#1898=CARTESIAN_POINT('Ctrl Pts',(3.92307449707257,0.865137992210106,-19.3603457636329));
#1899=CARTESIAN_POINT('Ctrl Pts',(3.639524266621,1.7368974371137,-19.3165280052309));
#1900=CARTESIAN_POINT('Ctrl Pts',(3.11032009795613,2.4177058109994,-19.2727102468289));
#1901=CARTESIAN_POINT('Ctrl Pts',(2.31113455680701,3.44583869603579,-19.2065382076917));
#1902=CARTESIAN_POINT('Ctrl Pts',(0.951711156350136,4.03848896663639,-19.1403661685544));
#1903=CARTESIAN_POINT('Ctrl Pts',(-0.345483057832772,3.92428770059493,-19.0741941294172));
#1904=CARTESIAN_POINT('Ctrl Pts',(-1.6426772720157,3.81008643455346,-19.00802209028));
#1905=CARTESIAN_POINT('Ctrl Pts',(-2.87764229992468,2.98903363186991,-18.9418500511428));
#1906=CARTESIAN_POINT('Ctrl Pts',(-3.48489940104304,1.83708156185291,-18.8756780120056));
#1907=CARTESIAN_POINT('Ctrl Pts',(-4.09215650216139,0.685129491835944,-18.8095059728684));
#1908=CARTESIAN_POINT('Ctrl Pts',(-4.07170567648918,-0.797721845514416,
-18.7433339337311));
#1909=CARTESIAN_POINT('Ctrl Pts',(-3.43291116259373,-1.9324889262372,-18.6771618945939));
#1910=CARTESIAN_POINT('Ctrl Pts',(-2.79411664869828,-3.06725600696002,-18.6109898554567));
#1911=CARTESIAN_POINT('Ctrl Pts',(-1.53697844657952,-3.85393883105521,-18.5448178163195));
#1912=CARTESIAN_POINT('Ctrl Pts',(-0.237128182335564,-3.93232281551659,
-18.4786457771823));
#1913=CARTESIAN_POINT('Ctrl Pts',(1.06272208190838,-4.01070679997797,-18.412473738045));
#1914=CARTESIAN_POINT('Ctrl Pts',(2.40528440827754,-3.38079194480555,-18.3463016989078));
#1915=CARTESIAN_POINT('Ctrl Pts',(3.17581227664918,-2.33101027105727,-18.2801296597706));
#1916=CARTESIAN_POINT('Ctrl Pts',(3.66474194574585,-1.66488328534006,-18.2381409471921));
#1917=CARTESIAN_POINT('Ctrl Pts',(3.92334810377131,-0.829701449019565,-18.1961522346135));
#1918=CARTESIAN_POINT('Ctrl Pts',(3.92840970150005,0.00260620549887042,
-18.154163522035));
#1919=CARTESIAN_POINT('Ctrl Pts',(3.92813132657007,0.00243715026468322,
-17.970836477965));
#1920=CARTESIAN_POINT('Ctrl Pts',(3.92349952741046,-0.815755551740171,-18.0121057640525));
#1921=CARTESIAN_POINT('Ctrl Pts',(3.67433507437883,-1.63653203023853,-18.05337505014));
#1922=CARTESIAN_POINT('Ctrl Pts',(3.20091352958997,-2.29642050616992,-18.0946443362276));
#1923=CARTESIAN_POINT('Ctrl Pts',(2.44181949235028,-3.3544995328566,-18.1608163753648));
#1924=CARTESIAN_POINT('Ctrl Pts',(1.10616970291484,-3.99894212730195,-18.226988414502));
#1925=CARTESIAN_POINT('Ctrl Pts',(-0.194454503510373,-3.93466415480844,
-18.2931604536392));
#1926=CARTESIAN_POINT('Ctrl Pts',(-1.49507870993554,-3.87038618231492,-18.3593324927764));
#1927=CARTESIAN_POINT('Ctrl Pts',(-2.76067733335046,-3.09738764288259,-18.4255045319137));
#1928=CARTESIAN_POINT('Ctrl Pts',(-3.41174480121273,-1.96961721572181,-18.4916765710509));
#1929=CARTESIAN_POINT('Ctrl Pts',(-4.06281226907501,-0.841846788561004,
-18.5578486101881));
#1930=CARTESIAN_POINT('Ctrl Pts',(-4.09934858138458,0.640695526328315,-18.6240206493253));
#1931=CARTESIAN_POINT('Ctrl Pts',(-3.50462410823206,1.79916770343079,-18.6901926884625));
#1932=CARTESIAN_POINT('Ctrl Pts',(-2.90989963507956,2.95763988053324,-18.7563647275997));
#1933=CARTESIAN_POINT('Ctrl Pts',(-1.68391437646501,3.7920419198489,-18.822536766737));
#1934=CARTESIAN_POINT('Ctrl Pts',(-0.38803532195178,3.92030906358001,-18.8887088058742));
#1935=CARTESIAN_POINT('Ctrl Pts',(0.907843732561464,4.04857620731113,-18.9548808450114));
#1936=CARTESIAN_POINT('Ctrl Pts',(2.27361658297337,3.47070845545768,-19.0210528841486));
#1937=CARTESIAN_POINT('Ctrl Pts',(3.0839088309575,2.45130595548826,-19.0872249232858));
#1938=CARTESIAN_POINT('Ctrl Pts',(3.62927717892461,1.76519565552552,-19.1317621081789));
#1939=CARTESIAN_POINT('Ctrl Pts',(3.92301380624202,0.879070903375873,-19.176299293072));
#1940=CARTESIAN_POINT('Ctrl Pts',(3.92954529212801,-0.00311162799008733,
-19.220836477965));
#1941=CARTESIAN_POINT('Origin',(0.,0.,-16.5));
#1942=CARTESIAN_POINT('',(3.93916448306457,-0.000986042679361199,-20.654163522035));
#1943=CARTESIAN_POINT('',(3.93929995710486,-0.00073033708264294,-20.470836477965));
#1944=CARTESIAN_POINT('',(3.933,-4.81653586104654E-16,-16.5));
#1945=CARTESIAN_POINT('Ctrl Pts',(3.93916448306457,-0.000986042679361199,
-20.654163522035));
#1946=CARTESIAN_POINT('Ctrl Pts',(3.93496341144853,1.24795767687074,-20.5907113317896));
#1947=CARTESIAN_POINT('Ctrl Pts',(3.29020367207225,2.50063426907125,-20.5272591415442));
#1948=CARTESIAN_POINT('Ctrl Pts',(2.26956039108095,3.22001368499058,-20.4638069512988));
#1949=CARTESIAN_POINT('Ctrl Pts',(1.20516770623108,3.97022896803483,-20.3976349121616));
#1950=CARTESIAN_POINT('Ctrl Pts',(-0.26802330645147,4.14044813588626,-20.3314628730244));
#1951=CARTESIAN_POINT('Ctrl Pts',(-1.47545249379159,3.65272945054164,-20.2652908338872));
#1952=CARTESIAN_POINT('Ctrl Pts',(-2.6828816811317,3.16501076519703,-20.1991187947499));
#1953=CARTESIAN_POINT('Ctrl Pts',(-3.6245490431294,2.01935422665638,-20.1329467556127));
#1954=CARTESIAN_POINT('Ctrl Pts',(-3.8692740509322,0.740345067568371,-20.0667747164755));
#1955=CARTESIAN_POINT('Ctrl Pts',(-4.11399905873501,-0.538664091519653,
-20.0006026773383));
#1956=CARTESIAN_POINT('Ctrl Pts',(-3.66178171234291,-1.95102587115503,-19.9344306382011));
#1957=CARTESIAN_POINT('Ctrl Pts',(-2.71968803362583,-2.8500332454276,-19.8682585990639));
#1958=CARTESIAN_POINT('Ctrl Pts',(-1.77759435490876,-3.74904061970015,-19.8020865599266));
#1959=CARTESIAN_POINT('Ctrl Pts',(-0.345624343866715,-4.13469358860991,
-19.7359145207894));
#1960=CARTESIAN_POINT('Ctrl Pts',(0.920536550923088,-3.83040532564175,-19.6697424816522));
#1961=CARTESIAN_POINT('Ctrl Pts',(2.18669744571289,-3.5261170626736,-19.603570442515));
#1962=CARTESIAN_POINT('Ctrl Pts',(3.28704922425046,-2.53188756782753,-19.5373984033778));
#1963=CARTESIAN_POINT('Ctrl Pts',(3.71775127259855,-1.3029650706684,-19.4712263642405));
#1964=CARTESIAN_POINT('Ctrl Pts',(3.86325131502626,-0.887809683869543,-19.4488720835054));
#1965=CARTESIAN_POINT('Ctrl Pts',(3.93232906455137,-0.445870477774766,-19.4265178027702));
#1966=CARTESIAN_POINT('Ctrl Pts',(3.92920268062545,-0.00298475494739769,
-19.404163522035));
#1967=CARTESIAN_POINT('Ctrl Pts',(3.92954529212801,-0.00311162799008733,
-19.220836477965));
#1968=CARTESIAN_POINT('Ctrl Pts',(3.93271809583081,-0.431649950038845,-19.2424713322092));
#1969=CARTESIAN_POINT('Ctrl Pts',(3.86811822382715,-0.859258014191087,-19.2641061864533));
#1970=CARTESIAN_POINT('Ctrl Pts',(3.73166793864205,-1.26255651785605,-19.2857410406975));
#1971=CARTESIAN_POINT('Ctrl Pts',(3.31432315278614,-2.49607924314565,-19.3519130798347));
#1972=CARTESIAN_POINT('Ctrl Pts',(2.22482193551793,-3.50218744563952,-19.4180851189719));
#1973=CARTESIAN_POINT('Ctrl Pts',(0.962036531969211,-3.82019374851937,-19.4842571581091));
#1974=CARTESIAN_POINT('Ctrl Pts',(-0.30074887157953,-4.13820005139922,-19.5504291972464));
#1975=CARTESIAN_POINT('Ctrl Pts',(-1.73681846140879,-3.76810445466504,-19.6166012363836));
#1976=CARTESIAN_POINT('Ctrl Pts',(-2.68860963080581,-2.87937021207903,-19.6827732755208));
#1977=CARTESIAN_POINT('Ctrl Pts',(-3.64040080020283,-1.99063596949303,-19.748945314658));
#1978=CARTESIAN_POINT('Ctrl Pts',(-4.10791354916762,-0.583263081055209,
-19.8151173537952));
#1979=CARTESIAN_POINT('Ctrl Pts',(-3.87707823646691,0.698325793154237,-19.8812893929325));
#1980=CARTESIAN_POINT('Ctrl Pts',(-3.6462429237662,1.97991466736365,-19.9474614320697));
#1981=CARTESIAN_POINT('Ctrl Pts',(-2.71705954940005,3.13571952734469,-20.0136334712069));
#1982=CARTESIAN_POINT('Ctrl Pts',(-1.51499234301973,3.6365083205819,-20.0798055103441));
#1983=CARTESIAN_POINT('Ctrl Pts',(-0.312925136639391,4.13729711381913,-20.1459775494813));
#1984=CARTESIAN_POINT('Ctrl Pts',(1.16202590175512,3.9830698403125,-20.2121495886186));
#1985=CARTESIAN_POINT('Ctrl Pts',(2.23449471995483,3.2444457017438,-20.2783216277558));
#1986=CARTESIAN_POINT('Ctrl Pts',(3.27454213062257,2.52815063587456,-20.3424932444922));
#1987=CARTESIAN_POINT('Ctrl Pts',(3.93607407801915,1.2622580001894,-20.4066648612286));
#1988=CARTESIAN_POINT('Ctrl Pts',(3.93929995710486,-0.00073033708264294,
-20.470836477965));
#1989=CARTESIAN_POINT('Origin',(0.,0.,-16.5));
#1990=CARTESIAN_POINT('',(3.9321131969582,0.00358766173713429,-21.904163522035));
#1991=CARTESIAN_POINT('',(3.93169449443469,0.00355787220892462,-21.720836477965));
#1992=CARTESIAN_POINT('',(3.933,-4.81653586104654E-16,-16.5));
#1993=CARTESIAN_POINT('Ctrl Pts',(3.9321131969582,0.00358766173713429,-21.904163522035));
#1994=CARTESIAN_POINT('Ctrl Pts',(3.93511732787203,0.338073779588035,-21.8872489390835));
#1995=CARTESIAN_POINT('Ctrl Pts',(3.89599610063691,0.671867603810076,-21.8703343561319));
#1996=CARTESIAN_POINT('Ctrl Pts',(3.81201117372063,0.99396343580551,-21.8534197731804));
#1997=CARTESIAN_POINT('Ctrl Pts',(3.48345126262102,2.25404404564479,-21.7872477340432));
#1998=CARTESIAN_POINT('Ctrl Pts',(2.46826331570438,3.33508972339775,-21.721075694906));
#1999=CARTESIAN_POINT('Ctrl Pts',(1.23129223840242,3.7420999350553,-21.6549036557687));
#2000=CARTESIAN_POINT('Ctrl Pts',(-0.00567883889955004,4.14911014671285,
-21.5887316166315));
#2001=CARTESIAN_POINT('Ctrl Pts',(-1.46443304658685,3.88208489227497,-21.5225595774943));
#2002=CARTESIAN_POINT('Ctrl Pts',(-2.477020707183,3.06329249606963,-21.4563875383571));
#2003=CARTESIAN_POINT('Ctrl Pts',(-3.48960836777913,2.2445000998643,-21.3902154992199));
#2004=CARTESIAN_POINT('Ctrl Pts',(-4.05602948128411,0.873940561891543,-21.3240434600826));
#2005=CARTESIAN_POINT('Ctrl Pts',(-3.91692520706011,-0.420819940814515,
-21.2578714209454));
#2006=CARTESIAN_POINT('Ctrl Pts',(-3.7778209328361,-1.71558044352057,-21.1916993818082));
#2007=CARTESIAN_POINT('Ctrl Pts',(-2.9331912708831,-2.93454191095993,-21.125527342671));
#2008=CARTESIAN_POINT('Ctrl Pts',(-1.76978411012947,-3.51955348074489,-21.0593553035338));
#2009=CARTESIAN_POINT('Ctrl Pts',(-0.606376949375829,-4.10456505052984,
-20.9931832643966));
#2010=CARTESIAN_POINT('Ctrl Pts',(0.875807710178446,-4.0556267226604,-20.9270112252593));
#2011=CARTESIAN_POINT('Ctrl Pts',(1.99809160999433,-3.39514689201518,-20.8608391861221));
#2012=CARTESIAN_POINT('Ctrl Pts',(3.1203755098102,-2.73466706136996,-20.7946671469849));
#2013=CARTESIAN_POINT('Ctrl Pts',(3.8827586498877,-1.46264572794897,-20.7284951078477));
#2014=CARTESIAN_POINT('Ctrl Pts',(3.93615304141788,-0.161529362119932,-20.6623230687105));
#2015=CARTESIAN_POINT('Ctrl Pts',(3.93834769460564,-0.108049977898384,-20.6596032198186));
#2016=CARTESIAN_POINT('Ctrl Pts',(3.93934456006326,-0.0545214396205851,
-20.6568833709268));
#2017=CARTESIAN_POINT('Ctrl Pts',(3.93916448306457,-0.000986042679361199,
-20.654163522035));
#2018=CARTESIAN_POINT('Ctrl Pts',(3.93929995710486,-0.00073033708264294,
-20.470836477965));
#2019=CARTESIAN_POINT('Ctrl Pts',(3.93940051746337,-0.0401014841773159,
-20.4728369003658));
#2020=CARTESIAN_POINT('Ctrl Pts',(3.9388613646181,-0.0794698090011156,-20.4748373227666));
#2021=CARTESIAN_POINT('Ctrl Pts',(3.93767402299129,-0.118818574850047,-20.4768377451674));
#2022=CARTESIAN_POINT('Ctrl Pts',(3.89839790982314,-1.42043770924438,-20.5430097843047));
#2023=CARTESIAN_POINT('Ctrl Pts',(3.14985908548195,-2.70065497440227,-20.6091818234419));
#2024=CARTESIAN_POINT('Ctrl Pts',(2.03480635827443,-3.37327106076517,-20.6753538625791));
#2025=CARTESIAN_POINT('Ctrl Pts',(0.919753631066935,-4.04588714712806,-20.7415259017163));
#2026=CARTESIAN_POINT('Ctrl Pts',(-0.561812999006832,-4.110902054696,-20.8076979408535));
#2027=CARTESIAN_POINT('Ctrl Pts',(-1.73149826322897,-3.53854607565097,-20.8738699799908));
#2028=CARTESIAN_POINT('Ctrl Pts',(-2.90118352745114,-2.96619009660593,-20.940042019128));
#2029=CARTESIAN_POINT('Ctrl Pts',(-3.75898742582164,-1.75646323094785,-21.0062140582652));
#2030=CARTESIAN_POINT('Ctrl Pts',(-3.91212971185673,-0.463287904739123,
-21.0723860974024));
#2031=CARTESIAN_POINT('Ctrl Pts',(-4.06527199789183,0.829887421469544,-21.1385581365396));
#2032=CARTESIAN_POINT('Ctrl Pts',(-3.5137526715916,2.20651120822887,-21.2047301756768));
#2033=CARTESIAN_POINT('Ctrl Pts',(-2.51010718696392,3.03624051666232,-21.2709022148141));
#2034=CARTESIAN_POINT('Ctrl Pts',(-1.50646170233622,3.86596982509578,-21.3370742539513));
#2035=CARTESIAN_POINT('Ctrl Pts',(-0.0506900593810464,4.14880465520335,
-21.4032462930885));
#2036=CARTESIAN_POINT('Ctrl Pts',(1.19062375244888,3.75523762832321,-21.4694183322257));
#2037=CARTESIAN_POINT('Ctrl Pts',(2.43193756427882,3.36167060144305,-21.5355903713629));
#2038=CARTESIAN_POINT('Ctrl Pts',(3.45879354498349,2.2917017175752,-21.6017624105001));
#2039=CARTESIAN_POINT('Ctrl Pts',(3.80100410743424,1.03525955215964,-21.6679344496374));
#2040=CARTESIAN_POINT('Ctrl Pts',(3.8921988834798,0.700433645359148,-21.6855684590799));
#2041=CARTESIAN_POINT('Ctrl Pts',(3.93477322808596,0.352365246665705,-21.7032024685225));
#2042=CARTESIAN_POINT('Ctrl Pts',(3.93169449443469,0.00355787220892462,
-21.720836477965));
#2043=CARTESIAN_POINT('Origin',(0.,0.,-16.5));
#2044=CARTESIAN_POINT('',(3.92683962383053,-0.00111159115994824,-23.154163522035));
#2045=CARTESIAN_POINT('',(3.92697244527436,-0.00133268274367934,-22.970836477965));
#2046=CARTESIAN_POINT('',(3.933,-4.81653586104654E-16,-16.5));
#2047=CARTESIAN_POINT('Ctrl Pts',(3.92683962383053,-0.00111159115994824,
-23.154163522035));
#2048=CARTESIAN_POINT('Ctrl Pts',(3.9250045307127,0.724094739695702,-23.1176145072401));
#2049=CARTESIAN_POINT('Ctrl Pts',(3.73277689046965,1.45020565419865,-23.0810654924452));
#2050=CARTESIAN_POINT('Ctrl Pts',(3.35612911295648,2.06295658640568,-23.0445164776503));
#2051=CARTESIAN_POINT('Ctrl Pts',(2.67420781865014,3.17234295139867,-22.9783444385131));
#2052=CARTESIAN_POINT('Ctrl Pts',(1.38777299179448,3.91014493107551,-22.9121723993759));
#2053=CARTESIAN_POINT('Ctrl Pts',(0.0858709043023306,3.93853001615107,-22.8460003602387));
#2054=CARTESIAN_POINT('Ctrl Pts',(-1.21603118318984,3.96691510122664,-22.7798283211015));
#2055=CARTESIAN_POINT('Ctrl Pts',(-2.5334005313185,3.2858832917009,-22.7136562819642));
#2056=CARTESIAN_POINT('Ctrl Pts',(-3.26302624508043,2.20727257587306,-22.647484242827));
#2057=CARTESIAN_POINT('Ctrl Pts',(-3.99265195884236,1.12866186004524,-22.5813122036898));
#2058=CARTESIAN_POINT('Ctrl Pts',(-4.13453403823757,-0.347527762084668,
-22.5151401645526));
#2059=CARTESIAN_POINT('Ctrl Pts',(-3.62370602855588,-1.54536310260412,-22.4489681254154));
#2060=CARTESIAN_POINT('Ctrl Pts',(-3.11287801887419,-2.74319844312357,-22.3827960862782));
#2061=CARTESIAN_POINT('Ctrl Pts',(-1.9493399201156,-3.66267950203257,-22.316624047141));
#2062=CARTESIAN_POINT('Ctrl Pts',(-0.665864761279238,-3.88278464764431,
-22.2504520080037));
#2063=CARTESIAN_POINT('Ctrl Pts',(0.61761039755712,-4.10288979325604,-22.1842799688665));
#2064=CARTESIAN_POINT('Ctrl Pts',(2.02102261647124,-3.62361902557053,-22.1181079297293));
#2065=CARTESIAN_POINT('Ctrl Pts',(2.90176278828702,-2.66442587076497,-22.051935890592));
#2066=CARTESIAN_POINT('Ctrl Pts',(3.55737233258765,-1.95041712307509,-22.0026784344063));
#2067=CARTESIAN_POINT('Ctrl Pts',(3.923364778668,-0.970479233200767,-21.9534209782207));
#2068=CARTESIAN_POINT('Ctrl Pts',(3.9321131969582,0.00358766173713429,-21.904163522035));
#2069=CARTESIAN_POINT('Ctrl Pts',(3.93169449443469,0.00355787220892462,
-21.720836477965));
#2070=CARTESIAN_POINT('Ctrl Pts',(3.92322020695773,-0.956542708107718,-21.7693745076597));
#2071=CARTESIAN_POINT('Ctrl Pts',(3.56886053259843,-1.92224205476291,-21.8179125373544));
#2072=CARTESIAN_POINT('Ctrl Pts',(2.93049720359608,-2.63278952914683,-21.866450567049));
#2073=CARTESIAN_POINT('Ctrl Pts',(2.06021459311036,-3.60148099807454,-21.9326226061862));
#2074=CARTESIAN_POINT('Ctrl Pts',(0.662084227942089,-4.09594848896672,-21.9987946453235));
#2075=CARTESIAN_POINT('Ctrl Pts',(-0.623703295327846,-3.88978004062798,
-22.0649666844607));
#2076=CARTESIAN_POINT('Ctrl Pts',(-1.90949081859778,-3.68361159228925,-22.1311387235979));
#2077=CARTESIAN_POINT('Ctrl Pts',(-3.08293549996939,-2.77680720471964,-22.1973107627351));
#2078=CARTESIAN_POINT('Ctrl Pts',(-3.60672818048511,-1.58458398236368,-22.2634828018723));
#2079=CARTESIAN_POINT('Ctrl Pts',(-4.13052086100082,-0.392360760007736,
-22.3296548410095));
#2080=CARTESIAN_POINT('Ctrl Pts',(-4.00466154066062,1.08528129713456,-22.3958268801468));
#2081=CARTESIAN_POINT('Ctrl Pts',(-3.28678000519899,2.17174394496515,-22.461998919284));
#2082=CARTESIAN_POINT('Ctrl Pts',(-2.56889846973735,3.25820659279576,-22.5281709584212));
#2083=CARTESIAN_POINT('Ctrl Pts',(-1.25899471915427,3.95348983131468,-22.5943429975584));
#2084=CARTESIAN_POINT('Ctrl Pts',(0.043138777663492,3.93923007844644,-22.6605150366956));
#2085=CARTESIAN_POINT('Ctrl Pts',(1.34527227448126,3.92497032557821,-22.7266870758328));
#2086=CARTESIAN_POINT('Ctrl Pts',(2.63963551753373,3.20116758132279,-22.7928591149701));
#2087=CARTESIAN_POINT('Ctrl Pts',(3.33355188852785,2.09924423818542,-22.8590311541073));
#2088=CARTESIAN_POINT('Ctrl Pts',(3.72436924683985,1.47863520224307,-22.8962995953932));
#2089=CARTESIAN_POINT('Ctrl Pts',(3.92472475036504,0.738086244973005,-22.9335680366791));
#2090=CARTESIAN_POINT('Ctrl Pts',(3.92697244527436,-0.00133268274367934,
-22.970836477965));
#2091=CARTESIAN_POINT('Origin',(0.,0.,-16.5));
#2092=CARTESIAN_POINT('',(3.93619115656593,-0.00303041914875846,-24.404163522035));
#2093=CARTESIAN_POINT('',(3.93658014932363,-0.00288663222707878,-24.220836477965));
#2094=CARTESIAN_POINT('',(3.933,-4.81653586104654E-16,-16.5));
#2095=CARTESIAN_POINT('Ctrl Pts',(3.93619115656593,-0.00303041914875846,
-24.404163522035));
#2096=CARTESIAN_POINT('Ctrl Pts',(3.92675658726293,1.10504000915298,-24.3479800753967));
#2097=CARTESIAN_POINT('Ctrl Pts',(3.43680169459519,2.22041339697301,-24.2917966287585));
#2098=CARTESIAN_POINT('Ctrl Pts',(2.60817998581528,2.95242098255888,-24.2356131821203));
#2099=CARTESIAN_POINT('Ctrl Pts',(1.63224149460108,3.81456877697996,-24.1694411429831));
#2100=CARTESIAN_POINT('Ctrl Pts',(0.186511752162844,4.1449198575226,-24.1032691038458));
#2101=CARTESIAN_POINT('Ctrl Pts',(-1.06702334337193,3.79220960478618,-24.0370970647086));
#2102=CARTESIAN_POINT('Ctrl Pts',(-2.32055843890667,3.43949935204977,-23.9709250255714));
#2103=CARTESIAN_POINT('Ctrl Pts',(-3.38189888753793,2.40372776603429,-23.9047529864342));
#2104=CARTESIAN_POINT('Ctrl Pts',(-3.7650669919493,1.1591648055741,-23.838580947297));
#2105=CARTESIAN_POINT('Ctrl Pts',(-4.14823509636068,-0.0853981548860588,
-23.7724089081598));
#2106=CARTESIAN_POINT('Ctrl Pts',(-3.85323085655224,-1.53875248979095,-23.7062368690225));
#2107=CARTESIAN_POINT('Ctrl Pts',(-3.01513390830405,-2.53542107248595,-23.6400648298853));
#2108=CARTESIAN_POINT('Ctrl Pts',(-2.17703696005585,-3.53208965518098,-23.5738927907481));
#2109=CARTESIAN_POINT('Ctrl Pts',(-0.795847303367861,-4.0720724856661,-23.5077207516109));
#2110=CARTESIAN_POINT('Ctrl Pts',(0.496001454552252,-3.90811656141772,-23.4415487124737));
#2111=CARTESIAN_POINT('Ctrl Pts',(1.78785021247237,-3.74416063716935,-23.3753766733364));
#2112=CARTESIAN_POINT('Ctrl Pts',(2.99035807162461,-2.87626595818748,-23.3092046341992));
#2113=CARTESIAN_POINT('Ctrl Pts',(3.55290812032222,-1.70183324354196,-23.243032595062));
#2114=CARTESIAN_POINT('Ctrl Pts',(3.8047430947862,-1.17607872021171,-23.2134095707197));
#2115=CARTESIAN_POINT('Ctrl Pts',(3.9283269692051,-0.588892271780658,-23.1837865463773));
#2116=CARTESIAN_POINT('Ctrl Pts',(3.92683962383053,-0.00111159115994824,
-23.154163522035));
#2117=CARTESIAN_POINT('Ctrl Pts',(3.92697244527436,-0.00133268274367934,
-22.970836477965));
#2118=CARTESIAN_POINT('Ctrl Pts',(3.9287156485721,-0.574790187081229,-22.9997400758163));
#2119=CARTESIAN_POINT('Ctrl Pts',(3.81130092251638,-1.14756800098845,-23.0286436736676));
#2120=CARTESIAN_POINT('Ctrl Pts',(3.57116159075998,-1.6631895435414,-23.057547271519));
#2121=CARTESIAN_POINT('Ctrl Pts',(3.02138542306217,-2.84365604011159,-23.1237193106562));
#2122=CARTESIAN_POINT('Ctrl Pts',(1.82836358873073,-3.72454509123262,-23.1898913497934));
#2123=CARTESIAN_POINT('Ctrl Pts',(0.538369438868661,-3.90250597852206,-23.2560633889306));
#2124=CARTESIAN_POINT('Ctrl Pts',(-0.75162471099335,-4.08046686581149,-23.3222354280678));
#2125=CARTESIAN_POINT('Ctrl Pts',(-2.13859117638599,-3.5554995892694,-23.388407467205));
#2126=CARTESIAN_POINT('Ctrl Pts',(-2.98745120426237,-2.56798167188943,-23.4545795063423));
#2127=CARTESIAN_POINT('Ctrl Pts',(-3.83631123213877,-1.58046375450943,-23.5207515454795));
#2128=CARTESIAN_POINT('Ctrl Pts',(-4.14706482249889,-0.130395196291567,
-23.5869235846167));
#2129=CARTESIAN_POINT('Ctrl Pts',(-3.77742086188429,1.11825140163441,-23.6530956237539));
#2130=CARTESIAN_POINT('Ctrl Pts',(-3.4077769012697,2.36689799956038,-23.7192676628911));
#2131=CARTESIAN_POINT('Ctrl Pts',(-2.35773538968038,3.41412263719443,-23.7854397020283));
#2132=CARTESIAN_POINT('Ctrl Pts',(-1.1081003483435,3.78041111300404,-23.8516117411656));
#2133=CARTESIAN_POINT('Ctrl Pts',(0.141534692993368,4.14669958881365,-23.9177837803028));
#2134=CARTESIAN_POINT('Ctrl Pts',(1.59076326407781,3.83205190279882,-23.98395581944));
#2135=CARTESIAN_POINT('Ctrl Pts',(2.57599738588183,2.98054223800355,-24.0501278585772));
#2136=CARTESIAN_POINT('Ctrl Pts',(3.42322308674591,2.24830930312737,-24.1070307317065));
#2137=CARTESIAN_POINT('Ctrl Pts',(3.92733976410165,1.11908414219377,-24.1639336048357));
#2138=CARTESIAN_POINT('Ctrl Pts',(3.93658014932363,-0.00288663222707878,
-24.220836477965));
#2139=CARTESIAN_POINT('Origin',(0.,0.,-16.5));
#2140=CARTESIAN_POINT('',(3.93637804748307,0.00296382755453989,-25.654163522035));
#2141=CARTESIAN_POINT('',(3.93598279599555,0.00309959376445072,-25.470836477965));
#2142=CARTESIAN_POINT('',(3.933,-4.81653586104654E-16,-16.5));
#2143=CARTESIAN_POINT('Ctrl Pts',(3.93637804748307,0.00296382755453989,
-25.654163522035));
#2144=CARTESIAN_POINT('Ctrl Pts',(3.93797350310781,0.193179099836807,-25.6445176826906));
#2145=CARTESIAN_POINT('Ctrl Pts',(3.92537851836907,0.383182202803507,-25.6348718433462));
#2146=CARTESIAN_POINT('Ctrl Pts',(3.89786503207487,0.570999885842769,-25.6252260040019));
#2147=CARTESIAN_POINT('Ctrl Pts',(3.70911800583258,1.85945998029639,-25.5590539648646));
#2148=CARTESIAN_POINT('Ctrl Pts',(2.81827871005746,3.04507017182691,-25.4928819257274));
#2149=CARTESIAN_POINT('Ctrl Pts',(1.63325404150683,3.58495098196412,-25.4267098865902));
#2150=CARTESIAN_POINT('Ctrl Pts',(0.448229372956176,4.12483179210133,-25.360537847453));
#2151=CARTESIAN_POINT('Ctrl Pts',(-1.03098066837001,4.01898322084522,-25.2943658083158));
#2152=CARTESIAN_POINT('Ctrl Pts',(-2.12705990252966,3.31587224304873,-25.2281937691786));
#2153=CARTESIAN_POINT('Ctrl Pts',(-3.22313913668929,2.61276126525225,-25.1620217300413));
#2154=CARTESIAN_POINT('Ctrl Pts',(-3.93608756368239,1.3123878809154,-25.0958496909041));
#2155=CARTESIAN_POINT('Ctrl Pts',(-3.93945286442018,0.0101807361613833,
-25.0296776517669));
#2156=CARTESIAN_POINT('Ctrl Pts',(-3.94281816515798,-1.29202640859263,-24.9635056126297));
#2157=CARTESIAN_POINT('Ctrl Pts',(-3.23660033964046,-2.59606731376382,-24.8973335734925));
#2158=CARTESIAN_POINT('Ctrl Pts',(-2.1441698212685,-3.30483407315286,-24.8311615343553));
#2159=CARTESIAN_POINT('Ctrl Pts',(-1.05173930289651,-4.01360083254193,-24.764989495218));
#2160=CARTESIAN_POINT('Ctrl Pts',(0.426903908329956,-4.12709344614881,-24.6988174560808));
#2161=CARTESIAN_POINT('Ctrl Pts',(1.61470315351874,-3.59334471440311,-24.6326454169436));
#2162=CARTESIAN_POINT('Ctrl Pts',(2.80250239870748,-3.05959598265743,-24.5664733778063));
#2163=CARTESIAN_POINT('Ctrl Pts',(3.69945767785856,-1.87860590555923,-24.5003013386691));
#2164=CARTESIAN_POINT('Ctrl Pts',(3.89486169743906,-0.591138612860418,-24.4341292995319));
#2165=CARTESIAN_POINT('Ctrl Pts',(3.92435770738073,-0.396796919447165,-24.4241407070329));
#2166=CARTESIAN_POINT('Ctrl Pts',(3.93786848456572,-0.200029083893277,-24.414152114534));
#2167=CARTESIAN_POINT('Ctrl Pts',(3.93619115656593,-0.00303041914875846,
-24.404163522035));
#2168=CARTESIAN_POINT('Ctrl Pts',(3.93658014932363,-0.00288663222707878,
-24.220836477965));
#2169=CARTESIAN_POINT('Ctrl Pts',(3.93808535740698,-0.185649519094954,-24.230105643973));
#2170=CARTESIAN_POINT('Ctrl Pts',(3.92645920939067,-0.368219913547858,-24.2393748099809));
#2171=CARTESIAN_POINT('Ctrl Pts',(3.90104571483017,-0.548850522394821,-24.2486439759889));
#2172=CARTESIAN_POINT('Ctrl Pts',(3.71962024945088,-1.83836197442222,-24.3148160151261));
#2173=CARTESIAN_POINT('Ctrl Pts',(2.83552964616867,-3.02901323490128,-24.3809880542633));
#2174=CARTESIAN_POINT('Ctrl Pts',(1.65359058380372,-3.57561641508963,-24.4471600934006));
#2175=CARTESIAN_POINT('Ctrl Pts',(0.471651521438795,-4.12221959527797,-24.5133321325378));
#2176=CARTESIAN_POINT('Ctrl Pts',(-1.0081360000089,-4.02477469517562,-24.579504171675));
#2177=CARTESIAN_POINT('Ctrl Pts',(-2.10819134906711,-3.32790080939604,-24.6456762108122));
#2178=CARTESIAN_POINT('Ctrl Pts',(-3.20824669812534,-2.63102692361644,-24.7118482499494));
#2179=CARTESIAN_POINT('Ctrl Pts',(-3.92856987479412,-1.33472405215959,-24.7780202890867));
#2180=CARTESIAN_POINT('Ctrl Pts',(-3.93933174684938,-0.0325569475417564,
-24.8441923282239));
#2181=CARTESIAN_POINT('Ctrl Pts',(-3.95009361890465,1.26961015707605,-24.9103643673611));
#2182=CARTESIAN_POINT('Ctrl Pts',(-3.25129418634643,2.57764149485484,-24.9765364064983));
#2183=CARTESIAN_POINT('Ctrl Pts',(-2.16290706425897,3.29260195083041,-25.0427084456355));
#2184=CARTESIAN_POINT('Ctrl Pts',(-1.07451994217154,4.00756240680598,-25.1088804847727));
#2185=CARTESIAN_POINT('Ctrl Pts',(0.403454869445107,4.12945198097835,-25.1750525239099));
#2186=CARTESIAN_POINT('Ctrl Pts',(1.59426676369064,3.60245860831306,-25.2412245630472));
#2187=CARTESIAN_POINT('Ctrl Pts',(2.78507865793622,3.07546523564775,-25.3073966021844));
#2188=CARTESIAN_POINT('Ctrl Pts',(3.68872763481065,1.89958891614471,-25.3735686413216));
#2189=CARTESIAN_POINT('Ctrl Pts',(3.89144141798925,0.613252210318603,-25.4397406804588));
#2190=CARTESIAN_POINT('Ctrl Pts',(3.92319474278537,0.411758919745063,-25.4501059462942));
#2191=CARTESIAN_POINT('Ctrl Pts',(3.93774960126927,0.20755532264091,-25.4604712121296));
#2192=CARTESIAN_POINT('Ctrl Pts',(3.93598279599555,0.00309959376445072,
-25.470836477965));
#2193=CARTESIAN_POINT('Origin',(0.,0.,-16.5));
#2194=CARTESIAN_POINT('',(3.92689883582695,0.00121504741223522,-26.904163522035));
#2195=CARTESIAN_POINT('',(3.92678011085532,0.000993556717655926,-26.720836477965));
#2196=CARTESIAN_POINT('',(3.933,-4.81653586104654E-16,-16.5));
#2197=CARTESIAN_POINT('Ctrl Pts',(3.92689883582695,0.00121504741223522,
-26.904163522035));
#2198=CARTESIAN_POINT('Ctrl Pts',(3.92851115080364,0.582174339286008,-26.8748832508473));
#2199=CARTESIAN_POINT('Ctrl Pts',(3.80788903715863,1.16249746962427,-26.8456029796595));
#2200=CARTESIAN_POINT('Ctrl Pts',(3.5616575236641,1.68344924748948,-26.8163227084718));
#2201=CARTESIAN_POINT('Ctrl Pts',(3.00518585564877,2.86077582388902,-26.7501506693346));
#2202=CARTESIAN_POINT('Ctrl Pts',(1.80717825411133,3.73486987088466,-26.6839786301973));
#2203=CARTESIAN_POINT('Ctrl Pts',(0.516193791365877,3.90549959332564,-26.6178065910601));
#2204=CARTESIAN_POINT('Ctrl Pts',(-0.774790671379554,4.07612931576663,-26.5516345519229));
#2205=CARTESIAN_POINT('Ctrl Pts',(-2.15875199533302,3.54329471365294,-26.4854625127857));
#2206=CARTESIAN_POINT('Ctrl Pts',(-3.00198890578022,2.55097174374866,-26.4192904736485));
#2207=CARTESIAN_POINT('Ctrl Pts',(-3.84522581622744,1.55864877384436,-26.3531184345113));
#2208=CARTESIAN_POINT('Ctrl Pts',(-4.14773831316842,0.10683743614944,-26.286946395374));
#2209=CARTESIAN_POINT('Ctrl Pts',(-3.77100804397322,-1.1396896116348,-26.2207743562368));
#2210=CARTESIAN_POINT('Ctrl Pts',(-3.39427777477801,-2.38621665941903,-26.1546023170996));
#2211=CARTESIAN_POINT('Ctrl Pts',(-2.33830473944662,-3.42745941729256,-26.0884302779624));
#2212=CARTESIAN_POINT('Ctrl Pts',(-1.08660934247238,-3.78664380092904,-26.0222582388252));
#2213=CARTESIAN_POINT('Ctrl Pts',(0.165086054501881,-4.14582818456553,-25.956086199688));
#2214=CARTESIAN_POINT('Ctrl Pts',(1.61250381311899,-3.82295419396493,-25.8899141605507));
#2215=CARTESIAN_POINT('Ctrl Pts',(2.59288531407281,-2.96586219997625,-25.8237421214135));
#2216=CARTESIAN_POINT('Ctrl Pts',(3.43035747480233,-2.23370774433697,-25.7672159216207));
#2217=CARTESIAN_POINT('Ctrl Pts',(3.92702841598033,-1.11172884985875,-25.7106897218278));
#2218=CARTESIAN_POINT('Ctrl Pts',(3.93637804748307,0.00296382755453989,
-25.654163522035));
#2219=CARTESIAN_POINT('Ctrl Pts',(3.93598279599555,0.00309959376445072,
-25.470836477965));
#2220=CARTESIAN_POINT('Ctrl Pts',(3.92647028537159,-1.09769364133996,-25.5266432512668));
#2221=CARTESIAN_POINT('Ctrl Pts',(3.44383117801405,-2.2057955827828,-25.5824500245687));
#2222=CARTESIAN_POINT('Ctrl Pts',(2.62490804021705,-2.93755891958497,-25.6382567978705));
#2223=CARTESIAN_POINT('Ctrl Pts',(1.65388228978343,-3.80523625151338,-25.7044288370077));
#2224=CARTESIAN_POINT('Ctrl Pts',(0.21005219943341,-4.14379382322106,-25.7706008761449));
#2225=CARTESIAN_POINT('Ctrl Pts',(-1.0454661810303,-3.79820942512343,-25.8367729152821));
#2226=CARTESIAN_POINT('Ctrl Pts',(-2.30098456149398,-3.4526250270258,-25.9029449544194));
#2227=CARTESIAN_POINT('Ctrl Pts',(-3.36819123207132,-2.42289865912289,-25.9691169935566));
#2228=CARTESIAN_POINT('Ctrl Pts',(-3.75842237727323,-1.18053207333834,-26.0352890326938));
#2229=CARTESIAN_POINT('Ctrl Pts',(-4.14865352247516,0.0618345124462781,
-26.101461071831));
#2230=CARTESIAN_POINT('Ctrl Pts',(-3.86190914230157,1.51684131611257,-26.1676331109682));
#2231=CARTESIAN_POINT('Ctrl Pts',(-3.02948682113564,2.51825425738558,-26.2338051501055));
#2232=CARTESIAN_POINT('Ctrl Pts',(-2.19706449996976,3.51966719865853,-26.2999771892427));
#2233=CARTESIAN_POINT('Ctrl Pts',(-0.818964237811634,4.06748627753826,-26.3661492283799));
#2234=CARTESIAN_POINT('Ctrl Pts',(0.473795077374986,3.91087093019864,-26.4323212675171));
#2235=CARTESIAN_POINT('Ctrl Pts',(1.76655439256163,3.75425558285901,-26.4984933066543));
#2236=CARTESIAN_POINT('Ctrl Pts',(2.97397276077674,2.89320580929997,-26.5646653457915));
#2237=CARTESIAN_POINT('Ctrl Pts',(3.54318457447889,1.72198699485884,-26.6308373849287));
#2238=CARTESIAN_POINT('Ctrl Pts',(3.80124194355633,1.19100425944634,-26.6608370826075));
#2239=CARTESIAN_POINT('Ctrl Pts',(3.92812585070139,0.596271086829685,-26.6908367802863));
#2240=CARTESIAN_POINT('Ctrl Pts',(3.92678011085532,0.000993556717655926,
-26.720836477965));
#2241=CARTESIAN_POINT('Origin',(0.,0.,-16.5));
#2242=CARTESIAN_POINT('',(3.93182017187986,-0.00382651703811077,-28.154163522035));
#2243=CARTESIAN_POINT('',(3.93232792673699,-0.00363423074138238,-27.970836477965));
#2244=CARTESIAN_POINT('',(3.933,-4.81653586104654E-16,-16.5));
#2245=CARTESIAN_POINT('Ctrl Pts',(3.93182017187986,-0.00382651703811077,
-28.154163522035));
#2246=CARTESIAN_POINT('Ctrl Pts',(3.92321562027077,0.963633310273381,-28.1052488190039));
#2247=CARTESIAN_POINT('Ctrl Pts',(3.56288308075213,1.93703330856747,-28.0563341159728));
#2248=CARTESIAN_POINT('Ctrl Pts',(2.91553564820103,2.64950166953272,-28.0074194129417));
#2249=CARTESIAN_POINT('Ctrl Pts',(2.03980101244281,3.61333220195692,-27.9412473738045));
#2250=CARTESIAN_POINT('Ctrl Pts',(0.638806017795494,4.09963683312635,-27.8750753346673));
#2251=CARTESIAN_POINT('Ctrl Pts',(-0.645808451020326,3.88611730066063,-27.8089032955301));
#2252=CARTESIAN_POINT('Ctrl Pts',(-1.93042291983615,3.67259776819492,-27.7427312563929));
#2253=CARTESIAN_POINT('Ctrl Pts',(-3.09865686282048,2.75925407209406,-27.6765592172556));
#2254=CARTESIAN_POINT('Ctrl Pts',(-3.6156593334211,1.56410160328316,-27.6103871781184));
#2255=CARTESIAN_POINT('Ctrl Pts',(-4.13266180402173,0.368949134472268,-27.5442151389812));
#2256=CARTESIAN_POINT('Ctrl Pts',(-3.99843280223865,-1.10801210704867,-27.478043099844));
#2257=CARTESIAN_POINT('Ctrl Pts',(-3.27439683011499,-2.19039341970137,-27.4118710607068));
#2258=CARTESIAN_POINT('Ctrl Pts',(-2.5503608579913,-3.2727747323541,-27.3456990215696));
#2259=CARTESIAN_POINT('Ctrl Pts',(-1.23651791552699,-3.96057611613856,-27.2795269824323));
#2260=CARTESIAN_POINT('Ctrl Pts',(0.0655161613266049,-3.93891314812977,
-27.2133549432951));
#2261=CARTESIAN_POINT('Ctrl Pts',(1.36755023818016,-3.91725018012097,-27.1471829041579));
#2262=CARTESIAN_POINT('Ctrl Pts',(2.65777544942299,-3.18612286031895,-27.0810108650207));
#2263=CARTESIAN_POINT('Ctrl Pts',(3.34542018779781,-2.08027964751623,-27.0148388258834));
#2264=CARTESIAN_POINT('Ctrl Pts',(3.72879102615455,-1.46375774903525,-26.977947057934));
#2265=CARTESIAN_POINT('Ctrl Pts',(3.92486739460157,-0.730766403391005,-26.9410552899845));
#2266=CARTESIAN_POINT('Ctrl Pts',(3.92689883582695,0.00121504741223522,
-26.904163522035));
#2267=CARTESIAN_POINT('Ctrl Pts',(3.92678011085532,0.000993556717655926,
-26.720836477965));
#2268=CARTESIAN_POINT('Ctrl Pts',(3.92515747579588,-0.716766412477394,-26.7570088194235));
#2269=CARTESIAN_POINT('Ctrl Pts',(3.73710821715252,-1.43531779561039,-26.793181160882));
#2270=CARTESIAN_POINT('Ctrl Pts',(3.36779281061212,-2.04386101998125,-26.8293535023404));
#2271=CARTESIAN_POINT('Ctrl Pts',(2.69218397385403,-3.15710236505693,-26.8955255414776));
#2272=CARTESIAN_POINT('Ctrl Pts',(1.4099610411487,-3.90219719988503,-26.9616975806148));
#2273=CARTESIAN_POINT('Ctrl Pts',(0.108240886848064,-3.93797779426342,-27.027869619752));
#2274=CARTESIAN_POINT('Ctrl Pts',(-1.19347926745255,-3.97375838864181,-27.0940416588893));
#2275=CARTESIAN_POINT('Ctrl Pts',(-2.51469664334846,-3.30022474257051,-27.1602136980265));
#2276=CARTESIAN_POINT('Ctrl Pts',(-3.25043681432324,-2.22577362668538,-27.2263857371637));
#2277=CARTESIAN_POINT('Ctrl Pts',(-3.986176985298,-1.15132251080027,-27.2925577763009));
#2278=CARTESIAN_POINT('Ctrl Pts',(-4.13643995135165,0.324046074898656,-27.3587298154381));
#2279=CARTESIAN_POINT('Ctrl Pts',(-3.63242471452564,1.52475977233139,-27.4249018545754));
#2280=CARTESIAN_POINT('Ctrl Pts',(-3.12840947769961,2.72547346976417,-27.4910738937126));
#2281=CARTESIAN_POINT('Ctrl Pts',(-1.97011603799384,3.65153227893074,-27.5572459328498));
#2282=CARTESIAN_POINT('Ctrl Pts',(-0.687910219121171,3.87893167172289,-27.6234179719871));
#2283=CARTESIAN_POINT('Ctrl Pts',(0.594295599751464,4.10633106451503,-27.6895900111243));
#2284=CARTESIAN_POINT('Ctrl Pts',(2.000413797791,3.63507104093279,-27.7557620502615));
#2285=CARTESIAN_POINT('Ctrl Pts',(2.88658524274889,2.68088147055491,-27.8219340893987));
#2286=CARTESIAN_POINT('Ctrl Pts',(3.55128212758612,1.96516574919754,-27.8715682189208));
#2287=CARTESIAN_POINT('Ctrl Pts',(3.92344884886213,0.977746322652317,-27.9212023484429));
#2288=CARTESIAN_POINT('Ctrl Pts',(3.93232792673699,-0.00363423074138238,
-27.970836477965));
#2289=CARTESIAN_POINT('Origin',(0.,0.,-1.68922655072692));
#2290=CARTESIAN_POINT('',(3.22178323389927,-0.00313549651288526,-28.5642265507269));
#2291=CARTESIAN_POINT('',(3.22752373628992,0.000304064754693099,-28.8107734492731));
#2292=CARTESIAN_POINT('',(3.22275,-3.50678552687464E-13,-1.68922655072692));
#2293=CARTESIAN_POINT('',(-1.87556391760102,-2.62734673257437,-29.));
#2294=CARTESIAN_POINT('Ctrl Pts',(3.22178323389927,-0.00313549651288565,
-28.5642265507269));
#2295=CARTESIAN_POINT('Ctrl Pts',(3.22427074627903,-0.282820993991623,-28.581483886833));
#2296=CARTESIAN_POINT('Ctrl Pts',(3.0628667367937,-1.6320118474668,-28.6649132620764));
#2297=CARTESIAN_POINT('Ctrl Pts',(1.22730560485793,-3.56564876887135,-28.8101710785008));
#2298=CARTESIAN_POINT('Ctrl Pts',(-1.06078481285727,-3.20300666895892,-28.938171558819));
#2299=CARTESIAN_POINT('Ctrl Pts',(-1.87560218790882,-2.62738277536961,-29.));
#2300=CARTESIAN_POINT('',(1.87158653173899,-2.62360084935061,-29.));
#2301=CARTESIAN_POINT('Origin',(0.,0.,-29.));
#2302=CARTESIAN_POINT('Ctrl Pts',(3.22752373628992,0.000304064754693021,
-28.8107734492731));
#2303=CARTESIAN_POINT('Ctrl Pts',(3.22395623796453,-1.0149944518893,-28.8738489661821));
#2304=CARTESIAN_POINT('Ctrl Pts',(2.70340476632575,-2.03021035510193,-28.936924483091));
#2305=CARTESIAN_POINT('Ctrl Pts',(1.87158653173891,-2.62360084935066,-29.));
#2306=CARTESIAN_POINT('Origin',(0.,0.,-1.68922655072692));
#2307=CARTESIAN_POINT('',(3.21775062882312,0.000995625234469753,-27.3142265507269));
#2308=CARTESIAN_POINT('',(3.22219929465844,-0.00297793468687441,-27.5607734492731));
#2309=CARTESIAN_POINT('',(3.22275,-3.50678552687464E-13,-1.68922655072692));
#2310=CARTESIAN_POINT('Ctrl Pts',(3.21775062882312,0.000995625234469534,
-27.3142265507269));
#2311=CARTESIAN_POINT('Ctrl Pts',(3.21608604016072,-0.598799243968688,-27.3511183186764));
#2312=CARTESIAN_POINT('Ctrl Pts',(2.7672325174317,-2.27674621038833,-27.4541821257631));
#2313=CARTESIAN_POINT('Ctrl Pts',(0.0633611061687868,-3.80893938161121,
-27.623417971987));
#2314=CARTESIAN_POINT('Ctrl Pts',(-3.16637752298967,-2.11815989298312,-27.8219340893987));
#2315=CARTESIAN_POINT('Ctrl Pts',(-3.49634435403186,1.51256233517223,-28.0204502068104));
#2316=CARTESIAN_POINT('Ctrl Pts',(-0.62454729853773,3.75777850344756,-28.218966324222));
#2317=CARTESIAN_POINT('Ctrl Pts',(2.52004098608131,2.66624866088988,-28.4002251055275));
#2318=CARTESIAN_POINT('Ctrl Pts',(3.21473255535921,0.789613336049593,-28.5153118476958));
#2319=CARTESIAN_POINT('Ctrl Pts',(3.22178323389927,-0.00313549651288565,
-28.5642265507269));
#2320=CARTESIAN_POINT('Ctrl Pts',(3.22219929465844,-0.0029779346868743,
-27.5607734492731));
#2321=CARTESIAN_POINT('Ctrl Pts',(3.22462350745875,-0.270919643620842,-27.5773113588882));
#2322=CARTESIAN_POINT('Ctrl Pts',(3.07146355090908,-1.60821122324389,-27.6600213076405));
#2323=CARTESIAN_POINT('Ctrl Pts',(1.21124040140763,-3.61162838342997,-27.8089032955301));
#2324=CARTESIAN_POINT('Ctrl Pts',(-2.3785036069884,-2.97614353509763,-28.0074194129417));
#2325=CARTESIAN_POINT('Ctrl Pts',(-3.78980878123484,0.386106045897454,-28.2059355303534));
#2326=CARTESIAN_POINT('Ctrl Pts',(-1.73095945095748,3.39232775448051,-28.4044516477651));
#2327=CARTESIAN_POINT('Ctrl Pts',(1.91398940130413,3.29664462799291,-28.6029677651766));
#2328=CARTESIAN_POINT('Ctrl Pts',(3.20374479360984,1.1651370548185,-28.7384083656794));
#2329=CARTESIAN_POINT('Ctrl Pts',(3.22769887298963,0.050147404598273,-28.8076769270449));
#2330=CARTESIAN_POINT('Ctrl Pts',(3.22752373628992,0.000304064754693021,
-28.8107734492731));
#2331=CARTESIAN_POINT('Origin',(0.,0.,-1.68922655072692));
#2332=CARTESIAN_POINT('',(3.22551801488077,0.00242859782624087,-26.0642265507269));
#2333=CARTESIAN_POINT('',(3.21765334407805,0.000814132954428393,-26.3107734492731));
#2334=CARTESIAN_POINT('',(3.22275,-3.50678552687464E-13,-1.68922655072692));
#2335=CARTESIAN_POINT('Ctrl Pts',(3.22551801488077,0.00242859782624096,
-26.0642265507269));
#2336=CARTESIAN_POINT('Ctrl Pts',(3.21785680844149,-0.910964696385174,-26.1207527505198));
#2337=CARTESIAN_POINT('Ctrl Pts',(2.33445158619871,-2.90657573873306,-26.2434509894498));
#2338=CARTESIAN_POINT('Ctrl Pts',(-1.05075883535154,-3.66171114544025,-26.4323212675171));
#2339=CARTESIAN_POINT('Ctrl Pts',(-3.64659186327998,-1.10208864510691,-26.6308373849288));
#2340=CARTESIAN_POINT('Ctrl Pts',(-2.90294415197819,2.46680913411225,-26.8293535023404));
#2341=CARTESIAN_POINT('Ctrl Pts',(0.499162146092742,3.77664339342708,-27.0278696197521));
#2342=CARTESIAN_POINT('Ctrl Pts',(2.8968603409576,2.02722734971081,-27.1894939692142));
#2343=CARTESIAN_POINT('Ctrl Pts',(3.21907178013031,0.477041025154713,-27.2849462795392));
#2344=CARTESIAN_POINT('Ctrl Pts',(3.21775062882312,0.000995625234469534,
-27.3142265507269));
#2345=CARTESIAN_POINT('Ctrl Pts',(3.21765334407805,0.000814132954428566,
-26.3107734492731));
#2346=CARTESIAN_POINT('Ctrl Pts',(3.2163237363643,-0.587327474145176,-26.3469457907316));
#2347=CARTESIAN_POINT('Ctrl Pts',(2.78034864598077,-2.25322345515851,-26.4492901713272));
#2348=CARTESIAN_POINT('Ctrl Pts',(0.104670223489862,-3.80804993767398,-26.6178065910601));
#2349=CARTESIAN_POINT('Ctrl Pts',(-3.14319651805746,-2.15234394387047,-26.8163227084718));
#2350=CARTESIAN_POINT('Ctrl Pts',(-3.51257864914005,1.47446315724419,-27.0148388258834));
#2351=CARTESIAN_POINT('Ctrl Pts',(-0.665217716408002,3.75093609945729,-27.2133549432951));
#2352=CARTESIAN_POINT('Ctrl Pts',(2.5033964916479,2.68897615292259,-27.3953331510917));
#2353=CARTESIAN_POINT('Ctrl Pts',(3.2149236658202,0.801177717092942,-27.511139319751));
#2354=CARTESIAN_POINT('Ctrl Pts',(3.22219929465844,-0.0029779346868743,
-27.5607734492731));
#2355=CARTESIAN_POINT('Origin',(0.,0.,-1.68922655072692));
#2356=CARTESIAN_POINT('',(3.22536487409684,-0.0024831638220881,-24.8142265507269));
#2357=CARTESIAN_POINT('',(3.22519414080718,0.00253984637745189,-25.0607734492731));
#2358=CARTESIAN_POINT('',(3.22275,-3.50678552687464E-13,-1.68922655072692));
#2359=CARTESIAN_POINT('Ctrl Pts',(3.22536487409684,-0.00248316382208813,
-24.8142265507269));
#2360=CARTESIAN_POINT('Ctrl Pts',(3.22673929789834,-0.163906364128541,-24.8242151432259));
#2361=CARTESIAN_POINT('Ctrl Pts',(3.14232631563109,-1.39327752360693,-24.9003757748621));
#2362=CARTESIAN_POINT('Ctrl Pts',(1.56142943797353,-3.47478991204622,-25.0427084456355));
#2363=CARTESIAN_POINT('Ctrl Pts',(-2.07342747200354,-3.19579805811663,-25.2412245630472));
#2364=CARTESIAN_POINT('Ctrl Pts',(-3.80947895727166,0.00984483062517836,
-25.4397406804588));
#2365=CARTESIAN_POINT('Ctrl Pts',(-2.05688205178569,3.20647208033651,-25.6382567978705));
#2366=CARTESIAN_POINT('Ctrl Pts',(1.57936826147437,3.46667305899061,-25.8367729152821));
#2367=CARTESIAN_POINT('Ctrl Pts',(3.14570460839808,1.38204977723283,-25.9787628329009));
#2368=CARTESIAN_POINT('Ctrl Pts',(3.22682535142149,0.158293400457275,-26.0545807113825));
#2369=CARTESIAN_POINT('Ctrl Pts',(3.22551801488077,0.00242859782624096,
-26.0642265507269));
#2370=CARTESIAN_POINT('Ctrl Pts',(3.22519414080718,0.00253984637745187,
-25.0607734492731));
#2371=CARTESIAN_POINT('Ctrl Pts',(3.21739946915351,-0.899464068809996,-25.1165802225749));
#2372=CARTESIAN_POINT('Ctrl Pts',(2.35298372599486,-2.88409554314692,-25.2385590350139));
#2373=CARTESIAN_POINT('Ctrl Pts',(-1.01097322602388,-3.6728954889414,-25.4267098865902));
#2374=CARTESIAN_POINT('Ctrl Pts',(-3.63442120283784,-1.14158301589847,-25.6252260040018));
#2375=CARTESIAN_POINT('Ctrl Pts',(-2.92953527514565,2.43516997915515,-25.8237421214135));
#2376=CARTESIAN_POINT('Ctrl Pts',(0.458163138180335,3.78183964846077,-26.0222582388252));
#2377=CARTESIAN_POINT('Ctrl Pts',(2.88545262094576,2.05085963812089,-26.1846020147784));
#2378=CARTESIAN_POINT('Ctrl Pts',(3.21875606034787,0.488592078586031,-26.2807737515943));
#2379=CARTESIAN_POINT('Ctrl Pts',(3.21765334407805,0.000814132954428566,
-26.3107734492731));
#2380=CARTESIAN_POINT('Origin',(0.,0.,-1.68922655072692));
#2381=CARTESIAN_POINT('',(3.2177021097635,-0.000910851871730591,-23.5642265507269));
#2382=CARTESIAN_POINT('',(3.22568361968796,-0.00236534299814017,-23.8107734492731));
#2383=CARTESIAN_POINT('',(3.22275,-3.50678552687464E-13,-1.68922655072692));
#2384=CARTESIAN_POINT('Ctrl Pts',(3.2177021097635,-0.000910851871730213,
-23.5642265507269));
#2385=CARTESIAN_POINT('Ctrl Pts',(3.21892085939629,-0.482545784104177,-23.5938495750693));
#2386=CARTESIAN_POINT('Ctrl Pts',(2.89144581384567,-2.03848429024657,-23.6896446385488));
#2387=CARTESIAN_POINT('Ctrl Pts',(0.479636935968011,-3.77917652431383,-23.8516117411655));
#2388=CARTESIAN_POINT('Ctrl Pts',(-2.91565594434558,-2.45177021848169,-24.0501278585773));
#2389=CARTESIAN_POINT('Ctrl Pts',(-3.64084657275337,1.1209206150918,-24.2486439759889));
#2390=CARTESIAN_POINT('Ctrl Pts',(-1.03181916556318,3.66709367293409,-24.4471600934006));
#2391=CARTESIAN_POINT('Ctrl Pts',(2.34330717492201,2.89587302164774,-24.6356876183132));
#2392=CARTESIAN_POINT('Ctrl Pts',(3.21763406854863,0.905483775615899,-24.7580431040887));
#2393=CARTESIAN_POINT('Ctrl Pts',(3.22536487409684,-0.00248316382208813,
-24.8142265507269));
#2394=CARTESIAN_POINT('Ctrl Pts',(3.22568361968796,-0.00236534299814023,
-23.8107734492731));
#2395=CARTESIAN_POINT('Ctrl Pts',(3.22691700625051,-0.152123566657678,-23.8200426152811));
#2396=CARTESIAN_POINT('Ctrl Pts',(3.14938045579903,-1.36971331182227,-23.8954838204262));
#2397=CARTESIAN_POINT('Ctrl Pts',(1.5990338610379,-3.45764651728631,-24.0370970647086));
#2398=CARTESIAN_POINT('Ctrl Pts',(-2.03863603579315,-3.21810376228636,-24.2356131821203));
#2399=CARTESIAN_POINT('Ctrl Pts',(-3.80936183107094,-0.0314828019602038,
-24.4341292995319));
#2400=CARTESIAN_POINT('Ctrl Pts',(-2.0915465211723,3.18396951979918,-24.6326454169436));
#2401=CARTESIAN_POINT('Ctrl Pts',(1.54166730349411,3.4836031011599,-24.8311615343552));
#2402=CARTESIAN_POINT('Ctrl Pts',(3.13857687543163,1.40561906301706,-24.9738708784651));
#2403=CARTESIAN_POINT('Ctrl Pts',(3.22664188341995,0.170073459455801,-25.0504081834377));
#2404=CARTESIAN_POINT('Ctrl Pts',(3.22519414080718,0.00253984637745187,
-25.0607734492731));
#2405=CARTESIAN_POINT('Origin',(0.,0.,-1.68922655072692));
#2406=CARTESIAN_POINT('',(3.22202334235877,0.00293977545441053,-22.3142265507269));
#2407=CARTESIAN_POINT('',(3.21781094533637,-0.00109201711510493,-22.5607734492731));
#2408=CARTESIAN_POINT('',(3.22275,-3.50678552687464E-13,-1.68922655072692));
#2409=CARTESIAN_POINT('Ctrl Pts',(3.22202334235876,0.00293977545441075,
-22.3142265507269));
#2410=CARTESIAN_POINT('Ctrl Pts',(3.21485477763845,-0.795222971980328,-22.3634840069126));
#2411=CARTESIAN_POINT('Ctrl Pts',(2.51207442813059,-2.67690413812812,-22.4789135022355));
#2412=CARTESIAN_POINT('Ctrl Pts',(-0.643895962313392,-3.75468038336495,
-22.6605150366956));
#2413=CARTESIAN_POINT('Ctrl Pts',(-3.50414951515413,-1.49437711669902,-22.8590311541073));
#2414=CARTESIAN_POINT('Ctrl Pts',(-3.15536959801376,2.13444828735832,-23.0575472715189));
#2415=CARTESIAN_POINT('Ctrl Pts',(0.0830377755038975,3.80858655139262,-23.2560633889306));
#2416=CARTESIAN_POINT('Ctrl Pts',(2.77350577572676,2.26553705103542,-23.4249564819999));
#2417=CARTESIAN_POINT('Ctrl Pts',(3.21619841122667,0.593332398259271,-23.527677535932));
#2418=CARTESIAN_POINT('Ctrl Pts',(3.2177021097635,-0.000910851871730213,
-23.5642265507269));
#2419=CARTESIAN_POINT('Ctrl Pts',(3.21781094533637,-0.00109201711510507,
-22.5607734492731));
#2420=CARTESIAN_POINT('Ctrl Pts',(3.21923934819108,-0.470990357339723,-22.5896770471244));
#2421=CARTESIAN_POINT('Ctrl Pts',(2.90276203888559,-2.0148442457281,-22.6847526841129));
#2422=CARTESIAN_POINT('Ctrl Pts',(0.520607078309246,-3.77375105066618,-22.8460003602387));
#2423=CARTESIAN_POINT('Ctrl Pts',(-2.88888657260165,-2.48325654992163,-23.0445164776503));
#2424=CARTESIAN_POINT('Ctrl Pts',(-3.65279285279464,1.0813570625854,-23.243032595062));
#2425=CARTESIAN_POINT('Ctrl Pts',(-1.07154092184532,3.65568444697524,-23.4415487124736));
#2426=CARTESIAN_POINT('Ctrl Pts',(2.324664353967,2.91832102992211,-23.6307956638774));
#2427=CARTESIAN_POINT('Ctrl Pts',(3.21811193103462,0.916991716057355,-23.7538705761438));
#2428=CARTESIAN_POINT('Ctrl Pts',(3.22568361968796,-0.00236534299814023,
-23.8107734492731));
#2429=CARTESIAN_POINT('Origin',(0.,0.,-1.68922655072692));
#2430=CARTESIAN_POINT('',(3.22780125547835,-0.000807975856985475,-21.0642265507269));
#2431=CARTESIAN_POINT('',(3.22168025220935,0.00291536553756952,-21.3107734492731));
#2432=CARTESIAN_POINT('',(3.22275,-3.50678552687464E-13,-1.68922655072692));
#2433=CARTESIAN_POINT('Ctrl Pts',(3.22780125547835,-0.000807975856985214,
-21.0642265507269));
#2434=CARTESIAN_POINT('Ctrl Pts',(3.22794881285122,-0.0446755579805932,
-21.0669463996188));
#2435=CARTESIAN_POINT('Ctrl Pts',(3.2072587157496,-1.15566866764238,-21.1358382876478));
#2436=CARTESIAN_POINT('Ctrl Pts',(1.93216880487055,-3.28313120374084,-21.2709022148141));
#2437=CARTESIAN_POINT('Ctrl Pts',(-1.71139382791248,-3.40343326029397,-21.4694183322257));
#2438=CARTESIAN_POINT('Ctrl Pts',(-3.78769454725569,-0.406935877235034,
-21.6679344496374));
#2439=CARTESIAN_POINT('Ctrl Pts',(-2.39529664981228,2.96222564145429,-21.866450567049));
#2440=CARTESIAN_POINT('Ctrl Pts',(1.19066835615586,3.61863726520681,-22.0649666844607));
#2441=CARTESIAN_POINT('Ctrl Pts',(3.06701963457919,1.62056247950169,-22.2142253456866));
#2442=CARTESIAN_POINT('Ctrl Pts',(3.22448496526816,0.277021935714846,-22.2973119677754));
#2443=CARTESIAN_POINT('Ctrl Pts',(3.22202334235876,0.00293977545441075,
-22.3142265507269));
#2444=CARTESIAN_POINT('Ctrl Pts',(3.22168025220935,0.00291536553756969,
-21.3107734492731));
#2445=CARTESIAN_POINT('Ctrl Pts',(3.21473631374842,-0.783803206853711,-21.3593114789678));
#2446=CARTESIAN_POINT('Ctrl Pts',(2.52851158862444,-2.65389965591731,-21.4740215477996));
#2447=CARTESIAN_POINT('Ctrl Pts',(-0.603125524725624,-3.76144497815666,
-21.6549036557688));
#2448=CARTESIAN_POINT('Ctrl Pts',(-3.48773181525982,-1.53230398651663,-21.8534197731804));
#2449=CARTESIAN_POINT('Ctrl Pts',(-3.17833965307336,2.10009184846071,-22.051935890592));
#2450=CARTESIAN_POINT('Ctrl Pts',(0.0417155049676254,3.8092635166047,-22.2504520080037));
#2451=CARTESIAN_POINT('Ctrl Pts',(2.76029620731376,2.28904407017042,-22.4200645275641));
#2452=CARTESIAN_POINT('Ctrl Pts',(3.21596915566723,0.604797214845065,-22.5235050079872));
#2453=CARTESIAN_POINT('Ctrl Pts',(3.21781094533637,-0.00109201711510507,
-22.5607734492731));
#2454=CARTESIAN_POINT('Origin',(0.,0.,-1.68922655072692));
#2455=CARTESIAN_POINT('',(3.2196384284225,-0.00244574599733492,-19.8142265507269));
#2456=CARTESIAN_POINT('',(3.22791226462234,-0.000598447453539763,-20.0607734492731));
#2457=CARTESIAN_POINT('',(3.22275,-3.50678552687464E-13,-1.68922655072692));
#2458=CARTESIAN_POINT('Ctrl Pts',(3.2196384284225,-0.00244574599733535,
-19.8142265507269));
#2459=CARTESIAN_POINT('Ctrl Pts',(3.22220022699793,-0.365351915140921,-19.8365808314621));
#2460=CARTESIAN_POINT('Ctrl Pts',(2.99804309527798,-1.79944358016763,-19.9251071513345));
#2461=CARTESIAN_POINT('Ctrl Pts',(0.890165395090007,-3.7040292062666,-20.0798055103441));
#2462=CARTESIAN_POINT('Ctrl Pts',(-2.62995768125304,-2.75600242857476,-20.2783216277558));
#2463=CARTESIAN_POINT('Ctrl Pts',(-3.74161554020425,0.715918948480851,-20.4768377451674));
#2464=CARTESIAN_POINT('Ctrl Pts',(-1.42677306051077,3.53221537074008,-20.6753538625791));
#2465=CARTESIAN_POINT('Ctrl Pts',(2.14506387790612,3.11950913908088,-20.8711501310989));
#2466=CARTESIAN_POINT('Ctrl Pts',(3.22435884420187,1.02259232218019,-21.0007743604815));
#2467=CARTESIAN_POINT('Ctrl Pts',(3.22780125547835,-0.000807975856985214,
-21.0642265507269));
#2468=CARTESIAN_POINT('Ctrl Pts',(3.22791226462234,-0.000598447453539564,
-20.0607734492731));
#2469=CARTESIAN_POINT('Ctrl Pts',(3.22799466505341,-0.0328596639038013,
-20.0627738716739));
#2470=CARTESIAN_POINT('Ctrl Pts',(3.21293893433363,-1.13221192111181,-20.1309463332119));
#2471=CARTESIAN_POINT('Ctrl Pts',(1.96767222771199,-3.26197711925819,-20.2652908338872));
#2472=CARTESIAN_POINT('Ctrl Pts',(-1.67437114152555,-3.4217992347155,-20.4638069512988));
#2473=CARTESIAN_POINT('Ctrl Pts',(-3.78305726927029,-0.448002700543503,
-20.6623230687105));
#2474=CARTESIAN_POINT('Ctrl Pts',(-2.42729151119695,2.9360661848712,-20.8608391861221));
#2475=CARTESIAN_POINT('Ctrl Pts',(1.15134164085018,3.6313415080818,-21.0593553035338));
#2476=CARTESIAN_POINT('Ctrl Pts',(3.05840666632784,1.64420769855424,-21.2093333912508));
#2477=CARTESIAN_POINT('Ctrl Pts',(3.22420300554645,0.288732544797981,-21.2931394398305));
#2478=CARTESIAN_POINT('Ctrl Pts',(3.22168025220935,0.00291536553756969,
-21.3107734492731));
#2479=CARTESIAN_POINT('Origin',(0.,0.,-1.68922655072692));
#2480=CARTESIAN_POINT('',(3.21898865128637,0.00213555778558275,-18.5642265507269));
#2481=CARTESIAN_POINT('',(3.21991916862587,-0.00254970737531335,-18.8107734492731));
#2482=CARTESIAN_POINT('',(3.22275,-3.50678552687464E-13,-1.68922655072692));
#2483=CARTESIAN_POINT('Ctrl Pts',(3.21898865128637,0.00213555778558285,
-18.5642265507269));
#2484=CARTESIAN_POINT('Ctrl Pts',(3.21484111401699,-0.6798678730812,-18.6062152633055));
#2485=CARTESIAN_POINT('Ctrl Pts',(2.66898438177416,-2.44274015533187,-18.7143760150212));
#2486=CARTESIAN_POINT('Ctrl Pts',(-0.229304639673564,-3.80258414419931,
-18.8887088058742));
#2487=CARTESIAN_POINT('Ctrl Pts',(-3.31964952211302,-1.86873054286236,-19.0872249232858));
#2488=CARTESIAN_POINT('Ctrl Pts',(-3.36992251863097,1.77647094260381,-19.2857410406975));
#2489=CARTESIAN_POINT('Ctrl Pts',(-0.334084575310107,3.79481413089385,-19.4842571581091));
#2490=CARTESIAN_POINT('Ctrl Pts',(2.63139354264757,2.50199291825531,-19.6604189947856));
#2491=CARTESIAN_POINT('Ctrl Pts',(3.21461691722369,0.708905025271933,-19.7704087923249));
#2492=CARTESIAN_POINT('Ctrl Pts',(3.2196384284225,-0.00244574599733535,
-19.8142265507269));
#2493=CARTESIAN_POINT('Ctrl Pts',(3.21991916862587,-0.00254970737531324,
-18.8107734492731));
#2494=CARTESIAN_POINT('Ctrl Pts',(3.22251900415422,-0.353699434652717,-18.8324083035173));
#2495=CARTESIAN_POINT('Ctrl Pts',(3.00768205990189,-1.77577670803898,-18.9202151968986));
#2496=CARTESIAN_POINT('Ctrl Pts',(0.930296172066862,-3.69415453852581,-19.0741941294172));
#2497=CARTESIAN_POINT('Ctrl Pts',(-2.59990464457859,-2.7843714840825,-19.2727102468289));
#2498=CARTESIAN_POINT('Ctrl Pts',(-3.74916224314927,0.675286011121885,-19.4712263642405));
#2499=CARTESIAN_POINT('Ctrl Pts',(-1.46500837607177,3.51652942264282,-19.6697424816522));
#2500=CARTESIAN_POINT('Ctrl Pts',(2.1242357503222,3.14122249980009,-19.866258176663));
#2501=CARTESIAN_POINT('Ctrl Pts',(3.22526893845329,1.0343101881793,-19.9966018325367));
#2502=CARTESIAN_POINT('Ctrl Pts',(3.22791226462234,-0.000598447453539564,
-20.0607734492731));
#2503=CARTESIAN_POINT('Origin',(0.,0.,-1.68922655072692));
#2504=CARTESIAN_POINT('',(3.22739159533433,0.00131565511874423,-17.3142265507269));
#2505=CARTESIAN_POINT('',(3.21876054734393,0.00199703178577565,-17.5607734492731));
#2506=CARTESIAN_POINT('',(3.22275,-3.50678552687464E-13,-1.68922655072692));
#2507=CARTESIAN_POINT('Ctrl Pts',(3.22739159533433,0.00131565511874416,
-17.3142265507269));
#2508=CARTESIAN_POINT('Ctrl Pts',(3.22225260284282,-0.99292056846474,-17.3758496951488));
#2509=CARTESIAN_POINT('Ctrl Pts',(2.19702984503997,-3.06394041896212,-17.5036448787079));
#2510=CARTESIAN_POINT('Ctrl Pts',(-1.32881944294145,-3.57021927611633,-17.6976121014042));
#2511=CARTESIAN_POINT('Ctrl Pts',(-3.72044893239431,-0.818832420546385,
-17.8961282188159));
#2512=CARTESIAN_POINT('Ctrl Pts',(-2.70496206000326,2.68242558991572,-18.0946443362276));
#2513=CARTESIAN_POINT('Ctrl Pts',(0.787677613104514,3.72716927027816,-18.2931604536392));
#2514=CARTESIAN_POINT('Ctrl Pts',(2.9728116169893,1.85961616910779,-18.4496878584723));
#2515=CARTESIAN_POINT('Ctrl Pts',(3.22137741822015,0.394934257006067,-18.5400432241682));
#2516=CARTESIAN_POINT('Ctrl Pts',(3.21898865128637,0.00213555778558285,
-18.5642265507269));
#2517=CARTESIAN_POINT('Ctrl Pts',(3.21876054734393,0.00199703178577565,
-17.5607734492731));
#2518=CARTESIAN_POINT('Ctrl Pts',(3.21496519246418,-0.668440428266484,-17.6020427353606));
#2519=CARTESIAN_POINT('Ctrl Pts',(2.68342861593997,-2.41938328614317,-17.7094840605853));
#2520=CARTESIAN_POINT('Ctrl Pts',(-0.188038888592564,-3.80484823595501,
-17.8830974249473));
#2521=CARTESIAN_POINT('Ctrl Pts',(-3.2991815000422,-1.90463386299108,-18.0816135423589));
#2522=CARTESIAN_POINT('Ctrl Pts',(-3.38899645083974,1.73980797172237,-18.2801296597706));
#2523=CARTESIAN_POINT('Ctrl Pts',(-0.375232917506301,3.79096676058928,-18.4786457771823));
#2524=CARTESIAN_POINT('Ctrl Pts',(2.61626330706233,2.5252444280299,-18.6555270403498));
#2525=CARTESIAN_POINT('Ctrl Pts',(3.21456718638875,0.720321829100735,-18.76623626438));
#2526=CARTESIAN_POINT('Ctrl Pts',(3.21991916862587,-0.00254970737531324,
-18.8107734492731));
#2527=CARTESIAN_POINT('Origin',(0.,0.,-1.68922655072692));
#2528=CARTESIAN_POINT('',(3.22291513069624,-0.00294148620872503,-16.0642265507269));
#2529=CARTESIAN_POINT('',(3.22718568836025,0.00150267989108006,-16.3107734492731));
#2530=CARTESIAN_POINT('',(3.22275,-3.50678552687464E-13,-1.68922655072692));
#2531=CARTESIAN_POINT('Ctrl Pts',(3.22291513069624,-0.00294148620872459,
-16.0642265507269));
#2532=CARTESIAN_POINT('Ctrl Pts',(3.22516659256943,-0.247213327993424,-16.0793120878549));
#2533=CARTESIAN_POINT('Ctrl Pts',(3.08823556760372,-1.5604738636406,-16.1605696641202));
#2534=CARTESIAN_POINT('Ctrl Pts',(1.29000978307038,-3.58442485638554,-16.3079992795226));
#2535=CARTESIAN_POINT('Ctrl Pts',(-2.3126937618406,-3.027156149827,-16.5065153969343));
#2536=CARTESIAN_POINT('Ctrl Pts',(-3.797476351758,0.302324576127411,-16.7050315143459));
#2537=CARTESIAN_POINT('Ctrl Pts',(-1.80460233439508,3.35494220608756,-16.9035476317576));
#2538=CARTESIAN_POINT('Ctrl Pts',(1.84089217363059,3.33516758148035,-17.1020637491693));
#2539=CARTESIAN_POINT('Ctrl Pts',(3.19222330897436,1.21535536219961,-17.238956722159));
#2540=CARTESIAN_POINT('Ctrl Pts',(3.22777094526861,0.074708143374124,-17.3096776560116));
#2541=CARTESIAN_POINT('Ctrl Pts',(3.22739159533433,0.00131565511874416,
-17.3142265507269));
#2542=CARTESIAN_POINT('Ctrl Pts',(3.22718568836025,0.00150267989108039,
-16.3107734492731));
#2543=CARTESIAN_POINT('Ctrl Pts',(3.22150375908564,-0.98129261595679,-16.371677167204));
#2544=CARTESIAN_POINT('Ctrl Pts',(2.21708353907876,-3.04194543119133,-16.4987529242721));
#2545=CARTESIAN_POINT('Ctrl Pts',(-1.29000986888539,-3.58442509483059,-16.6920007204773));
#2546=CARTESIAN_POINT('Ctrl Pts',(-3.7113471541219,-0.85914551960905,-16.890516837889));
#2547=CARTESIAN_POINT('Ctrl Pts',(-2.73390331292221,2.65292317978981,-17.0890329553007));
#2548=CARTESIAN_POINT('Ctrl Pts',(0.747197177896389,3.73549529508694,-17.2875490727123));
#2549=CARTESIAN_POINT('Ctrl Pts',(2.96259863415136,1.88328322743052,-17.4447959040365));
#2550=CARTESIAN_POINT('Ctrl Pts',(3.22105074410444,0.406553060876206,-17.5358706962234));
#2551=CARTESIAN_POINT('Ctrl Pts',(3.21876054734393,0.00199703178577565,
-17.5607734492731));
#2552=CARTESIAN_POINT('Origin',(0.,0.,-1.68922655072692));
#2553=CARTESIAN_POINT('',(3.21751660805113,0.000435129475807931,-14.8142265507269));
#2554=CARTESIAN_POINT('',(3.22326979306074,-0.00291805600666467,-15.0607734492731));
#2555=CARTESIAN_POINT('',(3.22275,-3.50678552687464E-13,-1.68922655072692));
#2556=CARTESIAN_POINT('Ctrl Pts',(3.21751660805113,0.000435129475807906,
-14.8142265507269));
#2557=CARTESIAN_POINT('Ctrl Pts',(3.2168364194547,-0.564151243692138,-14.8489465196983));
#2558=CARTESIAN_POINT('Ctrl Pts',(2.80626478352532,-2.20569579911946,-14.9498385278069));
#2559=CARTESIAN_POINT('Ctrl Pts',(0.188038876083482,-3.80484798284677,-15.1169025750527));
#2560=CARTESIAN_POINT('Ctrl Pts',(-3.09530595424366,-2.22065482259525,-15.3154186924644));
#2561=CARTESIAN_POINT('Ctrl Pts',(-3.54402847063691,1.39717178285522,-15.513934809876));
#2562=CARTESIAN_POINT('Ctrl Pts',(-0.747197128190652,3.73549504659228,-15.7124509272877));
#2563=CARTESIAN_POINT('Ctrl Pts',(2.46936910786463,2.73518927451106,-15.8958815075713));
#2564=CARTESIAN_POINT('Ctrl Pts',(3.21529065497937,0.824274265554917,-16.0131400487177));
#2565=CARTESIAN_POINT('Ctrl Pts',(3.22291513069624,-0.00294148620872459,
-16.0642265507269));
#2566=CARTESIAN_POINT('Ctrl Pts',(3.22326979306074,-0.00291805600666474,
-15.0607734492731));
#2567=CARTESIAN_POINT('Ctrl Pts',(3.22541952247425,-0.235475103364689,-15.0751395599101));
#2568=CARTESIAN_POINT('Ctrl Pts',(3.09631550153852,-1.53685054859547,-15.1556777096843));
#2569=CARTESIAN_POINT('Ctrl Pts',(1.32881953133766,-3.57021951361659,-15.3023878985957));
#2570=CARTESIAN_POINT('Ctrl Pts',(-2.27971776718408,-3.05206743442184,-15.5009040160074));
#2571=CARTESIAN_POINT('Ctrl Pts',(-3.80053289934873,0.261109944737834,-15.6994201334191));
#2572=CARTESIAN_POINT('Ctrl Pts',(-1.84089229609121,3.33516780334439,-15.8979362508307));
#2573=CARTESIAN_POINT('Ctrl Pts',(1.80460245444209,3.3549424292668,-16.0964523682424));
#2574=CARTESIAN_POINT('Ctrl Pts',(3.18607312398448,1.2388519567246,-16.2340647677232));
#2575=CARTESIAN_POINT('Ctrl Pts',(3.22767718919973,0.0865168871435919,-16.3055051280667));
#2576=CARTESIAN_POINT('Ctrl Pts',(3.22718568836025,0.00150267989108039,
-16.3107734492731));
#2577=CARTESIAN_POINT('Origin',(0.,0.,-1.68922655072692));
#2578=CARTESIAN_POINT('',(3.22451322568949,0.0027251214850018,-13.5642265507269));
#2579=CARTESIAN_POINT('',(3.21748013287458,0.000244134403982743,-13.8107734492731));
#2580=CARTESIAN_POINT('',(3.22275,-3.50678552687464E-13,-1.68922655072692));
#2581=CARTESIAN_POINT('Ctrl Pts',(3.22451322568949,0.00272512148500201,
-13.5642265507269));
#2582=CARTESIAN_POINT('Ctrl Pts',(3.21658945753921,-0.876284618149151,-13.6185809515416));
#2583=CARTESIAN_POINT('Ctrl Pts',(2.38975209596234,-2.83853056065759,-13.7391073914936));
#2584=CARTESIAN_POINT('Ctrl Pts',(-0.930296110181402,-3.69415429278112,
-13.9258058705828));
#2585=CARTESIAN_POINT('Ctrl Pts',(-3.60854921039318,-1.22090105563988,-14.1243219879944));
#2586=CARTESIAN_POINT('Ctrl Pts',(-2.98216158561128,2.37043014425573,-14.3228381054061));
#2587=CARTESIAN_POINT('Ctrl Pts',(0.375232892545098,3.79096650840444,-14.5213542228178));
#2588=CARTESIAN_POINT('Ctrl Pts',(2.86189660865888,2.09855033843956,-14.685150371258));
#2589=CARTESIAN_POINT('Ctrl Pts',(3.21813277621299,0.511881733537776,-14.7827744805611));
#2590=CARTESIAN_POINT('Ctrl Pts',(3.21751660805113,0.000435129475807906,
-14.8142265507269));
#2591=CARTESIAN_POINT('Ctrl Pts',(3.21748013287458,0.000244134403983055,
-13.8107734492731));
#2592=CARTESIAN_POINT('Ctrl Pts',(3.21710665015687,-0.552659304403684,-13.8447739917535));
#2593=CARTESIAN_POINT('Ctrl Pts',(2.81882881231174,-2.18213075589439,-13.944946573371));
#2594=CARTESIAN_POINT('Ctrl Pts',(0.229304654927201,-3.80258439715699,-14.1112911941258));
#2595=CARTESIAN_POINT('Ctrl Pts',(-3.07103327423536,-2.25410366904724,-14.3098073115375));
#2596=CARTESIAN_POINT('Ctrl Pts',(-3.5589773481003,1.35864232157767,-14.5083234289491));
#2597=CARTESIAN_POINT('Ctrl Pts',(-0.787677665502583,3.72716951821908,-14.7068395463608));
#2598=CARTESIAN_POINT('Ctrl Pts',(2.45220870057919,2.75803123804678,-14.8909895531354));
#2599=CARTESIAN_POINT('Ctrl Pts',(3.21551760939006,0.835710719176513,-15.0089675207729));
#2600=CARTESIAN_POINT('Ctrl Pts',(3.22326979306074,-0.00291805600666474,
-15.0607734492731));
#2601=CARTESIAN_POINT('Origin',(0.,0.,-1.68922655072692));
#2602=CARTESIAN_POINT('',(3.22628811935645,-0.00209079606767247,-12.3142265507269));
#2603=CARTESIAN_POINT('',(3.22416661260445,0.0027968581207316,-12.5607734492731));
#2604=CARTESIAN_POINT('',(3.22275,-3.50678552687464E-13,-1.68922655072692));
#2605=CARTESIAN_POINT('Ctrl Pts',(3.22628811935645,-0.00209079606767238,
-12.3142265507269));
#2606=CARTESIAN_POINT('Ctrl Pts',(3.22723814920831,-0.12832174754755,-12.3220433442478));
#2607=CARTESIAN_POINT('Ctrl Pts',(3.1631935509523,-1.32217156888016,-12.3960321769059));
#2608=CARTESIAN_POINT('Ctrl Pts',(1.67437103014188,-3.42179900708874,-12.5361930487012));
#2609=CARTESIAN_POINT('Ctrl Pts',(-1.96767209681759,-3.26197690226299,-12.7347091661129));
#2610=CARTESIAN_POINT('Ctrl Pts',(-3.80775854660356,-0.114898399724864,
-12.9332252835245));
#2611=CARTESIAN_POINT('Ctrl Pts',(-2.16077215065776,3.13740187168199,-13.1317414009362));
#2612=CARTESIAN_POINT('Ctrl Pts',(1.46500827861585,3.51652918871418,-13.3302575183478));
#2613=CARTESIAN_POINT('Ctrl Pts',(3.12375279184583,1.45322820556207,-13.4744192349447));
#2614=CARTESIAN_POINT('Ctrl Pts',(3.22623599743837,0.193837874624119,-13.5524089124044));
#2615=CARTESIAN_POINT('Ctrl Pts',(3.22451322568949,0.00272512148500201,
-13.5642265507269));
#2616=CARTESIAN_POINT('Ctrl Pts',(3.22416661260445,0.00279685812073167,
-12.5607734492731));
#2617=CARTESIAN_POINT('Ctrl Pts',(3.21624316736559,-0.864819404596632,-12.6144084235968));
#2618=CARTESIAN_POINT('Ctrl Pts',(2.40764837992188,-2.81587419363719,-12.7342154370577));
#2619=CARTESIAN_POINT('Ctrl Pts',(-0.890165454306381,-3.70402945266807,
-12.9201944896559));
#2620=CARTESIAN_POINT('Ctrl Pts',(-3.59509217450574,-1.25997657878259,-13.1187106070676));
#2621=CARTESIAN_POINT('Ctrl Pts',(-3.00770186719716,2.3379388786561,-13.3172267244792));
#2622=CARTESIAN_POINT('Ctrl Pts',(0.334084597534551,3.79481438333461,-13.5157428418909));
#2623=CARTESIAN_POINT('Ctrl Pts',(2.84996423682953,2.1221597069869,-13.6802584168222));
#2624=CARTESIAN_POINT('Ctrl Pts',(3.21783352423624,0.523404349963712,-13.7786019526162));
#2625=CARTESIAN_POINT('Ctrl Pts',(3.21748013287458,0.000244134403983055,
-13.8107734492731));
#2626=CARTESIAN_POINT('Origin',(0.,0.,-1.68922655072692));
#2627=CARTESIAN_POINT('',(3.2180894617029,-0.0014432353009003,-11.0642265507269));
#2628=CARTESIAN_POINT('',(3.2265651879777,-0.00193767907423037,-11.3107734492731));
#2629=CARTESIAN_POINT('',(3.22275,-3.50678552687464E-13,-1.68922655072692));
#2630=CARTESIAN_POINT('Ctrl Pts',(3.2180894617029,-0.00144323530090029,
-11.0642265507269));
#2631=CARTESIAN_POINT('Ctrl Pts',(3.2198913755138,-0.44763310488844,-11.0916777760911));
#2632=CARTESIAN_POINT('Ctrl Pts',(2.92508560260665,-1.96710055799565,-11.1853010405926));
#2633=CARTESIAN_POINT('Ctrl Pts',(0.603125484603948,-3.76144472793574,-11.3450963442313));
#2634=CARTESIAN_POINT('Ctrl Pts',(-2.83381146017629,-2.54592603970828,-11.5436124616429));
#2635=CARTESIAN_POINT('Ctrl Pts',(-3.6755977745367,1.00110328703505,-11.7421285790546));
#2636=CARTESIAN_POINT('Ctrl Pts',(-1.15134156425978,3.63134126651572,-11.9406446964662));
#2637=CARTESIAN_POINT('Ctrl Pts',(2.28637868762032,2.96344322900187,-12.131344020357));
#2638=CARTESIAN_POINT('Ctrl Pts',(3.21919579624463,0.940269796970771,-12.2558713051106));
#2639=CARTESIAN_POINT('Ctrl Pts',(3.22628811935645,-0.00209079606767238,
-12.3142265507269));
#2640=CARTESIAN_POINT('Ctrl Pts',(3.2265651879777,-0.00193767907423063,
-11.3107734492731));
#2641=CARTESIAN_POINT('Ctrl Pts',(3.22737868454563,-0.116525040001133,-11.3178708163029));
#2642=CARTESIAN_POINT('Ctrl Pts',(3.16982661829014,-1.29863736642609,-11.39114022247));
#2643=CARTESIAN_POINT('Ctrl Pts',(1.71139394175852,-3.40343348669922,-11.5305816677743));
#2644=CARTESIAN_POINT('Ctrl Pts',(-1.93216893340365,-3.283131422143,-11.729097785186));
#2645=CARTESIAN_POINT('Ctrl Pts',(-3.80628825310501,-0.156200052969988,
-11.9276139025976));
#2646=CARTESIAN_POINT('Ctrl Pts',(-2.19468119389263,3.11377635347292,-12.1261300200093));
#2647=CARTESIAN_POINT('Ctrl Pts',(1.42677315542368,3.532215605712,-12.3246461374209));
#2648=CARTESIAN_POINT('Ctrl Pts',(3.11619289226636,1.47682444959539,-12.4695272805089));
#2649=CARTESIAN_POINT('Ctrl Pts',(3.22601870161462,0.205600373105045,-12.5482363844596));
#2650=CARTESIAN_POINT('Ctrl Pts',(3.22416661260445,0.00279685812073167,
-12.5607734492731));
#2651=CARTESIAN_POINT('Origin',(0.,0.,-1.68922655072692));
#2652=CARTESIAN_POINT('',(3.22100734608249,0.00282649952189014,-9.81422655072691));
#2653=CARTESIAN_POINT('',(3.21825629783081,-0.00160853514857423,-10.0607734492731));
#2654=CARTESIAN_POINT('',(3.22275,-3.50678552687464E-13,-1.68922655072692));
#2655=CARTESIAN_POINT('Ctrl Pts',(3.22100734608249,0.00282649952189011,
-9.81422655072691));
#2656=CARTESIAN_POINT('Ctrl Pts',(3.21458193568669,-0.760756138908987,-9.86131220793449));
#2657=CARTESIAN_POINT('Ctrl Pts',(2.56107977949307,-2.60733129412146,-9.97456990427929));
#2658=CARTESIAN_POINT('Ctrl Pts',(-0.520607043677342,-3.77375079962667,
-10.1539996397613));
#2659=CARTESIAN_POINT('Ctrl Pts',(-3.45333844018744,-1.60831601652164,-10.352515757173));
#2660=CARTESIAN_POINT('Ctrl Pts',(-3.22356818263059,2.02998398106989,-10.5510318745847));
#2661=CARTESIAN_POINT('Ctrl Pts',(-0.041715502192389,3.80926326320274,-10.7495479919963));
#2662=CARTESIAN_POINT('Ctrl Pts',(2.73306348571003,2.3364395385402,-10.9206128840437));
#2663=CARTESIAN_POINT('Ctrl Pts',(3.21554780579571,0.627921560567298,-11.0255057369539));
#2664=CARTESIAN_POINT('Ctrl Pts',(3.2180894617029,-0.00144323530090029,
-11.0642265507269));
#2665=CARTESIAN_POINT('Ctrl Pts',(3.21825629783081,-0.00160853514857444,
-10.0607734492731));
#2666=CARTESIAN_POINT('Ctrl Pts',(3.22021789735972,-0.436048670120364,-10.0875052481463));
#2667=CARTESIAN_POINT('Ctrl Pts',(2.93588810625606,-1.94344357404247,-10.1804090861567));
#2668=CARTESIAN_POINT('Ctrl Pts',(0.64389600514668,-3.75468063313598,-10.3394849633044));
#2669=CARTESIAN_POINT('Ctrl Pts',(-2.80602545128106,-2.57651894792809,-10.538001080716));
#2670=CARTESIAN_POINT('Ctrl Pts',(-3.68624217568796,0.961169779201173,-10.7365171981277));
#2671=CARTESIAN_POINT('Ctrl Pts',(-1.19066843536188,3.61863750592795,-10.9350333155393));
#2672=CARTESIAN_POINT('Ctrl Pts',(2.26709104012887,2.98569393060691,-11.1264520659211));
#2673=CARTESIAN_POINT('Ctrl Pts',(3.21979407936677,0.95182598369516,-11.2516987771657));
#2674=CARTESIAN_POINT('Ctrl Pts',(3.2265651879777,-0.00193767907423063,
-11.3107734492731));
#2675=CARTESIAN_POINT('Origin',(0.,0.,-1.68922655072692));
#2676=CARTESIAN_POINT('',(3.22803770742153,-0.000165246554642111,-8.56422655072691));
#2677=CARTESIAN_POINT('',(3.22068695710682,0.0027634802553439,-8.8107734492731));
#2678=CARTESIAN_POINT('',(3.22275,-3.50678552687464E-13,-1.68922655072692));
#2679=CARTESIAN_POINT('Ctrl Pts',(3.22803770742153,-0.00016524655464189,
-8.56422655072691));
#2680=CARTESIAN_POINT('Ctrl Pts',(3.22804428787541,-0.0090028325334409,
-8.56477460064063));
#2681=CARTESIAN_POINT('Ctrl Pts',(3.22400818524266,-1.08489230825642,-8.63149468969158));
#2682=CARTESIAN_POINT('Ctrl Pts',(2.03863590017702,-3.21810354820163,-8.76438681787973));
#2683=CARTESIAN_POINT('Ctrl Pts',(-1.59903375466586,-3.45764628727923,-8.96290293529139));
#2684=CARTESIAN_POINT('Ctrl Pts',(-3.77233871438524,-0.530742325067514,
-9.16141905270304));
#2685=CARTESIAN_POINT('Ctrl Pts',(-2.49100763667376,2.88220536118864,-9.3599351701147));
#2686=CARTESIAN_POINT('Ctrl Pts',(1.0715408505638,3.65568420379039,-9.55845128752636));
#2687=CARTESIAN_POINT('Ctrl Pts',(3.04055045492446,1.69195672571717,-9.70988174773043));
#2688=CARTESIAN_POINT('Ctrl Pts',(3.22361191494999,0.312348140213317,-9.79514016879728));
#2689=CARTESIAN_POINT('Ctrl Pts',(3.22100734608249,0.00282649952189011,
-9.81422655072691));
#2690=CARTESIAN_POINT('Ctrl Pts',(3.22068695710682,0.00276348025534376,
-8.8107734492731));
#2691=CARTESIAN_POINT('Ctrl Pts',(3.21454616928254,-0.749341871109864,-8.85713967998966));
#2692=CARTESIAN_POINT('Ctrl Pts',(2.57691021847637,-2.58420475054503,-8.96967794984343));
#2693=CARTESIAN_POINT('Ctrl Pts',(-0.479636967875205,-3.77917677571362,
-9.14838825883442));
#2694=CARTESIAN_POINT('Ctrl Pts',(-3.43568766267509,-1.64568496583432,-9.3469043762461));
#2695=CARTESIAN_POINT('Ctrl Pts',(-3.24540094963344,1.99489383131163,-9.54542049365774));
#2696=CARTESIAN_POINT('Ctrl Pts',(-0.0830377810274351,3.80858680474948,
-9.7439366110694));
#2697=CARTESIAN_POINT('Ctrl Pts',(2.71929206538507,2.35988468571092,-9.91572092960785));
#2698=CARTESIAN_POINT('Ctrl Pts',(3.21536214330387,0.63936678360545,-10.0213332090091));
#2699=CARTESIAN_POINT('Ctrl Pts',(3.21825629783081,-0.00160853514857444,
-10.0607734492731));
#2700=CARTESIAN_POINT('Origin',(0.,0.,-1.68922655072692));
#2701=CARTESIAN_POINT('',(3.2205227719658,-0.00272561620571831,-7.3142265507269));
#2702=CARTESIAN_POINT('',(3.2280479016498,5.17020486788201E-5,-7.5607734492731));
#2703=CARTESIAN_POINT('',(3.22275,-3.50678552687464E-13,-1.68922655072692));
#2704=CARTESIAN_POINT('Ctrl Pts',(3.2205227719658,-0.00272561620571848,
-7.31422655072691));
#2705=CARTESIAN_POINT('Ctrl Pts',(3.22314948045217,-0.330147249033966,-7.33440903248399));
#2706=CARTESIAN_POINT('Ctrl Pts',(3.02665568332466,-1.72800349901973,-7.42076355337829));
#2707=CARTESIAN_POINT('Ctrl Pts',(1.01097315875727,-3.67289524429383,-7.5732901134098));
#2708=CARTESIAN_POINT('Ctrl Pts',(-2.53830457893102,-2.8406402168373,-7.77180623082146));
#2709=CARTESIAN_POINT('Ctrl Pts',(-3.76305129437838,0.593019226048229,-7.97032234823311));
#2710=CARTESIAN_POINT('Ctrl Pts',(-1.54166720093494,3.48360286936993,-8.16883846564477));
#2711=CARTESIAN_POINT('Ctrl Pts',(2.08151605091347,3.18479651615746,-8.36680653314269));
#2712=CARTESIAN_POINT('Ctrl Pts',(3.22724975795947,1.05805524123255,-8.49860256150341));
#2713=CARTESIAN_POINT('Ctrl Pts',(3.22803770742153,-0.00016524655464189,
-8.56422655072691));
#2714=CARTESIAN_POINT('Ctrl Pts',(3.22804750346967,5.16981628517543E-5,
-7.5607734492731));
#2715=CARTESIAN_POINT('Ctrl Pts',(3.22779579613962,-1.0642343839313,-7.62677411183301));
#2716=CARTESIAN_POINT('Ctrl Pts',(2.07028968146899,-3.19603912108915,-7.75894681353013));
#2717=CARTESIAN_POINT('Ctrl Pts',(-1.56142954185053,-3.47479014317047,-7.95729155436451));
#2718=CARTESIAN_POINT('Ctrl Pts',(-3.76635922771264,-0.571635281156758,
-8.15580767177613));
#2719=CARTESIAN_POINT('Ctrl Pts',(-2.52212877295911,2.85501228786985,-8.35432378918782));
#2720=CARTESIAN_POINT('Ctrl Pts',(1.03181923420385,3.66709391687408,-8.55283990659945));
#2721=CARTESIAN_POINT('Ctrl Pts',(3.03147173582892,1.71561525066927,-8.70498979329456));
#2722=CARTESIAN_POINT('Ctrl Pts',(3.22331005726657,0.324032953125677,-8.79096764085244));
#2723=CARTESIAN_POINT('Ctrl Pts',(3.22068695710682,0.00276348025534376,
-8.8107734492731));
#2724=CARTESIAN_POINT('Origin',(0.,0.,-1.68922655072692));
#2725=CARTESIAN_POINT('',(3.21834992266566,0.00169602764491986,-6.0642265507269));
#2726=CARTESIAN_POINT('',(3.22083850183623,-0.00279495752311121,-6.3107734492731));
#2727=CARTESIAN_POINT('',(3.22275,-3.50678552687464E-13,-1.68922655072692));
#2728=CARTESIAN_POINT('Ctrl Pts',(3.21834992266566,0.00169602764491971,
-6.06422655072691));
#2729=CARTESIAN_POINT('Ctrl Pts',(3.21527064427198,-0.645354787218703,-6.10404346432734));
#2730=CARTESIAN_POINT('Ctrl Pts',(2.71200749037381,-2.37215637837385,-6.210032417065));
#2731=CARTESIAN_POINT('Ctrl Pts',(-0.104670216265901,-3.80804967339387,
-6.38219340893986));
#2732=CARTESIAN_POINT('Ctrl Pts',(-3.25667912694353,-1.9764293859823,-6.58070952635153));
#2733=CARTESIAN_POINT('Ctrl Pts',(-3.42628460833679,1.66517427967399,-6.77922564376317));
#2734=CARTESIAN_POINT('Ctrl Pts',(-0.458163107671472,3.78183939498751,-6.97774176117484));
#2735=CARTESIAN_POINT('Ctrl Pts',(2.58511893021727,2.57208129179885,-7.1560753968294));
#2736=CARTESIAN_POINT('Ctrl Pts',(3.21453732567089,0.743365778881053,-7.26823699334676));
#2737=CARTESIAN_POINT('Ctrl Pts',(3.2205227719658,-0.00272561620571848,
-7.31422655072691));
#2738=CARTESIAN_POINT('Ctrl Pts',(3.22083850183623,-0.00279495752311145,
-6.3107734492731));
#2739=CARTESIAN_POINT('Ctrl Pts',(3.22345470809316,-0.318467180063607,-6.33023650453915));
#2740=CARTESIAN_POINT('Ctrl Pts',(3.03581685622646,-1.70434396687059,-6.41587159894242));
#2741=CARTESIAN_POINT('Ctrl Pts',(1.05075890558039,-3.6617113908937,-6.5676787324829));
#2742=CARTESIAN_POINT('Ctrl Pts',(-2.50733864787076,-2.86801022672423,-6.76619484989457));
#2743=CARTESIAN_POINT('Ctrl Pts',(-3.76926350864015,0.552161085426033,-6.96471096730621));
#2744=CARTESIAN_POINT('Ctrl Pts',(-1.57936836660158,3.46667328991376,-7.16322708471788));
#2745=CARTESIAN_POINT('Ctrl Pts',(2.05688218865133,3.20647229346886,-7.36174320212952));
#2746=CARTESIAN_POINT('Ctrl Pts',(3.22679319926556,1.07262770868468,-7.49425865698127));
#2747=CARTESIAN_POINT('Ctrl Pts',(3.22804815705009,0.00281521142087633,
-7.5606020726958));
#2748=CARTESIAN_POINT('Ctrl Pts',(3.22804750346967,5.16981628517543E-5,
-7.5607734492731));
#2749=CARTESIAN_POINT('Origin',(0.,0.,-1.68922655072692));
#2750=CARTESIAN_POINT('',(3.22666095156289,0.00206681712937072,-4.8142265507269));
#2751=CARTESIAN_POINT('',(3.21816592221767,0.00155408691760173,-5.0607734492731));
#2752=CARTESIAN_POINT('',(3.22275,-3.50678552687464E-13,-1.68922655072692));
#2753=CARTESIAN_POINT('Ctrl Pts',(3.22666095156289,0.00206681712937072,
-4.81422655072691));
#2754=CARTESIAN_POINT('Ctrl Pts',(3.22006995437227,-0.957611149039838,-4.87367789617069));
#2755=CARTESIAN_POINT('Ctrl Pts',(2.25697380499626,-2.9976579340712,-4.9993012807517));
#2756=CARTESIAN_POINT('Ctrl Pts',(-1.21124026042383,-3.61162783805472,-5.19109670446993));
#2757=CARTESIAN_POINT('Ctrl Pts',(-3.6916226820804,-0.940314113954342,-5.38961282188159));
#2758=CARTESIAN_POINT('Ctrl Pts',(-2.79135525338335,2.59246674033544,-5.58812893929324));
#2759=CARTESIAN_POINT('Ctrl Pts',(0.665217666953397,3.75093578965791,-5.7866450567049));
#2760=CARTESIAN_POINT('Ctrl Pts',(2.94147558486542,1.93106136796856,-5.94534426051612));
#2761=CARTESIAN_POINT('Ctrl Pts',(3.22038812104143,0.429984006606271,-6.03787142519012));
#2762=CARTESIAN_POINT('Ctrl Pts',(3.21834992266566,0.00169602764491971,
-6.06422655072691));
#2763=CARTESIAN_POINT('Ctrl Pts',(3.21816592221767,0.00155408691760152,
-5.0607734492731));
#2764=CARTESIAN_POINT('Ctrl Pts',(3.21544379876692,-0.633901407014691,-5.0998709363825));
#2765=CARTESIAN_POINT('Ctrl Pts',(2.72589091483654,-2.34875634240383,-5.20514046262913));
#2766=CARTESIAN_POINT('Ctrl Pts',(-0.0633611059841416,-3.80893969533299,
-5.37658202801297));
#2767=CARTESIAN_POINT('Ctrl Pts',(-3.2350419498319,-2.01165453080117,-5.57509814542463));
#2768=CARTESIAN_POINT('Ctrl Pts',(-3.4441501668599,1.62791229246644,-5.77361426283628));
#2769=CARTESIAN_POINT('Ctrl Pts',(-0.499162180773968,3.77664365552128,-5.97213038024794));
#2770=CARTESIAN_POINT('Ctrl Pts',(2.5693926514897,2.59522898388732,-6.15118344239354));
#2771=CARTESIAN_POINT('Ctrl Pts',(3.21455992253879,0.754780281804266,-6.26406446540193));
#2772=CARTESIAN_POINT('Ctrl Pts',(3.22083850183623,-0.00279495752311145,
-6.3107734492731));
#2773=CARTESIAN_POINT('Origin',(0.,0.,-3.85));
#2774=CARTESIAN_POINT('',(-6.7,-8.20513355428727E-16,-4.));
#2775=CARTESIAN_POINT('Origin',(0.,0.,-4.));
#2776=CARTESIAN_POINT('',(-7.,8.57252759403147E-16,-3.69999999999999));
#2777=CARTESIAN_POINT('',(-6.85,8.38883057415937E-16,-3.85));
#2778=CARTESIAN_POINT('',(7.,-8.57252759403147E-16,-3.69999999999999));
#2779=CARTESIAN_POINT('Origin',(0.,0.,-3.69999999999999));
#2780=CARTESIAN_POINT('Origin',(0.,0.,-3.69999999999999));
#2781=CARTESIAN_POINT('Origin',(0.,0.,-1.99999999999999));
#2782=CARTESIAN_POINT('',(7.,-8.57252759403147E-16,-0.299999999999996));
#2783=CARTESIAN_POINT('',(7.,-8.57252759403147E-16,-1.99999999999999));
#2784=CARTESIAN_POINT('',(-7.,-8.57252759403147E-16,-0.299999999999996));
#2785=CARTESIAN_POINT('Origin',(0.,0.,-0.299999999999996));
#2786=CARTESIAN_POINT('Origin',(0.,0.,-0.299999999999996));
#2787=CARTESIAN_POINT('Origin',(-4.,0.,-4.));
#2788=CARTESIAN_POINT('',(-1.87158653173904,-2.62360084935057,-4.));
#2789=CARTESIAN_POINT('Ctrl Pts',(-1.75280314162572,3.52819465478435,-4.));
#2790=CARTESIAN_POINT('Ctrl Pts',(-1.82609711591321,3.48385392664737,-4.));
#2791=CARTESIAN_POINT('Ctrl Pts',(-1.89773759363349,3.43700557323526,-4.));
#2792=CARTESIAN_POINT('Ctrl Pts',(-1.9675788258892,3.38764187614131,-4.));
#2793=CARTESIAN_POINT('Ctrl Pts',(-2.0668230929618,3.31749615018754,-4.));
#2794=CARTESIAN_POINT('Ctrl Pts',(-2.16243610476635,3.24227242763433,-4.));
#2795=CARTESIAN_POINT('Ctrl Pts',(-2.25423319602565,3.16238082321667,-4.));
#2796=CARTESIAN_POINT('Ctrl Pts',(-2.30727617782387,3.11621717183272,-4.));
#2797=CARTESIAN_POINT('Ctrl Pts',(-2.35904434139147,3.06849431163506,-4.));
#2798=CARTESIAN_POINT('Ctrl Pts',(-2.40949553961426,3.01928705529755,-4.));
#2799=CARTESIAN_POINT('Ctrl Pts',(-2.44437090165515,2.98527159203281,-4.));
#2800=CARTESIAN_POINT('Ctrl Pts',(-2.47861684692588,2.95054674334153,-4.));
#2801=CARTESIAN_POINT('Ctrl Pts',(-2.51221801234886,2.9151366056283,-4.));
#2802=CARTESIAN_POINT('Ctrl Pts',(-2.52936389942153,2.89706764239991,-4.));
#2803=CARTESIAN_POINT('Ctrl Pts',(-2.54634340560161,2.87881840596566,-4.));
#2804=CARTESIAN_POINT('Ctrl Pts',(-2.56313898910626,2.86040937916782,-4.));
#2805=CARTESIAN_POINT('Ctrl Pts',(-2.6462030140559,2.76936592951264,-4.));
#2806=CARTESIAN_POINT('Ctrl Pts',(-2.72485678226328,2.67432958836207,-4.));
#2807=CARTESIAN_POINT('Ctrl Pts',(-2.79890547441627,2.5757267190372,-4.));
#2808=CARTESIAN_POINT('Ctrl Pts',(-2.86369808005014,2.48944920837794,-4.));
#2809=CARTESIAN_POINT('Ctrl Pts',(-2.92496439584352,2.40044012242375,-4.));
#2810=CARTESIAN_POINT('Ctrl Pts',(-2.98254195195394,2.30897103951973,-4.));
#2811=CARTESIAN_POINT('Ctrl Pts',(-3.00773213275225,2.26895331574922,-4.));
#2812=CARTESIAN_POINT('Ctrl Pts',(-3.03221585870168,2.22846461315768,-4.));
#2813=CARTESIAN_POINT('Ctrl Pts',(-3.05597758025985,2.18752727714344,-4.));
#2814=CARTESIAN_POINT('Ctrl Pts',(-3.07022847734021,2.16297544655091,-4.));
#2815=CARTESIAN_POINT('Ctrl Pts',(-3.08421965325814,2.13826224370583,-4.));
#2816=CARTESIAN_POINT('Ctrl Pts',(-3.09794753949883,2.11339247311833,-4.));
#2817=CARTESIAN_POINT('Ctrl Pts',(-3.10862838483943,2.09404279548811,-4.));
#2818=CARTESIAN_POINT('Ctrl Pts',(-3.11915109512144,2.07459579734441,-4.));
#2819=CARTESIAN_POINT('Ctrl Pts',(-3.12950286965258,2.05507513885263,-4.));
#2820=CARTESIAN_POINT('Ctrl Pts',(-3.1852016421281,1.95004225655444,-4.));
#2821=CARTESIAN_POINT('Ctrl Pts',(-3.23602626584039,1.84275349389546,-4.));
#2822=CARTESIAN_POINT('Ctrl Pts',(-3.28180166843473,1.73358575824881,-4.));
#2823=CARTESIAN_POINT('Ctrl Pts',(-3.32724132899868,1.62521871893995,-4.));
#2824=CARTESIAN_POINT('Ctrl Pts',(-3.36770579486123,1.51499930371813,-4.));
#2825=CARTESIAN_POINT('Ctrl Pts',(-3.40297420089527,1.40328428577066,-4.));
#2826=CARTESIAN_POINT('Ctrl Pts',(-3.43720074423829,1.29486943707708,-4.));
#2827=CARTESIAN_POINT('Ctrl Pts',(-3.46653370038779,1.18504530969124,-4.));
#2828=CARTESIAN_POINT('Ctrl Pts',(-3.49072282717631,1.07413841886647,-4.));
#2829=CARTESIAN_POINT('Ctrl Pts',(-3.50700431620905,0.999487963626582,-4.));
#2830=CARTESIAN_POINT('Ctrl Pts',(-3.52095439597749,0.924346982417291,-4.));
#2831=CARTESIAN_POINT('Ctrl Pts',(-3.532483735099,0.848817588279277,-4.));
#2832=CARTESIAN_POINT('Ctrl Pts',(-3.53814056813401,0.811759334777393,-4.));
#2833=CARTESIAN_POINT('Ctrl Pts',(-3.54321448202043,0.774607620332851,-4.));
#2834=CARTESIAN_POINT('Ctrl Pts',(-3.54769395791827,0.737374811599361,-4.));
#2835=CARTESIAN_POINT('Ctrl Pts',(-3.54970157142173,0.720687794794341,-4.));
#2836=CARTESIAN_POINT('Ctrl Pts',(-3.55158879354805,0.703992431339387,-4.));
#2837=CARTESIAN_POINT('Ctrl Pts',(-3.55335442183313,0.687295013472893,-4.));
#2838=CARTESIAN_POINT('Ctrl Pts',(-3.56511064339018,0.576117283977019,-4.));
#2839=CARTESIAN_POINT('Ctrl Pts',(-3.57148916310416,0.46477470654612,-4.));
#2840=CARTESIAN_POINT('Ctrl Pts',(-3.57229258292762,0.353583446612471,-4.));
#2841=CARTESIAN_POINT('Ctrl Pts',(-3.57274543691928,0.290909606076965,-4.));
#2842=CARTESIAN_POINT('Ctrl Pts',(-3.57142611514629,0.228283841964341,-4.));
#2843=CARTESIAN_POINT('Ctrl Pts',(-3.56829196504613,0.165763630823894,-4.));
#2844=CARTESIAN_POINT('Ctrl Pts',(-3.56262271939551,0.0526731840499233,
-4.));
#2845=CARTESIAN_POINT('Ctrl Pts',(-3.55101800664897,-0.0600732042604835,
-4.));
#2846=CARTESIAN_POINT('Ctrl Pts',(-3.53369214517186,-0.172117991716711,
-4.));
#2847=CARTESIAN_POINT('Ctrl Pts',(-3.51629256547721,-0.284639508253758,
-4.));
#2848=CARTESIAN_POINT('Ctrl Pts',(-3.49312250898672,-0.396454242457626,
-4.));
#2849=CARTESIAN_POINT('Ctrl Pts',(-3.46435432480987,-0.507173301011936,
-4.));
#2850=CARTESIAN_POINT('Ctrl Pts',(-3.45541681497038,-0.541570768337793,
-4.));
#2851=CARTESIAN_POINT('Ctrl Pts',(-3.4459386934626,-0.575862241842411,-4.));
#2852=CARTESIAN_POINT('Ctrl Pts',(-3.43592438088056,-0.610035349992578,
-4.));
#2853=CARTESIAN_POINT('Ctrl Pts',(-3.4315283848408,-0.625036364476996,-4.));
#2854=CARTESIAN_POINT('Ctrl Pts',(-3.42702931717736,-0.640013496018907,
-4.));
#2855=CARTESIAN_POINT('Ctrl Pts',(-3.42243145051481,-0.654953672442238,
-4.));
#2856=CARTESIAN_POINT('Ctrl Pts',(-3.38968057779115,-0.761373421517294,
-4.));
#2857=CARTESIAN_POINT('Ctrl Pts',(-3.35187306595507,-0.866085133493651,
-4.));
#2858=CARTESIAN_POINT('Ctrl Pts',(-3.30924476965118,-0.968762556304994,
-4.));
#2859=CARTESIAN_POINT('Ctrl Pts',(-3.26657622994912,-1.07153691211079,-4.));
#2860=CARTESIAN_POINT('Ctrl Pts',(-3.21907721318536,-1.17227388610578,-4.));
#2861=CARTESIAN_POINT('Ctrl Pts',(-3.16693960055371,-1.27061920239644,-4.));
#2862=CARTESIAN_POINT('Ctrl Pts',(-3.11544277961322,-1.3677558162099,-4.));
#2863=CARTESIAN_POINT('Ctrl Pts',(-3.05942006319002,-1.46255982240052,-4.));
#2864=CARTESIAN_POINT('Ctrl Pts',(-2.9990219045246,-1.55465333288218,-4.));
#2865=CARTESIAN_POINT('Ctrl Pts',(-2.96311369991016,-1.60940521093788,-4.));
#2866=CARTESIAN_POINT('Ctrl Pts',(-2.92565834038495,-1.66319829638181,-4.));
#2867=CARTESIAN_POINT('Ctrl Pts',(-2.88668288811261,-1.7159455900459,-4.));
#2868=CARTESIAN_POINT('Ctrl Pts',(-2.86786383329976,-1.74141429285294,-4.));
#2869=CARTESIAN_POINT('Ctrl Pts',(-2.84869034178475,-1.76663909040043,-4.));
#2870=CARTESIAN_POINT('Ctrl Pts',(-2.82916522777867,-1.79160965098856,-4.));
#2871=CARTESIAN_POINT('Ctrl Pts',(-2.81917430906545,-1.80438698181398,-4.));
#2872=CARTESIAN_POINT('Ctrl Pts',(-2.80909644051926,-1.81709115728476,-4.));
#2873=CARTESIAN_POINT('Ctrl Pts',(-2.79893523197172,-1.82971738644915,-4.));
#2874=CARTESIAN_POINT('Ctrl Pts',(-2.73153872320103,-1.91346370074205,-4.));
#2875=CARTESIAN_POINT('Ctrl Pts',(-2.66043728304943,-1.99383692924573,-4.));
#2876=CARTESIAN_POINT('Ctrl Pts',(-2.58580597552914,-2.070516540044,-4.));
#2877=CARTESIAN_POINT('Ctrl Pts',(-2.51222604542237,-2.14611591771292,-4.));
#2878=CARTESIAN_POINT('Ctrl Pts',(-2.43521441337509,-2.21812552265233,-4.));
#2879=CARTESIAN_POINT('Ctrl Pts',(-2.3549105249133,-2.28619731322699,-4.));
#2880=CARTESIAN_POINT('Ctrl Pts',(-2.2770756823113,-2.35217614945154,-4.));
#2881=CARTESIAN_POINT('Ctrl Pts',(-2.19614737885684,-2.41445588104082,-4.));
#2882=CARTESIAN_POINT('Ctrl Pts',(-2.11223409404067,-2.47267536463465,-4.));
#2883=CARTESIAN_POINT('Ctrl Pts',(-2.03455122417813,-2.52657215317524,-4.));
#2884=CARTESIAN_POINT('Ctrl Pts',(-1.95430973544242,-2.57698909738888,-4.));
#2885=CARTESIAN_POINT('Ctrl Pts',(-1.87158653173909,-2.62360084935053,-4.));
#2886=CARTESIAN_POINT('',(1.87158653173896,-2.62360084935062,-4.));
#2887=CARTESIAN_POINT('Origin',(0.,0.,-4.));
#2888=CARTESIAN_POINT('Ctrl Pts',(1.87560257901081,-2.62738223207785,-4.));
#2889=CARTESIAN_POINT('Ctrl Pts',(1.93748935030677,-2.59292900104311,-4.));
#2890=CARTESIAN_POINT('Ctrl Pts',(1.99805721152241,-2.5563520420968,-4.));
#2891=CARTESIAN_POINT('Ctrl Pts',(2.05718344712726,-2.51767394585048,-4.));
#2892=CARTESIAN_POINT('Ctrl Pts',(2.14310170889739,-2.46146954244028,-4.));
#2893=CARTESIAN_POINT('Ctrl Pts',(2.2259771623843,-2.40083089834369,-4.));
#2894=CARTESIAN_POINT('Ctrl Pts',(2.30571706652493,-2.33615001051779,-4.));
#2895=CARTESIAN_POINT('Ctrl Pts',(2.35595307447883,-2.29540115797896,-4.));
#2896=CARTESIAN_POINT('Ctrl Pts',(2.40494427265213,-2.25304689299828,-4.));
#2897=CARTESIAN_POINT('Ctrl Pts',(2.45266332940245,-2.20917568257466,-4.));
#2898=CARTESIAN_POINT('Ctrl Pts',(2.48297322706918,-2.18130983632766,-4.));
#2899=CARTESIAN_POINT('Ctrl Pts',(2.51276981631076,-2.15283184216316,-4.));
#2900=CARTESIAN_POINT('Ctrl Pts',(2.54204528372971,-2.12376301038536,-4.));
#2901=CARTESIAN_POINT('Ctrl Pts',(2.55665957964372,-2.10925186686043,-4.));
#2902=CARTESIAN_POINT('Ctrl Pts',(2.57113901473039,-2.09459834993197,-4.));
#2903=CARTESIAN_POINT('Ctrl Pts',(2.58547718383061,-2.07981134871009,-4.));
#2904=CARTESIAN_POINT('Ctrl Pts',(2.659398286289,-2.00357627122326,-4.));
#2905=CARTESIAN_POINT('Ctrl Pts',(2.72961378160569,-1.92375010131151,-4.));
#2906=CARTESIAN_POINT('Ctrl Pts',(2.79602260447949,-1.84073993690151,-4.));
#2907=CARTESIAN_POINT('Ctrl Pts',(2.85905624096482,-1.76194871155557,-4.));
#2908=CARTESIAN_POINT('Ctrl Pts',(2.91866048963328,-1.68028807450536,-4.));
#2909=CARTESIAN_POINT('Ctrl Pts',(2.97472777960841,-1.59607044812,-4.));
#2910=CARTESIAN_POINT('Ctrl Pts',(2.99946785890593,-1.55890883827677,-4.));
#2911=CARTESIAN_POINT('Ctrl Pts',(3.02351896482698,-1.52124895377735,-4.));
#2912=CARTESIAN_POINT('Ctrl Pts',(3.0468703133334,-1.48311586728703,-4.));
#2913=CARTESIAN_POINT('Ctrl Pts',(3.05667599924006,-1.46710304178907,-4.));
#2914=CARTESIAN_POINT('Ctrl Pts',(3.06635828294366,-1.45100676363706,-4.));
#2915=CARTESIAN_POINT('Ctrl Pts',(3.07591631079637,-1.43482884025327,-4.));
#2916=CARTESIAN_POINT('Ctrl Pts',(3.08575715036324,-1.4181722296011,-4.));
#2917=CARTESIAN_POINT('Ctrl Pts',(3.09546230450066,-1.40143570302677,-4.));
#2918=CARTESIAN_POINT('Ctrl Pts',(3.10502733147237,-1.3846283245426,-4.));
#2919=CARTESIAN_POINT('Ctrl Pts',(3.16010655512593,-1.28784476488331,-4.));
#2920=CARTESIAN_POINT('Ctrl Pts',(3.21058252091151,-1.18864635133504,-4.));
#2921=CARTESIAN_POINT('Ctrl Pts',(3.25634601342823,-1.0874613910645,-4.));
#2922=CARTESIAN_POINT('Ctrl Pts',(3.30281063370663,-0.984726208535837,-4.));
#2923=CARTESIAN_POINT('Ctrl Pts',(3.34441786613128,-0.879942467564755,-4.));
#2924=CARTESIAN_POINT('Ctrl Pts',(3.38101921771225,-0.773517211104103,-4.));
#2925=CARTESIAN_POINT('Ctrl Pts',(3.41750450821695,-0.667429423869958,-4.));
#2926=CARTESIAN_POINT('Ctrl Pts',(3.44901611436363,-0.559709698749932,-4.));
#2927=CARTESIAN_POINT('Ctrl Pts',(3.47536521622703,-0.450731951518514,-4.));
#2928=CARTESIAN_POINT('Ctrl Pts',(3.49229106554458,-0.380728012174867,-4.));
#2929=CARTESIAN_POINT('Ctrl Pts',(3.50708580754492,-0.310204406431472,-4.));
#2930=CARTESIAN_POINT('Ctrl Pts',(3.51968877958198,-0.239256236859862,-4.));
#2931=CARTESIAN_POINT('Ctrl Pts',(3.52335447521529,-0.218620279355093,-4.));
#2932=CARTESIAN_POINT('Ctrl Pts',(3.52683469088673,-0.197948390045883,-4.));
#2933=CARTESIAN_POINT('Ctrl Pts',(3.53012778843975,-0.177242879746667,-4.));
#2934=CARTESIAN_POINT('Ctrl Pts',(3.53237785641618,-0.163095468408339,-4.));
#2935=CARTESIAN_POINT('Ctrl Pts',(3.53454016961673,-0.148934617844054,-4.));
#2936=CARTESIAN_POINT('Ctrl Pts',(3.53661309389976,-0.134769886347799,-4.));
#2937=CARTESIAN_POINT('Ctrl Pts',(3.55338798956862,-0.0201434646437964,
-4.));
#2938=CARTESIAN_POINT('Ctrl Pts',(3.56433891626145,0.0948981673507569,-4.));
#2939=CARTESIAN_POINT('Ctrl Pts',(3.56932025964807,0.209930322173844,-4.));
#2940=CARTESIAN_POINT('Ctrl Pts',(3.57211461575857,0.27445926141465,-4.));
#2941=CARTESIAN_POINT('Ctrl Pts',(3.5730297156837,0.338985802727897,-4.));
#2942=CARTESIAN_POINT('Ctrl Pts',(3.57203357140539,0.40343846442229,-4.));
#2943=CARTESIAN_POINT('Ctrl Pts',(3.57031855904638,0.514403425807576,-4.));
#2944=CARTESIAN_POINT('Ctrl Pts',(3.56294166894208,0.625149133702092,-4.));
#2945=CARTESIAN_POINT('Ctrl Pts',(3.55016727199445,0.735390719284093,-4.));
#2946=CARTESIAN_POINT('Ctrl Pts',(3.53715081567368,0.847721249589667,-4.));
#2947=CARTESIAN_POINT('Ctrl Pts',(3.51853026202027,0.959529049155305,-4.));
#2948=CARTESIAN_POINT('Ctrl Pts',(3.49453121369432,1.07051599594862,-4.));
#2949=CARTESIAN_POINT('Ctrl Pts',(3.48680060664145,1.10626726666587,-4.));
#2950=CARTESIAN_POINT('Ctrl Pts',(3.47851150918369,1.14193334529213,-4.));
#2951=CARTESIAN_POINT('Ctrl Pts',(3.46967032803931,1.17750415233243,-4.));
#2952=CARTESIAN_POINT('Ctrl Pts',(3.464296265598,1.19912566816842,-4.));
#2953=CARTESIAN_POINT('Ctrl Pts',(3.45871684454388,1.22071670947691,-4.));
#2954=CARTESIAN_POINT('Ctrl Pts',(3.45294154187189,1.24224577650781,-4.));
#2955=CARTESIAN_POINT('Ctrl Pts',(3.42340189708478,1.35236312079443,-4.));
#2956=CARTESIAN_POINT('Ctrl Pts',(3.38871172989002,1.46098958477964,-4.));
#2957=CARTESIAN_POINT('Ctrl Pts',(3.34917200294355,1.56783127298414,-4.));
#2958=CARTESIAN_POINT('Ctrl Pts',(3.3083633326653,1.67810181763942,-4.));
#2959=CARTESIAN_POINT('Ctrl Pts',(3.26238880280633,1.78647189102181,-4.));
#2960=CARTESIAN_POINT('Ctrl Pts',(3.21152397624493,1.89262174774968,-4.));
#2961=CARTESIAN_POINT('Ctrl Pts',(3.16018645265102,1.99975807638101,-4.));
#2962=CARTESIAN_POINT('Ctrl Pts',(3.10386705334058,2.10463353327405,-4.));
#2963=CARTESIAN_POINT('Ctrl Pts',(3.04279619777833,2.20691124173041,-4.));
#2964=CARTESIAN_POINT('Ctrl Pts',(3.00300834409319,2.27354548914431,-4.));
#2965=CARTESIAN_POINT('Ctrl Pts',(2.96120263440953,2.33907691499032,-4.));
#2966=CARTESIAN_POINT('Ctrl Pts',(2.91743172349311,2.40340801629105,-4.));
#2967=CARTESIAN_POINT('Ctrl Pts',(2.90280061136837,2.4249116938827,-4.));
#2968=CARTESIAN_POINT('Ctrl Pts',(2.88794985172929,2.44628121828105,-4.));
#2969=CARTESIAN_POINT('Ctrl Pts',(2.87288120849808,2.46751282742627,-4.));
#2970=CARTESIAN_POINT('Ctrl Pts',(2.86350955404348,2.48071742065813,-4.));
#2971=CARTESIAN_POINT('Ctrl Pts',(2.854053620682,2.49386866725497,-4.));
#2972=CARTESIAN_POINT('Ctrl Pts',(2.84451381369007,2.50696564862958,-4.));
#2973=CARTESIAN_POINT('Ctrl Pts',(2.83448375341772,2.52073568744528,-4.));
#2974=CARTESIAN_POINT('Ctrl Pts',(2.82436633927605,2.5344383555551,-4.));
#2975=CARTESIAN_POINT('Ctrl Pts',(2.81416429588117,2.54807020019487,-4.));
#2976=CARTESIAN_POINT('Ctrl Pts',(2.74072684830522,2.64619641249846,-4.));
#2977=CARTESIAN_POINT('Ctrl Pts',(2.66287720201751,2.7406967483307,-4.));
#2978=CARTESIAN_POINT('Ctrl Pts',(2.5809043680621,2.83123627279219,-4.));
#2979=CARTESIAN_POINT('Ctrl Pts',(2.49879721412818,2.92192415453736,-4.));
#2980=CARTESIAN_POINT('Ctrl Pts',(2.41255296619189,3.00863906437202,-4.));
#2981=CARTESIAN_POINT('Ctrl Pts',(2.32241222819558,3.09102818198292,-4.));
#2982=CARTESIAN_POINT('Ctrl Pts',(2.23398271336034,3.17185323245381,-4.));
#2983=CARTESIAN_POINT('Ctrl Pts',(2.14180274177239,3.24851587718059,-4.));
#2984=CARTESIAN_POINT('Ctrl Pts',(2.04605836811713,3.32065615740922,-4.));
#2985=CARTESIAN_POINT('Ctrl Pts',(1.95044222840963,3.39269981751727,-4.));
#2986=CARTESIAN_POINT('Ctrl Pts',(1.85127085856255,3.46023400303019,-4.));
#2987=CARTESIAN_POINT('Ctrl Pts',(1.74869447533109,3.52286199445089,-4.));
#2988=CARTESIAN_POINT('Origin',(0.,0.,-0.149999999999995));
#2989=CARTESIAN_POINT('',(-6.7,8.20513355428727E-16,5.41233724504764E-15));
#2990=CARTESIAN_POINT('',(-6.85,8.38883057415937E-16,-0.149999999999995));
#2991=CARTESIAN_POINT('Origin',(0.,0.,5.41233724504764E-15));
#2992=CARTESIAN_POINT('Origin',(-7.,0.,5.42462999051478E-15));
#2993=CARTESIAN_POINT('',(4.2537655225541,1.79967002877289,1.83697019872103E-16));
#2994=CARTESIAN_POINT('',(3.68544272462384,-2.78403398988779,1.83697019872103E-16));
#2995=CARTESIAN_POINT('',(4.05869414451221,0.226357357325234,5.42462999051478E-15));
#2996=CARTESIAN_POINT('',(-0.568322797930262,-4.58370401866068,1.83697019872103E-16));
#2997=CARTESIAN_POINT('',(-0.346631027407411,-4.4899113465164,5.42462999051478E-15));
#2998=CARTESIAN_POINT('',(-4.2537655225541,-1.79967002877288,1.83697019872103E-16));
#2999=CARTESIAN_POINT('',(-3.71806042913418,-2.20434900497087,5.42462999051478E-15));
#3000=CARTESIAN_POINT('',(-3.68544272462384,2.78403398988779,1.83697019872103E-16));
#3001=CARTESIAN_POINT('',(-4.16467550163085,-1.0811306908902,5.42462999051478E-15));
#3002=CARTESIAN_POINT('',(0.568322797930259,4.58370401866068,1.83697019872103E-16));
#3003=CARTESIAN_POINT('',(-5.59063371537804,1.97799164764563,5.42462999051478E-15));
#3004=CARTESIAN_POINT('',(-0.738693470961739,5.57104203740659,5.42462999051478E-15));
#3005=CARTESIAN_POINT('Origin',(4.2537655225541,1.79967002877289,1.83697019872103E-16));
#3006=CARTESIAN_POINT('',(4.2537655225541,1.79967002877289,-1.5));
#3007=CARTESIAN_POINT('',(4.2537655225541,1.79967002877289,1.83697019872103E-16));
#3008=CARTESIAN_POINT('',(3.68544272462384,-2.78403398988779,-1.5));
#3009=CARTESIAN_POINT('',(3.68544272462384,-2.78403398988779,-1.5));
#3010=CARTESIAN_POINT('',(3.68544272462384,-2.78403398988779,1.83697019872103E-16));
#3011=CARTESIAN_POINT('Origin',(0.568322797930259,4.58370401866068,1.83697019872103E-16));
#3012=CARTESIAN_POINT('',(0.568322797930259,4.58370401866068,-1.5));
#3013=CARTESIAN_POINT('',(0.568322797930259,4.58370401866068,1.83697019872103E-16));
#3014=CARTESIAN_POINT('',(4.2537655225541,1.79967002877289,-1.5));
#3015=CARTESIAN_POINT('Origin',(-3.68544272462384,2.78403398988779,1.83697019872103E-16));
#3016=CARTESIAN_POINT('',(-3.68544272462384,2.78403398988779,-1.5));
#3017=CARTESIAN_POINT('',(-3.68544272462384,2.78403398988779,1.83697019872103E-16));
#3018=CARTESIAN_POINT('',(0.568322797930259,4.58370401866068,-1.5));
#3019=CARTESIAN_POINT('Origin',(-4.2537655225541,-1.79967002877288,1.83697019872103E-16));
#3020=CARTESIAN_POINT('',(-4.2537655225541,-1.79967002877288,-1.5));
#3021=CARTESIAN_POINT('',(-4.2537655225541,-1.79967002877288,1.83697019872103E-16));
#3022=CARTESIAN_POINT('',(-3.68544272462384,2.78403398988779,-1.5));
#3023=CARTESIAN_POINT('Origin',(-0.568322797930262,-4.58370401866068,1.83697019872103E-16));
#3024=CARTESIAN_POINT('',(-0.568322797930262,-4.58370401866068,-1.5));
#3025=CARTESIAN_POINT('',(-0.568322797930262,-4.58370401866068,1.83697019872103E-16));
#3026=CARTESIAN_POINT('',(-4.2537655225541,-1.79967002877288,-1.5));
#3027=CARTESIAN_POINT('Origin',(3.68544272462384,-2.78403398988779,1.83697019872103E-16));
#3028=CARTESIAN_POINT('',(-0.568322797930262,-4.58370401866068,-1.5));
#3029=CARTESIAN_POINT('Origin',(0.,0.,-1.5));
#3030=CARTESIAN_POINT('Ctrl Pts',(1.43290239521319,2.88667772504869,-3.58993697130807));
#3031=CARTESIAN_POINT('Ctrl Pts',(2.39306032779172,2.41007010465646,-3.65610901044529));
#3032=CARTESIAN_POINT('Ctrl Pts',(3.78376065956385,0.431626842038075,-3.78845308871973));
#3033=CARTESIAN_POINT('Ctrl Pts',(2.41147904849687,-2.95228556041582,-3.98696920613138));
#3034=CARTESIAN_POINT('Ctrl Pts',(-1.17241785856285,-3.623471343836,-4.18548532354304));
#3035=CARTESIAN_POINT('Ctrl Pts',(-3.6809810963585,-0.980870350889834,-4.38400144095469));
#3036=CARTESIAN_POINT('Ctrl Pts',(-2.81943205228085,2.56232563358596,-4.58251755836634));
#3037=CARTESIAN_POINT('Ctrl Pts',(0.62454735145629,3.75777906425962,-4.781033675778));
#3038=CARTESIAN_POINT('Ctrl Pts',(3.49634458805692,1.51256225377369,-4.97954979318965));
#3039=CARTESIAN_POINT('Ctrl Pts',(3.16637772903072,-2.11815992857318,-5.17806591060132));
#3040=CARTESIAN_POINT('Ctrl Pts',(-0.0633611059841416,-3.80893969533299,
-5.37658202801297));
#3041=CARTESIAN_POINT('Ctrl Pts',(-3.2350419498319,-2.01165453080117,-5.57509814542463));
#3042=CARTESIAN_POINT('Ctrl Pts',(-3.4441501668599,1.62791229246644,-5.77361426283628));
#3043=CARTESIAN_POINT('Ctrl Pts',(-0.499162180773968,3.77664365552128,-5.97213038024794));
#3044=CARTESIAN_POINT('Ctrl Pts',(2.90294434600742,2.46680929214569,-6.17064649765959));
#3045=CARTESIAN_POINT('Ctrl Pts',(3.64659210530481,-1.10208871504962,-6.36916261507125));
#3046=CARTESIAN_POINT('Ctrl Pts',(1.05075890558039,-3.6617113908937,-6.5676787324829));
#3047=CARTESIAN_POINT('Ctrl Pts',(-2.50733864787076,-2.86801022672423,-6.76619484989457));
#3048=CARTESIAN_POINT('Ctrl Pts',(-3.76926350864015,0.552161085426033,-6.96471096730621));
#3049=CARTESIAN_POINT('Ctrl Pts',(-1.57936836660158,3.46667328991376,-7.16322708471788));
#3050=CARTESIAN_POINT('Ctrl Pts',(2.05688218865133,3.20647229346886,-7.36174320212952));
#3051=CARTESIAN_POINT('Ctrl Pts',(3.80947921066751,0.00984483137270678,
-7.56025931954119));
#3052=CARTESIAN_POINT('Ctrl Pts',(2.07342760994447,-3.19579827076016,-7.75877543695282));
#3053=CARTESIAN_POINT('Ctrl Pts',(-1.56142954185053,-3.47479014317047,-7.95729155436451));
#3054=CARTESIAN_POINT('Ctrl Pts',(-3.76635922771264,-0.571635281156758,
-8.15580767177613));
#3055=CARTESIAN_POINT('Ctrl Pts',(-2.52212877295911,2.85501228786985,-8.35432378918782));
#3056=CARTESIAN_POINT('Ctrl Pts',(1.03181923420385,3.66709391687408,-8.55283990659945));
#3057=CARTESIAN_POINT('Ctrl Pts',(3.64084681495133,1.12092068966038,-8.75135602401112));
#3058=CARTESIAN_POINT('Ctrl Pts',(2.91565613830262,-2.45177038158128,-8.94987214142277));
#3059=CARTESIAN_POINT('Ctrl Pts',(-0.479636967875205,-3.77917677571362,
-9.14838825883442));
#3060=CARTESIAN_POINT('Ctrl Pts',(-3.43568766267509,-1.64568496583432,-9.3469043762461));
#3061=CARTESIAN_POINT('Ctrl Pts',(-3.24540094963344,1.99489383131163,-9.54542049365774));
#3062=CARTESIAN_POINT('Ctrl Pts',(-0.0830377810274351,3.80858680474948,
-9.7439366110694));
#3063=CARTESIAN_POINT('Ctrl Pts',(3.1553698079172,2.1344484293471,-9.94245272848105));
#3064=CARTESIAN_POINT('Ctrl Pts',(3.50414974825904,-1.49437721610914,-10.1409688458927));
#3065=CARTESIAN_POINT('Ctrl Pts',(0.64389600514668,-3.75468063313598,-10.3394849633044));
#3066=CARTESIAN_POINT('Ctrl Pts',(-2.80602545128106,-2.57651894792809,-10.538001080716));
#3067=CARTESIAN_POINT('Ctrl Pts',(-3.68624217568796,0.961169779201173,-10.7365171981277));
#3068=CARTESIAN_POINT('Ctrl Pts',(-1.19066843536188,3.61863750592795,-10.9350333155393));
#3069=CARTESIAN_POINT('Ctrl Pts',(2.39529680915379,2.96222583850895,-11.133549432951));
#3070=CARTESIAN_POINT('Ctrl Pts',(3.78769479922282,-0.406935904305755,-11.3320655503626));
#3071=CARTESIAN_POINT('Ctrl Pts',(1.71139394175852,-3.40343348669922,-11.5305816677743));
#3072=CARTESIAN_POINT('Ctrl Pts',(-1.93216893340365,-3.283131422143,-11.729097785186));
#3073=CARTESIAN_POINT('Ctrl Pts',(-3.80628825310501,-0.156200052969988,
-11.9276139025976));
#3074=CARTESIAN_POINT('Ctrl Pts',(-2.19468119389263,3.11377635347292,-12.1261300200093));
#3075=CARTESIAN_POINT('Ctrl Pts',(1.42677315542368,3.532215605712,-12.3246461374209));
#3076=CARTESIAN_POINT('Ctrl Pts',(3.74161578910617,0.715918996105314,-12.5231622548326));
#3077=CARTESIAN_POINT('Ctrl Pts',(2.62995785620436,-2.75600261191133,-12.7216783722442));
#3078=CARTESIAN_POINT('Ctrl Pts',(-0.890165454306381,-3.70402945266807,
-12.9201944896559));
#3079=CARTESIAN_POINT('Ctrl Pts',(-3.59509217450574,-1.25997657878259,-13.1187106070676));
#3080=CARTESIAN_POINT('Ctrl Pts',(-3.00770186719716,2.3379388786561,-13.3172267244792));
#3081=CARTESIAN_POINT('Ctrl Pts',(0.334084597534551,3.79481438333461,-13.5157428418909));
#3082=CARTESIAN_POINT('Ctrl Pts',(3.36992274280701,1.77647106077896,-13.7142589593025));
#3083=CARTESIAN_POINT('Ctrl Pts',(3.31964974294448,-1.86873066717537,-13.9127750767142));
#3084=CARTESIAN_POINT('Ctrl Pts',(0.229304654927201,-3.80258439715699,-14.1112911941258));
#3085=CARTESIAN_POINT('Ctrl Pts',(-3.07103327423536,-2.25410366904724,-14.3098073115375));
#3086=CARTESIAN_POINT('Ctrl Pts',(-3.5589773481003,1.35864232157767,-14.5083234289491));
#3087=CARTESIAN_POINT('Ctrl Pts',(-0.787677665502583,3.72716951821908,-14.7068395463608));
#3088=CARTESIAN_POINT('Ctrl Pts',(2.70496223994447,2.68242576835737,-14.9053556637724));
#3089=CARTESIAN_POINT('Ctrl Pts',(3.72044917988808,-0.818832475017483,-15.1038717811841));
#3090=CARTESIAN_POINT('Ctrl Pts',(1.32881953133766,-3.57021951361659,-15.3023878985957));
#3091=CARTESIAN_POINT('Ctrl Pts',(-2.27971776718408,-3.05206743442184,-15.5009040160074));
#3092=CARTESIAN_POINT('Ctrl Pts',(-3.80053289934873,0.261109944737834,-15.6994201334191));
#3093=CARTESIAN_POINT('Ctrl Pts',(-1.84089229609121,3.33516780334439,-15.8979362508307));
#3094=CARTESIAN_POINT('Ctrl Pts',(1.80460245444209,3.3549424292668,-16.0964523682424));
#3095=CARTESIAN_POINT('Ctrl Pts',(3.79747660437589,0.302324596238568,-16.294968485654));
#3096=CARTESIAN_POINT('Ctrl Pts',(2.31269391568674,-3.02715635120135,-16.4934846030657));
#3097=CARTESIAN_POINT('Ctrl Pts',(-1.29000986888539,-3.58442509483059,-16.6920007204773));
#3098=CARTESIAN_POINT('Ctrl Pts',(-3.7113471541219,-0.85914551960905,-16.890516837889));
#3099=CARTESIAN_POINT('Ctrl Pts',(-2.73390331292221,2.65292317978981,-17.0890329553007));
#3100=CARTESIAN_POINT('Ctrl Pts',(0.747197177896389,3.73549529508694,-17.2875490727123));
#3101=CARTESIAN_POINT('Ctrl Pts',(3.54402870639487,1.39717187579844,-17.486065190124));
#3102=CARTESIAN_POINT('Ctrl Pts',(3.09530616015122,-2.22065497031912,-17.6845813075356));
#3103=CARTESIAN_POINT('Ctrl Pts',(-0.188038888592564,-3.80484823595501,
-17.8830974249473));
#3104=CARTESIAN_POINT('Ctrl Pts',(-3.2991815000422,-1.90463386299108,-18.0816135423589));
#3105=CARTESIAN_POINT('Ctrl Pts',(-3.38899645083974,1.73980797172237,-18.2801296597706));
#3106=CARTESIAN_POINT('Ctrl Pts',(-0.375232917506301,3.79096676058928,-18.4786457771823));
#3107=CARTESIAN_POINT('Ctrl Pts',(2.98216178399247,2.37043030194264,-18.6771618945939));
#3108=CARTESIAN_POINT('Ctrl Pts',(3.60854945044306,-1.22090113685757,-18.8756780120056));
#3109=CARTESIAN_POINT('Ctrl Pts',(0.930296172066862,-3.69415453852581,-19.0741941294172));
#3110=CARTESIAN_POINT('Ctrl Pts',(-2.59990464457859,-2.7843714840825,-19.2727102468289));
#3111=CARTESIAN_POINT('Ctrl Pts',(-3.74916224314927,0.675286011121885,-19.4712263642405));
#3112=CARTESIAN_POINT('Ctrl Pts',(-1.46500837607177,3.51652942264282,-19.6697424816522));
#3113=CARTESIAN_POINT('Ctrl Pts',(2.16077229439806,3.13740208038989,-19.8682585990638));
#3114=CARTESIAN_POINT('Ctrl Pts',(3.80775879990543,-0.114898407368424,-20.0667747164755));
#3115=CARTESIAN_POINT('Ctrl Pts',(1.96767222771199,-3.26197711925819,-20.2652908338872));
#3116=CARTESIAN_POINT('Ctrl Pts',(-1.67437114152555,-3.4217992347155,-20.4638069512988));
#3117=CARTESIAN_POINT('Ctrl Pts',(-3.78305726927029,-0.448002700543503,
-20.6623230687105));
#3118=CARTESIAN_POINT('Ctrl Pts',(-2.42729151119695,2.9360661848712,-20.8608391861221));
#3119=CARTESIAN_POINT('Ctrl Pts',(1.15134164085018,3.6313415080818,-21.0593553035338));
#3120=CARTESIAN_POINT('Ctrl Pts',(3.67559801904696,1.0011033536308,-21.2578714209454));
#3121=CARTESIAN_POINT('Ctrl Pts',(2.83381164868855,-2.54592620906999,-21.4563875383571));
#3122=CARTESIAN_POINT('Ctrl Pts',(-0.603125524725624,-3.76144497815666,
-21.6549036557688));
#3123=CARTESIAN_POINT('Ctrl Pts',(-3.48773181525982,-1.53230398651663,-21.8534197731804));
#3124=CARTESIAN_POINT('Ctrl Pts',(-3.17833965307336,2.10009184846071,-22.051935890592));
#3125=CARTESIAN_POINT('Ctrl Pts',(0.0417155049676254,3.8092635166047,-22.2504520080037));
#3126=CARTESIAN_POINT('Ctrl Pts',(3.22356839707073,2.02998411610949,-22.4489681254154));
#3127=CARTESIAN_POINT('Ctrl Pts',(3.45333866991229,-1.60831612351122,-22.647484242827));
#3128=CARTESIAN_POINT('Ctrl Pts',(0.520607078309246,-3.77375105066618,-22.8460003602387));
#3129=CARTESIAN_POINT('Ctrl Pts',(-2.88888657260165,-2.48325654992163,-23.0445164776503));
#3130=CARTESIAN_POINT('Ctrl Pts',(-3.65279285279464,1.0813570625854,-23.243032595062));
#3131=CARTESIAN_POINT('Ctrl Pts',(-1.07154092184532,3.65568444697524,-23.4415487124736));
#3132=CARTESIAN_POINT('Ctrl Pts',(2.49100780238227,2.88220555292152,-23.6400648298853));
#3133=CARTESIAN_POINT('Ctrl Pts',(3.77233896533064,-0.530742360376509,-23.8385809472969));
#3134=CARTESIAN_POINT('Ctrl Pts',(1.5990338610379,-3.45764651728631,-24.0370970647086));
#3135=CARTESIAN_POINT('Ctrl Pts',(-2.03863603579315,-3.21810376228636,-24.2356131821203));
#3136=CARTESIAN_POINT('Ctrl Pts',(-3.80936183107094,-0.0314828019602038,
-24.4341292995319));
#3137=CARTESIAN_POINT('Ctrl Pts',(-2.0915465211723,3.18396951979918,-24.6326454169436));
#3138=CARTESIAN_POINT('Ctrl Pts',(1.54166730349411,3.4836031011599,-24.8311615343552));
#3139=CARTESIAN_POINT('Ctrl Pts',(3.76305154470074,0.593019265402149,-25.0296776517669));
#3140=CARTESIAN_POINT('Ctrl Pts',(2.53830474779429,-2.84064040563029,-25.2281937691785));
#3141=CARTESIAN_POINT('Ctrl Pts',(-1.01097322602388,-3.6728954889414,-25.4267098865902));
#3142=CARTESIAN_POINT('Ctrl Pts',(-3.63442120283784,-1.14158301589847,-25.6252260040018));
#3143=CARTESIAN_POINT('Ctrl Pts',(-2.92953527514565,2.43516997915515,-25.8237421214135));
#3144=CARTESIAN_POINT('Ctrl Pts',(0.458163138180335,3.78183964846077,-26.0222582388252));
#3145=CARTESIAN_POINT('Ctrl Pts',(3.42628483624682,1.66517438702864,-26.2207743562368));
#3146=CARTESIAN_POINT('Ctrl Pts',(3.25667934353267,-1.97642951132602,-26.4192904736485));
#3147=CARTESIAN_POINT('Ctrl Pts',(0.104670223489862,-3.80804993767398,-26.6178065910601));
#3148=CARTESIAN_POINT('Ctrl Pts',(-3.14319651805746,-2.15234394387047,-26.8163227084718));
#3149=CARTESIAN_POINT('Ctrl Pts',(-3.51257864914005,1.47446315724419,-27.0148388258834));
#3150=CARTESIAN_POINT('Ctrl Pts',(-0.665217716408002,3.75093609945729,-27.2133549432951));
#3151=CARTESIAN_POINT('Ctrl Pts',(2.79135545119834,2.59246680807686,-27.4118710607068));
#3152=CARTESIAN_POINT('Ctrl Pts',(3.69162290027848,-0.940313996553931,-27.6103871781184));
#3153=CARTESIAN_POINT('Ctrl Pts',(1.21124040140763,-3.61162838342997,-27.8089032955301));
#3154=CARTESIAN_POINT('Ctrl Pts',(-2.3785036069884,-2.97614353509763,-28.0074194129417));
#3155=CARTESIAN_POINT('Ctrl Pts',(-3.78980878123484,0.386106045897454,-28.2059355303534));
#3156=CARTESIAN_POINT('Ctrl Pts',(-1.73095945095748,3.39232775448051,-28.4044516477651));
#3157=CARTESIAN_POINT('Ctrl Pts',(1.91398940130413,3.29664462799291,-28.6029677651766));
#3158=CARTESIAN_POINT('Ctrl Pts',(3.80439177652238,0.172480927524734,-28.8014838825884));
#3159=CARTESIAN_POINT('Ctrl Pts',(2.74424063703267,-2.00107945066355,-28.9338279608628));
#3160=CARTESIAN_POINT('Ctrl Pts',(1.87158653173891,-2.62360084935066,-29.));
#3161=CARTESIAN_POINT('Ctrl Pts',(1.53816642191916,3.09873914818276,-3.72662464753871));
#3162=CARTESIAN_POINT('Ctrl Pts',(2.56885957768843,2.58711892857314,-3.79279668667593));
#3163=CARTESIAN_POINT('Ctrl Pts',(4.06172368373629,0.463335058577556,-3.92514076495037));
#3164=CARTESIAN_POINT('Ctrl Pts',(2.58863137639438,-3.16916667326304,-4.12365688236202));
#3165=CARTESIAN_POINT('Ctrl Pts',(-1.25854614279671,-3.88965917741081,-4.32217299977368));
#3166=CARTESIAN_POINT('Ctrl Pts',(-3.95139371743145,-1.05292715193654,-4.52068911718533));
#3167=CARTESIAN_POINT('Ctrl Pts',(-3.02655346671808,2.75055946920814,-4.71920523459699));
#3168=CARTESIAN_POINT('Ctrl Pts',(0.67042791478177,4.03383342574081,-4.91772135200864));
#3169=CARTESIAN_POINT('Ctrl Pts',(3.7531934225065,1.62367826140102,-5.11623746942031));
#3170=CARTESIAN_POINT('Ctrl Pts',(3.39898650332227,-2.27376441638316,-5.31475358683195));
#3171=CARTESIAN_POINT('Ctrl Pts',(-0.0680157462266837,-4.08875242448359,
-5.51326970424362));
#3172=CARTESIAN_POINT('Ctrl Pts',(-3.47269494234533,-2.15943490786028,-5.71178582165527));
#3173=CARTESIAN_POINT('Ctrl Pts',(-3.69716468924114,1.7475021567877,-5.91030193906692));
#3174=CARTESIAN_POINT('Ctrl Pts',(-0.535831685482163,4.054083849593,-6.10881805647858));
#3175=CARTESIAN_POINT('Ctrl Pts',(3.11620074936393,2.64802629623088,-6.30733417389023));
#3176=CARTESIAN_POINT('Ctrl Pts',(3.91447843869429,-1.1830504723339,-6.5058502913019));
#3177=CARTESIAN_POINT('Ctrl Pts',(1.12794986699417,-3.93070841883383,-6.70436640871354));
#3178=CARTESIAN_POINT('Ctrl Pts',(-2.69153302375574,-3.07870029612987,-6.9028825261252));
#3179=CARTESIAN_POINT('Ctrl Pts',(-4.04616154158424,0.592724001250875,-7.10139864353686));
#3180=CARTESIAN_POINT('Ctrl Pts',(-1.69539209192716,3.72134240833344,-7.29991476094852));
#3181=CARTESIAN_POINT('Ctrl Pts',(2.20798508467588,3.44202649887691,-7.49843087836017));
#3182=CARTESIAN_POINT('Ctrl Pts',(4.08933157375045,0.0105680534121393,-7.69694699577182));
#3183=CARTESIAN_POINT('Ctrl Pts',(2.22574596745107,-3.4305683399875,-7.89546311318348));
#3184=CARTESIAN_POINT('Ctrl Pts',(-1.67613544334242,-3.7300555427192,-8.09397923059515));
#3185=CARTESIAN_POINT('Ctrl Pts',(-4.04304390606528,-0.613628812399936,
-8.29249534800678));
#3186=CARTESIAN_POINT('Ctrl Pts',(-2.70740966257144,3.06474750132207,-8.49101146541846));
#3187=CARTESIAN_POINT('Ctrl Pts',(1.10761884748371,3.93648635650482,-8.6895275828301));
#3188=CARTESIAN_POINT('Ctrl Pts',(3.9083110872156,1.20326588344742,-8.88804370024176));
#3189=CARTESIAN_POINT('Ctrl Pts',(3.12984637668389,-2.63188259563428,-9.08655981765342));
#3190=CARTESIAN_POINT('Ctrl Pts',(-0.514872109336491,-4.05680305812778,
-9.28507593506507));
#3191=CARTESIAN_POINT('Ctrl Pts',(-3.68808051168239,-1.76658044815884,-9.48359205247673));
#3192=CARTESIAN_POINT('Ctrl Pts',(-3.48381493608159,2.14144293209914,-9.68210816988838));
#3193=CARTESIAN_POINT('Ctrl Pts',(-0.0891379112449023,4.08837360981485,
-9.88062428730004));
#3194=CARTESIAN_POINT('Ctrl Pts',(3.38716991714824,2.29124950471689,-10.0791404047117));
#3195=CARTESIAN_POINT('Ctrl Pts',(3.76157196620966,-1.60415731258382,-10.2776565221234));
#3196=CARTESIAN_POINT('Ctrl Pts',(0.691197961307901,-4.03050737734354,-10.476172639535));
#3197=CARTESIAN_POINT('Ctrl Pts',(-3.01216198858328,-2.76579545430372,-10.6746887569467));
#3198=CARTESIAN_POINT('Ctrl Pts',(-3.95704128672485,1.03177933477507,-10.8732048743583));
#3199=CARTESIAN_POINT('Ctrl Pts',(-1.27813744539121,3.88447023559311,-11.07172099177));
#3200=CARTESIAN_POINT('Ctrl Pts',(2.57126035567993,3.17983718511264,-11.2702371091816));
#3201=CARTESIAN_POINT('Ctrl Pts',(4.06594683357733,-0.436830272576422,-11.4687532265933));
#3202=CARTESIAN_POINT('Ctrl Pts',(1.83711654379449,-3.65345687603317,-11.6672693440049));
#3203=CARTESIAN_POINT('Ctrl Pts',(-2.07411013113331,-3.52431716853736,-11.8657854614166));
#3204=CARTESIAN_POINT('Ctrl Pts',(-4.08590620172734,-0.167674837716163,
-12.0643015788282));
#3205=CARTESIAN_POINT('Ctrl Pts',(-2.35590709495668,3.34252091997192,-12.2628176962399));
#3206=CARTESIAN_POINT('Ctrl Pts',(1.53158691527053,3.79169960063943,-12.4613338136516));
#3207=CARTESIAN_POINT('Ctrl Pts',(4.0164827623653,0.768511912815581,-12.6598499310632));
#3208=CARTESIAN_POINT('Ctrl Pts',(2.82316009728929,-2.95846436611811,-12.8583660484749));
#3209=CARTESIAN_POINT('Ctrl Pts',(-0.955558882684924,-3.97613525452028,
-13.0568821658865));
#3210=CARTESIAN_POINT('Ctrl Pts',(-3.85919521455358,-1.35253711094514,-13.2553982832982));
#3211=CARTESIAN_POINT('Ctrl Pts',(-3.22865397861101,2.50968879084965,-13.4539144007098));
#3212=CARTESIAN_POINT('Ctrl Pts',(0.358627155432685,4.07358943732715,-13.6524305181215));
#3213=CARTESIAN_POINT('Ctrl Pts',(3.61748436234297,1.90697436498795,-13.8509466355331));
#3214=CARTESIAN_POINT('Ctrl Pts',(3.56351820206857,-2.00601155630846,-14.0494627529448));
#3215=CARTESIAN_POINT('Ctrl Pts',(0.24614985764355,-4.08193025272348,-14.2479788703564));
#3216=CARTESIAN_POINT('Ctrl Pts',(-3.29663784414466,-2.41969487024095,-14.4464949877681));
#3217=CARTESIAN_POINT('Ctrl Pts',(-3.82042731696627,1.4584510469313,-14.6450111051798));
#3218=CARTESIAN_POINT('Ctrl Pts',(-0.845542125143521,4.00097523800446,-14.8435272225915));
#3219=CARTESIAN_POINT('Ctrl Pts',(2.903674460969,2.87948241273211,-15.0420433400031));
#3220=CARTESIAN_POINT('Ctrl Pts',(3.99376120947105,-0.878985632556944,-15.2405594574148));
#3221=CARTESIAN_POINT('Ctrl Pts',(1.42643741173306,-3.83249535562999,-15.4390755748264));
#3222=CARTESIAN_POINT('Ctrl Pts',(-2.44719063395338,-3.27627873380883,-15.6375916922381));
#3223=CARTESIAN_POINT('Ctrl Pts',(-4.07972804756711,0.280291631004715,-15.8361078096497));
#3224=CARTESIAN_POINT('Ctrl Pts',(-1.97612811987514,3.58017625185629,-16.0346239270614));
#3225=CARTESIAN_POINT('Ctrl Pts',(1.9371723500558,3.6014035634314,-16.233140044473));
#3226=CARTESIAN_POINT('Ctrl Pts',(4.07644723073102,0.324533997575802,-16.4316561618847));
#3227=CARTESIAN_POINT('Ctrl Pts',(2.48258927975125,-3.2495376299685,-16.6301722792964));
#3228=CARTESIAN_POINT('Ctrl Pts',(-1.38477670976926,-3.84774450874765,-16.828688396708));
#3229=CARTESIAN_POINT('Ctrl Pts',(-3.98399052972918,-0.922260158277121,
-17.0272045141196));
#3230=CARTESIAN_POINT('Ctrl Pts',(-2.93474160609865,2.84781250189521,-17.2257206315313));
#3231=CARTESIAN_POINT('Ctrl Pts',(0.802087855692327,4.00991264396968,-17.424236748943));
#3232=CARTESIAN_POINT('Ctrl Pts',(3.80438051656908,1.49981106332319,-17.6227528663546));
#3233=CARTESIAN_POINT('Ctrl Pts',(3.32269386736271,-2.38378895968317,-17.8212689837662));
#3234=CARTESIAN_POINT('Ctrl Pts',(-0.201852621235242,-4.08436039788577,
-18.0197851011779));
#3235=CARTESIAN_POINT('Ctrl Pts',(-3.54154631894995,-2.04455227647746,-18.2183012185896));
#3236=CARTESIAN_POINT('Ctrl Pts',(-3.63795926512454,1.86761792822077,-18.4168173360012));
#3237=CARTESIAN_POINT('Ctrl Pts',(-0.40279831762102,4.06945916011438,-18.6153334534129));
#3238=CARTESIAN_POINT('Ctrl Pts',(3.20123766712338,2.54456710249651,-18.8138495708245));
#3239=CARTESIAN_POINT('Ctrl Pts',(3.87364109031349,-1.31059110478897,-19.0123656882362));
#3240=CARTESIAN_POINT('Ctrl Pts',(0.998637687461148,-3.96553490839501,-19.2108818056479));
#3241=CARTESIAN_POINT('Ctrl Pts',(-2.79089911346507,-2.98891727536528,-19.4093979230595));
#3242=CARTESIAN_POINT('Ctrl Pts',(-4.02458359481031,0.724893943208772,-19.6079140404711));
#3243=CARTESIAN_POINT('Ctrl Pts',(-1.57263097572581,3.77486107753713,-19.8064301578829));
#3244=CARTESIAN_POINT('Ctrl Pts',(2.31950717631526,3.36788224252855,-20.0049462752944));
#3245=CARTESIAN_POINT('Ctrl Pts',(4.08748477799173,-0.123339086274445,-20.2034623927062));
#3246=CARTESIAN_POINT('Ctrl Pts',(2.11222157218826,-3.50160882602549,-20.4019785101178));
#3247=CARTESIAN_POINT('Ctrl Pts',(-1.79737397071059,-3.67317181056498,-20.6004946275295));
#3248=CARTESIAN_POINT('Ctrl Pts',(-4.06096862091088,-0.480913922125621,
-20.7990107449411));
#3249=CARTESIAN_POINT('Ctrl Pts',(-2.6056054558951,3.15175578824354,-20.9975268623528));
#3250=CARTESIAN_POINT('Ctrl Pts',(1.23592162175816,3.89810750049151,-21.1960429797644));
#3251=CARTESIAN_POINT('Ctrl Pts',(3.94561518792737,1.0746465136563,-21.3945590971761));
#3252=CARTESIAN_POINT('Ctrl Pts',(3.0419894185519,-2.73295530844079,-21.5930752145877));
#3253=CARTESIAN_POINT('Ctrl Pts',(-0.647432395559137,-4.03776864539073,
-21.7915913319994));
#3254=CARTESIAN_POINT('Ctrl Pts',(-3.74394793728688,-1.64487026339442,-21.9901074494111));
#3255=CARTESIAN_POINT('Ctrl Pts',(-3.41182717548905,2.25436901706609,-22.1886235668227));
#3256=CARTESIAN_POINT('Ctrl Pts',(0.0447800137880388,4.08910003434767,-22.3871396842343));
#3257=CARTESIAN_POINT('Ctrl Pts',(3.46037851824254,2.17911102309545,-22.585655801646));
#3258=CARTESIAN_POINT('Ctrl Pts',(3.70702819907272,-1.72646641200433,-22.7841719190577));
#3259=CARTESIAN_POINT('Ctrl Pts',(0.558851970339284,-4.05097874789532,-22.9826880364693));
#3260=CARTESIAN_POINT('Ctrl Pts',(-3.10111026232731,-2.6656818041902,-23.181204153881));
#3261=CARTESIAN_POINT('Ctrl Pts',(-3.92113470614943,1.16079582903238,-23.3797202712926));
#3262=CARTESIAN_POINT('Ctrl Pts',(-1.15025857392723,3.92423872292633,-23.5782363887043));
#3263=CARTESIAN_POINT('Ctrl Pts',(2.67400247997561,3.09393844087567,-23.776752506116));
#3264=CARTESIAN_POINT('Ctrl Pts',(4.04946292779811,-0.569731811565411,-23.9752686235276));
#3265=CARTESIAN_POINT('Ctrl Pts',(1.71650225498741,-3.71165250998431,-24.1737847409393));
#3266=CARTESIAN_POINT('Ctrl Pts',(-2.18839853101429,-3.454512439882,-24.3723008583509));
#3267=CARTESIAN_POINT('Ctrl Pts',(-4.08920557120159,-0.033795594874384,
-24.5708169757626));
#3268=CARTESIAN_POINT('Ctrl Pts',(-2.24519593204427,3.41787062407732,-24.7693330931742));
#3269=CARTESIAN_POINT('Ctrl Pts',(1.65492142935002,3.73951591915684,-24.9678492105859));
#3270=CARTESIAN_POINT('Ctrl Pts',(4.03949323369551,0.636583709148655,-25.1663653279975));
#3271=CARTESIAN_POINT('Ctrl Pts',(2.72477395857402,-3.04931983035542,-25.3648814454091));
#3272=CARTESIAN_POINT('Ctrl Pts',(-1.0852414476548,-3.94271412427051,-25.5633975628209));
#3273=CARTESIAN_POINT('Ctrl Pts',(-3.90141343610814,-1.22544610767228,-25.7619136802325));
#3274=CARTESIAN_POINT('Ctrl Pts',(-3.14474510413977,2.61406269269635,-25.9604297976442));
#3275=CARTESIAN_POINT('Ctrl Pts',(0.491820766902418,4.05966155111319,-26.1589459150558));
#3276=CARTESIAN_POINT('Ctrl Pts',(3.6779869338285,1.78750160326605,-26.3574620324674));
#3277=CARTESIAN_POINT('Ctrl Pts',(3.49592186454156,-2.12162218429362,-26.5559781498791));
#3278=CARTESIAN_POINT('Ctrl Pts',(0.112359518474368,-4.08779730335369,-26.7544942672908));
#3279=CARTESIAN_POINT('Ctrl Pts',(-3.37410235178643,-2.31045966141339,-26.9530103847024));
#3280=CARTESIAN_POINT('Ctrl Pts',(-3.77062007189513,1.58278032502869,-27.1515265021141));
#3281=CARTESIAN_POINT('Ctrl Pts',(-0.714086010368031,4.02648776233728,-27.3500426195257));
#3282=CARTESIAN_POINT('Ctrl Pts',(2.99641429940907,2.78291487783475,-27.5485587369374));
#3283=CARTESIAN_POINT('Ctrl Pts',(3.96281729067208,-1.00939144242595,-27.7470748543491));
#3284=CARTESIAN_POINT('Ctrl Pts',(1.30022067137376,-3.87694620819982,-27.9455909717607));
#3285=CARTESIAN_POINT('Ctrl Pts',(-2.55323348952798,-3.19477730499428,-28.1441070891724));
#3286=CARTESIAN_POINT('Ctrl Pts',(-4.06821611315862,0.41447020891541,-28.342623206584));
#3287=CARTESIAN_POINT('Ctrl Pts',(-1.85811937649134,3.64153529334428,-28.5411393239957));
#3288=CARTESIAN_POINT('Ctrl Pts',(2.05459509233156,3.53882308293896,-28.7396554414074));
#3289=CARTESIAN_POINT('Ctrl Pts',(4.08387040598221,0.185151739592561,-28.938171558819));
#3290=CARTESIAN_POINT('Ctrl Pts',(2.9458383318019,-2.14808296007152,-29.0705156370934));
#3291=CARTESIAN_POINT('Ctrl Pts',(2.00907721869547,-2.81633609132839,-29.1366876762306));
#3292=CARTESIAN_POINT('Ctrl Pts',(1.64343044862512,3.31080057131683,-3.86331232376936));
#3293=CARTESIAN_POINT('Ctrl Pts',(2.74465882758514,2.76416775248982,-3.92948436290657));
#3294=CARTESIAN_POINT('Ctrl Pts',(4.33968670790873,0.495043275117034,-4.06182844118101));
#3295=CARTESIAN_POINT('Ctrl Pts',(2.7657837042919,-3.38604778611026,-4.26034455859267));
#3296=CARTESIAN_POINT('Ctrl Pts',(-1.34467442703056,-4.15584701098561,-4.45886067600433));
#3297=CARTESIAN_POINT('Ctrl Pts',(-4.2218063385044,-1.12498395298324,-4.65737679341598));
#3298=CARTESIAN_POINT('Ctrl Pts',(-3.2336748811553,2.93879330483033,-4.85589291082764));
#3299=CARTESIAN_POINT('Ctrl Pts',(0.716308478107246,4.30988778722199,-5.05440902823929));
#3300=CARTESIAN_POINT('Ctrl Pts',(4.0100422569561,1.73479426902837,-5.25292514565095));
#3301=CARTESIAN_POINT('Ctrl Pts',(3.63159527761382,-2.42936890419314,-5.4514412630626));
#3302=CARTESIAN_POINT('Ctrl Pts',(-0.0726703864692245,-4.36856515363419,
-5.64995738047426));
#3303=CARTESIAN_POINT('Ctrl Pts',(-3.71034793485876,-2.3072152849194,-5.84847349788591));
#3304=CARTESIAN_POINT('Ctrl Pts',(-3.95017921162237,1.86709202110897,-6.04698961529757));
#3305=CARTESIAN_POINT('Ctrl Pts',(-0.572501190190356,4.33152404366473,-6.24550573270922));
#3306=CARTESIAN_POINT('Ctrl Pts',(3.32945715272044,2.82924330031608,-6.44402185012088));
#3307=CARTESIAN_POINT('Ctrl Pts',(4.18236477208377,-1.26401222961817,-6.64253796753254));
#3308=CARTESIAN_POINT('Ctrl Pts',(1.20514082840794,-4.19970544677395,-6.84105408494419));
#3309=CARTESIAN_POINT('Ctrl Pts',(-2.87572739964073,-3.28939036553551,-7.03957020235585));
#3310=CARTESIAN_POINT('Ctrl Pts',(-4.32305957452834,0.633286917075721,-7.2380863197675));
#3311=CARTESIAN_POINT('Ctrl Pts',(-1.81141581725274,3.97601152675313,-7.43660243717916));
#3312=CARTESIAN_POINT('Ctrl Pts',(2.35908798070043,3.67758070428496,-7.6351185545908));
#3313=CARTESIAN_POINT('Ctrl Pts',(4.36918393683339,0.0112912754515732,-7.83363467200249));
#3314=CARTESIAN_POINT('Ctrl Pts',(2.37806432495769,-3.66533840921484,-8.03215078941411));
#3315=CARTESIAN_POINT('Ctrl Pts',(-1.79084134483432,-3.98532094226792,-8.2306669068258));
#3316=CARTESIAN_POINT('Ctrl Pts',(-4.31972858441792,-0.655622343643116,
-8.42918302423742));
#3317=CARTESIAN_POINT('Ctrl Pts',(-2.89269055218377,3.27448271477428,-8.6276991416491));
#3318=CARTESIAN_POINT('Ctrl Pts',(1.18341846076357,4.20587879613556,-8.82621525906074));
#3319=CARTESIAN_POINT('Ctrl Pts',(4.17577535947988,1.28561107723446,-9.02473137647241));
#3320=CARTESIAN_POINT('Ctrl Pts',(3.34403661506515,-2.81199480968727,-9.22324749388407));
#3321=CARTESIAN_POINT('Ctrl Pts',(-0.55010725079778,-4.33442934054193,-9.42176361129571));
#3322=CARTESIAN_POINT('Ctrl Pts',(-3.94047336068969,-1.88747593048337,-9.62027972870738));
#3323=CARTESIAN_POINT('Ctrl Pts',(-3.72222892252974,2.28799203288665,-9.81879584611903));
#3324=CARTESIAN_POINT('Ctrl Pts',(-0.0952380414623665,4.36816041488022,
-10.0173119635307));
#3325=CARTESIAN_POINT('Ctrl Pts',(3.61897002637928,2.44805058008669,-10.2158280809423));
#3326=CARTESIAN_POINT('Ctrl Pts',(4.01899418416028,-1.71393740905849,-10.414344198354));
#3327=CARTESIAN_POINT('Ctrl Pts',(0.738499917469121,-4.3063341215511,-10.6128603157656));
#3328=CARTESIAN_POINT('Ctrl Pts',(-3.2182985258855,-2.95507196067935,-10.8113764331773));
#3329=CARTESIAN_POINT('Ctrl Pts',(-4.22784039776175,1.10238889034897,-11.009892550589));
#3330=CARTESIAN_POINT('Ctrl Pts',(-1.36560645542053,4.15030296525828,-11.2084086680006));
#3331=CARTESIAN_POINT('Ctrl Pts',(2.74722390220605,3.39744853171633,-11.4069247854123));
#3332=CARTESIAN_POINT('Ctrl Pts',(4.34419886793185,-0.466724640847088,-11.6054409028239));
#3333=CARTESIAN_POINT('Ctrl Pts',(1.96283914583046,-3.90348026536713,-11.8039570202356));
#3334=CARTESIAN_POINT('Ctrl Pts',(-2.21605132886295,-3.76550291493171,-12.0024731376472));
#3335=CARTESIAN_POINT('Ctrl Pts',(-4.36552415034967,-0.179149622462339,
-12.2009892550589));
#3336=CARTESIAN_POINT('Ctrl Pts',(-2.51713299602073,3.57126548647092,-12.3995053724706));
#3337=CARTESIAN_POINT('Ctrl Pts',(1.63640067511739,4.05118359556685,-12.5980214898822));
#3338=CARTESIAN_POINT('Ctrl Pts',(4.29134973562443,0.821104829525855,-12.7965376072939));
#3339=CARTESIAN_POINT('Ctrl Pts',(3.01636233837421,-3.16092612032491,-12.9950537247055));
#3340=CARTESIAN_POINT('Ctrl Pts',(-1.02095231106346,-4.24824105637248,-13.1935698421172));
#3341=CARTESIAN_POINT('Ctrl Pts',(-4.12329825460143,-1.44509764310769,-13.3920859595288));
#3342=CARTESIAN_POINT('Ctrl Pts',(-3.44960609002486,2.6814387030432,-13.5906020769405));
#3343=CARTESIAN_POINT('Ctrl Pts',(0.383169713330821,4.3523644913197,-13.7891181943521));
#3344=CARTESIAN_POINT('Ctrl Pts',(3.86504598187893,2.03747766919693,-13.9876343117638));
#3345=CARTESIAN_POINT('Ctrl Pts',(3.80738666119266,-2.14329244544156,-14.1861504291754));
#3346=CARTESIAN_POINT('Ctrl Pts',(0.262995060359898,-4.36127610828997,-14.3846665465871));
#3347=CARTESIAN_POINT('Ctrl Pts',(-3.52224241405395,-2.58528607143466,-14.5831826639988));
#3348=CARTESIAN_POINT('Ctrl Pts',(-4.08187728583223,1.55825977228494,-14.7816987814104));
#3349=CARTESIAN_POINT('Ctrl Pts',(-0.903406584784461,4.27478095778984,-14.9802148988221));
#3350=CARTESIAN_POINT('Ctrl Pts',(3.10238668199352,3.07653905710684,-15.1787310162337));
#3351=CARTESIAN_POINT('Ctrl Pts',(4.26707323905402,-0.939138790096406,-15.3772471336454));
#3352=CARTESIAN_POINT('Ctrl Pts',(1.52405529212846,-4.09477119764339,-15.575763251057));
#3353=CARTESIAN_POINT('Ctrl Pts',(-2.61466350072267,-3.50049003319583,-15.7742793684687));
#3354=CARTESIAN_POINT('Ctrl Pts',(-4.35892319578551,0.299473317271594,-15.9727954858803));
#3355=CARTESIAN_POINT('Ctrl Pts',(-2.11136394365908,3.8251847003682,-16.171311603292));
#3356=CARTESIAN_POINT('Ctrl Pts',(2.06974224566951,3.84786469759599,-16.3698277207037));
#3357=CARTESIAN_POINT('Ctrl Pts',(4.35541785708615,0.346743398913041,-16.5683438381153));
#3358=CARTESIAN_POINT('Ctrl Pts',(2.65248464381576,-3.47191890873567,-16.766859955527));
#3359=CARTESIAN_POINT('Ctrl Pts',(-1.47954355065314,-4.1110639226647,-16.9653760729387));
#3360=CARTESIAN_POINT('Ctrl Pts',(-4.25663390533645,-0.9853747969452,-17.1638921903503));
#3361=CARTESIAN_POINT('Ctrl Pts',(-3.13557989927511,3.04270182400061,-17.362408307762));
#3362=CARTESIAN_POINT('Ctrl Pts',(0.856978533488273,4.28432999285242,-17.5609244251736));
#3363=CARTESIAN_POINT('Ctrl Pts',(4.06473232674329,1.60245025084794,-17.7594405425853));
#3364=CARTESIAN_POINT('Ctrl Pts',(3.55008157457421,-2.54692294904721,-17.9579566599969));
#3365=CARTESIAN_POINT('Ctrl Pts',(-0.215666353877918,-4.36387255981653,
-18.1564727774086));
#3366=CARTESIAN_POINT('Ctrl Pts',(-3.7839111378577,-2.18447068996383,-18.3549888948202));
#3367=CARTESIAN_POINT('Ctrl Pts',(-3.88692207940935,1.99542788471915,-18.5535050122319));
#3368=CARTESIAN_POINT('Ctrl Pts',(-0.430363717735742,4.34795155963948,-18.7520211296435));
#3369=CARTESIAN_POINT('Ctrl Pts',(3.4203135502543,2.71870390305038,-18.9505372470552));
#3370=CARTESIAN_POINT('Ctrl Pts',(4.13873273018392,-1.40028107272038,-19.1490533644669));
#3371=CARTESIAN_POINT('Ctrl Pts',(1.06697920285543,-4.23691527826421,-19.3475694818785));
#3372=CARTESIAN_POINT('Ctrl Pts',(-2.98189358235155,-3.19346306664807,-19.5460855992902));
#3373=CARTESIAN_POINT('Ctrl Pts',(-4.30000494647135,0.774501875295656,-19.7446017167018));
#3374=CARTESIAN_POINT('Ctrl Pts',(-1.68025357537986,4.03319273243144,-19.9431178341135));
#3375=CARTESIAN_POINT('Ctrl Pts',(2.47824205823246,3.59836240466721,-20.1416339515251));
#3376=CARTESIAN_POINT('Ctrl Pts',(4.36721075607803,-0.131779765180464,-20.3401500689368));
#3377=CARTESIAN_POINT('Ctrl Pts',(2.25677091666453,-3.74124053279279,-20.5386661863484));
#3378=CARTESIAN_POINT('Ctrl Pts',(-1.92037679989562,-3.92454438641447,-20.7371823037601));
#3379=CARTESIAN_POINT('Ctrl Pts',(-4.33887997255148,-0.513825143707739,
-20.9356984211718));
#3380=CARTESIAN_POINT('Ctrl Pts',(-2.78391940059324,3.36744539161587,-21.1342145385834));
#3381=CARTESIAN_POINT('Ctrl Pts',(1.32050160266614,4.16487349290122,-21.3327306559951));
#3382=CARTESIAN_POINT('Ctrl Pts',(4.21563235680778,1.1481896736818,-21.5312467734067));
#3383=CARTESIAN_POINT('Ctrl Pts',(3.25016718841523,-2.91998440781159,-21.7297628908184));
#3384=CARTESIAN_POINT('Ctrl Pts',(-0.691739266392644,-4.3140923126248,-21.92827900823));
#3385=CARTESIAN_POINT('Ctrl Pts',(-4.00016405931395,-1.75743654027222,-22.1267951256417));
#3386=CARTESIAN_POINT('Ctrl Pts',(-3.64531469790475,2.40864618567147,-22.3253112430533));
#3387=CARTESIAN_POINT('Ctrl Pts',(0.0478445226084546,4.36893655209064,-22.523827360465));
#3388=CARTESIAN_POINT('Ctrl Pts',(3.69718863941434,2.32823793008141,-22.7223434778767));
#3389=CARTESIAN_POINT('Ctrl Pts',(3.96071772823315,-1.84461670049745,-22.9208595952883));
#3390=CARTESIAN_POINT('Ctrl Pts',(0.597096862369322,-4.32820644512446,-23.1193757127));
#3391=CARTESIAN_POINT('Ctrl Pts',(-3.31333395205297,-2.84810705845877,-23.3178918301116));
#3392=CARTESIAN_POINT('Ctrl Pts',(-4.18947655950422,1.24023459547936,-23.5164079475233));
#3393=CARTESIAN_POINT('Ctrl Pts',(-1.22897622600914,4.19279299887741,-23.7149240649349));
#3394=CARTESIAN_POINT('Ctrl Pts',(2.85699715756895,3.30567132882982,-23.9134401823466));
#3395=CARTESIAN_POINT('Ctrl Pts',(4.32658689026558,-0.608721262754315,-24.1119562997582));
#3396=CARTESIAN_POINT('Ctrl Pts',(1.83397064893693,-3.96565850268232,-24.3104724171699));
#3397=CARTESIAN_POINT('Ctrl Pts',(-2.33816102623543,-3.69092111747764,-24.5089885345815));
#3398=CARTESIAN_POINT('Ctrl Pts',(-4.36904931133224,-0.0361083877885694,
-24.7075046519932));
#3399=CARTESIAN_POINT('Ctrl Pts',(-2.39884534291623,3.65177172835548,-24.9060207694049));
#3400=CARTESIAN_POINT('Ctrl Pts',(1.76817555520593,3.99542873715378,-25.1045368868165));
#3401=CARTESIAN_POINT('Ctrl Pts',(4.31593492269028,0.680148152895165,-25.3030530042282));
#3402=CARTESIAN_POINT('Ctrl Pts',(2.91124316935375,-3.25799925508055,-25.5015691216398));
#3403=CARTESIAN_POINT('Ctrl Pts',(-1.15950966928572,-4.21253275959962,-25.7000852390515));
#3404=CARTESIAN_POINT('Ctrl Pts',(-4.16840566937843,-1.3093091994461,-25.8986013564631));
#3405=CARTESIAN_POINT('Ctrl Pts',(-3.35995493313388,2.79295540623756,-26.0971174738748));
#3406=CARTESIAN_POINT('Ctrl Pts',(0.525478395624502,4.33748345376561,-26.2956335912864));
#3407=CARTESIAN_POINT('Ctrl Pts',(3.9296890314102,1.90982881950347,-26.4941497086981));
#3408=CARTESIAN_POINT('Ctrl Pts',(3.73516438555045,-2.26681485726123,-26.6926658261097));
#3409=CARTESIAN_POINT('Ctrl Pts',(0.120048813458877,-4.3675446690334,-26.8911819435214));
#3410=CARTESIAN_POINT('Ctrl Pts',(-3.6050081855154,-2.4685753789563,-27.0896980609331));
#3411=CARTESIAN_POINT('Ctrl Pts',(-4.02866149465021,1.69109749281318,-27.2882141783447));
#3412=CARTESIAN_POINT('Ctrl Pts',(-0.762954304328064,4.30203942521728,-27.4867302957564));
#3413=CARTESIAN_POINT('Ctrl Pts',(3.2014731476198,2.97336294759265,-27.6852464131681));
#3414=CARTESIAN_POINT('Ctrl Pts',(4.23401168106567,-1.07846888829797,-27.8837625305797));
#3415=CARTESIAN_POINT('Ctrl Pts',(1.38920094133989,-4.14226403296966,-28.0822786479914));
#3416=CARTESIAN_POINT('Ctrl Pts',(-2.72796337206756,-3.41341107489093,-28.280794765403));
#3417=CARTESIAN_POINT('Ctrl Pts',(-4.3466234450824,0.442834371933371,-28.4793108828147));
#3418=CARTESIAN_POINT('Ctrl Pts',(-1.98527930202521,3.89074283220804,-28.6778270002263));
#3419=CARTESIAN_POINT('Ctrl Pts',(2.195200783359,3.78100153788501,-28.876343117638));
#3420=CARTESIAN_POINT('Ctrl Pts',(4.36334903544204,0.197822551660379,-29.0748592350496));
#3421=CARTESIAN_POINT('Ctrl Pts',(3.14743602657113,-2.29508646947948,-29.2072033133241));
#3422=CARTESIAN_POINT('Ctrl Pts',(2.14656790565203,-3.00907133330612,-29.2733753524613));
#3423=CARTESIAN_POINT('Ctrl Pts',(1.74869447533109,3.52286199445089,-4.));
#3424=CARTESIAN_POINT('Ctrl Pts',(2.92045807748186,2.9412165764065,-4.06617203913722));
#3425=CARTESIAN_POINT('Ctrl Pts',(4.61764973208117,0.526751491656514,-4.19851611741166));
#3426=CARTESIAN_POINT('Ctrl Pts',(2.94293603218941,-3.60292889895748,-4.39703223482331));
#3427=CARTESIAN_POINT('Ctrl Pts',(-1.43080271126442,-4.42203484456042,-4.59554835223496));
#3428=CARTESIAN_POINT('Ctrl Pts',(-4.49221895957734,-1.19704075402994,-4.79406446964662));
#3429=CARTESIAN_POINT('Ctrl Pts',(-3.44079629559253,3.12702714045251,-4.99258058705827));
#3430=CARTESIAN_POINT('Ctrl Pts',(0.762189041432725,4.58594214870317,-5.19109670446994));
#3431=CARTESIAN_POINT('Ctrl Pts',(4.2668910914057,1.8459102766557,-5.38961282188159));
#3432=CARTESIAN_POINT('Ctrl Pts',(3.86420405190537,-2.58497339200312,-5.58812893929325));
#3433=CARTESIAN_POINT('Ctrl Pts',(-0.0773250267117652,-4.64837788278478,
-5.7866450567049));
#3434=CARTESIAN_POINT('Ctrl Pts',(-3.94800092737218,-2.45499566197851,-5.98516117411656));
#3435=CARTESIAN_POINT('Ctrl Pts',(-4.20319373400361,1.98668188543023,-6.18367729152822));
#3436=CARTESIAN_POINT('Ctrl Pts',(-0.609170694898555,4.60896423773645,-6.38219340893987));
#3437=CARTESIAN_POINT('Ctrl Pts',(3.54271355607696,3.01046030440128,-6.58070952635153));
#3438=CARTESIAN_POINT('Ctrl Pts',(4.45025110547325,-1.34497398690245,-6.77922564376318));
#3439=CARTESIAN_POINT('Ctrl Pts',(1.28233178982172,-4.46870247471409,-6.97774176117484));
#3440=CARTESIAN_POINT('Ctrl Pts',(-3.05992177552571,-3.50008043494115,-7.17625787858649));
#3441=CARTESIAN_POINT('Ctrl Pts',(-4.59995760747243,0.673849832900564,-7.37477399599815));
#3442=CARTESIAN_POINT('Ctrl Pts',(-1.92743954257832,4.23068064517281,-7.57329011340981));
#3443=CARTESIAN_POINT('Ctrl Pts',(2.51019087672498,3.91313490969302,-7.77180623082145));
#3444=CARTESIAN_POINT('Ctrl Pts',(4.64903629991633,0.0120144974910061,-7.97032234823312));
#3445=CARTESIAN_POINT('Ctrl Pts',(2.5303826824643,-3.90010847844218,-8.16883846564476));
#3446=CARTESIAN_POINT('Ctrl Pts',(-1.90554724632622,-4.24058634181664,-8.36735458305643));
#3447=CARTESIAN_POINT('Ctrl Pts',(-4.59641326277055,-0.697615874886296,
-8.56587070046808));
#3448=CARTESIAN_POINT('Ctrl Pts',(-3.0779714417961,3.48421792822649,-8.76438681787973));
#3449=CARTESIAN_POINT('Ctrl Pts',(1.25921807404343,4.4752712357663,-8.9629029352914));
#3450=CARTESIAN_POINT('Ctrl Pts',(4.44323963174415,1.3679562710215,-9.16141905270304));
#3451=CARTESIAN_POINT('Ctrl Pts',(3.55822685344642,-2.99210702374027,-9.3599351701147));
#3452=CARTESIAN_POINT('Ctrl Pts',(-0.585342392259067,-4.61205562295608,
-9.55845128752637));
#3453=CARTESIAN_POINT('Ctrl Pts',(-4.19286620969699,-2.00837141280789,-9.75696740493801));
#3454=CARTESIAN_POINT('Ctrl Pts',(-3.96064290897789,2.43454113367416,-9.95548352234968));
#3455=CARTESIAN_POINT('Ctrl Pts',(-0.101338171679836,4.6479472199456,-10.1539996397613));
#3456=CARTESIAN_POINT('Ctrl Pts',(3.85077013561032,2.60485165545648,-10.352515757173));
#3457=CARTESIAN_POINT('Ctrl Pts',(4.27641640211091,-1.82371750553317,-10.5510318745846));
#3458=CARTESIAN_POINT('Ctrl Pts',(0.78580187363034,-4.58216086575867,-10.7495479919963));
#3459=CARTESIAN_POINT('Ctrl Pts',(-3.42443506318772,-3.14434846705497,-10.948064109408));
#3460=CARTESIAN_POINT('Ctrl Pts',(-4.49863950879864,1.17299844592287,-11.1465802268196));
#3461=CARTESIAN_POINT('Ctrl Pts',(-1.45307546544986,4.41613569492344,-11.3450963442313));
#3462=CARTESIAN_POINT('Ctrl Pts',(2.92318744873218,3.61505987832003,-11.5436124616429));
#3463=CARTESIAN_POINT('Ctrl Pts',(4.62245090228637,-0.496619009117754,-11.7421285790546));
#3464=CARTESIAN_POINT('Ctrl Pts',(2.08856174786643,-4.15350365470108,-11.9406446964662));
#3465=CARTESIAN_POINT('Ctrl Pts',(-2.3579925265926,-4.00668866132607,-12.1391608138779));
#3466=CARTESIAN_POINT('Ctrl Pts',(-4.645142098972,-0.190624407208516,-12.3376769312895));
#3467=CARTESIAN_POINT('Ctrl Pts',(-2.67835889708477,3.80001005296992,-12.5361930487012));
#3468=CARTESIAN_POINT('Ctrl Pts',(1.74121443496425,4.31066759049428,-12.7347091661129));
#3469=CARTESIAN_POINT('Ctrl Pts',(4.56621670888357,0.873697746236125,-12.9332252835245));
#3470=CARTESIAN_POINT('Ctrl Pts',(3.20956457945914,-3.3633878745317,-13.1317414009362));
#3471=CARTESIAN_POINT('Ctrl Pts',(-1.086345739442,-4.52034685822469,-13.3302575183478));
#3472=CARTESIAN_POINT('Ctrl Pts',(-4.38740129464928,-1.53765817527025,-13.5287736357595));
#3473=CARTESIAN_POINT('Ctrl Pts',(-3.67055820143872,2.85318861523675,-13.7272897531711));
#3474=CARTESIAN_POINT('Ctrl Pts',(0.407712271228953,4.63113954531224,-13.9258058705828));
#3475=CARTESIAN_POINT('Ctrl Pts',(4.11260760141489,2.16798097340591,-14.1243219879944));
#3476=CARTESIAN_POINT('Ctrl Pts',(4.05125512031675,-2.28057333457465,-14.3228381054061));
#3477=CARTESIAN_POINT('Ctrl Pts',(0.279840263076246,-4.64062196385646,-14.5213542228177));
#3478=CARTESIAN_POINT('Ctrl Pts',(-3.74784698396324,-2.75087727262836,-14.7198703402294));
#3479=CARTESIAN_POINT('Ctrl Pts',(-4.34332725469819,1.65806849763857,-14.9183864576411));
#3480=CARTESIAN_POINT('Ctrl Pts',(-0.961271044425397,4.54858667757522,-15.1169025750527));
#3481=CARTESIAN_POINT('Ctrl Pts',(3.30109890301804,3.27359570148158,-15.3154186924644));
#3482=CARTESIAN_POINT('Ctrl Pts',(4.54038526863699,-0.999291947635866,-15.513934809876));
#3483=CARTESIAN_POINT('Ctrl Pts',(1.62167317252387,-4.35704703965679,-15.7124509272877));
#3484=CARTESIAN_POINT('Ctrl Pts',(-2.78213636749197,-3.72470133258282,-15.9109670446994));
#3485=CARTESIAN_POINT('Ctrl Pts',(-4.6381183440039,0.318655003538473,-16.109483162111));
#3486=CARTESIAN_POINT('Ctrl Pts',(-2.24659976744301,4.0701931488801,-16.3079992795227));
#3487=CARTESIAN_POINT('Ctrl Pts',(2.20231214128321,4.0943258317606,-16.5065153969343));
#3488=CARTESIAN_POINT('Ctrl Pts',(4.63438848344127,0.368952800250274,-16.705031514346));
#3489=CARTESIAN_POINT('Ctrl Pts',(2.82238000788028,-3.69430018750282,-16.9035476317576));
#3490=CARTESIAN_POINT('Ctrl Pts',(-1.57431039153702,-4.37438333658175,-17.1020637491693));
#3491=CARTESIAN_POINT('Ctrl Pts',(-4.52927728094372,-1.04848943561327,-17.3005798665809));
#3492=CARTESIAN_POINT('Ctrl Pts',(-3.33641819245155,3.237591146106,-17.4990959839926));
#3493=CARTESIAN_POINT('Ctrl Pts',(0.911869211284214,4.55874734173517,-17.6976121014042));
#3494=CARTESIAN_POINT('Ctrl Pts',(4.32508413691751,1.70508943837268,-17.8961282188159));
#3495=CARTESIAN_POINT('Ctrl Pts',(3.77746928178571,-2.71005693841125,-18.0946443362276));
#3496=CARTESIAN_POINT('Ctrl Pts',(-0.229480086520598,-4.64338472174729,
-18.2931604536392));
#3497=CARTESIAN_POINT('Ctrl Pts',(-4.02627595676544,-2.32438910345021,-18.4916765710509));
#3498=CARTESIAN_POINT('Ctrl Pts',(-4.13588489369415,2.12323784121754,-18.6901926884625));
#3499=CARTESIAN_POINT('Ctrl Pts',(-0.457929117850464,4.62644395916457,-18.8887088058742));
#3500=CARTESIAN_POINT('Ctrl Pts',(3.63938943338522,2.89284070360426,-19.0872249232858));
#3501=CARTESIAN_POINT('Ctrl Pts',(4.40382437005435,-1.48997104065179,-19.2857410406975));
#3502=CARTESIAN_POINT('Ctrl Pts',(1.13532071824971,-4.5082956481334,-19.4842571581091));
#3503=CARTESIAN_POINT('Ctrl Pts',(-3.17288805123803,-3.39800885793086,-19.6827732755208));
#3504=CARTESIAN_POINT('Ctrl Pts',(-4.57542629813239,0.824109807382545,-19.8812893929324));
#3505=CARTESIAN_POINT('Ctrl Pts',(-1.78787617503391,4.29152438732575,-20.0798055103441));
#3506=CARTESIAN_POINT('Ctrl Pts',(2.63697694014966,3.82884256680587,-20.2783216277558));
#3507=CARTESIAN_POINT('Ctrl Pts',(4.64693673416433,-0.140220444086485,-20.4768377451674));
#3508=CARTESIAN_POINT('Ctrl Pts',(2.4013202611408,-3.9808722395601,-20.6753538625791));
#3509=CARTESIAN_POINT('Ctrl Pts',(-2.04337962908066,-4.17591696226396,-20.8738699799908));
#3510=CARTESIAN_POINT('Ctrl Pts',(-4.61679132419208,-0.546736365289857,
-21.0723860974024));
#3511=CARTESIAN_POINT('Ctrl Pts',(-2.96223334529139,3.58313499498821,-21.2709022148141));
#3512=CARTESIAN_POINT('Ctrl Pts',(1.40508158357412,4.43163948531093,-21.4694183322257));
#3513=CARTESIAN_POINT('Ctrl Pts',(4.48564952568819,1.2217328337073,-21.6679344496374));
#3514=CARTESIAN_POINT('Ctrl Pts',(3.45834495827857,-3.10701350718239,-21.866450567049));
#3515=CARTESIAN_POINT('Ctrl Pts',(-0.736046137226155,-4.59041597985887,
-22.0649666844607));
#3516=CARTESIAN_POINT('Ctrl Pts',(-4.25638018134101,-1.87000281715001,-22.2634828018723));
#3517=CARTESIAN_POINT('Ctrl Pts',(-3.87880222032044,2.56292335427685,-22.461998919284));
#3518=CARTESIAN_POINT('Ctrl Pts',(0.0509090314288638,4.64877306983361,-22.6605150366956));
#3519=CARTESIAN_POINT('Ctrl Pts',(3.93399876058616,2.47736483706737,-22.8590311541073));
#3520=CARTESIAN_POINT('Ctrl Pts',(4.21440725739358,-1.96276698899056,-23.0575472715189));
#3521=CARTESIAN_POINT('Ctrl Pts',(0.635341754399366,-4.6054341423536,-23.2560633889306));
#3522=CARTESIAN_POINT('Ctrl Pts',(-3.52555764177863,-3.03053231272733,-23.4545795063422));
#3523=CARTESIAN_POINT('Ctrl Pts',(-4.45781841285901,1.31967336192633,-23.653095623754));
#3524=CARTESIAN_POINT('Ctrl Pts',(-1.30769387809105,4.4613472748285,-23.8516117411655));
#3525=CARTESIAN_POINT('Ctrl Pts',(3.03999183516228,3.51740421678397,-24.0501278585773));
#3526=CARTESIAN_POINT('Ctrl Pts',(4.60371085273305,-0.64771071394322,-24.2486439759888));
#3527=CARTESIAN_POINT('Ctrl Pts',(1.95143904288645,-4.21966449538032,-24.4471600934006));
#3528=CARTESIAN_POINT('Ctrl Pts',(-2.48792352145658,-3.92732979507328,-24.6456762108122));
#3529=CARTESIAN_POINT('Ctrl Pts',(-4.64889305146288,-0.0384211807027476,
-24.8441923282239));
#3530=CARTESIAN_POINT('Ctrl Pts',(-2.5524947537882,3.88567283263362,-25.0427084456355));
#3531=CARTESIAN_POINT('Ctrl Pts',(1.88142968106185,4.25134155515073,-25.2412245630472));
#3532=CARTESIAN_POINT('Ctrl Pts',(4.59237661168504,0.723712596641671,-25.4397406804588));
#3533=CARTESIAN_POINT('Ctrl Pts',(3.09771238013348,-3.46667867980568,-25.6382567978705));
#3534=CARTESIAN_POINT('Ctrl Pts',(-1.23377789091665,-4.48235139492874,-25.8367729152821));
#3535=CARTESIAN_POINT('Ctrl Pts',(-4.43539790264872,-1.39317229121991,-26.0352890326938));
#3536=CARTESIAN_POINT('Ctrl Pts',(-3.575164762128,2.97184811977876,-26.2338051501054));
#3537=CARTESIAN_POINT('Ctrl Pts',(0.559136024346588,4.61530535641803,-26.4323212675171));
#3538=CARTESIAN_POINT('Ctrl Pts',(4.18139112899188,2.03215603574088,-26.6308373849287));
#3539=CARTESIAN_POINT('Ctrl Pts',(3.97440690655935,-2.41200753022884,-26.8293535023404));
#3540=CARTESIAN_POINT('Ctrl Pts',(0.127738108443379,-4.64729203471313,-27.027869619752));
#3541=CARTESIAN_POINT('Ctrl Pts',(-3.83591401924437,-2.62669109649921,-27.2263857371637));
#3542=CARTESIAN_POINT('Ctrl Pts',(-4.2867029174053,1.79941466059767,-27.4249018545754));
#3543=CARTESIAN_POINT('Ctrl Pts',(-0.811822598288091,4.57759108809727,-27.6234179719871));
#3544=CARTESIAN_POINT('Ctrl Pts',(3.40653199583053,3.16381101735055,-27.8219340893987));
#3545=CARTESIAN_POINT('Ctrl Pts',(4.50520607145926,-1.14754633416999,-28.0204502068104));
#3546=CARTESIAN_POINT('Ctrl Pts',(1.47818121130602,-4.4075818577395,-28.218966324222));
#3547=CARTESIAN_POINT('Ctrl Pts',(-2.90269325460713,-3.63204484478759,-28.4174824416337));
#3548=CARTESIAN_POINT('Ctrl Pts',(-4.62503077700618,0.471198534951331,-28.6159985590453));
#3549=CARTESIAN_POINT('Ctrl Pts',(-2.11243922755908,4.13995037107181,-28.814514676457));
#3550=CARTESIAN_POINT('Ctrl Pts',(2.33580647438643,4.02317999283105,-29.0130307938686));
#3551=CARTESIAN_POINT('Ctrl Pts',(4.64282766490188,0.210493363728204,-29.2115469112803));
#3552=CARTESIAN_POINT('Ctrl Pts',(3.34903372134036,-2.44208997888745,-29.3438909895547));
#3553=CARTESIAN_POINT('Ctrl Pts',(2.28405859260859,-3.20180657528384,-29.4100630286919));
#3554=CARTESIAN_POINT('',(1.74869447533119,3.52286199445084,-29.));
#3555=CARTESIAN_POINT('Ctrl Pts',(1.75280371781401,3.5281940756283,-29.));
#3556=CARTESIAN_POINT('Ctrl Pts',(1.82614193940694,3.48382658575899,-29.));
#3557=CARTESIAN_POINT('Ctrl Pts',(1.89777982723062,3.43697556580743,-29.));
#3558=CARTESIAN_POINT('Ctrl Pts',(1.96757936005933,3.38764135569895,-29.));
#3559=CARTESIAN_POINT('Ctrl Pts',(2.06532058057925,3.31855800063951,-29.));
#3560=CARTESIAN_POINT('Ctrl Pts',(2.15945876368242,3.24460681737205,-29.));
#3561=CARTESIAN_POINT('Ctrl Pts',(2.24984034070834,3.16619786697987,-29.));
#3562=CARTESIAN_POINT('Ctrl Pts',(2.34172585969207,3.08648419814569,-29.));
#3563=CARTESIAN_POINT('Ctrl Pts',(2.42972917521542,3.00216237111452,-29.));
#3564=CARTESIAN_POINT('Ctrl Pts',(2.5136469302406,2.91363009890372,-29.));
#3565=CARTESIAN_POINT('Ctrl Pts',(2.60020775109112,2.82230942246249,-29.));
#3566=CARTESIAN_POINT('Ctrl Pts',(2.68242227010554,2.72650801760824,-29.));
#3567=CARTESIAN_POINT('Ctrl Pts',(2.76001412041843,2.62664027384958,-29.));
#3568=CARTESIAN_POINT('Ctrl Pts',(2.78254976247822,2.59763486003889,-29.));
#3569=CARTESIAN_POINT('Ctrl Pts',(2.80469509267349,2.56828634278457,-29.));
#3570=CARTESIAN_POINT('Ctrl Pts',(2.82644240930842,2.53860471105454,-29.));
#3571=CARTESIAN_POINT('Ctrl Pts',(2.83890999121488,2.52158844275238,-29.));
#3572=CARTESIAN_POINT('Ctrl Pts',(2.85124863023323,2.50445989477801,-29.));
#3573=CARTESIAN_POINT('Ctrl Pts',(2.86344222021908,2.48724197946948,-29.));
#3574=CARTESIAN_POINT('Ctrl Pts',(2.93272365459109,2.38941337683036,-29.));
#3575=CARTESIAN_POINT('Ctrl Pts',(2.99742374457742,2.28857192887201,-29.));
#3576=CARTESIAN_POINT('Ctrl Pts',(3.05737850223481,2.1851120395742,-29.));
#3577=CARTESIAN_POINT('Ctrl Pts',(3.11720522552572,2.08187309056371,-29.));
#3578=CARTESIAN_POINT('Ctrl Pts',(3.17230715863479,1.97602597984883,-29.));
#3579=CARTESIAN_POINT('Ctrl Pts',(3.22247358100948,1.86794307663005,-29.));
#3580=CARTESIAN_POINT('Ctrl Pts',(3.2719019970275,1.76145019848874,-29.));
#3581=CARTESIAN_POINT('Ctrl Pts',(3.31653922057123,1.6527859977879,-29.));
#3582=CARTESIAN_POINT('Ctrl Pts',(3.35613395139794,1.5423004630367,-29.));
#3583=CARTESIAN_POINT('Ctrl Pts',(3.37594324958811,1.48702439832078,-29.));
#3584=CARTESIAN_POINT('Ctrl Pts',(3.39448960495637,1.43129243039341,-29.));
#3585=CARTESIAN_POINT('Ctrl Pts',(3.41173656092304,1.37514876034679,-29.));
#3586=CARTESIAN_POINT('Ctrl Pts',(3.4214224686159,1.34361841918621,-29.));
#3587=CARTESIAN_POINT('Ctrl Pts',(3.43069848999725,1.31195823749109,-29.));
#3588=CARTESIAN_POINT('Ctrl Pts',(3.43955768553503,1.28017613824962,-29.));
#3589=CARTESIAN_POINT('Ctrl Pts',(3.44519127161472,1.25996581654414,-29.));
#3590=CARTESIAN_POINT('Ctrl Pts',(3.45065629788995,1.23970619628613,-29.));
#3591=CARTESIAN_POINT('Ctrl Pts',(3.4559509051719,1.21939933383677,-29.));
#3592=CARTESIAN_POINT('Ctrl Pts',(3.45997905544776,1.20394982281145,-29.));
#3593=CARTESIAN_POINT('Ctrl Pts',(3.46390798837917,1.18847497683307,-29.));
#3594=CARTESIAN_POINT('Ctrl Pts',(3.46773437033383,1.17298673930543,-29.));
#3595=CARTESIAN_POINT('Ctrl Pts',(3.49527087067402,1.06152587026445,-29.));
#3596=CARTESIAN_POINT('Ctrl Pts',(3.51754249470736,0.949212382939085,-29.));
#3597=CARTESIAN_POINT('Ctrl Pts',(3.53435853071137,0.836384501787977,-29.));
#3598=CARTESIAN_POINT('Ctrl Pts',(3.55093250879707,0.725180718137199,-29.));
#3599=CARTESIAN_POINT('Ctrl Pts',(3.56220694397364,0.613476499485854,-29.));
#3600=CARTESIAN_POINT('Ctrl Pts',(3.56794882132129,0.501596744555758,-29.));
#3601=CARTESIAN_POINT('Ctrl Pts',(3.57369069866894,0.389716989625661,-29.));
#3602=CARTESIAN_POINT('Ctrl Pts',(3.57390025012515,0.277660987389427,-29.));
#3603=CARTESIAN_POINT('Ctrl Pts',(3.56829090785,0.165765544835954,-29.));
#3604=CARTESIAN_POINT('Ctrl Pts',(3.56476301356864,0.0953909318185908,-29.));
#3605=CARTESIAN_POINT('Ctrl Pts',(3.55893211099897,0.0250801016861522,-29.));
#3606=CARTESIAN_POINT('Ctrl Pts',(3.55083916775711,-0.0450776797982597,
-29.));
#3607=CARTESIAN_POINT('Ctrl Pts',(3.54799179937542,-0.0697615361850566,
-29.));
#3608=CARTESIAN_POINT('Ctrl Pts',(3.54486436462585,-0.0944264102135546,
-29.));
#3609=CARTESIAN_POINT('Ctrl Pts',(3.54145847279151,-0.119068285142936,-29.));
#3610=CARTESIAN_POINT('Ctrl Pts',(3.53909041074594,-0.136201386130932,-29.));
#3611=CARTESIAN_POINT('Ctrl Pts',(3.53658773517459,-0.15332336744061,-29.));
#3612=CARTESIAN_POINT('Ctrl Pts',(3.53395096268732,-0.170432857519336,-29.));
#3613=CARTESIAN_POINT('Ctrl Pts',(3.53152281490213,-0.186188623570875,-29.));
#3614=CARTESIAN_POINT('Ctrl Pts',(3.52898253767379,-0.201923488887358,-29.));
#3615=CARTESIAN_POINT('Ctrl Pts',(3.52633101685595,-0.21763612905698,-29.));
#3616=CARTESIAN_POINT('Ctrl Pts',(3.5079434568023,-0.326598922324976,-29.));
#3617=CARTESIAN_POINT('Ctrl Pts',(3.4842093551942,-0.434500325326925,-29.));
#3618=CARTESIAN_POINT('Ctrl Pts',(3.45537374743957,-0.541023925360962,-29.));
#3619=CARTESIAN_POINT('Ctrl Pts',(3.42604954973998,-0.649352459083996,-29.));
#3620=CARTESIAN_POINT('Ctrl Pts',(3.39144904915577,-0.756256918879731,-29.));
#3621=CARTESIAN_POINT('Ctrl Pts',(3.351780949715,-0.861383436864612,-29.));
#3622=CARTESIAN_POINT('Ctrl Pts',(3.31244080311251,-0.965640829773225,-29.));
#3623=CARTESIAN_POINT('Ctrl Pts',(3.2681158846291,-1.06815024932059,-29.));
#3624=CARTESIAN_POINT('Ctrl Pts',(3.21897031892546,-1.16853478398012,-29.));
#3625=CARTESIAN_POINT('Ctrl Pts',(3.18211566638003,-1.24381394890258,-29.));
#3626=CARTESIAN_POINT('Ctrl Pts',(3.14254921121548,-1.31789757530244,-29.));
#3627=CARTESIAN_POINT('Ctrl Pts',(3.10032849946812,-1.39061133862141,-29.));
#3628=CARTESIAN_POINT('Ctrl Pts',(3.08735493175635,-1.41295480212438,-29.));
#3629=CARTESIAN_POINT('Ctrl Pts',(3.07412730339979,-1.43517413384551,-29.));
#3630=CARTESIAN_POINT('Ctrl Pts',(3.06066558942727,-1.4572343984536,-29.));
#3631=CARTESIAN_POINT('Ctrl Pts',(3.0033496689009,-1.55116035585015,-29.));
#3632=CARTESIAN_POINT('Ctrl Pts',(2.94174677009617,-1.64229049729137,-29.));
#3633=CARTESIAN_POINT('Ctrl Pts',(2.8760386543873,-1.73027308121638,-29.));
#3634=CARTESIAN_POINT('Ctrl Pts',(2.80843209445222,-1.82079766511593,-29.));
#3635=CARTESIAN_POINT('Ctrl Pts',(2.73647921344502,-1.9079911690044,-29.));
#3636=CARTESIAN_POINT('Ctrl Pts',(2.66034322781059,-1.99142315388527,-29.));
#3637=CARTESIAN_POINT('Ctrl Pts',(2.62594715430817,-2.02911535239694,-29.));
#3638=CARTESIAN_POINT('Ctrl Pts',(2.59069690056362,-2.06603911297294,-29.));
#3639=CARTESIAN_POINT('Ctrl Pts',(2.55460569103264,-2.10215087897419,-29.));
#3640=CARTESIAN_POINT('Ctrl Pts',(2.54269980640738,-2.11406354483417,-29.));
#3641=CARTESIAN_POINT('Ctrl Pts',(2.53070310543318,-2.12588704703054,-29.));
#3642=CARTESIAN_POINT('Ctrl Pts',(2.51862336153914,-2.1376129306004,-29.));
#3643=CARTESIAN_POINT('Ctrl Pts',(2.44275422950562,-2.21125957547756,-29.));
#3644=CARTESIAN_POINT('Ctrl Pts',(2.36353571616034,-2.28113530863065,-29.));
#3645=CARTESIAN_POINT('Ctrl Pts',(2.28111425528202,-2.34689555358037,-29.));
#3646=CARTESIAN_POINT('Ctrl Pts',(2.20094453879589,-2.41085923655197,-29.));
#3647=CARTESIAN_POINT('Ctrl Pts',(2.11774394159238,-2.47092954850563,-29.));
#3648=CARTESIAN_POINT('Ctrl Pts',(2.03162776208828,-2.52674464717848,-29.));
#3649=CARTESIAN_POINT('Ctrl Pts',(1.97934777842206,-2.56062924893101,-29.));
#3650=CARTESIAN_POINT('Ctrl Pts',(1.92599290285879,-2.59294468321779,-29.));
#3651=CARTESIAN_POINT('Ctrl Pts',(1.87158653173891,-2.62360084935066,-29.));
#3652=CARTESIAN_POINT('Ctrl Pts',(3.93232792673699,-0.00363423074138238,
-27.970836477965));
#3653=CARTESIAN_POINT('Ctrl Pts',(3.93528640286569,-0.330626625819431,-27.9873743875801));
#3654=CARTESIAN_POINT('Ctrl Pts',(3.89791276044245,-0.656948586457187,-28.0039122971952));
#3655=CARTESIAN_POINT('Ctrl Pts',(3.81758958216227,-0.972326029511481,-28.0204502068104));
#3656=CARTESIAN_POINT('Ctrl Pts',(3.49619778474152,-2.23422484202649,-28.0866222459476));
#3657=CARTESIAN_POINT('Ctrl Pts',(2.4871894980238,-3.32090334988298,-28.1527942850848));
#3658=CARTESIAN_POINT('Ctrl Pts',(1.25253961034606,-3.73498643498592,-28.218966324222));
#3659=CARTESIAN_POINT('Ctrl Pts',(0.0178897226683107,-4.14906952008886,
-28.2851383633592));
#3660=CARTESIAN_POINT('Ctrl Pts',(-1.44240176596947,-3.89055718243821,-28.3513104024964));
#3661=CARTESIAN_POINT('Ctrl Pts',(-2.4596037640215,-3.07742711698971,-28.4174824416337));
#3662=CARTESIAN_POINT('Ctrl Pts',(-3.4768057620735,-2.26429705154125,-28.4836544807709));
#3663=CARTESIAN_POINT('Ctrl Pts',(-4.05091826953982,-0.896549258295006,
-28.5498265199081));
#3664=CARTESIAN_POINT('Ctrl Pts',(-3.91920926503183,0.39878327768153,-28.6159985590453));
#3665=CARTESIAN_POINT('Ctrl Pts',(-3.78750026052383,1.69411581365812,-28.6821705981825));
#3666=CARTESIAN_POINT('Ctrl Pts',(-2.94996974404142,2.91703309236501,-28.7483426373198));
#3667=CARTESIAN_POINT('Ctrl Pts',(-1.78983020214262,3.50903000201163,-28.814514676457));
#3668=CARTESIAN_POINT('Ctrl Pts',(-0.705843364751826,4.0621676502489,-28.876343117638));
#3669=CARTESIAN_POINT('Ctrl Pts',(0.659789786555824,4.06449492952166,-28.938171558819));
#3670=CARTESIAN_POINT('Ctrl Pts',(1.75280371781401,3.5281940756283,-29.));
#3671=CARTESIAN_POINT('Ctrl Pts',(1.87560257901084,-2.62738223207783,-4.));
#3672=CARTESIAN_POINT('Ctrl Pts',(1.06078528150073,-3.20300597923628,-4.06182844118101));
#3673=CARTESIAN_POINT('Ctrl Pts',(-1.22730604746546,-3.56565036475536,-4.18982892149924));
#3674=CARTESIAN_POINT('Ctrl Pts',(-3.6809810963585,-0.980870350889834,-4.38400144095469));
#3675=CARTESIAN_POINT('Ctrl Pts',(-2.81943205228085,2.56232563358596,-4.58251755836634));
#3676=CARTESIAN_POINT('Ctrl Pts',(0.62454735145629,3.75777906425962,-4.781033675778));
#3677=CARTESIAN_POINT('Ctrl Pts',(2.93074791559134,1.9547547389499,-4.94045230608025));
#3678=CARTESIAN_POINT('Ctrl Pts',(3.22005096083376,0.44159957586901,-5.03369889724528));
#3679=CARTESIAN_POINT('Ctrl Pts',(3.21816592221767,0.00155408691760152,
-5.0607734492731));
#3680=CARTESIAN_POINT('Origin',(0.,0.,-1.68922655072692));
#3681=CARTESIAN_POINT('Ctrl Pts',(-1.87158653173903,-2.62360084935057,-4.));
#3682=CARTESIAN_POINT('Ctrl Pts',(-2.74424063703277,-2.00107945066342,-4.06617203913721));
#3683=CARTESIAN_POINT('Ctrl Pts',(-3.80439379756919,0.172477416852958,-4.19851611741166));
#3684=CARTESIAN_POINT('Ctrl Pts',(-1.9139880592978,3.2966465384032,-4.3970322348233));
#3685=CARTESIAN_POINT('Ctrl Pts',(1.73095874537292,3.39232619702279,-4.59554835223496));
#3686=CARTESIAN_POINT('Ctrl Pts',(3.17322710309421,1.28640546265356,-4.73461312420283));
#3687=CARTESIAN_POINT('Ctrl Pts',(3.22740603265267,0.110553876704055,-4.80750585703348));
#3688=CARTESIAN_POINT('Ctrl Pts',(3.22666095156289,0.00206681712937072,
-4.81422655072691));
#3689=CARTESIAN_POINT('Ctrl Pts',(-2.28405859260862,-3.20180657528383,-3.58993697130806));
#3690=CARTESIAN_POINT('Ctrl Pts',(-3.34903372134038,-2.44208997888742,-3.65610901044528));
#3691=CARTESIAN_POINT('Ctrl Pts',(-4.64283013135974,0.210489079352227,-3.78845308871972));
#3692=CARTESIAN_POINT('Ctrl Pts',(-2.33580483662044,4.02318232426953,-3.98696920613138));
#3693=CARTESIAN_POINT('Ctrl Pts',(2.11243836647318,4.13994847037182,-4.18548532354303));
#3694=CARTESIAN_POINT('Ctrl Pts',(4.62503081112022,0.471199518157764,-4.38400144095469));
#3695=CARTESIAN_POINT('Ctrl Pts',(2.9026929016505,-3.63204522405492,-4.58251755836634));
#3696=CARTESIAN_POINT('Ctrl Pts',(-1.47818103925116,-4.40758119217107,-4.78103367577799));
#3697=CARTESIAN_POINT('Ctrl Pts',(-4.50520580517326,-1.14754647744402,-4.97954979318966));
#3698=CARTESIAN_POINT('Ctrl Pts',(-3.40653175441997,3.16381093467972,-5.17806591060131));
#3699=CARTESIAN_POINT('Ctrl Pts',(0.811822537934194,4.57759071002238,-5.37658202801297));
#3700=CARTESIAN_POINT('Ctrl Pts',(4.28670263484076,1.79941458286444,-5.57509814542462));
#3701=CARTESIAN_POINT('Ctrl Pts',(3.83591376308655,-2.62669094553136,-5.77361426283628));
#3702=CARTESIAN_POINT('Ctrl Pts',(-0.127738099627179,-4.64729171218931,
-5.97213038024793));
#3703=CARTESIAN_POINT('Ctrl Pts',(-3.97440664223684,-2.41200737726122,-6.17064649765959));
#3704=CARTESIAN_POINT('Ctrl Pts',(-4.18139085085368,2.03215590472656,-6.36916261507124));
#3705=CARTESIAN_POINT('Ctrl Pts',(-0.559135987114172,4.61530504708272,-6.56767873248291));
#3706=CARTESIAN_POINT('Ctrl Pts',(3.57516452426521,2.97184792336254,-6.76619484989455));
#3707=CARTESIAN_POINT('Ctrl Pts',(4.4353976076197,-1.39317219924717,-6.96471096730622));
#3708=CARTESIAN_POINT('Ctrl Pts',(1.23377780882558,-4.48235109636415,-7.16322708471786));
#3709=CARTESIAN_POINT('Ctrl Pts',(-3.09771217405491,-3.46667844940541,-7.36174320212953));
#3710=CARTESIAN_POINT('Ctrl Pts',(-4.59237630619508,0.723712548614502,-7.56025931954118));
#3711=CARTESIAN_POINT('Ctrl Pts',(-1.8814295559002,4.25134127227735,-7.75877543695284));
#3712=CARTESIAN_POINT('Ctrl Pts',(2.55249458398736,3.88567257418311,-7.95729155436449));
#3713=CARTESIAN_POINT('Ctrl Pts',(4.648892742208,-0.0384211781656502,-8.15580767177615));
#3714=CARTESIAN_POINT('Ctrl Pts',(2.48792335595267,-3.92732953380711,-8.35432378918781));
#3715=CARTESIAN_POINT('Ctrl Pts',(-1.95143891307132,-4.21966421468291,-8.55283990659945));
#3716=CARTESIAN_POINT('Ctrl Pts',(-4.60371054648269,-0.647710670852786,
-8.75135602401112));
#3717=CARTESIAN_POINT('Ctrl Pts',(-3.03999163293402,3.51740398279566,-8.94987214142277));
#3718=CARTESIAN_POINT('Ctrl Pts',(1.30769379109988,4.46134697804909,-9.14838825883443));
#3719=CARTESIAN_POINT('Ctrl Pts',(4.45781811631358,1.31967327413775,-9.34690437624608));
#3720=CARTESIAN_POINT('Ctrl Pts',(3.52555740724942,-3.03053211112838,-9.54542049365774));
#3721=CARTESIAN_POINT('Ctrl Pts',(-0.63534171213488,-4.60543383598843,-9.74393661106939));
#3722=CARTESIAN_POINT('Ctrl Pts',(-4.21440697704045,-1.96276685842212,-9.94245272848105));
#3723=CARTESIAN_POINT('Ctrl Pts',(-3.93399849888643,2.47736467226674,-10.1409688458927));
#3724=CARTESIAN_POINT('Ctrl Pts',(-0.0509090280421882,4.64877276058532,
-10.3394849633044));
#3725=CARTESIAN_POINT('Ctrl Pts',(3.87880196229261,2.56292318378455,-10.538001080716));
#3726=CARTESIAN_POINT('Ctrl Pts',(4.25637989819567,-1.87000269275269,-10.7365171981277));
#3727=CARTESIAN_POINT('Ctrl Pts',(0.736046088262391,-4.59041567449266,-10.9350333155393));
#3728=CARTESIAN_POINT('Ctrl Pts',(-3.45834472822066,-3.10701330049581,-11.133549432951));
#3729=CARTESIAN_POINT('Ctrl Pts',(-4.48564922729126,1.22173275243459,-11.3320655503626));
#3730=CARTESIAN_POINT('Ctrl Pts',(-1.40508149010442,4.43163919050694,-11.5305816677743));
#3731=CARTESIAN_POINT('Ctrl Pts',(2.96223314823612,3.58313475662882,-11.729097785186));
#3732=CARTESIAN_POINT('Ctrl Pts',(4.61679101707127,-0.546736328919654,-11.9276139025976));
#3733=CARTESIAN_POINT('Ctrl Pts',(2.04337949314972,-4.1759166844713,-12.1261300200093));
#3734=CARTESIAN_POINT('Ctrl Pts',(-2.40132010139891,-3.98087197474222,-12.3246461374209));
#3735=CARTESIAN_POINT('Ctrl Pts',(-4.64693642503819,-0.140220434758572,
-12.5231622548326));
#3736=CARTESIAN_POINT('Ctrl Pts',(-2.63697676473112,3.8288423121015,-12.7216783722442));
#3737=CARTESIAN_POINT('Ctrl Pts',(1.78787605609987,4.29152410184252,-12.9201944896559));
#3738=CARTESIAN_POINT('Ctrl Pts',(4.57542599376333,0.824109752560548,-13.1187106070676));
#3739=CARTESIAN_POINT('Ctrl Pts',(3.17288784016931,-3.39800863188666,-13.3172267244792));
#3740=CARTESIAN_POINT('Ctrl Pts',(-1.13532064272536,-4.50829534823,-13.5157428418909));
#3741=CARTESIAN_POINT('Ctrl Pts',(-4.4038240771007,-1.489970941535,-13.7142589593025));
#3742=CARTESIAN_POINT('Ctrl Pts',(-3.63938919128363,2.89284051116518,-13.9127750767142));
#3743=CARTESIAN_POINT('Ctrl Pts',(0.457929087387968,4.62644365140165,-14.1112911941258));
#3744=CARTESIAN_POINT('Ctrl Pts',(4.13588461856454,2.12323769997421,-14.3098073115375));
#3745=CARTESIAN_POINT('Ctrl Pts',(4.02627568892718,-2.324388948826,-14.5083234289492));
#3746=CARTESIAN_POINT('Ctrl Pts',(0.229480071254872,-4.64338441285744,-14.7068395463608));
#3747=CARTESIAN_POINT('Ctrl Pts',(-3.77746903049884,-2.71005675813121,-14.9053556637725));
#3748=CARTESIAN_POINT('Ctrl Pts',(-4.32508384920179,1.70508932494587,-15.1038717811841));
#3749=CARTESIAN_POINT('Ctrl Pts',(-0.911869150624193,4.55874703847565,-15.3023878985958));
#3750=CARTESIAN_POINT('Ctrl Pts',(3.33641797050456,3.23759093073303,-15.5009040160074));
#3751=CARTESIAN_POINT('Ctrl Pts',(4.52927697964455,-1.0484893658652,-15.6994201334191));
#3752=CARTESIAN_POINT('Ctrl Pts',(1.57431028680974,-4.3743830455866,-15.8979362508307));
#3753=CARTESIAN_POINT('Ctrl Pts',(-2.82237982012842,-3.69429994174843,-16.0964523682424));
#3754=CARTESIAN_POINT('Ctrl Pts',(-4.63438817514986,0.368952775706713,-16.294968485654));
#3755=CARTESIAN_POINT('Ctrl Pts',(-2.20231199477964,4.09432555939562,-16.4934846030657));
#3756=CARTESIAN_POINT('Ctrl Pts',(2.2465996179936,4.07019287812035,-16.6920007204773));
#3757=CARTESIAN_POINT('Ctrl Pts',(4.63811803546438,0.318654982340533,-16.890516837889));
#3758=CARTESIAN_POINT('Ctrl Pts',(2.78213618241699,-3.72470108480623,-17.0890329553007));
#3759=CARTESIAN_POINT('Ctrl Pts',(-1.62167306464617,-4.3570467498148,-17.2875490727123));
#3760=CARTESIAN_POINT('Ctrl Pts',(-4.54038496659895,-0.999291881160251,
-17.486065190124));
#3761=CARTESIAN_POINT('Ctrl Pts',(-3.30109868342038,3.27359548371369,-17.6845813075356));
#3762=CARTESIAN_POINT('Ctrl Pts',(0.961270980479334,4.54858637499157,-17.8830974249473));
#3763=CARTESIAN_POINT('Ctrl Pts',(4.343326965769,1.65806838733944,-18.0816135423589));
#3764=CARTESIAN_POINT('Ctrl Pts',(3.74784673464674,-2.75087708963309,-18.2801296597706));
#3765=CARTESIAN_POINT('Ctrl Pts',(-0.279840244460735,-4.64062165515039,
-18.4786457771823));
#3766=CARTESIAN_POINT('Ctrl Pts',(-4.05125485081697,-2.28057318286491,-18.6771618945939));
#3767=CARTESIAN_POINT('Ctrl Pts',(-4.1126073278336,2.16798082918642,-18.8756780120056));
#3768=CARTESIAN_POINT('Ctrl Pts',(-0.407712244106724,4.63113923723698,-19.0741941294172));
#3769=CARTESIAN_POINT('Ctrl Pts',(3.67055795726389,2.85318842543519,-19.2727102468289));
#3770=CARTESIAN_POINT('Ctrl Pts',(4.38740100278804,-1.53765807298146,-19.4712263642405));
#3771=CARTESIAN_POINT('Ctrl Pts',(1.08634566717533,-4.52034655751966,-19.6697424816522));
#3772=CARTESIAN_POINT('Ctrl Pts',(-3.20956436595082,-3.36338765079039,-19.8682585990639));
#3773=CARTESIAN_POINT('Ctrl Pts',(-4.5662164051271,0.873697688115706,-20.0667747164755));
#3774=CARTESIAN_POINT('Ctrl Pts',(-1.74121431913402,4.31066730373768,-20.2652908338872));
#3775=CARTESIAN_POINT('Ctrl Pts',(2.67835871891364,3.8000098001834,-20.4638069512988));
#3776=CARTESIAN_POINT('Ctrl Pts',(4.64514178996523,-0.190624394527897,-20.6623230687105));
#3777=CARTESIAN_POINT('Ctrl Pts',(2.35799236973272,-4.00668839479096,-20.8608391861221));
#3778=CARTESIAN_POINT('Ctrl Pts',(-2.0885616089301,-4.15350337839928,-21.0593553035338));
#3779=CARTESIAN_POINT('Ctrl Pts',(-4.62245059478911,-0.496618976081201,
-21.2578714209454));
#3780=CARTESIAN_POINT('Ctrl Pts',(-2.92318725427411,3.61505963783711,-21.4563875383571));
#3781=CARTESIAN_POINT('Ctrl Pts',(1.45307536878775,4.41613540115071,-21.6549036557687));
#3782=CARTESIAN_POINT('Ctrl Pts',(4.49863920953766,1.17299836789181,-21.8534197731804));
#3783=CARTESIAN_POINT('Ctrl Pts',(3.42443483538538,-3.144348257885,-22.051935890592));
#3784=CARTESIAN_POINT('Ctrl Pts',(-0.785801821357001,-4.58216056094156,
-22.2504520080038));
#3785=CARTESIAN_POINT('Ctrl Pts',(-4.27641611763279,-1.82371738421458,-22.4489681254153));
#3786=CARTESIAN_POINT('Ctrl Pts',(-3.85076987944714,2.60485148217517,-22.647484242827));
#3787=CARTESIAN_POINT('Ctrl Pts',(0.101338164938802,4.64794691075236,-22.8460003602387));
#3788=CARTESIAN_POINT('Ctrl Pts',(3.9606426455058,2.43454097172182,-23.0445164776504));
#3789=CARTESIAN_POINT('Ctrl Pts',(4.19286593077683,-2.00837127920562,-23.243032595062));
#3790=CARTESIAN_POINT('Ctrl Pts',(0.585342353320142,-4.6120553161512,-23.4415487124737));
#3791=CARTESIAN_POINT('Ctrl Pts',(-3.55822661674377,-2.9921068246959,-23.6400648298853));
#3792=CARTESIAN_POINT('Ctrl Pts',(-4.44323933616914,1.36795618001885,-23.838580947297));
#3793=CARTESIAN_POINT('Ctrl Pts',(-1.25921799027547,4.47527093806522,-24.0370970647086));
#3794=CARTESIAN_POINT('Ctrl Pts',(3.07797123703931,3.48421769643732,-24.2356131821203));
#3795=CARTESIAN_POINT('Ctrl Pts',(4.59641295700967,-0.697615828461039,-24.4341292995319));
#3796=CARTESIAN_POINT('Ctrl Pts',(1.90554711955633,-4.2405860597557,-24.6326454169436));
#3797=CARTESIAN_POINT('Ctrl Pts',(-2.53038251412293,-3.90010821893503,-24.8311615343553));
#3798=CARTESIAN_POINT('Ctrl Pts',(-4.64903599067549,0.0120144965785527,
-25.0296776517669));
#3799=CARTESIAN_POINT('Ctrl Pts',(-2.51019070969617,3.91313464958912,-25.2281937691786));
#3800=CARTESIAN_POINT('Ctrl Pts',(1.92743941428234,4.23068036335744,-25.4267098865902));
#3801=CARTESIAN_POINT('Ctrl Pts',(4.59995730160769,0.673849788765875,-25.6252260040019));
#3802=CARTESIAN_POINT('Ctrl Pts',(3.05992157173608,-3.50008020336433,-25.8237421214135));
#3803=CARTESIAN_POINT('Ctrl Pts',(-1.28233170411521,-4.46870217516612,-26.0222582388252));
#3804=CARTESIAN_POINT('Ctrl Pts',(-4.4502508101094,-1.34497390154549,-26.2207743562368));
#3805=CARTESIAN_POINT('Ctrl Pts',(-3.54271331928645,3.01046011153929,-26.4192904736485));
#3806=CARTESIAN_POINT('Ctrl Pts',(0.609170652573874,4.6089639178803,-26.6178065910601));
#3807=CARTESIAN_POINT('Ctrl Pts',(4.20319345718622,1.98668177689338,-26.8163227084718));
#3808=CARTESIAN_POINT('Ctrl Pts',(3.94800066066582,-2.45499554051694,-27.0148388258834));
#3809=CARTESIAN_POINT('Ctrl Pts',(0.0773250269372895,-4.64837749992301,
-27.2133549432951));
#3810=CARTESIAN_POINT('Ctrl Pts',(-3.86420380045557,-2.58497334856965,-27.4118710607068));
#3811=CARTESIAN_POINT('Ctrl Pts',(-4.2668908058048,1.84591037599321,-27.6103871781184));
#3812=CARTESIAN_POINT('Ctrl Pts',(-0.762188976851816,4.58594146429577,-27.8089032955301));
#3813=CARTESIAN_POINT('Ctrl Pts',(3.44079600709011,3.12702757078749,-28.0074194129417));
#3814=CARTESIAN_POINT('Ctrl Pts',(4.49221883769756,-1.19704173024942,-28.2059355303534));
#3815=CARTESIAN_POINT('Ctrl Pts',(1.43080216175573,-4.42203283156027,-28.4044516477651));
#3816=CARTESIAN_POINT('Ctrl Pts',(-2.94293478393619,-3.60293146015752,-28.6029677651767));
#3817=CARTESIAN_POINT('Ctrl Pts',(-4.61765148959202,0.526756112311212,-28.8014838825884));
#3818=CARTESIAN_POINT('Ctrl Pts',(-2.92045807748169,2.94121657640666,-28.9338279608628));
#3819=CARTESIAN_POINT('Ctrl Pts',(-1.7486944753309,3.52286199445099,-29.));
#3820=CARTESIAN_POINT('Ctrl Pts',(-2.14656790565209,-3.00907133330608,-3.72662464753871));
#3821=CARTESIAN_POINT('Ctrl Pts',(-3.14743602657118,-2.29508646947942,-3.79279668667593));
#3822=CARTESIAN_POINT('Ctrl Pts',(-4.36335135342955,0.197818525185801,-3.92514076495036));
#3823=CARTESIAN_POINT('Ctrl Pts',(-2.19519924417956,3.78100372898076,-4.12365688236202));
#3824=CARTESIAN_POINT('Ctrl Pts',(1.98527849277309,3.89074104592214,-4.32217299977368));
#3825=CARTESIAN_POINT('Ctrl Pts',(4.34662347714292,0.442835295954883,-4.52068911718533));
#3826=CARTESIAN_POINT('Ctrl Pts',(2.72796304035738,-3.41341143132802,-4.71920523459699));
#3827=CARTESIAN_POINT('Ctrl Pts',(-1.38920077964205,-4.14226340746562,-4.91772135200864));
#3828=CARTESIAN_POINT('Ctrl Pts',(-4.23401143080897,-1.07846902294746,-5.1162374694203));
#3829=CARTESIAN_POINT('Ctrl Pts',(-3.20147292074109,2.97336286989829,-5.31475358683196));
#3830=CARTESIAN_POINT('Ctrl Pts',(0.762954247607261,4.3020390699009,-5.5132697042436));
#3831=CARTESIAN_POINT('Ctrl Pts',(4.02866122909489,1.69109741975912,-5.71178582165527));
#3832=CARTESIAN_POINT('Ctrl Pts',(3.60500794477717,-2.46857523707612,-5.91030193906692));
#3833=CARTESIAN_POINT('Ctrl Pts',(-0.120048805173417,-4.36754436592417,
-6.10881805647858));
#3834=CARTESIAN_POINT('Ctrl Pts',(-3.73516413713907,-2.26681471350158,-6.30733417389023));
#3835=CARTESIAN_POINT('Ctrl Pts',(-3.92968877001471,1.9098286963757,-6.5058502913019));
#3836=CARTESIAN_POINT('Ctrl Pts',(-0.525478360633273,4.33748316305098,-6.70436640871354));
#3837=CARTESIAN_POINT('Ctrl Pts',(3.35995470958945,2.79295522164472,-6.9028825261252));
#3838=CARTESIAN_POINT('Ctrl Pts',(4.16840539210889,-1.30930911300977,-7.10139864353685));
#3839=CARTESIAN_POINT('Ctrl Pts',(1.15950959213614,-4.21253247900738,-7.29991476094851));
#3840=CARTESIAN_POINT('Ctrl Pts',(-2.91124297568028,-3.25799903854937,-7.49843087836017));
#3841=CARTESIAN_POINT('Ctrl Pts',(-4.31593463558952,0.680148107759073,-7.69694699577182));
#3842=CARTESIAN_POINT('Ctrl Pts',(-1.76817543757844,3.99542847130821,-7.89546311318348));
#3843=CARTESIAN_POINT('Ctrl Pts',(2.39884518333673,3.65177148546256,-8.09397923059514));
#3844=CARTESIAN_POINT('Ctrl Pts',(4.36904902069319,-0.0361083854042368,
-8.29249534800679));
#3845=CARTESIAN_POINT('Ctrl Pts',(2.33816087069412,-3.69092087193862,-8.49101146541845));
#3846=CARTESIAN_POINT('Ctrl Pts',(-1.83397052693616,-3.96565823888168,-8.6895275828301));
#3847=CARTESIAN_POINT('Ctrl Pts',(-4.32658660245021,-0.608721222257697,
-8.88804370024176));
#3848=CARTESIAN_POINT('Ctrl Pts',(-2.85699696751393,3.30567110892666,-9.08655981765341));
#3849=CARTESIAN_POINT('Ctrl Pts',(1.22897614425452,4.19279271996285,-9.28507593506508));
#3850=CARTESIAN_POINT('Ctrl Pts',(4.18947628080958,1.24023451297523,-9.48359205247672));
#3851=CARTESIAN_POINT('Ctrl Pts',(3.3133337316414,-2.84810686899526,-9.68210816988839));
#3852=CARTESIAN_POINT('Ctrl Pts',(-0.597096822649039,-4.32820615720117,
-9.88062428730004));
#3853=CARTESIAN_POINT('Ctrl Pts',(-3.96071746475611,-1.84461657778863,-10.0791404047117));
#3854=CARTESIAN_POINT('Ctrl Pts',(-3.69718839346782,2.32823777520113,-10.2776565221233));
#3855=CARTESIAN_POINT('Ctrl Pts',(-0.0478445194255872,4.3689362614578,-10.476172639535));
#3856=CARTESIAN_POINT('Ctrl Pts',(3.64531445540913,2.40864602544205,-10.6746887569467));
#3857=CARTESIAN_POINT('Ctrl Pts',(4.00016379321274,-1.75743642336313,-10.8732048743583));
#3858=CARTESIAN_POINT('Ctrl Pts',(0.691739220376244,-4.31409202564036,-11.07172099177));
#3859=CARTESIAN_POINT('Ctrl Pts',(-3.25016697220587,-2.91998421356664,-11.2702371091816));
#3860=CARTESIAN_POINT('Ctrl Pts',(-4.21563207637307,1.14818959730141,-11.4687532265933));
#3861=CARTESIAN_POINT('Ctrl Pts',(-1.32050151482287,4.1648732158432,-11.6672693440049));
#3862=CARTESIAN_POINT('Ctrl Pts',(2.7839192153999,3.36744516760469,-11.8657854614166));
#3863=CARTESIAN_POINT('Ctrl Pts',(4.33887968391805,-0.51382510952692,-12.0643015788282));
#3864=CARTESIAN_POINT('Ctrl Pts',(1.9203766721471,-3.92454412534378,-12.2628176962399));
#3865=CARTESIAN_POINT('Ctrl Pts',(-2.25677076653847,-3.74124028391581,-12.4613338136516));
#3866=CARTESIAN_POINT('Ctrl Pts',(-4.36721046555998,-0.131779756414003,
-12.6598499310632));
#3867=CARTESIAN_POINT('Ctrl Pts',(-2.47824189337333,3.59836216529499,-12.8583660484749));
#3868=CARTESIAN_POINT('Ctrl Pts',(1.6802534636052,4.03319246413307,-13.0568821658865));
#3869=CARTESIAN_POINT('Ctrl Pts',(4.30000466042403,0.774501823773669,-13.2553982832982));
#3870=CARTESIAN_POINT('Ctrl Pts',(2.98189338398824,-3.19346285421082,-13.4539144007098));
#3871=CARTESIAN_POINT('Ctrl Pts',(-1.06697913187738,-4.2369149964137,-13.6524305181215));
#3872=CARTESIAN_POINT('Ctrl Pts',(-4.13873245486486,-1.40028097956996,-13.8509466355331));
#3873=CARTESIAN_POINT('Ctrl Pts',(-3.42031332272618,2.71870372219536,-14.0494627529448));
#3874=CARTESIAN_POINT('Ctrl Pts',(0.430363689107009,4.34795127040258,-14.2479788703565));
#3875=CARTESIAN_POINT('Ctrl Pts',(3.88692182084141,1.99542775197803,-14.4464949877681));
#3876=CARTESIAN_POINT('Ctrl Pts',(3.78391088614214,-2.18447054464739,-14.6450111051798));
#3877=CARTESIAN_POINT('Ctrl Pts',(0.215666339531079,-4.36387226952055,-14.8435272225914));
#3878=CARTESIAN_POINT('Ctrl Pts',(-3.55008133841379,-2.54692277961923,-15.0420433400031));
#3879=CARTESIAN_POINT('Ctrl Pts',(-4.06473205634682,1.60245014424899,-15.2405594574147));
#3880=CARTESIAN_POINT('Ctrl Pts',(-0.856978476479682,4.28432970784786,-15.4390755748264));
#3881=CARTESIAN_POINT('Ctrl Pts',(3.13557969068842,3.04270162159214,-15.6375916922381));
#3882=CARTESIAN_POINT('Ctrl Pts',(4.2566336221742,-0.985374731395716,-15.8361078096497));
#3883=CARTESIAN_POINT('Ctrl Pts',(1.47954345222995,-4.11106364918625,-16.0346239270614));
#3884=CARTESIAN_POINT('Ctrl Pts',(-2.65248446736581,-3.47191867777462,-16.233140044473));
#3885=CARTESIAN_POINT('Ctrl Pts',(-4.35541756735258,0.346743375846944,-16.4316561618847));
#3886=CARTESIAN_POINT('Ctrl Pts',(-2.06974210798479,3.84786444162627,-16.6301722792963));
#3887=CARTESIAN_POINT('Ctrl Pts',(2.11136380320593,3.82518444590701,-16.828688396708));
#3888=CARTESIAN_POINT('Ctrl Pts',(4.35892290581878,0.299473297349632,-17.0272045141197));
#3889=CARTESIAN_POINT('Ctrl Pts',(2.61466332678838,-3.50048980033437,-17.2257206315313));
#3890=CARTESIAN_POINT('Ctrl Pts',(-1.5240551907446,-4.09477092524864,-17.424236748943));
#3891=CARTESIAN_POINT('Ctrl Pts',(-4.26707295519741,-0.939138727622297,
-17.6227528663546));
#3892=CARTESIAN_POINT('Ctrl Pts',(-3.10238647561467,3.0765388524477,-17.8212689837663));
#3893=CARTESIAN_POINT('Ctrl Pts',(0.903406524687725,4.27478067342043,-18.0197851011779));
#3894=CARTESIAN_POINT('Ctrl Pts',(4.08187701429537,1.5582596686253,-18.2183012185896));
#3895=CARTESIAN_POINT('Ctrl Pts',(3.52224217974522,-2.58528589945497,-18.4168173360013));
#3896=CARTESIAN_POINT('Ctrl Pts',(-0.262995042865009,-4.36127581816669,
-18.6153334534129));
#3897=CARTESIAN_POINT('Ctrl Pts',(-3.80738640791565,-2.14329230286406,-18.8138495708246));
#3898=CARTESIAN_POINT('Ctrl Pts',(-3.86504572476606,2.03747753365889,-19.0123656882362));
#3899=CARTESIAN_POINT('Ctrl Pts',(-0.383169687841182,4.35236420178927,-19.2108818056479));
#3900=CARTESIAN_POINT('Ctrl Pts',(3.44960586054836,2.68143852466686,-19.4093979230595));
#3901=CARTESIAN_POINT('Ctrl Pts',(4.12329798030899,-1.44509754697631,-19.6079140404712));
#3902=CARTESIAN_POINT('Ctrl Pts',(1.02095224314689,-4.24824077376864,-19.8064301578828));
#3903=CARTESIAN_POINT('Ctrl Pts',(-3.01636213771823,-3.16092591005185,-20.0049462752945));
#3904=CARTESIAN_POINT('Ctrl Pts',(-4.29134945015281,0.821104774904088,-20.2034623927062));
#3905=CARTESIAN_POINT('Ctrl Pts',(-1.6364005662596,4.05118332607181,-20.4019785101178));
#3906=CARTESIAN_POINT('Ctrl Pts',(2.51713282857479,3.57126524890106,-20.6004946275295));
#3907=CARTESIAN_POINT('Ctrl Pts',(4.3655238599438,-0.179149610545092,-20.7990107449411));
#3908=CARTESIAN_POINT('Ctrl Pts',(2.21605118144533,-3.76550266444092,-20.9975268623528));
#3909=CARTESIAN_POINT('Ctrl Pts',(-1.96283901525756,-3.90348000569751,-21.1960429797644));
#3910=CARTESIAN_POINT('Ctrl Pts',(-4.34419857894464,-0.466724609799145,
-21.3945590971761));
#3911=CARTESIAN_POINT('Ctrl Pts',(-2.7472237194535,3.3974483057095,-21.5930752145878));
#3912=CARTESIAN_POINT('Ctrl Pts',(1.36560636457712,4.15030268916941,-21.7915913319994));
#3913=CARTESIAN_POINT('Ctrl Pts',(4.22784011651503,1.10238881701501,-21.9901074494111));
#3914=CARTESIAN_POINT('Ctrl Pts',(3.21829831179587,-2.95507176410056,-22.1886235668227));
#3915=CARTESIAN_POINT('Ctrl Pts',(-0.738499868342465,-4.30633383508269,
-22.3871396842344));
#3916=CARTESIAN_POINT('Ctrl Pts',(-4.01899391680657,-1.71393729504273,-22.585655801646));
#3917=CARTESIAN_POINT('Ctrl Pts',(-3.61896978563601,2.44805041723622,-22.7841719190577));
#3918=CARTESIAN_POINT('Ctrl Pts',(0.095238035127167,4.36816012429911,-22.9826880364693));
#3919=CARTESIAN_POINT('Ctrl Pts',(3.72222867491759,2.28799188068312,-23.181204153881));
#3920=CARTESIAN_POINT('Ctrl Pts',(3.94047309855932,-1.88747580492343,-23.3797202712926));
#3921=CARTESIAN_POINT('Ctrl Pts',(0.550107214202767,-4.33442905220541,-23.5782363887043));
#3922=CARTESIAN_POINT('Ctrl Pts',(-3.34403639261105,-2.81199462262449,-23.7767525061159));
#3923=CARTESIAN_POINT('Ctrl Pts',(-4.17577508169722,1.28561099170984,-23.9752686235276));
#3924=CARTESIAN_POINT('Ctrl Pts',(-1.18341838203804,4.20587851635484,-24.1737847409392));
#3925=CARTESIAN_POINT('Ctrl Pts',(2.89269035975251,3.27448249693781,-24.372300858351));
#3926=CARTESIAN_POINT('Ctrl Pts',(4.31972829706255,-0.655622300012517,-24.5708169757625));
#3927=CARTESIAN_POINT('Ctrl Pts',(1.79084122569539,-3.98532067718586,-24.7693330931743));
#3928=CARTESIAN_POINT('Ctrl Pts',(-2.3780641667498,-3.6653381653289,-24.9678492105858));
#3929=CARTESIAN_POINT('Ctrl Pts',(-4.36918364620755,0.0112912745940976,
-25.1663653279976));
#3930=CARTESIAN_POINT('Ctrl Pts',(-2.35908782372601,3.67758045983824,-25.3648814454092));
#3931=CARTESIAN_POINT('Ctrl Pts',(1.81141569667968,3.97601126190184,-25.5633975628209));
#3932=CARTESIAN_POINT('Ctrl Pts',(4.32305928707537,0.633286875597702,-25.7619136802325));
#3933=CARTESIAN_POINT('Ctrl Pts',(2.87572720811834,-3.28939014789867,-25.9604297976442));
#3934=CARTESIAN_POINT('Ctrl Pts',(-1.20514074786066,-4.19970516525749,-26.1589459150558));
#3935=CARTESIAN_POINT('Ctrl Pts',(-4.18236449449959,-1.2640121493993,-26.3574620324675));
#3936=CARTESIAN_POINT('Ctrl Pts',(-3.3294569301837,2.82924311906361,-26.5559781498791));
#3937=CARTESIAN_POINT('Ctrl Pts',(0.572501150413498,4.33152374306256,-26.7544942672908));
#3938=CARTESIAN_POINT('Ctrl Pts',(3.95017895146824,1.86709191910553,-26.9530103847024));
#3939=CARTESIAN_POINT('Ctrl Pts',(3.71034768420697,-2.30721517076934,-27.1515265021141));
#3940=CARTESIAN_POINT('Ctrl Pts',(0.0726703866811209,-4.36856479381907,
-27.3500426195258));
#3941=CARTESIAN_POINT('Ctrl Pts',(-3.63159504130027,-2.42936886337414,-27.5485587369374));
#3942=CARTESIAN_POINT('Ctrl Pts',(-4.01004198854716,1.73479436238622,-27.7470748543491));
#3943=CARTESIAN_POINT('Ctrl Pts',(-0.716308417413786,4.30988714401303,-27.9455909717607));
#3944=CARTESIAN_POINT('Ctrl Pts',(3.23367461001955,2.93879370926091,-28.1441070891724));
#3945=CARTESIAN_POINT('Ctrl Pts',(4.22180622396125,-1.12498487043847,-28.342623206584));
#3946=CARTESIAN_POINT('Ctrl Pts',(1.34467391059993,-4.15584511915959,-28.5411393239957));
#3947=CARTESIAN_POINT('Ctrl Pts',(-2.76578253117829,-3.38605019313684,-28.7396554414073));
#3948=CARTESIAN_POINT('Ctrl Pts',(-4.33968835962484,0.49504761762787,-28.938171558819));
#3949=CARTESIAN_POINT('Ctrl Pts',(-2.74465882758496,2.76416775249,-29.0705156370934));
#3950=CARTESIAN_POINT('Ctrl Pts',(-1.6434304486249,3.31080057131693,-29.1366876762307));
#3951=CARTESIAN_POINT('Ctrl Pts',(-2.00907721869556,-2.81633609132832,-3.86331232376935));
#3952=CARTESIAN_POINT('Ctrl Pts',(-2.94583833180197,-2.14808296007142,-3.92948436290657));
#3953=CARTESIAN_POINT('Ctrl Pts',(-4.08387257549937,0.185147971019381,-4.061828441181));
#3954=CARTESIAN_POINT('Ctrl Pts',(-2.05459365173868,3.53882513369198,-4.26034455859267));
#3955=CARTESIAN_POINT('Ctrl Pts',(1.85811861907301,3.64153362147247,-4.45886067600432));
#3956=CARTESIAN_POINT('Ctrl Pts',(4.06821614316563,0.414471073751995,-4.65737679341598));
#3957=CARTESIAN_POINT('Ctrl Pts',(2.55323317906427,-3.19477763860111,-4.85589291082763));
#3958=CARTESIAN_POINT('Ctrl Pts',(-1.30022052003295,-3.87694562276017,-5.05440902823929));
#3959=CARTESIAN_POINT('Ctrl Pts',(-3.96281705644468,-1.0093915684509,-5.25292514565094));
#3960=CARTESIAN_POINT('Ctrl Pts',(-2.99641408706223,2.78291480511687,-5.4514412630626));
#3961=CARTESIAN_POINT('Ctrl Pts',(0.714085957280335,4.02648742977941,-5.64995738047425));
#3962=CARTESIAN_POINT('Ctrl Pts',(3.77061982334901,1.58278025665379,-5.84847349788592));
#3963=CARTESIAN_POINT('Ctrl Pts',(3.37410212646779,-2.31045952862088,-6.04698961529756));
#3964=CARTESIAN_POINT('Ctrl Pts',(-0.112359510719661,-4.08779701965902,
-6.24550573270923));
#3965=CARTESIAN_POINT('Ctrl Pts',(-3.4959216320413,-2.12162204974194,-6.44402185012087));
#3966=CARTESIAN_POINT('Ctrl Pts',(-3.67798668917575,1.78750148802485,-6.64253796753254));
#3967=CARTESIAN_POINT('Ctrl Pts',(-0.491820734152372,4.05966127901925,-6.84105408494419));
#3968=CARTESIAN_POINT('Ctrl Pts',(3.1447448949137,2.61406251992691,-7.03957020235585));
#3969=CARTESIAN_POINT('Ctrl Pts',(3.90141317659809,-1.22544602677238,-7.2380863197675));
#3970=CARTESIAN_POINT('Ctrl Pts',(1.08524137544671,-3.9427138616506,-7.43660243717916));
#3971=CARTESIAN_POINT('Ctrl Pts',(-2.72477377730565,-3.04931962769333,-7.63511855459081));
#3972=CARTESIAN_POINT('Ctrl Pts',(-4.03949296498395,0.636583666903652,-7.83363467200247));
#3973=CARTESIAN_POINT('Ctrl Pts',(-1.65492131925669,3.73951567033907,-8.03215078941412));
#3974=CARTESIAN_POINT('Ctrl Pts',(2.2451957826861,3.41787039674202,-8.23066690682578));
#3975=CARTESIAN_POINT('Ctrl Pts',(4.08920529917838,-0.033795592642833,-8.42918302423744));
#3976=CARTESIAN_POINT('Ctrl Pts',(2.18839838543557,-3.45451221007012,-8.62769914164909));
#3977=CARTESIAN_POINT('Ctrl Pts',(-1.71650214080102,-3.71165226308046,-8.82621525906075));
#3978=CARTESIAN_POINT('Ctrl Pts',(-4.04946265841772,-0.569731773662604,
-9.02473137647241));
#3979=CARTESIAN_POINT('Ctrl Pts',(-2.67400230209385,3.09393823505765,-9.22324749388405));
#3980=CARTESIAN_POINT('Ctrl Pts',(1.15025849740916,3.92423846187662,-9.42176361129572));
#3981=CARTESIAN_POINT('Ctrl Pts',(3.92113444530559,1.1607957518127,-9.62027972870736));
#3982=CARTESIAN_POINT('Ctrl Pts',(3.10111005603337,-2.66568162686214,-9.81879584611903));
#3983=CARTESIAN_POINT('Ctrl Pts',(-0.558851933163189,-4.05097847841392,
-10.0173119635307));
#3984=CARTESIAN_POINT('Ctrl Pts',(-3.70702795247178,-1.72646629715514,-10.2158280809423));
#3985=CARTESIAN_POINT('Ctrl Pts',(-3.4603782880492,2.17911087813551,-10.414344198354));
#3986=CARTESIAN_POINT('Ctrl Pts',(-0.0447800108089883,4.08909976233027,
-10.6128603157656));
#3987=CARTESIAN_POINT('Ctrl Pts',(3.41182694852565,2.25436886709954,-10.8113764331773));
#3988=CARTESIAN_POINT('Ctrl Pts',(3.74394768822981,-1.64487015397358,-11.0098925505889));
#3989=CARTESIAN_POINT('Ctrl Pts',(0.647432352490096,-4.03776837678805,-11.2084086680006));
#3990=CARTESIAN_POINT('Ctrl Pts',(-3.04198921619108,-2.73295512663746,-11.4069247854123));
#3991=CARTESIAN_POINT('Ctrl Pts',(-3.94561492545489,1.07464644216823,-11.6054409028239));
#3992=CARTESIAN_POINT('Ctrl Pts',(-1.23592153954133,3.89810724117946,-11.8039570202356));
#3993=CARTESIAN_POINT('Ctrl Pts',(2.60560528256369,3.15175557858055,-12.0024731376472));
#3994=CARTESIAN_POINT('Ctrl Pts',(4.06096835076482,-0.480913890134184,-12.2009892550589));
#3995=CARTESIAN_POINT('Ctrl Pts',(1.79737385114449,-3.67317156621626,-12.3995053724705));
#3996=CARTESIAN_POINT('Ctrl Pts',(-2.11222143167803,-3.5016085930894,-12.5980214898822));
#3997=CARTESIAN_POINT('Ctrl Pts',(-4.08748450608177,-0.123339078069433,
-12.7965376072939));
#3998=CARTESIAN_POINT('Ctrl Pts',(-2.31950702201555,3.36788201848849,-12.9950537247055));
#3999=CARTESIAN_POINT('Ctrl Pts',(1.57263087111052,3.77486082642363,-13.1935698421172));
#4000=CARTESIAN_POINT('Ctrl Pts',(4.02458332708474,0.724893894986786,-13.3920859595288));
#4001=CARTESIAN_POINT('Ctrl Pts',(2.79089892780717,-2.98891707653498,-13.5906020769405));
#4002=CARTESIAN_POINT('Ctrl Pts',(-0.99863762102939,-3.96553464459741,-13.7891181943521));
#4003=CARTESIAN_POINT('Ctrl Pts',(-3.87364083262902,-1.31059101760492,-13.9876343117638));
#4004=CARTESIAN_POINT('Ctrl Pts',(-3.20123745416873,2.54456693322555,-14.1861504291755));
#4005=CARTESIAN_POINT('Ctrl Pts',(0.402798290826054,4.0694588894035,-14.3846665465871));
#4006=CARTESIAN_POINT('Ctrl Pts',(3.63795902311826,1.86761780398185,-14.5831826639988));
#4007=CARTESIAN_POINT('Ctrl Pts',(3.5415460833571,-2.04455214046878,-14.7816987814104));
#4008=CARTESIAN_POINT('Ctrl Pts',(0.201852607807282,-4.08436012618366,-14.9802148988221));
#4009=CARTESIAN_POINT('Ctrl Pts',(-3.32269364632873,-2.38378880110724,-15.1787310162337));
#4010=CARTESIAN_POINT('Ctrl Pts',(-3.80438026349186,1.49981096355211,-15.3772471336454));
#4011=CARTESIAN_POINT('Ctrl Pts',(-0.80208780233517,4.00991237722007,-15.5757632510571));
#4012=CARTESIAN_POINT('Ctrl Pts',(2.93474141087228,2.84781231245125,-15.7742793684687));
#4013=CARTESIAN_POINT('Ctrl Pts',(3.98399026470385,-0.922260096926229,-15.9727954858804));
#4014=CARTESIAN_POINT('Ctrl Pts',(1.38477661765017,-3.8477442527859,-16.171311603292));
#4015=CARTESIAN_POINT('Ctrl Pts',(-2.48258911460321,-3.2495374138008,-16.3698277207037));
#4016=CARTESIAN_POINT('Ctrl Pts',(-4.07644695955528,0.324533975987178,-16.5683438381153));
#4017=CARTESIAN_POINT('Ctrl Pts',(-1.93717222118993,3.60140332385692,-16.766859955527));
#4018=CARTESIAN_POINT('Ctrl Pts',(1.97612798841826,3.58017601369368,-16.9653760729386));
#4019=CARTESIAN_POINT('Ctrl Pts',(4.07972777617317,0.280291612358729,-17.1638921903503));
#4020=CARTESIAN_POINT('Ctrl Pts',(2.44719047115978,-3.27627851586252,-17.362408307762));
#4021=CARTESIAN_POINT('Ctrl Pts',(-1.42643731684302,-3.83249510068249,-17.5609244251736));
#4022=CARTESIAN_POINT('Ctrl Pts',(-3.99376094379586,-0.878985574084338,
-17.7594405425853));
#4023=CARTESIAN_POINT('Ctrl Pts',(-2.90367426780896,2.87948222118171,-17.9579566599969));
#4024=CARTESIAN_POINT('Ctrl Pts',(0.845542068896118,4.00097497184929,-18.1564727774086));
#4025=CARTESIAN_POINT('Ctrl Pts',(3.82042706282175,1.45845094991117,-18.3549888948202));
#4026=CARTESIAN_POINT('Ctrl Pts',(3.29663762484371,-2.41969470927685,-18.5535050122319));
#4027=CARTESIAN_POINT('Ctrl Pts',(-0.246149841269288,-4.08192998118301,
-18.7520211296435));
#4028=CARTESIAN_POINT('Ctrl Pts',(-3.56351796501434,-2.0060114228632,-18.9505372470552));
#4029=CARTESIAN_POINT('Ctrl Pts',(-3.61748412169851,1.90697423813134,-19.1490533644669));
#4030=CARTESIAN_POINT('Ctrl Pts',(-0.358627131575645,4.07358916634156,-19.3475694818785));
#4031=CARTESIAN_POINT('Ctrl Pts',(3.22865376383283,2.50968862389853,-19.5460855992902));
#4032=CARTESIAN_POINT('Ctrl Pts',(3.85919495782994,-1.35253702097115,-19.7446017167018));
#4033=CARTESIAN_POINT('Ctrl Pts',(0.955558819118445,-3.97613499001762,-19.9431178341135));
#4034=CARTESIAN_POINT('Ctrl Pts',(-2.82315990948563,-2.95846416931331,-20.1416339515251));
#4035=CARTESIAN_POINT('Ctrl Pts',(-4.01648249517853,0.76851186169247,-20.3401500689368));
#4036=CARTESIAN_POINT('Ctrl Pts',(-1.53158681338519,3.79169934840595,-20.5386661863484));
#4037=CARTESIAN_POINT('Ctrl Pts',(2.35590693823593,3.34252069761871,-20.7371823037601));
#4038=CARTESIAN_POINT('Ctrl Pts',(4.08590592992238,-0.167674826562288,-20.9356984211717));
#4039=CARTESIAN_POINT('Ctrl Pts',(2.07410999315794,-3.52431693409087,-21.1342145385834));
#4040=CARTESIAN_POINT('Ctrl Pts',(-1.83711642158502,-3.65345663299575,-21.3327306559951));
#4041=CARTESIAN_POINT('Ctrl Pts',(-4.06594656310017,-0.436830243517086,
-21.5312467734067));
#4042=CARTESIAN_POINT('Ctrl Pts',(-2.57126018463289,3.17983697358189,-21.7297628908184));
#4043=CARTESIAN_POINT('Ctrl Pts',(1.27813736036649,3.88446997718811,-21.92827900823));
#4044=CARTESIAN_POINT('Ctrl Pts',(3.9570410234924,1.0317792661382,-22.1267951256417));
#4045=CARTESIAN_POINT('Ctrl Pts',(3.01216178820636,-2.76579527031613,-22.3253112430534));
#4046=CARTESIAN_POINT('Ctrl Pts',(-0.69119791532793,-4.03050710922382,-22.523827360465));
#4047=CARTESIAN_POINT('Ctrl Pts',(-3.76157171598035,-1.60415720587088,-22.7223434778767));
#4048=CARTESIAN_POINT('Ctrl Pts',(-3.38716969182489,2.29124935229727,-22.9208595952883));
#4049=CARTESIAN_POINT('Ctrl Pts',(0.0891379053155336,4.08837333784587,-23.1193757127));
#4050=CARTESIAN_POINT('Ctrl Pts',(3.48381470432937,2.14144278964442,-23.3178918301116));
#4051=CARTESIAN_POINT('Ctrl Pts',(3.68808026634182,-1.76658033064125,-23.5164079475233));
#4052=CARTESIAN_POINT('Ctrl Pts',(0.514872075085389,-4.05680278825962,-23.7149240649349));
#4053=CARTESIAN_POINT('Ctrl Pts',(-3.12984616847831,-2.63188242055309,-23.9134401823466));
#4054=CARTESIAN_POINT('Ctrl Pts',(-3.90831082722529,1.20326580340082,-24.1119562997582));
#4055=CARTESIAN_POINT('Ctrl Pts',(-1.10761877380061,3.93648609464446,-24.3104724171699));
#4056=CARTESIAN_POINT('Ctrl Pts',(2.70740948246571,3.06474729743829,-24.5089885345816));
#4057=CARTESIAN_POINT('Ctrl Pts',(4.04304363711542,-0.613628771563989,-24.7075046519932));
#4058=CARTESIAN_POINT('Ctrl Pts',(1.67613533183446,-3.73005529461604,-24.9060207694049));
#4059=CARTESIAN_POINT('Ctrl Pts',(-2.22574581937667,-3.43056811172276,-25.1045368868165));
#4060=CARTESIAN_POINT('Ctrl Pts',(-4.0893313017396,0.0105680526096378,-25.3030530042282));
#4061=CARTESIAN_POINT('Ctrl Pts',(-2.20798493775585,3.44202627008738,-25.5015691216398));
#4062=CARTESIAN_POINT('Ctrl Pts',(1.69539197907703,3.72134216044622,-25.7000852390515));
#4063=CARTESIAN_POINT('Ctrl Pts',(4.04616127254305,0.592723962429531,-25.8986013564631));
#4064=CARTESIAN_POINT('Ctrl Pts',(2.69153284450059,-3.07870009243301,-26.0971174738748));
#4065=CARTESIAN_POINT('Ctrl Pts',(-1.1279497916061,-3.93070815534888,-26.2956335912865));
#4066=CARTESIAN_POINT('Ctrl Pts',(-3.91447817888978,-1.1830503972531,-26.4941497086981));
#4067=CARTESIAN_POINT('Ctrl Pts',(-3.11620054108095,2.64802612658792,-26.6926658261097));
#4068=CARTESIAN_POINT('Ctrl Pts',(0.535831648253122,4.05408356824482,-26.8911819435215));
#4069=CARTESIAN_POINT('Ctrl Pts',(3.69716444575026,1.74750206131768,-27.0896980609331));
#4070=CARTESIAN_POINT('Ctrl Pts',(3.47269470774811,-2.15943480102174,-27.2882141783448));
#4071=CARTESIAN_POINT('Ctrl Pts',(0.0680157464249542,-4.08875208771514,
-27.4867302957564));
#4072=CARTESIAN_POINT('Ctrl Pts',(-3.39898628214497,-2.27376437817863,-27.6852464131681));
#4073=CARTESIAN_POINT('Ctrl Pts',(-3.75319317128951,1.62367834877922,-27.8837625305797));
#4074=CARTESIAN_POINT('Ctrl Pts',(-0.670427857975758,4.0338328237303,-28.0822786479914));
#4075=CARTESIAN_POINT('Ctrl Pts',(3.02655321294899,2.75055984773434,-28.280794765403));
#4076=CARTESIAN_POINT('Ctrl Pts',(3.95139361022493,-1.05292801062753,-28.4793108828146));
#4077=CARTESIAN_POINT('Ctrl Pts',(1.25854565944413,-3.88965740675892,-28.6778270002264));
#4078=CARTESIAN_POINT('Ctrl Pts',(-2.58863027842039,-3.16916892611615,-28.876343117638));
#4079=CARTESIAN_POINT('Ctrl Pts',(-4.06172522965766,0.46333912294453,-29.0748592350497));
#4080=CARTESIAN_POINT('Ctrl Pts',(-2.56885957768822,2.58711892857334,-29.2072033133241));
#4081=CARTESIAN_POINT('Ctrl Pts',(-1.53816642191891,3.09873914818288,-29.2733753524613));
#4082=CARTESIAN_POINT('Ctrl Pts',(-1.87158653173903,-2.62360084935057,-4.));
#4083=CARTESIAN_POINT('Ctrl Pts',(-2.74424063703277,-2.00107945066342,-4.06617203913721));
#4084=CARTESIAN_POINT('Ctrl Pts',(-3.80439379756919,0.172477416852958,-4.19851611741166));
#4085=CARTESIAN_POINT('Ctrl Pts',(-1.9139880592978,3.2966465384032,-4.3970322348233));
#4086=CARTESIAN_POINT('Ctrl Pts',(1.73095874537292,3.39232619702279,-4.59554835223496));
#4087=CARTESIAN_POINT('Ctrl Pts',(3.78980880918833,0.38610685154911,-4.79406446964662));
#4088=CARTESIAN_POINT('Ctrl Pts',(2.37850331777115,-2.97614384587419,-4.99258058705827));
#4089=CARTESIAN_POINT('Ctrl Pts',(-1.21124026042383,-3.61162783805472,-5.19109670446993));
#4090=CARTESIAN_POINT('Ctrl Pts',(-3.6916226820804,-0.940314113954342,-5.38961282188159));
#4091=CARTESIAN_POINT('Ctrl Pts',(-2.79135525338335,2.59246674033544,-5.58812893929324));
#4092=CARTESIAN_POINT('Ctrl Pts',(0.665217666953397,3.75093578965791,-5.7866450567049));
#4093=CARTESIAN_POINT('Ctrl Pts',(3.51257841760314,1.47446309354847,-5.98516117411655));
#4094=CARTESIAN_POINT('Ctrl Pts',(3.14319630815841,-2.15234382016564,-6.18367729152821));
#4095=CARTESIAN_POINT('Ctrl Pts',(-0.104670216265901,-3.80804967339387,
-6.38219340893986));
#4096=CARTESIAN_POINT('Ctrl Pts',(-3.25667912694353,-1.9764293859823,-6.58070952635153));
#4097=CARTESIAN_POINT('Ctrl Pts',(-3.42628460833679,1.66517427967399,-6.77922564376317));
#4098=CARTESIAN_POINT('Ctrl Pts',(-0.458163107671472,3.78183939498751,-6.97774176117484));
#4099=CARTESIAN_POINT('Ctrl Pts',(2.92953508023795,2.4351698182091,-7.17625787858648));
#4100=CARTESIAN_POINT('Ctrl Pts',(3.63442096108729,-1.14158294053499,-7.37477399599815));
#4101=CARTESIAN_POINT('Ctrl Pts',(1.01097315875727,-3.67289524429383,-7.5732901134098));
#4102=CARTESIAN_POINT('Ctrl Pts',(-2.53830457893102,-2.8406402168373,-7.77180623082146));
#4103=CARTESIAN_POINT('Ctrl Pts',(-3.76305129437838,0.593019226048229,-7.97032234823311));
#4104=CARTESIAN_POINT('Ctrl Pts',(-1.54166720093494,3.48360286936993,-8.16883846564477));
#4105=CARTESIAN_POINT('Ctrl Pts',(2.09154638203547,3.18396930802148,-8.36735458305642));
#4106=CARTESIAN_POINT('Ctrl Pts',(3.80936157766357,-0.031482799881424,-8.56587070046809));
#4107=CARTESIAN_POINT('Ctrl Pts',(2.03863590017702,-3.21810354820163,-8.76438681787973));
#4108=CARTESIAN_POINT('Ctrl Pts',(-1.59903375466586,-3.45764628727923,-8.96290293529139));
#4109=CARTESIAN_POINT('Ctrl Pts',(-3.77233871438524,-0.530742325067514,
-9.16141905270304));
#4110=CARTESIAN_POINT('Ctrl Pts',(-2.49100763667376,2.88220536118864,-9.3599351701147));
#4111=CARTESIAN_POINT('Ctrl Pts',(1.0715408505638,3.65568420379039,-9.55845128752636));
#4112=CARTESIAN_POINT('Ctrl Pts',(3.65279260980159,1.08135699065017,-9.75696740493802));
#4113=CARTESIAN_POINT('Ctrl Pts',(2.88888638042535,-2.48325638472901,-9.95548352234966));
#4114=CARTESIAN_POINT('Ctrl Pts',(-0.520607043677342,-3.77375079962667,
-10.1539996397613));
#4115=CARTESIAN_POINT('Ctrl Pts',(-3.45333844018744,-1.60831601652164,-10.352515757173));
#4116=CARTESIAN_POINT('Ctrl Pts',(-3.22356818263059,2.02998398106989,-10.5510318745847));
#4117=CARTESIAN_POINT('Ctrl Pts',(-0.041715502192389,3.80926326320274,-10.7495479919963));
#4118=CARTESIAN_POINT('Ctrl Pts',(3.17833944164217,2.10009170875703,-10.948064109408));
#4119=CARTESIAN_POINT('Ctrl Pts',(3.48773158324688,-1.53230388458403,-11.1465802268196));
#4120=CARTESIAN_POINT('Ctrl Pts',(0.603125484603948,-3.76144472793574,-11.3450963442313));
#4121=CARTESIAN_POINT('Ctrl Pts',(-2.83381146017629,-2.54592603970828,-11.5436124616429));
#4122=CARTESIAN_POINT('Ctrl Pts',(-3.6755977745367,1.00110328703505,-11.7421285790546));
#4123=CARTESIAN_POINT('Ctrl Pts',(-1.15134156425978,3.63134126651572,-11.9406446964662));
#4124=CARTESIAN_POINT('Ctrl Pts',(2.42729134972748,2.93606598955641,-12.1391608138779));
#4125=CARTESIAN_POINT('Ctrl Pts',(3.7830570176116,-0.448002670741448,-12.3376769312895));
#4126=CARTESIAN_POINT('Ctrl Pts',(1.67437103014188,-3.42179900708874,-12.5361930487012));
#4127=CARTESIAN_POINT('Ctrl Pts',(-1.96767209681759,-3.26197690226299,-12.7347091661129));
#4128=CARTESIAN_POINT('Ctrl Pts',(-3.80775854660356,-0.114898399724864,
-12.9332252835245));
#4129=CARTESIAN_POINT('Ctrl Pts',(-2.16077215065776,3.13740187168199,-13.1317414009362));
#4130=CARTESIAN_POINT('Ctrl Pts',(1.46500827861585,3.51652918871418,-13.3302575183478));
#4131=CARTESIAN_POINT('Ctrl Pts',(3.74916199374544,0.675285966199904,-13.5287736357595));
#4132=CARTESIAN_POINT('Ctrl Pts',(2.59990447162609,-2.78437129885913,-13.7272897531711));
#4133=CARTESIAN_POINT('Ctrl Pts',(-0.930296110181402,-3.69415429278112,
-13.9258058705828));
#4134=CARTESIAN_POINT('Ctrl Pts',(-3.60854921039318,-1.22090105563988,-14.1243219879944));
#4135=CARTESIAN_POINT('Ctrl Pts',(-2.98216158561128,2.37043014425573,-14.3228381054061));
#4136=CARTESIAN_POINT('Ctrl Pts',(0.375232892545098,3.79096650840444,-14.5213542228178));
#4137=CARTESIAN_POINT('Ctrl Pts',(3.38899622539512,1.73980785598566,-14.7198703402294));
#4138=CARTESIAN_POINT('Ctrl Pts',(3.29918128057207,-1.90463373629017,-14.9183864576411));
#4139=CARTESIAN_POINT('Ctrl Pts',(0.188038876083482,-3.80484798284677,-15.1169025750527));
#4140=CARTESIAN_POINT('Ctrl Pts',(-3.09530595424366,-2.22065482259525,-15.3154186924644));
#4141=CARTESIAN_POINT('Ctrl Pts',(-3.54402847063691,1.39717178285522,-15.513934809876));
#4142=CARTESIAN_POINT('Ctrl Pts',(-0.747197128190652,3.73549504659228,-15.7124509272877));
#4143=CARTESIAN_POINT('Ctrl Pts',(2.73390313105614,2.65292300331036,-15.9109670446993));
#4144=CARTESIAN_POINT('Ctrl Pts',(3.71134690723351,-0.859145462456745,-16.109483162111));
#4145=CARTESIAN_POINT('Ctrl Pts',(1.29000978307038,-3.58442485638554,-16.3079992795226));
#4146=CARTESIAN_POINT('Ctrl Pts',(-2.3126937618406,-3.027156149827,-16.5065153969343));
#4147=CARTESIAN_POINT('Ctrl Pts',(-3.797476351758,0.302324576127411,-16.7050315143459));
#4148=CARTESIAN_POINT('Ctrl Pts',(-1.80460233439508,3.35494220608756,-16.9035476317576));
#4149=CARTESIAN_POINT('Ctrl Pts',(1.84089217363059,3.33516758148035,-17.1020637491693));
#4150=CARTESIAN_POINT('Ctrl Pts',(3.80053264652756,0.261109927367828,-17.3005798665809));
#4151=CARTESIAN_POINT('Ctrl Pts',(2.27971761553117,-3.05206723139066,-17.4990959839926));
#4152=CARTESIAN_POINT('Ctrl Pts',(-1.32881944294145,-3.57021927611633,-17.6976121014042));
#4153=CARTESIAN_POINT('Ctrl Pts',(-3.72044893239431,-0.818832420546385,
-17.8961282188159));
#4154=CARTESIAN_POINT('Ctrl Pts',(-2.70496206000326,2.68242558991572,-18.0946443362276));
#4155=CARTESIAN_POINT('Ctrl Pts',(0.787677613104514,3.72716927027816,-18.2931604536392));
#4156=CARTESIAN_POINT('Ctrl Pts',(3.55897711134812,1.35864223119703,-18.4916765710509));
#4157=CARTESIAN_POINT('Ctrl Pts',(3.07103306994219,-2.25410351909873,-18.6901926884625));
#4158=CARTESIAN_POINT('Ctrl Pts',(-0.229304639673564,-3.80258414419931,
-18.8887088058742));
#4159=CARTESIAN_POINT('Ctrl Pts',(-3.31964952211302,-1.86873054286236,-19.0872249232858));
#4160=CARTESIAN_POINT('Ctrl Pts',(-3.36992251863097,1.77647094260381,-19.2857410406975));
#4161=CARTESIAN_POINT('Ctrl Pts',(-0.334084575310107,3.79481413089385,-19.4842571581091));
#4162=CARTESIAN_POINT('Ctrl Pts',(3.00770166711731,2.33793872313019,-19.6827732755208));
#4163=CARTESIAN_POINT('Ctrl Pts',(3.59509193535089,-1.259976494966,-19.8812893929325));
#4164=CARTESIAN_POINT('Ctrl Pts',(0.890165395090007,-3.7040292062666,-20.0798055103441));
#4165=CARTESIAN_POINT('Ctrl Pts',(-2.62995768125304,-2.75600242857476,-20.2783216277558));
#4166=CARTESIAN_POINT('Ctrl Pts',(-3.74161554020425,0.715918948480851,-20.4768377451674));
#4167=CARTESIAN_POINT('Ctrl Pts',(-1.42677306051077,3.53221537074008,-20.6753538625791));
#4168=CARTESIAN_POINT('Ctrl Pts',(2.19468104789707,3.11377614633636,-20.8738699799907));
#4169=CARTESIAN_POINT('Ctrl Pts',(3.80628799990095,-0.156200042579479,-21.0723860974024));
#4170=CARTESIAN_POINT('Ctrl Pts',(1.93216880487055,-3.28313120374084,-21.2709022148141));
#4171=CARTESIAN_POINT('Ctrl Pts',(-1.71139382791248,-3.40343326029397,-21.4694183322257));
#4172=CARTESIAN_POINT('Ctrl Pts',(-3.78769454725569,-0.406935877235034,
-21.6679344496374));
#4173=CARTESIAN_POINT('Ctrl Pts',(-2.39529664981228,2.96222564145429,-21.866450567049));
#4174=CARTESIAN_POINT('Ctrl Pts',(1.19066835615586,3.61863726520681,-22.0649666844607));
#4175=CARTESIAN_POINT('Ctrl Pts',(3.68624193046976,0.961169715261391,-22.2634828018723));
#4176=CARTESIAN_POINT('Ctrl Pts',(2.80602526461684,-2.57651877653168,-22.461998919284));
#4177=CARTESIAN_POINT('Ctrl Pts',(-0.643895962313392,-3.75468038336495,
-22.6605150366956));
#4178=CARTESIAN_POINT('Ctrl Pts',(-3.50414951515413,-1.49437711669902,-22.8590311541073));
#4179=CARTESIAN_POINT('Ctrl Pts',(-3.15536959801376,2.13444828735832,-23.0575472715189));
#4180=CARTESIAN_POINT('Ctrl Pts',(0.0830377755038975,3.80858655139262,-23.2560633889306));
#4181=CARTESIAN_POINT('Ctrl Pts',(3.24540073374116,1.99489369860571,-23.4545795063422));
#4182=CARTESIAN_POINT('Ctrl Pts',(3.43568743412431,-1.64568485635906,-23.653095623754));
#4183=CARTESIAN_POINT('Ctrl Pts',(0.479636935968011,-3.77917652431383,-23.8516117411655));
#4184=CARTESIAN_POINT('Ctrl Pts',(-2.91565594434558,-2.45177021848169,-24.0501278585773));
#4185=CARTESIAN_POINT('Ctrl Pts',(-3.64084657275337,1.1209206150918,-24.2486439759889));
#4186=CARTESIAN_POINT('Ctrl Pts',(-1.03181916556318,3.66709367293409,-24.4471600934006));
#4187=CARTESIAN_POINT('Ctrl Pts',(2.52212860517891,2.85501209793877,-24.6456762108122));
#4188=CARTESIAN_POINT('Ctrl Pts',(3.76635897716829,-0.571635243115461,-24.8441923282239));
#4189=CARTESIAN_POINT('Ctrl Pts',(1.56142943797353,-3.47478991204622,-25.0427084456355));
#4190=CARTESIAN_POINT('Ctrl Pts',(-2.07342747200354,-3.19579805811663,-25.2412245630472));
#4191=CARTESIAN_POINT('Ctrl Pts',(-3.80947895727166,0.00984483062517836,
-25.4397406804588));
#4192=CARTESIAN_POINT('Ctrl Pts',(-2.05688205178569,3.20647208033651,-25.6382567978705));
#4193=CARTESIAN_POINT('Ctrl Pts',(1.57936826147437,3.46667305899061,-25.8367729152821));
#4194=CARTESIAN_POINT('Ctrl Pts',(3.76926325801074,0.552161049261361,-26.0352890326938));
#4195=CARTESIAN_POINT('Ctrl Pts',(2.50733848088285,-2.86801003696735,-26.2338051501055));
#4196=CARTESIAN_POINT('Ctrl Pts',(-1.05075883535154,-3.66171114544025,-26.4323212675171));
#4197=CARTESIAN_POINT('Ctrl Pts',(-3.64659186327998,-1.10208864510691,-26.6308373849288));
#4198=CARTESIAN_POINT('Ctrl Pts',(-2.90294415197819,2.46680913411225,-26.8293535023404));
#4199=CARTESIAN_POINT('Ctrl Pts',(0.499162146092742,3.77664339342708,-27.0278696197521));
#4200=CARTESIAN_POINT('Ctrl Pts',(3.44414994003229,1.62791220352984,-27.2263857371637));
#4201=CARTESIAN_POINT('Ctrl Pts',(3.23504173128926,-2.01165443127414,-27.4249018545754));
#4202=CARTESIAN_POINT('Ctrl Pts',(0.0633611061687868,-3.80893938161121,
-27.623417971987));
#4203=CARTESIAN_POINT('Ctrl Pts',(-3.16637752298967,-2.11815989298312,-27.8219340893987));
#4204=CARTESIAN_POINT('Ctrl Pts',(-3.49634435403186,1.51256233517223,-28.0204502068104));
#4205=CARTESIAN_POINT('Ctrl Pts',(-0.62454729853773,3.75777850344756,-28.218966324222));
#4206=CARTESIAN_POINT('Ctrl Pts',(2.81943181587843,2.56232598620777,-28.4174824416337));
#4207=CARTESIAN_POINT('Ctrl Pts',(3.68098099648862,-0.980871150816578,-28.6159985590453));
#4208=CARTESIAN_POINT('Ctrl Pts',(1.17241740828833,-3.62346969435824,-28.814514676457));
#4209=CARTESIAN_POINT('Ctrl Pts',(-2.41147802566249,-2.95228765909546,-29.0130307938686));
#4210=CARTESIAN_POINT('Ctrl Pts',(-3.78376209969048,0.431630628261188,-29.2115469112803));
#4211=CARTESIAN_POINT('Ctrl Pts',(-2.39306032779149,2.41007010465669,-29.3438909895547));
#4212=CARTESIAN_POINT('Ctrl Pts',(-1.43290239521292,2.88667772504883,-29.4100630286919));
#4213=CARTESIAN_POINT('',(-1.748694475331,3.52286199445094,-29.));
#4214=CARTESIAN_POINT('Ctrl Pts',(-1.87560218790875,-2.62738277536966,-29.));
#4215=CARTESIAN_POINT('Ctrl Pts',(-1.93751802806175,-2.59291335477023,-29.));
#4216=CARTESIAN_POINT('Ctrl Pts',(-1.9980849952271,-2.55633413779647,-29.));
#4217=CARTESIAN_POINT('Ctrl Pts',(-2.05718307773553,-2.51767444247396,-29.));
#4218=CARTESIAN_POINT('Ctrl Pts',(-2.14242284379568,-2.46191386200543,-29.));
#4219=CARTESIAN_POINT('Ctrl Pts',(-2.22460806996583,-2.40182778349075,-29.));
#4220=CARTESIAN_POINT('Ctrl Pts',(-2.30365867078752,-2.33781832064095,-29.));
#4221=CARTESIAN_POINT('Ctrl Pts',(-2.38465990756509,-2.27222937378402,-29.));
#4222=CARTESIAN_POINT('Ctrl Pts',(-2.46237041075302,-2.20252065625089,-29.));
#4223=CARTESIAN_POINT('Ctrl Pts',(-2.53668456171964,-2.12907346163313,-29.));
#4224=CARTESIAN_POINT('Ctrl Pts',(-2.61244147274282,-2.05420033834251,-29.));
#4225=CARTESIAN_POINT('Ctrl Pts',(-2.68466944490614,-1.97544165805987,-29.));
#4226=CARTESIAN_POINT('Ctrl Pts',(-2.75322843613212,-1.8931554959956,-29.));
#4227=CARTESIAN_POINT('Ctrl Pts',(-2.77496339388205,-1.86706867318961,-29.));
#4228=CARTESIAN_POINT('Ctrl Pts',(-2.79632935559493,-1.84062701215649,-29.));
#4229=CARTESIAN_POINT('Ctrl Pts',(-2.81732113832213,-1.81384112027952,-29.));
#4230=CARTESIAN_POINT('Ctrl Pts',(-2.82727591605977,-1.80113864504887,-29.));
#4231=CARTESIAN_POINT('Ctrl Pts',(-2.83714687536603,-1.78835820282135,-29.));
#4232=CARTESIAN_POINT('Ctrl Pts',(-2.84692391889682,-1.77551372410674,-29.));
#4233=CARTESIAN_POINT('Ctrl Pts',(-2.91297438789701,-1.68874067860566,-29.));
#4234=CARTESIAN_POINT('Ctrl Pts',(-2.97484781111525,-1.59891378612553,-29.));
#4235=CARTESIAN_POINT('Ctrl Pts',(-3.03244757085151,-1.50646490696577,-29.));
#4236=CARTESIAN_POINT('Ctrl Pts',(-3.09113675912596,-1.41226747108041,-29.));
#4237=CARTESIAN_POINT('Ctrl Pts',(-3.14538966625669,-1.31534734161875,-29.));
#4238=CARTESIAN_POINT('Ctrl Pts',(-3.19507514311152,-1.21611452728108,-29.));
#4239=CARTESIAN_POINT('Ctrl Pts',(-3.24514758085505,-1.11610886702434,-29.));
#4240=CARTESIAN_POINT('Ctrl Pts',(-3.29058173951021,-1.01375362160461,-29.));
#4241=CARTESIAN_POINT('Ctrl Pts',(-3.33120563220491,-0.909431517878193,
-29.));
#4242=CARTESIAN_POINT('Ctrl Pts',(-3.35159729174332,-0.857065762643767,
-29.));
#4243=CARTESIAN_POINT('Ctrl Pts',(-3.37077628318581,-0.804203917034929,
-29.));
#4244=CARTESIAN_POINT('Ctrl Pts',(-3.3887166045867,-0.750891833611862,-29.));
#4245=CARTESIAN_POINT('Ctrl Pts',(-3.40188266713112,-0.711767103957561,
-29.));
#4246=CARTESIAN_POINT('Ctrl Pts',(-3.41438154577753,-0.672399849819474,
-29.));
#4247=CARTESIAN_POINT('Ctrl Pts',(-3.4262018790427,-0.632807772978743,-29.));
#4248=CARTESIAN_POINT('Ctrl Pts',(-3.43067105377196,-0.617838321159897,
-29.));
#4249=CARTESIAN_POINT('Ctrl Pts',(-3.43504255192309,-0.602838784761367,
-29.));
#4250=CARTESIAN_POINT('Ctrl Pts',(-3.43931283307634,-0.587821130965742,
-29.));
#4251=CARTESIAN_POINT('Ctrl Pts',(-3.47076527400844,-0.477209709376812,
-29.));
#4252=CARTESIAN_POINT('Ctrl Pts',(-3.49677946253749,-0.365453687475439,
-29.));
#4253=CARTESIAN_POINT('Ctrl Pts',(-3.51722232634357,-0.252983371189393,
-29.));
#4254=CARTESIAN_POINT('Ctrl Pts',(-3.53759852442221,-0.140879829124508,
-29.));
#4255=CARTESIAN_POINT('Ctrl Pts',(-3.55244016412526,-0.0280657972509386,
-29.));
#4256=CARTESIAN_POINT('Ctrl Pts',(-3.5615737968836,0.085062239227333,-29.));
#4257=CARTESIAN_POINT('Ctrl Pts',(-3.57012820398976,0.191016059000976,-29.));
#4258=CARTESIAN_POINT('Ctrl Pts',(-3.5736755909542,0.297246143760523,-29.));
#4259=CARTESIAN_POINT('Ctrl Pts',(-3.57203431713706,0.403440534614065,-29.));
#4260=CARTESIAN_POINT('Ctrl Pts',(-3.57083116310528,0.481287514303713,-29.));
#4261=CARTESIAN_POINT('Ctrl Pts',(-3.56683892937601,0.559115620078087,-29.));
#4262=CARTESIAN_POINT('Ctrl Pts',(-3.56013264372136,0.636827881562578,-29.));
#4263=CARTESIAN_POINT('Ctrl Pts',(-3.55820278647439,0.65919101649712,-29.));
#4264=CARTESIAN_POINT('Ctrl Pts',(-3.55604809764735,0.681544559383353,-29.));
#4265=CARTESIAN_POINT('Ctrl Pts',(-3.55367017557621,0.703886195888391,-29.));
#4266=CARTESIAN_POINT('Ctrl Pts',(-3.55132656918246,0.725905421326957,-29.));
#4267=CARTESIAN_POINT('Ctrl Pts',(-3.54876540735251,0.747917969508045,-29.));
#4268=CARTESIAN_POINT('Ctrl Pts',(-3.54599224407438,0.769891525539049,-29.));
#4269=CARTESIAN_POINT('Ctrl Pts',(-3.53203911729886,0.880451122021417,-29.));
#4270=CARTESIAN_POINT('Ctrl Pts',(-3.51271177758798,0.990152231637508,-29.));
#4271=CARTESIAN_POINT('Ctrl Pts',(-3.48831652775366,1.09870853208363,-29.));
#4272=CARTESIAN_POINT('Ctrl Pts',(-3.46332906982573,1.20990009636896,-29.));
#4273=CARTESIAN_POINT('Ctrl Pts',(-3.43302459587565,1.31989120893926,-29.));
#4274=CARTESIAN_POINT('Ctrl Pts',(-3.39767850101118,1.42838290609154,-29.));
#4275=CARTESIAN_POINT('Ctrl Pts',(-3.3614506629437,1.53958103564928,-29.));
#4276=CARTESIAN_POINT('Ctrl Pts',(-3.31992643650584,1.64920475803762,-29.));
#4277=CARTESIAN_POINT('Ctrl Pts',(-3.27334776333723,1.75693072379847,-29.));
#4278=CARTESIAN_POINT('Ctrl Pts',(-3.2343206264302,1.84719168934746,-29.));
#4279=CARTESIAN_POINT('Ctrl Pts',(-3.19174402658578,1.93612057573239,-29.));
#4280=CARTESIAN_POINT('Ctrl Pts',(-3.14573291753731,2.02352040456094,-29.));
#4281=CARTESIAN_POINT('Ctrl Pts',(-3.13576649312161,2.04245200186382,-29.));
#4282=CARTESIAN_POINT('Ctrl Pts',(-3.12563883510814,2.06131182183177,-29.));
#4283=CARTESIAN_POINT('Ctrl Pts',(-3.11535096794319,2.08009779903411,-29.));
#4284=CARTESIAN_POINT('Ctrl Pts',(-3.10612540832315,2.09694396840259,-29.));
#4285=CARTESIAN_POINT('Ctrl Pts',(-3.09677517973024,2.11372309872734,-29.));
#4286=CARTESIAN_POINT('Ctrl Pts',(-3.08730412491637,2.13042909231657,-29.));
#4287=CARTESIAN_POINT('Ctrl Pts',(-3.02790793031539,2.23519803999219,-29.));
#4288=CARTESIAN_POINT('Ctrl Pts',(-2.96373131928117,2.33715078656818,-29.));
#4289=CARTESIAN_POINT('Ctrl Pts',(-2.8950497043328,2.43595336668319,-29.));
#4290=CARTESIAN_POINT('Ctrl Pts',(-2.82590465114932,2.53542263020959,-29.));
#4291=CARTESIAN_POINT('Ctrl Pts',(-2.75219327635833,2.63169990428378,-29.));
#4292=CARTESIAN_POINT('Ctrl Pts',(-2.67414608314237,2.72443002102916,-29.));
#4293=CARTESIAN_POINT('Ctrl Pts',(-2.63900996122398,2.76617625882732,-29.));
#4294=CARTESIAN_POINT('Ctrl Pts',(-2.60299444330463,2.80720331874987,-29.));
#4295=CARTESIAN_POINT('Ctrl Pts',(-2.56611751857286,2.84747715057766,-29.));
#4296=CARTESIAN_POINT('Ctrl Pts',(-2.5522745779034,2.86259522966314,-29.));
#4297=CARTESIAN_POINT('Ctrl Pts',(-2.53830828507171,2.87760921474836,-29.));
#4298=CARTESIAN_POINT('Ctrl Pts',(-2.52422610594034,2.89251032058419,-29.));
#4299=CARTESIAN_POINT('Ctrl Pts',(-2.43947094290864,2.9821942851671,-29.));
#4300=CARTESIAN_POINT('Ctrl Pts',(-2.35062398458346,3.06768547681801,-29.));
#4301=CARTESIAN_POINT('Ctrl Pts',(-2.25794481749482,3.14863098153099,-29.));
#4302=CARTESIAN_POINT('Ctrl Pts',(-2.16637937965178,3.2286037608869,-29.));
#4303=CARTESIAN_POINT('Ctrl Pts',(-2.07107280677097,3.30414020867293,-29.));
#4304=CARTESIAN_POINT('Ctrl Pts',(-1.9722321220291,3.3748747519065,-29.));
#4305=CARTESIAN_POINT('Ctrl Pts',(-1.89960553940607,3.42684938322226,-29.));
#4306=CARTESIAN_POINT('Ctrl Pts',(-1.82506994510937,3.47623096579359,-29.));
#4307=CARTESIAN_POINT('Ctrl Pts',(-1.7486944753309,3.52286199445099,-29.));
#4308=CARTESIAN_POINT('Ctrl Pts',(-1.7486944753309,3.52286199445099,-29.));
#4309=CARTESIAN_POINT('Ctrl Pts',(-2.92045807748168,2.94121657640666,-28.9338279608628));
#4310=CARTESIAN_POINT('Ctrl Pts',(-3.76905478353684,1.73398634435895,-28.8676559217256));
#4311=CARTESIAN_POINT('Ctrl Pts',(-3.91423368562179,0.442089966256985,-28.8014838825884));
#4312=CARTESIAN_POINT('Ctrl Pts',(-4.05941258770675,-0.849806411845014,
-28.7353118434511));
#4313=CARTESIAN_POINT('Ctrl Pts',(-3.50117368582146,-2.2263689360013,-28.6691398043139));
#4314=CARTESIAN_POINT('Ctrl Pts',(-2.49309807726348,-3.05116709331321,-28.6029677651767));
#4315=CARTESIAN_POINT('Ctrl Pts',(-1.48502246870552,-3.87596525062512,-28.5367957260395));
#4316=CARTESIAN_POINT('Ctrl Pts',(-0.0271101534749081,-4.14899904109269,
-28.4706236869023));
#4317=CARTESIAN_POINT('Ctrl Pts',(1.21208211679739,-3.74801741944134,-28.4044516477651));
#4318=CARTESIAN_POINT('Ctrl Pts',(2.45127438706967,-3.34703579778999,-28.3382796086278));
#4319=CARTESIAN_POINT('Ctrl Pts',(3.47174661238362,-2.2720387640197,-28.2721075694906));
#4320=CARTESIAN_POINT('Ctrl Pts',(3.80674558660601,-1.01386203029508,-28.2059355303534));
#4321=CARTESIAN_POINT('Ctrl Pts',(3.89411163983248,-0.68573584500739,-28.1886781942472));
#4322=CARTESIAN_POINT('Ctrl Pts',(3.9348558979491,-0.345150870954484,-28.1714208581411));
#4323=CARTESIAN_POINT('Ctrl Pts',(3.93182017187986,-0.00382651703811077,
-28.154163522035));
#4324=CARTESIAN_POINT('Origin',(0.,0.,-16.5));
#4325=CARTESIAN_POINT('Origin',(0.,0.,-29.));
#4326=CARTESIAN_POINT('Origin',(-1.80750038301197E-15,0.,-29.));
#4327=UNCERTAINTY_MEASURE_WITH_UNIT(LENGTH_MEASURE(0.01),#4331,
'DISTANCE_ACCURACY_VALUE',
'Maximum model space distance between geometric entities at asserted c
onnectivities');
#4328=UNCERTAINTY_MEASURE_WITH_UNIT(LENGTH_MEASURE(0.01),#4331,
'DISTANCE_ACCURACY_VALUE',
'Maximum model space distance between geometric entities at asserted c
onnectivities');
#4329=(
GEOMETRIC_REPRESENTATION_CONTEXT(3)
GLOBAL_UNCERTAINTY_ASSIGNED_CONTEXT((#4327))
GLOBAL_UNIT_ASSIGNED_CONTEXT((#4331,#4333,#4334))
REPRESENTATION_CONTEXT('','3D')
);
#4330=(
GEOMETRIC_REPRESENTATION_CONTEXT(3)
GLOBAL_UNCERTAINTY_ASSIGNED_CONTEXT((#4328))
GLOBAL_UNIT_ASSIGNED_CONTEXT((#4331,#4333,#4334))
REPRESENTATION_CONTEXT('','3D')
);
#4331=(
LENGTH_UNIT()
NAMED_UNIT(*)
SI_UNIT(.MILLI.,.METRE.)
);
#4332=(
LENGTH_UNIT()
NAMED_UNIT(*)
SI_UNIT($,.METRE.)
);
#4333=(
NAMED_UNIT(*)
PLANE_ANGLE_UNIT()
SI_UNIT($,.RADIAN.)
);
#4334=(
NAMED_UNIT(*)
SI_UNIT($,.STERADIAN.)
SOLID_ANGLE_UNIT()
);
#4335=SHAPE_DEFINITION_REPRESENTATION(#4336,#4337);
#4336=PRODUCT_DEFINITION_SHAPE('',$,#4339);
#4337=SHAPE_REPRESENTATION('',(#1063),#4329);
#4338=PRODUCT_DEFINITION_CONTEXT('part definition',#4343,'design');
#4339=PRODUCT_DEFINITION('8 x 10 Allen','8 x 10 Allen v1',#4340,#4338);
#4340=PRODUCT_DEFINITION_FORMATION('',$,#4345);
#4341=PRODUCT_RELATED_PRODUCT_CATEGORY('8 x 10 Allen v1',
'8 x 10 Allen v1',(#4345));
#4342=APPLICATION_PROTOCOL_DEFINITION('international standard',
'automotive_design',2009,#4343);
#4343=APPLICATION_CONTEXT(
'Core Data for Automotive Mechanical Design Process');
#4344=PRODUCT_CONTEXT('part definition',#4343,'mechanical');
#4345=PRODUCT('8 x 10 Allen','8 x 10 Allen v1',$,(#4344));
#4346=PRESENTATION_STYLE_ASSIGNMENT((#4347));
#4347=SURFACE_STYLE_USAGE(.BOTH.,#4348);
#4348=SURFACE_SIDE_STYLE('',(#4349));
#4349=SURFACE_STYLE_FILL_AREA(#4350);
#4350=FILL_AREA_STYLE('Steel - Satin',(#4351));
#4351=FILL_AREA_STYLE_COLOUR('Steel - Satin',#4352);
#4352=COLOUR_RGB('Steel - Satin',0.627450980392157,0.627450980392157,0.627450980392157);
ENDSEC;
END-ISO-10303-21;
